model,dataset,idx,label,pred,correct,conf_top1,top5_idx,top5_probs
cm-light,object,0,361,23,0,0.4628024995326996,"[23, 21, 143, 22, 94]","[0.4628024995326996, 0.15368621051311493, 0.1487300992012024, 0.054833222180604935, 0.019575489684939384]"
cm-light,object,1,383,73,0,0.18734081089496613,"[73, 584, 38, 89, 129]","[0.18734081089496613, 0.17778325080871582, 0.07121136784553528, 0.06660587340593338, 0.026792537420988083]"
cm-light,object,2,356,87,0,0.7329620122909546,"[87, 140, 359, 13, 356]","[0.7329620122909546, 0.07882007956504822, 0.062210869044065475, 0.04607256501913071, 0.021551376208662987]"
cm-light,object,3,18,143,0,0.5778753161430359,"[143, 18, 127, 128, 132]","[0.5778753161430359, 0.3136151134967804, 0.027610883116722107, 0.020887095481157303, 0.008758487179875374]"
cm-light,object,4,295,519,0,0.10595042258501053,"[519, 844, 174, 367, 859]","[0.10595042258501053, 0.06536969542503357, 0.04834830388426781, 0.04645996540784836, 0.03566466644406319]"
cm-light,object,5,112,56,0,0.1476634293794632,"[56, 64, 53, 59, 61]","[0.1476634293794632, 0.09513776749372482, 0.07812351733446121, 0.04379286989569664, 0.03972997888922691]"
cm-light,object,6,32,47,0,0.10763650387525558,"[47, 94, 38, 74, 73]","[0.10763650387525558, 0.09787610173225403, 0.08405153453350067, 0.06920534372329712, 0.06029815971851349]"
cm-light,object,7,677,701,0,0.22558335959911346,"[701, 143, 99, 405, 144]","[0.22558335959911346, 0.16755492985248566, 0.13518908619880676, 0.09516948461532593, 0.09276119619607925]"
cm-light,object,8,438,804,0,0.11936591565608978,"[804, 898, 846, 708, 503]","[0.11936591565608978, 0.09341083467006683, 0.07013928890228271, 0.054216399788856506, 0.02670382522046566]"
cm-light,object,9,409,892,0,0.39944368600845337,"[892, 409, 417, 426, 826]","[0.39944368600845337, 0.3743976056575775, 0.055574931204319, 0.035113804042339325, 0.027882404625415802]"
cm-light,object,10,71,307,0,0.0958302915096283,"[307, 80, 143, 141, 138]","[0.0958302915096283, 0.069673091173172, 0.06661077588796616, 0.05124257877469063, 0.044705867767333984]"
cm-light,object,11,850,850,1,0.9518135786056519,"[850, 258, 267, 87, 356]","[0.9518135786056519, 0.007817676290869713, 0.0054900553077459335, 0.004088057670742273, 0.004046727437525988]"
cm-light,object,12,12,12,1,0.9072664976119995,"[12, 140, 94, 701, 142]","[0.9072664976119995, 0.03343682363629341, 0.01091239508241415, 0.007733516860753298, 0.006350991316139698]"
cm-light,object,13,899,846,0,0.2726709842681885,"[846, 883, 503, 899, 604]","[0.2726709842681885, 0.22076979279518127, 0.04544052481651306, 0.0385817214846611, 0.031117144972085953]"
cm-light,object,14,338,177,0,0.07815027236938477,"[177, 338, 256, 87, 205]","[0.07815027236938477, 0.05663587152957916, 0.053605761379003525, 0.0456230528652668, 0.04135819151997566]"
cm-light,object,15,17,17,1,0.5750349164009094,"[17, 92, 11, 14, 21]","[0.5750349164009094, 0.18552877008914948, 0.06571511924266815, 0.05280786380171776, 0.021653959527611732]"
cm-light,object,16,363,701,0,0.15244610607624054,"[701, 64, 318, 42, 129]","[0.15244610607624054, 0.13479803502559662, 0.09352186322212219, 0.07676064968109131, 0.04930366203188896]"
cm-light,object,17,909,478,0,0.2210097461938858,"[478, 492, 499, 769, 419]","[0.2210097461938858, 0.18151754140853882, 0.12220703065395355, 0.09103776514530182, 0.04006370157003403]"
cm-light,object,18,679,679,1,0.5120461583137512,"[679, 63, 883, 326, 600]","[0.5120461583137512, 0.1856851428747177, 0.04815246909856796, 0.02016245760023594, 0.015475524589419365]"
cm-light,object,19,618,731,0,0.049441415816545486,"[731, 263, 715, 546, 13]","[0.049441415816545486, 0.031191930174827576, 0.02702373079955578, 0.02599160186946392, 0.024374786764383316]"
cm-light,object,20,618,731,0,0.28203704953193665,"[731, 546, 600, 420, 451]","[0.28203704953193665, 0.20939236879348755, 0.06930287927389145, 0.044334765523672104, 0.04283321648836136]"
cm-light,object,21,574,574,1,0.5330650210380554,"[574, 818, 852, 600, 87]","[0.5330650210380554, 0.04348818585276604, 0.03546002507209778, 0.030674338340759277, 0.027701543644070625]"
cm-light,object,22,658,614,0,0.2518938481807709,"[614, 806, 448, 619, 411]","[0.2518938481807709, 0.10594406723976135, 0.04698469117283821, 0.04404145106673241, 0.036325398832559586]"
cm-light,object,23,461,23,0,0.5073524713516235,"[23, 461, 87, 524, 701]","[0.5073524713516235, 0.07439756393432617, 0.062044523656368256, 0.03375983610749245, 0.03196786344051361]"
cm-light,object,24,132,132,1,0.6704384684562683,"[132, 89, 127, 129, 21]","[0.6704384684562683, 0.22653889656066895, 0.03758271411061287, 0.020424464717507362, 0.013562241569161415]"
cm-light,object,25,122,584,0,0.42709603905677795,"[584, 94, 45, 611, 139]","[0.42709603905677795, 0.14601071178913116, 0.0481722317636013, 0.04729093611240387, 0.027996569871902466]"
cm-light,object,26,12,319,0,0.4327552318572998,"[319, 94, 92, 21, 139]","[0.4327552318572998, 0.11540398001670837, 0.061088740825653076, 0.04903658479452133, 0.024845648556947708]"
cm-light,object,27,679,679,1,0.6215197443962097,"[679, 488, 512, 895, 815]","[0.6215197443962097, 0.10259933024644852, 0.10160700976848602, 0.02947154827415943, 0.025658518075942993]"
cm-light,object,28,23,23,1,0.18795834481716156,"[23, 80, 138, 144, 93]","[0.18795834481716156, 0.09491180628538132, 0.09008420258760452, 0.07965825498104095, 0.07730159163475037]"
cm-light,object,29,937,909,0,0.26950299739837646,"[909, 924, 100, 567, 544]","[0.26950299739837646, 0.12263690680265427, 0.08697909116744995, 0.08196317404508591, 0.07830218970775604]"
cm-light,object,30,679,70,0,0.22509030997753143,"[70, 129, 94, 313, 679]","[0.22509030997753143, 0.08741573244333267, 0.08199332654476166, 0.06308356672525406, 0.061449769884347916]"
cm-light,object,31,335,182,0,0.14736515283584595,"[182, 94, 261, 141, 281]","[0.14736515283584595, 0.14629115164279938, 0.11953197419643402, 0.03783322125673294, 0.03667750582098961]"
cm-light,object,32,76,895,0,0.3339935839176178,"[895, 75, 128, 908, 21]","[0.3339935839176178, 0.3247925639152527, 0.09957052022218704, 0.024966521188616753, 0.01949336938560009]"
cm-light,object,33,851,851,1,0.2183292955160141,"[851, 899, 592, 859, 748]","[0.2183292955160141, 0.05949150025844574, 0.05494970455765724, 0.046169623732566833, 0.03508847579360008]"
cm-light,object,34,770,922,0,0.40271809697151184,"[922, 852, 563, 478, 838]","[0.40271809697151184, 0.08933000266551971, 0.03773070499300957, 0.02424704097211361, 0.02303650975227356]"
cm-light,object,35,122,10,0,0.49143368005752563,"[10, 15, 90, 11, 133]","[0.49143368005752563, 0.28000888228416443, 0.08158675581216812, 0.03082132712006569, 0.016982190310955048]"
cm-light,object,36,712,828,0,0.7833897471427917,"[828, 712, 618, 787, 633]","[0.7833897471427917, 0.14391596615314484, 0.021830687299370766, 0.01916978880763054, 0.004605174530297518]"
cm-light,object,37,852,852,1,0.16806969046592712,"[852, 417, 952, 951, 429]","[0.16806969046592712, 0.1518242508172989, 0.13400042057037354, 0.12060433626174927, 0.057231221348047256]"
cm-light,object,38,12,92,0,0.2111220508813858,"[92, 16, 12, 10, 94]","[0.2111220508813858, 0.20182541012763977, 0.19161748886108398, 0.10247921943664551, 0.06443029642105103]"
cm-light,object,39,849,849,1,0.34995928406715393,"[849, 818, 461, 691, 899]","[0.34995928406715393, 0.17426879703998566, 0.05551939085125923, 0.046938441693782806, 0.03970789909362793]"
cm-light,object,40,606,895,0,0.11727169901132584,"[895, 87, 812, 600, 900]","[0.11727169901132584, 0.07547709345817566, 0.055154960602521896, 0.05431969836354256, 0.049800846725702286]"
cm-light,object,41,87,87,1,0.958833634853363,"[87, 701, 94, 21, 23]","[0.958833634853363, 0.005173103418201208, 0.003736353712156415, 0.0026911445893347263, 0.0016458772588521242]"
cm-light,object,42,491,491,1,0.992230236530304,"[491, 740, 517, 404, 613]","[0.992230236530304, 0.003840188030153513, 0.0007763806497678161, 0.00031963729998096824, 0.00022240664111450315]"
cm-light,object,43,964,931,0,0.22938907146453857,"[931, 962, 5, 964, 965]","[0.22938907146453857, 0.16857711970806122, 0.10738338530063629, 0.09183218330144882, 0.0731336921453476]"
cm-light,object,44,635,426,0,0.6371940970420837,"[426, 892, 635, 409, 818]","[0.6371940970420837, 0.2562079131603241, 0.04672696068882942, 0.03459400311112404, 0.006175225600600243]"
cm-light,object,45,335,335,1,0.5790790319442749,"[335, 272, 191, 274, 267]","[0.5790790319442749, 0.03722440451383591, 0.01984492875635624, 0.01729433797299862, 0.01681874878704548]"
cm-light,object,46,825,87,0,0.8922815322875977,"[87, 42, 21, 81, 19]","[0.8922815322875977, 0.023068130016326904, 0.016145378351211548, 0.01052029523998499, 0.006157308351248503]"
cm-light,object,47,863,863,1,0.957102358341217,"[863, 619, 846, 733, 488]","[0.957102358341217, 0.00870553683489561, 0.007795076351612806, 0.004582156892865896, 0.0018396124942228198]"
cm-light,object,48,839,319,0,0.24383977055549622,"[319, 320, 845, 517, 92]","[0.24383977055549622, 0.1414533406496048, 0.06770901381969452, 0.048995863646268845, 0.04252220690250397]"
cm-light,object,49,257,127,0,0.16672904789447784,"[127, 812, 895, 134, 21]","[0.16672904789447784, 0.13114199042320251, 0.06612389534711838, 0.058070383965969086, 0.05697724223136902]"
cm-light,object,50,185,12,0,0.40972232818603516,"[12, 191, 73, 21, 185]","[0.40972232818603516, 0.04636019095778465, 0.038514502346515656, 0.03344177082180977, 0.03278931975364685]"
cm-light,object,51,489,839,0,0.1257939338684082,"[839, 821, 913, 134, 812]","[0.1257939338684082, 0.08347064256668091, 0.07644274085760117, 0.04636135324835777, 0.03334946930408478]"
cm-light,object,52,609,812,0,0.09830306470394135,"[812, 87, 405, 696, 805]","[0.09830306470394135, 0.05881526693701744, 0.04031207785010338, 0.033999111503362656, 0.033996857702732086]"
cm-light,object,53,847,783,0,0.18276898562908173,"[783, 584, 87, 319, 701]","[0.18276898562908173, 0.09356726706027985, 0.062474921345710754, 0.05628558620810509, 0.031632199883461]"
cm-light,object,54,544,701,0,0.42589059472084045,"[701, 53, 143, 128, 91]","[0.42589059472084045, 0.06854212284088135, 0.034620992839336395, 0.027446893975138664, 0.02326543629169464]"
cm-light,object,55,179,143,0,0.510518491268158,"[143, 23, 128, 80, 22]","[0.510518491268158, 0.1702883392572403, 0.06755886971950531, 0.044400766491889954, 0.04298949986696243]"
cm-light,object,56,174,701,0,0.4857093095779419,"[701, 261, 584, 417, 42]","[0.4857093095779419, 0.060241732746362686, 0.03654567152261734, 0.0314532108604908, 0.017624692991375923]"
cm-light,object,57,349,127,0,0.4580705165863037,"[127, 129, 21, 132, 12]","[0.4580705165863037, 0.3173978626728058, 0.12828803062438965, 0.01922745630145073, 0.012207387946546078]"
cm-light,object,58,277,94,0,0.5851072072982788,"[94, 277, 92, 141, 272]","[0.5851072072982788, 0.1029200553894043, 0.07904991507530212, 0.03465466573834419, 0.024674585089087486]"
cm-light,object,59,518,701,0,0.6684675812721252,"[701, 417, 358, 852, 42]","[0.6684675812721252, 0.21888954937458038, 0.00956310797482729, 0.008449940010905266, 0.007849088869988918]"
cm-light,object,60,958,701,0,0.391093909740448,"[701, 405, 812, 549, 920]","[0.391093909740448, 0.2842675745487213, 0.0171146709471941, 0.016970662400126457, 0.016710344702005386]"
cm-light,object,61,385,354,0,0.46495455503463745,"[354, 129, 178, 348, 130]","[0.46495455503463745, 0.2389030009508133, 0.06470395624637604, 0.0414508692920208, 0.03379686549305916]"
cm-light,object,62,830,553,0,0.18160080909729004,"[553, 404, 127, 143, 132]","[0.18160080909729004, 0.11506354063749313, 0.0997997522354126, 0.06178314611315727, 0.051537588238716125]"
cm-light,object,63,132,132,1,0.7468036413192749,"[132, 129, 89, 146, 127]","[0.7468036413192749, 0.16870996356010437, 0.023638227954506874, 0.021866122260689735, 0.012815481051802635]"
cm-light,object,64,354,354,1,0.4946540892124176,"[354, 21, 80, 126, 349]","[0.4946540892124176, 0.14777469635009766, 0.05489618703722954, 0.028971770778298378, 0.027620889246463776]"
cm-light,object,65,879,584,0,0.10198824107646942,"[584, 611, 610, 47, 908]","[0.10198824107646942, 0.09868259727954865, 0.07727914303541183, 0.04887934401631355, 0.048608701676130295]"
cm-light,object,66,807,807,1,0.38695746660232544,"[807, 696, 319, 94, 839]","[0.38695746660232544, 0.1501953899860382, 0.14520373940467834, 0.04943456873297691, 0.04727793484926224]"
cm-light,object,67,863,863,1,0.10881999880075455,"[863, 683, 783, 845, 781]","[0.10881999880075455, 0.08125832676887512, 0.06444863229990005, 0.05986495688557625, 0.037640806287527084]"
cm-light,object,68,821,92,0,0.32372963428497314,"[92, 534, 132, 319, 517]","[0.32372963428497314, 0.11781533062458038, 0.05735200271010399, 0.0343007855117321, 0.030133824795484543]"
cm-light,object,69,656,405,0,0.5342762470245361,"[405, 812, 895, 783, 609]","[0.5342762470245361, 0.11790710687637329, 0.11166202276945114, 0.041545137763023376, 0.031400375068187714]"
cm-light,object,70,614,87,0,0.15277555584907532,"[87, 21, 88, 616, 824]","[0.15277555584907532, 0.1401718705892563, 0.09966878592967987, 0.04866361990571022, 0.037618570029735565]"
cm-light,object,71,294,276,0,0.19647561013698578,"[276, 246, 357, 94, 100]","[0.19647561013698578, 0.08129530400037766, 0.06921176612377167, 0.06580600142478943, 0.057805608958005905]"
cm-light,object,72,870,138,0,0.2566319406032562,"[138, 432, 127, 92, 513]","[0.2566319406032562, 0.08291906118392944, 0.06213662773370743, 0.05638289079070091, 0.0294202733784914]"
cm-light,object,73,346,350,0,0.25277239084243774,"[350, 129, 21, 354, 51]","[0.25277239084243774, 0.18446052074432373, 0.07405458390712738, 0.07253634929656982, 0.06457345932722092]"
cm-light,object,74,194,177,0,0.2013445645570755,"[177, 233, 198, 269, 170]","[0.2013445645570755, 0.1694227159023285, 0.09980776906013489, 0.0479644350707531, 0.04620491713285446]"
cm-light,object,75,287,141,0,0.22471436858177185,"[141, 318, 13, 287, 94]","[0.22471436858177185, 0.19642768800258636, 0.06607409566640854, 0.06526277959346771, 0.041261687874794006]"
cm-light,object,76,295,87,0,0.2967863380908966,"[87, 267, 177, 367, 23]","[0.2967863380908966, 0.11290950328111649, 0.06050870567560196, 0.04312159866094589, 0.030969733372330666]"
cm-light,object,77,92,92,1,0.4390389323234558,"[92, 319, 94, 320, 21]","[0.4390389323234558, 0.20891623198986053, 0.06819960474967957, 0.06125670298933983, 0.051827993243932724]"
cm-light,object,78,17,701,0,0.1920919567346573,"[701, 73, 783, 42, 319]","[0.1920919567346573, 0.15700936317443848, 0.0954684168100357, 0.050190843641757965, 0.03124210797250271]"
cm-light,object,79,105,87,0,0.13110315799713135,"[87, 144, 23, 97, 94]","[0.13110315799713135, 0.10224287211894989, 0.08598610758781433, 0.04894670844078064, 0.047017619013786316]"
cm-light,object,80,356,21,0,0.2713771462440491,"[21, 170, 94, 350, 177]","[0.2713771462440491, 0.15080836415290833, 0.11964765191078186, 0.0707227811217308, 0.07003875821828842]"
cm-light,object,81,14,701,0,0.2659662961959839,"[701, 21, 23, 14, 127]","[0.2659662961959839, 0.0837172344326973, 0.07150668650865555, 0.0687435045838356, 0.06369119882583618]"
cm-light,object,82,378,21,0,0.40140730142593384,"[21, 23, 358, 22, 701]","[0.40140730142593384, 0.23953038454055786, 0.09389013051986694, 0.06524807214736938, 0.03995036706328392]"
cm-light,object,83,59,92,0,0.19440819323062897,"[92, 141, 135, 93, 111]","[0.19440819323062897, 0.12723644077777863, 0.07173915207386017, 0.06450199335813522, 0.057400185614824295]"
cm-light,object,84,95,95,1,0.6721147894859314,"[95, 94, 21, 92, 16]","[0.6721147894859314, 0.30294325947761536, 0.006141692865639925, 0.005547991022467613, 0.0024257239419966936]"
cm-light,object,85,95,95,1,0.7612370848655701,"[95, 92, 94, 12, 21]","[0.7612370848655701, 0.15504468977451324, 0.03359164670109749, 0.012422309257090092, 0.0046233488246798515]"
cm-light,object,86,379,128,0,0.5466457605361938,"[128, 895, 95, 701, 143]","[0.5466457605361938, 0.10665353387594223, 0.056792452931404114, 0.03633992001414299, 0.035749852657318115]"
cm-light,object,87,382,382,1,0.7352028489112854,"[382, 87, 377, 171, 335]","[0.7352028489112854, 0.19567182660102844, 0.009824974462389946, 0.006856504362076521, 0.00637871352955699]"
cm-light,object,88,10,10,1,0.8987178206443787,"[10, 12, 701, 11, 301]","[0.8987178206443787, 0.032060954719781876, 0.02899627760052681, 0.020405670627951622, 0.004660294856876135]"
cm-light,object,89,383,383,1,0.886858344078064,"[383, 105, 384, 87, 198]","[0.886858344078064, 0.01767965406179428, 0.01618565246462822, 0.011448432691395283, 0.0074408468790352345]"
cm-light,object,90,378,701,0,0.42224758863449097,"[701, 21, 143, 23, 94]","[0.42224758863449097, 0.12675005197525024, 0.0714908167719841, 0.061733637005090714, 0.044401172548532486]"
cm-light,object,91,376,129,0,0.25770142674446106,"[129, 21, 701, 12, 699]","[0.25770142674446106, 0.1719561666250229, 0.1316603124141693, 0.07586263120174408, 0.028895558789372444]"
cm-light,object,92,21,21,1,0.15783025324344635,"[21, 22, 701, 23, 128]","[0.15783025324344635, 0.15689648687839508, 0.10321593284606934, 0.08587967604398727, 0.04755624756217003]"
cm-light,object,93,275,94,0,0.23054219782352448,"[94, 21, 275, 23, 358]","[0.23054219782352448, 0.2048557549715042, 0.13882796466350555, 0.06926410645246506, 0.023895617574453354]"
cm-light,object,94,85,128,0,0.15949299931526184,"[128, 92, 143, 141, 134]","[0.15949299931526184, 0.09543965756893158, 0.0893794521689415, 0.07420368492603302, 0.07022790610790253]"
cm-light,object,95,383,17,0,0.28862056136131287,"[17, 552, 87, 14, 13]","[0.28862056136131287, 0.16322465240955353, 0.06726112216711044, 0.03344806656241417, 0.03169681876897812]"
cm-light,object,96,18,18,1,0.3088303506374359,"[18, 95, 128, 895, 319]","[0.3088303506374359, 0.1452609896659851, 0.14227093756198883, 0.08620285987854004, 0.03270350769162178]"
cm-light,object,97,326,326,1,0.9723235964775085,"[326, 141, 140, 142, 451]","[0.9723235964775085, 0.011982000432908535, 0.0020823697559535503, 0.0010877834865823388, 0.0010392123367637396]"
cm-light,object,98,379,23,0,0.2172006219625473,"[23, 21, 895, 177, 22]","[0.2172006219625473, 0.10506782680749893, 0.052059195935726166, 0.0378204882144928, 0.036475155502557755]"
cm-light,object,99,378,128,0,0.4498465061187744,"[128, 23, 701, 21, 22]","[0.4498465061187744, 0.1650213748216629, 0.05963747575879097, 0.03926870971918106, 0.03921402990818024]"
cm-light,object,100,378,701,0,0.8024605512619019,"[701, 21, 128, 143, 23]","[0.8024605512619019, 0.0525878369808197, 0.026592565700411797, 0.019588090479373932, 0.014064333401620388]"
cm-light,object,101,379,94,0,0.2124696522951126,"[94, 21, 367, 381, 95]","[0.2124696522951126, 0.11070968955755234, 0.09445058554410934, 0.05192368105053902, 0.047278132289648056]"
cm-light,object,102,12,12,1,0.9960289001464844,"[12, 140, 15, 10, 14]","[0.9960289001464844, 0.0011538660619407892, 0.0005763162625953555, 0.000515989086125046, 0.0002598357095848769]"
cm-light,object,103,18,143,0,0.6121348142623901,"[143, 92, 18, 701, 128]","[0.6121348142623901, 0.12437565624713898, 0.044208627194166183, 0.026319993659853935, 0.02328922040760517]"
cm-light,object,104,428,806,0,0.10180171579122543,"[806, 94, 723, 658, 533]","[0.10180171579122543, 0.09399769455194473, 0.09224662184715271, 0.043314941227436066, 0.038334399461746216]"
cm-light,object,105,376,21,0,0.2310744822025299,"[21, 129, 89, 141, 94]","[0.2310744822025299, 0.12777145206928253, 0.06852465122938156, 0.05531319975852966, 0.04670742526650429]"
cm-light,object,106,379,143,0,0.21838775277137756,"[143, 21, 22, 87, 23]","[0.21838775277137756, 0.18078495562076569, 0.17709243297576904, 0.12110515683889389, 0.07555235922336578]"
cm-light,object,107,19,92,0,0.5944210886955261,"[92, 21, 11, 10, 127]","[0.5944210886955261, 0.07855908572673798, 0.06516405194997787, 0.03773050010204315, 0.028877928853034973]"
cm-light,object,108,18,16,0,0.14351338148117065,"[16, 21, 89, 139, 94]","[0.14351338148117065, 0.08410374820232391, 0.07929424941539764, 0.06973004341125488, 0.06360398232936859]"
cm-light,object,109,95,95,1,0.9503326416015625,"[95, 92, 94, 12, 88]","[0.9503326416015625, 0.03760635480284691, 0.005602947901934385, 0.0011425081174820662, 0.0004414934664964676]"
cm-light,object,110,95,92,0,0.25248268246650696,"[92, 95, 94, 14, 701]","[0.25248268246650696, 0.2447962760925293, 0.06205613911151886, 0.040327440947294235, 0.024373136460781097]"
cm-light,object,111,17,16,0,0.33421599864959717,"[16, 92, 10, 17, 701]","[0.33421599864959717, 0.18061818182468414, 0.1527395397424698, 0.09158425778150558, 0.03584422543644905]"
cm-light,object,112,232,200,0,0.7515501976013184,"[200, 155, 232, 217, 196]","[0.7515501976013184, 0.055524569004774094, 0.04639977589249611, 0.0437830314040184, 0.02791604772210121]"
cm-light,object,113,382,382,1,0.2974998652935028,"[382, 377, 381, 356, 373]","[0.2974998652935028, 0.05269590765237808, 0.04418964684009552, 0.03453865647315979, 0.03079662285745144]"
cm-light,object,114,622,405,0,0.3129604160785675,"[405, 701, 818, 404, 512]","[0.3129604160785675, 0.09866735339164734, 0.08552142232656479, 0.03487533703446388, 0.03191772848367691]"
cm-light,object,115,372,335,0,0.351987361907959,"[335, 298, 280, 348, 299]","[0.351987361907959, 0.17014116048812866, 0.07578947395086288, 0.04958903416991234, 0.04429415985941887]"
cm-light,object,116,313,313,1,0.7837666869163513,"[313, 892, 132, 733, 600]","[0.7837666869163513, 0.08542695641517639, 0.024708114564418793, 0.013747009448707104, 0.01359752006828785]"
cm-light,object,117,18,895,0,0.28723400831222534,"[895, 143, 404, 701, 405]","[0.28723400831222534, 0.26430544257164, 0.14912278950214386, 0.12026084214448929, 0.04695504158735275]"
cm-light,object,118,919,729,0,0.11729106307029724,"[729, 478, 999, 919, 553]","[0.11729106307029724, 0.09528341889381409, 0.08256227523088455, 0.0759088471531868, 0.060681916773319244]"
cm-light,object,119,92,92,1,0.986287534236908,"[92, 21, 94, 12, 11]","[0.986287534236908, 0.0032763397321105003, 0.0015901984879747033, 0.0015243038069456816, 0.0013789953663945198]"
cm-light,object,120,75,75,1,0.19364693760871887,"[75, 14, 90, 128, 95]","[0.19364693760871887, 0.1866517961025238, 0.17614175379276276, 0.08628316968679428, 0.08432791382074356]"
cm-light,object,121,379,21,0,0.09146091341972351,"[21, 895, 88, 42, 47]","[0.09146091341972351, 0.08549365401268005, 0.07862476259469986, 0.05206502601504326, 0.05121668428182602]"
cm-light,object,122,272,189,0,0.6737931370735168,"[189, 188, 335, 89, 273]","[0.6737931370735168, 0.05715542659163475, 0.0276230126619339, 0.02356368862092495, 0.022283924743533134]"
cm-light,object,123,86,12,0,0.268508642911911,"[12, 21, 14, 92, 307]","[0.268508642911911, 0.1385645717382431, 0.07176654785871506, 0.04991212487220764, 0.04495968297123909]"
cm-light,object,124,275,94,0,0.5340723395347595,"[94, 21, 23, 275, 255]","[0.5340723395347595, 0.17944954335689545, 0.10500533133745193, 0.03353161737322807, 0.02340558171272278]"
cm-light,object,125,387,21,0,0.19003836810588837,"[21, 94, 87, 12, 23]","[0.19003836810588837, 0.12503449618816376, 0.07096786797046661, 0.06101597100496292, 0.056434266269207]"
cm-light,object,126,12,12,1,0.2780386507511139,"[12, 701, 11, 92, 22]","[0.2780386507511139, 0.24391497671604156, 0.1815277636051178, 0.08588136732578278, 0.020436016842722893]"
cm-light,object,127,17,701,0,0.11409816145896912,"[701, 708, 23, 87, 94]","[0.11409816145896912, 0.09842472523450851, 0.07870794832706451, 0.07778303325176239, 0.0480102114379406]"
cm-light,object,128,899,883,0,0.4538241922855377,"[883, 708, 899, 725, 94]","[0.4538241922855377, 0.10565327107906342, 0.094075508415699, 0.059654030948877335, 0.028722012415528297]"
cm-light,object,129,365,12,0,0.09688610583543777,"[12, 21, 275, 10, 63]","[0.09688610583543777, 0.09572967886924744, 0.07821951806545258, 0.05621499940752983, 0.05519955977797508]"
cm-light,object,130,335,92,0,0.16287575662136078,"[92, 701, 21, 12, 11]","[0.16287575662136078, 0.14670783281326294, 0.13658863306045532, 0.08557098358869553, 0.04531526938080788]"
cm-light,object,131,23,87,0,0.2243966907262802,"[87, 21, 138, 10, 23]","[0.2243966907262802, 0.07894580066204071, 0.06243203580379486, 0.06117435544729233, 0.05731003358960152]"
cm-light,object,132,379,21,0,0.23105411231517792,"[21, 23, 895, 99, 128]","[0.23105411231517792, 0.18891099095344543, 0.1295253336429596, 0.051504574716091156, 0.047973353415727615]"
cm-light,object,133,988,701,0,0.5940337777137756,"[701, 12, 417, 677, 852]","[0.5940337777137756, 0.06466172635555267, 0.05858856439590454, 0.05350017175078392, 0.01383402943611145]"
cm-light,object,134,988,701,0,0.15689605474472046,"[701, 417, 22, 359, 852]","[0.15689605474472046, 0.14523568749427795, 0.12005238234996796, 0.0658065602183342, 0.06330691277980804]"
cm-light,object,135,17,11,0,0.2687079608440399,"[11, 14, 92, 127, 12]","[0.2687079608440399, 0.18744996190071106, 0.125135138630867, 0.08399838954210281, 0.054914336651563644]"
cm-light,object,136,18,128,0,0.24740958213806152,"[128, 18, 143, 127, 92]","[0.24740958213806152, 0.1739315241575241, 0.14934024214744568, 0.11675872653722763, 0.032023850828409195]"
cm-light,object,137,39,21,0,0.15454064309597015,"[21, 23, 12, 701, 783]","[0.15454064309597015, 0.09492386877536774, 0.07455756515264511, 0.06786400824785233, 0.04114678502082825]"
cm-light,object,138,335,94,0,0.4397282004356384,"[94, 21, 13, 80, 11]","[0.4397282004356384, 0.21627415716648102, 0.04307497665286064, 0.027544623240828514, 0.02750842086970806]"
cm-light,object,139,376,11,0,0.2139926552772522,"[11, 92, 701, 129, 22]","[0.2139926552772522, 0.16082429885864258, 0.1556941121816635, 0.1066121831536293, 0.10034389048814774]"
cm-light,object,140,18,143,0,0.41527214646339417,"[143, 895, 261, 701, 404]","[0.41527214646339417, 0.1274997740983963, 0.06109542027115822, 0.05705324560403824, 0.030092716217041016]"
cm-light,object,141,134,129,0,0.4359923005104065,"[129, 127, 89, 132, 146]","[0.4359923005104065, 0.3296533524990082, 0.13555705547332764, 0.06477715820074081, 0.011236311867833138]"
cm-light,object,142,294,21,0,0.2030770629644394,"[21, 23, 22, 170, 94]","[0.2030770629644394, 0.19950619339942932, 0.10041852295398712, 0.036623358726501465, 0.03598449379205704]"
cm-light,object,143,472,404,0,0.35974714159965515,"[404, 908, 895, 405, 129]","[0.35974714159965515, 0.1164890006184578, 0.1002892479300499, 0.09434295445680618, 0.04686712101101875]"
cm-light,object,144,354,354,1,0.9748331904411316,"[354, 993, 10, 91, 172]","[0.9748331904411316, 0.003341220784932375, 0.0015884721651673317, 0.0015452944207936525, 0.001490662689320743]"
cm-light,object,145,134,141,0,0.6806508302688599,"[141, 140, 94, 307, 142]","[0.6806508302688599, 0.08423038572072983, 0.07795782387256622, 0.07576227933168411, 0.03520818054676056]"
cm-light,object,146,821,319,0,0.41131481528282166,"[319, 320, 821, 95, 59]","[0.41131481528282166, 0.13456103205680847, 0.07839637249708176, 0.03583070635795593, 0.024653881788253784]"
cm-light,object,147,391,40,0,0.23775257170200348,"[40, 129, 46, 132, 59]","[0.23775257170200348, 0.18639357388019562, 0.08634502440690994, 0.044532570987939835, 0.041150908917188644]"
cm-light,object,148,391,127,0,0.32495370507240295,"[127, 129, 21, 144, 317]","[0.32495370507240295, 0.2917255759239197, 0.09123939275741577, 0.04480050131678581, 0.03963256627321243]"
cm-light,object,149,821,87,0,0.11618111282587051,"[87, 404, 620, 144, 557]","[0.11618111282587051, 0.09928876906633377, 0.053821317851543427, 0.046153757721185684, 0.04246720299124718]"
cm-light,object,150,576,442,0,0.13163569569587708,"[442, 863, 517, 557, 614]","[0.13163569569587708, 0.1292109489440918, 0.12175705283880234, 0.06340011209249496, 0.04892676696181297]"
cm-light,object,151,140,140,1,0.5295976996421814,"[140, 12, 94, 143, 141]","[0.5295976996421814, 0.09770102798938751, 0.08848989009857178, 0.05684683471918106, 0.05021004006266594]"
cm-light,object,152,852,94,0,0.1655641496181488,"[94, 307, 139, 56, 304]","[0.1655641496181488, 0.10769592225551605, 0.10547198355197906, 0.07012467086315155, 0.05642978474497795]"
cm-light,object,153,576,319,0,0.3844141960144043,"[319, 404, 12, 895, 313]","[0.3844141960144043, 0.042271386831998825, 0.04183437302708626, 0.03216608986258507, 0.023563003167510033]"
cm-light,object,154,472,404,0,0.1090414971113205,"[404, 143, 319, 701, 94]","[0.1090414971113205, 0.1056532934308052, 0.07765951007604599, 0.07632779330015182, 0.06549191474914551]"
cm-light,object,155,258,203,0,0.33961695432662964,"[203, 258, 270, 22, 283]","[0.33961695432662964, 0.22844116389751434, 0.13385532796382904, 0.05775301903486252, 0.041269224137067795]"
cm-light,object,156,143,143,1,0.9128106832504272,"[143, 128, 141, 12, 92]","[0.9128106832504272, 0.021316448226571083, 0.011784900911152363, 0.009970810264348984, 0.009076959453523159]"
cm-light,object,157,198,812,0,0.18699316680431366,"[812, 21, 143, 80, 763]","[0.18699316680431366, 0.1441500037908554, 0.07663214951753616, 0.05880136415362358, 0.049628183245658875]"
cm-light,object,158,236,42,0,0.12542837858200073,"[42, 47, 136, 90, 92]","[0.12542837858200073, 0.11904166638851166, 0.06505103409290314, 0.04094786196947098, 0.03898540511727333]"
cm-light,object,159,576,895,0,0.4188547134399414,"[895, 404, 405, 701, 138]","[0.4188547134399414, 0.1394769847393036, 0.06989072263240814, 0.046537548303604126, 0.02983175776898861]"
cm-light,object,160,483,261,0,0.30937501788139343,"[261, 21, 23, 87, 812]","[0.30937501788139343, 0.11983245611190796, 0.0946577861905098, 0.060058481991291046, 0.05318402871489525]"
cm-light,object,161,727,87,0,0.14449070394039154,"[87, 701, 21, 95, 812]","[0.14449070394039154, 0.07929296046495438, 0.07683296501636505, 0.06066646799445152, 0.06056579574942589]"
cm-light,object,162,238,701,0,0.3387523293495178,"[701, 143, 23, 261, 87]","[0.3387523293495178, 0.0562736950814724, 0.05358049273490906, 0.046619217842817307, 0.04560965672135353]"
cm-light,object,163,385,87,0,0.17056089639663696,"[87, 184, 21, 94, 182]","[0.17056089639663696, 0.08918000012636185, 0.06031450629234314, 0.04002129286527634, 0.03123599849641323]"
cm-light,object,164,472,404,0,0.3825143873691559,"[404, 812, 405, 895, 908]","[0.3825143873691559, 0.25391778349876404, 0.09938264638185501, 0.07491721957921982, 0.023749737069010735]"
cm-light,object,165,140,701,0,0.5704742074012756,"[701, 143, 405, 138, 78]","[0.5704742074012756, 0.056971389800310135, 0.03981668874621391, 0.037632059305906296, 0.030777519568800926]"
cm-light,object,166,352,701,0,0.24047544598579407,"[701, 92, 315, 451, 129]","[0.24047544598579407, 0.1966249793767929, 0.06112700700759888, 0.05180874839425087, 0.04815484583377838]"
cm-light,object,167,292,73,0,0.12220161408185959,"[73, 701, 21, 309, 12]","[0.12220161408185959, 0.09219671040773392, 0.08488861471414566, 0.0720810741186142, 0.04782908409833908]"
cm-light,object,168,806,701,0,0.22052516043186188,"[701, 812, 699, 92, 585]","[0.22052516043186188, 0.21367305517196655, 0.056305985897779465, 0.020816422998905182, 0.01673717238008976]"
cm-light,object,169,449,701,0,0.13191363215446472,"[701, 549, 462, 499, 699]","[0.13191363215446472, 0.10442414879798889, 0.027874307706952095, 0.022396760061383247, 0.021540122106671333]"
cm-light,object,170,164,701,0,0.3541280925273895,"[701, 87, 21, 261, 143]","[0.3541280925273895, 0.041909996420145035, 0.0358649417757988, 0.03305263817310333, 0.02889588102698326]"
cm-light,object,171,909,812,0,0.10882124304771423,"[812, 127, 13, 128, 80]","[0.10882124304771423, 0.09957507252693176, 0.0752662867307663, 0.03934231027960777, 0.03905973955988884]"
cm-light,object,172,576,895,0,0.6372148990631104,"[895, 404, 814, 576, 488]","[0.6372148990631104, 0.10052172839641571, 0.046898722648620605, 0.023722775280475616, 0.01875758357346058]"
cm-light,object,173,727,812,0,0.23232121765613556,"[812, 405, 846, 593, 404]","[0.23232121765613556, 0.08508701622486115, 0.07713161408901215, 0.05890403315424919, 0.048794470727443695]"
cm-light,object,174,223,143,0,0.2643798589706421,"[143, 128, 21, 23, 701]","[0.2643798589706421, 0.20218540728092194, 0.15272776782512665, 0.06599488109350204, 0.054608725011348724]"
cm-light,object,175,132,132,1,0.9254721403121948,"[132, 129, 89, 146, 134]","[0.9254721403121948, 0.011010479182004929, 0.008740302175283432, 0.007350434549152851, 0.0035986779257655144]"
cm-light,object,176,576,128,0,0.09087342023849487,"[128, 129, 701, 261, 404]","[0.09087342023849487, 0.07235541939735413, 0.05043143033981323, 0.04060087352991104, 0.0326748788356781]"
cm-light,object,177,391,94,0,0.36927330493927,"[94, 87, 319, 141, 315]","[0.36927330493927, 0.18297742307186127, 0.1393943876028061, 0.020280813798308372, 0.018369663506746292]"
cm-light,object,178,708,812,0,0.0806969404220581,"[812, 898, 767, 696, 553]","[0.0806969404220581, 0.06939636915922165, 0.032541342079639435, 0.026013094931840897, 0.021767862141132355]"
cm-light,object,179,132,132,1,0.5844466090202332,"[132, 129, 146, 144, 701]","[0.5844466090202332, 0.08974608033895493, 0.056563131511211395, 0.0341273732483387, 0.03319215402007103]"
cm-light,object,180,576,895,0,0.2711334824562073,"[895, 319, 144, 456, 87]","[0.2711334824562073, 0.1358962506055832, 0.0333193875849247, 0.01734752766788006, 0.01728961430490017]"
cm-light,object,181,143,143,1,0.857062041759491,"[143, 21, 701, 128, 405]","[0.857062041759491, 0.03324049338698387, 0.026344288140535355, 0.020589731633663177, 0.009643755853176117]"
cm-light,object,182,842,701,0,0.46865585446357727,"[701, 405, 21, 895, 144]","[0.46865585446357727, 0.08037124574184418, 0.06934654712677002, 0.059941280633211136, 0.05639684572815895]"
cm-light,object,183,372,21,0,0.20891772210597992,"[21, 701, 92, 23, 94]","[0.20891772210597992, 0.1492615044116974, 0.08401581645011902, 0.08178994804620743, 0.07360544800758362]"
cm-light,object,184,36,138,0,0.18343885242938995,"[138, 141, 319, 308, 59]","[0.18343885242938995, 0.0962529107928276, 0.06973059475421906, 0.05469037592411041, 0.036525048315525055]"
cm-light,object,185,660,701,0,0.841541051864624,"[701, 895, 405, 404, 657]","[0.841541051864624, 0.046487364917993546, 0.01922566071152687, 0.017072120681405067, 0.006454909220337868]"
cm-light,object,186,821,92,0,0.12538844347000122,"[92, 111, 320, 404, 132]","[0.12538844347000122, 0.11150205135345459, 0.09493717551231384, 0.06829647719860077, 0.0639362707734108]"
cm-light,object,187,449,812,0,0.14085151255130768,"[812, 405, 701, 771, 517]","[0.14085151255130768, 0.13674774765968323, 0.08518742024898529, 0.07400992512702942, 0.03562526777386665]"
cm-light,object,188,131,12,0,0.14557720720767975,"[12, 140, 14, 94, 21]","[0.14557720720767975, 0.14479531347751617, 0.07121772319078445, 0.06093712896108627, 0.043853629380464554]"
cm-light,object,189,576,895,0,0.5864195823669434,"[895, 404, 143, 23, 600]","[0.5864195823669434, 0.201320081949234, 0.022090883925557137, 0.019321337342262268, 0.014795418828725815]"
cm-light,object,190,140,140,1,0.7302564978599548,"[140, 142, 12, 141, 318]","[0.7302564978599548, 0.23674742877483368, 0.01508849672973156, 0.013480685651302338, 0.0005373751628212631]"
cm-light,object,191,576,517,0,0.5874740481376648,"[517, 484, 448, 900, 432]","[0.5874740481376648, 0.0891299694776535, 0.047423094511032104, 0.03283298388123512, 0.022366780787706375]"
cm-light,object,192,355,94,0,0.3002703785896301,"[94, 92, 21, 95, 13]","[0.3002703785896301, 0.14056958258152008, 0.08154970407485962, 0.0657658725976944, 0.06286318600177765]"
cm-light,object,193,511,511,1,0.3629120886325836,"[511, 817, 436, 751, 656]","[0.3629120886325836, 0.2737257480621338, 0.175603985786438, 0.1127552017569542, 0.014415360055863857]"
cm-light,object,194,417,701,0,0.8107894659042358,"[701, 417, 143, 405, 620]","[0.8107894659042358, 0.04376336187124252, 0.032931745052337646, 0.015262340195477009, 0.008525222539901733]"
cm-light,object,195,404,701,0,0.2072238326072693,"[701, 895, 21, 404, 812]","[0.2072238326072693, 0.13717561960220337, 0.09142642468214035, 0.07738789916038513, 0.05084746703505516]"
cm-light,object,196,701,701,1,0.5837504863739014,"[701, 584, 326, 90, 140]","[0.5837504863739014, 0.06692014634609222, 0.038477156311273575, 0.03509915992617607, 0.021394522860646248]"
cm-light,object,197,701,701,1,0.17687956988811493,"[701, 812, 128, 143, 132]","[0.17687956988811493, 0.13192231953144073, 0.09087691456079483, 0.09004390239715576, 0.041436806321144104]"
cm-light,object,198,701,701,1,0.9655542373657227,"[701, 92, 129, 417, 557]","[0.9655542373657227, 0.006290720775723457, 0.003344352822750807, 0.0028927894309163094, 0.0019338063430041075]"
cm-light,object,199,350,701,0,0.2947891354560852,"[701, 127, 138, 128, 812]","[0.2947891354560852, 0.06191768869757652, 0.057744793593883514, 0.05234583839774132, 0.0495431050658226]"
cm-light,object,200,618,763,0,0.21921749413013458,"[763, 895, 89, 600, 764]","[0.21921749413013458, 0.1609572470188141, 0.08804761618375778, 0.07104803621768951, 0.029698291793465614]"
cm-light,object,201,984,984,1,0.3837398588657379,"[984, 769, 701, 404, 319]","[0.3837398588657379, 0.05885826423764229, 0.056804172694683075, 0.033798057585954666, 0.03327755257487297]"
cm-light,object,202,645,645,1,0.6135604977607727,"[645, 701, 324, 318, 448]","[0.6135604977607727, 0.04955213889479637, 0.03581814840435982, 0.01968494802713394, 0.017794828861951828]"
cm-light,object,203,808,701,0,0.22009402513504028,"[701, 59, 315, 319, 129]","[0.22009402513504028, 0.21827422082424164, 0.08831178396940231, 0.07893254607915878, 0.05406567454338074]"
cm-light,object,204,755,807,0,0.22320465743541718,"[807, 505, 701, 723, 765]","[0.22320465743541718, 0.10080618411302567, 0.039599720388650894, 0.0374554879963398, 0.029406549409031868]"
cm-light,object,205,663,663,1,0.4374942183494568,"[663, 483, 873, 497, 668]","[0.4374942183494568, 0.19792889058589935, 0.18260568380355835, 0.05145332217216492, 0.04780774936079979]"
cm-light,object,206,404,404,1,0.9977915287017822,"[404, 895, 908, 405, 812]","[0.9977915287017822, 0.0012963172048330307, 0.00041010379209183156, 0.0003313516790512949, 0.00011854886543005705]"
cm-light,object,207,540,677,0,0.08942665904760361,"[677, 557, 812, 895, 783]","[0.08942665904760361, 0.0757484957575798, 0.06582367420196533, 0.056506216526031494, 0.04673784226179123]"
cm-light,object,208,958,701,0,0.38923537731170654,"[701, 405, 620, 417, 920]","[0.38923537731170654, 0.12386264652013779, 0.056540243327617645, 0.04295709729194641, 0.03644279018044472]"
cm-light,object,209,483,319,0,0.13417066633701324,"[319, 94, 92, 913, 144]","[0.13417066633701324, 0.12424282729625702, 0.05829828977584839, 0.05609283223748207, 0.03925243020057678]"
cm-light,object,210,898,701,0,0.5712347030639648,"[701, 42, 92, 315, 812]","[0.5712347030639648, 0.03710456192493439, 0.022592682391405106, 0.021509798243641853, 0.021149858832359314]"
cm-light,object,211,649,682,0,0.15528668463230133,"[682, 99, 649, 600, 920]","[0.15528668463230133, 0.09016131609678268, 0.06350090354681015, 0.06325167417526245, 0.04952919855713844]"
cm-light,object,212,812,701,0,0.24276120960712433,"[701, 405, 138, 143, 895]","[0.24276120960712433, 0.13722001016139984, 0.09404991567134857, 0.04782167077064514, 0.044478561729192734]"
cm-light,object,213,701,701,1,0.9809468388557434,"[701, 64, 90, 301, 317]","[0.9809468388557434, 0.008742162026464939, 0.0021061014849692583, 0.001647162134759128, 0.0013255493249744177]"
cm-light,object,214,405,701,0,0.7261205911636353,"[701, 405, 78, 143, 128]","[0.7261205911636353, 0.08931165933609009, 0.016879886388778687, 0.013185946270823479, 0.009499438107013702]"
cm-light,object,215,832,832,1,0.9272617697715759,"[832, 442, 437, 812, 682]","[0.9272617697715759, 0.018994737416505814, 0.014316597022116184, 0.013365666382014751, 0.0031003032345324755]"
cm-light,object,216,475,475,1,0.1231502965092659,"[475, 818, 899, 790, 131]","[0.1231502965092659, 0.08427990972995758, 0.05903414264321327, 0.052220165729522705, 0.034248318523168564]"
cm-light,object,217,22,22,1,0.8361175060272217,"[22, 23, 21, 128, 99]","[0.8361175060272217, 0.12631157040596008, 0.011354638263583183, 0.010607939213514328, 0.003372371196746826]"
cm-light,object,218,724,780,0,0.7197678685188293,"[780, 839, 645, 914, 724]","[0.7197678685188293, 0.1237335279583931, 0.052365802228450775, 0.03590128943324089, 0.01497760508209467]"
cm-light,object,219,871,871,1,0.2868124544620514,"[871, 484, 812, 839, 780]","[0.2868124544620514, 0.263368159532547, 0.07750227302312851, 0.07665567845106125, 0.047465596348047256]"
cm-light,object,220,807,807,1,0.13481464982032776,"[807, 12, 90, 14, 649]","[0.13481464982032776, 0.08357954025268555, 0.06414838135242462, 0.05935372784733772, 0.022580629214644432]"
cm-light,object,221,805,805,1,0.8829370141029358,"[805, 701, 132, 96, 146]","[0.8829370141029358, 0.03620510548353195, 0.0172724649310112, 0.014206953346729279, 0.013650398701429367]"
cm-light,object,222,405,701,0,0.6534686088562012,"[701, 405, 812, 143, 261]","[0.6534686088562012, 0.1782042682170868, 0.023007646203041077, 0.017016680911183357, 0.007229879032820463]"
cm-light,object,223,14,701,0,0.6360765695571899,"[701, 21, 143, 128, 127]","[0.6360765695571899, 0.07139406353235245, 0.040647465735673904, 0.036849796772003174, 0.02544146031141281]"
cm-light,object,224,22,22,1,0.7573913931846619,"[22, 21, 87, 23, 578]","[0.7573913931846619, 0.07008717209100723, 0.060710370540618896, 0.014543376863002777, 0.010140643455088139]"
cm-light,object,225,404,404,1,0.9870175719261169,"[404, 895, 812, 405, 908]","[0.9870175719261169, 0.005477942526340485, 0.004266909323632717, 0.002056207973510027, 0.00031809945357963443]"
cm-light,object,226,583,517,0,0.32421818375587463,"[517, 872, 432, 418, 657]","[0.32421818375587463, 0.1135023683309555, 0.08740939944982529, 0.08036075532436371, 0.0441632941365242]"
cm-light,object,227,900,900,1,0.9005887508392334,"[900, 448, 437, 812, 694]","[0.9005887508392334, 0.04085683077573776, 0.009955422021448612, 0.0070504420436918736, 0.0040749842301011086]"
cm-light,object,228,437,812,0,0.46701014041900635,"[812, 462, 846, 701, 499]","[0.46701014041900635, 0.05395923927426338, 0.04657401144504547, 0.032097455114126205, 0.03147321194410324]"
cm-light,object,229,345,354,0,0.30275630950927734,"[354, 349, 129, 51, 42]","[0.30275630950927734, 0.2335466742515564, 0.051314596086740494, 0.028258757665753365, 0.028216959908604622]"
cm-light,object,230,913,913,1,0.1213800460100174,"[913, 442, 319, 317, 144]","[0.1213800460100174, 0.05889309570193291, 0.051657505333423615, 0.046794191002845764, 0.04190044105052948]"
cm-light,object,231,839,839,1,0.8900172114372253,"[839, 718, 904, 448, 905]","[0.8900172114372253, 0.03891262784600258, 0.018362926319241524, 0.012226537801325321, 0.008564894087612629]"
cm-light,object,232,920,920,1,0.5359500646591187,"[920, 895, 812, 404, 405]","[0.5359500646591187, 0.30359309911727905, 0.03535725548863411, 0.022074202075600624, 0.009690837003290653]"
cm-light,object,233,802,23,0,0.16080737113952637,"[23, 701, 22, 21, 143]","[0.16080737113952637, 0.14649486541748047, 0.06900710612535477, 0.06620980054140091, 0.04196423664689064]"
cm-light,object,234,755,755,1,0.6511980295181274,"[755, 131, 12, 534, 538]","[0.6511980295181274, 0.022806569933891296, 0.022158844396471977, 0.0184103325009346, 0.01735858991742134]"
cm-light,object,235,93,23,0,0.16453661024570465,"[23, 95, 94, 87, 93]","[0.16453661024570465, 0.12761853635311127, 0.10217245668172836, 0.07050023972988129, 0.04941566288471222]"
cm-light,object,236,821,821,1,0.29059967398643494,"[821, 319, 320, 313, 718]","[0.29059967398643494, 0.2727581560611725, 0.14337748289108276, 0.04040389135479927, 0.03507399559020996]"
cm-light,object,237,437,701,0,0.17417296767234802,"[701, 143, 129, 812, 405]","[0.17417296767234802, 0.10123999416828156, 0.08967297524213791, 0.04438196122646332, 0.043658774346113205]"
cm-light,object,238,649,657,0,0.46732473373413086,"[657, 437, 812, 404, 682]","[0.46732473373413086, 0.06318596750497818, 0.054150547832250595, 0.04503968358039856, 0.03946571797132492]"
cm-light,object,239,682,442,0,0.39877957105636597,"[442, 448, 832, 668, 846]","[0.39877957105636597, 0.1583288311958313, 0.10914094001054764, 0.024440685287117958, 0.023733237758278847]"
cm-light,object,240,900,900,1,0.9332690834999084,"[900, 494, 804, 708, 733]","[0.9332690834999084, 0.024367021396756172, 0.003152368823066354, 0.0029581617563962936, 0.0027719822246581316]"
cm-light,object,241,557,733,0,0.6562881469726562,"[733, 557, 448, 657, 846]","[0.6562881469726562, 0.13886459171772003, 0.0820174366235733, 0.01690707355737686, 0.01252415869385004]"
cm-light,object,242,812,701,0,0.10555820167064667,"[701, 261, 199, 128, 92]","[0.10555820167064667, 0.07757315784692764, 0.0657661035656929, 0.037576161324977875, 0.029729442670941353]"
cm-light,object,243,988,11,0,0.3990991711616516,"[11, 129, 989, 90, 852]","[0.3990991711616516, 0.19519257545471191, 0.06753566116094589, 0.05379090458154678, 0.053399790078401566]"
cm-light,object,244,322,326,0,0.9816855192184448,"[326, 141, 94, 138, 142]","[0.9816855192184448, 0.01331839244812727, 0.0007037672912701964, 0.0006745104910805821, 0.0004867331590503454]"
cm-light,object,245,131,92,0,0.3592546582221985,"[92, 21, 127, 701, 94]","[0.3592546582221985, 0.0914716124534607, 0.06042036786675453, 0.05929417908191681, 0.048559825867414474]"
cm-light,object,246,309,701,0,0.5852410197257996,"[701, 42, 417, 22, 78]","[0.5852410197257996, 0.044248536229133606, 0.020878974348306656, 0.016900820657610893, 0.015389070846140385]"
cm-light,object,247,324,21,0,0.1597626507282257,"[21, 812, 129, 317, 94]","[0.1597626507282257, 0.13079063594341278, 0.07808893918991089, 0.05158158391714096, 0.04861357435584068]"
cm-light,object,248,133,92,0,0.7591751217842102,"[92, 10, 12, 11, 127]","[0.7591751217842102, 0.07535341382026672, 0.029341232031583786, 0.028941377997398376, 0.009909246116876602]"
cm-light,object,249,988,952,0,0.42872726917266846,"[952, 988, 989, 97, 129]","[0.42872726917266846, 0.24739299714565277, 0.12817931175231934, 0.044328562915325165, 0.044290319085121155]"
cm-light,object,250,13,12,0,0.8395258784294128,"[12, 140, 94, 10, 141]","[0.8395258784294128, 0.13168863952159882, 0.004980215337127447, 0.004774791654199362, 0.004442660603672266]"
cm-light,object,251,309,701,0,0.509405791759491,"[701, 21, 73, 23, 22]","[0.509405791759491, 0.06581182032823563, 0.01803574152290821, 0.01744082383811474, 0.01691288873553276]"
cm-light,object,252,991,701,0,0.10620156675577164,"[701, 396, 38, 89, 303]","[0.10620156675577164, 0.09538640826940536, 0.09249648451805115, 0.06218400225043297, 0.05596381798386574]"
cm-light,object,253,303,92,0,0.5919577479362488,"[92, 701, 319, 307, 895]","[0.5919577479362488, 0.07041001319885254, 0.04339655488729477, 0.035081684589385986, 0.031680576503276825]"
cm-light,object,254,309,319,0,0.08285725861787796,"[319, 138, 701, 94, 142]","[0.08285725861787796, 0.08033274859189987, 0.05491974577307701, 0.05037936568260193, 0.04418002441525459]"
cm-light,object,255,324,324,1,0.999221682548523,"[324, 326, 325, 129, 132]","[0.999221682548523, 0.0005428905715234578, 0.0001222647842951119, 6.76137424306944e-05, 6.172782832436496e-06]"
cm-light,object,256,303,895,0,0.44800257682800293,"[895, 302, 303, 94, 319]","[0.44800257682800293, 0.08943147957324982, 0.07585956901311874, 0.029911085963249207, 0.023698339238762856]"
cm-light,object,257,323,701,0,0.28925034403800964,"[701, 323, 319, 326, 73]","[0.28925034403800964, 0.16682659089565277, 0.08817852288484573, 0.04343605414032936, 0.031076012179255486]"
cm-light,object,258,989,989,1,0.4769134521484375,"[989, 417, 301, 78, 319]","[0.4769134521484375, 0.4216793477535248, 0.04087541624903679, 0.011750415898859501, 0.004335199948400259]"
cm-light,object,259,324,701,0,0.15440799295902252,"[701, 129, 132, 812, 324]","[0.15440799295902252, 0.15344427525997162, 0.0970352292060852, 0.08978640288114548, 0.04558362066745758]"
cm-light,object,260,989,989,1,0.8257388472557068,"[989, 90, 315, 11, 522]","[0.8257388472557068, 0.03548477217555046, 0.021628879010677338, 0.016391843557357788, 0.013376043178141117]"
cm-light,object,261,323,323,1,0.9110344052314758,"[323, 645, 72, 701, 303]","[0.9110344052314758, 0.024214979261159897, 0.011904268525540829, 0.009872476570308208, 0.0045116678811609745]"
cm-light,object,262,78,78,1,0.430660605430603,"[78, 73, 304, 12, 488]","[0.430660605430603, 0.09738802909851074, 0.08215688914060593, 0.05666373297572136, 0.01978595368564129]"
cm-light,object,263,945,701,0,0.6378562450408936,"[701, 417, 989, 12, 64]","[0.6378562450408936, 0.11985786259174347, 0.05528764799237251, 0.027404004707932472, 0.01782306469976902]"
cm-light,object,264,303,895,0,0.23888523876667023,"[895, 303, 512, 701, 892]","[0.23888523876667023, 0.09313931316137314, 0.06340764462947845, 0.05861927941441536, 0.05183073878288269]"
cm-light,object,265,78,302,0,0.6549211144447327,"[302, 75, 303, 306, 94]","[0.6549211144447327, 0.05905334651470184, 0.032864972949028015, 0.02809050679206848, 0.01728671044111252]"
cm-light,object,266,323,323,1,0.9960773587226868,"[323, 321, 326, 319, 72]","[0.9960773587226868, 0.003331922460347414, 0.0002087340981233865, 0.00016772383241914213, 3.293958798167296e-05]"
cm-light,object,267,309,701,0,0.4912489354610443,"[701, 584, 319, 448, 846]","[0.4912489354610443, 0.08112888783216476, 0.05156644433736801, 0.022949740290641785, 0.019344961270689964]"
cm-light,object,268,77,12,0,0.24180853366851807,"[12, 73, 94, 701, 21]","[0.24180853366851807, 0.17773735523223877, 0.062205832451581955, 0.045356422662734985, 0.03863033652305603]"
cm-light,object,269,945,701,0,0.5621575117111206,"[701, 417, 852, 405, 64]","[0.5621575117111206, 0.22404520213603973, 0.024303240701556206, 0.020670199766755104, 0.013644413091242313]"
cm-light,object,270,322,12,0,0.3024745583534241,"[12, 42, 94, 140, 21]","[0.3024745583534241, 0.12979774177074432, 0.10652045160531998, 0.05730247125029564, 0.03207291662693024]"
cm-light,object,271,27,27,1,0.8000646829605103,"[27, 64, 701, 1, 301]","[0.8000646829605103, 0.041541874408721924, 0.0383877269923687, 0.02316618710756302, 0.012467448599636555]"
cm-light,object,272,321,321,1,0.9990110397338867,"[321, 11, 326, 795, 701]","[0.9990110397338867, 0.00017336376185994595, 0.0001533653266960755, 0.00014288173406384885, 0.0001400897017447278]"
cm-light,object,273,323,323,1,0.9903263449668884,"[323, 319, 701, 56, 304]","[0.9903263449668884, 0.0009433547384105623, 0.0007568308501504362, 0.0007050834246911108, 0.0005770996795035899]"
cm-light,object,274,937,141,0,0.15938906371593475,"[141, 701, 12, 142, 140]","[0.15938906371593475, 0.1552000492811203, 0.09003584831953049, 0.04436681792140007, 0.0418483205139637]"
cm-light,object,275,73,319,0,0.12613900005817413,"[319, 139, 321, 10, 12]","[0.12613900005817413, 0.10530386120080948, 0.08139689266681671, 0.06535149365663528, 0.05942824110388756]"
cm-light,object,276,322,322,1,0.8560127019882202,"[322, 538, 138, 326, 448]","[0.8560127019882202, 0.04880119115114212, 0.020365919917821884, 0.008924822323024273, 0.008771861903369427]"
cm-light,object,277,40,313,0,0.34253785014152527,"[313, 129, 303, 138, 70]","[0.34253785014152527, 0.08054831624031067, 0.07518833875656128, 0.05356992036104202, 0.030363628640770912]"
cm-light,object,278,31,701,0,0.6589558124542236,"[701, 301, 42, 319, 12]","[0.6589558124542236, 0.05806240439414978, 0.02855943888425827, 0.02145424112677574, 0.01964605040848255]"
cm-light,object,279,321,321,1,0.978152334690094,"[321, 143, 22, 303, 18]","[0.978152334690094, 0.004717668984085321, 0.004429807420819998, 0.0019855869468301535, 0.0018096050480380654]"
cm-light,object,280,58,701,0,0.6176648736000061,"[701, 488, 679, 318, 315]","[0.6176648736000061, 0.037249743938446045, 0.037043407559394836, 0.03536254167556763, 0.017278745770454407]"
cm-light,object,281,309,21,0,0.2565414607524872,"[21, 94, 92, 143, 140]","[0.2565414607524872, 0.1832227110862732, 0.13481435179710388, 0.06280137598514557, 0.03919263929128647]"
cm-light,object,282,303,94,0,0.2630680799484253,"[94, 303, 302, 307, 141]","[0.2630680799484253, 0.2164739966392517, 0.09389764070510864, 0.06652861833572388, 0.043837450444698334]"
cm-light,object,283,325,326,0,0.7507458925247192,"[326, 325, 319, 322, 21]","[0.7507458925247192, 0.22214071452617645, 0.008419702760875225, 0.0027689337730407715, 0.0023005674593150616]"
cm-light,object,284,323,323,1,0.9999622106552124,"[323, 72, 75, 93, 319]","[0.9999622106552124, 1.471354698878713e-05, 8.069412615441252e-06, 1.4407819435291458e-06, 1.4325544270832324e-06]"
cm-light,object,285,304,304,1,0.6420568823814392,"[304, 92, 303, 94, 701]","[0.6420568823814392, 0.046363286674022675, 0.04082576557993889, 0.038855597376823425, 0.023056114092469215]"
cm-light,object,286,18,18,1,0.8913882374763489,"[18, 143, 128, 146, 895]","[0.8913882374763489, 0.10172883421182632, 0.00379764917306602, 0.0012978003360331059, 0.0003447451745159924]"
cm-light,object,287,178,178,1,0.7060670852661133,"[178, 208, 349, 159, 209]","[0.7060670852661133, 0.07180479913949966, 0.07071564346551895, 0.026667283847928047, 0.016468798741698265]"
cm-light,object,288,83,83,1,0.596991777420044,"[83, 80, 141, 87, 12]","[0.596991777420044, 0.11933153122663498, 0.07229586690664291, 0.05401027947664261, 0.048223309218883514]"
cm-light,object,289,362,362,1,0.3919551968574524,"[362, 140, 269, 304, 94]","[0.3919551968574524, 0.07884877175092697, 0.06963697820901871, 0.06229052320122719, 0.04363005980849266]"
cm-light,object,290,272,92,0,0.20856347680091858,"[92, 13, 10, 21, 138]","[0.20856347680091858, 0.06857658177614212, 0.06753967702388763, 0.06716910749673843, 0.05518997833132744]"
cm-light,object,291,102,23,0,0.1058594211935997,"[23, 141, 21, 701, 12]","[0.1058594211935997, 0.07992365211248398, 0.07471625506877899, 0.06136465445160866, 0.05829577520489693]"
cm-light,object,292,423,846,0,0.2256709188222885,"[846, 423, 572, 604, 883]","[0.2256709188222885, 0.1582503765821457, 0.09869980812072754, 0.07885885238647461, 0.05821278691291809]"
cm-light,object,293,543,87,0,0.7354339361190796,"[87, 750, 845, 490, 12]","[0.7354339361190796, 0.01569225639104843, 0.014923231676220894, 0.01191659178584814, 0.011140302754938602]"
cm-light,object,294,277,21,0,0.1329050213098526,"[21, 12, 94, 192, 187]","[0.1329050213098526, 0.12248316407203674, 0.06411696970462799, 0.05905972048640251, 0.05054117739200592]"
cm-light,object,295,428,87,0,0.10067296773195267,"[87, 812, 315, 895, 777]","[0.10067296773195267, 0.09777586162090302, 0.04828092083334923, 0.04000640660524368, 0.03904614970088005]"
cm-light,object,296,134,140,0,0.11461009085178375,"[140, 93, 141, 21, 94]","[0.11461009085178375, 0.10785376280546188, 0.10020160675048828, 0.07374654710292816, 0.07063111662864685]"
cm-light,object,297,298,307,0,0.38552144169807434,"[307, 94, 141, 47, 12]","[0.38552144169807434, 0.2045777142047882, 0.06571372598409653, 0.046193595975637436, 0.04517562314867973]"
cm-light,object,298,170,87,0,0.15021689236164093,"[87, 94, 39, 140, 16]","[0.15021689236164093, 0.1339523047208786, 0.12799261510372162, 0.06335833668708801, 0.0262964628636837]"
cm-light,object,299,363,24,0,0.32668912410736084,"[24, 94, 47, 461, 288]","[0.32668912410736084, 0.14158223569393158, 0.07827755808830261, 0.050416309386491776, 0.03552820160984993]"
cm-light,object,300,356,94,0,0.6995362639427185,"[94, 87, 141, 129, 12]","[0.6995362639427185, 0.08278170228004456, 0.04514157399535179, 0.03271312639117241, 0.025935782119631767]"
cm-light,object,301,161,162,0,0.2419893741607666,"[162, 263, 271, 166, 253]","[0.2419893741607666, 0.08744179457426071, 0.07241273671388626, 0.05889635905623436, 0.04628691077232361]"
cm-light,object,302,254,254,1,0.21166826784610748,"[254, 31, 932, 708, 242]","[0.21166826784610748, 0.08069866895675659, 0.04926574230194092, 0.04468413069844246, 0.03688668832182884]"
cm-light,object,303,145,145,1,0.9981067180633545,"[145, 134, 146, 99, 144]","[0.9981067180633545, 0.0006110495305620134, 0.0005899585667066276, 0.0002530391502659768, 0.00012583554780576378]"
cm-light,object,304,171,21,0,0.857049286365509,"[21, 89, 129, 22, 23]","[0.857049286365509, 0.0309224221855402, 0.030564118176698685, 0.023812146857380867, 0.009905990213155746]"
cm-light,object,305,299,140,0,0.3047637343406677,"[140, 12, 142, 141, 21]","[0.3047637343406677, 0.26464974880218506, 0.13936462998390198, 0.07433800399303436, 0.07131923735141754]"
cm-light,object,306,251,251,1,0.9886771440505981,"[251, 246, 81, 21, 212]","[0.9886771440505981, 0.005930605810135603, 0.0014581512659788132, 0.0009043572354130447, 0.0008383174426853657]"
cm-light,object,307,292,47,0,0.10829847306013107,"[47, 852, 584, 793, 254]","[0.10829847306013107, 0.06960903853178024, 0.044144053012132645, 0.04221375659108162, 0.03047107718884945]"
cm-light,object,308,77,319,0,0.34420162439346313,"[319, 307, 73, 92, 303]","[0.34420162439346313, 0.1216965839266777, 0.09037204086780548, 0.0536055825650692, 0.05089432746171951]"
cm-light,object,309,305,307,0,0.17429043352603912,"[307, 701, 87, 23, 22]","[0.17429043352603912, 0.17179067432880402, 0.10015608370304108, 0.05975097045302391, 0.04296836256980896]"
cm-light,object,310,299,87,0,0.23769038915634155,"[87, 144, 12, 13, 16]","[0.23769038915634155, 0.1204167976975441, 0.11893494427204132, 0.0925368219614029, 0.06356827169656754]"
cm-light,object,311,83,21,0,0.5576072931289673,"[21, 319, 12, 87, 17]","[0.5576072931289673, 0.12552741169929504, 0.10146544128656387, 0.023064594715833664, 0.018146561458706856]"
cm-light,object,312,362,94,0,0.764593243598938,"[94, 24, 100, 23, 95]","[0.764593243598938, 0.03863454982638359, 0.028281522914767265, 0.01390756294131279, 0.013040411286056042]"
cm-light,object,313,85,85,1,0.9973106384277344,"[85, 141, 13, 80, 81]","[0.9973106384277344, 0.0013045290252193809, 0.00035440942156128585, 0.00021865434246137738, 0.00012413552030920982]"
cm-light,object,314,203,203,1,0.8942187428474426,"[203, 192, 196, 185, 189]","[0.8942187428474426, 0.021272264420986176, 0.02044639363884926, 0.006484519224613905, 0.006396363023668528]"
cm-light,object,315,79,323,0,0.1855538785457611,"[323, 679, 81, 584, 683]","[0.1855538785457611, 0.09706184267997742, 0.07894158363342285, 0.04905162751674652, 0.04205342009663582]"
cm-light,object,316,71,90,0,0.4920386075973511,"[90, 21, 701, 17, 125]","[0.4920386075973511, 0.10069048404693604, 0.07253999263048172, 0.026726722717285156, 0.022523097693920135]"
cm-light,object,317,298,141,0,0.16462942957878113,"[141, 42, 319, 40, 38]","[0.16462942957878113, 0.16153529286384583, 0.08126936852931976, 0.05629963427782059, 0.0314360074698925]"
cm-light,object,318,336,94,0,0.2162390947341919,"[94, 12, 331, 336, 191]","[0.2162390947341919, 0.17603936791419983, 0.08291667699813843, 0.05033314973115921, 0.037779271602630615]"
cm-light,object,319,425,425,1,0.8261078596115112,"[425, 449, 448, 516, 699]","[0.8261078596115112, 0.07467836886644363, 0.04335030913352966, 0.004190053790807724, 0.003969962242990732]"
cm-light,object,320,137,143,0,0.6171303391456604,"[143, 128, 18, 134, 91]","[0.6171303391456604, 0.12850986421108246, 0.040945541113615036, 0.035302482545375824, 0.03328951075673103]"
cm-light,object,321,372,701,0,0.20809721946716309,"[701, 21, 73, 78, 139]","[0.20809721946716309, 0.09745863825082779, 0.0810479074716568, 0.03113221935927868, 0.02969195507466793]"
cm-light,object,322,958,90,0,0.07551662623882294,"[90, 952, 12, 793, 958]","[0.07551662623882294, 0.060129377990961075, 0.043617043644189835, 0.04360945522785187, 0.03774787113070488]"
cm-light,object,323,232,184,0,0.1448865532875061,"[184, 94, 701, 22, 92]","[0.1448865532875061, 0.1014493927359581, 0.08211368322372437, 0.053272075951099396, 0.046785056591033936]"
cm-light,object,324,279,89,0,0.6823297739028931,"[89, 87, 129, 127, 81]","[0.6823297739028931, 0.09579619020223618, 0.06146862357854843, 0.03874515742063522, 0.028488080948591232]"
cm-light,object,325,146,138,0,0.14357425272464752,"[138, 146, 143, 128, 92]","[0.14357425272464752, 0.11637692153453827, 0.09248772263526917, 0.09126230329275131, 0.06586235016584396]"
cm-light,object,326,352,701,0,0.21585533022880554,"[701, 138, 895, 127, 23]","[0.21585533022880554, 0.07912707328796387, 0.062202565371990204, 0.06017167493700981, 0.04038136452436447]"
cm-light,object,327,958,701,0,0.6615567207336426,"[701, 405, 141, 138, 417]","[0.6615567207336426, 0.05951274186372757, 0.041096366941928864, 0.03290804848074913, 0.03130083158612251]"
cm-light,object,328,958,806,0,0.12377940118312836,"[806, 658, 701, 281, 141]","[0.12377940118312836, 0.09465647488832474, 0.06748425960540771, 0.05783594399690628, 0.044377464801073074]"
cm-light,object,329,275,23,0,0.22994966804981232,"[23, 21, 307, 319, 584]","[0.22994966804981232, 0.09699054807424545, 0.07657225430011749, 0.06344171613454819, 0.051116812974214554]"
cm-light,object,330,888,769,0,0.7917141318321228,"[769, 520, 517, 404, 79]","[0.7917141318321228, 0.020100221037864685, 0.014542927965521812, 0.011717871762812138, 0.008860709145665169]"
cm-light,object,331,352,307,0,0.41041502356529236,"[307, 21, 303, 92, 319]","[0.41041502356529236, 0.18204589188098907, 0.06603164225816727, 0.040298789739608765, 0.03877892345190048]"
cm-light,object,332,85,85,1,0.42331036925315857,"[85, 141, 21, 319, 23]","[0.42331036925315857, 0.08799920231103897, 0.0550856739282608, 0.04453521966934204, 0.03843718767166138]"
cm-light,object,333,9,140,0,0.13656391203403473,"[140, 138, 87, 132, 21]","[0.13656391203403473, 0.13439887762069702, 0.059310395270586014, 0.05515092983841896, 0.05418555811047554]"
cm-light,object,334,199,357,0,0.2767229676246643,"[357, 100, 295, 22, 91]","[0.2767229676246643, 0.09573902934789658, 0.05442628636956215, 0.047994695603847504, 0.037021540105342865]"
cm-light,object,335,522,92,0,0.35141295194625854,"[92, 701, 319, 127, 12]","[0.35141295194625854, 0.3278191387653351, 0.025049084797501564, 0.017326943576335907, 0.015005398541688919]"
cm-light,object,336,340,701,0,0.07646135240793228,"[701, 199, 80, 783, 677]","[0.07646135240793228, 0.036365531384944916, 0.03285953402519226, 0.03028053045272827, 0.029986560344696045]"
cm-light,object,337,9,140,0,0.19895689189434052,"[140, 12, 307, 139, 94]","[0.19895689189434052, 0.11112464219331741, 0.09898072481155396, 0.07594704627990723, 0.06005128100514412]"
cm-light,object,338,386,87,0,0.4177432954311371,"[87, 21, 23, 127, 129]","[0.4177432954311371, 0.1606578528881073, 0.1526387631893158, 0.035198938101530075, 0.021079210564494133]"
cm-light,object,339,274,708,0,0.12514466047286987,"[708, 317, 315, 883, 316]","[0.12514466047286987, 0.0967702642083168, 0.07290399074554443, 0.06797368824481964, 0.06570491194725037]"
cm-light,object,340,274,21,0,0.456290602684021,"[21, 12, 92, 23, 177]","[0.456290602684021, 0.10613936930894852, 0.06974118947982788, 0.04991194233298302, 0.032829027622938156]"
cm-light,object,341,254,701,0,0.42073768377304077,"[701, 89, 21, 129, 172]","[0.42073768377304077, 0.15520364046096802, 0.06909230351448059, 0.058135733008384705, 0.03304333984851837]"
cm-light,object,342,185,187,0,0.2567841410636902,"[187, 193, 185, 200, 226]","[0.2567841410636902, 0.17151544988155365, 0.11516451835632324, 0.11237373948097229, 0.046999573707580566]"
cm-light,object,343,169,87,0,0.21255087852478027,"[87, 21, 13, 89, 81]","[0.21255087852478027, 0.13913461565971375, 0.07946431636810303, 0.07410717755556107, 0.04862116649746895]"
cm-light,object,344,193,196,0,0.23489156365394592,"[196, 182, 185, 170, 200]","[0.23489156365394592, 0.22319293022155762, 0.06863581389188766, 0.06398293375968933, 0.059306010603904724]"
cm-light,object,345,355,701,0,0.10823997110128403,"[701, 12, 846, 42, 21]","[0.10823997110128403, 0.07589292526245117, 0.0758204385638237, 0.06390465795993805, 0.052713602781295776]"
cm-light,object,346,83,83,1,0.2497851848602295,"[83, 142, 584, 677, 340]","[0.2497851848602295, 0.0740625262260437, 0.05642777308821678, 0.055812086910009384, 0.039766825735569]"
cm-light,object,347,355,196,0,0.2340008169412613,"[196, 374, 355, 231, 160]","[0.2340008169412613, 0.10100345313549042, 0.09140884131193161, 0.06142127513885498, 0.06132037192583084]"
cm-light,object,348,172,21,0,0.5377367734909058,"[21, 129, 143, 94, 142]","[0.5377367734909058, 0.3112775385379791, 0.06139451637864113, 0.015114158391952515, 0.007056468166410923]"
cm-light,object,349,958,806,0,0.40245115756988525,"[806, 619, 816, 84, 852]","[0.40245115756988525, 0.056739501655101776, 0.04112191125750542, 0.04108937829732895, 0.04036767780780792]"
cm-light,object,350,425,132,0,0.2147212028503418,"[132, 21, 141, 144, 134]","[0.2147212028503418, 0.07764541357755661, 0.07498370110988617, 0.06025293841958046, 0.05063500627875328]"
cm-light,object,351,958,417,0,0.4987066686153412,"[417, 701, 12, 405, 783]","[0.4987066686153412, 0.13259781897068024, 0.06549210846424103, 0.02706628479063511, 0.020201925188302994]"
cm-light,object,352,425,87,0,0.5576817393302917,"[87, 425, 701, 448, 88]","[0.5576817393302917, 0.15125851333141327, 0.09596565365791321, 0.06893602013587952, 0.02092498540878296]"
cm-light,object,353,681,404,0,0.2994734048843384,"[404, 895, 94, 812, 21]","[0.2994734048843384, 0.2203831970691681, 0.04807025566697121, 0.04309964179992676, 0.042229313403367996]"
cm-light,object,354,755,87,0,0.16844552755355835,"[87, 701, 144, 141, 80]","[0.16844552755355835, 0.1679532378911972, 0.06028878688812256, 0.034034185111522675, 0.03314169868826866]"
cm-light,object,355,251,319,0,0.16880644857883453,"[319, 141, 73, 12, 22]","[0.16880644857883453, 0.09222471714019775, 0.036113202571868896, 0.03556135669350624, 0.030024558305740356]"
cm-light,object,356,209,94,0,0.447325736284256,"[94, 141, 21, 80, 307]","[0.447325736284256, 0.146946519613266, 0.11065607517957687, 0.05339762568473816, 0.03250618278980255]"
cm-light,object,357,872,701,0,0.7282911539077759,"[701, 989, 93, 321, 15]","[0.7282911539077759, 0.032733384519815445, 0.02940465323626995, 0.0278303399682045, 0.017185769975185394]"
cm-light,object,358,177,21,0,0.5674489140510559,"[21, 177, 23, 94, 22]","[0.5674489140510559, 0.12475521117448807, 0.07969217747449875, 0.077787846326828, 0.02536403387784958]"
cm-light,object,359,172,94,0,0.4862273931503296,"[94, 140, 12, 138, 812]","[0.4862273931503296, 0.10799752920866013, 0.07579251378774643, 0.03429662436246872, 0.016739709302783012]"
cm-light,object,360,425,405,0,0.17698916792869568,"[405, 530, 404, 759, 425]","[0.17698916792869568, 0.050829485058784485, 0.04519561678171158, 0.040607623755931854, 0.040603458881378174]"
cm-light,object,361,191,191,1,0.5914424061775208,"[191, 189, 182, 187, 184]","[0.5914424061775208, 0.18614715337753296, 0.06583093106746674, 0.018931029364466667, 0.016525374725461006]"
cm-light,object,362,23,21,0,0.8502858281135559,"[21, 16, 23, 12, 22]","[0.8502858281135559, 0.05386819690465927, 0.018566938117146492, 0.009719796478748322, 0.00915293488651514]"
cm-light,object,363,353,11,0,0.6216365694999695,"[11, 10, 21, 350, 92]","[0.6216365694999695, 0.09113171696662903, 0.08496841043233871, 0.07734211534261703, 0.025840653106570244]"
cm-light,object,364,209,23,0,0.13484302163124084,"[23, 21, 210, 214, 143]","[0.13484302163124084, 0.11722227931022644, 0.06547708064317703, 0.05859529227018356, 0.054779257625341415]"
cm-light,object,365,352,94,0,0.08564795553684235,"[94, 315, 324, 701, 319]","[0.08564795553684235, 0.07405868172645569, 0.05368936061859131, 0.04561230540275574, 0.039434462785720825]"
cm-light,object,366,690,701,0,0.24483633041381836,"[701, 448, 557, 315, 419]","[0.24483633041381836, 0.08021257817745209, 0.06484773755073547, 0.04927673190832138, 0.03682541847229004]"
cm-light,object,367,348,22,0,0.13679192960262299,"[22, 348, 129, 23, 92]","[0.13679192960262299, 0.07686089724302292, 0.06577283889055252, 0.06380298733711243, 0.062316495925188065]"
cm-light,object,368,336,138,0,0.07428400218486786,"[138, 141, 12, 21, 319]","[0.07428400218486786, 0.04549502581357956, 0.045112449675798416, 0.04035351425409317, 0.0377453975379467]"
cm-light,object,369,574,574,1,0.8904386758804321,"[574, 951, 950, 90, 952]","[0.8904386758804321, 0.03264225274324417, 0.015312107279896736, 0.013507772237062454, 0.009959998540580273]"
cm-light,object,370,172,350,0,0.20113158226013184,"[350, 21, 16, 88, 143]","[0.20113158226013184, 0.10555122047662735, 0.07754365354776382, 0.062949538230896, 0.05201295018196106]"
cm-light,object,371,428,404,0,0.5765275955200195,"[404, 319, 895, 908, 92]","[0.5765275955200195, 0.2612331807613373, 0.025098493322730064, 0.015605395659804344, 0.012383394874632359]"
cm-light,object,372,277,701,0,0.20718051493167877,"[701, 92, 94, 12, 21]","[0.20718051493167877, 0.08401113003492355, 0.08014627546072006, 0.06697745621204376, 0.04487627372145653]"
cm-light,object,373,209,354,0,0.41223853826522827,"[354, 348, 349, 170, 209]","[0.41223853826522827, 0.11666007339954376, 0.091324582695961, 0.06965102255344391, 0.049918051809072495]"
cm-light,object,374,575,812,0,0.6314181089401245,"[812, 895, 744, 751, 908]","[0.6314181089401245, 0.09224429726600647, 0.027783164754509926, 0.025657933205366135, 0.02268565073609352]"
cm-light,object,375,958,47,0,0.12455832958221436,"[47, 958, 94, 136, 95]","[0.12455832958221436, 0.07928653061389923, 0.07184422761201859, 0.0663190633058548, 0.05754837766289711]"
cm-light,object,376,340,80,0,0.19891278445720673,"[80, 144, 701, 21, 12]","[0.19891278445720673, 0.16229045391082764, 0.10937599837779999, 0.03923767805099487, 0.033370811492204666]"
cm-light,object,377,191,701,0,0.6157006621360779,"[701, 12, 417, 11, 10]","[0.6157006621360779, 0.08393928408622742, 0.03928074240684509, 0.019005615264177322, 0.01726314052939415]"
cm-light,object,378,232,238,0,0.21337077021598816,"[238, 239, 247, 244, 217]","[0.21337077021598816, 0.14374466240406036, 0.08975319564342499, 0.07438551634550095, 0.06157144904136658]"
cm-light,object,379,352,584,0,0.2652985155582428,"[584, 701, 417, 12, 38]","[0.2652985155582428, 0.13806048035621643, 0.049061041325330734, 0.04889967665076256, 0.044748980551958084]"
cm-light,object,380,373,94,0,0.6917129158973694,"[94, 367, 299, 106, 356]","[0.6917129158973694, 0.025957016274333, 0.017982814460992813, 0.01633632183074951, 0.013231954537332058]"
cm-light,object,381,353,143,0,0.18495522439479828,"[143, 141, 405, 92, 127]","[0.18495522439479828, 0.07170791923999786, 0.06881137192249298, 0.06234626844525337, 0.051725927740335464]"
cm-light,object,382,888,888,1,0.19631223380565643,"[888, 404, 448, 405, 769]","[0.19631223380565643, 0.09850659966468811, 0.0773959681391716, 0.0649852529168129, 0.03845250979065895]"
cm-light,object,383,286,21,0,0.24263598024845123,"[21, 326, 141, 138, 94]","[0.24263598024845123, 0.17763887345790863, 0.09228263795375824, 0.08570791780948639, 0.05412990599870682]"
cm-light,object,384,299,299,1,0.8396404981613159,"[299, 182, 272, 287, 331]","[0.8396404981613159, 0.037287525832653046, 0.020215054973959923, 0.0129854092374444, 0.012743043713271618]"
cm-light,object,385,350,21,0,0.8060894012451172,"[21, 23, 12, 94, 22]","[0.8060894012451172, 0.031123321503400803, 0.025625310838222504, 0.02189016528427601, 0.012654479593038559]"
cm-light,object,386,143,143,1,0.994536280632019,"[143, 13, 87, 146, 18]","[0.994536280632019, 0.0010736719705164433, 0.0009862560546025634, 0.0005218556034378707, 0.0004660988342948258]"
cm-light,object,387,336,12,0,0.21895037591457367,"[12, 21, 94, 141, 142]","[0.21895037591457367, 0.13941828906536102, 0.11972162127494812, 0.11296577006578445, 0.05374167114496231]"
cm-light,object,388,353,11,0,0.30673977732658386,"[11, 21, 129, 22, 92]","[0.30673977732658386, 0.2343694418668747, 0.09168590605258942, 0.0665925145149231, 0.045240242034196854]"
cm-light,object,389,305,307,0,0.23557870090007782,"[307, 80, 141, 303, 128]","[0.23557870090007782, 0.1348448246717453, 0.08346500247716904, 0.0758410319685936, 0.06190619617700577]"
cm-light,object,390,349,349,1,0.4976992905139923,"[349, 348, 87, 178, 23]","[0.4976992905139923, 0.1767967790365219, 0.05650554224848747, 0.05327191576361656, 0.03946288302540779]"
cm-light,object,391,11,701,0,0.5398085713386536,"[701, 143, 22, 92, 11]","[0.5398085713386536, 0.1186184361577034, 0.09920870512723923, 0.056110575795173645, 0.029327688738703728]"
cm-light,object,392,26,78,0,0.11778653413057327,"[78, 138, 12, 21, 307]","[0.11778653413057327, 0.08489406108856201, 0.08302134275436401, 0.07845257222652435, 0.07766994088888168]"
cm-light,object,393,336,45,0,0.34803199768066406,"[45, 73, 94, 67, 74]","[0.34803199768066406, 0.13123278319835663, 0.06541697680950165, 0.04102248698472977, 0.020008306950330734]"
cm-light,object,394,79,23,0,0.15265008807182312,"[23, 315, 21, 138, 98]","[0.15265008807182312, 0.15226086974143982, 0.09286613017320633, 0.08941168338060379, 0.05500226840376854]"
cm-light,object,395,63,821,0,0.44962507486343384,"[821, 56, 584, 57, 748]","[0.44962507486343384, 0.10631699860095978, 0.07685402780771255, 0.04625064134597778, 0.023626334965229034]"
cm-light,object,396,349,21,0,0.31921064853668213,"[21, 701, 12, 94, 22]","[0.31921064853668213, 0.2094235122203827, 0.15411601960659027, 0.0564061738550663, 0.025355054065585136]"
cm-light,object,397,17,92,0,0.24206076562404633,"[92, 11, 10, 143, 97]","[0.24206076562404633, 0.14375530183315277, 0.07773802429437637, 0.05226137116551399, 0.0452205091714859]"
cm-light,object,398,354,42,0,0.1627884954214096,"[42, 21, 141, 9, 350]","[0.1627884954214096, 0.1432347595691681, 0.09150785952806473, 0.0820983275771141, 0.06293587386608124]"
cm-light,object,399,172,275,0,0.28478530049324036,"[275, 269, 94, 246, 276]","[0.28478530049324036, 0.0909162387251854, 0.0812445729970932, 0.0672590583562851, 0.048713263124227524]"
cm-light,object,400,390,111,0,0.2655702531337738,"[111, 129, 133, 59, 752]","[0.2655702531337738, 0.09564286470413208, 0.06575707346200943, 0.049625348299741745, 0.03700091317296028]"
cm-light,object,401,42,14,0,0.15247593820095062,"[14, 12, 143, 132, 141]","[0.15247593820095062, 0.10881543159484863, 0.1028623953461647, 0.09827261418104172, 0.08078204840421677]"
cm-light,object,402,251,251,1,0.27210941910743713,"[251, 94, 584, 73, 93]","[0.27210941910743713, 0.13546763360500336, 0.06299655884504318, 0.053921230137348175, 0.040186431258916855]"
cm-light,object,403,13,12,0,0.23936960101127625,"[12, 701, 140, 11, 10]","[0.23936960101127625, 0.15092618763446808, 0.08232404291629791, 0.07468909025192261, 0.06875729560852051]"
cm-light,object,404,139,139,1,0.9967880249023438,"[139, 81, 21, 94, 140]","[0.9967880249023438, 0.000780440226662904, 0.0005342063377611339, 0.00034630700247362256, 0.00018569636449683458]"
cm-light,object,405,336,21,0,0.2399793267250061,"[21, 170, 349, 373, 350]","[0.2399793267250061, 0.14293719828128815, 0.11939285695552826, 0.04465832933783531, 0.03282191976904869]"
cm-light,object,406,277,94,0,0.13181011378765106,"[94, 261, 170, 73, 21]","[0.13181011378765106, 0.13141687214374542, 0.08611603081226349, 0.079087994992733, 0.07070813328027725]"
cm-light,object,407,375,701,0,0.16296908259391785,"[701, 812, 127, 138, 21]","[0.16296908259391785, 0.1455715000629425, 0.10824745893478394, 0.07079840451478958, 0.05865471810102463]"
cm-light,object,408,26,59,0,0.17061708867549896,"[59, 95, 92, 141, 128]","[0.17061708867549896, 0.14817702770233154, 0.1360977441072464, 0.07110371440649033, 0.05842776969075203]"
cm-light,object,409,295,24,0,0.2600179612636566,"[24, 141, 94, 87, 13]","[0.2600179612636566, 0.10244534909725189, 0.08861923962831497, 0.06047394871711731, 0.041596248745918274]"
cm-light,object,410,674,319,0,0.9378223419189453,"[319, 674, 320, 316, 448]","[0.9378223419189453, 0.0066177379339933395, 0.005844317842274904, 0.004289275500923395, 0.0024191460106521845]"
cm-light,object,411,57,59,0,0.1373799741268158,"[59, 319, 488, 404, 42]","[0.1373799741268158, 0.09329840540885925, 0.06415075808763504, 0.06289006024599075, 0.06196010857820511]"
cm-light,object,412,59,313,0,0.18762904405593872,"[313, 111, 141, 59, 143]","[0.18762904405593872, 0.1821242868900299, 0.10965178906917572, 0.08842630684375763, 0.06498090922832489]"
cm-light,object,413,357,448,0,0.050378069281578064,"[448, 21, 224, 100, 23]","[0.050378069281578064, 0.04626989737153053, 0.039899393916130066, 0.03654966875910759, 0.03330082818865776]"
cm-light,object,414,336,12,0,0.5717955827713013,"[12, 94, 23, 21, 141]","[0.5717955827713013, 0.11850766092538834, 0.10087286680936813, 0.045608021318912506, 0.035131197422742844]"
cm-light,object,415,86,86,1,0.07210885733366013,"[86, 82, 701, 23, 557]","[0.07210885733366013, 0.07110650837421417, 0.0687083974480629, 0.044780757278203964, 0.03715575486421585]"
cm-light,object,416,62,139,0,0.3211939036846161,"[139, 144, 141, 142, 42]","[0.3211939036846161, 0.06089062988758087, 0.060574501752853394, 0.05634782463312149, 0.05161362141370773]"
cm-light,object,417,677,92,0,0.3591889441013336,"[92, 319, 320, 517, 95]","[0.3591889441013336, 0.17124730348587036, 0.14501699805259705, 0.03220905363559723, 0.02589351497590542]"
cm-light,object,418,387,87,0,0.29801681637763977,"[87, 94, 23, 358, 22]","[0.29801681637763977, 0.2534760534763336, 0.11868146806955338, 0.05147542431950569, 0.03067079372704029]"
cm-light,object,419,85,701,0,0.21011953055858612,"[701, 141, 138, 78, 21]","[0.21011953055858612, 0.10204795002937317, 0.06429654359817505, 0.052684105932712555, 0.051658354699611664]"
cm-light,object,420,544,80,0,0.06660738587379456,"[80, 326, 56, 455, 616]","[0.06660738587379456, 0.0556359700858593, 0.0456261932849884, 0.044115640223026276, 0.03748186677694321]"
cm-light,object,421,77,92,0,0.1729840189218521,"[92, 16, 73, 78, 319]","[0.1729840189218521, 0.12822328507900238, 0.09602993726730347, 0.07655050605535507, 0.07393155246973038]"
cm-light,object,422,357,23,0,0.17027847468852997,"[23, 95, 12, 21, 22]","[0.17027847468852997, 0.14263708889484406, 0.09655919671058655, 0.07856753468513489, 0.05598019063472748]"
cm-light,object,423,383,701,0,0.07839890569448471,"[701, 863, 645, 783, 63]","[0.07839890569448471, 0.07019969820976257, 0.063026063144207, 0.061092257499694824, 0.044779930263757706]"
cm-light,object,424,277,92,0,0.47598546743392944,"[92, 86, 12, 21, 11]","[0.47598546743392944, 0.08774911612272263, 0.08342479914426804, 0.08300600945949554, 0.05982286110520363]"
cm-light,object,425,803,88,0,0.23660041391849518,"[88, 611, 100, 883, 183]","[0.23660041391849518, 0.06375885754823685, 0.05913614109158516, 0.05309672653675079, 0.03093102015554905]"
cm-light,object,426,792,668,0,0.1996847540140152,"[668, 557, 517, 701, 895]","[0.1996847540140152, 0.15508942306041718, 0.0522526316344738, 0.03918983042240143, 0.03468627482652664]"
cm-light,object,427,795,127,0,0.10266787558794022,"[127, 143, 129, 895, 128]","[0.10266787558794022, 0.08962703496217728, 0.07840681076049805, 0.07027202099561691, 0.05963806435465813]"
cm-light,object,428,83,83,1,0.8152744770050049,"[83, 679, 584, 451, 36]","[0.8152744770050049, 0.017371708527207375, 0.01178054604679346, 0.010448100045323372, 0.007243243046104908]"
cm-light,object,429,24,73,0,0.13182157278060913,"[73, 701, 78, 21, 677]","[0.13182157278060913, 0.07612346112728119, 0.04640086367726326, 0.046124015003442764, 0.044603362679481506]"
cm-light,object,430,802,802,1,0.15964536368846893,"[802, 701, 25, 319, 90]","[0.15964536368846893, 0.15017731487751007, 0.07998945564031601, 0.04317394271492958, 0.041623909026384354]"
cm-light,object,431,491,701,0,0.6808332800865173,"[701, 138, 78, 895, 22]","[0.6808332800865173, 0.02816528081893921, 0.021291688084602356, 0.02034182846546173, 0.01795177161693573]"
cm-light,object,432,277,21,0,0.7255987524986267,"[21, 94, 80, 10, 73]","[0.7255987524986267, 0.10042492300271988, 0.02780485525727272, 0.02538989670574665, 0.019209856167435646]"
cm-light,object,433,802,802,1,0.2866242229938507,"[802, 812, 895, 404, 814]","[0.2866242229938507, 0.16777309775352478, 0.10043348371982574, 0.09486016631126404, 0.061058949679136276]"
cm-light,object,434,802,701,0,0.35268664360046387,"[701, 802, 895, 740, 491]","[0.35268664360046387, 0.3108992576599121, 0.044610410928726196, 0.03893201798200607, 0.03372670337557793]"
cm-light,object,435,516,895,0,0.2394295334815979,"[895, 516, 319, 404, 908]","[0.2394295334815979, 0.19844788312911987, 0.10313519835472107, 0.0695485770702362, 0.033830322325229645]"
cm-light,object,436,13,13,1,0.40460658073425293,"[13, 16, 10, 15, 21]","[0.40460658073425293, 0.39313846826553345, 0.1556791365146637, 0.009334923699498177, 0.008121483027935028]"
cm-light,object,437,296,296,1,0.486236572265625,"[296, 89, 87, 270, 257]","[0.486236572265625, 0.3713822066783905, 0.05435263738036156, 0.025986870750784874, 0.015874642878770828]"
cm-light,object,438,425,701,0,0.38936886191368103,"[701, 448, 425, 405, 812]","[0.38936886191368103, 0.12672652304172516, 0.1042165607213974, 0.041273657232522964, 0.0284335408359766]"
cm-light,object,439,223,21,0,0.20446334779262543,"[21, 701, 23, 895, 405]","[0.20446334779262543, 0.16852782666683197, 0.16422685980796814, 0.0877167135477066, 0.06392832100391388]"
cm-light,object,440,795,129,0,0.20281974971294403,"[129, 127, 141, 138, 128]","[0.20281974971294403, 0.16678376495838165, 0.09402903914451599, 0.06450828164815903, 0.05859866365790367]"
cm-light,object,441,13,13,1,0.3116993308067322,"[13, 21, 10, 94, 95]","[0.3116993308067322, 0.16410228610038757, 0.09881116449832916, 0.08317266404628754, 0.03589918464422226]"
cm-light,object,442,227,171,0,0.1020454689860344,"[171, 676, 349, 180, 236]","[0.1020454689860344, 0.08887230604887009, 0.08791174739599228, 0.07638094574213028, 0.0599154494702816]"
cm-light,object,443,867,886,0,0.10631723701953888,"[886, 812, 701, 771, 534]","[0.10631723701953888, 0.0481596514582634, 0.04198094457387924, 0.03449701890349388, 0.03420017287135124]"
cm-light,object,444,232,19,0,0.39660993218421936,"[19, 196, 22, 16, 18]","[0.39660993218421936, 0.0976332426071167, 0.0662761926651001, 0.04855000600218773, 0.048311080783605576]"
cm-light,object,445,795,143,0,0.14328764379024506,"[143, 895, 404, 128, 78]","[0.14328764379024506, 0.10269872099161148, 0.06914402544498444, 0.0552976056933403, 0.04563754051923752]"
cm-light,object,446,81,129,0,0.4703211784362793,"[129, 127, 132, 22, 81]","[0.4703211784362793, 0.32977843284606934, 0.10818883031606674, 0.014224277809262276, 0.012952749617397785]"
cm-light,object,447,238,22,0,0.2379114180803299,"[22, 701, 143, 21, 23]","[0.2379114180803299, 0.14588239789009094, 0.12956871092319489, 0.09432458132505417, 0.06715234369039536]"
cm-light,object,448,296,21,0,0.5335518717765808,"[21, 87, 356, 132, 13]","[0.5335518717765808, 0.1698254942893982, 0.11523373425006866, 0.019430827349424362, 0.017712445929646492]"
cm-light,object,449,172,172,1,0.24014626443386078,"[172, 88, 129, 134, 354]","[0.24014626443386078, 0.21341867744922638, 0.14925675094127655, 0.13424789905548096, 0.04850100353360176]"
cm-light,object,450,178,23,0,0.4576180875301361,"[23, 127, 21, 22, 490]","[0.4576180875301361, 0.2186277061700821, 0.11136601120233536, 0.01771927811205387, 0.011474953033030033]"
cm-light,object,451,803,701,0,0.2473142296075821,"[701, 895, 510, 404, 405]","[0.2473142296075821, 0.15464888513088226, 0.0820186510682106, 0.029256340116262436, 0.028395267203450203]"
cm-light,object,452,331,87,0,0.7142610549926758,"[87, 13, 21, 138, 134]","[0.7142610549926758, 0.06557907164096832, 0.05815987288951874, 0.032473839819431305, 0.016556493937969208]"
cm-light,object,453,292,319,0,0.07593262940645218,"[319, 846, 448, 697, 883]","[0.07593262940645218, 0.07190850377082825, 0.049079399555921555, 0.04146982729434967, 0.04005633294582367]"
cm-light,object,454,787,89,0,0.27268853783607483,"[89, 132, 701, 146, 129]","[0.27268853783607483, 0.1757127344608307, 0.10601083189249039, 0.0800609439611435, 0.04701659083366394]"
cm-light,object,455,231,13,0,0.288328617811203,"[13, 10, 12, 129, 11]","[0.288328617811203, 0.19967445731163025, 0.12032639980316162, 0.06138800084590912, 0.05076543986797333]"
cm-light,object,456,81,81,1,0.8478992581367493,"[81, 129, 87, 85, 134]","[0.8478992581367493, 0.04340554028749466, 0.028701161965727806, 0.0044345548376441, 0.004333754535764456]"
cm-light,object,457,803,895,0,0.15465933084487915,"[895, 404, 803, 818, 491]","[0.15465933084487915, 0.05064566805958748, 0.04302002862095833, 0.037795450538396835, 0.029444264248013496]"
cm-light,object,458,792,701,0,0.5762442946434021,"[701, 405, 812, 143, 895]","[0.5762442946434021, 0.08307208865880966, 0.06539072096347809, 0.02775293029844761, 0.022886650636792183]"
cm-light,object,459,654,609,0,0.2764342427253723,"[609, 895, 754, 144, 783]","[0.2764342427253723, 0.08141385763883591, 0.04062483087182045, 0.02470972016453743, 0.021281838417053223]"
cm-light,object,460,170,21,0,0.3544713854789734,"[21, 10, 87, 269, 13]","[0.3544713854789734, 0.1119319349527359, 0.07329384982585907, 0.04259776324033737, 0.039826761931180954]"
cm-light,object,461,199,23,0,0.3894546926021576,"[23, 22, 21, 199, 80]","[0.3894546926021576, 0.2718217372894287, 0.08240287005901337, 0.0785469263792038, 0.064766526222229]"
cm-light,object,462,795,404,0,0.21301627159118652,"[404, 143, 129, 812, 261]","[0.21301627159118652, 0.08485157787799835, 0.05150652304291725, 0.027576345950365067, 0.02730502188205719]"
cm-light,object,463,802,701,0,0.6658769249916077,"[701, 14, 17, 12, 90]","[0.6658769249916077, 0.04623904824256897, 0.016309456899762154, 0.01523645594716072, 0.014538048766553402]"
cm-light,object,464,198,87,0,0.15927664935588837,"[87, 21, 24, 196, 198]","[0.15927664935588837, 0.13928069174289703, 0.13133828341960907, 0.08965850621461868, 0.06610430032014847]"
cm-light,object,465,209,143,0,0.34155145287513733,"[143, 21, 80, 349, 271]","[0.34155145287513733, 0.16143028438091278, 0.06405491381883621, 0.05943583697080612, 0.03572940081357956]"
cm-light,object,466,247,701,0,0.42547115683555603,"[701, 552, 23, 92, 953]","[0.42547115683555603, 0.06261830031871796, 0.056640829890966415, 0.04629834368824959, 0.04102146252989769]"
cm-light,object,467,224,21,0,0.711506187915802,"[21, 22, 23, 80, 94]","[0.711506187915802, 0.16965331137180328, 0.026372404769062996, 0.010144736617803574, 0.009818793274462223]"
cm-light,object,468,258,258,1,0.7348011136054993,"[258, 270, 248, 89, 222]","[0.7348011136054993, 0.11942028999328613, 0.02147850953042507, 0.02002527192234993, 0.015129915438592434]"
cm-light,object,469,13,94,0,0.21256865561008453,"[94, 141, 13, 21, 129]","[0.21256865561008453, 0.12558917701244354, 0.10731962323188782, 0.10601884871721268, 0.10486486554145813]"
cm-light,object,470,339,129,0,0.18610525131225586,"[129, 339, 273, 16, 253]","[0.18610525131225586, 0.1369127333164215, 0.07251554727554321, 0.07108034938573837, 0.04117382690310478]"
cm-light,object,471,888,888,1,0.9737697839736938,"[888, 499, 557, 709, 520]","[0.9737697839736938, 0.004143840633332729, 0.003173849545419216, 0.001762782339937985, 0.0011700484901666641]"
cm-light,object,472,258,270,0,0.181065633893013,"[270, 89, 21, 203, 189]","[0.181065633893013, 0.09526140242815018, 0.0833868756890297, 0.08054240792989731, 0.06601850688457489]"
cm-light,object,473,792,895,0,0.2700899839401245,"[895, 701, 405, 138, 812]","[0.2700899839401245, 0.18188755214214325, 0.06692538410425186, 0.038417428731918335, 0.03597166761755943]"
cm-light,object,474,792,128,0,0.16080385446548462,"[128, 92, 127, 143, 141]","[0.16080385446548462, 0.14704662561416626, 0.12302140146493912, 0.09749433398246765, 0.041635166853666306]"
cm-light,object,475,346,21,0,0.1277359575033188,"[21, 16, 87, 23, 22]","[0.1277359575033188, 0.11316821724176407, 0.10949200391769409, 0.04102032259106636, 0.04019550979137421]"
cm-light,object,476,671,671,1,0.3337341845035553,"[671, 892, 409, 763, 600]","[0.3337341845035553, 0.175199955701828, 0.052371758967638016, 0.04079549014568329, 0.037443652749061584]"
cm-light,object,477,724,540,0,0.24899524450302124,"[540, 724, 510, 895, 403]","[0.24899524450302124, 0.08043749630451202, 0.06130676344037056, 0.05312022566795349, 0.04946478456258774]"
cm-light,object,478,394,129,0,0.3797861933708191,"[129, 127, 895, 21, 812]","[0.3797861933708191, 0.08863962441682816, 0.08357655256986618, 0.037090349942445755, 0.02782703936100006]"
cm-light,object,479,672,701,0,0.9151992201805115,"[701, 417, 405, 89, 90]","[0.9151992201805115, 0.030266549438238144, 0.005743168294429779, 0.004751478787511587, 0.002446419559419155]"
cm-light,object,480,289,82,0,0.5014215111732483,"[82, 81, 21, 135, 86]","[0.5014215111732483, 0.06191176548600197, 0.043835368007421494, 0.037996962666511536, 0.02501392364501953]"
cm-light,object,481,818,818,1,0.4262475371360779,"[818, 618, 451, 506, 518]","[0.4262475371360779, 0.03193742409348488, 0.0313262976706028, 0.031206993386149406, 0.03098209947347641]"
cm-light,object,482,853,23,0,0.2898052930831909,"[23, 21, 913, 87, 177]","[0.2898052930831909, 0.14560213685035706, 0.12984462082386017, 0.028416240587830544, 0.022641697898507118]"
cm-light,object,483,239,22,0,0.6925801038742065,"[22, 21, 18, 143, 87]","[0.6925801038742065, 0.04699046164751053, 0.032754767686128616, 0.02701110579073429, 0.02463565208017826]"
cm-light,object,484,425,425,1,0.7367469668388367,"[425, 462, 750, 449, 853]","[0.7367469668388367, 0.052026569843292236, 0.02614564076066017, 0.012836025096476078, 0.011099970899522305]"
cm-light,object,485,355,127,0,0.7169448733329773,"[127, 16, 21, 129, 134]","[0.7169448733329773, 0.059128839522600174, 0.04759480059146881, 0.025753697380423546, 0.018178146332502365]"
cm-light,object,486,863,863,1,0.8994051814079285,"[863, 442, 557, 920, 852]","[0.8994051814079285, 0.03663221374154091, 0.006125904154032469, 0.004971417598426342, 0.004266040865331888]"
cm-light,object,487,349,701,0,0.7499641180038452,"[701, 78, 895, 405, 12]","[0.7499641180038452, 0.0319293774664402, 0.026669595390558243, 0.01867409236729145, 0.017785191535949707]"
cm-light,object,488,703,745,0,0.09275979548692703,"[745, 319, 759, 811, 662]","[0.09275979548692703, 0.0525791198015213, 0.051003411412239075, 0.04541729390621185, 0.0428692027926445]"
cm-light,object,489,425,448,0,0.33584409952163696,"[448, 425, 698, 832, 755]","[0.33584409952163696, 0.17435745894908905, 0.06024231016635895, 0.04799753054976463, 0.034659598022699356]"
cm-light,object,490,795,404,0,0.30038711428642273,"[404, 129, 812, 319, 701]","[0.30038711428642273, 0.11939357966184616, 0.06297401338815689, 0.037419285625219345, 0.022629806771874428]"
cm-light,object,491,690,895,0,0.18610450625419617,"[895, 94, 774, 701, 12]","[0.18610450625419617, 0.0560869462788105, 0.04452624171972275, 0.042996861040592194, 0.0337904691696167]"
cm-light,object,492,672,92,0,0.28509536385536194,"[92, 908, 127, 404, 315]","[0.28509536385536194, 0.12708795070648193, 0.07184963673353195, 0.06588207930326462, 0.04886653274297714]"
cm-light,object,493,671,512,0,0.05113416537642479,"[512, 319, 895, 600, 665]","[0.05113416537642479, 0.04512079060077667, 0.0447562150657177, 0.03909669443964958, 0.03552272170782089]"
cm-light,object,494,81,14,0,0.33922630548477173,"[14, 94, 81, 12, 90]","[0.33922630548477173, 0.14927132427692413, 0.09451738744974136, 0.06827311962842941, 0.06204374134540558]"
cm-light,object,495,733,733,1,0.36130771040916443,"[733, 557, 600, 812, 895]","[0.36130771040916443, 0.07688217610120773, 0.06377575546503067, 0.062351882457733154, 0.03669112175703049]"
cm-light,object,496,672,701,0,0.769970178604126,"[701, 92, 132, 144, 89]","[0.769970178604126, 0.09859998524188995, 0.02938864752650261, 0.025350620970129967, 0.00821743719279766]"
cm-light,object,497,795,143,0,0.1664319634437561,"[143, 128, 138, 404, 127]","[0.1664319634437561, 0.07098767161369324, 0.06802021712064743, 0.05833993852138519, 0.05364973843097687]"
cm-light,object,498,663,510,0,0.13593114912509918,"[510, 895, 812, 12, 319]","[0.13593114912509918, 0.08147788047790527, 0.04871032387018204, 0.0481577105820179, 0.03739211708307266]"
cm-light,object,499,705,701,0,0.44294047355651855,"[701, 261, 405, 812, 417]","[0.44294047355651855, 0.05053449422121048, 0.030580151826143265, 0.022527551278471947, 0.017269819974899292]"
cm-light,object,500,675,886,0,0.544185221195221,"[886, 771, 592, 610, 510]","[0.544185221195221, 0.059703897684812546, 0.03067639097571373, 0.023103786632418633, 0.016465412452816963]"
cm-light,object,501,404,404,1,0.9991077780723572,"[404, 895, 908, 812, 405]","[0.9991077780723572, 0.0007345774793066084, 9.53318813117221e-05, 3.4543158108135685e-05, 2.2465661459136754e-05]"
cm-light,object,502,609,701,0,0.49531352519989014,"[701, 17, 419, 898, 812]","[0.49531352519989014, 0.02662372961640358, 0.0193004347383976, 0.015947820618748665, 0.015933522954583168]"
cm-light,object,503,672,701,0,0.8927285075187683,"[701, 405, 417, 144, 134]","[0.8927285075187683, 0.04121557995676994, 0.015115081332623959, 0.010879616253077984, 0.0028790512587875128]"
cm-light,object,504,915,915,1,0.5945172309875488,"[915, 134, 727, 538, 807]","[0.5945172309875488, 0.09181471168994904, 0.08374331891536713, 0.021985361352562904, 0.020156679674983025]"
cm-light,object,505,336,350,0,0.27960360050201416,"[350, 294, 9, 266, 347]","[0.27960360050201416, 0.17935052514076233, 0.08831112831830978, 0.03888905793428421, 0.03804954141378403]"
cm-light,object,506,515,141,0,0.11828117817640305,"[141, 21, 701, 127, 99]","[0.11828117817640305, 0.0764211043715477, 0.06283807009458542, 0.055376291275024414, 0.051331814378499985]"
cm-light,object,507,425,425,1,0.7019549608230591,"[425, 87, 462, 538, 853]","[0.7019549608230591, 0.07208599150180817, 0.06948214024305344, 0.009072214365005493, 0.008742829784750938]"
cm-light,object,508,404,404,1,0.9862076044082642,"[404, 769, 812, 845, 405]","[0.9862076044082642, 0.005328025668859482, 0.0019334608223289251, 0.000724041776265949, 0.0007007715757936239]"
cm-light,object,509,724,510,0,0.0857476145029068,"[510, 701, 554, 611, 804]","[0.0857476145029068, 0.06183138117194176, 0.045132387429475784, 0.03939010575413704, 0.026919076219201088]"
cm-light,object,510,718,858,0,0.5289385318756104,"[858, 769, 642, 718, 683]","[0.5289385318756104, 0.06691668927669525, 0.0571175143122673, 0.03664448857307434, 0.023265838623046875]"
cm-light,object,511,671,701,0,0.11319316923618317,"[701, 261, 199, 128, 92]","[0.11319316923618317, 0.07186317443847656, 0.06912972033023834, 0.042377930134534836, 0.027775803580880165]"
cm-light,object,512,147,21,0,0.12349799275398254,"[21, 144, 677, 197, 94]","[0.12349799275398254, 0.05305378511548042, 0.04717506468296051, 0.04427916929125786, 0.03641705960035324]"
cm-light,object,513,484,484,1,0.6385565996170044,"[484, 812, 448, 871, 583]","[0.6385565996170044, 0.05669192969799042, 0.044776663184165955, 0.039837002754211426, 0.027474649250507355]"
cm-light,object,514,449,701,0,0.7863861918449402,"[701, 812, 405, 21, 261]","[0.7863861918449402, 0.01993529498577118, 0.013191191479563713, 0.012000864371657372, 0.007689009886234999]"
cm-light,object,515,842,701,0,0.23136672377586365,"[701, 405, 404, 143, 128]","[0.23136672377586365, 0.14210426807403564, 0.11651737242937088, 0.07516952604055405, 0.048347387462854385]"
cm-light,object,516,708,895,0,0.09388836473226547,"[895, 913, 755, 708, 519]","[0.09388836473226547, 0.05864781141281128, 0.050002314150333405, 0.035736676305532455, 0.030867520719766617]"
cm-light,object,517,393,701,0,0.47562485933303833,"[701, 417, 812, 783, 144]","[0.47562485933303833, 0.07650390267372131, 0.04353305324912071, 0.03293697535991669, 0.021974701434373856]"
cm-light,object,518,862,733,0,0.32403501868247986,"[733, 862, 920, 846, 448]","[0.32403501868247986, 0.05451631918549538, 0.045976392924785614, 0.04371941089630127, 0.0353349968791008]"
cm-light,object,519,625,625,1,0.9746715426445007,"[625, 554, 510, 517, 781]","[0.9746715426445007, 0.017544839531183243, 0.002782251685857773, 0.0013991361483931541, 0.0005072494386695325]"
cm-light,object,520,977,895,0,0.29232925176620483,"[895, 310, 404, 701, 143]","[0.29232925176620483, 0.05364621430635452, 0.03967868909239769, 0.03863321244716644, 0.03766992315649986]"
cm-light,object,521,536,733,0,0.1147402748465538,"[733, 557, 92, 600, 261]","[0.1147402748465538, 0.07001835852861404, 0.046456433832645416, 0.03581042215228081, 0.03522665053606033]"
cm-light,object,522,472,404,0,0.24628353118896484,"[404, 405, 895, 812, 662]","[0.24628353118896484, 0.13404564559459686, 0.12843886017799377, 0.0346178375184536, 0.03236457332968712]"
cm-light,object,523,437,812,0,0.17632260918617249,"[812, 844, 448, 920, 557]","[0.17632260918617249, 0.07987693697214127, 0.070562444627285, 0.0697016641497612, 0.05238202586770058]"
cm-light,object,524,393,701,0,0.8648226261138916,"[701, 301, 22, 92, 417]","[0.8648226261138916, 0.038742437958717346, 0.033841803669929504, 0.009176536463201046, 0.005622030235826969]"
cm-light,object,525,394,87,0,0.32147666811943054,"[87, 141, 14, 21, 17]","[0.32147666811943054, 0.23374813795089722, 0.07964766025543213, 0.034093499183654785, 0.03293142095208168]"
cm-light,object,526,147,80,0,0.1423274278640747,"[80, 824, 448, 143, 100]","[0.1423274278640747, 0.09626241028308868, 0.09084940701723099, 0.0765429362654686, 0.07347483932971954]"
cm-light,object,527,437,657,0,0.20784157514572144,"[657, 812, 744, 846, 442]","[0.20784157514572144, 0.1975766122341156, 0.11166944354772568, 0.04891068860888481, 0.027666857466101646]"
cm-light,object,528,373,12,0,0.23885618150234222,"[12, 94, 95, 141, 43]","[0.23885618150234222, 0.21789726614952087, 0.08934388309717178, 0.06959701329469681, 0.06789234280586243]"
cm-light,object,529,147,143,0,0.13192778825759888,"[143, 23, 701, 21, 22]","[0.13192778825759888, 0.11515619605779648, 0.08805877715349197, 0.08109261095523834, 0.07585880160331726]"
cm-light,object,530,143,21,0,0.2301131635904312,"[21, 94, 143, 129, 128]","[0.2301131635904312, 0.18375429511070251, 0.09027092903852463, 0.07153934985399246, 0.05205904692411423]"
cm-light,object,531,625,625,1,0.9882839918136597,"[625, 554, 510, 833, 404]","[0.9882839918136597, 0.004161050543189049, 0.002377713331952691, 0.0005966068711131811, 0.00059170724125579]"
cm-light,object,532,833,510,0,0.6642279624938965,"[510, 554, 625, 403, 833]","[0.6642279624938965, 0.06696408987045288, 0.05427398160099983, 0.04673777520656586, 0.03699148818850517]"
cm-light,object,533,403,319,0,0.3761312961578369,"[319, 510, 403, 404, 628]","[0.3761312961578369, 0.1525258719921112, 0.10132766515016556, 0.04796460270881653, 0.043624356389045715]"
cm-light,object,534,914,484,0,0.22482573986053467,"[484, 448, 914, 780, 404]","[0.22482573986053467, 0.13899146020412445, 0.11284923553466797, 0.10573852062225342, 0.0549812838435173]"
cm-light,object,535,484,812,0,0.17903907597064972,"[812, 484, 557, 733, 448]","[0.17903907597064972, 0.12815630435943604, 0.11959342658519745, 0.04628520458936691, 0.043980855494737625]"
cm-light,object,536,148,404,0,0.6808264255523682,"[404, 128, 895, 143, 18]","[0.6808264255523682, 0.10204904526472092, 0.10133150219917297, 0.033370617777109146, 0.014737044461071491]"
cm-light,object,537,554,510,0,0.23778587579727173,"[510, 895, 404, 812, 701]","[0.23778587579727173, 0.16585063934326172, 0.11661818623542786, 0.09674831479787827, 0.0702359601855278]"
cm-light,object,538,814,310,0,0.14940088987350464,"[310, 53, 814, 303, 404]","[0.14940088987350464, 0.09373042732477188, 0.08811037987470627, 0.04560023173689842, 0.03559217229485512]"
cm-light,object,539,983,972,0,0.1891479343175888,"[972, 962, 329, 973, 987]","[0.1891479343175888, 0.07141422480344772, 0.062271010130643845, 0.06177292391657829, 0.05302228033542633]"
cm-light,object,540,267,852,0,0.11207301914691925,"[852, 265, 266, 267, 189]","[0.11207301914691925, 0.10859796404838562, 0.09204748272895813, 0.09017953276634216, 0.07261873781681061]"
cm-light,object,541,625,701,0,0.38662344217300415,"[701, 557, 510, 812, 846]","[0.38662344217300415, 0.055647868663072586, 0.035436950623989105, 0.034938912838697433, 0.030677659437060356]"
cm-light,object,542,554,129,0,0.14201660454273224,"[129, 143, 405, 127, 128]","[0.14201660454273224, 0.13749422132968903, 0.12534725666046143, 0.09559107571840286, 0.0700579509139061]"
cm-light,object,543,554,404,0,0.15462705492973328,"[404, 742, 559, 694, 772]","[0.15462705492973328, 0.1255864053964615, 0.07841259986162186, 0.06014150753617287, 0.030443808063864708]"
cm-light,object,544,554,701,0,0.19836562871932983,"[701, 812, 510, 319, 138]","[0.19836562871932983, 0.055912286043167114, 0.05477011203765869, 0.05015898868441582, 0.027704769745469093]"
cm-light,object,545,625,625,1,0.8108493089675903,"[625, 404, 510, 895, 554]","[0.8108493089675903, 0.041636351495981216, 0.0384676493704319, 0.021226581186056137, 0.018466928973793983]"
cm-light,object,546,437,701,0,0.09817374497652054,"[701, 261, 199, 128, 92]","[0.09817374497652054, 0.07389082759618759, 0.06296622008085251, 0.03772144764661789, 0.028677113354206085]"
cm-light,object,547,146,129,0,0.10575823485851288,"[129, 356, 87, 354, 170]","[0.10575823485851288, 0.07355722784996033, 0.06140543520450592, 0.03865169361233711, 0.0384506992995739]"
cm-light,object,548,625,625,1,0.6482230424880981,"[625, 538, 442, 694, 510]","[0.6482230424880981, 0.08642379939556122, 0.06520146131515503, 0.04903556779026985, 0.03000764548778534]"
cm-light,object,549,148,143,0,0.13445445895195007,"[143, 127, 21, 307, 895]","[0.13445445895195007, 0.1255546659231186, 0.07661465555429459, 0.07547146826982498, 0.06911314278841019]"
cm-light,object,550,914,895,0,0.19238890707492828,"[895, 780, 812, 914, 404]","[0.19238890707492828, 0.09758343547582626, 0.09317339956760406, 0.08041085302829742, 0.04615563899278641]"
cm-light,object,551,484,484,1,0.39857932925224304,"[484, 510, 812, 780, 724]","[0.39857932925224304, 0.12148761749267578, 0.05662931129336357, 0.05379610136151314, 0.05290113762021065]"
cm-light,object,552,484,404,0,0.37993156909942627,"[404, 484, 517, 446, 871]","[0.37993156909942627, 0.19051852822303772, 0.0740002691745758, 0.03859100118279457, 0.029412880539894104]"
cm-light,object,553,115,129,0,0.5242814421653748,"[129, 952, 989, 417, 22]","[0.5242814421653748, 0.1575600653886795, 0.09365568310022354, 0.05453512817621231, 0.03824268653988838]"
cm-light,object,554,775,701,0,0.3217490017414093,"[701, 321, 143, 23, 80]","[0.3217490017414093, 0.17125338315963745, 0.03655529022216797, 0.03302674740552902, 0.03244631737470627]"
cm-light,object,555,115,318,0,0.13365381956100464,"[318, 90, 307, 64, 38]","[0.13365381956100464, 0.12837974727153778, 0.08079531788825989, 0.07526162266731262, 0.07299645245075226]"
cm-light,object,556,484,484,1,0.5079370737075806,"[484, 871, 812, 780, 733]","[0.5079370737075806, 0.2552887201309204, 0.0941561684012413, 0.02074919268488884, 0.014838739298284054]"
cm-light,object,557,4,143,0,0.1727914959192276,"[143, 404, 405, 22, 701]","[0.1727914959192276, 0.16792833805084229, 0.08807853609323502, 0.08130131661891937, 0.06937655806541443]"
cm-light,object,558,983,25,0,0.15508005023002625,"[25, 701, 895, 80, 23]","[0.15508005023002625, 0.14801271259784698, 0.07019037008285522, 0.06679967790842056, 0.055005695670843124]"
cm-light,object,559,842,701,0,0.5057196617126465,"[701, 14, 405, 404, 895]","[0.5057196617126465, 0.0942554697394371, 0.06002669036388397, 0.04466525837779045, 0.024760844185948372]"
cm-light,object,560,115,614,0,0.12311606854200363,"[614, 506, 494, 783, 616]","[0.12311606854200363, 0.09411689639091492, 0.08441879600286484, 0.08197169750928879, 0.05562697723507881]"
cm-light,object,561,391,87,0,0.3339817225933075,"[87, 317, 146, 89, 16]","[0.3339817225933075, 0.0715198665857315, 0.05230848863720894, 0.03914807736873627, 0.0360291488468647]"
cm-light,object,562,123,319,0,0.141888827085495,"[319, 78, 139, 12, 308]","[0.141888827085495, 0.1404556781053543, 0.10086778551340103, 0.0810915157198906, 0.05301770567893982]"
cm-light,object,563,253,351,0,0.12118173390626907,"[351, 172, 350, 253, 173]","[0.12118173390626907, 0.11218022555112839, 0.10837051272392273, 0.07562335580587387, 0.06354542821645737]"
cm-light,object,564,484,484,1,0.43158212304115295,"[484, 871, 895, 404, 657]","[0.43158212304115295, 0.22551530599594116, 0.10628234595060349, 0.07693294435739517, 0.06761904805898666]"
cm-light,object,565,437,846,0,0.3046479821205139,"[846, 437, 619, 553, 804]","[0.3046479821205139, 0.06958126276731491, 0.0481700524687767, 0.045461103320121765, 0.04341898113489151]"
cm-light,object,566,148,143,0,0.2890573740005493,"[143, 138, 127, 895, 128]","[0.2890573740005493, 0.11869635432958603, 0.07102128863334656, 0.0637509897351265, 0.051141154021024704]"
cm-light,object,567,147,895,0,0.3204202651977539,"[895, 404, 143, 146, 95]","[0.3204202651977539, 0.09440682083368301, 0.08175896108150482, 0.07995150983333588, 0.046565841883420944]"
cm-light,object,568,148,128,0,0.24538370966911316,"[128, 146, 129, 404, 134]","[0.24538370966911316, 0.23194076120853424, 0.1152019053697586, 0.10080039501190186, 0.059196945279836655]"
cm-light,object,569,608,701,0,0.45333269238471985,"[701, 898, 774, 17, 812]","[0.45333269238471985, 0.044148970395326614, 0.03753986209630966, 0.02443796582520008, 0.020343435928225517]"
cm-light,object,570,62,701,0,0.4828573763370514,"[701, 78, 405, 141, 138]","[0.4828573763370514, 0.042398326098918915, 0.04101309925317764, 0.03884199261665344, 0.024741152301430702]"
cm-light,object,571,972,233,0,0.04944048449397087,"[233, 47, 288, 177, 496]","[0.04944048449397087, 0.049119655042886734, 0.03774853050708771, 0.03546103835105896, 0.03509548306465149]"
cm-light,object,572,139,701,0,0.21272826194763184,"[701, 319, 78, 42, 73]","[0.21272826194763184, 0.10775855928659439, 0.05761281028389931, 0.04916703328490257, 0.03816024959087372]"
cm-light,object,573,354,354,1,0.4369613826274872,"[354, 172, 170, 94, 21]","[0.4369613826274872, 0.21182005107402802, 0.04420478269457817, 0.028775960206985474, 0.01952487975358963]"
cm-light,object,574,140,701,0,0.3189902603626251,"[701, 138, 319, 261, 42]","[0.3189902603626251, 0.07243479043245316, 0.046729739755392075, 0.041055284440517426, 0.034758519381284714]"
cm-light,object,575,437,812,0,0.20939357578754425,"[812, 701, 23, 317, 898]","[0.20939357578754425, 0.05558349937200546, 0.04527495056390762, 0.041120514273643494, 0.037408389151096344]"
cm-light,object,576,529,701,0,0.3543435037136078,"[701, 405, 143, 404, 129]","[0.3543435037136078, 0.18537917733192444, 0.07940126955509186, 0.03244342282414436, 0.03182070702314377]"
cm-light,object,577,66,701,0,0.23166868090629578,"[701, 42, 261, 138, 78]","[0.23166868090629578, 0.0772356316447258, 0.07107453793287277, 0.04515041410923004, 0.04026656225323677]"
cm-light,object,578,511,511,1,0.5588589310646057,"[511, 817, 404, 895, 751]","[0.5588589310646057, 0.20632004737854004, 0.08265605568885803, 0.0344645157456398, 0.023445269092917442]"
cm-light,object,579,376,92,0,0.5328644514083862,"[92, 21, 129, 215, 12]","[0.5328644514083862, 0.3403756022453308, 0.04418686032295227, 0.00878095906227827, 0.00871226005256176]"
cm-light,object,580,404,404,1,0.9778841733932495,"[404, 895, 812, 908, 405]","[0.9778841733932495, 0.014279226772487164, 0.004145596642047167, 0.0016297709662467241, 0.0010054574813693762]"
cm-light,object,581,207,356,0,0.2766573131084442,"[356, 185, 21, 299, 184]","[0.2766573131084442, 0.10510075092315674, 0.10410767048597336, 0.055850110948085785, 0.04483631253242493]"
cm-light,object,582,33,141,0,0.20873217284679413,"[141, 12, 92, 95, 142]","[0.20873217284679413, 0.13851778209209442, 0.10114442557096481, 0.08543988317251205, 0.03826889768242836]"
cm-light,object,583,34,701,0,0.15406078100204468,"[701, 138, 143, 895, 144]","[0.15406078100204468, 0.06758898496627808, 0.05313120037317276, 0.047583576291799545, 0.03901234641671181]"
cm-light,object,584,112,952,0,0.44380149245262146,"[952, 112, 125, 12, 938]","[0.44380149245262146, 0.21273063123226166, 0.06535056978464127, 0.03450685739517212, 0.02408367581665516]"
cm-light,object,585,792,129,0,0.18707582354545593,"[129, 143, 141, 128, 92]","[0.18707582354545593, 0.10392794013023376, 0.0880657508969307, 0.08019464462995529, 0.07121987640857697]"
cm-light,object,586,172,319,0,0.1343795359134674,"[319, 315, 92, 21, 91]","[0.1343795359134674, 0.11173725873231888, 0.1083492636680603, 0.08290102332830429, 0.07060366123914719]"
cm-light,object,587,222,129,0,0.2071540653705597,"[129, 812, 701, 94, 87]","[0.2071540653705597, 0.13732770085334778, 0.10422173887491226, 0.09061343222856522, 0.04889015853404999]"
cm-light,object,588,140,701,0,0.19666966795921326,"[701, 143, 128, 319, 141]","[0.19666966795921326, 0.1522362381219864, 0.08067166805267334, 0.04824623838067055, 0.04297420382499695]"
cm-light,object,589,218,21,0,0.1923995018005371,"[21, 701, 18, 143, 87]","[0.1923995018005371, 0.1250549703836441, 0.1173228770494461, 0.08258270472288132, 0.06729496270418167]"
cm-light,object,590,459,405,0,0.3283810019493103,"[405, 701, 143, 21, 144]","[0.3283810019493103, 0.21235384047031403, 0.08230918645858765, 0.05053720623254776, 0.028118645772337914]"
cm-light,object,591,112,129,0,0.7441533207893372,"[129, 21, 99, 13, 143]","[0.7441533207893372, 0.04205350577831268, 0.02887575700879097, 0.023302976042032242, 0.01236348319798708]"
cm-light,object,592,609,742,0,0.11859041452407837,"[742, 681, 754, 609, 404]","[0.11859041452407837, 0.07263141125440598, 0.06710653752088547, 0.06009984016418457, 0.04003257304430008]"
cm-light,object,593,247,21,0,0.1666678786277771,"[21, 12, 23, 94, 87]","[0.1666678786277771, 0.1342330276966095, 0.09894627332687378, 0.0930766612291336, 0.07688780128955841]"
cm-light,object,594,354,354,1,0.5175439119338989,"[354, 303, 351, 271, 345]","[0.5175439119338989, 0.04778245463967323, 0.026538189500570297, 0.02102797105908394, 0.015102298930287361]"
cm-light,object,595,842,701,0,0.5103867053985596,"[701, 96, 404, 405, 14]","[0.5103867053985596, 0.10602021217346191, 0.07579192519187927, 0.06631286442279816, 0.05914739891886711]"
cm-light,object,596,232,22,0,0.33145979046821594,"[22, 23, 87, 143, 701]","[0.33145979046821594, 0.19970537722110748, 0.11950637400150299, 0.0982525572180748, 0.063177190721035]"
cm-light,object,597,437,701,0,0.10596954822540283,"[701, 261, 199, 128, 92]","[0.10596954822540283, 0.07600037008523941, 0.065171979367733, 0.0369112603366375, 0.028698652982711792]"
cm-light,object,598,386,16,0,0.6228418350219727,"[16, 13, 92, 87, 23]","[0.6228418350219727, 0.07729846984148026, 0.06054995208978653, 0.049478285014629364, 0.0349394753575325]"
cm-light,object,599,145,701,0,0.6659035086631775,"[701, 405, 143, 812, 21]","[0.6659035086631775, 0.08962612599134445, 0.040754981338977814, 0.027989208698272705, 0.022645216435194016]"
cm-light,object,600,193,191,0,0.21125754714012146,"[191, 94, 198, 235, 177]","[0.21125754714012146, 0.09740138053894043, 0.0923551619052887, 0.04727213457226753, 0.04442576318979263]"
cm-light,object,601,79,79,1,0.9418837428092957,"[79, 91, 21, 92, 71]","[0.9418837428092957, 0.011749755591154099, 0.008030401542782784, 0.005148069933056831, 0.004602064844220877]"
cm-light,object,602,139,139,1,0.7665521502494812,"[139, 94, 141, 143, 81]","[0.7665521502494812, 0.05400663986802101, 0.02393910102546215, 0.018829336389899254, 0.010392469353973866]"
cm-light,object,603,814,812,0,0.0858139768242836,"[812, 701, 132, 144, 92]","[0.0858139768242836, 0.07391393184661865, 0.0597730427980423, 0.057260431349277496, 0.04206736385822296]"
cm-light,object,604,765,765,1,0.9058059453964233,"[765, 553, 421, 559, 453]","[0.9058059453964233, 0.014406553469598293, 0.014238684438169003, 0.012830940075218678, 0.005378378555178642]"
cm-light,object,605,677,701,0,0.3959062099456787,"[701, 417, 12, 139, 677]","[0.3959062099456787, 0.04734833166003227, 0.03613037243485451, 0.030280714854598045, 0.030201202258467674]"
cm-light,object,606,792,92,0,0.18842880427837372,"[92, 733, 146, 16, 127]","[0.18842880427837372, 0.10648655146360397, 0.08597750961780548, 0.056286510080099106, 0.04260857403278351]"
cm-light,object,607,652,94,0,0.27053549885749817,"[94, 303, 210, 80, 23]","[0.27053549885749817, 0.09362795948982239, 0.05082542821764946, 0.03434625267982483, 0.030588781461119652]"
cm-light,object,608,707,553,0,0.14779743552207947,"[553, 812, 844, 600, 733]","[0.14779743552207947, 0.12150485068559647, 0.07035554945468903, 0.03805287927389145, 0.02898404933512211]"
cm-light,object,609,863,863,1,0.993240475654602,"[863, 806, 616, 733, 568]","[0.993240475654602, 0.0009789729956537485, 0.0007790091331116855, 0.0006473541725426912, 0.0005357156042009592]"
cm-light,object,610,670,87,0,0.26901498436927795,"[87, 670, 93, 560, 693]","[0.26901498436927795, 0.06974247843027115, 0.040820877999067307, 0.03510817512869835, 0.03479861840605736]"
cm-light,object,611,439,144,0,0.2248297929763794,"[144, 404, 143, 812, 405]","[0.2248297929763794, 0.15002238750457764, 0.04893135279417038, 0.041939567774534225, 0.038976166397333145]"
cm-light,object,612,355,95,0,0.14055326581001282,"[95, 22, 42, 824, 448]","[0.14055326581001282, 0.08432355523109436, 0.07594503462314606, 0.06439196318387985, 0.04886205494403839]"
cm-light,object,613,319,701,0,0.554128110408783,"[701, 21, 23, 895, 143]","[0.554128110408783, 0.05559277534484863, 0.02018536627292633, 0.01817670650780201, 0.016448214650154114]"
cm-light,object,614,778,404,0,0.4527530372142792,"[404, 895, 812, 405, 908]","[0.4527530372142792, 0.2797098159790039, 0.029563775286078453, 0.022494517266750336, 0.0208626389503479]"
cm-light,object,615,958,140,0,0.20627537369728088,"[140, 307, 42, 141, 95]","[0.20627537369728088, 0.16014385223388672, 0.08027259260416031, 0.06453246623277664, 0.060001619160175323]"
cm-light,object,616,879,129,0,0.23953063786029816,"[129, 146, 701, 143, 132]","[0.23953063786029816, 0.13179908692836761, 0.08079322427511215, 0.07948384433984756, 0.06433569639921188]"
cm-light,object,617,70,733,0,0.5629349946975708,"[733, 70, 313, 92, 94]","[0.5629349946975708, 0.13123558461666107, 0.1284811943769455, 0.04874656721949577, 0.02292969636619091]"
cm-light,object,618,471,80,0,0.1800001859664917,"[80, 22, 23, 93, 21]","[0.1800001859664917, 0.1235864982008934, 0.10666600614786148, 0.09029795229434967, 0.08118492364883423]"
cm-light,object,619,583,583,1,0.32086044549942017,"[583, 872, 442, 839, 420]","[0.32086044549942017, 0.20792609453201294, 0.14077143371105194, 0.05156082287430763, 0.03770097717642784]"
cm-light,object,620,792,600,0,0.0928063914179802,"[600, 862, 812, 701, 657]","[0.0928063914179802, 0.06348474323749542, 0.057456910610198975, 0.031914278864860535, 0.026952596381306648]"
cm-light,object,621,583,583,1,0.8801197409629822,"[583, 708, 517, 448, 733]","[0.8801197409629822, 0.02751726657152176, 0.02265690080821514, 0.012844168581068516, 0.00502685597166419]"
cm-light,object,622,7,12,0,0.2073557823896408,"[12, 129, 141, 572, 7]","[0.2073557823896408, 0.19997180998325348, 0.1551949679851532, 0.06870105862617493, 0.05362622067332268]"
cm-light,object,623,86,86,1,0.3779618740081787,"[86, 82, 701, 12, 21]","[0.3779618740081787, 0.073299340903759, 0.06183258444070816, 0.051195207983255386, 0.04362626373767853]"
cm-light,object,624,919,549,0,0.08062981814146042,"[549, 534, 919, 620, 701]","[0.08062981814146042, 0.05607537925243378, 0.046304259449243546, 0.04508313164114952, 0.0380232073366642]"
cm-light,object,625,539,499,0,0.09119834750890732,"[499, 549, 261, 701, 846]","[0.09119834750890732, 0.08403083682060242, 0.06675966084003448, 0.038239993155002594, 0.027616089209914207]"
cm-light,object,626,287,287,1,0.5916643142700195,"[287, 86, 140, 12, 94]","[0.5916643142700195, 0.05947517603635788, 0.032897286117076874, 0.03289725258946419, 0.019587185233831406]"
cm-light,object,627,471,895,0,0.6683545708656311,"[895, 404, 744, 657, 908]","[0.6683545708656311, 0.2518247067928314, 0.0430377759039402, 0.019735855981707573, 0.011947797611355782]"
cm-light,object,628,513,763,0,0.4406115710735321,"[763, 404, 683, 895, 432]","[0.4406115710735321, 0.33595743775367737, 0.026461387053132057, 0.02460922859609127, 0.013606523163616657]"
cm-light,object,629,679,488,0,0.4889546036720276,"[488, 679, 538, 863, 832]","[0.4889546036720276, 0.15750649571418762, 0.029980190098285675, 0.018294690176844597, 0.01501289289444685]"
cm-light,object,630,426,426,1,0.6809545159339905,"[426, 778, 787, 614, 826]","[0.6809545159339905, 0.04820861294865608, 0.022001884877681732, 0.01745614968240261, 0.015058600343763828]"
cm-light,object,631,583,583,1,0.9420178532600403,"[583, 708, 839, 437, 557]","[0.9420178532600403, 0.012067324481904507, 0.011618741787970066, 0.007187409792095423, 0.00581435626372695]"
cm-light,object,632,637,553,0,0.5675359964370728,"[553, 637, 480, 886, 811]","[0.5675359964370728, 0.0885382816195488, 0.03948940709233284, 0.03127511590719223, 0.022906146943569183]"
cm-light,object,633,571,571,1,0.3232404887676239,"[571, 872, 626, 557, 882]","[0.3232404887676239, 0.07324911653995514, 0.032550349831581116, 0.025203479453921318, 0.022599127143621445]"
cm-light,object,634,737,440,0,0.420686274766922,"[440, 737, 557, 442, 846]","[0.420686274766922, 0.22591254115104675, 0.03616800531744957, 0.03311172500252724, 0.02156784199178219]"
cm-light,object,635,463,572,0,0.41644591093063354,"[572, 966, 883, 440, 503]","[0.41644591093063354, 0.1694086641073227, 0.08063830435276031, 0.07719691097736359, 0.03676154091954231]"
cm-light,object,636,520,520,1,0.7230908870697021,"[520, 729, 431, 516, 462]","[0.7230908870697021, 0.13279087841510773, 0.053177859634160995, 0.028147172182798386, 0.008479554206132889]"
cm-light,object,637,458,458,1,0.7255397439002991,"[458, 922, 711, 357, 921]","[0.7255397439002991, 0.14050857722759247, 0.026149077340960503, 0.016617577522993088, 0.016085674986243248]"
cm-light,object,638,427,748,0,0.07320179045200348,"[748, 144, 127, 93, 98]","[0.07320179045200348, 0.05088137462735176, 0.03933023288846016, 0.03583215922117233, 0.0279848650097847]"
cm-light,object,639,651,811,0,0.13304977118968964,"[811, 742, 782, 851, 651]","[0.13304977118968964, 0.06137213110923767, 0.0612831749022007, 0.05912663787603378, 0.057847924530506134]"
cm-light,object,640,846,846,1,0.19409257173538208,"[846, 844, 818, 417, 553]","[0.19409257173538208, 0.09160059690475464, 0.07557031512260437, 0.04940821975469589, 0.04232849180698395]"
cm-light,object,641,896,896,1,0.1471647471189499,"[896, 319, 861, 315, 755]","[0.1471647471189499, 0.06028813123703003, 0.037799589335918427, 0.03445877879858017, 0.0343933142721653]"
cm-light,object,642,45,701,0,0.124238520860672,"[701, 895, 21, 261, 138]","[0.124238520860672, 0.07910901308059692, 0.07111569494009018, 0.05541447177529335, 0.05006932094693184]"
cm-light,object,643,444,665,0,0.4251669943332672,"[665, 444, 671, 870, 87]","[0.4251669943332672, 0.28400152921676636, 0.059373293071985245, 0.04741070792078972, 0.006562439259141684]"
cm-light,object,644,224,199,0,0.2600773274898529,"[199, 224, 21, 177, 252]","[0.2600773274898529, 0.174496129155159, 0.120857372879982, 0.11589082330465317, 0.0716821476817131]"
cm-light,object,645,738,701,0,0.10944728553295135,"[701, 261, 199, 128, 92]","[0.10944728553295135, 0.08125151693820953, 0.072707399725914, 0.03724448382854462, 0.027375418692827225]"
cm-light,object,646,495,583,0,0.39391425251960754,"[583, 799, 495, 604, 556]","[0.39391425251960754, 0.1742832064628601, 0.16882669925689697, 0.04476552456617355, 0.02541442960500717]"
cm-light,object,647,354,13,0,0.5104805827140808,"[13, 17, 87, 140, 356]","[0.5104805827140808, 0.06412672251462936, 0.053662825375795364, 0.04150642454624176, 0.03658415749669075]"
cm-light,object,648,315,313,0,0.7867534160614014,"[313, 132, 141, 315, 127]","[0.7867534160614014, 0.0888858437538147, 0.024932773783802986, 0.01517823338508606, 0.013897296041250229]"
cm-light,object,649,728,404,0,0.739238440990448,"[404, 895, 812, 642, 681]","[0.739238440990448, 0.03041599690914154, 0.025454921647906303, 0.02052396535873413, 0.014004966244101524]"
cm-light,object,650,715,701,0,0.11083035916090012,"[701, 261, 199, 128, 92]","[0.11083035916090012, 0.0775453969836235, 0.06964915990829468, 0.03919309377670288, 0.02708832547068596]"
cm-light,object,651,284,284,1,0.5658298134803772,"[284, 23, 21, 22, 285]","[0.5658298134803772, 0.1124086081981659, 0.05053137242794037, 0.031270042061805725, 0.02089129574596882]"
cm-light,object,652,295,100,0,0.19102072715759277,"[100, 87, 21, 177, 136]","[0.19102072715759277, 0.18030215799808502, 0.10818082839250565, 0.0995502769947052, 0.06155721843242645]"
cm-light,object,653,471,895,0,0.12425246834754944,"[895, 701, 21, 405, 812]","[0.12425246834754944, 0.08921666443347931, 0.0868200808763504, 0.049588873982429504, 0.04569828882813454]"
cm-light,object,654,665,665,1,0.8781366944313049,"[665, 592, 895, 671, 758]","[0.8781366944313049, 0.018528135493397713, 0.01488798763602972, 0.013034704141318798, 0.007926496677100658]"
cm-light,object,655,217,219,0,0.35599827766418457,"[219, 239, 217, 152, 212]","[0.35599827766418457, 0.09274714440107346, 0.08707837760448456, 0.06119465082883835, 0.047882627695798874]"
cm-light,object,656,775,775,1,0.22206303477287292,"[775, 614, 552, 697, 578]","[0.22206303477287292, 0.07541406154632568, 0.07500480115413666, 0.07114503532648087, 0.06323312222957611]"
cm-light,object,657,143,701,0,0.21738147735595703,"[701, 143, 321, 80, 10]","[0.21738147735595703, 0.13006846606731415, 0.07009345293045044, 0.05587761476635933, 0.05182166397571564]"
cm-light,object,658,806,701,0,0.8521236181259155,"[701, 557, 417, 895, 795]","[0.8521236181259155, 0.015377710573375225, 0.006030273623764515, 0.005566944368183613, 0.0038696720730513334]"
cm-light,object,659,171,171,1,0.32072293758392334,"[171, 172, 210, 178, 180]","[0.32072293758392334, 0.11120107769966125, 0.0906761959195137, 0.06973395496606827, 0.06657639890909195]"
cm-light,object,660,637,637,1,0.170809805393219,"[637, 846, 478, 448, 557]","[0.170809805393219, 0.15567752718925476, 0.1108454167842865, 0.07889872044324875, 0.04265011101961136]"
cm-light,object,661,875,701,0,0.2023986577987671,"[701, 22, 143, 895, 23]","[0.2023986577987671, 0.07471732795238495, 0.06855349242687225, 0.06253055483102798, 0.042279455810785294]"
cm-light,object,662,614,614,1,0.8982094526290894,"[614, 775, 448, 87, 496]","[0.8982094526290894, 0.027226123958826065, 0.014259790070354939, 0.007101843599230051, 0.005596961360424757]"
cm-light,object,663,185,185,1,0.40110793709754944,"[185, 193, 182, 186, 255]","[0.40110793709754944, 0.12298408895730972, 0.07996173948049545, 0.0473877377808094, 0.04304555058479309]"
cm-light,object,664,583,583,1,0.6693992614746094,"[583, 812, 733, 442, 517]","[0.6693992614746094, 0.08834414184093475, 0.02862728387117386, 0.023954030126333237, 0.018288902938365936]"
cm-light,object,665,674,59,0,0.35875219106674194,"[59, 64, 674, 319, 40]","[0.35875219106674194, 0.20367799699306488, 0.048196833580732346, 0.035029854625463486, 0.03419271484017372]"
cm-light,object,666,198,198,1,0.3165501356124878,"[198, 196, 285, 177, 94]","[0.3165501356124878, 0.2238643765449524, 0.12833084166049957, 0.09061835706233978, 0.06046630069613457]"
cm-light,object,667,571,812,0,0.5782137513160706,"[812, 701, 451, 699, 844]","[0.5782137513160706, 0.05115169286727905, 0.04444068297743797, 0.03896636888384819, 0.029103387147188187]"
cm-light,object,668,870,665,0,0.22058872878551483,"[665, 758, 818, 600, 870]","[0.22058872878551483, 0.09214353561401367, 0.08947643637657166, 0.06397783011198044, 0.05495969578623772]"
cm-light,object,669,614,614,1,0.7613685727119446,"[614, 697, 679, 431, 411]","[0.7613685727119446, 0.0574624240398407, 0.014463165774941444, 0.01432743389159441, 0.01214336883276701]"
cm-light,object,670,822,701,0,0.13184751570224762,"[701, 405, 419, 845, 846]","[0.13184751570224762, 0.07509315013885498, 0.06363604217767715, 0.042964592576026917, 0.041199322789907455]"
cm-light,object,671,216,359,0,0.14510896801948547,"[359, 219, 356, 358, 373]","[0.14510896801948547, 0.12452138960361481, 0.10899995267391205, 0.075313501060009, 0.06688275933265686]"
cm-light,object,672,209,11,0,0.1290084570646286,"[11, 21, 184, 12, 191]","[0.1290084570646286, 0.1278003305196762, 0.11486184597015381, 0.11100180447101593, 0.060919761657714844]"
cm-light,object,673,775,127,0,0.21367619931697845,"[127, 699, 701, 92, 144]","[0.21367619931697845, 0.13043801486492157, 0.11740759760141373, 0.0968858003616333, 0.04742524027824402]"
cm-light,object,674,559,895,0,0.21384266018867493,"[895, 319, 12, 677, 404]","[0.21384266018867493, 0.05366035923361778, 0.035833682864904404, 0.03554755076766014, 0.029102034866809845]"
cm-light,object,675,830,701,0,0.47170281410217285,"[701, 557, 404, 812, 517]","[0.47170281410217285, 0.07939537614583969, 0.04185410961508751, 0.029920566827058792, 0.026505855843424797]"
cm-light,object,676,532,404,0,0.4606519937515259,"[404, 319, 517, 895, 405]","[0.4606519937515259, 0.10817386955022812, 0.05383767560124397, 0.051833778619766235, 0.03127039596438408]"
cm-light,object,677,233,233,1,0.32218271493911743,"[233, 21, 708, 221, 219]","[0.32218271493911743, 0.06189754977822304, 0.05455131083726883, 0.053041569888591766, 0.032324619591236115]"
cm-light,object,678,765,765,1,0.49060919880867004,"[765, 846, 553, 583, 619]","[0.49060919880867004, 0.07223881036043167, 0.06932875514030457, 0.05167089030146599, 0.026960715651512146]"
cm-light,object,679,428,759,0,0.1268073171377182,"[759, 812, 872, 405, 626]","[0.1268073171377182, 0.0693330243229866, 0.06334500014781952, 0.05623944476246834, 0.04011012241244316]"
cm-light,object,680,765,75,0,0.21927431225776672,"[75, 895, 80, 144, 701]","[0.21927431225776672, 0.17547717690467834, 0.06206103786826134, 0.05143583565950394, 0.028353197500109673]"
cm-light,object,681,420,138,0,0.24296154081821442,"[138, 488, 319, 783, 584]","[0.24296154081821442, 0.1293816864490509, 0.038699161261320114, 0.03329017385840416, 0.03172995522618294]"
cm-light,object,682,571,517,0,0.23511363565921783,"[517, 701, 448, 846, 920]","[0.23511363565921783, 0.13401201367378235, 0.039283525198698044, 0.025927312672138214, 0.023027965798974037]"
cm-light,object,683,177,94,0,0.712295651435852,"[94, 141, 21, 177, 10]","[0.712295651435852, 0.0671846866607666, 0.05084940046072006, 0.027124520391225815, 0.0257631316781044]"
cm-light,object,684,846,846,1,0.8749696612358093,"[846, 517, 619, 319, 733]","[0.8749696612358093, 0.0177556611597538, 0.0162725318223238, 0.016060158610343933, 0.005050132516771555]"
cm-light,object,685,236,21,0,0.24099300801753998,"[21, 16, 10, 214, 22]","[0.24099300801753998, 0.17691776156425476, 0.10560756921768188, 0.051115989685058594, 0.042233821004629135]"
cm-light,object,686,201,701,0,0.32862648367881775,"[701, 138, 812, 321, 23]","[0.32862648367881775, 0.042470403015613556, 0.030711883679032326, 0.029837576672434807, 0.02879270724952221]"
cm-light,object,687,953,42,0,0.22908072173595428,"[42, 307, 303, 84, 47]","[0.22908072173595428, 0.14228001236915588, 0.06588118523359299, 0.05776181071996689, 0.053630612790584564]"
cm-light,object,688,637,844,0,0.25852230191230774,"[844, 553, 920, 534, 771]","[0.25852230191230774, 0.10932542383670807, 0.043156180530786514, 0.038234032690525055, 0.03365284949541092]"
cm-light,object,689,420,701,0,0.3561707139015198,"[701, 138, 143, 319, 600]","[0.3561707139015198, 0.14512789249420166, 0.04800259321928024, 0.04692156985402107, 0.041213084012269974]"
cm-light,object,690,602,733,0,0.2976837158203125,"[733, 702, 602, 517, 92]","[0.2976837158203125, 0.10580595582723618, 0.1027035266160965, 0.07747095078229904, 0.0739692822098732]"
cm-light,object,691,806,767,0,0.07795213907957077,"[767, 696, 448, 701, 812]","[0.07795213907957077, 0.06366559863090515, 0.05608741566538811, 0.04855887219309807, 0.04646908491849899]"
cm-light,object,692,608,132,0,0.10488816350698471,"[132, 610, 117, 701, 750]","[0.10488816350698471, 0.08600664138793945, 0.07858892530202866, 0.07432522624731064, 0.058322738856077194]"
cm-light,object,693,775,22,0,0.1414073258638382,"[22, 783, 140, 23, 80]","[0.1414073258638382, 0.07858128100633621, 0.07665137201547623, 0.06938449293375015, 0.054318465292453766]"
cm-light,object,694,614,701,0,0.37946605682373047,"[701, 783, 319, 614, 317]","[0.37946605682373047, 0.048060785979032516, 0.04035467654466629, 0.031343232840299606, 0.02632155641913414]"
cm-light,object,695,728,553,0,0.1350969672203064,"[553, 771, 731, 736, 448]","[0.1350969672203064, 0.09847231209278107, 0.09845428168773651, 0.07831095904111862, 0.05588749051094055]"
cm-light,object,696,836,701,0,0.6389339566230774,"[701, 405, 404, 895, 21]","[0.6389339566230774, 0.08520808815956116, 0.03448958694934845, 0.01511433720588684, 0.013691718690097332]"
cm-light,object,697,361,128,0,0.32079362869262695,"[128, 21, 87, 18, 143]","[0.32079362869262695, 0.07789675146341324, 0.06974493712186813, 0.06126554310321808, 0.04363956302404404]"
cm-light,object,698,842,701,0,0.5583574175834656,"[701, 405, 844, 681, 417]","[0.5583574175834656, 0.08981343358755112, 0.03347184136509895, 0.021038543432950974, 0.02081255428493023]"
cm-light,object,699,444,326,0,0.14179947972297668,"[326, 138, 319, 21, 409]","[0.14179947972297668, 0.04965461790561676, 0.03555566072463989, 0.030898088589310646, 0.026624055579304695]"
cm-light,object,700,364,42,0,0.19403468072414398,"[42, 12, 43, 47, 94]","[0.19403468072414398, 0.10018462687730789, 0.07121144980192184, 0.057228684425354004, 0.04679675027728081]"
cm-light,object,701,707,553,0,0.11593928933143616,"[553, 812, 733, 604, 583]","[0.11593928933143616, 0.06604311615228653, 0.03413340449333191, 0.02678195759654045, 0.025156574323773384]"
cm-light,object,702,151,235,0,0.5894931554794312,"[235, 227, 237, 151, 238]","[0.5894931554794312, 0.06528215855360031, 0.039472904056310654, 0.030644847080111504, 0.020103804767131805]"
cm-light,object,703,765,900,0,0.21686199307441711,"[900, 506, 437, 863, 920]","[0.21686199307441711, 0.08463089913129807, 0.05541391670703888, 0.0455651618540287, 0.03939066454768181]"
cm-light,object,704,571,442,0,0.42016997933387756,"[442, 812, 862, 440, 497]","[0.42016997933387756, 0.1734183430671692, 0.05728457123041153, 0.020446879789233208, 0.01673048548400402]"
cm-light,object,705,197,23,0,0.32647013664245605,"[23, 18, 16, 22, 13]","[0.32647013664245605, 0.07774745672941208, 0.058509767055511475, 0.04908182471990585, 0.048962514847517014]"
cm-light,object,706,681,128,0,0.13216926157474518,"[128, 701, 143, 127, 144]","[0.13216926157474518, 0.12334660440683365, 0.06366364657878876, 0.060593437403440475, 0.05549406260251999]"
cm-light,object,707,382,10,0,0.07766138017177582,"[10, 448, 22, 21, 883]","[0.07766138017177582, 0.07675593346357346, 0.07103612273931503, 0.05966077744960785, 0.05106571316719055]"
cm-light,object,708,765,699,0,0.23448848724365234,"[699, 520, 442, 663, 708]","[0.23448848724365234, 0.20057034492492676, 0.05857903137803078, 0.04278704896569252, 0.03503268584609032]"
cm-light,object,709,559,144,0,0.23451454937458038,"[144, 701, 895, 900, 557]","[0.23451454937458038, 0.0658685639500618, 0.06324249505996704, 0.05804481729865074, 0.04642415791749954]"
cm-light,object,710,708,10,0,0.10596192628145218,"[10, 144, 92, 16, 138]","[0.10596192628145218, 0.0715300664305687, 0.047189000993967056, 0.04253481701016426, 0.04139639064669609]"
cm-light,object,711,202,216,0,0.22735297679901123,"[216, 181, 356, 129, 349]","[0.22735297679901123, 0.148992121219635, 0.11812533438205719, 0.07176576554775238, 0.03313954547047615]"
cm-light,object,712,469,863,0,0.5991525650024414,"[863, 87, 437, 496, 614]","[0.5991525650024414, 0.14246152341365814, 0.04627510532736778, 0.020567065104842186, 0.01890728622674942]"
cm-light,object,713,875,451,0,0.10640442371368408,"[451, 818, 875, 828, 494]","[0.10640442371368408, 0.09364143013954163, 0.06371847540140152, 0.06079990416765213, 0.05586058273911476]"
cm-light,object,714,284,351,0,0.13202939927577972,"[351, 358, 350, 359, 284]","[0.13202939927577972, 0.092363640666008, 0.07088427990674973, 0.07038982957601547, 0.06865990906953812]"
cm-light,object,715,199,22,0,0.205468088388443,"[22, 23, 21, 199, 127]","[0.205468088388443, 0.2007564753293991, 0.19521589577198029, 0.07977305352687836, 0.02618289180099964]"
cm-light,object,716,529,129,0,0.07737823575735092,"[129, 132, 812, 846, 141]","[0.07737823575735092, 0.06171202287077904, 0.047064851969480515, 0.04089120030403137, 0.03477288410067558]"
cm-light,object,717,157,263,0,0.18075838685035706,"[263, 701, 277, 89, 129]","[0.18075838685035706, 0.1332099437713623, 0.09610870480537415, 0.08751831948757172, 0.0652078315615654]"
cm-light,object,718,850,21,0,0.3621542155742645,"[21, 993, 938, 23, 952]","[0.3621542155742645, 0.07758151739835739, 0.07512225955724716, 0.05670715495944023, 0.054557621479034424]"
cm-light,object,719,529,701,0,0.15326280891895294,"[701, 132, 129, 812, 404]","[0.15326280891895294, 0.14772281050682068, 0.0669844001531601, 0.04029306396842003, 0.03642724081873894]"
cm-light,object,720,186,185,0,0.08945723623037338,"[185, 182, 21, 170, 12]","[0.08945723623037338, 0.07563114911317825, 0.07178178429603577, 0.062172628939151764, 0.06188613921403885]"
cm-light,object,721,361,361,1,0.6069850325584412,"[361, 19, 183, 18, 93]","[0.6069850325584412, 0.2912610173225403, 0.030104603618383408, 0.025196334347128868, 0.004796753637492657]"
cm-light,object,722,684,326,0,0.4643927812576294,"[326, 87, 94, 448, 40]","[0.4643927812576294, 0.25130265951156616, 0.042338743805885315, 0.04125015437602997, 0.01653965935111046]"
cm-light,object,723,846,831,0,0.5546973347663879,"[831, 419, 64, 434, 499]","[0.5546973347663879, 0.11413808166980743, 0.03039025329053402, 0.01412859559059143, 0.01184556633234024]"
cm-light,object,724,156,993,0,0.19479452073574066,"[993, 92, 129, 11, 88]","[0.19479452073574066, 0.15707702934741974, 0.0809641182422638, 0.07654701918363571, 0.07053335756063461]"
cm-light,object,725,175,701,0,0.13268834352493286,"[701, 21, 616, 12, 140]","[0.13268834352493286, 0.114202581346035, 0.05138922855257988, 0.050181999802589417, 0.03772196173667908]"
cm-light,object,726,258,259,0,0.7762803435325623,"[259, 356, 154, 261, 89]","[0.7762803435325623, 0.04096435010433197, 0.02155330963432789, 0.019750984385609627, 0.015234703198075294]"
cm-light,object,727,254,254,1,0.2677069306373596,"[254, 243, 174, 262, 182]","[0.2677069306373596, 0.1542535275220871, 0.12665735185146332, 0.12125812470912933, 0.03551270440220833]"
cm-light,object,728,529,90,0,0.2920467257499695,"[90, 12, 701, 94, 129]","[0.2920467257499695, 0.19453300535678864, 0.10819248855113983, 0.07966825366020203, 0.03898485749959946]"
cm-light,object,729,267,94,0,0.19200940430164337,"[94, 137, 38, 87, 298]","[0.19200940430164337, 0.14090576767921448, 0.09186873584985733, 0.05421620234847069, 0.03546414524316788]"
cm-light,object,730,257,87,0,0.8610032200813293,"[87, 359, 208, 89, 356]","[0.8610032200813293, 0.020243391394615173, 0.018083037808537483, 0.010748938657343388, 0.006748070474714041]"
cm-light,object,731,529,143,0,0.20483432710170746,"[143, 701, 405, 127, 129]","[0.20483432710170746, 0.17777739465236664, 0.1005442887544632, 0.053949903696775436, 0.03948041796684265]"
cm-light,object,732,765,765,1,0.824877142906189,"[765, 557, 517, 604, 594]","[0.824877142906189, 0.020967911928892136, 0.011939354240894318, 0.009535309858620167, 0.008890649303793907]"
cm-light,object,733,532,812,0,0.19029037654399872,"[812, 405, 846, 895, 520]","[0.19029037654399872, 0.09339264780282974, 0.05997607856988907, 0.04639007896184921, 0.030307665467262268]"
cm-light,object,734,227,95,0,0.13001900911331177,"[95, 21, 16, 23, 350]","[0.13001900911331177, 0.1264050006866455, 0.11706125736236572, 0.10174775123596191, 0.057991039007902145]"
cm-light,object,735,520,520,1,0.22006581723690033,"[520, 516, 421, 729, 642]","[0.22006581723690033, 0.12216601520776749, 0.10306567698717117, 0.09238141030073166, 0.08414462953805923]"
cm-light,object,736,999,782,0,0.12502352893352509,"[782, 681, 553, 846, 478]","[0.12502352893352509, 0.11270605772733688, 0.043285295367240906, 0.036856502294540405, 0.033187199383974075]"
cm-light,object,737,174,23,0,0.3679201006889343,"[23, 21, 129, 701, 87]","[0.3679201006889343, 0.09979236125946045, 0.06896999478340149, 0.06784038990736008, 0.05421048775315285]"
cm-light,object,738,841,614,0,0.30650267004966736,"[614, 494, 451, 448, 524]","[0.30650267004966736, 0.139248788356781, 0.07279402762651443, 0.03422026336193085, 0.030879512429237366]"
cm-light,object,739,846,405,0,0.28435611724853516,"[405, 701, 417, 846, 812]","[0.28435611724853516, 0.16983532905578613, 0.14811182022094727, 0.14177097380161285, 0.04161890596151352]"
cm-light,object,740,999,812,0,0.23334167897701263,"[812, 731, 644, 437, 900]","[0.23334167897701263, 0.12121236324310303, 0.05356549844145775, 0.04042576625943184, 0.03569421172142029]"
cm-light,object,741,258,89,0,0.3314433693885803,"[89, 81, 87, 146, 129]","[0.3314433693885803, 0.12567856907844543, 0.08184356987476349, 0.0712219625711441, 0.07012873142957687]"
cm-light,object,742,851,895,0,0.28111532330513,"[895, 404, 908, 405, 845]","[0.28111532330513, 0.16155493259429932, 0.15292897820472717, 0.05502283200621605, 0.022853432223200798]"
cm-light,object,743,423,490,0,0.13716179132461548,"[490, 503, 87, 524, 758]","[0.13716179132461548, 0.13258472084999084, 0.09831412881612778, 0.03827671334147453, 0.03760470077395439]"
cm-light,object,744,233,24,0,0.1703811138868332,"[24, 100, 219, 183, 34]","[0.1703811138868332, 0.13497306406497955, 0.11944512277841568, 0.07757128775119781, 0.0530666708946228]"
cm-light,object,745,253,21,0,0.1026604175567627,"[21, 354, 172, 215, 129]","[0.1026604175567627, 0.0870729461312294, 0.07308484613895416, 0.042815886437892914, 0.039688315242528915]"
cm-light,object,746,655,701,0,0.14884358644485474,"[701, 31, 315, 47, 38]","[0.14884358644485474, 0.04008518531918526, 0.03727450594305992, 0.03618258237838745, 0.034396328032016754]"
cm-light,object,747,422,404,0,0.36367401480674744,"[404, 143, 405, 261, 895]","[0.36367401480674744, 0.1333107054233551, 0.09824298322200775, 0.08994483947753906, 0.05220562219619751]"
cm-light,object,748,765,506,0,0.16767680644989014,"[506, 733, 437, 517, 701]","[0.16767680644989014, 0.07982559502124786, 0.07967622578144073, 0.06640096753835678, 0.05652714520692825]"
cm-light,object,749,545,545,1,0.4615684747695923,"[545, 846, 787, 619, 818]","[0.4615684747695923, 0.10974635183811188, 0.059649787843227386, 0.035898324102163315, 0.03264570236206055]"
cm-light,object,750,841,129,0,0.5889601707458496,"[129, 600, 21, 94, 772]","[0.5889601707458496, 0.12016762793064117, 0.033590614795684814, 0.01809452846646309, 0.01752970926463604]"
cm-light,object,751,655,895,0,0.26157331466674805,"[895, 448, 846, 583, 553]","[0.26157331466674805, 0.1949465572834015, 0.05138727277517319, 0.03850347548723221, 0.033572856336832047]"
cm-light,object,752,846,701,0,0.8042448163032532,"[701, 417, 405, 812, 920]","[0.8042448163032532, 0.02411634661257267, 0.019175250083208084, 0.011167137883603573, 0.008759871125221252]"
cm-light,object,753,999,844,0,0.1266719102859497,"[844, 846, 818, 804, 499]","[0.1266719102859497, 0.07055970281362534, 0.04827195033431053, 0.03701496869325638, 0.02810564450919628]"
cm-light,object,754,841,129,0,0.30522188544273376,"[129, 701, 89, 132, 831]","[0.30522188544273376, 0.058113839477300644, 0.04661155864596367, 0.04295499995350838, 0.04073558375239372]"
cm-light,object,755,655,701,0,0.1568969190120697,"[701, 139, 42, 21, 142]","[0.1568969190120697, 0.06767767667770386, 0.04231129214167595, 0.03555258363485336, 0.033081844449043274]"
cm-light,object,756,579,908,0,0.37675392627716064,"[908, 92, 812, 895, 144]","[0.37675392627716064, 0.0914507657289505, 0.07247057557106018, 0.07097572833299637, 0.05386845022439957]"
cm-light,object,757,198,198,1,0.34369945526123047,"[198, 196, 24, 87, 287]","[0.34369945526123047, 0.16238975524902344, 0.04950133338570595, 0.04678211733698845, 0.03852503001689911]"
cm-light,object,758,614,614,1,0.2069900929927826,"[614, 448, 869, 697, 883]","[0.2069900929927826, 0.0962328091263771, 0.05122089013457298, 0.04935556277632713, 0.047914400696754456]"
cm-light,object,759,689,14,0,0.4292403757572174,"[14, 701, 552, 88, 452]","[0.4292403757572174, 0.1349678486585617, 0.08499619364738464, 0.08046472817659378, 0.03752657026052475]"
cm-light,object,760,863,863,1,0.8615702390670776,"[863, 708, 440, 514, 892]","[0.8615702390670776, 0.07387495040893555, 0.012255768291652203, 0.010562180541455746, 0.0044672018848359585]"
cm-light,object,761,851,760,0,0.22390569746494293,"[760, 886, 771, 557, 553]","[0.22390569746494293, 0.18285197019577026, 0.057769112288951874, 0.052933868020772934, 0.04700054973363876]"
cm-light,object,762,444,444,1,0.9029147624969482,"[444, 671, 513, 557, 313]","[0.9029147624969482, 0.029833761975169182, 0.004070119932293892, 0.003794156014919281, 0.003731847507879138]"
cm-light,object,763,230,127,0,0.39604997634887695,"[127, 18, 22, 128, 93]","[0.39604997634887695, 0.14956144988536835, 0.09778507798910141, 0.0910399854183197, 0.05973191186785698]"
cm-light,object,764,254,129,0,0.3234889507293701,"[129, 21, 94, 22, 127]","[0.3234889507293701, 0.10468938946723938, 0.08688373118638992, 0.05546898394823074, 0.05015493929386139]"
cm-light,object,765,199,199,1,0.4921530485153198,"[199, 197, 364, 233, 183]","[0.4921530485153198, 0.11901861429214478, 0.06340997666120529, 0.05477297306060791, 0.04571903124451637]"
cm-light,object,766,493,553,0,0.5355351567268372,"[553, 742, 760, 526, 453]","[0.5355351567268372, 0.07601213455200195, 0.07463547587394714, 0.045859310775995255, 0.04319656267762184]"
cm-light,object,767,882,92,0,0.2103983610868454,"[92, 12, 78, 16, 319]","[0.2103983610868454, 0.17178338766098022, 0.06305862218141556, 0.041521500796079636, 0.031204627826809883]"
cm-light,object,768,739,92,0,0.13290391862392426,"[92, 812, 129, 15, 731]","[0.13290391862392426, 0.11049995571374893, 0.08721763640642166, 0.07281713932752609, 0.05633842200040817]"
cm-light,object,769,846,846,1,0.6430801749229431,"[846, 619, 499, 701, 496]","[0.6430801749229431, 0.058932580053806305, 0.04786274954676628, 0.04236261546611786, 0.012007136829197407]"
cm-light,object,770,614,614,1,0.7590245604515076,"[614, 645, 806, 697, 863]","[0.7590245604515076, 0.05246402323246002, 0.02979939617216587, 0.027612872421741486, 0.011381655000150204]"
cm-light,object,771,579,696,0,0.07459799945354462,"[696, 763, 701, 683, 812]","[0.07459799945354462, 0.050897546112537384, 0.042813338339328766, 0.03767349198460579, 0.033985476940870285]"
cm-light,object,772,882,701,0,0.12354841083288193,"[701, 22, 21, 92, 321]","[0.12354841083288193, 0.08642096072435379, 0.08044879138469696, 0.05981485918164253, 0.04006701707839966]"
cm-light,object,773,778,409,0,0.18959327042102814,"[409, 451, 892, 872, 600]","[0.18959327042102814, 0.1552920639514923, 0.0970444455742836, 0.06658193469047546, 0.0653063952922821]"
cm-light,object,774,882,872,0,0.07080445438623428,"[872, 80, 15, 907, 600]","[0.07080445438623428, 0.05949098989367485, 0.05868232995271683, 0.04588662460446358, 0.04303477331995964]"
cm-light,object,775,550,701,0,0.12616021931171417,"[701, 783, 812, 920, 199]","[0.12616021931171417, 0.058665890246629715, 0.048071011900901794, 0.04195816069841385, 0.03180646896362305]"
cm-light,object,776,284,22,0,0.12530869245529175,"[22, 129, 701, 132, 144]","[0.12530869245529175, 0.1225782185792923, 0.11811177432537079, 0.07186923176050186, 0.05801323056221008]"
cm-light,object,777,851,598,0,0.34413182735443115,"[598, 553, 920, 771, 530]","[0.34413182735443115, 0.2143077254295349, 0.17681172490119934, 0.036994658410549164, 0.02061251550912857]"
cm-light,object,778,651,701,0,0.15474064648151398,"[701, 261, 233, 534, 404]","[0.15474064648151398, 0.1243138387799263, 0.07130078226327896, 0.04429932311177254, 0.03757231682538986]"
cm-light,object,779,681,526,0,0.5786678791046143,"[526, 908, 448, 583, 736]","[0.5786678791046143, 0.1280202716588974, 0.05262039229273796, 0.035468939691782, 0.03212592005729675]"
cm-light,object,780,420,138,0,0.22322547435760498,"[138, 59, 132, 129, 144]","[0.22322547435760498, 0.08585295081138611, 0.07553157955408096, 0.05470198020339012, 0.04361983388662338]"
cm-light,object,781,532,92,0,0.39854422211647034,"[92, 127, 895, 95, 319]","[0.39854422211647034, 0.09357014298439026, 0.08646976202726364, 0.08468075096607208, 0.046337056905031204]"
cm-light,object,782,423,846,0,0.13805848360061646,"[846, 804, 423, 812, 723]","[0.13805848360061646, 0.04297712445259094, 0.03729510307312012, 0.03159705176949501, 0.027849124744534492]"
cm-light,object,783,201,12,0,0.3351224660873413,"[12, 196, 953, 21, 87]","[0.3351224660873413, 0.13713687658309937, 0.035636622458696365, 0.028542974963784218, 0.027424130588769913]"
cm-light,object,784,690,584,0,0.2658988833427429,"[584, 895, 78, 303, 300]","[0.2658988833427429, 0.21144530177116394, 0.08943164348602295, 0.03682199865579605, 0.028539547696709633]"
cm-light,object,785,807,807,1,0.47434043884277344,"[807, 448, 87, 134, 499]","[0.47434043884277344, 0.18459944427013397, 0.07373248785734177, 0.027309006080031395, 0.021656937897205353]"
cm-light,object,786,836,18,0,0.4351676404476166,"[18, 413, 143, 895, 99]","[0.4351676404476166, 0.12481334805488586, 0.06451131403446198, 0.04823221266269684, 0.03908426687121391]"
cm-light,object,787,779,404,0,0.5150315165519714,"[404, 779, 517, 625, 555]","[0.5150315165519714, 0.2719627022743225, 0.07424723356962204, 0.016725672408938408, 0.012003975920379162]"
cm-light,object,788,872,92,0,0.3002205789089203,"[92, 320, 872, 517, 18]","[0.3002205789089203, 0.09790968894958496, 0.0779571458697319, 0.03628094121813774, 0.03569094091653824]"
cm-light,object,789,516,516,1,0.323690265417099,"[516, 431, 601, 132, 129]","[0.323690265417099, 0.15105442702770233, 0.057147860527038574, 0.04655442386865616, 0.03206649422645569]"
cm-light,object,790,807,448,0,0.2939698398113251,"[448, 553, 499, 812, 846]","[0.2939698398113251, 0.1547427475452423, 0.1107664480805397, 0.039592817425727844, 0.017355099320411682]"
cm-light,object,791,880,701,0,0.166184201836586,"[701, 23, 600, 21, 733]","[0.166184201836586, 0.09881062060594559, 0.04476947709918022, 0.040807027369737625, 0.03504046052694321]"
cm-light,object,792,678,701,0,0.8411016464233398,"[701, 404, 405, 895, 417]","[0.8411016464233398, 0.02990213967859745, 0.018417255952954292, 0.008094088174402714, 0.006315100006759167]"
cm-light,object,793,603,584,0,0.20940421521663666,"[584, 763, 80, 444, 302]","[0.20940421521663666, 0.07562147825956345, 0.05076506361365318, 0.046203188598155975, 0.03935755789279938]"
cm-light,object,794,665,701,0,0.22623229026794434,"[701, 22, 89, 73, 138]","[0.22623229026794434, 0.06208561360836029, 0.052991218864917755, 0.04770549386739731, 0.04428473114967346]"
cm-light,object,795,541,701,0,0.5059011578559875,"[701, 895, 143, 78, 261]","[0.5059011578559875, 0.05862528458237648, 0.04448702558875084, 0.0410977303981781, 0.038264546543359756]"
cm-light,object,796,704,572,0,0.2788572907447815,"[572, 496, 87, 704, 457]","[0.2788572907447815, 0.06957437843084335, 0.042505308985710144, 0.022345364093780518, 0.019539711996912956]"
cm-light,object,797,770,514,0,0.08810988813638687,"[514, 312, 90, 770, 71]","[0.08810988813638687, 0.04925848916172981, 0.04359179362654686, 0.04206801950931549, 0.03509018197655678]"
cm-light,object,798,428,701,0,0.5190901160240173,"[701, 405, 812, 404, 895]","[0.5190901160240173, 0.16019709408283234, 0.07822348177433014, 0.022150874137878418, 0.017439384013414383]"
cm-light,object,799,637,708,0,0.08826038986444473,"[708, 319, 12, 442, 92]","[0.08826038986444473, 0.06607401371002197, 0.060927614569664, 0.055593639612197876, 0.05452307313680649]"
cm-light,object,800,879,846,0,0.0628625676035881,"[846, 87, 463, 88, 883]","[0.0628625676035881, 0.05935400351881981, 0.049824535846710205, 0.04113347828388214, 0.03964482620358467]"
cm-light,object,801,869,87,0,0.3362985849380493,"[87, 787, 461, 758, 665]","[0.3362985849380493, 0.08829612284898758, 0.0361253097653389, 0.031371548771858215, 0.030540263280272484]"
cm-light,object,802,690,584,0,0.0919574648141861,"[584, 679, 319, 354, 38]","[0.0919574648141861, 0.053478337824344635, 0.04874039068818092, 0.04060649499297142, 0.03838229924440384]"
cm-light,object,803,822,812,0,0.2923452854156494,"[812, 144, 80, 895, 129]","[0.2923452854156494, 0.18551130592823029, 0.05245182663202286, 0.0349312499165535, 0.022620689123868942]"
cm-light,object,804,880,12,0,0.19193729758262634,"[12, 701, 812, 92, 128]","[0.19193729758262634, 0.10962560772895813, 0.047059521079063416, 0.036518894135951996, 0.018610626459121704]"
cm-light,object,805,612,319,0,0.18020640313625336,"[319, 320, 92, 12, 95]","[0.18020640313625336, 0.14237239956855774, 0.09005951881408691, 0.05455336719751358, 0.047580841928720474]"
cm-light,object,806,879,136,0,0.2897031009197235,"[136, 701, 88, 578, 23]","[0.2897031009197235, 0.13460437953472137, 0.07388954609632492, 0.03772638738155365, 0.0376717709004879]"
cm-light,object,807,603,895,0,0.37961095571517944,"[895, 603, 432, 913, 64]","[0.37961095571517944, 0.0629010796546936, 0.04992831125855446, 0.04341145232319832, 0.027041487395763397]"
cm-light,object,808,707,701,0,0.5793114900588989,"[701, 812, 143, 73, 553]","[0.5793114900588989, 0.06196689233183861, 0.021191494539380074, 0.018832150846719742, 0.01665724441409111]"
cm-light,object,809,751,584,0,0.288828045129776,"[584, 47, 319, 488, 751]","[0.288828045129776, 0.0707375779747963, 0.04575464129447937, 0.03130143880844116, 0.029831191524863243]"
cm-light,object,810,407,407,1,0.23645056784152985,"[407, 468, 436, 404, 895]","[0.23645056784152985, 0.2220889776945114, 0.11943040788173676, 0.07518415153026581, 0.049724362790584564]"
cm-light,object,811,791,319,0,0.06596137583255768,"[319, 405, 701, 846, 141]","[0.06596137583255768, 0.046801529824733734, 0.04673085734248161, 0.04167843610048294, 0.040492262691259384]"
cm-light,object,812,645,645,1,0.1937371790409088,"[645, 701, 733, 783, 143]","[0.1937371790409088, 0.08873428404331207, 0.05747629329562187, 0.04024951532483101, 0.03950615972280502]"
cm-light,object,813,879,141,0,0.2586393356323242,"[141, 326, 140, 42, 47]","[0.2586393356323242, 0.08525816351175308, 0.06786569207906723, 0.05146373063325882, 0.03644471615552902]"
cm-light,object,814,612,758,0,0.2400251179933548,"[758, 614, 604, 494, 872]","[0.2400251179933548, 0.08480612933635712, 0.0770450308918953, 0.06651940941810608, 0.0618412159383297]"
cm-light,object,815,468,740,0,0.14078274369239807,"[740, 895, 584, 784, 319]","[0.14078274369239807, 0.13042061030864716, 0.10351120680570602, 0.06654248386621475, 0.043926190584897995]"
cm-light,object,816,603,711,0,0.08116825670003891,"[711, 354, 603, 883, 776]","[0.08116825670003891, 0.05657383054494858, 0.04296741634607315, 0.038853179663419724, 0.037822090089321136]"
cm-light,object,817,670,701,0,0.17811651527881622,"[701, 880, 560, 818, 518]","[0.17811651527881622, 0.12121403217315674, 0.11025585234165192, 0.0791931003332138, 0.04319419339299202]"
cm-light,object,818,468,701,0,0.7766557931900024,"[701, 417, 404, 895, 852]","[0.7766557931900024, 0.015981286764144897, 0.014463902451097965, 0.013727561570703983, 0.013639341108500957]"
cm-light,object,819,830,320,0,0.32234829664230347,"[320, 319, 92, 560, 448]","[0.32234829664230347, 0.08507608622312546, 0.030852125957608223, 0.027716921642422676, 0.017977342009544373]"
cm-light,object,820,670,301,0,0.24632397294044495,"[301, 701, 783, 417, 920]","[0.24632397294044495, 0.24481482803821564, 0.06737282872200012, 0.06611201912164688, 0.04449065029621124]"
cm-light,object,821,807,742,0,0.08537005633115768,"[742, 786, 664, 648, 778]","[0.08537005633115768, 0.07614224404096603, 0.06134098395705223, 0.037101082503795624, 0.034418392926454544]"
cm-light,object,822,602,701,0,0.0977378636598587,"[701, 261, 199, 128, 92]","[0.0977378636598587, 0.08208988606929779, 0.05881932005286217, 0.03645184263586998, 0.029366232454776764]"
cm-light,object,823,439,22,0,0.1619812697172165,"[22, 701, 21, 143, 23]","[0.1619812697172165, 0.13906194269657135, 0.1347299963235855, 0.12557917833328247, 0.11936677992343903]"
cm-light,object,824,198,187,0,0.2947329878807068,"[187, 196, 198, 155, 201]","[0.2947329878807068, 0.27487778663635254, 0.12886236608028412, 0.05811212956905365, 0.029530199244618416]"
cm-light,object,825,559,560,0,0.1886305958032608,"[560, 451, 448, 89, 701]","[0.1886305958032608, 0.1802397519350052, 0.12185472249984741, 0.04546821489930153, 0.024900805205106735]"
cm-light,object,826,919,812,0,0.12051017582416534,"[812, 783, 557, 701, 442]","[0.12051017582416534, 0.09307119250297546, 0.07161152362823486, 0.06849770992994308, 0.033063508570194244]"
cm-light,object,827,665,701,0,0.4235074520111084,"[701, 319, 21, 139, 22]","[0.4235074520111084, 0.06714179366827011, 0.054565880447626114, 0.021868541836738586, 0.021772246807813644]"
cm-light,object,828,919,895,0,0.5320547223091125,"[895, 143, 701, 920, 404]","[0.5320547223091125, 0.22404302656650543, 0.039558958262205124, 0.036059945821762085, 0.02611626870930195]"
cm-light,object,829,557,73,0,0.10362687706947327,"[73, 701, 600, 127, 75]","[0.10362687706947327, 0.07595638185739517, 0.07193154841661453, 0.05885622650384903, 0.053218431770801544]"
cm-light,object,830,864,812,0,0.2909204363822937,"[812, 56, 584, 795, 895]","[0.2909204363822937, 0.0725552886724472, 0.0679352656006813, 0.057091906666755676, 0.051574282348155975]"
cm-light,object,831,880,557,0,0.2874433100223541,"[557, 880, 144, 795, 442]","[0.2874433100223541, 0.11659715324640274, 0.07874647527933121, 0.04249325767159462, 0.04029163345694542]"
cm-light,object,832,870,701,0,0.11848019063472748,"[701, 549, 611, 610, 584]","[0.11848019063472748, 0.04826567694544792, 0.04334740713238716, 0.03687237948179245, 0.03219062462449074]"
cm-light,object,833,439,404,0,0.5502406358718872,"[404, 895, 405, 23, 812]","[0.5502406358718872, 0.17554104328155518, 0.03739384934306145, 0.029195772483944893, 0.026777472347021103]"
cm-light,object,834,728,701,0,0.6730713844299316,"[701, 129, 89, 21, 132]","[0.6730713844299316, 0.036363136023283005, 0.03185243904590607, 0.031285639852285385, 0.02337115816771984]"
cm-light,object,835,920,549,0,0.25535476207733154,"[549, 681, 812, 920, 620]","[0.25535476207733154, 0.07727546989917755, 0.06921962648630142, 0.05134442821145058, 0.047353826463222504]"
cm-light,object,836,608,852,0,0.10452133417129517,"[852, 87, 261, 285, 600]","[0.10452133417129517, 0.048306215554475784, 0.041923243552446365, 0.03495561331510544, 0.03191624954342842]"
cm-light,object,837,919,517,0,0.17461304366588593,"[517, 442, 920, 319, 549]","[0.17461304366588593, 0.09306790679693222, 0.049567390233278275, 0.04696178436279297, 0.04635998606681824]"
cm-light,object,838,612,612,1,0.9745914936065674,"[612, 625, 518, 795, 752]","[0.9745914936065674, 0.003683786140754819, 0.0015154589200392365, 0.0011370870051905513, 0.0009560543112456799]"
cm-light,object,839,919,781,0,0.21076591312885284,"[781, 419, 686, 919, 771]","[0.21076591312885284, 0.11154531687498093, 0.10473886132240295, 0.04986126720905304, 0.0313604362308979]"
cm-light,object,840,571,553,0,0.4414290189743042,"[553, 662, 760, 844, 742]","[0.4414290189743042, 0.03262017294764519, 0.028677841648459435, 0.02781548723578453, 0.027748137712478638]"
cm-light,object,841,575,701,0,0.15212774276733398,"[701, 920, 404, 895, 699]","[0.15212774276733398, 0.08301937580108643, 0.051659051328897476, 0.04659663885831833, 0.03753791004419327]"
cm-light,object,842,870,92,0,0.22556953132152557,"[92, 94, 15, 129, 701]","[0.22556953132152557, 0.08331655710935593, 0.03635508194565773, 0.03161187842488289, 0.02540428750216961]"
cm-light,object,843,919,549,0,0.11841551214456558,"[549, 701, 534, 405, 319]","[0.11841551214456558, 0.11034960299730301, 0.05699411779642105, 0.03272287920117378, 0.03164102882146835]"
cm-light,object,844,879,701,0,0.948158860206604,"[701, 443, 325, 419, 417]","[0.948158860206604, 0.003950026817619801, 0.0034314992371946573, 0.0031842575408518314, 0.003042573342099786]"
cm-light,object,845,690,701,0,0.35103824734687805,"[701, 87, 895, 23, 21]","[0.35103824734687805, 0.17666368186473846, 0.09698260575532913, 0.08559272438287735, 0.02407710999250412]"
cm-light,object,846,879,701,0,0.7134975790977478,"[701, 143, 405, 138, 129]","[0.7134975790977478, 0.07266432791948318, 0.04386909306049347, 0.01738414168357849, 0.017002375796437263]"
cm-light,object,847,412,771,0,0.25851747393608093,"[771, 844, 499, 553, 892]","[0.25851747393608093, 0.24374058842658997, 0.056472815573215485, 0.04541774466633797, 0.021719161421060562]"
cm-light,object,848,412,769,0,0.14480827748775482,"[769, 892, 409, 553, 493]","[0.14480827748775482, 0.10520659387111664, 0.09961282461881638, 0.08595552295446396, 0.05702325329184532]"
cm-light,object,849,751,895,0,0.40842482447624207,"[895, 751, 404, 770, 405]","[0.40842482447624207, 0.35283276438713074, 0.018555717542767525, 0.016777098178863525, 0.014051705598831177]"
cm-light,object,850,489,557,0,0.6858991384506226,"[557, 733, 462, 840, 645]","[0.6858991384506226, 0.1976129710674286, 0.01046903058886528, 0.010098317638039589, 0.008710350841283798]"
cm-light,object,851,223,701,0,0.26848575472831726,"[701, 261, 143, 128, 80]","[0.26848575472831726, 0.1021149531006813, 0.05237003043293953, 0.043008673936128616, 0.04118344187736511]"
cm-light,object,852,603,319,0,0.4046737551689148,"[319, 488, 683, 758, 763]","[0.4046737551689148, 0.060217518359422684, 0.04725075513124466, 0.0387435108423233, 0.034323882311582565]"
cm-light,object,853,862,143,0,0.557905375957489,"[143, 130, 895, 701, 99]","[0.557905375957489, 0.21221570670604706, 0.06247340887784958, 0.01988869532942772, 0.019563384354114532]"
cm-light,object,854,612,143,0,0.0627695769071579,"[143, 677, 783, 772, 144]","[0.0627695769071579, 0.04964829236268997, 0.04713715985417366, 0.04005277156829834, 0.037890151143074036]"
cm-light,object,855,154,21,0,0.38471487164497375,"[21, 200, 185, 22, 23]","[0.38471487164497375, 0.26031211018562317, 0.07176388800144196, 0.059069324284791946, 0.033030424267053604]"
cm-light,object,856,560,701,0,0.8166544437408447,"[701, 417, 23, 852, 22]","[0.8166544437408447, 0.11546041071414948, 0.010204247198998928, 0.007488126400858164, 0.006542225368320942]"
cm-light,object,857,852,143,0,0.2885591685771942,"[143, 92, 129, 128, 404]","[0.2885591685771942, 0.06639677286148071, 0.051124412566423416, 0.05023591220378876, 0.04813104495406151]"
cm-light,object,858,522,701,0,0.1048295870423317,"[701, 261, 199, 128, 92]","[0.1048295870423317, 0.0789935439825058, 0.0648668110370636, 0.037337400019168854, 0.02934473380446434]"
cm-light,object,859,430,701,0,0.1080201044678688,"[701, 261, 199, 128, 92]","[0.1080201044678688, 0.08363781124353409, 0.06487523019313812, 0.039762068539857864, 0.027547450736165047]"
cm-light,object,860,752,701,0,0.20662178099155426,"[701, 129, 22, 132, 128]","[0.20662178099155426, 0.1362273395061493, 0.060901857912540436, 0.05922422558069229, 0.047670576721429825]"
cm-light,object,861,852,92,0,0.36296138167381287,"[92, 301, 129, 11, 12]","[0.36296138167381287, 0.0936393216252327, 0.04797868803143501, 0.047402989119291306, 0.04434426128864288]"
cm-light,object,862,746,701,0,0.5171372294425964,"[701, 261, 499, 405, 733]","[0.5171372294425964, 0.03227398172020912, 0.030374513939023018, 0.022475309669971466, 0.01983296312391758]"
cm-light,object,863,702,702,1,0.7696653604507446,"[702, 517, 733, 557, 920]","[0.7696653604507446, 0.06174767017364502, 0.03405996412038803, 0.03185121715068817, 0.028342191129922867]"
cm-light,object,864,560,701,0,0.7377029061317444,"[701, 417, 143, 892, 610]","[0.7377029061317444, 0.036862920969724655, 0.01745419204235077, 0.010710307396948338, 0.008681850507855415]"
cm-light,object,865,746,701,0,0.6559603214263916,"[701, 261, 128, 417, 404]","[0.6559603214263916, 0.018196016550064087, 0.0179197508841753, 0.011999588459730148, 0.011889568530023098]"
cm-light,object,866,430,701,0,0.8098670244216919,"[701, 405, 417, 22, 143]","[0.8098670244216919, 0.04022400081157684, 0.02696983329951763, 0.00743036437779665, 0.005656395573168993]"
cm-light,object,867,450,94,0,0.22477532923221588,"[94, 812, 701, 895, 11]","[0.22477532923221588, 0.16726376116275787, 0.13551092147827148, 0.12404585629701614, 0.027224842458963394]"
cm-light,object,868,890,129,0,0.21954892575740814,"[129, 846, 199, 261, 589]","[0.21954892575740814, 0.09829910099506378, 0.039488423615694046, 0.02906334027647972, 0.024753278121352196]"
cm-light,object,869,746,701,0,0.4970167577266693,"[701, 417, 143, 128, 21]","[0.4970167577266693, 0.03958927094936371, 0.030885040760040283, 0.02642812207341194, 0.021796880289912224]"
cm-light,object,870,560,701,0,0.6454436182975769,"[701, 417, 852, 610, 22]","[0.6454436182975769, 0.18140824139118195, 0.034156929701566696, 0.012148518115282059, 0.008732818998396397]"
cm-light,object,871,752,701,0,0.25250738859176636,"[701, 143, 261, 404, 128]","[0.25250738859176636, 0.1085803210735321, 0.07834446430206299, 0.05173040181398392, 0.03757651522755623]"
cm-light,object,872,702,404,0,0.39285987615585327,"[404, 895, 600, 772, 812]","[0.39285987615585327, 0.054200880229473114, 0.042269010096788406, 0.032059501856565475, 0.02879413589835167]"
cm-light,object,873,160,21,0,0.41466832160949707,"[21, 94, 255, 92, 261]","[0.41466832160949707, 0.08912685513496399, 0.07797965407371521, 0.04375826567411423, 0.03251401335000992]"
cm-light,object,874,430,701,0,0.3970509469509125,"[701, 261, 404, 812, 199]","[0.3970509469509125, 0.04159217327833176, 0.025954360142350197, 0.023089434951543808, 0.019678769633173943]"
cm-light,object,875,430,701,0,0.33996373414993286,"[701, 261, 143, 128, 199]","[0.33996373414993286, 0.10702219605445862, 0.02862623520195484, 0.02609606832265854, 0.023764504119753838]"
cm-light,object,876,499,499,1,0.42152419686317444,"[499, 895, 596, 448, 21]","[0.42152419686317444, 0.12295748293399811, 0.07180211693048477, 0.0398031547665596, 0.03477528318762779]"
cm-light,object,877,418,404,0,0.29136499762535095,"[404, 517, 558, 557, 733]","[0.29136499762535095, 0.1399562656879425, 0.111778624355793, 0.05424832925200462, 0.04239887371659279]"
cm-light,object,878,849,725,0,0.6032282710075378,"[725, 849, 899, 968, 901]","[0.6032282710075378, 0.23169763386249542, 0.053487446159124374, 0.03524716570973396, 0.02237832546234131]"
cm-light,object,879,899,846,0,0.131195530295372,"[846, 844, 553, 626, 898]","[0.131195530295372, 0.1063225120306015, 0.101742684841156, 0.043418534100055695, 0.040633879601955414]"
cm-light,object,880,963,963,1,0.9237385392189026,"[963, 965, 924, 962, 750]","[0.9237385392189026, 0.008786041289567947, 0.00529741495847702, 0.00513045396655798, 0.003852343652397394]"
cm-light,object,881,956,924,0,0.3178987205028534,"[924, 935, 938, 949, 956]","[0.3178987205028534, 0.12180499732494354, 0.10508973151445389, 0.10187714546918869, 0.08426973223686218]"
cm-light,object,882,961,27,0,0.35049188137054443,"[27, 910, 942, 354, 499]","[0.35049188137054443, 0.039064545184373856, 0.029974399134516716, 0.02276773564517498, 0.0208594910800457]"
cm-light,object,883,786,100,0,0.20709621906280518,"[100, 755, 134, 288, 143]","[0.20709621906280518, 0.059032946825027466, 0.03345035761594772, 0.025392113253474236, 0.022276515141129494]"
cm-light,object,884,440,440,1,0.9930860996246338,"[440, 737, 907, 751, 711]","[0.9930860996246338, 0.004977133125066757, 0.0005424741539172828, 0.0004360761377029121, 5.9283192967996e-05]"
cm-light,object,885,846,846,1,0.553658664226532,"[846, 701, 129, 619, 405]","[0.553658664226532, 0.22096064686775208, 0.06937813013792038, 0.024181177839636803, 0.020739097148180008]"
cm-light,object,886,969,898,0,0.3366033434867859,"[898, 440, 737, 503, 804]","[0.3366033434867859, 0.21849684417247772, 0.198885977268219, 0.05348115786910057, 0.036612194031476974]"
cm-light,object,887,945,64,0,0.5270522236824036,"[64, 55, 78, 989, 952]","[0.5270522236824036, 0.14203612506389618, 0.042681436985731125, 0.024024024605751038, 0.01959017477929592]"
cm-light,object,888,752,852,0,0.2837413549423218,"[852, 405, 485, 419, 804]","[0.2837413549423218, 0.153323233127594, 0.03648364916443825, 0.031625013798475266, 0.029285507276654243]"
cm-light,object,889,651,648,0,0.37332260608673096,"[648, 771, 549, 761, 435]","[0.37332260608673096, 0.04657406732439995, 0.03593810275197029, 0.03424391150474548, 0.030653215944767]"
cm-light,object,890,945,945,1,0.8778102993965149,"[945, 952, 990, 938, 948]","[0.8778102993965149, 0.08309780061244965, 0.020870063453912735, 0.005197338294237852, 0.0030294707976281643]"
cm-light,object,891,438,812,0,0.04004577547311783,"[812, 898, 540, 708, 510]","[0.04004577547311783, 0.038651835173368454, 0.03284080699086189, 0.0324275828897953, 0.03059573471546173]"
cm-light,object,892,441,773,0,0.3828624188899994,"[773, 969, 899, 883, 572]","[0.3828624188899994, 0.10601776093244553, 0.07546287029981613, 0.06415044516324997, 0.042581506073474884]"
cm-light,object,893,818,97,0,0.1369410753250122,"[97, 745, 895, 404, 138]","[0.1369410753250122, 0.10984097421169281, 0.10750146210193634, 0.06311270594596863, 0.05858961492776871]"
cm-light,object,894,941,952,0,0.9817249774932861,"[952, 941, 956, 988, 137]","[0.9817249774932861, 0.0055293431505560875, 0.005496211349964142, 0.002068228553980589, 0.0011441271053627133]"
cm-light,object,895,711,711,1,0.27058929204940796,"[711, 629, 846, 804, 631]","[0.27058929204940796, 0.24685883522033691, 0.1896275281906128, 0.03195640444755554, 0.029845958575606346]"
cm-light,object,896,152,157,0,0.2970122694969177,"[157, 152, 155, 21, 194]","[0.2970122694969177, 0.1404256969690323, 0.08973986655473709, 0.07607680559158325, 0.04870564118027687]"
cm-light,object,897,996,996,1,0.8911699056625366,"[996, 993, 965, 599, 35]","[0.8911699056625366, 0.013128174468874931, 0.011106336489319801, 0.009961011819541454, 0.0033989811781793833]"
cm-light,object,898,898,505,0,0.39276009798049927,"[505, 899, 589, 804, 883]","[0.39276009798049927, 0.07665775716304779, 0.07110261172056198, 0.04693866893649101, 0.03193794563412666]"
cm-light,object,899,441,441,1,0.42198479175567627,"[441, 553, 470, 405, 626]","[0.42198479175567627, 0.14737139642238617, 0.04983410984277725, 0.03623635321855545, 0.021096041426062584]"
cm-light,object,900,953,129,0,0.173560231924057,"[129, 127, 92, 701, 90]","[0.173560231924057, 0.14111651480197906, 0.07474576681852341, 0.07255194336175919, 0.07004867494106293]"
cm-light,object,901,505,505,1,0.2114303857088089,"[505, 818, 846, 804, 499]","[0.2114303857088089, 0.1435689926147461, 0.07669231295585632, 0.07093170285224915, 0.05198806896805763]"
cm-light,object,902,773,708,0,0.14377473294734955,"[708, 578, 24, 501, 812]","[0.14377473294734955, 0.06892791390419006, 0.05561680346727371, 0.05026682838797569, 0.050262268632650375]"
cm-light,object,903,942,496,0,0.3118046224117279,"[496, 611, 411, 922, 942]","[0.3118046224117279, 0.11452747136354446, 0.0812106654047966, 0.06309396773576736, 0.040583208203315735]"
cm-light,object,904,891,745,0,0.14947716891765594,"[745, 810, 620, 87, 527]","[0.14947716891765594, 0.10619208216667175, 0.08684735745191574, 0.0663701519370079, 0.05902357026934624]"
cm-light,object,905,968,505,0,0.28579357266426086,"[505, 849, 899, 883, 725]","[0.28579357266426086, 0.18689699470996857, 0.10926032066345215, 0.06544534862041473, 0.057869501411914825]"
cm-light,object,906,942,64,0,0.4234698712825775,"[64, 111, 59, 858, 114]","[0.4234698712825775, 0.12277621030807495, 0.0578577034175396, 0.03328057751059532, 0.030114000663161278]"
cm-light,object,907,941,849,0,0.10934708267450333,"[849, 419, 616, 883, 956]","[0.10934708267450333, 0.08873727172613144, 0.08541108667850494, 0.07953106611967087, 0.034733448177576065]"
cm-light,object,908,418,696,0,0.23714028298854828,"[696, 494, 418, 563, 716]","[0.23714028298854828, 0.2104983627796173, 0.11131121218204498, 0.08983121067285538, 0.034711647778749466]"
cm-light,object,909,928,8,0,0.18934084475040436,"[8, 927, 31, 317, 318]","[0.18934084475040436, 0.1431591808795929, 0.11001159250736237, 0.09759025275707245, 0.06664127111434937]"
cm-light,object,910,934,404,0,0.4384545087814331,"[404, 934, 405, 895, 97]","[0.4384545087814331, 0.16477864980697632, 0.053872451186180115, 0.052975110709667206, 0.05064479261636734]"
cm-light,object,911,968,545,0,0.12988078594207764,"[545, 748, 496, 721, 443]","[0.12988078594207764, 0.12071298807859421, 0.09597069025039673, 0.09123590588569641, 0.05218731611967087]"
cm-light,object,912,923,923,1,0.8469362258911133,"[923, 963, 932, 962, 965]","[0.8469362258911133, 0.04347752407193184, 0.015410673804581165, 0.012795710936188698, 0.01269326452165842]"
cm-light,object,913,194,186,0,0.21581590175628662,"[186, 194, 189, 182, 170]","[0.21581590175628662, 0.11014413088560104, 0.07715722173452377, 0.07569914311170578, 0.07110388576984406]"
cm-light,object,914,927,927,1,0.8845847249031067,"[927, 924, 960, 931, 567]","[0.8845847249031067, 0.01387562695890665, 0.013029154390096664, 0.009662703610956669, 0.007484004367142916]"
cm-light,object,915,686,87,0,0.32753661274909973,"[87, 144, 818, 686, 910]","[0.32753661274909973, 0.12614241242408752, 0.06765852123498917, 0.038516487926244736, 0.02988707646727562]"
cm-light,object,916,737,708,0,0.15061059594154358,"[708, 795, 733, 553, 517]","[0.15061059594154358, 0.03762440383434296, 0.028038034215569496, 0.026841318234801292, 0.026378562673926353]"
cm-light,object,917,849,63,0,0.7456678152084351,"[63, 849, 725, 572, 899]","[0.7456678152084351, 0.038607947528362274, 0.02463410049676895, 0.023111708462238312, 0.02138856053352356]"
cm-light,object,918,855,855,1,0.8427316546440125,"[855, 686, 405, 811, 440]","[0.8427316546440125, 0.030980270355939865, 0.014384003356099129, 0.011119273491203785, 0.010452467016875744]"
cm-light,object,919,611,895,0,0.08157119154930115,"[895, 404, 129, 132, 488]","[0.08157119154930115, 0.041205957531929016, 0.0362132266163826, 0.03586651757359505, 0.03247637301683426]"
cm-light,object,920,545,545,1,0.3733825087547302,"[545, 650, 87, 86, 135]","[0.3733825087547302, 0.09893529117107391, 0.051807671785354614, 0.04270634800195694, 0.039725009351968765]"
cm-light,object,921,761,701,0,0.12930427491664886,"[701, 56, 600, 584, 25]","[0.12930427491664886, 0.12361478805541992, 0.10564543306827545, 0.04644199088215828, 0.029385020956397057]"
cm-light,object,922,521,521,1,0.31457239389419556,"[521, 618, 846, 828, 804]","[0.31457239389419556, 0.11592255532741547, 0.08229858428239822, 0.06356789171695709, 0.04269814118742943]"
cm-light,object,923,626,701,0,0.07053098827600479,"[701, 319, 419, 846, 761]","[0.07053098827600479, 0.05770827457308769, 0.05475430190563202, 0.03570132702589035, 0.03369058296084404]"
cm-light,object,924,441,317,0,0.4009237587451935,"[317, 319, 318, 326, 701]","[0.4009237587451935, 0.0997583270072937, 0.08732623606920242, 0.07170920073986053, 0.03640316426753998]"
cm-light,object,925,438,859,0,0.26498502492904663,"[859, 505, 899, 883, 711]","[0.26498502492904663, 0.07505081593990326, 0.06047895923256874, 0.04979633539915085, 0.04508550837635994]"
cm-light,object,926,426,409,0,0.8582433462142944,"[409, 892, 426, 778, 826]","[0.8582433462142944, 0.07820071280002594, 0.03675449639558792, 0.010175061412155628, 0.00838407687842846]"
cm-light,object,927,710,701,0,0.31476694345474243,"[701, 92, 12, 90, 16]","[0.31476694345474243, 0.24767062067985535, 0.04548412188887596, 0.03328238055109978, 0.02567841298878193]"
cm-light,object,928,613,613,1,0.1582719385623932,"[613, 701, 846, 448, 417]","[0.1582719385623932, 0.08615951240062714, 0.08324984461069107, 0.0697777047753334, 0.04983264207839966]"
cm-light,object,929,574,701,0,0.15450701117515564,"[701, 129, 90, 87, 993]","[0.15450701117515564, 0.13779683411121368, 0.11804273724555969, 0.06730524450540543, 0.06443341076374054]"
cm-light,object,930,882,319,0,0.15464213490486145,"[319, 764, 413, 513, 763]","[0.15464213490486145, 0.07558660209178925, 0.06386737525463104, 0.06295568495988846, 0.03592647612094879]"
cm-light,object,931,647,572,0,0.4258515238761902,"[572, 87, 898, 503, 899]","[0.4258515238761902, 0.0649607703089714, 0.0516112744808197, 0.03937571495771408, 0.032220106571912766]"
cm-light,object,932,737,440,0,0.5171536803245544,"[440, 737, 862, 496, 907]","[0.5171536803245544, 0.4715217649936676, 0.005728541407734156, 0.0017190327635034919, 0.0015010468196123838]"
cm-light,object,933,963,963,1,0.7847843170166016,"[963, 599, 611, 868, 738]","[0.7847843170166016, 0.06479696929454803, 0.043322112411260605, 0.02737395465373993, 0.008005447685718536]"
cm-light,object,934,662,405,0,0.6165269613265991,"[405, 404, 745, 485, 662]","[0.6165269613265991, 0.05156242474913597, 0.026445768773555756, 0.025358345359563828, 0.016917787492275238]"
cm-light,object,935,891,891,1,0.8820756077766418,"[891, 808, 796, 515, 545]","[0.8820756077766418, 0.01465026568621397, 0.009390774182975292, 0.009271654300391674, 0.006461414974182844]"
cm-light,object,936,891,681,0,0.340689092874527,"[681, 620, 891, 100, 759]","[0.340689092874527, 0.26022207736968994, 0.14382687211036682, 0.01855660043656826, 0.017221910879015923]"
cm-light,object,937,710,701,0,0.7817972898483276,"[701, 12, 42, 812, 22]","[0.7817972898483276, 0.020451437681913376, 0.01752697490155697, 0.010973074473440647, 0.010752685368061066]"
cm-light,object,938,188,89,0,0.1151619479060173,"[89, 13, 181, 266, 16]","[0.1151619479060173, 0.10658511519432068, 0.08925824612379074, 0.08518283069133759, 0.08048982173204422]"
cm-light,object,939,503,317,0,0.22711320221424103,"[317, 618, 132, 503, 558]","[0.22711320221424103, 0.13443750143051147, 0.09584195166826248, 0.07382053136825562, 0.04575209319591522]"
cm-light,object,940,849,849,1,0.9044401049613953,"[849, 725, 505, 899, 883]","[0.9044401049613953, 0.052369218319654465, 0.020019125193357468, 0.017072947695851326, 0.002436339156702161]"
cm-light,object,941,968,680,0,0.5764712691307068,"[680, 504, 849, 855, 686]","[0.5764712691307068, 0.07232000678777695, 0.036020830273628235, 0.027291081845760345, 0.0244219359010458]"
cm-light,object,942,438,938,0,0.0993255078792572,"[938, 700, 692, 944, 588]","[0.0993255078792572, 0.04929129406809807, 0.04139413684606552, 0.03879436478018761, 0.02962273359298706]"
cm-light,object,943,530,742,0,0.32569387555122375,"[742, 530, 662, 660, 771]","[0.32569387555122375, 0.087082639336586, 0.07334471493959427, 0.06794516742229462, 0.047550130635499954]"
cm-light,object,944,613,613,1,0.9611283540725708,"[613, 882, 745, 872, 708]","[0.9611283540725708, 0.012926538474857807, 0.003627718659117818, 0.002260821871459484, 0.0012651124270632863]"
cm-light,object,945,786,534,0,0.15132035315036774,"[534, 620, 742, 786, 681]","[0.15132035315036774, 0.07740740478038788, 0.06264512985944748, 0.060395609587430954, 0.05888867378234863]"
cm-light,object,946,466,404,0,0.9325385093688965,"[404, 405, 812, 895, 908]","[0.9325385093688965, 0.010914994403719902, 0.00876106508076191, 0.008598191663622856, 0.004378408659249544]"
cm-light,object,947,466,405,0,0.42068833112716675,"[405, 404, 895, 812, 908]","[0.42068833112716675, 0.28984883427619934, 0.13037227094173431, 0.020430875942111015, 0.017470035701990128]"
cm-light,object,948,466,451,0,0.3019939661026001,"[451, 448, 818, 898, 812]","[0.3019939661026001, 0.1313089281320572, 0.07920124381780624, 0.033965930342674255, 0.03322776407003403]"
cm-light,object,949,547,517,0,0.6919459700584412,"[517, 405, 404, 609, 920]","[0.6919459700584412, 0.035331957042217255, 0.02707551419734955, 0.022909633815288544, 0.020158054307103157]"
cm-light,object,950,547,87,0,0.09412642568349838,"[87, 845, 478, 516, 812]","[0.09412642568349838, 0.08590086549520493, 0.05209765583276749, 0.04612322524189949, 0.03359783813357353]"
cm-light,object,951,547,812,0,0.41897082328796387,"[812, 510, 404, 895, 405]","[0.41897082328796387, 0.20628730952739716, 0.06540756672620773, 0.03540729731321335, 0.022747330367565155]"
cm-light,object,952,466,895,0,0.5264329314231873,"[895, 404, 146, 131, 405]","[0.5264329314231873, 0.22749276459217072, 0.08641933649778366, 0.01452510617673397, 0.012157867662608624]"
cm-light,object,953,466,404,0,0.3569321632385254,"[404, 812, 895, 908, 777]","[0.3569321632385254, 0.32135552167892456, 0.16436761617660522, 0.035986315459012985, 0.0242384672164917]"
cm-light,object,954,829,829,1,0.4538000822067261,"[829, 495, 874, 654, 705]","[0.4538000822067261, 0.09955611079931259, 0.0988827794790268, 0.09712773561477661, 0.07157428562641144]"
cm-light,object,955,547,404,0,0.710472822189331,"[404, 517, 895, 510, 557]","[0.710472822189331, 0.06349688768386841, 0.05669163167476654, 0.05528607591986656, 0.015397932380437851]"
cm-light,object,956,829,510,0,0.1167837455868721,"[510, 920, 546, 517, 530]","[0.1167837455868721, 0.09137091785669327, 0.05534236505627632, 0.052846141159534454, 0.04675956070423126]"
cm-light,object,957,829,812,0,0.2060147225856781,"[812, 626, 895, 701, 87]","[0.2060147225856781, 0.11554450541734695, 0.08617497980594635, 0.07194875925779343, 0.0609525702893734]"
cm-light,object,958,829,812,0,0.07704419642686844,"[812, 681, 844, 553, 534]","[0.07704419642686844, 0.06523247063159943, 0.04643287509679794, 0.04060452803969383, 0.03850562497973442]"
cm-light,object,959,820,87,0,0.2745131254196167,"[87, 820, 895, 908, 413]","[0.2745131254196167, 0.16495363414287567, 0.05161604657769203, 0.03768794611096382, 0.03610563650727272]"
cm-light,object,960,820,87,0,0.6164705157279968,"[87, 491, 802, 56, 517]","[0.6164705157279968, 0.054065097123384476, 0.0396176353096962, 0.021920528262853622, 0.015202395617961884]"
cm-light,object,961,829,705,0,0.1907823383808136,"[705, 829, 517, 624, 404]","[0.1907823383808136, 0.10764121264219284, 0.045384928584098816, 0.04179628565907478, 0.033995047211647034]"
cm-light,object,962,820,715,0,0.12317924201488495,"[715, 701, 903, 683, 139]","[0.12317924201488495, 0.04761520028114319, 0.037063609808683395, 0.03401355445384979, 0.02995171770453453]"
cm-light,object,963,829,448,0,0.13754789531230927,"[448, 517, 812, 557, 859]","[0.13754789531230927, 0.13420292735099792, 0.06914430856704712, 0.05807438865303993, 0.04683367535471916]"
cm-light,object,964,829,895,0,0.14978663623332977,"[895, 517, 908, 555, 803]","[0.14978663623332977, 0.08368042856454849, 0.07270552217960358, 0.0684811919927597, 0.05165328085422516]"
cm-light,object,965,829,404,0,0.3615061342716217,"[404, 407, 908, 408, 751]","[0.3615061342716217, 0.14983004331588745, 0.09181306511163712, 0.05455661937594414, 0.03884570673108101]"
cm-light,object,966,820,895,0,0.09680313616991043,"[895, 920, 80, 812, 557]","[0.09680313616991043, 0.07922227680683136, 0.062380753457546234, 0.04321777820587158, 0.03722577542066574]"
cm-light,object,967,829,517,0,0.2709757089614868,"[517, 520, 557, 453, 701]","[0.2709757089614868, 0.1198657676577568, 0.07746773213148117, 0.04652216657996178, 0.04105507954955101]"
cm-light,object,968,102,102,1,0.1412460058927536,"[102, 12, 135, 139, 140]","[0.1412460058927536, 0.05820364132523537, 0.055254288017749786, 0.046809859573841095, 0.044346969574689865]"
cm-light,object,969,850,317,0,0.16248390078544617,"[317, 326, 47, 318, 21]","[0.16248390078544617, 0.1013927236199379, 0.0875653475522995, 0.07119575887918472, 0.059639256447553635]"
cm-light,object,970,850,850,1,0.3665693402290344,"[850, 723, 325, 496, 301]","[0.3665693402290344, 0.12041563540697098, 0.060003090649843216, 0.038497794419527054, 0.033788297325372696]"
cm-light,object,971,539,319,0,0.2069612741470337,"[319, 47, 90, 95, 92]","[0.2069612741470337, 0.12905660271644592, 0.09958457201719284, 0.06637027859687805, 0.04378005489706993]"
cm-light,object,972,374,21,0,0.10864371061325073,"[21, 600, 676, 10, 23]","[0.10864371061325073, 0.06312087923288345, 0.05426761880517006, 0.03749339282512665, 0.03405861556529999]"
cm-light,object,973,601,601,1,0.8297145366668701,"[601, 689, 578, 869, 23]","[0.8297145366668701, 0.13676059246063232, 0.007642995100468397, 0.006380622740834951, 0.0019635967910289764]"
cm-light,object,974,929,144,0,0.14303474128246307,"[144, 141, 143, 21, 23]","[0.14303474128246307, 0.13452012836933136, 0.07437753677368164, 0.07409950345754623, 0.05379775911569595]"
cm-light,object,975,203,203,1,0.2152886986732483,"[203, 170, 190, 189, 202]","[0.2152886986732483, 0.11120151728391647, 0.10504428297281265, 0.06515577435493469, 0.06083063408732414]"
cm-light,object,976,532,532,1,0.11521065980195999,"[532, 701, 572, 557, 319]","[0.11521065980195999, 0.0768803134560585, 0.03613923117518425, 0.03557879105210304, 0.032934967428445816]"
cm-light,object,977,153,153,1,0.7299891710281372,"[153, 204, 265, 155, 266]","[0.7299891710281372, 0.07450471073389053, 0.054828137159347534, 0.03172183409333229, 0.016315273940563202]"
cm-light,object,978,733,733,1,0.3858605921268463,"[733, 600, 557, 872, 795]","[0.3858605921268463, 0.12259893864393234, 0.10576240718364716, 0.019993523135781288, 0.017594318836927414]"
cm-light,object,979,363,73,0,0.10354761779308319,"[73, 307, 584, 74, 38]","[0.10354761779308319, 0.09510903060436249, 0.05668289214372635, 0.05464233085513115, 0.042913977056741714]"
cm-light,object,980,674,895,0,0.6995197534561157,"[895, 908, 404, 764, 913]","[0.6995197534561157, 0.12948109209537506, 0.08502865582704544, 0.011252876371145248, 0.008766716346144676]"
cm-light,object,981,778,662,0,0.1250476986169815,"[662, 596, 844, 549, 745]","[0.1250476986169815, 0.1012488529086113, 0.055278148502111435, 0.045564938336610794, 0.04454373940825462]"
cm-light,object,982,765,701,0,0.29146113991737366,"[701, 417, 448, 883, 614]","[0.29146113991737366, 0.11993158608675003, 0.04230532795190811, 0.041321560740470886, 0.03894985839724541]"
cm-light,object,983,161,161,1,0.3699299991130829,"[161, 94, 21, 164, 210]","[0.3699299991130829, 0.23059463500976562, 0.04015779495239258, 0.03988729789853096, 0.039021093398332596]"
cm-light,object,984,539,263,0,0.2713109254837036,"[263, 750, 281, 226, 285]","[0.2713109254837036, 0.05330883339047432, 0.043939270079135895, 0.03953561559319496, 0.03553024306893349]"
cm-light,object,985,999,87,0,0.11457064747810364,"[87, 132, 592, 143, 144]","[0.11457064747810364, 0.09691045433282852, 0.0817222073674202, 0.08116453140974045, 0.05923774465918541]"
cm-light,object,986,715,701,0,0.05272766202688217,"[701, 10, 89, 615, 13]","[0.05272766202688217, 0.04862338304519653, 0.04794079437851906, 0.039726827293634415, 0.03464348241686821]"
cm-light,object,987,153,87,0,0.4431700110435486,"[87, 196, 359, 356, 203]","[0.4431700110435486, 0.15632398426532745, 0.060467980802059174, 0.0367128849029541, 0.017527729272842407]"
cm-light,object,988,161,161,1,0.35410717129707336,"[161, 215, 247, 162, 212]","[0.35410717129707336, 0.24802511930465698, 0.08330198377370834, 0.05729888007044792, 0.048344824463129044]"
cm-light,object,989,543,210,0,0.13502514362335205,"[210, 771, 600, 701, 405]","[0.13502514362335205, 0.07719355821609497, 0.06282013654708862, 0.042915139347314835, 0.03566717728972435]"
cm-light,object,990,161,701,0,0.5712574124336243,"[701, 132, 129, 87, 22]","[0.5712574124336243, 0.06887844949960709, 0.032588228583335876, 0.021966345608234406, 0.01907767541706562]"
cm-light,object,991,849,438,0,0.2792951166629791,"[438, 505, 504, 550, 773]","[0.2792951166629791, 0.18488894402980804, 0.1312999576330185, 0.06394656747579575, 0.0523277223110199]"
cm-light,object,992,422,143,0,0.31062015891075134,"[143, 895, 404, 701, 21]","[0.31062015891075134, 0.26396557688713074, 0.08031246811151505, 0.03950241208076477, 0.03406856954097748]"
cm-light,object,993,157,13,0,0.8462874889373779,"[13, 19, 250, 232, 157]","[0.8462874889373779, 0.02251821756362915, 0.017928211018443108, 0.017458874732255936, 0.014444325119256973]"
cm-light,object,994,193,182,0,0.30351629853248596,"[182, 235, 21, 269, 94]","[0.30351629853248596, 0.1072860062122345, 0.07476704567670822, 0.06228679418563843, 0.05415339395403862]"
cm-light,object,995,728,317,0,0.28025689721107483,"[317, 701, 767, 784, 90]","[0.28025689721107483, 0.18621496856212616, 0.09851978719234467, 0.06877389550209045, 0.03311597928404808]"
cm-light,object,996,201,170,0,0.2547644078731537,"[170, 94, 177, 356, 87]","[0.2547644078731537, 0.1615719050168991, 0.08637513965368271, 0.06519291549921036, 0.05685007572174072]"
cm-light,object,997,174,261,0,0.2458815723657608,"[261, 198, 174, 196, 287]","[0.2458815723657608, 0.21273474395275116, 0.21191667020320892, 0.14213673770427704, 0.04178015515208244]"
cm-light,object,998,171,94,0,0.202212855219841,"[94, 16, 174, 87, 171]","[0.202212855219841, 0.1425086408853531, 0.06555524468421936, 0.05743851140141487, 0.05627155303955078]"
cm-light,object,999,161,94,0,0.191503643989563,"[94, 87, 246, 242, 161]","[0.191503643989563, 0.1251300424337387, 0.055689241737127304, 0.053674958646297455, 0.052456535398960114]"
cm-light,object,1000,882,790,0,0.08822522312402725,"[790, 882, 417, 787, 758]","[0.08822522312402725, 0.07256758958101273, 0.06714247167110443, 0.04989994689822197, 0.038991570472717285]"
cm-light,object,1001,199,100,0,0.11759713292121887,"[100, 93, 367, 23, 177]","[0.11759713292121887, 0.0968264490365982, 0.09039705991744995, 0.08418021351099014, 0.08391546458005905]"
cm-light,object,1002,226,186,0,0.10148701071739197,"[186, 255, 184, 226, 182]","[0.10148701071739197, 0.09645780920982361, 0.09569348394870758, 0.08972526341676712, 0.07611653208732605]"
cm-light,object,1003,559,313,0,0.18320970237255096,"[313, 619, 92, 14, 752]","[0.18320970237255096, 0.122045136988163, 0.07099960744380951, 0.06770199537277222, 0.06124776601791382]"
cm-light,object,1004,532,557,0,0.2551189363002777,"[557, 733, 708, 846, 657]","[0.2551189363002777, 0.15794220566749573, 0.09683657437562943, 0.0724489837884903, 0.02801397815346718]"
cm-light,object,1005,882,811,0,0.1836816668510437,"[811, 759, 844, 676, 457]","[0.1836816668510437, 0.07209642231464386, 0.044842857867479324, 0.0424053780734539, 0.0373232439160347]"
cm-light,object,1006,174,21,0,0.21731601655483246,"[21, 275, 140, 12, 141]","[0.21731601655483246, 0.09634120762348175, 0.0635644868016243, 0.055527493357658386, 0.04090738296508789]"
cm-light,object,1007,86,86,1,0.9677634835243225,"[86, 82, 21, 87, 89]","[0.9677634835243225, 0.022301895543932915, 0.005662172567099333, 0.0023947269655764103, 0.0003116521402262151]"
cm-light,object,1008,178,178,1,0.4254768490791321,"[178, 129, 211, 209, 168]","[0.4254768490791321, 0.3401867747306824, 0.05862032249569893, 0.04619372636079788, 0.023111682385206223]"
cm-light,object,1009,252,94,0,0.18640893697738647,"[94, 23, 170, 24, 93]","[0.18640893697738647, 0.12810097634792328, 0.06744379550218582, 0.049549851566553116, 0.043490078300237656]"
cm-light,object,1010,156,359,0,0.12294414639472961,"[359, 21, 22, 356, 214]","[0.12294414639472961, 0.09156705439090729, 0.06427566707134247, 0.0637226328253746, 0.05732180178165436]"
cm-light,object,1011,208,87,0,0.3374619781970978,"[87, 129, 21, 701, 883]","[0.3374619781970978, 0.11776900291442871, 0.07168423384428024, 0.044793013483285904, 0.03356248512864113]"
cm-light,object,1012,543,23,0,0.2509615123271942,"[23, 701, 405, 21, 404]","[0.2509615123271942, 0.22837212681770325, 0.11868257820606232, 0.1028348058462143, 0.09890536218881607]"
cm-light,object,1013,444,513,0,0.189931720495224,"[513, 772, 512, 676, 488]","[0.189931720495224, 0.137778639793396, 0.07988470792770386, 0.06348394602537155, 0.046249330043792725]"
cm-light,object,1014,823,617,0,0.5012037754058838,"[617, 178, 499, 434, 869]","[0.5012037754058838, 0.03805914521217346, 0.03570171073079109, 0.035663120448589325, 0.030291613191366196]"
cm-light,object,1015,841,806,0,0.06878140568733215,"[806, 615, 697, 546, 614]","[0.06878140568733215, 0.06587959825992584, 0.036881256848573685, 0.03208693489432335, 0.02786712534725666]"
cm-light,object,1016,581,751,0,0.11161103844642639,"[751, 812, 511, 404, 817]","[0.11161103844642639, 0.09153841435909271, 0.06857969611883163, 0.05531494691967964, 0.054999757558107376]"
cm-light,object,1017,601,92,0,0.9258583188056946,"[92, 11, 90, 129, 701]","[0.9258583188056946, 0.011173246428370476, 0.008144802413880825, 0.0071581085212528706, 0.005320444703102112]"
cm-light,object,1018,857,812,0,0.3048323094844818,"[812, 448, 701, 776, 513]","[0.3048323094844818, 0.060999028384685516, 0.0514499731361866, 0.03911726549267769, 0.036228928714990616]"
cm-light,object,1019,822,701,0,0.09132453054189682,"[701, 405, 319, 812, 138]","[0.09132453054189682, 0.08881820738315582, 0.06693533807992935, 0.05824906751513481, 0.04567572474479675]"
cm-light,object,1020,543,701,0,0.3422287404537201,"[701, 261, 199, 405, 404]","[0.3422287404537201, 0.06022880971431732, 0.030959052965044975, 0.030635319650173187, 0.026384787634015083]"
cm-light,object,1021,559,895,0,0.16739332675933838,"[895, 129, 13, 313, 14]","[0.16739332675933838, 0.14107994735240936, 0.08111157268285751, 0.06864700466394424, 0.06272737681865692]"
cm-light,object,1022,863,645,0,0.284716933965683,"[645, 442, 863, 733, 683]","[0.284716933965683, 0.14549021422863007, 0.08131017535924911, 0.06327535212039948, 0.05495864152908325]"
cm-light,object,1023,486,701,0,0.4451207220554352,"[701, 600, 783, 22, 318]","[0.4451207220554352, 0.05077514797449112, 0.03921151161193848, 0.02583661675453186, 0.023234190419316292]"
cm-light,object,1024,450,404,0,0.5727018117904663,"[404, 625, 895, 751, 908]","[0.5727018117904663, 0.08555994927883148, 0.07344073802232742, 0.021472785621881485, 0.019783901050686836]"
cm-light,object,1025,615,895,0,0.5938631296157837,"[895, 23, 404, 21, 261]","[0.5938631296157837, 0.08871801197528839, 0.060553353279829025, 0.03347979858517647, 0.019478820264339447]"
cm-light,object,1026,579,895,0,0.2283848375082016,"[895, 920, 699, 517, 872]","[0.2283848375082016, 0.12342064082622528, 0.06488193571567535, 0.05500679463148117, 0.05216831713914871]"
cm-light,object,1027,790,319,0,0.39447206258773804,"[319, 94, 92, 313, 701]","[0.39447206258773804, 0.0977129265666008, 0.03548427298665047, 0.023755861446261406, 0.020682305097579956]"
cm-light,object,1028,160,91,0,0.21911828219890594,"[91, 206, 80, 15, 143]","[0.21911828219890594, 0.17943981289863586, 0.08177224546670914, 0.06491898000240326, 0.03844785690307617]"
cm-light,object,1029,422,404,0,0.22726525366306305,"[404, 143, 319, 320, 92]","[0.22726525366306305, 0.1527516394853592, 0.10680403560400009, 0.09795740246772766, 0.05405503138899803]"
cm-light,object,1030,882,138,0,0.13579857349395752,"[138, 405, 895, 144, 129]","[0.13579857349395752, 0.12872546911239624, 0.11518219113349915, 0.06288356333971024, 0.04942457005381584]"
cm-light,object,1031,608,596,0,0.17994455993175507,"[596, 608, 777, 749, 499]","[0.17994455993175507, 0.07359354197978973, 0.07031582295894623, 0.0686357170343399, 0.041148316115140915]"
cm-light,object,1032,489,862,0,0.1467045396566391,"[862, 546, 777, 557, 451]","[0.1467045396566391, 0.11914125084877014, 0.10308171063661575, 0.07817796617746353, 0.06929217278957367]"
cm-light,object,1033,212,994,0,0.1573488563299179,"[994, 10, 12, 938, 8]","[0.1573488563299179, 0.12478649616241455, 0.11996858566999435, 0.07380864024162292, 0.07213504612445831]"
cm-light,object,1034,145,81,0,0.1437305212020874,"[81, 701, 138, 812, 129]","[0.1437305212020874, 0.06804277002811432, 0.06277157366275787, 0.05329844355583191, 0.0478447861969471]"
cm-light,object,1035,103,103,1,0.19277246296405792,"[103, 90, 213, 92, 78]","[0.19277246296405792, 0.07277929037809372, 0.038915324956178665, 0.03202898055315018, 0.030032267794013023]"
cm-light,object,1036,148,132,0,0.28219935297966003,"[132, 146, 144, 127, 143]","[0.28219935297966003, 0.19067159295082092, 0.13255245983600616, 0.0887693390250206, 0.04682667553424835]"
cm-light,object,1037,149,723,0,0.16491763293743134,"[723, 419, 5, 793, 701]","[0.16491763293743134, 0.0707903727889061, 0.04904104396700859, 0.048990700393915176, 0.04449153319001198]"
cm-light,object,1038,103,94,0,0.44492608308792114,"[94, 12, 319, 141, 64]","[0.44492608308792114, 0.1822870820760727, 0.071951724588871, 0.05768205225467682, 0.02806072309613228]"
cm-light,object,1039,148,128,0,0.3887244462966919,"[128, 895, 404, 127, 143]","[0.3887244462966919, 0.11758409440517426, 0.11104995012283325, 0.0897427648305893, 0.06073017045855522]"
cm-light,object,1040,148,143,0,0.22816528379917145,"[143, 89, 701, 146, 21]","[0.22816528379917145, 0.09175706654787064, 0.07780847698450089, 0.07442279905080795, 0.07434497773647308]"
cm-light,object,1041,148,701,0,0.18766309320926666,"[701, 319, 87, 94, 21]","[0.18766309320926666, 0.08330772072076797, 0.07671476155519485, 0.05459979549050331, 0.04544029384851456]"
cm-light,object,1042,983,584,0,0.5709009766578674,"[584, 14, 319, 701, 320]","[0.5709009766578674, 0.1800793558359146, 0.11133052408695221, 0.04696374014019966, 0.0172246303409338]"
cm-light,object,1043,842,701,0,0.4712334871292114,"[701, 14, 90, 783, 898]","[0.4712334871292114, 0.1400369256734848, 0.13234111666679382, 0.03922826424241066, 0.03437713906168938]"
cm-light,object,1044,1,701,0,0.49279657006263733,"[701, 129, 846, 1, 405]","[0.49279657006263733, 0.03134705126285553, 0.03045039437711239, 0.023334039375185966, 0.022691428661346436]"
cm-light,object,1045,36,94,0,0.5951830148696899,"[94, 95, 47, 21, 50]","[0.5951830148696899, 0.09952541440725327, 0.058634549379348755, 0.021738586947321892, 0.014792349189519882]"
cm-light,object,1046,155,155,1,0.13276393711566925,"[155, 187, 200, 196, 170]","[0.13276393711566925, 0.1208142563700676, 0.11794932931661606, 0.11085523664951324, 0.0777207762002945]"
cm-light,object,1047,148,812,0,0.27553999423980713,"[812, 448, 701, 783, 317]","[0.27553999423980713, 0.10364104807376862, 0.0625469833612442, 0.041089240461587906, 0.03649672865867615]"
cm-light,object,1048,148,81,0,0.3966827094554901,"[81, 88, 132, 501, 578]","[0.3966827094554901, 0.07366253435611725, 0.06282666325569153, 0.06171092018485069, 0.037663135677576065]"
cm-light,object,1049,822,696,0,0.21075676381587982,"[696, 846, 701, 818, 806]","[0.21075676381587982, 0.13531658053398132, 0.0977136492729187, 0.06385219097137451, 0.03976858779788017]"
cm-light,object,1050,842,701,0,0.142091304063797,"[701, 144, 23, 21, 92]","[0.142091304063797, 0.1371779888868332, 0.06777497380971909, 0.06623578816652298, 0.039717789739370346]"
cm-light,object,1051,150,80,0,0.22272615134716034,"[80, 13, 21, 812, 143]","[0.22272615134716034, 0.1977284997701645, 0.12253870815038681, 0.05492806434631348, 0.05459175258874893]"
cm-light,object,1052,148,18,0,0.165118008852005,"[18, 404, 657, 92, 128]","[0.165118008852005, 0.16169750690460205, 0.12206323444843292, 0.08332035690546036, 0.04299386590719223]"
cm-light,object,1053,420,420,1,0.1946132481098175,"[420, 132, 141, 78, 144]","[0.1946132481098175, 0.09257631003856659, 0.07834978401660919, 0.06660223752260208, 0.05787837877869606]"
cm-light,object,1054,932,12,0,0.3968958556652069,"[12, 90, 701, 94, 11]","[0.3968958556652069, 0.3579334616661072, 0.06482842564582825, 0.019231902435421944, 0.01576204039156437]"
cm-light,object,1055,862,494,0,0.13788136839866638,"[494, 437, 699, 708, 872]","[0.13788136839866638, 0.09681231528520584, 0.08277858048677444, 0.05024334043264389, 0.04796690493822098]"
cm-light,object,1056,964,90,0,0.5244843363761902,"[90, 12, 952, 949, 301]","[0.5244843363761902, 0.2107202261686325, 0.061196647584438324, 0.033009182661771774, 0.019857492297887802]"
cm-light,object,1057,76,128,0,0.15370939671993256,"[128, 138, 701, 895, 78]","[0.15370939671993256, 0.10907448083162308, 0.09490726888179779, 0.05514504760503769, 0.054455723613500595]"
cm-light,object,1058,563,144,0,0.32851678133010864,"[144, 404, 701, 418, 557]","[0.32851678133010864, 0.2075287252664566, 0.06722836941480637, 0.04444652050733566, 0.04124823212623596]"
cm-light,object,1059,329,59,0,0.2100750207901001,"[59, 701, 405, 64, 129]","[0.2100750207901001, 0.10582776367664337, 0.07115620374679565, 0.07098350673913956, 0.07040262967348099]"
cm-light,object,1060,928,812,0,0.15779820084571838,"[812, 319, 10, 301, 94]","[0.15779820084571838, 0.10288326442241669, 0.09140214323997498, 0.04255465045571327, 0.04069150984287262]"
cm-light,object,1061,420,319,0,0.2034384310245514,"[319, 845, 701, 517, 699]","[0.2034384310245514, 0.0895782858133316, 0.07597887516021729, 0.04136919602751732, 0.04133887216448784]"
cm-light,object,1062,45,138,0,0.3016805648803711,"[138, 701, 405, 261, 307]","[0.3016805648803711, 0.05814475938677788, 0.05230027809739113, 0.036543842405080795, 0.029317911714315414]"
cm-light,object,1063,963,701,0,0.4243859052658081,"[701, 94, 315, 846, 318]","[0.4243859052658081, 0.08383914083242416, 0.0239457655698061, 0.02249927818775177, 0.020677147433161736]"
cm-light,object,1064,17,319,0,0.1741238236427307,"[319, 21, 12, 92, 14]","[0.1741238236427307, 0.15499024093151093, 0.07158666849136353, 0.07095645368099213, 0.05728495121002197]"
cm-light,object,1065,420,420,1,0.4217064380645752,"[420, 701, 812, 546, 402]","[0.4217064380645752, 0.12830960750579834, 0.034582048654556274, 0.02042480558156967, 0.01926090195775032]"
cm-light,object,1066,737,701,0,0.35356664657592773,"[701, 405, 448, 412, 671]","[0.35356664657592773, 0.050602369010448456, 0.039861198514699936, 0.02391066402196884, 0.022806936874985695]"
cm-light,object,1067,420,144,0,0.16390755772590637,"[144, 129, 132, 22, 701]","[0.16390755772590637, 0.1112532913684845, 0.09179189056158066, 0.059145256876945496, 0.051304370164871216]"
cm-light,object,1068,513,895,0,0.28135573863983154,"[895, 404, 405, 143, 584]","[0.28135573863983154, 0.25719884037971497, 0.18690980970859528, 0.04715915396809578, 0.03040618821978569]"
cm-light,object,1069,27,11,0,0.24289074540138245,"[11, 701, 92, 22, 143]","[0.24289074540138245, 0.09307806938886642, 0.08969363570213318, 0.04419076442718506, 0.04197894409298897]"
cm-light,object,1070,420,127,0,0.12897886335849762,"[127, 420, 132, 517, 319]","[0.12897886335849762, 0.11859742552042007, 0.05815157666802406, 0.05659884959459305, 0.04771103337407112]"
cm-light,object,1071,186,12,0,0.28426748514175415,"[12, 73, 261, 701, 94]","[0.28426748514175415, 0.07068119943141937, 0.06660737842321396, 0.03654852509498596, 0.03382936865091324]"
cm-light,object,1072,305,701,0,0.4827762544155121,"[701, 23, 21, 783, 261]","[0.4827762544155121, 0.06769096851348877, 0.028785714879631996, 0.026142066344618797, 0.021895162761211395]"
cm-light,object,1073,27,701,0,0.1517975628376007,"[701, 78, 307, 319, 12]","[0.1517975628376007, 0.06844623386859894, 0.0635978952050209, 0.045281633734703064, 0.03945514187216759]"
cm-light,object,1074,681,594,0,0.9706555604934692,"[594, 462, 846, 401, 696]","[0.9706555604934692, 0.0018219944322481751, 0.0017900490202009678, 0.0017727240920066833, 0.001483824336901307]"
cm-light,object,1075,790,790,1,0.5277656316757202,"[790, 676, 496, 846, 319]","[0.5277656316757202, 0.04909134656190872, 0.03298063203692436, 0.018646126613020897, 0.016592904925346375]"
cm-light,object,1076,679,319,0,0.12309248000383377,"[319, 139, 141, 12, 138]","[0.12309248000383377, 0.07489576935768127, 0.07071276754140854, 0.060587573796510696, 0.04041040316224098]"
cm-light,object,1077,441,440,0,0.18582969903945923,"[440, 855, 892, 907, 507]","[0.18582969903945923, 0.11292476207017899, 0.07028642296791077, 0.04513474553823471, 0.03835975378751755]"
cm-light,object,1078,929,405,0,0.3629268705844879,"[405, 143, 701, 127, 681]","[0.3629268705844879, 0.34188342094421387, 0.08249753713607788, 0.039575617760419846, 0.031921930611133575]"
cm-light,object,1079,87,87,1,0.9880062937736511,"[87, 21, 81, 85, 141]","[0.9880062937736511, 0.003999450709670782, 0.001253455993719399, 0.0011589621426537633, 0.0008286790107376873]"
cm-light,object,1080,268,21,0,0.20980952680110931,"[21, 87, 13, 10, 94]","[0.20980952680110931, 0.16120027005672455, 0.10462357103824615, 0.07502208650112152, 0.05697079375386238]"
cm-light,object,1081,882,146,0,0.38136905431747437,"[146, 144, 908, 895, 129]","[0.38136905431747437, 0.191358283162117, 0.09221547096967697, 0.06929486989974976, 0.05944794416427612]"
cm-light,object,1082,320,319,0,0.5441163182258606,"[319, 78, 320, 307, 73]","[0.5441163182258606, 0.07622721791267395, 0.06447675079107285, 0.06247418373823166, 0.030204350128769875]"
cm-light,object,1083,621,895,0,0.3247836232185364,"[895, 87, 908, 92, 404]","[0.3247836232185364, 0.07591379433870316, 0.04981616139411926, 0.04491386190056801, 0.04070458561182022]"
cm-light,object,1084,202,170,0,0.3788307309150696,"[170, 182, 202, 261, 358]","[0.3788307309150696, 0.06902047246694565, 0.054321978241205215, 0.041647959500551224, 0.03630310297012329]"
cm-light,object,1085,430,701,0,0.4422770142555237,"[701, 405, 22, 417, 852]","[0.4422770142555237, 0.20963336527347565, 0.040046561509370804, 0.033128347247838974, 0.025574715808033943]"
cm-light,object,1086,157,215,0,0.21841274201869965,"[215, 129, 22, 216, 203]","[0.21841274201869965, 0.13404759764671326, 0.08603282272815704, 0.05219069868326187, 0.046938829123973846]"
cm-light,object,1087,733,132,0,0.29600533843040466,"[132, 448, 557, 733, 99]","[0.29600533843040466, 0.06652772426605225, 0.06471017003059387, 0.053352322429418564, 0.03704983368515968]"
cm-light,object,1088,765,448,0,0.06595494598150253,"[448, 772, 846, 600, 40]","[0.06595494598150253, 0.06031346693634987, 0.039643753319978714, 0.0389045849442482, 0.038572702556848526]"
cm-light,object,1089,231,175,0,0.13089191913604736,"[175, 200, 219, 155, 204]","[0.13089191913604736, 0.09204401075839996, 0.07112731784582138, 0.06376589834690094, 0.05988167226314545]"
cm-light,object,1090,602,733,0,0.3684481978416443,"[733, 920, 731, 602, 845]","[0.3684481978416443, 0.15621235966682434, 0.058846332132816315, 0.04978739470243454, 0.03616401180624962]"
cm-light,object,1091,208,129,0,0.23052458465099335,"[129, 87, 31, 317, 993]","[0.23052458465099335, 0.11085718870162964, 0.09071893990039825, 0.08612817525863647, 0.05655921623110771]"
cm-light,object,1092,792,668,0,0.3251843750476837,"[668, 442, 657, 812, 538]","[0.3251843750476837, 0.11888891458511353, 0.07003183662891388, 0.04636893421411514, 0.04522604122757912]"
cm-light,object,1093,621,321,0,0.1539187878370285,"[321, 812, 895, 517, 326]","[0.1539187878370285, 0.1202915608882904, 0.11434248089790344, 0.041285011917352676, 0.03558284789323807]"
cm-light,object,1094,765,546,0,0.12624093890190125,"[546, 791, 763, 553, 307]","[0.12624093890190125, 0.07352565228939056, 0.055840980261564255, 0.0511944517493248, 0.0417008101940155]"
cm-light,object,1095,177,177,1,0.4913557469844818,"[177, 170, 141, 94, 21]","[0.4913557469844818, 0.3855794370174408, 0.026590624824166298, 0.014800136908888817, 0.010169598273932934]"
cm-light,object,1096,199,199,1,0.37283217906951904,"[199, 192, 177, 233, 226]","[0.37283217906951904, 0.13782550394535065, 0.09108136594295502, 0.08290743827819824, 0.04735827445983887]"
cm-light,object,1097,645,701,0,0.24478410184383392,"[701, 733, 600, 557, 812]","[0.24478410184383392, 0.12504436075687408, 0.0889272466301918, 0.08605284988880157, 0.02808281220495701]"
cm-light,object,1098,199,199,1,0.2994438409805298,"[199, 183, 177, 233, 197]","[0.2994438409805298, 0.2090504765510559, 0.1336459070444107, 0.11261897534132004, 0.05561889335513115]"
cm-light,object,1099,170,89,0,0.19660243391990662,"[89, 350, 129, 134, 21]","[0.19660243391990662, 0.11914820969104767, 0.10388268530368805, 0.0930185616016388, 0.06926199048757553]"
cm-light,object,1100,880,92,0,0.08971183747053146,"[92, 701, 733, 812, 127]","[0.08971183747053146, 0.0600535087287426, 0.03422963246703148, 0.03368613123893738, 0.02997053787112236]"
cm-light,object,1101,188,11,0,0.2919277846813202,"[11, 291, 191, 12, 356]","[0.2919277846813202, 0.1512502282857895, 0.08534496277570724, 0.0803375095129013, 0.05847800150513649]"
cm-light,object,1102,621,895,0,0.18884141743183136,"[895, 94, 321, 908, 724]","[0.18884141743183136, 0.15861965715885162, 0.05116993188858032, 0.04839208722114563, 0.039864711463451385]"
cm-light,object,1103,170,87,0,0.2298378199338913,"[87, 177, 170, 92, 144]","[0.2298378199338913, 0.20735126733779907, 0.08381848782300949, 0.07771573215723038, 0.049409110099077225]"
cm-light,object,1104,250,87,0,0.41085004806518555,"[87, 89, 250, 356, 248]","[0.41085004806518555, 0.19588813185691833, 0.04589204862713814, 0.0341130830347538, 0.020759690552949905]"
cm-light,object,1105,354,12,0,0.4335927963256836,"[12, 141, 95, 94, 21]","[0.4335927963256836, 0.17712412774562836, 0.10578814148902893, 0.06007426232099533, 0.047528862953186035]"
cm-light,object,1106,522,701,0,0.6355102062225342,"[701, 261, 404, 78, 143]","[0.6355102062225342, 0.016315175220370293, 0.01515925582498312, 0.014186039566993713, 0.013987626880407333]"
cm-light,object,1107,267,22,0,0.2816784679889679,"[22, 87, 129, 267, 181]","[0.2816784679889679, 0.11894121766090393, 0.08984210342168808, 0.061955612152814865, 0.05369225889444351]"
cm-light,object,1108,945,301,0,0.36768800020217896,"[301, 584, 945, 319, 90]","[0.36768800020217896, 0.28700995445251465, 0.057545315474271774, 0.029945822432637215, 0.029654381796717644]"
cm-light,object,1109,340,141,0,0.26796332001686096,"[141, 85, 138, 12, 94]","[0.26796332001686096, 0.0804232731461525, 0.05612526834011078, 0.04279618710279465, 0.03624670207500458]"
cm-light,object,1110,772,600,0,0.6725046038627625,"[600, 546, 733, 94, 132]","[0.6725046038627625, 0.0328325554728508, 0.01497907005250454, 0.014257261529564857, 0.013853494077920914]"
cm-light,object,1111,137,143,0,0.2771891951560974,"[143, 137, 23, 21, 80]","[0.2771891951560974, 0.13219185173511505, 0.10704384744167328, 0.06321293860673904, 0.06316593289375305]"
cm-light,object,1112,212,87,0,0.3465113639831543,"[87, 319, 94, 80, 22]","[0.3465113639831543, 0.08960386365652084, 0.07154881954193115, 0.045965731143951416, 0.04035070538520813]"
cm-light,object,1113,727,812,0,0.09702445566654205,"[812, 405, 701, 80, 517]","[0.09702445566654205, 0.07958698272705078, 0.032018668949604034, 0.030402593314647675, 0.027816839516162872]"
cm-light,object,1114,491,21,0,0.07852701842784882,"[21, 319, 10, 94, 16]","[0.07852701842784882, 0.07012767344713211, 0.04927230626344681, 0.03931860998272896, 0.03181389346718788]"
cm-light,object,1115,707,701,0,0.8532229065895081,"[701, 895, 143, 405, 404]","[0.8532229065895081, 0.02512168325483799, 0.025073956698179245, 0.013180827721953392, 0.011476782150566578]"
cm-light,object,1116,929,701,0,0.7860202193260193,"[701, 143, 78, 128, 405]","[0.7860202193260193, 0.03607182204723358, 0.027923474088311195, 0.018766751512885094, 0.018177635967731476]"
cm-light,object,1117,645,701,0,0.31116777658462524,"[701, 733, 73, 600, 645]","[0.31116777658462524, 0.10388370603322983, 0.053316228091716766, 0.049179647117853165, 0.03990258276462555]"
cm-light,object,1118,198,94,0,0.315722793340683,"[94, 177, 13, 9, 364]","[0.315722793340683, 0.28899115324020386, 0.2229071408510208, 0.03431139513850212, 0.013383499346673489]"
cm-light,object,1119,170,13,0,0.2631034553050995,"[13, 87, 16, 17, 23]","[0.2631034553050995, 0.1623210459947586, 0.06983525305986404, 0.059300974011421204, 0.04276057332754135]"
cm-light,object,1120,645,677,0,0.27406516671180725,"[677, 733, 600, 557, 812]","[0.27406516671180725, 0.11840100586414337, 0.058995321393013, 0.05033857002854347, 0.0465862974524498]"
cm-light,object,1121,181,87,0,0.36781570315361023,"[87, 181, 348, 134, 178]","[0.36781570315361023, 0.33650654554367065, 0.13853123784065247, 0.0805034264922142, 0.017254840582609177]"
cm-light,object,1122,267,94,0,0.272114098072052,"[94, 21, 23, 129, 10]","[0.272114098072052, 0.23080945014953613, 0.14645306766033173, 0.03083122707903385, 0.024257242679595947]"
cm-light,object,1123,340,340,1,0.3205457925796509,"[340, 584, 83, 292, 282]","[0.3205457925796509, 0.19866295158863068, 0.09466607868671417, 0.05144251137971878, 0.024942830204963684]"
cm-light,object,1124,735,12,0,0.2848345637321472,"[12, 701, 21, 90, 87]","[0.2848345637321472, 0.07851064950227737, 0.0729154497385025, 0.051144447177648544, 0.022652070969343185]"
cm-light,object,1125,361,93,0,0.20265933871269226,"[93, 144, 23, 18, 895]","[0.20265933871269226, 0.09761609882116318, 0.0833037942647934, 0.07605177164077759, 0.07495779544115067]"
cm-light,object,1126,200,200,1,0.7626771926879883,"[200, 187, 185, 204, 196]","[0.7626771926879883, 0.08541452139616013, 0.04452262073755264, 0.03110184334218502, 0.0158841609954834]"
cm-light,object,1127,912,448,0,0.32599958777427673,"[448, 520, 845, 87, 94]","[0.32599958777427673, 0.07982923835515976, 0.06984063982963562, 0.05962415039539337, 0.032110847532749176]"
cm-light,object,1128,160,261,0,0.12595301866531372,"[261, 701, 23, 144, 404]","[0.12595301866531372, 0.12333747744560242, 0.07286501675844193, 0.05208657309412956, 0.05025305971503258]"
cm-light,object,1129,188,13,0,0.6178272366523743,"[13, 94, 189, 21, 89]","[0.6178272366523743, 0.17831306159496307, 0.03652709722518921, 0.021012986078858376, 0.016151798889040947]"
cm-light,object,1130,872,872,1,0.15175200998783112,"[872, 683, 645, 557, 600]","[0.15175200998783112, 0.09148018062114716, 0.06604357063770294, 0.05694207921624184, 0.053576160222291946]"
cm-light,object,1131,338,129,0,0.4285987317562103,"[129, 169, 216, 112, 127]","[0.4285987317562103, 0.27652707695961, 0.12589848041534424, 0.03819475695490837, 0.01976488158106804]"
cm-light,object,1132,191,271,0,0.32505345344543457,"[271, 274, 350, 51, 182]","[0.32505345344543457, 0.09121137112379074, 0.06664008647203445, 0.042230065912008286, 0.04011886194348335]"
cm-light,object,1133,226,226,1,0.18124409019947052,"[226, 202, 177, 170, 196]","[0.18124409019947052, 0.10442810505628586, 0.10072467476129532, 0.09601752460002899, 0.08059126883745193]"
cm-light,object,1134,953,701,0,0.10476206988096237,"[701, 199, 138, 584, 549]","[0.10476206988096237, 0.04915625602006912, 0.026072455570101738, 0.022019801661372185, 0.01910500042140484]"
cm-light,object,1135,544,846,0,0.15824517607688904,"[846, 708, 448, 701, 42]","[0.15824517607688904, 0.08508963137865067, 0.06312749534845352, 0.05071164667606354, 0.03564029559493065]"
cm-light,object,1136,757,757,1,0.2690366208553314,"[757, 662, 404, 609, 745]","[0.2690366208553314, 0.09669860452413559, 0.09661656618118286, 0.052684228867292404, 0.04018116369843483]"
