model,dataset,idx,label,pred,correct,conf_top1,top5_idx,top5_probs
cm-light,inpainted,0,361,533,0,0.09616682678461075,"[533, 611, 750, 858, 735]","[0.09616682678461075, 0.06591248512268066, 0.05574176087975502, 0.052932657301425934, 0.040558602660894394]"
cm-light,inpainted,1,383,912,0,0.0813591256737709,"[912, 132, 173, 646, 730]","[0.0813591256737709, 0.054243218153715134, 0.034337036311626434, 0.03345729410648346, 0.028862737119197845]"
cm-light,inpainted,2,356,930,0,0.2196435034275055,"[930, 666, 885, 63, 824]","[0.2196435034275055, 0.10000543296337128, 0.04819898679852486, 0.034939974546432495, 0.032860904932022095]"
cm-light,inpainted,3,18,677,0,0.1970846951007843,"[677, 794, 815, 13, 427]","[0.1970846951007843, 0.06665553897619247, 0.0630839392542839, 0.0399794802069664, 0.022564828395843506]"
cm-light,inpainted,4,295,556,0,0.37958863377571106,"[556, 583, 365, 733, 342]","[0.37958863377571106, 0.04365995526313782, 0.0410967618227005, 0.0394974984228611, 0.03401317447423935]"
cm-light,inpainted,5,112,677,0,0.09646029025316238,"[677, 208, 104, 448, 884]","[0.09646029025316238, 0.08681095391511917, 0.08577097952365875, 0.04682878404855728, 0.04060202091932297]"
cm-light,inpainted,6,32,54,0,0.36481592059135437,"[54, 963, 30, 61, 62]","[0.36481592059135437, 0.07656669616699219, 0.06117454916238785, 0.054138295352458954, 0.04576870799064636]"
cm-light,inpainted,7,677,677,1,0.8716886043548584,"[677, 644, 301, 328, 696]","[0.8716886043548584, 0.03275427594780922, 0.022176245227456093, 0.010018913075327873, 0.009556002914905548]"
cm-light,inpainted,8,438,828,0,0.18894602358341217,"[828, 421, 64, 40, 46]","[0.18894602358341217, 0.10809905081987381, 0.07761039584875107, 0.06655824184417725, 0.06442748755216599]"
cm-light,inpainted,9,409,497,0,0.1941564828157425,"[497, 489, 382, 506, 22]","[0.1941564828157425, 0.09930994361639023, 0.04521436616778374, 0.04143337905406952, 0.030565325170755386]"
cm-light,inpainted,10,71,904,0,0.1242271140217781,"[904, 604, 608, 620, 636]","[0.1242271140217781, 0.07538054883480072, 0.058780964463949203, 0.04781671240925789, 0.024736760184168816]"
cm-light,inpainted,11,850,905,0,0.8110299110412598,"[905, 858, 478, 588, 753]","[0.8110299110412598, 0.08996664732694626, 0.011984815821051598, 0.01181123498827219, 0.011394132860004902]"
cm-light,inpainted,12,12,910,0,0.12488170713186264,"[910, 846, 765, 594, 559]","[0.12488170713186264, 0.10300800949335098, 0.09846515953540802, 0.061679597944021225, 0.042747437953948975]"
cm-light,inpainted,13,899,411,0,0.4151233434677124,"[411, 721, 750, 741, 791]","[0.4151233434677124, 0.1105480045080185, 0.08168777078390121, 0.07112075388431549, 0.045631155371665955]"
cm-light,inpainted,14,338,977,0,0.10253005474805832,"[977, 460, 681, 5, 6]","[0.10253005474805832, 0.051732826977968216, 0.04271729290485382, 0.04222491756081581, 0.0399983786046505]"
cm-light,inpainted,15,17,914,0,0.0799255520105362,"[914, 845, 871, 462, 484]","[0.0799255520105362, 0.06767537444829941, 0.06159510090947151, 0.05998368188738823, 0.031844742596149445]"
cm-light,inpainted,16,363,692,0,0.18500106036663055,"[692, 458, 984, 835, 549]","[0.18500106036663055, 0.18450912833213806, 0.077053964138031, 0.06973405927419662, 0.06330892443656921]"
cm-light,inpainted,17,909,519,0,0.6073229908943176,"[519, 492, 478, 646, 858]","[0.6073229908943176, 0.05763482674956322, 0.04103042185306549, 0.03133228421211243, 0.03030247427523136]"
cm-light,inpainted,18,679,443,0,0.21821577847003937,"[443, 459, 999, 679, 899]","[0.21821577847003937, 0.20777127146720886, 0.06842858344316483, 0.058776747435331345, 0.035552795976400375]"
cm-light,inpainted,19,618,918,0,0.39495953917503357,"[918, 692, 887, 610, 921]","[0.39495953917503357, 0.09907842427492142, 0.0793931633234024, 0.040822017937898636, 0.04080068692564964]"
cm-light,inpainted,20,618,533,0,0.5431588888168335,"[533, 496, 721, 327, 927]","[0.5431588888168335, 0.16906476020812988, 0.11017254739999771, 0.03626524284482002, 0.01662275195121765]"
cm-light,inpainted,21,574,828,0,0.15374775230884552,"[828, 490, 619, 806, 588]","[0.15374775230884552, 0.05751119926571846, 0.05292866751551628, 0.05235665291547775, 0.05051770061254501]"
cm-light,inpainted,22,658,984,0,0.23545067012310028,"[984, 958, 687, 533, 741]","[0.23545067012310028, 0.076363205909729, 0.06827635318040848, 0.04624512419104576, 0.04414542019367218]"
cm-light,inpainted,23,461,871,0,0.16021130979061127,"[871, 914, 557, 534, 484]","[0.16021130979061127, 0.10303554683923721, 0.09473025053739548, 0.05735858902335167, 0.04824414476752281]"
cm-light,inpainted,24,132,472,0,0.10463403910398483,"[472, 835, 703, 421, 912]","[0.10463403910398483, 0.10421571880578995, 0.10320692509412766, 0.04802301153540611, 0.036993496119976044]"
cm-light,inpainted,25,122,519,0,0.5641404986381531,"[519, 525, 835, 539, 915]","[0.5641404986381531, 0.07246129214763641, 0.05014347285032272, 0.047692298889160156, 0.028920523822307587]"
cm-light,inpainted,26,12,649,0,0.7660336494445801,"[649, 134, 394, 146, 23]","[0.7660336494445801, 0.050825271755456924, 0.02908330410718918, 0.02900635451078415, 0.027478359639644623]"
cm-light,inpainted,27,679,883,0,0.5791147947311401,"[883, 725, 899, 708, 613]","[0.5791147947311401, 0.04513142630457878, 0.02720985747873783, 0.026509370654821396, 0.02106485515832901]"
cm-light,inpainted,28,23,839,0,0.22144438326358795,"[839, 733, 645, 780, 718]","[0.22144438326358795, 0.21650202572345734, 0.09910956770181656, 0.07771508395671844, 0.060371458530426025]"
cm-light,inpainted,29,937,909,0,0.5336551070213318,"[909, 544, 5, 567, 469]","[0.5336551070213318, 0.18526270985603333, 0.08261428028345108, 0.06362936645746231, 0.042637746781110764]"
cm-light,inpainted,30,679,711,0,0.1773623824119568,"[711, 849, 725, 673, 544]","[0.1773623824119568, 0.1598881185054779, 0.11066733300685883, 0.08667048811912537, 0.03647719696164131]"
cm-light,inpainted,31,335,202,0,0.094633087515831,"[202, 204, 194, 182, 184]","[0.094633087515831, 0.07826048880815506, 0.07062510401010513, 0.04881427437067032, 0.035455696284770966]"
cm-light,inpainted,32,76,5,0,0.2215033620595932,"[5, 149, 719, 6, 900]","[0.2215033620595932, 0.057445161044597626, 0.03739302605390549, 0.032137054949998856, 0.03136130049824715]"
cm-light,inpainted,33,851,651,0,0.4743574261665344,"[651, 453, 534, 894, 868]","[0.4743574261665344, 0.10515366494655609, 0.05359303206205368, 0.04637422412633896, 0.04369616135954857]"
cm-light,inpainted,34,770,794,0,0.44328293204307556,"[794, 562, 905, 669, 904]","[0.44328293204307556, 0.11368293315172195, 0.07148351520299911, 0.048159703612327576, 0.03987819328904152]"
cm-light,inpainted,35,122,581,0,0.12217830866575241,"[581, 807, 466, 930, 905]","[0.12217830866575241, 0.09806954115629196, 0.06397056579589844, 0.057560745626688004, 0.05168917030096054]"
cm-light,inpainted,36,712,815,0,0.8766663074493408,"[815, 74, 807, 73, 72]","[0.8766663074493408, 0.04618581384420395, 0.020939255133271217, 0.014872218482196331, 0.012101883068680763]"
cm-light,inpainted,37,852,38,0,0.3401300013065338,"[38, 47, 325, 56, 947]","[0.3401300013065338, 0.15144608914852142, 0.13424931466579437, 0.0857057198882103, 0.04584089294075966]"
cm-light,inpainted,38,12,18,0,0.09418714046478271,"[18, 562, 94, 448, 846]","[0.09418714046478271, 0.07913143932819366, 0.07162462174892426, 0.04414449632167816, 0.03883308172225952]"
cm-light,inpainted,39,849,852,0,0.04120378941297531,"[852, 104, 248, 250, 516]","[0.04120378941297531, 0.034719958901405334, 0.02584819309413433, 0.021981943398714066, 0.021679062396287918]"
cm-light,inpainted,40,606,598,0,0.3565576672554016,"[598, 664, 851, 651, 480]","[0.3565576672554016, 0.19645555317401886, 0.15506789088249207, 0.018427634611725807, 0.01638098619878292]"
cm-light,inpainted,41,87,905,0,0.19936326146125793,"[905, 702, 583, 437, 421]","[0.19936326146125793, 0.10911533981561661, 0.06894385069608688, 0.04093589261174202, 0.03369973972439766]"
cm-light,inpainted,42,491,803,0,0.11966168880462646,"[803, 779, 636, 510, 921]","[0.11966168880462646, 0.06632571667432785, 0.054775603115558624, 0.049690455198287964, 0.043876662850379944]"
cm-light,inpainted,43,964,417,0,0.15296246111392975,"[417, 538, 517, 701, 94]","[0.15296246111392975, 0.12329345941543579, 0.04988623037934303, 0.04917425662279129, 0.04752667248249054]"
cm-light,inpainted,44,635,632,0,0.19030797481536865,"[632, 662, 620, 681, 664]","[0.19030797481536865, 0.11784316599369049, 0.08589206635951996, 0.07017456740140915, 0.06183435022830963]"
cm-light,inpainted,45,335,904,0,0.19373100996017456,"[904, 318, 538, 75, 443]","[0.19373100996017456, 0.05039336904883385, 0.049360789358615875, 0.03940344229340553, 0.028309274464845657]"
cm-light,inpainted,46,825,825,1,0.4171067476272583,"[825, 788, 580, 509, 858]","[0.4171067476272583, 0.17361681163311005, 0.11028864234685898, 0.030663808807730675, 0.018409492447972298]"
cm-light,inpainted,47,863,839,0,0.15558792650699615,"[839, 979, 580, 863, 973]","[0.15558792650699615, 0.05473379045724869, 0.05229124426841736, 0.043167293071746826, 0.014719498343765736]"
cm-light,inpainted,48,839,328,0,0.14561977982521057,"[328, 863, 384, 682, 839]","[0.14561977982521057, 0.06486288458108902, 0.06307658553123474, 0.05364770069718361, 0.046268731355667114]"
cm-light,inpainted,49,257,395,0,0.11751660704612732,"[395, 276, 977, 104, 343]","[0.11751660704612732, 0.05439639464020729, 0.042063068598508835, 0.0286684799939394, 0.025189870968461037]"
cm-light,inpainted,50,185,646,0,0.05988432094454765,"[646, 330, 825, 275, 292]","[0.05988432094454765, 0.05726050212979317, 0.05366736650466919, 0.047441184520721436, 0.0413205549120903]"
cm-light,inpainted,51,489,975,0,0.09391428530216217,"[975, 979, 580, 50, 269]","[0.09391428530216217, 0.04692865163087845, 0.04316500946879387, 0.03720458596944809, 0.03546528145670891]"
cm-light,inpainted,52,609,825,0,0.03822633996605873,"[825, 271, 256, 369, 716]","[0.03822633996605873, 0.030214836820960045, 0.02576480433344841, 0.025507448241114616, 0.025012074038386345]"
cm-light,inpainted,53,847,815,0,0.14759398996829987,"[815, 979, 329, 671, 48]","[0.14759398996829987, 0.14197197556495667, 0.09982415288686752, 0.07219719141721725, 0.040068838745355606]"
cm-light,inpainted,54,544,84,0,0.07564273476600647,"[84, 378, 135, 330, 336]","[0.07564273476600647, 0.05104256048798561, 0.04088330641388893, 0.03375900909304619, 0.03154076263308525]"
cm-light,inpainted,55,179,815,0,0.2554173171520233,"[815, 979, 489, 342, 336]","[0.2554173171520233, 0.0638323500752449, 0.058939360082149506, 0.055754419416189194, 0.05264309048652649]"
cm-light,inpainted,56,174,825,0,0.05349346622824669,"[825, 295, 84, 275, 352]","[0.05349346622824669, 0.04456951469182968, 0.03344891592860222, 0.02588599920272827, 0.025329817086458206]"
cm-light,inpainted,57,349,839,0,0.2120557427406311,"[839, 979, 525, 835, 977]","[0.2120557427406311, 0.12250696867704391, 0.057485997676849365, 0.04737791791558266, 0.026301566511392593]"
cm-light,inpainted,58,277,815,0,0.11354681849479675,"[815, 81, 85, 86, 278]","[0.11354681849479675, 0.05390210822224617, 0.043241873383522034, 0.04054320231080055, 0.03565452992916107]"
cm-light,inpainted,59,518,825,0,0.10967104882001877,"[825, 979, 974, 646, 634]","[0.10967104882001877, 0.10466007888317108, 0.09243065863847733, 0.044710785150527954, 0.03660847619175911]"
cm-light,inpainted,60,958,425,0,0.40104037523269653,"[425, 958, 221, 829, 347]","[0.40104037523269653, 0.05905600264668465, 0.03605265915393829, 0.034416452050209045, 0.023728450760245323]"
cm-light,inpainted,61,385,386,0,0.44400304555892944,"[386, 649, 385, 9, 603]","[0.44400304555892944, 0.09118516743183136, 0.08365339040756226, 0.043823447078466415, 0.02709347754716873]"
cm-light,inpainted,62,830,825,0,0.06752827763557434,"[825, 84, 522, 329, 170]","[0.06752827763557434, 0.05453180521726608, 0.04613509774208069, 0.03418252244591713, 0.030796123668551445]"
cm-light,inpainted,63,132,331,0,0.12595893442630768,"[331, 336, 277, 282, 815]","[0.12595893442630768, 0.07073071599006653, 0.041579194366931915, 0.03619404882192612, 0.03592536970973015]"
cm-light,inpainted,64,354,912,0,0.5700135827064514,"[912, 703, 791, 825, 580]","[0.5700135827064514, 0.052488453686237335, 0.03424973785877228, 0.015668489038944244, 0.01234358362853527]"
cm-light,inpainted,65,879,975,0,0.09452466666698456,"[975, 974, 425, 912, 703]","[0.09452466666698456, 0.06223997473716736, 0.04686314985156059, 0.03745622932910919, 0.0320061594247818]"
cm-light,inpainted,66,807,347,0,0.13627271354198456,"[347, 839, 472, 979, 646]","[0.13627271354198456, 0.054631877690553665, 0.05175007879734039, 0.03547728434205055, 0.035104911774396896]"
cm-light,inpainted,67,863,863,1,0.7580785751342773,"[863, 832, 682, 853, 990]","[0.7580785751342773, 0.019897233694791794, 0.016046449542045593, 0.011881459504365921, 0.010576904751360416]"
cm-light,inpainted,68,821,979,0,0.957916259765625,"[979, 970, 976, 972, 888]","[0.957916259765625, 0.016557985916733742, 0.007915960624814034, 0.0067295958288013935, 0.00311166956089437]"
cm-light,inpainted,69,656,972,0,0.21815624833106995,"[972, 649, 970, 6, 289]","[0.21815624833106995, 0.15140222012996674, 0.04060682654380798, 0.040538396686315536, 0.0321199931204319]"
cm-light,inpainted,70,614,912,0,0.22443705797195435,"[912, 386, 236, 618, 908]","[0.22443705797195435, 0.1317829191684723, 0.08380556106567383, 0.07327965646982193, 0.03190144523978233]"
cm-light,inpainted,71,294,329,0,0.2043466418981552,"[329, 649, 973, 979, 336]","[0.2043466418981552, 0.0807727798819542, 0.07260054349899292, 0.050948530435562134, 0.04730634391307831]"
cm-light,inpainted,72,870,276,0,0.12959253787994385,"[276, 49, 340, 525, 271]","[0.12959253787994385, 0.059966880828142166, 0.052226562052965164, 0.030851485207676888, 0.02889101766049862]"
cm-light,inpainted,73,346,101,0,0.06408454477787018,"[101, 293, 271, 984, 295]","[0.06408454477787018, 0.05758969113230705, 0.05402157083153725, 0.03870362043380737, 0.03729703649878502]"
cm-light,inpainted,74,194,222,0,0.5720459818840027,"[222, 405, 257, 348, 660]","[0.5720459818840027, 0.051152195781469345, 0.02417769655585289, 0.019892478361725807, 0.013616631738841534]"
cm-light,inpainted,75,287,342,0,0.13178206980228424,"[342, 390, 295, 233, 649]","[0.13178206980228424, 0.0777684822678566, 0.07571816444396973, 0.06031743437051773, 0.05275444686412811]"
cm-light,inpainted,76,295,649,0,0.07262668758630753,"[649, 347, 295, 84, 271]","[0.07262668758630753, 0.06879879534244537, 0.050510697066783905, 0.040553268045186996, 0.02976023219525814]"
cm-light,inpainted,77,92,92,1,0.19257642328739166,"[92, 307, 135, 91, 321]","[0.19257642328739166, 0.0928027555346489, 0.054009776562452316, 0.053699564188718796, 0.05038198456168175]"
cm-light,inpainted,78,17,311,0,0.10192862153053284,"[311, 989, 310, 815, 74]","[0.10192862153053284, 0.0658695325255394, 0.06384178251028061, 0.06083383411169052, 0.053161364048719406]"
cm-light,inpainted,79,105,89,0,0.28127041459083557,"[89, 17, 105, 880, 955]","[0.28127041459083557, 0.1351930797100067, 0.08503701537847519, 0.05834411829710007, 0.021513275802135468]"
cm-light,inpainted,80,356,448,0,0.23508459329605103,"[448, 799, 583, 904, 706]","[0.23508459329605103, 0.1365373283624649, 0.09477943927049637, 0.04318013787269592, 0.042287930846214294]"
cm-light,inpainted,81,14,95,0,0.42577603459358215,"[95, 14, 364, 377, 380]","[0.42577603459358215, 0.15971916913986206, 0.04045587778091431, 0.03435613587498665, 0.030723687261343002]"
cm-light,inpainted,82,378,30,0,0.06229298934340477,"[30, 364, 328, 378, 379]","[0.06229298934340477, 0.043265022337436676, 0.03903705254197121, 0.03844591602683067, 0.031300440430641174]"
cm-light,inpainted,83,59,95,0,0.13060054183006287,"[95, 381, 378, 364, 382]","[0.13060054183006287, 0.12808476388454437, 0.12476939707994461, 0.0736413300037384, 0.06903957575559616]"
cm-light,inpainted,84,95,95,1,0.40949901938438416,"[95, 313, 59, 319, 43]","[0.40949901938438416, 0.10168769210577011, 0.06855250895023346, 0.06347815692424774, 0.03360632434487343]"
cm-light,inpainted,85,95,64,0,0.11966032534837723,"[64, 311, 994, 984, 46]","[0.11966032534837723, 0.07926318794488907, 0.06952381134033203, 0.034296076744794846, 0.030374091118574142]"
cm-light,inpainted,86,379,375,0,0.12994633615016937,"[375, 364, 381, 93, 387]","[0.12994633615016937, 0.07424638420343399, 0.06501863896846771, 0.05301486328244209, 0.035271476954221725]"
cm-light,inpainted,87,382,14,0,0.18279919028282166,"[14, 96, 378, 91, 133]","[0.18279919028282166, 0.1389533430337906, 0.07448099553585052, 0.05282590910792351, 0.048600904643535614]"
cm-light,inpainted,88,10,11,0,0.2171064168214798,"[11, 92, 303, 16, 10]","[0.2171064168214798, 0.18110257387161255, 0.1438957303762436, 0.06606856733560562, 0.05344674363732338]"
cm-light,inpainted,89,383,140,0,0.18663249909877777,"[140, 139, 98, 137, 337]","[0.18663249909877777, 0.13508599996566772, 0.10518601536750793, 0.055606190115213394, 0.053273968398571014]"
cm-light,inpainted,90,378,364,0,0.305562287569046,"[364, 955, 378, 448, 379]","[0.305562287569046, 0.1388569176197052, 0.10414809733629227, 0.056216005235910416, 0.047344379127025604]"
cm-light,inpainted,91,376,367,0,0.18688945472240448,"[367, 365, 372, 381, 376]","[0.18688945472240448, 0.10221066325902939, 0.06612565368413925, 0.06122707948088646, 0.056203775107860565]"
cm-light,inpainted,92,21,24,0,0.4398583769798279,"[24, 15, 379, 82, 22]","[0.4398583769798279, 0.07158085703849792, 0.06454979628324509, 0.04136915132403374, 0.03697599843144417]"
cm-light,inpainted,93,275,991,0,0.08212272822856903,"[991, 489, 735, 955, 123]","[0.08212272822856903, 0.035777781158685684, 0.035190243273973465, 0.03464891389012337, 0.032400719821453094]"
cm-light,inpainted,94,85,815,0,0.24264951050281525,"[815, 14, 373, 74, 18]","[0.24264951050281525, 0.09215199202299118, 0.07564328610897064, 0.058253489434719086, 0.05242961645126343]"
cm-light,inpainted,95,383,383,1,0.1720809042453766,"[383, 375, 388, 369, 365]","[0.1720809042453766, 0.05000375583767891, 0.047682031989097595, 0.04057822749018669, 0.04047948867082596]"
cm-light,inpainted,96,18,14,0,0.41556283831596375,"[14, 924, 738, 17, 91]","[0.41556283831596375, 0.09922173619270325, 0.03865041583776474, 0.020711321383714676, 0.019385142251849174]"
cm-light,inpainted,97,326,82,0,0.23195484280586243,"[82, 10, 319, 13, 14]","[0.23195484280586243, 0.1397923082113266, 0.044287219643592834, 0.04377321898937225, 0.03801494836807251]"
cm-light,inpainted,98,379,379,1,0.5092552900314331,"[379, 378, 383, 381, 105]","[0.5092552900314331, 0.11354821920394897, 0.0734502449631691, 0.05873514711856842, 0.03736810013651848]"
cm-light,inpainted,99,378,562,0,0.15364041924476624,"[562, 448, 406, 14, 378]","[0.15364041924476624, 0.12114497274160385, 0.08471037447452545, 0.07554895430803299, 0.05603265017271042]"
cm-light,inpainted,100,378,334,0,0.7809749841690063,"[334, 364, 82, 380, 133]","[0.7809749841690063, 0.018155043944716454, 0.015003180131316185, 0.014882037416100502, 0.01461196318268776]"
cm-light,inpainted,101,379,14,0,0.17965508997440338,"[14, 91, 13, 17, 10]","[0.17965508997440338, 0.1263367384672165, 0.11160294711589813, 0.07580237090587616, 0.053156256675720215]"
cm-light,inpainted,102,12,313,0,0.28921207785606384,"[313, 77, 142, 94, 311]","[0.28921207785606384, 0.2203499972820282, 0.11034602671861649, 0.09730502218008041, 0.059339605271816254]"
cm-light,inpainted,103,18,156,0,0.7573896050453186,"[156, 152, 250, 335, 81]","[0.7573896050453186, 0.09767044335603714, 0.040116604417562485, 0.027501963078975677, 0.018531473353505135]"
cm-light,inpainted,104,428,984,0,0.1854802966117859,"[984, 825, 25, 580, 716]","[0.1854802966117859, 0.07372171431779861, 0.05311885103583336, 0.03661072999238968, 0.02831176668405533]"
cm-light,inpainted,105,376,378,0,0.10026390105485916,"[378, 955, 379, 17, 381]","[0.10026390105485916, 0.08588577061891556, 0.08149112015962601, 0.0434965118765831, 0.037525203078985214]"
cm-light,inpainted,106,379,136,0,0.18077968060970306,"[136, 946, 944, 14, 131]","[0.18077968060970306, 0.10491771250963211, 0.09588582068681717, 0.08820434659719467, 0.0657983049750328]"
cm-light,inpainted,107,19,448,0,0.1973331719636917,"[448, 96, 55, 926, 998]","[0.1973331719636917, 0.10080234706401825, 0.05907260626554489, 0.043086547404527664, 0.0423581562936306]"
cm-light,inpainted,108,18,22,0,0.48445144295692444,"[22, 18, 374, 23, 489]","[0.48445144295692444, 0.06519804894924164, 0.03993958234786987, 0.02979654259979725, 0.028809929266572]"
cm-light,inpainted,109,95,95,1,0.14516708254814148,"[95, 42, 677, 53, 311]","[0.14516708254814148, 0.14090755581855774, 0.057855263352394104, 0.05463482812047005, 0.04506833851337433]"
cm-light,inpainted,110,95,313,0,0.2708234488964081,"[313, 96, 315, 91, 64]","[0.2708234488964081, 0.14725497364997864, 0.0930403545498848, 0.07510626316070557, 0.06829255074262619]"
cm-light,inpainted,111,17,11,0,0.44238510727882385,"[11, 95, 15, 14, 92]","[0.44238510727882385, 0.31328845024108887, 0.0375470407307148, 0.030746614560484886, 0.029377121478319168]"
cm-light,inpainted,112,232,49,0,0.04710198566317558,"[49, 42, 489, 50, 288]","[0.04710198566317558, 0.04696251079440117, 0.024480119347572327, 0.02328287623822689, 0.021225102245807648]"
cm-light,inpainted,113,382,96,0,0.4738904535770416,"[96, 738, 315, 124, 89]","[0.4738904535770416, 0.13594330847263336, 0.06141778081655502, 0.034976713359355927, 0.02801060490310192]"
cm-light,inpainted,114,622,376,0,0.5242555737495422,"[376, 988, 986, 944, 64]","[0.5242555737495422, 0.055567070841789246, 0.04696271941065788, 0.04262535274028778, 0.03084087371826172]"
cm-light,inpainted,115,372,361,0,0.07475423067808151,"[361, 428, 329, 327, 65]","[0.07475423067808151, 0.05114252492785454, 0.04117618128657341, 0.024664709344506264, 0.022285938262939453]"
cm-light,inpainted,116,313,985,0,0.12211821973323822,"[985, 325, 989, 25, 738]","[0.12211821973323822, 0.06551151722669601, 0.052552156150341034, 0.04641266167163849, 0.04343361780047417]"
cm-light,inpainted,117,18,275,0,0.43287765979766846,"[275, 364, 272, 276, 271]","[0.43287765979766846, 0.06640838086605072, 0.04186822474002838, 0.04062681272625923, 0.025996821001172066]"
cm-light,inpainted,118,919,580,0,0.1301557421684265,"[580, 381, 374, 375, 88]","[0.1301557421684265, 0.0796370804309845, 0.07498776167631149, 0.05450867488980293, 0.0530012808740139]"
cm-light,inpainted,119,92,21,0,0.10629862546920776,"[21, 23, 22, 136, 94]","[0.10629862546920776, 0.09006635844707489, 0.08936596661806107, 0.0834694504737854, 0.055331964045763016]"
cm-light,inpainted,120,75,373,0,0.15313035249710083,"[373, 372, 272, 270, 287]","[0.15313035249710083, 0.12521183490753174, 0.07938005030155182, 0.05600743740797043, 0.045529555529356]"
cm-light,inpainted,121,379,379,1,0.19098436832427979,"[379, 93, 364, 96, 382]","[0.19098436832427979, 0.10713660717010498, 0.08720368146896362, 0.07051457464694977, 0.04631748050451279]"
cm-light,inpainted,122,272,331,0,0.26763033866882324,"[331, 14, 912, 82, 15]","[0.26763033866882324, 0.11984006315469742, 0.07547154277563095, 0.06730379164218903, 0.05285607650876045]"
cm-light,inpainted,123,86,348,0,0.09076797962188721,"[348, 984, 970, 538, 349]","[0.09076797962188721, 0.06067227944731712, 0.029731588438153267, 0.028686312958598137, 0.027945684269070625]"
cm-light,inpainted,124,275,991,0,0.15381506085395813,"[991, 839, 410, 24, 815]","[0.15381506085395813, 0.07953539490699768, 0.07019326090812683, 0.043247040361166, 0.03590669110417366]"
cm-light,inpainted,125,387,912,0,0.35722604393959045,"[912, 395, 391, 616, 318]","[0.35722604393959045, 0.1103946715593338, 0.08002468943595886, 0.06631919741630554, 0.038554999977350235]"
cm-light,inpainted,126,12,115,0,0.23875091969966888,"[115, 94, 989, 325, 74]","[0.23875091969966888, 0.18069225549697876, 0.10529247671365738, 0.07250890880823135, 0.05744422972202301]"
cm-light,inpainted,127,17,12,0,0.3311114013195038,"[12, 94, 17, 13, 10]","[0.3311114013195038, 0.22217221558094025, 0.1882518082857132, 0.03663449361920357, 0.034057438373565674]"
cm-light,inpainted,128,899,703,0,0.1396622210741043,"[703, 912, 26, 580, 839]","[0.1396622210741043, 0.12378450483083725, 0.0715748742222786, 0.055249784141778946, 0.05217337980866432]"
cm-light,inpainted,129,365,9,0,0.14902432262897491,"[9, 77, 912, 384, 271]","[0.14902432262897491, 0.0909559354186058, 0.07329811155796051, 0.043593522161245346, 0.03309226781129837]"
cm-light,inpainted,130,335,84,0,0.14787115156650543,"[84, 82, 46, 59, 94]","[0.14787115156650543, 0.09260991960763931, 0.06511753052473068, 0.05852365121245384, 0.05556735396385193]"
cm-light,inpainted,131,23,81,0,0.28393930196762085,"[81, 143, 815, 979, 330]","[0.28393930196762085, 0.04771385341882706, 0.041066963225603104, 0.023006245493888855, 0.021643463522195816]"
cm-light,inpainted,132,379,682,0,0.4984911382198334,"[682, 442, 777, 821, 145]","[0.4984911382198334, 0.13204129040241241, 0.12567749619483948, 0.039653658866882324, 0.03093751333653927]"
cm-light,inpainted,133,988,988,1,0.14402085542678833,"[988, 764, 716, 131, 858]","[0.14402085542678833, 0.07020435482263565, 0.06593755632638931, 0.061768729239702225, 0.04807911440730095]"
cm-light,inpainted,134,988,16,0,0.8853172063827515,"[16, 92, 315, 40, 55]","[0.8853172063827515, 0.07240381836891174, 0.006195758935064077, 0.0047467853873968124, 0.004696541931480169]"
cm-light,inpainted,135,17,14,0,0.9031979441642761,"[14, 10, 15, 989, 12]","[0.9031979441642761, 0.027642758563160896, 0.017792969942092896, 0.008573818951845169, 0.006858034525066614]"
cm-light,inpainted,136,18,364,0,0.17880909144878387,"[364, 368, 381, 90, 380]","[0.17880909144878387, 0.07345928251743317, 0.07157914340496063, 0.061992205679416656, 0.052631277590990067]"
cm-light,inpainted,137,39,378,0,0.28244534134864807,"[378, 96, 943, 382, 12]","[0.28244534134864807, 0.08845646679401398, 0.050299085676670074, 0.04420881345868111, 0.038657039403915405]"
cm-light,inpainted,138,335,303,0,0.20104964077472687,"[303, 14, 302, 943, 312]","[0.20104964077472687, 0.14519795775413513, 0.045192599296569824, 0.03695226460695267, 0.02633078582584858]"
cm-light,inpainted,139,376,374,0,0.0994689092040062,"[374, 448, 815, 24, 489]","[0.0994689092040062, 0.09571841359138489, 0.06980147957801819, 0.05260302126407623, 0.029452841728925705]"
cm-light,inpainted,140,18,131,0,0.11106935143470764,"[131, 337, 133, 79, 299]","[0.11106935143470764, 0.09128151088953018, 0.07650071382522583, 0.06406132876873016, 0.04732349142432213]"
cm-light,inpainted,141,134,272,0,0.11231591552495956,"[272, 142, 20, 287, 141]","[0.11231591552495956, 0.10236530750989914, 0.05998922884464264, 0.04891819506883621, 0.03712734952569008]"
cm-light,inpainted,142,294,972,0,0.4802530109882355,"[972, 976, 970, 973, 2]","[0.4802530109882355, 0.14794011414051056, 0.06386449187994003, 0.05259149894118309, 0.04421229287981987]"
cm-light,inpainted,143,472,458,0,0.0784338191151619,"[458, 472, 449, 912, 975]","[0.0784338191151619, 0.0636252611875534, 0.061804305762052536, 0.04733756557106972, 0.04223869740962982]"
cm-light,inpainted,144,354,703,0,0.23649704456329346,"[703, 977, 525, 142, 718]","[0.23649704456329346, 0.08717590570449829, 0.0595364049077034, 0.051215287297964096, 0.05007924884557724]"
cm-light,inpainted,145,134,139,0,0.09638485312461853,"[139, 58, 209, 825, 50]","[0.09638485312461853, 0.054493702948093414, 0.047441042959690094, 0.03834037855267525, 0.03811657056212425]"
cm-light,inpainted,146,821,975,0,0.748077929019928,"[975, 460, 483, 888, 449]","[0.748077929019928, 0.05163086578249931, 0.03356728330254555, 0.020999299362301826, 0.01662963069975376]"
cm-light,inpainted,147,391,977,0,0.15556609630584717,"[977, 780, 147, 975, 460]","[0.15556609630584717, 0.11117521673440933, 0.07278945297002792, 0.051942747086286545, 0.028669673949480057]"
cm-light,inpainted,148,391,975,0,0.24371010065078735,"[975, 977, 460, 483, 984]","[0.24371010065078735, 0.23992006480693817, 0.0561760850250721, 0.05158735066652298, 0.04787590354681015]"
cm-light,inpainted,149,821,908,0,0.1691417694091797,"[908, 525, 895, 833, 724]","[0.1691417694091797, 0.10069890320301056, 0.08937156200408936, 0.0611087828874588, 0.05189777538180351]"
cm-light,inpainted,150,576,576,1,0.30354776978492737,"[576, 344, 150, 107, 391]","[0.30354776978492737, 0.04568474739789963, 0.03381940349936485, 0.021263916045427322, 0.021191947162151337]"
cm-light,inpainted,151,140,146,0,0.08712388575077057,"[146, 141, 140, 693, 103]","[0.08712388575077057, 0.07126010209321976, 0.06062878295779228, 0.0498773530125618, 0.048819102346897125]"
cm-light,inpainted,152,852,143,0,0.14976167678833008,"[143, 102, 150, 360, 98]","[0.14976167678833008, 0.07956772297620773, 0.06833741068840027, 0.06332527101039886, 0.05163300037384033]"
cm-light,inpainted,153,576,472,0,0.23875132203102112,"[472, 853, 979, 977, 975]","[0.23875132203102112, 0.14244601130485535, 0.06171669438481331, 0.04625384882092476, 0.03931232541799545]"
cm-light,inpainted,154,472,346,0,0.17613132297992706,"[346, 408, 449, 386, 344]","[0.17613132297992706, 0.13163024187088013, 0.0869268849492073, 0.03685925528407097, 0.027287103235721588]"
cm-light,inpainted,155,258,769,0,0.19252492487430573,"[769, 525, 519, 867, 703]","[0.19252492487430573, 0.07293827831745148, 0.06667826324701309, 0.06628561019897461, 0.05288244038820267]"
cm-light,inpainted,156,143,143,1,0.2436133325099945,"[143, 139, 140, 328, 141]","[0.2436133325099945, 0.14928728342056274, 0.07846790552139282, 0.037082087248563766, 0.03674174100160599]"
cm-light,inpainted,157,198,975,0,0.3504455089569092,"[975, 525, 706, 672, 972]","[0.3504455089569092, 0.10755869001150131, 0.08984380215406418, 0.04566795378923416, 0.03753531724214554]"
cm-light,inpainted,158,236,975,0,0.4180505871772766,"[975, 979, 976, 984, 972]","[0.4180505871772766, 0.2209913432598114, 0.04527709260582924, 0.023921960964798927, 0.023730752989649773]"
cm-light,inpainted,159,576,576,1,0.9320930242538452,"[576, 449, 483, 497, 562]","[0.9320930242538452, 0.01015398371964693, 0.007831924594938755, 0.006497446447610855, 0.006094008684158325]"
cm-light,inpainted,160,483,979,0,0.3498952388763428,"[979, 483, 972, 839, 970]","[0.3498952388763428, 0.0930086150765419, 0.0671011209487915, 0.04579382389783859, 0.04397645965218544]"
cm-light,inpainted,161,727,975,0,0.23465026915073395,"[975, 727, 835, 682, 449]","[0.23465026915073395, 0.10213502496480942, 0.06423178315162659, 0.05740993469953537, 0.05629173666238785]"
cm-light,inpainted,162,238,979,0,0.15220370888710022,"[979, 150, 344, 525, 147]","[0.15220370888710022, 0.10630112141370773, 0.09811830520629883, 0.051995765417814255, 0.03884343430399895]"
cm-light,inpainted,163,385,294,0,0.10707969963550568,"[294, 276, 344, 275, 106]","[0.10707969963550568, 0.07920721173286438, 0.059651825577020645, 0.05188564583659172, 0.0394497886300087]"
cm-light,inpainted,164,472,718,0,0.7955737709999084,"[718, 821, 510, 694, 460]","[0.7955737709999084, 0.03536495566368103, 0.019199995324015617, 0.017865177243947983, 0.01768030971288681]"
cm-light,inpainted,165,140,49,0,0.4050388038158417,"[49, 360, 58, 337, 316]","[0.4050388038158417, 0.06248718127608299, 0.03725590929389, 0.03404352441430092, 0.031183086335659027]"
cm-light,inpainted,166,352,39,0,0.2662355303764343,"[39, 50, 825, 972, 49]","[0.2662355303764343, 0.21768274903297424, 0.06010892242193222, 0.058184776455163956, 0.03519291430711746]"
cm-light,inpainted,167,292,489,0,0.07559570670127869,"[489, 288, 425, 500, 116]","[0.07559570670127869, 0.06210193783044815, 0.045809704810380936, 0.04301466420292854, 0.03759988397359848]"
cm-light,inpainted,168,806,355,0,0.1424500197172165,"[355, 294, 182, 184, 372]","[0.1424500197172165, 0.10607229173183441, 0.10579326003789902, 0.03749922290444374, 0.03717441484332085]"
cm-light,inpainted,169,449,346,0,0.15290699899196625,"[346, 425, 345, 716, 853]","[0.15290699899196625, 0.11759854853153229, 0.08446726948022842, 0.06759495288133621, 0.06292538344860077]"
cm-light,inpainted,170,164,825,0,0.12039560079574585,"[825, 79, 381, 12, 85]","[0.12039560079574585, 0.08167089521884918, 0.03502863273024559, 0.029428688809275627, 0.027337871491909027]"
cm-light,inpainted,171,909,297,0,0.13299398124217987,"[297, 460, 360, 336, 825]","[0.13299398124217987, 0.13158690929412842, 0.07794556766748428, 0.06779394298791885, 0.06436390429735184]"
cm-light,inpainted,172,576,576,1,0.6026819348335266,"[576, 694, 718, 628, 780]","[0.6026819348335266, 0.17556817829608917, 0.038497939705848694, 0.021901912987232208, 0.018175620585680008]"
cm-light,inpainted,173,727,975,0,0.5152091383934021,"[975, 979, 417, 976, 449]","[0.5152091383934021, 0.15821343660354614, 0.07794690132141113, 0.046887755393981934, 0.04342181608080864]"
cm-light,inpainted,174,223,525,0,0.42295506596565247,"[525, 727, 913, 974, 888]","[0.42295506596565247, 0.10326775908470154, 0.09315630048513412, 0.04079170897603035, 0.031718481332063675]"
cm-light,inpainted,175,132,825,0,0.09732210636138916,"[825, 328, 428, 730, 132]","[0.09732210636138916, 0.05471818894147873, 0.0375874862074852, 0.03418448567390442, 0.0282960906624794]"
cm-light,inpainted,176,576,576,1,0.8945315480232239,"[576, 874, 698, 682, 829]","[0.8945315480232239, 0.06208011880517006, 0.008282971568405628, 0.00670770974829793, 0.005891014356166124]"
cm-light,inpainted,177,391,421,0,0.15224334597587585,"[421, 637, 458, 876, 534]","[0.15224334597587585, 0.0652284026145935, 0.04404710605740547, 0.037580765783786774, 0.03175148367881775]"
cm-light,inpainted,178,708,646,0,0.3499675691127777,"[646, 975, 4, 888, 100]","[0.3499675691127777, 0.07528942078351974, 0.06487729400396347, 0.048911552876234055, 0.03794926032423973]"
cm-light,inpainted,179,132,331,0,0.1307077556848526,"[331, 330, 286, 276, 104]","[0.1307077556848526, 0.06401282548904419, 0.05818897858262062, 0.025228621438145638, 0.024281829595565796]"
cm-light,inpainted,180,576,576,1,0.9267533421516418,"[576, 483, 718, 829, 833]","[0.9267533421516418, 0.009721362963318825, 0.008522854186594486, 0.006309766788035631, 0.005153851583600044]"
cm-light,inpainted,181,143,460,0,0.1329599916934967,"[460, 49, 141, 976, 140]","[0.1329599916934967, 0.11122813820838928, 0.05277411639690399, 0.052716925740242004, 0.04824649170041084]"
cm-light,inpainted,182,842,137,0,0.19976161420345306,"[137, 97, 100, 979, 972]","[0.19976161420345306, 0.1644722819328308, 0.06758199632167816, 0.0579267181456089, 0.034807924181222916]"
cm-light,inpainted,183,372,131,0,0.11030120402574539,"[131, 79, 58, 49, 133]","[0.11030120402574539, 0.08730488270521164, 0.0862531065940857, 0.057099901139736176, 0.04887841269373894]"
cm-light,inpainted,184,36,144,0,0.41103804111480713,"[144, 133, 20, 129, 337]","[0.41103804111480713, 0.061601072549819946, 0.05249222740530968, 0.040427066385746, 0.03244863823056221]"
cm-light,inpainted,185,660,980,0,0.46483635902404785,"[980, 525, 970, 976, 977]","[0.46483635902404785, 0.12640003859996796, 0.05927347019314766, 0.0488116480410099, 0.044039104133844376]"
cm-light,inpainted,186,821,975,0,0.2491181194782257,"[975, 472, 693, 525, 449]","[0.2491181194782257, 0.17933382093906403, 0.1469893604516983, 0.13907836377620697, 0.07009010016918182]"
cm-light,inpainted,187,449,977,0,0.21425095200538635,"[977, 525, 460, 536, 472]","[0.21425095200538635, 0.11714070290327072, 0.0829276442527771, 0.05384046956896782, 0.04643765091896057]"
cm-light,inpainted,188,131,476,0,0.07513139396905899,"[476, 942, 448, 130, 364]","[0.07513139396905899, 0.052631329745054245, 0.04348050057888031, 0.04092559218406677, 0.02941001020371914]"
cm-light,inpainted,189,576,576,1,0.7926927804946899,"[576, 449, 562, 975, 412]","[0.7926927804946899, 0.0475032702088356, 0.030723903328180313, 0.01641819253563881, 0.014810862019658089]"
cm-light,inpainted,190,140,337,0,0.35387808084487915,"[337, 137, 98, 360, 140]","[0.35387808084487915, 0.1303613930940628, 0.12257863581180573, 0.08204534649848938, 0.0762859359383583]"
cm-light,inpainted,191,576,576,1,0.3695429861545563,"[576, 448, 46, 50, 525]","[0.3695429861545563, 0.20504866540431976, 0.053071748465299606, 0.03436344489455223, 0.026694806292653084]"
cm-light,inpainted,192,355,602,0,0.4546473026275635,"[602, 702, 718, 733, 542]","[0.4546473026275635, 0.3183814585208893, 0.08939413726329803, 0.0412752591073513, 0.011373593471944332]"
cm-light,inpainted,193,511,977,0,0.09104319661855698,"[977, 425, 979, 974, 525]","[0.09104319661855698, 0.08447755873203278, 0.0749451071023941, 0.0650782361626625, 0.04854801297187805]"
cm-light,inpainted,194,417,900,0,0.1636081337928772,"[900, 449, 525, 974, 755]","[0.1636081337928772, 0.14618778228759766, 0.08431903272867203, 0.08234850317239761, 0.057879649102687836]"
cm-light,inpainted,195,404,417,0,0.11865191906690598,"[417, 599, 668, 975, 832]","[0.11865191906690598, 0.11819925159215927, 0.11084695160388947, 0.07733819633722305, 0.05108940228819847]"
cm-light,inpainted,196,701,973,0,0.20139922201633453,"[973, 109, 974, 970, 392]","[0.20139922201633453, 0.1747695356607437, 0.11268182843923569, 0.05827559903264046, 0.0470673032104969]"
cm-light,inpainted,197,701,974,0,0.3768038749694824,"[974, 701, 980, 908, 557]","[0.3768038749694824, 0.09401743113994598, 0.09364873915910721, 0.05268988013267517, 0.04390203580260277]"
cm-light,inpainted,198,701,437,0,0.16863924264907837,"[437, 405, 908, 460, 980]","[0.16863924264907837, 0.07853702455759048, 0.07052598893642426, 0.06850499659776688, 0.06650753319263458]"
cm-light,inpainted,199,350,970,0,0.5667247176170349,"[970, 701, 979, 980, 908]","[0.5667247176170349, 0.061146289110183716, 0.025901513174176216, 0.021310636773705482, 0.020183878019452095]"
cm-light,inpainted,200,618,801,0,0.2509056329727173,"[801, 973, 327, 974, 433]","[0.2509056329727173, 0.20336425304412842, 0.04545651748776436, 0.04235066473484039, 0.037967126816511154]"
cm-light,inpainted,201,984,973,0,0.4674747884273529,"[973, 437, 33, 976, 396]","[0.4674747884273529, 0.06206222623586655, 0.05448916554450989, 0.04631483927369118, 0.03009743057191372]"
cm-light,inpainted,202,645,980,0,0.24231533706188202,"[980, 970, 107, 701, 2]","[0.24231533706188202, 0.19957879185676575, 0.14624254405498505, 0.13213463127613068, 0.038220878690481186]"
cm-light,inpainted,203,808,977,0,0.6200584173202515,"[977, 978, 908, 484, 913]","[0.6200584173202515, 0.22350819408893585, 0.0251303818076849, 0.015282069332897663, 0.012731394730508327]"
cm-light,inpainted,204,755,980,0,0.48703330755233765,"[980, 984, 974, 109, 649]","[0.48703330755233765, 0.16884957253932953, 0.029469871893525124, 0.026204772293567657, 0.025556784123182297]"
cm-light,inpainted,205,663,900,0,0.25760143995285034,"[900, 980, 755, 347, 557]","[0.25760143995285034, 0.11130388081073761, 0.08010811358690262, 0.07172713428735733, 0.0650823637843132]"
cm-light,inpainted,206,404,977,0,0.25287824869155884,"[977, 437, 554, 974, 460]","[0.25287824869155884, 0.1086246520280838, 0.08385372906923294, 0.08163075894117355, 0.05080847069621086]"
cm-light,inpainted,207,540,977,0,0.09030841290950775,"[977, 540, 913, 437, 395]","[0.09030841290950775, 0.07068777084350586, 0.06747809797525406, 0.05450396239757538, 0.048868268728256226]"
cm-light,inpainted,208,958,984,0,0.5295764803886414,"[984, 975, 980, 425, 976]","[0.5295764803886414, 0.13355638086795807, 0.12372694909572601, 0.040231671184301376, 0.03801988437771797]"
cm-light,inpainted,209,483,974,0,0.38676223158836365,"[974, 980, 2, 397, 425]","[0.38676223158836365, 0.20504949986934662, 0.05717744305729866, 0.03856544941663742, 0.03241308033466339]"
cm-light,inpainted,210,898,437,0,0.15238569676876068,"[437, 619, 483, 904, 497]","[0.15238569676876068, 0.10105455666780472, 0.08614899963140488, 0.07678886502981186, 0.0735287144780159]"
cm-light,inpainted,211,649,977,0,0.13525167107582092,"[977, 976, 58, 65, 978]","[0.13525167107582092, 0.06495179235935211, 0.06327201426029205, 0.059657022356987, 0.05491446331143379]"
cm-light,inpainted,212,812,645,0,0.09921367466449738,"[645, 783, 517, 557, 900]","[0.09921367466449738, 0.07565369457006454, 0.07307074964046478, 0.04343713819980621, 0.0340157151222229]"
cm-light,inpainted,213,701,801,0,0.2024155706167221,"[801, 2, 107, 109, 973]","[0.2024155706167221, 0.1503027379512787, 0.12682229280471802, 0.1188388243317604, 0.058444585651159286]"
cm-light,inpainted,214,405,974,0,0.20786833763122559,"[974, 983, 2, 397, 3]","[0.20786833763122559, 0.1034456193447113, 0.08806392550468445, 0.07365036755800247, 0.0683746188879013]"
cm-light,inpainted,215,832,970,0,0.23914934694766998,"[970, 958, 649, 483, 976]","[0.23914934694766998, 0.16540007293224335, 0.08008306473493576, 0.04103769734501839, 0.035547222942113876]"
cm-light,inpainted,216,475,975,0,0.3700809180736542,"[975, 977, 867, 525, 984]","[0.3700809180736542, 0.16744129359722137, 0.09720748662948608, 0.06489373743534088, 0.04386372119188309]"
cm-light,inpainted,217,22,497,0,0.23742863535881042,"[497, 538, 403, 984, 900]","[0.23742863535881042, 0.16818077862262726, 0.12765376269817352, 0.04682198539376259, 0.04622912034392357]"
cm-light,inpainted,218,724,449,0,0.20646309852600098,"[449, 977, 525, 460, 975]","[0.20646309852600098, 0.14341065287590027, 0.09106629341840744, 0.06235296651721001, 0.05923999845981598]"
cm-light,inpainted,219,871,417,0,0.08169662207365036,"[417, 842, 701, 445, 876]","[0.08169662207365036, 0.07919652760028839, 0.05925699323415756, 0.04830918088555336, 0.047081559896469116]"
cm-light,inpainted,220,807,980,0,0.18221256136894226,"[980, 970, 979, 973, 327]","[0.18221256136894226, 0.10949809104204178, 0.09983539581298828, 0.08140723407268524, 0.06951750814914703]"
cm-light,inpainted,221,805,984,0,0.4120505750179291,"[984, 958, 425, 701, 417]","[0.4120505750179291, 0.27404674887657166, 0.17712223529815674, 0.01543798390775919, 0.008415455929934978]"
cm-light,inpainted,222,405,23,0,0.18783892691135406,"[23, 71, 93, 701, 301]","[0.18783892691135406, 0.07213768362998962, 0.05970650166273117, 0.04875294491648674, 0.039479587227106094]"
cm-light,inpainted,223,14,22,0,0.39418086409568787,"[22, 21, 23, 74, 18]","[0.39418086409568787, 0.08983689546585083, 0.0783371850848198, 0.07267654687166214, 0.041221607476472855]"
cm-light,inpainted,224,22,18,0,0.5295920372009277,"[18, 12, 24, 22, 15]","[0.5295920372009277, 0.09264138340950012, 0.06241431459784508, 0.04508758708834648, 0.033301666378974915]"
cm-light,inpainted,225,404,21,0,0.09081915766000748,"[21, 22, 23, 701, 127]","[0.09081915766000748, 0.0813945084810257, 0.07019694149494171, 0.048716649413108826, 0.02880779094994068]"
cm-light,inpainted,226,583,970,0,0.36454612016677856,"[970, 979, 972, 701, 557]","[0.36454612016677856, 0.24763579666614532, 0.07635561376810074, 0.04885211959481239, 0.03168259933590889]"
cm-light,inpainted,227,900,425,0,0.20426508784294128,"[425, 900, 920, 820, 557]","[0.20426508784294128, 0.06993217021226883, 0.04567041993141174, 0.0432385616004467, 0.041064631193876266]"
cm-light,inpainted,228,437,437,1,0.3146537244319916,"[437, 974, 317, 980, 913]","[0.3146537244319916, 0.3131350874900818, 0.05063441023230553, 0.02991972304880619, 0.022141387686133385]"
cm-light,inpainted,229,345,976,0,0.2491067498922348,"[976, 978, 970, 972, 979]","[0.2491067498922348, 0.16775864362716675, 0.11916512250900269, 0.09779667854309082, 0.048817284405231476]"
cm-light,inpainted,230,913,980,0,0.36468225717544556,"[980, 649, 977, 976, 979]","[0.36468225717544556, 0.22297534346580505, 0.0363447442650795, 0.035161085426807404, 0.027818024158477783]"
cm-light,inpainted,231,839,433,0,0.1761634349822998,"[433, 908, 445, 895, 977]","[0.1761634349822998, 0.09617757052183151, 0.07075371593236923, 0.060737211257219315, 0.05518224462866783]"
cm-light,inpainted,232,920,801,0,0.13482709228992462,"[801, 6, 976, 978, 433]","[0.13482709228992462, 0.09209300577640533, 0.09075649827718735, 0.08450687676668167, 0.05251270905137062]"
cm-light,inpainted,233,802,974,0,0.2370363473892212,"[974, 977, 970, 279, 980]","[0.2370363473892212, 0.1329158991575241, 0.11558543145656586, 0.07992850244045258, 0.07209625840187073]"
cm-light,inpainted,234,755,977,0,0.30045172572135925,"[977, 460, 867, 974, 978]","[0.30045172572135925, 0.22886347770690918, 0.0912749171257019, 0.06885489821434021, 0.05483955517411232]"
cm-light,inpainted,235,93,313,0,0.274681031703949,"[313, 92, 307, 93, 21]","[0.274681031703949, 0.09383730590343475, 0.07939192652702332, 0.06931427121162415, 0.06728652119636536]"
cm-light,inpainted,236,821,718,0,0.10004564374685287,"[718, 517, 405, 913, 437]","[0.10004564374685287, 0.07040127366781235, 0.06138921529054642, 0.051518458873033524, 0.04537234455347061]"
cm-light,inpainted,237,437,977,0,0.5412200093269348,"[977, 978, 460, 437, 975]","[0.5412200093269348, 0.22843970358371735, 0.12115529924631119, 0.023412736132740974, 0.02280808612704277]"
cm-light,inpainted,238,649,3,0,0.7110598683357239,"[3, 908, 2, 149, 4]","[0.7110598683357239, 0.15048463642597198, 0.041853729635477066, 0.01302028726786375, 0.007854637689888477]"
cm-light,inpainted,239,682,974,0,0.4081086814403534,"[974, 980, 973, 812, 109]","[0.4081086814403534, 0.26983264088630676, 0.05377371981739998, 0.028358442708849907, 0.013706343248486519]"
cm-light,inpainted,240,900,984,0,0.11482787132263184,"[984, 701, 979, 970, 975]","[0.11482787132263184, 0.08000330626964569, 0.06489600241184235, 0.05955100804567337, 0.05557370185852051]"
cm-light,inpainted,241,557,970,0,0.1607915610074997,"[970, 483, 975, 927, 672]","[0.1607915610074997, 0.06516360491514206, 0.06262265890836716, 0.054062772542238235, 0.04226195067167282]"
cm-light,inpainted,242,812,908,0,0.2869298756122589,"[908, 970, 980, 701, 795]","[0.2869298756122589, 0.18609623610973358, 0.14464372396469116, 0.10196065902709961, 0.04496143385767937]"
cm-light,inpainted,243,988,988,1,0.6118714213371277,"[988, 315, 304, 989, 301]","[0.6118714213371277, 0.11912784725427628, 0.04507835581898689, 0.015978364273905754, 0.014072109945118427]"
cm-light,inpainted,244,322,324,0,0.31453967094421387,"[324, 985, 997, 325, 994]","[0.31453967094421387, 0.19760803878307343, 0.06690341979265213, 0.0508883111178875, 0.04710126295685768]"
cm-light,inpainted,245,131,135,0,0.42918914556503296,"[135, 133, 136, 131, 57]","[0.42918914556503296, 0.09200715273618698, 0.0588008388876915, 0.05031004548072815, 0.02863628976047039]"
cm-light,inpainted,246,309,946,0,0.606136679649353,"[946, 985, 309, 322, 324]","[0.606136679649353, 0.15212059020996094, 0.06179145723581314, 0.03875552862882614, 0.029081271961331367]"
cm-light,inpainted,247,324,14,0,0.4069657623767853,"[14, 448, 91, 131, 313]","[0.4069657623767853, 0.0930686891078949, 0.07981757074594498, 0.053720325231552124, 0.048927564173936844]"
cm-light,inpainted,248,133,696,0,0.6780968904495239,"[696, 767, 418, 441, 569]","[0.6780968904495239, 0.07401897758245468, 0.025426922366023064, 0.02305532433092594, 0.018890155479311943]"
cm-light,inpainted,249,988,946,0,0.26181286573410034,"[946, 13, 944, 971, 988]","[0.26181286573410034, 0.08525221794843674, 0.07727779448032379, 0.04106847196817398, 0.03396698087453842]"
cm-light,inpainted,250,13,310,0,0.13314636051654816,"[310, 301, 319, 989, 13]","[0.13314636051654816, 0.10756535083055496, 0.06758908182382584, 0.050785474479198456, 0.04966796562075615]"
cm-light,inpainted,251,309,309,1,0.2016642838716507,"[309, 496, 452, 89, 1]","[0.2016642838716507, 0.13568221032619476, 0.11577048897743225, 0.06995700299739838, 0.06116446107625961]"
cm-light,inpainted,252,991,14,0,0.18618620932102203,"[14, 815, 74, 82, 330]","[0.18618620932102203, 0.13712717592716217, 0.06631232798099518, 0.0620158314704895, 0.03340163454413414]"
cm-light,inpainted,253,303,938,0,0.17768317461013794,"[938, 309, 935, 94, 303]","[0.17768317461013794, 0.14477355778217316, 0.11237309128046036, 0.07736145704984665, 0.07386649399995804]"
cm-light,inpainted,254,309,985,0,0.9989005327224731,"[985, 309, 325, 324, 879]","[0.9989005327224731, 0.0003220756188966334, 0.00019633710326161236, 7.33993438188918e-05, 6.344058783724904e-05]"
cm-light,inpainted,255,324,114,0,0.1194215714931488,"[114, 315, 59, 998, 987]","[0.1194215714931488, 0.11307501792907715, 0.1005055233836174, 0.08853431046009064, 0.08263921737670898]"
cm-light,inpainted,256,303,133,0,0.11832194030284882,"[133, 86, 310, 16, 312]","[0.11832194030284882, 0.08255311846733093, 0.06485455483198166, 0.05626793950796127, 0.054806265980005264]"
cm-light,inpainted,257,323,323,1,0.7495071887969971,"[323, 324, 937, 321, 946]","[0.7495071887969971, 0.06686364859342575, 0.04072748124599457, 0.0307664442807436, 0.027985287830233574]"
cm-light,inpainted,258,989,989,1,0.30400732159614563,"[989, 308, 939, 312, 311]","[0.30400732159614563, 0.0779542624950409, 0.07551991939544678, 0.05414838716387749, 0.051603253930807114]"
cm-light,inpainted,259,324,985,0,0.24593500792980194,"[985, 309, 716, 325, 448]","[0.24593500792980194, 0.057651493698358536, 0.039822570979595184, 0.035505421459674835, 0.029387205839157104]"
cm-light,inpainted,260,989,936,0,0.3979611098766327,"[936, 953, 939, 943, 956]","[0.3979611098766327, 0.19032642245292664, 0.1460132598876953, 0.09954722225666046, 0.03759516030550003]"
cm-light,inpainted,261,323,985,0,0.513250470161438,"[985, 699, 644, 601, 309]","[0.513250470161438, 0.17762549221515656, 0.07233923673629761, 0.04659734293818474, 0.0323394313454628]"
cm-light,inpainted,262,78,318,0,0.4491559565067291,"[318, 316, 94, 998, 317]","[0.4491559565067291, 0.05448474735021591, 0.052446458488702774, 0.049422867596149445, 0.04389669746160507]"
cm-light,inpainted,263,945,46,0,0.17252546548843384,"[46, 64, 59, 315, 40]","[0.17252546548843384, 0.143795907497406, 0.1378413438796997, 0.12264997512102127, 0.11963444203138351]"
cm-light,inpainted,264,303,315,0,0.323995977640152,"[315, 322, 998, 943, 59]","[0.323995977640152, 0.14603948593139648, 0.11319925636053085, 0.04457980766892433, 0.03721199929714203]"
cm-light,inpainted,265,78,397,0,0.31722062826156616,"[397, 947, 992, 931, 969]","[0.31722062826156616, 0.17750415205955505, 0.1355879008769989, 0.024888737127184868, 0.02402183972299099]"
cm-light,inpainted,266,323,994,0,0.32210248708724976,"[994, 634, 57, 114, 52]","[0.32210248708724976, 0.0555737279355526, 0.04894654452800751, 0.047641925513744354, 0.04689216986298561]"
cm-light,inpainted,267,309,723,0,0.2421482503414154,"[723, 395, 326, 689, 808]","[0.2421482503414154, 0.06768923252820969, 0.05735476315021515, 0.05374043807387352, 0.05164339020848274]"
cm-light,inpainted,268,77,31,0,0.37931618094444275,"[31, 943, 939, 941, 317]","[0.37931618094444275, 0.1664082556962967, 0.11682763695716858, 0.07724346220493317, 0.0642775446176529]"
cm-light,inpainted,269,945,738,0,0.1457083821296692,"[738, 989, 728, 945, 939]","[0.1457083821296692, 0.10493640601634979, 0.06631118804216385, 0.06344884634017944, 0.061876650899648666]"
cm-light,inpainted,270,322,74,0,0.29780077934265137,"[74, 310, 309, 301, 989]","[0.29780077934265137, 0.17490901052951813, 0.16844108700752258, 0.0769924446940422, 0.053943343460559845]"
cm-light,inpainted,271,27,276,0,0.4144434928894043,"[276, 272, 309, 318, 133]","[0.4144434928894043, 0.03631991520524025, 0.024071818217635155, 0.0227041058242321, 0.021393265575170517]"
cm-light,inpainted,272,321,309,0,0.4384646713733673,"[309, 321, 324, 301, 509]","[0.4384646713733673, 0.1498083919286728, 0.08837059885263443, 0.06570754200220108, 0.04548998549580574]"
cm-light,inpainted,273,323,315,0,0.26778170466423035,"[315, 14, 313, 951, 46]","[0.26778170466423035, 0.19789230823516846, 0.17367999255657196, 0.051927350461483, 0.05131024122238159]"
cm-light,inpainted,274,937,988,0,0.2683502733707428,"[988, 937, 950, 313, 938]","[0.2683502733707428, 0.10003028064966202, 0.05464004725217819, 0.045656297355890274, 0.04278415068984032]"
cm-light,inpainted,275,73,325,0,0.1547265350818634,"[325, 323, 324, 318, 322]","[0.1547265350818634, 0.1520625352859497, 0.0901440903544426, 0.08443295955657959, 0.03469906747341156]"
cm-light,inpainted,276,322,985,0,0.15650901198387146,"[985, 325, 984, 323, 88]","[0.15650901198387146, 0.12588824331760406, 0.11182720214128494, 0.08665350824594498, 0.06706494092941284]"
cm-light,inpainted,277,40,891,0,0.04697801545262337,"[891, 611, 739, 918, 939]","[0.04697801545262337, 0.034515149891376495, 0.030657244846224785, 0.025913719087839127, 0.025020353496074677]"
cm-light,inpainted,278,31,381,0,0.08130286633968353,"[381, 286, 387, 235, 163]","[0.08130286633968353, 0.04863697662949562, 0.04777676239609718, 0.044666241854429245, 0.044401075690984726]"
cm-light,inpainted,279,321,90,0,0.21325556933879852,"[90, 1, 723, 323, 301]","[0.21325556933879852, 0.16872848570346832, 0.11394832283258438, 0.03732693940401077, 0.02598041296005249]"
cm-light,inpainted,280,58,133,0,0.27998068928718567,"[133, 136, 64, 738, 91]","[0.27998068928718567, 0.17602457106113434, 0.10963312536478043, 0.05642498657107353, 0.03411175310611725]"
cm-light,inpainted,281,309,850,0,0.2048870176076889,"[850, 938, 935, 738, 222]","[0.2048870176076889, 0.16295558214187622, 0.12975867092609406, 0.06631015986204147, 0.03882867470383644]"
cm-light,inpainted,282,303,434,0,0.12429497390985489,"[434, 911, 109, 333, 363]","[0.12429497390985489, 0.10216321051120758, 0.06787329912185669, 0.050132449716329575, 0.04966844245791435]"
cm-light,inpainted,283,325,304,0,0.2958032488822937,"[304, 989, 301, 308, 309]","[0.2958032488822937, 0.17977923154830933, 0.07184256613254547, 0.041968025267124176, 0.029571961611509323]"
cm-light,inpainted,284,323,738,0,0.13810758292675018,"[738, 985, 988, 74, 108]","[0.13810758292675018, 0.13362568616867065, 0.09873982518911362, 0.08646979182958603, 0.04642385616898537]"
cm-light,inpainted,285,304,318,0,0.8963451385498047,"[318, 317, 322, 319, 320]","[0.8963451385498047, 0.018628418445587158, 0.017232825979590416, 0.011490643955767155, 0.009487861767411232]"
cm-light,inpainted,286,18,363,0,0.116176538169384,"[363, 429, 134, 768, 104]","[0.116176538169384, 0.1150556430220604, 0.075101338326931, 0.05522823706269264, 0.05312371999025345]"
cm-light,inpainted,287,178,395,0,0.05562897399067879,"[395, 591, 721, 574, 658]","[0.05562897399067879, 0.04340684786438942, 0.041924189776182175, 0.0387420617043972, 0.03731835260987282]"
cm-light,inpainted,288,83,83,1,0.5582523941993713,"[83, 815, 331, 330, 276]","[0.5582523941993713, 0.06460817158222198, 0.06379009783267975, 0.06376606971025467, 0.06206585094332695]"
cm-light,inpainted,289,362,336,0,0.06485787779092789,"[336, 49, 293, 82, 276]","[0.06485787779092789, 0.0613882839679718, 0.059703279286623, 0.05931713432073593, 0.05112225189805031]"
cm-light,inpainted,290,272,26,0,0.07860567420721054,"[26, 44, 138, 66, 49]","[0.07860567420721054, 0.06140725687146187, 0.05480165407061577, 0.05367444083094597, 0.036396998912096024]"
cm-light,inpainted,291,102,48,0,0.11698949337005615,"[48, 106, 825, 391, 102]","[0.11698949337005615, 0.1136792004108429, 0.0961298793554306, 0.07062215358018875, 0.05229569599032402]"
cm-light,inpainted,292,423,362,0,0.0374806709587574,"[362, 962, 135, 374, 64]","[0.0374806709587574, 0.030316293239593506, 0.029157092794775963, 0.026234576478600502, 0.022629447281360626]"
cm-light,inpainted,293,543,815,0,0.4419516324996948,"[815, 992, 135, 67, 993]","[0.4419516324996948, 0.08894012123346329, 0.04400688782334328, 0.028629766777157784, 0.023797953501343727]"
cm-light,inpainted,294,277,82,0,0.1817365288734436,"[82, 137, 136, 133, 131]","[0.1817365288734436, 0.13039655983448029, 0.10725963860750198, 0.07769761979579926, 0.06037268415093422]"
cm-light,inpainted,295,428,338,0,0.06332649290561676,"[338, 425, 261, 293, 138]","[0.06332649290561676, 0.04353049024939537, 0.03761032968759537, 0.03344734385609627, 0.02223178744316101]"
cm-light,inpainted,296,134,912,0,0.1957687884569168,"[912, 858, 646, 410, 756]","[0.1957687884569168, 0.11806070059537888, 0.08654648065567017, 0.08048238605260849, 0.06211289390921593]"
cm-light,inpainted,297,298,135,0,0.10404147952795029,"[135, 330, 67, 352, 353]","[0.10404147952795029, 0.06022408977150917, 0.05968249961733818, 0.038316138088703156, 0.03451010212302208]"
cm-light,inpainted,298,170,114,0,0.04518868774175644,"[114, 986, 815, 134, 489]","[0.04518868774175644, 0.043392643332481384, 0.03682523965835571, 0.03553130105137825, 0.03549196198582649]"
cm-light,inpainted,299,363,994,0,0.07721171528100967,"[994, 71, 947, 992, 13]","[0.07721171528100967, 0.07123489677906036, 0.06604500859975815, 0.06162033602595329, 0.05417880415916443]"
cm-light,inpainted,300,356,741,0,0.21781843900680542,"[741, 588, 492, 646, 425]","[0.21781843900680542, 0.0516471341252327, 0.04429825022816658, 0.044095467776060104, 0.03148626163601875]"
cm-light,inpainted,301,161,646,0,0.21866823732852936,"[646, 141, 825, 131, 140]","[0.21866823732852936, 0.15683548152446747, 0.06720403581857681, 0.03862428292632103, 0.02756187692284584]"
cm-light,inpainted,302,254,959,0,0.23238758742809296,"[959, 965, 938, 937, 993]","[0.23238758742809296, 0.1857565939426422, 0.055244237184524536, 0.05217883735895157, 0.04291537031531334]"
cm-light,inpainted,303,145,888,0,0.14289847016334534,"[888, 976, 980, 140, 672]","[0.14289847016334534, 0.1263996809720993, 0.1035553514957428, 0.025522712618112564, 0.023684248328208923]"
cm-light,inpainted,304,171,81,0,0.05789334699511528,"[81, 65, 17, 199, 815]","[0.05789334699511528, 0.05516703799366951, 0.03539842367172241, 0.03512520715594292, 0.03159484639763832]"
cm-light,inpainted,305,299,14,0,0.11348094046115875,"[14, 318, 69, 82, 58]","[0.11348094046115875, 0.06453698873519897, 0.034933559596538544, 0.02578938752412796, 0.022859890013933182]"
cm-light,inpainted,306,251,26,0,0.1330050677061081,"[26, 135, 138, 114, 331]","[0.1330050677061081, 0.11316384375095367, 0.0595688670873642, 0.04883230850100517, 0.042998626828193665]"
cm-light,inpainted,307,292,44,0,0.07570984959602356,"[44, 980, 52, 54, 26]","[0.07570984959602356, 0.06522652506828308, 0.06105668842792511, 0.05700400471687317, 0.04132890701293945]"
cm-light,inpainted,308,77,41,0,0.1893865317106247,"[41, 79, 44, 114, 53]","[0.1893865317106247, 0.14111994206905365, 0.10502194613218307, 0.059959325939416885, 0.03281673416495323]"
cm-light,inpainted,309,305,67,0,0.20580898225307465,"[67, 102, 997, 992, 81]","[0.20580898225307465, 0.05969640985131264, 0.048013728111982346, 0.04516395181417465, 0.044988133013248444]"
cm-light,inpainted,310,299,102,0,0.4790686070919037,"[102, 337, 361, 334, 360]","[0.4790686070919037, 0.1423780620098114, 0.0898512750864029, 0.08479060977697372, 0.03598827123641968]"
cm-light,inpainted,311,83,102,0,0.20059005916118622,"[102, 815, 81, 83, 15]","[0.20059005916118622, 0.10579338669776917, 0.0831964835524559, 0.08040404319763184, 0.07145482301712036]"
cm-light,inpainted,312,362,976,0,0.30542242527008057,"[976, 972, 979, 671, 82]","[0.30542242527008057, 0.12131612747907639, 0.05306577682495117, 0.05288233980536461, 0.040145982056856155]"
cm-light,inpainted,313,85,525,0,0.07229457795619965,"[525, 449, 320, 79, 114]","[0.07229457795619965, 0.06200725585222244, 0.03953465819358826, 0.03821324184536934, 0.02995222620666027]"
cm-light,inpainted,314,203,91,0,0.08246422559022903,"[91, 82, 992, 114, 994]","[0.08246422559022903, 0.05663587898015976, 0.056426968425512314, 0.049271468073129654, 0.04475112631917]"
cm-light,inpainted,315,79,114,0,0.1298401802778244,"[114, 52, 305, 77, 27]","[0.1298401802778244, 0.07384134829044342, 0.07368792593479156, 0.06048284098505974, 0.05874398723244667]"
cm-light,inpainted,316,71,310,0,0.09212673455476761,"[310, 114, 79, 599, 410]","[0.09212673455476761, 0.05547984316945076, 0.05533574894070625, 0.045880455523729324, 0.036563921719789505]"
cm-light,inpainted,317,298,85,0,0.10854684561491013,"[85, 37, 298, 48, 330]","[0.10854684561491013, 0.05459405854344368, 0.04313521832227707, 0.04279753938317299, 0.03848903253674507]"
cm-light,inpainted,318,336,82,0,0.2140931487083435,"[82, 81, 336, 50, 331]","[0.2140931487083435, 0.1836133897304535, 0.11367582529783249, 0.055489685386419296, 0.03520706668496132]"
cm-light,inpainted,319,425,912,0,0.1577725112438202,"[912, 519, 291, 425, 347]","[0.1577725112438202, 0.04770316556096077, 0.03698123246431351, 0.036407943814992905, 0.0318363793194294]"
cm-light,inpainted,320,137,138,0,0.10948760062456131,"[138, 135, 143, 81, 141]","[0.10948760062456131, 0.07483303546905518, 0.0478493832051754, 0.03869091719388962, 0.030915221199393272]"
cm-light,inpainted,321,372,138,0,0.1169155165553093,"[138, 135, 133, 272, 131]","[0.1169155165553093, 0.08987468481063843, 0.06283129006624222, 0.055011071264743805, 0.05057042837142944]"
cm-light,inpainted,322,958,815,0,0.10306715965270996,"[815, 293, 649, 973, 970]","[0.10306715965270996, 0.08942306786775589, 0.04510296881198883, 0.04160226881504059, 0.03753628954291344]"
cm-light,inpainted,323,232,621,0,0.04656563699245453,"[621, 852, 805, 522, 958]","[0.04656563699245453, 0.04547720402479172, 0.029589589685201645, 0.024583011865615845, 0.022470027208328247]"
cm-light,inpainted,324,279,15,0,0.17693030834197998,"[15, 13, 20, 272, 10]","[0.17693030834197998, 0.09507165104150772, 0.048753611743450165, 0.04810347035527229, 0.04596973955631256]"
cm-light,inpainted,325,146,972,0,0.3063250184059143,"[972, 976, 979, 500, 970]","[0.3063250184059143, 0.0623471699655056, 0.05575394257903099, 0.037956539541482925, 0.03629263862967491]"
cm-light,inpainted,326,352,276,0,0.06577932089567184,"[276, 975, 329, 295, 272]","[0.06577932089567184, 0.04375886172056198, 0.03734263405203819, 0.03386363387107849, 0.03190358728170395]"
cm-light,inpainted,327,958,979,0,0.41735517978668213,"[979, 970, 888, 980, 483]","[0.41735517978668213, 0.3361169993877411, 0.06848763674497604, 0.040187038481235504, 0.026273420080542564]"
cm-light,inpainted,328,958,958,1,0.46851032972335815,"[958, 853, 888, 425, 649]","[0.46851032972335815, 0.21684667468070984, 0.07323263585567474, 0.05235512927174568, 0.04131122678518295]"
cm-light,inpainted,329,275,295,0,0.14049677550792694,"[295, 331, 293, 336, 671]","[0.14049677550792694, 0.0791172906756401, 0.0523015633225441, 0.04794083908200264, 0.04311501979827881]"
cm-light,inpainted,330,888,888,1,0.22873157262802124,"[888, 525, 839, 975, 977]","[0.22873157262802124, 0.09008057415485382, 0.08469697833061218, 0.0726977065205574, 0.06991583853960037]"
cm-light,inpainted,331,352,352,1,0.43282824754714966,"[352, 351, 353, 138, 730]","[0.43282824754714966, 0.0819014310836792, 0.04502391070127487, 0.040308818221092224, 0.0388806127011776]"
cm-light,inpainted,332,85,331,0,0.2284960150718689,"[331, 330, 82, 18, 138]","[0.2284960150718689, 0.109577976167202, 0.03045547381043434, 0.030260037630796432, 0.020745648071169853]"
cm-light,inpainted,333,9,276,0,0.23223629593849182,"[276, 295, 294, 347, 343]","[0.23223629593849182, 0.13561385869979858, 0.052318964153528214, 0.04474211484193802, 0.04327845573425293]"
cm-light,inpainted,334,199,330,0,0.09727645665407181,"[330, 331, 131, 133, 136]","[0.09727645665407181, 0.05668435990810394, 0.056399863213300705, 0.046205829828977585, 0.03216667100787163]"
cm-light,inpainted,335,522,958,0,0.2715405821800232,"[958, 975, 730, 984, 595]","[0.2715405821800232, 0.07027014344930649, 0.061389099806547165, 0.05324606969952583, 0.04682983085513115]"
cm-light,inpainted,336,340,807,0,0.36905336380004883,"[807, 975, 138, 565, 984]","[0.36905336380004883, 0.1028185784816742, 0.08251194655895233, 0.036866798996925354, 0.026413314044475555]"
cm-light,inpainted,337,9,958,0,0.3921174108982086,"[958, 343, 347, 425, 595]","[0.3921174108982086, 0.048515208065509796, 0.0455135740339756, 0.03749236464500427, 0.03361758962273598]"
cm-light,inpainted,338,386,339,0,0.14929702877998352,"[339, 912, 634, 421, 958]","[0.14929702877998352, 0.11177906394004822, 0.04779646545648575, 0.04037901386618614, 0.03741113841533661]"
cm-light,inpainted,339,274,825,0,0.27626317739486694,"[825, 646, 913, 50, 976]","[0.27626317739486694, 0.2309020608663559, 0.05618196353316307, 0.05118488147854805, 0.025436315685510635]"
cm-light,inpainted,340,274,815,0,0.12834081053733826,"[815, 330, 84, 293, 331]","[0.12834081053733826, 0.07728011906147003, 0.07079566270112991, 0.057659998536109924, 0.04797264188528061]"
cm-light,inpainted,341,254,89,0,0.13195288181304932,"[89, 18, 405, 169, 231]","[0.13195288181304932, 0.07288725674152374, 0.016064859926700592, 0.015228365547955036, 0.01363414153456688]"
cm-light,inpainted,342,185,522,0,0.07937085628509521,"[522, 295, 266, 410, 912]","[0.07937085628509521, 0.04859234020113945, 0.03384587913751602, 0.03244660049676895, 0.029118292033672333]"
cm-light,inpainted,343,169,329,0,0.10847365856170654,"[329, 973, 288, 336, 110]","[0.10847365856170654, 0.04557172209024429, 0.04351913556456566, 0.034948352724313736, 0.034565940499305725]"
cm-light,inpainted,344,193,991,0,0.0651661604642868,"[991, 858, 738, 652, 910]","[0.0651661604642868, 0.05308174714446068, 0.04076706990599632, 0.03304304927587509, 0.02882050909101963]"
cm-light,inpainted,345,355,109,0,0.7653627991676331,"[109, 646, 858, 291, 888]","[0.7653627991676331, 0.060960039496421814, 0.024118779227137566, 0.01901509054005146, 0.009152804501354694]"
cm-light,inpainted,346,83,138,0,0.35756659507751465,"[138, 141, 81, 83, 133]","[0.35756659507751465, 0.10992225259542465, 0.077264703810215, 0.06813684105873108, 0.059918295592069626]"
cm-light,inpainted,347,355,958,0,0.18456876277923584,"[958, 755, 701, 649, 912]","[0.18456876277923584, 0.1216735690832138, 0.08665682375431061, 0.07375603914260864, 0.0568082220852375]"
cm-light,inpainted,348,172,912,0,0.30041971802711487,"[912, 347, 410, 425, 853]","[0.30041971802711487, 0.1386691927909851, 0.0908190980553627, 0.05361491069197655, 0.028178885579109192]"
cm-light,inpainted,349,958,646,0,0.23612914979457855,"[646, 958, 984, 425, 981]","[0.23612914979457855, 0.07627584785223007, 0.0301690511405468, 0.02644379623234272, 0.024041248485445976]"
cm-light,inpainted,350,425,958,0,0.33906832337379456,"[958, 888, 976, 975, 425]","[0.33906832337379456, 0.05923319607973099, 0.05222766101360321, 0.048166073858737946, 0.03616961091756821]"
cm-light,inpainted,351,958,958,1,0.751923680305481,"[958, 853, 885, 533, 976]","[0.751923680305481, 0.11673681437969208, 0.01759040169417858, 0.008782641030848026, 0.008672046475112438]"
cm-light,inpainted,352,425,296,0,0.11942749470472336,"[296, 975, 342, 343, 276]","[0.11942749470472336, 0.07291793078184128, 0.05257122963666916, 0.05123606324195862, 0.03984313830733299]"
cm-light,inpainted,353,681,912,0,0.1915140002965927,"[912, 730, 410, 646, 703]","[0.1915140002965927, 0.10183893144130707, 0.05750194564461708, 0.05209972709417343, 0.0351470485329628]"
cm-light,inpainted,354,755,727,0,0.09806152433156967,"[727, 975, 755, 979, 425]","[0.09806152433156967, 0.07784681022167206, 0.06735891848802567, 0.06636098772287369, 0.06462029367685318]"
cm-light,inpainted,355,251,425,0,0.38893067836761475,"[425, 649, 958, 888, 825]","[0.38893067836761475, 0.11059508472681046, 0.05619501322507858, 0.035009969025850296, 0.0339021272957325]"
cm-light,inpainted,356,209,425,0,0.4005192518234253,"[425, 984, 249, 912, 99]","[0.4005192518234253, 0.07919242978096008, 0.0740954652428627, 0.0417022742331028, 0.02755829133093357]"
cm-light,inpainted,357,872,102,0,0.08392375707626343,"[102, 276, 135, 9, 131]","[0.08392375707626343, 0.08072593808174133, 0.04345022141933441, 0.03473088517785072, 0.034644875675439835]"
cm-light,inpainted,358,177,912,0,0.5986472368240356,"[912, 425, 703, 716, 520]","[0.5986472368240356, 0.08247771859169006, 0.07183941453695297, 0.02788148820400238, 0.017379924654960632]"
cm-light,inpainted,359,172,272,0,0.11600752174854279,"[272, 276, 138, 83, 102]","[0.11600752174854279, 0.08834844082593918, 0.06195865571498871, 0.035507068037986755, 0.03535277396440506]"
cm-light,inpainted,360,425,853,0,0.10906661301851273,"[853, 984, 958, 425, 730]","[0.10906661301851273, 0.10518915951251984, 0.10080021619796753, 0.07119674235582352, 0.0706777274608612]"
cm-light,inpainted,361,191,825,0,0.34017279744148254,"[825, 979, 649, 839, 646]","[0.34017279744148254, 0.11916115880012512, 0.048139553517103195, 0.0263835359364748, 0.025916829705238342]"
cm-light,inpainted,362,23,84,0,0.13886168599128723,"[84, 825, 135, 133, 48]","[0.13886168599128723, 0.06670152395963669, 0.04841803014278412, 0.026646913960576057, 0.025798678398132324]"
cm-light,inpainted,363,353,522,0,0.04485611245036125,"[522, 825, 979, 880, 741]","[0.04485611245036125, 0.027545075863599777, 0.021182699128985405, 0.018756257370114326, 0.017416654154658318]"
cm-light,inpainted,364,209,984,0,0.2209330052137375,"[984, 958, 912, 701, 970]","[0.2209330052137375, 0.22002318501472473, 0.1949847787618637, 0.06642607599496841, 0.03335897997021675]"
cm-light,inpainted,365,352,539,0,0.062001656740903854,"[539, 84, 621, 6, 458]","[0.062001656740903854, 0.03932240605354309, 0.03585558384656906, 0.03501588851213455, 0.03367764875292778]"
cm-light,inpainted,366,690,984,0,0.39241668581962585,"[984, 958, 472, 522, 975]","[0.39241668581962585, 0.15716491639614105, 0.08652511984109879, 0.04572124406695366, 0.035412777215242386]"
cm-light,inpainted,367,348,958,0,0.461193710565567,"[958, 888, 425, 646, 293]","[0.461193710565567, 0.106608085334301, 0.047631822526454926, 0.036005616188049316, 0.03574252128601074]"
cm-light,inpainted,368,336,331,0,0.21931996941566467,"[331, 291, 92, 946, 336]","[0.21931996941566467, 0.049917466938495636, 0.04066389054059982, 0.0297336895018816, 0.02773337997496128]"
cm-light,inpainted,369,574,574,1,0.25342491269111633,"[574, 182, 222, 157, 204]","[0.25342491269111633, 0.1275220811367035, 0.05945242568850517, 0.03922313451766968, 0.03445127233862877]"
cm-light,inpainted,370,172,425,0,0.10519884526729584,"[425, 912, 805, 84, 211]","[0.10519884526729584, 0.0952560156583786, 0.0656747967004776, 0.06492488831281662, 0.03381632640957832]"
cm-light,inpainted,371,428,972,0,0.23526236414909363,"[972, 976, 825, 978, 979]","[0.23526236414909363, 0.1965930461883545, 0.09140849113464355, 0.06616669148206711, 0.06309197843074799]"
cm-light,inpainted,372,277,330,0,0.10798484086990356,"[330, 293, 331, 825, 275]","[0.10798484086990356, 0.07242882996797562, 0.07000675052404404, 0.05944059416651726, 0.04519488289952278]"
cm-light,inpainted,373,209,825,0,0.09362167119979858,"[825, 295, 293, 330, 84]","[0.09362167119979858, 0.07212697714567184, 0.04927562549710274, 0.03957114368677139, 0.038366399705410004]"
cm-light,inpainted,374,575,646,0,0.16109664738178253,"[646, 970, 347, 974, 9]","[0.16109664738178253, 0.10906790941953659, 0.08538180589675903, 0.0685485303401947, 0.042520392686128616]"
cm-light,inpainted,375,958,958,1,0.67367023229599,"[958, 984, 977, 425, 913]","[0.67367023229599, 0.13422490656375885, 0.038480181246995926, 0.027392936870455742, 0.009343435987830162]"
cm-light,inpainted,376,340,293,0,0.10765520483255386,"[293, 979, 671, 646, 276]","[0.10765520483255386, 0.07553793489933014, 0.0667903795838356, 0.034019358456134796, 0.03203859552741051]"
cm-light,inpainted,377,191,958,0,0.16279223561286926,"[958, 825, 649, 106, 425]","[0.16279223561286926, 0.038422610610723495, 0.03831316903233528, 0.03447777405381203, 0.02747366577386856]"
cm-light,inpainted,378,232,984,0,0.19855070114135742,"[984, 381, 379, 23, 101]","[0.19855070114135742, 0.10531260073184967, 0.0671805888414383, 0.061384256929159164, 0.03196018934249878]"
cm-light,inpainted,379,352,958,0,0.2881530821323395,"[958, 425, 220, 213, 352]","[0.2881530821323395, 0.11915984749794006, 0.10852835327386856, 0.05393827334046364, 0.04631466045975685]"
cm-light,inpainted,380,373,815,0,0.1458911895751953,"[815, 131, 330, 50, 331]","[0.1458911895751953, 0.05640256404876709, 0.05345394089818001, 0.04679737612605095, 0.044470205903053284]"
cm-light,inpainted,381,353,977,0,0.14924804866313934,"[977, 347, 825, 975, 980]","[0.14924804866313934, 0.07418143004179001, 0.062036968767642975, 0.05865255743265152, 0.033035919070243835]"
cm-light,inpainted,382,888,646,0,0.21430973708629608,"[646, 347, 649, 888, 825]","[0.21430973708629608, 0.06773675233125687, 0.0633864626288414, 0.049968961626291275, 0.03341635316610336]"
cm-light,inpainted,383,286,395,0,0.1699434369802475,"[395, 488, 525, 62, 616]","[0.1699434369802475, 0.09053689241409302, 0.05111326277256012, 0.04832001030445099, 0.03773079439997673]"
cm-light,inpainted,384,299,44,0,0.1288847178220749,"[44, 49, 276, 287, 57]","[0.1288847178220749, 0.08029336482286453, 0.055069055408239365, 0.03478482365608215, 0.03272615000605583]"
cm-light,inpainted,385,350,336,0,0.1772480309009552,"[336, 81, 599, 39, 94]","[0.1772480309009552, 0.10573510825634003, 0.06469356268644333, 0.054132938385009766, 0.03991853445768356]"
cm-light,inpainted,386,143,140,0,0.3060108721256256,"[140, 143, 98, 141, 360]","[0.3060108721256256, 0.11559378355741501, 0.11083032935857773, 0.10031523555517197, 0.08066976815462112]"
cm-light,inpainted,387,336,336,1,0.14934507012367249,"[336, 329, 825, 45, 116]","[0.14934507012367249, 0.059771645814180374, 0.05641784146428108, 0.04416950047016144, 0.034626662731170654]"
cm-light,inpainted,388,353,410,0,0.3899306654930115,"[410, 703, 448, 839, 912]","[0.3899306654930115, 0.10460507869720459, 0.04440766200423241, 0.03234635293483734, 0.029065238311886787]"
cm-light,inpainted,389,305,938,0,0.13028676807880402,"[938, 956, 911, 114, 987]","[0.13028676807880402, 0.1153256818652153, 0.10939662158489227, 0.09264744073152542, 0.06250900030136108]"
cm-light,inpainted,390,349,49,0,0.10861890017986298,"[49, 102, 334, 39, 272]","[0.10861890017986298, 0.08146701008081436, 0.06376490741968155, 0.0557430163025856, 0.03197932243347168]"
cm-light,inpainted,391,11,825,0,0.23167987167835236,"[825, 649, 45, 135, 54]","[0.23167987167835236, 0.12111109495162964, 0.11775018274784088, 0.05690476670861244, 0.051986951380968094]"
cm-light,inpainted,392,26,988,0,0.5381296277046204,"[988, 113, 952, 995, 61]","[0.5381296277046204, 0.04587849974632263, 0.04323170334100723, 0.036141287535429, 0.030548935756087303]"
cm-light,inpainted,393,336,42,0,0.49331793189048767,"[42, 45, 66, 38, 318]","[0.49331793189048767, 0.11352979391813278, 0.05301472172141075, 0.048955757170915604, 0.046460531651973724]"
cm-light,inpainted,394,79,825,0,0.14261570572853088,"[825, 944, 114, 329, 956]","[0.14261570572853088, 0.08904080837965012, 0.06456676870584488, 0.05876382440328598, 0.046992454677820206]"
cm-light,inpainted,395,63,329,0,0.14901219308376312,"[329, 924, 112, 390, 123]","[0.14901219308376312, 0.1097441092133522, 0.05516597256064415, 0.03615506365895271, 0.031189734116196632]"
cm-light,inpainted,396,349,958,0,0.1241724044084549,"[958, 970, 973, 913, 348]","[0.1241724044084549, 0.07691776007413864, 0.0721428319811821, 0.05196550488471985, 0.04691487178206444]"
cm-light,inpainted,397,17,48,0,0.2087666541337967,"[48, 287, 50, 825, 336]","[0.2087666541337967, 0.08055244386196136, 0.06770309060811996, 0.06661830842494965, 0.044204097241163254]"
cm-light,inpainted,398,354,489,0,0.06900550425052643,"[489, 839, 50, 677, 238]","[0.06900550425052643, 0.04908232390880585, 0.035047709941864014, 0.031068086624145508, 0.029184428974986076]"
cm-light,inpainted,399,172,336,0,0.5636321306228638,"[336, 277, 298, 81, 280]","[0.5636321306228638, 0.03719593957066536, 0.028186563402414322, 0.023530617356300354, 0.01942131668329239]"
cm-light,inpainted,400,390,109,0,0.7313601970672607,"[109, 973, 76, 65, 979]","[0.7313601970672607, 0.03518230840563774, 0.02680199407041073, 0.014538406394422054, 0.011579767800867558]"
cm-light,inpainted,401,42,116,0,0.12733043730258942,"[116, 336, 115, 329, 109]","[0.12733043730258942, 0.12424153089523315, 0.11560986191034317, 0.06605160236358643, 0.03933952748775482]"
cm-light,inpainted,402,251,120,0,0.15708011388778687,"[120, 98, 343, 280, 138]","[0.15708011388778687, 0.06912704557180405, 0.05464473366737366, 0.035626575350761414, 0.02849886752665043]"
cm-light,inpainted,403,13,997,0,0.12691065669059753,"[997, 363, 994, 13, 37]","[0.12691065669059753, 0.05555166304111481, 0.05422849580645561, 0.04872172698378563, 0.04833662509918213]"
cm-light,inpainted,404,139,81,0,0.270996630191803,"[81, 336, 357, 974, 44]","[0.270996630191803, 0.061201948672533035, 0.044237084686756134, 0.043601661920547485, 0.03870921581983566]"
cm-light,inpainted,405,336,825,0,0.23498153686523438,"[825, 336, 500, 391, 49]","[0.23498153686523438, 0.2030285894870758, 0.03639909625053406, 0.02345220372080803, 0.023435300216078758]"
cm-light,inpainted,406,277,58,0,0.13000480830669403,"[58, 26, 20, 35, 25]","[0.13000480830669403, 0.10438363254070282, 0.06293538957834244, 0.058647070080041885, 0.04432903602719307]"
cm-light,inpainted,407,375,136,0,0.07863190770149231,"[136, 131, 888, 815, 912]","[0.07863190770149231, 0.051745831966400146, 0.04940732941031456, 0.04660377278923988, 0.03939734399318695]"
cm-light,inpainted,408,26,326,0,0.18021465837955475,"[326, 94, 24, 81, 113]","[0.18021465837955475, 0.11496619135141373, 0.10098786652088165, 0.05418657884001732, 0.04819940775632858]"
cm-light,inpainted,409,295,853,0,0.1851947158575058,"[853, 336, 649, 806, 824]","[0.1851947158575058, 0.1649657040834427, 0.09901930391788483, 0.07178276032209396, 0.05261343717575073]"
cm-light,inpainted,410,674,336,0,0.10036659985780716,"[336, 539, 48, 421, 596]","[0.10036659985780716, 0.059468504041433334, 0.058721717447042465, 0.057418353855609894, 0.05313006788492203]"
cm-light,inpainted,411,57,350,0,0.14092998206615448,"[350, 825, 349, 858, 77]","[0.14092998206615448, 0.1305379569530487, 0.09714459627866745, 0.04393976926803589, 0.03813943266868591]"
cm-light,inpainted,412,59,825,0,0.5350522994995117,"[825, 291, 997, 858, 993]","[0.5350522994995117, 0.08111995458602905, 0.03473365679383278, 0.02990330196917057, 0.02866993099451065]"
cm-light,inpainted,413,357,649,0,0.0859842300415039,"[649, 137, 58, 976, 972]","[0.0859842300415039, 0.05451531708240509, 0.04500929266214371, 0.0417860671877861, 0.03935933858156204]"
cm-light,inpainted,414,336,336,1,0.191034197807312,"[336, 294, 291, 112, 974]","[0.191034197807312, 0.16081123054027557, 0.09036286920309067, 0.0801900178194046, 0.047642868012189865]"
cm-light,inpainted,415,86,20,0,0.4416964650154114,"[20, 36, 397, 30, 32]","[0.4416964650154114, 0.07280229032039642, 0.044156987220048904, 0.03989068418741226, 0.03410759195685387]"
cm-light,inpainted,416,62,978,0,0.19612851738929749,"[978, 980, 976, 979, 437]","[0.19612851738929749, 0.19538606703281403, 0.09997919201850891, 0.08887941390275955, 0.07506771385669708]"
cm-light,inpainted,417,677,327,0,0.5179007053375244,"[327, 825, 328, 305, 990]","[0.5179007053375244, 0.13920894265174866, 0.025299325585365295, 0.022538045421242714, 0.021971194073557854]"
cm-light,inpainted,418,387,39,0,0.11841931194067001,"[39, 327, 544, 50, 48]","[0.11841931194067001, 0.034924156963825226, 0.030589928850531578, 0.022271517664194107, 0.021653303876519203]"
cm-light,inpainted,419,85,888,0,0.21562258899211884,"[888, 272, 138, 83, 979]","[0.21562258899211884, 0.10885907709598541, 0.10154825448989868, 0.075347900390625, 0.06022344157099724]"
cm-light,inpainted,420,544,634,0,0.2801589071750641,"[634, 753, 858, 401, 357]","[0.2801589071750641, 0.15087690949440002, 0.05506610870361328, 0.038253411650657654, 0.029397310689091682]"
cm-light,inpainted,421,77,45,0,0.5120692253112793,"[45, 599, 65, 953, 825]","[0.5120692253112793, 0.061482977122068405, 0.03476960211992264, 0.03166588768362999, 0.02099430561065674]"
cm-light,inpainted,422,357,81,0,0.1678018569946289,"[81, 133, 336, 48, 357]","[0.1678018569946289, 0.13267651200294495, 0.059771936386823654, 0.04060909524559975, 0.03954807668924332]"
cm-light,inpainted,423,383,825,0,0.09343558549880981,"[825, 500, 58, 42, 305]","[0.09343558549880981, 0.08579562604427338, 0.08174419403076172, 0.0794311910867691, 0.04983806237578392]"
cm-light,inpainted,424,277,348,0,0.10593277215957642,"[348, 386, 360, 825, 350]","[0.10593277215957642, 0.07626400887966156, 0.040885813534259796, 0.0401882641017437, 0.03688863664865494]"
cm-light,inpainted,425,803,792,0,0.2833467721939087,"[792, 48, 121, 143, 930]","[0.2833467721939087, 0.11617444455623627, 0.05276840180158615, 0.037370722740888596, 0.036901187151670456]"
cm-light,inpainted,426,792,974,0,0.17218494415283203,"[974, 229, 803, 289, 552]","[0.17218494415283203, 0.11908763647079468, 0.07719188928604126, 0.06859567761421204, 0.037710413336753845]"
cm-light,inpainted,427,795,871,0,0.10026547312736511,"[871, 484, 557, 795, 718]","[0.10026547312736511, 0.09765471518039703, 0.07439803332090378, 0.051100995391607285, 0.04223119840025902]"
cm-light,inpainted,428,83,279,0,0.20736147463321686,"[279, 272, 81, 258, 79]","[0.20736147463321686, 0.0826258733868599, 0.0407089926302433, 0.038927044719457626, 0.033719468861818314]"
cm-light,inpainted,429,24,802,0,0.5760540962219238,"[802, 178, 977, 277, 795]","[0.5760540962219238, 0.07647261023521423, 0.03516137972474098, 0.022618692368268967, 0.018982330337166786]"
cm-light,inpainted,430,802,977,0,0.49455928802490234,"[977, 978, 460, 975, 984]","[0.49455928802490234, 0.19695375859737396, 0.08160730451345444, 0.04042159020900726, 0.01653079129755497]"
cm-light,inpainted,431,491,82,0,0.09209250658750534,"[82, 135, 131, 134, 843]","[0.09209250658750534, 0.0662030428647995, 0.05150507017970085, 0.04638169705867767, 0.04446084797382355]"
cm-light,inpainted,432,277,977,0,0.2615664303302765,"[977, 978, 33, 908, 433]","[0.2615664303302765, 0.23865756392478943, 0.05374474823474884, 0.047963887453079224, 0.030917439609766006]"
cm-light,inpainted,433,802,273,0,0.06451234221458435,"[273, 977, 276, 445, 795]","[0.06451234221458435, 0.05985910817980766, 0.05122477561235428, 0.0323016382753849, 0.029908740893006325]"
cm-light,inpainted,434,802,347,0,0.11786007881164551,"[347, 342, 564, 706, 386]","[0.11786007881164551, 0.06504198163747787, 0.056609079241752625, 0.03956585377454758, 0.03736571595072746]"
cm-light,inpainted,435,516,706,0,0.22523410618305206,"[706, 876, 963, 565, 525]","[0.22523410618305206, 0.07537004351615906, 0.05738133564591408, 0.054715972393751144, 0.043426912277936935]"
cm-light,inpainted,436,13,248,0,0.09712130576372147,"[248, 250, 249, 81, 15]","[0.09712130576372147, 0.07412043958902359, 0.06925646960735321, 0.06538689881563187, 0.0362398736178875]"
cm-light,inpainted,437,296,276,0,0.06218358129262924,"[276, 143, 351, 146, 65]","[0.06218358129262924, 0.04141119122505188, 0.03767677769064903, 0.028748733922839165, 0.02331317402422428]"
cm-light,inpainted,438,425,81,0,0.4393956959247589,"[81, 279, 980, 258, 13]","[0.4393956959247589, 0.2536247968673706, 0.05157366022467613, 0.028881406411528587, 0.02749291993677616]"
cm-light,inpainted,439,223,802,0,0.04599534720182419,"[802, 209, 700, 795, 777]","[0.04599534720182419, 0.04453430697321892, 0.032255176454782486, 0.026367519050836563, 0.01968209072947502]"
cm-light,inpainted,440,795,970,0,0.1675252467393875,"[970, 750, 460, 646, 34]","[0.1675252467393875, 0.1356438249349594, 0.07397910207509995, 0.056166745722293854, 0.04920036345720291]"
cm-light,inpainted,441,13,429,0,0.10309083759784698,"[429, 541, 180, 420, 679]","[0.10309083759784698, 0.06272011995315552, 0.05797264724969864, 0.05695280432701111, 0.056226085871458054]"
cm-light,inpainted,442,227,802,0,0.5270071029663086,"[802, 537, 270, 272, 803]","[0.5270071029663086, 0.11523716896772385, 0.051589176058769226, 0.018588591367006302, 0.015391338616609573]"
cm-light,inpainted,443,867,975,0,0.2548006474971771,"[975, 525, 425, 460, 839]","[0.2548006474971771, 0.179020956158638, 0.06329323351383209, 0.05777442455291748, 0.0456845723092556]"
cm-light,inpainted,444,232,81,0,0.3565162122249603,"[81, 397, 272, 973, 331]","[0.3565162122249603, 0.0772378221154213, 0.04677801579236984, 0.042257796972990036, 0.029732851311564445]"
cm-light,inpainted,445,795,803,0,0.6253896355628967,"[803, 609, 408, 525, 569]","[0.6253896355628967, 0.03983307257294655, 0.031576432287693024, 0.02853561006486416, 0.027461852878332138]"
cm-light,inpainted,446,81,974,0,0.23224784433841705,"[974, 308, 310, 552, 81]","[0.23224784433841705, 0.14884713292121887, 0.11745046079158783, 0.09635888785123825, 0.06048571318387985]"
cm-light,inpainted,447,238,977,0,0.10631148517131805,"[977, 209, 750, 131, 537]","[0.10631148517131805, 0.053518444299697876, 0.051551006734371185, 0.04449468478560448, 0.044117383658885956]"
cm-light,inpainted,448,296,700,0,0.6570607423782349,"[700, 529, 81, 701, 669]","[0.6570607423782349, 0.06613145023584366, 0.035957857966423035, 0.03304235264658928, 0.021541109308600426]"
cm-light,inpainted,449,172,961,0,0.44875651597976685,"[961, 13, 935, 938, 991]","[0.44875651597976685, 0.15390224754810333, 0.08010794967412949, 0.052304957062006, 0.03587562218308449]"
cm-light,inpainted,450,178,980,0,0.1334840953350067,"[980, 972, 33, 970, 6]","[0.1334840953350067, 0.11098170280456543, 0.05734934285283089, 0.05007196217775345, 0.04223901033401489]"
cm-light,inpainted,451,803,970,0,0.8541305065155029,"[970, 795, 980, 81, 403]","[0.8541305065155029, 0.019973717629909515, 0.01428420003503561, 0.013377059251070023, 0.010685594752430916]"
cm-light,inpainted,452,331,979,0,0.38837191462516785,"[979, 970, 500, 802, 296]","[0.38837191462516785, 0.31145521998405457, 0.04932897537946701, 0.02009350247681141, 0.01944246143102646]"
cm-light,inpainted,453,292,272,0,0.06269357353448868,"[272, 128, 132, 186, 318]","[0.06269357353448868, 0.059369705617427826, 0.0421706922352314, 0.03827904537320137, 0.03340549394488335]"
cm-light,inpainted,454,787,134,0,0.10710742324590683,"[134, 99, 131, 431, 425]","[0.10710742324590683, 0.06822184473276138, 0.06300683319568634, 0.05453239381313324, 0.03316253796219826]"
cm-light,inpainted,455,231,974,0,0.2846356928348541,"[974, 979, 460, 802, 978]","[0.2846356928348541, 0.15971381962299347, 0.14097975194454193, 0.09147937595844269, 0.050988730043172836]"
cm-light,inpainted,456,81,81,1,0.5672551393508911,"[81, 6, 792, 591, 970]","[0.5672551393508911, 0.06775210052728653, 0.024702658876776695, 0.022585885599255562, 0.01917693205177784]"
cm-light,inpainted,457,803,706,0,0.13727937638759613,"[706, 578, 421, 462, 601]","[0.13727937638759613, 0.10610900819301605, 0.10155541449785233, 0.03775593265891075, 0.02738688699901104]"
cm-light,inpainted,458,792,792,1,0.06784328818321228,"[792, 258, 257, 261, 532]","[0.06784328818321228, 0.06717213243246078, 0.05555795878171921, 0.05341387540102005, 0.04518880322575569]"
cm-light,inpainted,459,654,825,0,0.1330917477607727,"[825, 853, 562, 975, 888]","[0.1330917477607727, 0.0487242266535759, 0.04173285514116287, 0.03660242632031441, 0.027695955708622932]"
cm-light,inpainted,460,170,803,0,0.4453906714916229,"[803, 537, 716, 792, 703]","[0.4453906714916229, 0.07587061822414398, 0.05524692311882973, 0.04691590368747711, 0.027683697640895844]"
cm-light,inpainted,461,199,525,0,0.14991924166679382,"[525, 425, 460, 791, 975]","[0.14991924166679382, 0.10973610728979111, 0.07185347378253937, 0.07136661559343338, 0.053953949362039566]"
cm-light,inpainted,462,795,795,1,0.28227266669273376,"[795, 970, 802, 978, 980]","[0.28227266669273376, 0.18977025151252747, 0.08200850337743759, 0.05595582723617554, 0.03975248336791992]"
cm-light,inpainted,463,802,802,1,0.18837830424308777,"[802, 803, 970, 537, 272]","[0.18837830424308777, 0.16987663507461548, 0.06604056805372238, 0.03280557319521904, 0.02979636937379837]"
cm-light,inpainted,464,198,139,0,0.08231832087039948,"[139, 5, 20, 279, 390]","[0.08231832087039948, 0.035867832601070404, 0.030316682532429695, 0.027437100186944008, 0.02156577631831169]"
cm-light,inpainted,465,209,13,0,0.1633663922548294,"[13, 132, 209, 792, 134]","[0.1633663922548294, 0.061505988240242004, 0.0483635812997818, 0.04362361133098602, 0.022999826818704605]"
cm-light,inpainted,466,247,832,0,0.4140334725379944,"[832, 884, 421, 972, 460]","[0.4140334725379944, 0.03769495710730553, 0.033427078276872635, 0.030305912718176842, 0.027218559756875038]"
cm-light,inpainted,467,224,336,0,0.106864333152771,"[336, 125, 58, 961, 500]","[0.106864333152771, 0.06641063839197159, 0.06091582775115967, 0.05409054830670357, 0.05024750903248787]"
cm-light,inpainted,468,258,537,0,0.2651098370552063,"[537, 86, 82, 410, 80]","[0.2651098370552063, 0.1179543137550354, 0.08488164097070694, 0.0580349862575531, 0.04580077901482582]"
cm-light,inpainted,469,13,927,0,0.2983309030532837,"[927, 333, 112, 19, 42]","[0.2983309030532837, 0.07891751080751419, 0.0384209044277668, 0.032414503395557404, 0.029421044513583183]"
cm-light,inpainted,470,339,537,0,0.3649192750453949,"[537, 802, 405, 977, 701]","[0.3649192750453949, 0.09548737853765488, 0.08036895841360092, 0.06421764194965363, 0.06343439221382141]"
cm-light,inpainted,471,888,977,0,0.32936811447143555,"[977, 839, 978, 460, 970]","[0.32936811447143555, 0.10756706446409225, 0.07149757444858551, 0.03667307645082474, 0.032300908118486404]"
cm-light,inpainted,472,258,989,0,0.27297890186309814,"[989, 314, 310, 308, 403]","[0.27297890186309814, 0.07533890753984451, 0.05176619067788124, 0.02838362194597721, 0.02712598815560341]"
cm-light,inpainted,473,792,296,0,0.39779043197631836,"[296, 2, 970, 980, 146]","[0.39779043197631836, 0.1778552234172821, 0.12194468826055527, 0.09197189658880234, 0.039897143840789795]"
cm-light,inpainted,474,792,203,0,0.11437404900789261,"[203, 249, 611, 876, 460]","[0.11437404900789261, 0.07703590393066406, 0.07278715074062347, 0.07202832400798798, 0.040314238518476486]"
cm-light,inpainted,475,346,975,0,0.3692305386066437,"[975, 984, 972, 649, 976]","[0.3692305386066437, 0.1159336194396019, 0.09572377800941467, 0.07231447845697403, 0.0355968251824379]"
cm-light,inpainted,476,671,976,0,0.29162612557411194,"[976, 649, 980, 979, 972]","[0.29162612557411194, 0.1756344735622406, 0.12678425014019012, 0.10401087254285812, 0.057016246020793915]"
cm-light,inpainted,477,724,975,0,0.263462096452713,"[975, 976, 977, 979, 972]","[0.263462096452713, 0.20730280876159668, 0.06763666123151779, 0.04309037700295448, 0.03489108756184578]"
cm-light,inpainted,478,394,975,0,0.2678566873073578,"[975, 979, 671, 525, 888]","[0.2678566873073578, 0.1281411200761795, 0.10492110252380371, 0.07446727901697159, 0.03125641122460365]"
cm-light,inpainted,479,672,970,0,0.3291999399662018,"[970, 979, 49, 972, 978]","[0.3291999399662018, 0.18921838700771332, 0.048219289630651474, 0.04526466876268387, 0.03589010238647461]"
cm-light,inpainted,480,289,69,0,0.2290879786014557,"[69, 980, 500, 150, 12]","[0.2290879786014557, 0.044533174484968185, 0.04245530441403389, 0.03541235253214836, 0.035041436553001404]"
cm-light,inpainted,481,818,979,0,0.3271888494491577,"[979, 970, 672, 980, 975]","[0.3271888494491577, 0.32686638832092285, 0.12672105431556702, 0.10223414748907089, 0.035471927374601364]"
cm-light,inpainted,482,853,460,0,0.26643744111061096,"[460, 976, 975, 972, 978]","[0.26643744111061096, 0.21712026000022888, 0.062496475875377655, 0.05095178261399269, 0.0427914522588253]"
cm-light,inpainted,483,239,973,0,0.10180286318063736,"[973, 348, 349, 975, 65]","[0.10180286318063736, 0.08672310411930084, 0.060403697192668915, 0.03820789232850075, 0.03704586625099182]"
cm-light,inpainted,484,425,970,0,0.8162158727645874,"[970, 980, 979, 972, 984]","[0.8162158727645874, 0.04915379732847214, 0.0460657998919487, 0.01137380488216877, 0.01085997000336647]"
cm-light,inpainted,485,355,888,0,0.40518805384635925,"[888, 649, 425, 49, 483]","[0.40518805384635925, 0.13508076965808868, 0.03685380890965462, 0.02709006890654564, 0.020169585943222046]"
cm-light,inpainted,486,863,972,0,0.2612078785896301,"[972, 825, 980, 84, 500]","[0.2612078785896301, 0.0715484693646431, 0.06955092400312424, 0.04750470444560051, 0.043126415461301804]"
cm-light,inpainted,487,349,428,0,0.08612053096294403,"[428, 706, 425, 976, 853]","[0.08612053096294403, 0.08392690122127533, 0.05571189895272255, 0.04461300000548363, 0.04072573781013489]"
cm-light,inpainted,488,703,458,0,0.13155685365200043,"[458, 425, 912, 975, 483]","[0.13155685365200043, 0.09286367148160934, 0.08622231334447861, 0.08563490211963654, 0.07238121330738068]"
cm-light,inpainted,489,425,970,0,0.7507840394973755,"[970, 972, 755, 978, 437]","[0.7507840394973755, 0.03422236442565918, 0.012452788650989532, 0.009730787947773933, 0.008278385736048222]"
cm-light,inpainted,490,795,977,0,0.13375185430049896,"[977, 835, 149, 833, 404]","[0.13375185430049896, 0.08046454191207886, 0.04387204721570015, 0.03508993983268738, 0.03502468019723892]"
cm-light,inpainted,491,690,853,0,0.24478034675121307,"[853, 977, 492, 832, 798]","[0.24478034675121307, 0.1867615133523941, 0.1290145367383957, 0.02816750481724739, 0.020519724115729332]"
cm-light,inpainted,492,672,980,0,0.5867429971694946,"[980, 979, 974, 672, 977]","[0.5867429971694946, 0.20591646432876587, 0.02959226630628109, 0.024642283096909523, 0.014652552083134651]"
cm-light,inpainted,493,671,970,0,0.5385356545448303,"[970, 336, 976, 795, 979]","[0.5385356545448303, 0.08412425965070724, 0.035106170922517776, 0.03209809958934784, 0.02465103566646576]"
cm-light,inpainted,494,81,970,0,0.5063028931617737,"[970, 980, 979, 976, 972]","[0.5063028931617737, 0.3403075337409973, 0.047032423317432404, 0.02225085161626339, 0.010552147403359413]"
cm-light,inpainted,495,733,979,0,0.46847614645957947,"[979, 483, 970, 975, 888]","[0.46847614645957947, 0.08399947732686996, 0.07834077626466751, 0.0461430661380291, 0.04454249143600464]"
cm-light,inpainted,496,672,979,0,0.3765032887458801,"[979, 976, 980, 972, 888]","[0.3765032887458801, 0.11443421989679337, 0.10550644993782043, 0.08769719302654266, 0.06542333960533142]"
cm-light,inpainted,497,795,795,1,0.17616568505764008,"[795, 970, 628, 977, 814]","[0.17616568505764008, 0.039272189140319824, 0.03917795792222023, 0.03832664713263512, 0.03498831391334534]"
cm-light,inpainted,498,663,975,0,0.42744046449661255,"[975, 984, 979, 888, 970]","[0.42744046449661255, 0.17444393038749695, 0.06675073504447937, 0.05634097754955292, 0.04228050261735916]"
cm-light,inpainted,499,705,525,0,0.26485535502433777,"[525, 975, 338, 979, 839]","[0.26485535502433777, 0.11896506696939468, 0.0791894942522049, 0.05520711839199066, 0.031216531991958618]"
cm-light,inpainted,500,675,839,0,0.16249457001686096,"[839, 544, 618, 977, 657]","[0.16249457001686096, 0.12525822222232819, 0.08882687985897064, 0.052719004452228546, 0.03166570886969566]"
cm-light,inpainted,501,404,980,0,0.36611267924308777,"[980, 958, 979, 669, 970]","[0.36611267924308777, 0.08121871203184128, 0.08020514994859695, 0.0685267224907875, 0.032922517508268356]"
cm-light,inpainted,502,609,500,0,0.4048461318016052,"[500, 825, 138, 336, 81]","[0.4048461318016052, 0.08159524947404861, 0.053072258830070496, 0.04504381865262985, 0.04478741064667702]"
cm-light,inpainted,503,672,970,0,0.7518714070320129,"[970, 980, 979, 672, 976]","[0.7518714070320129, 0.1714780181646347, 0.022968722507357597, 0.01075676642358303, 0.008067194372415543]"
cm-light,inpainted,504,915,980,0,0.7369988560676575,"[980, 970, 979, 672, 975]","[0.7369988560676575, 0.06857786327600479, 0.05425555631518364, 0.032906465232372284, 0.014109686948359013]"
cm-light,inpainted,505,336,970,0,0.41060110926628113,"[970, 979, 980, 976, 972]","[0.41060110926628113, 0.3970679044723511, 0.07269691675901413, 0.03395574167370796, 0.030371909961104393]"
cm-light,inpainted,506,515,336,0,0.08582042157649994,"[336, 106, 815, 276, 345]","[0.08582042157649994, 0.07529471814632416, 0.07052424550056458, 0.05470624193549156, 0.03667084500193596]"
cm-light,inpainted,507,425,483,0,0.25752195715904236,"[483, 979, 970, 425, 972]","[0.25752195715904236, 0.12491939216852188, 0.11779651045799255, 0.11266578733921051, 0.033431168645620346]"
cm-light,inpainted,508,404,727,0,0.05558384954929352,"[727, 565, 880, 472, 718]","[0.05558384954929352, 0.04964272305369377, 0.04881869629025459, 0.03956998884677887, 0.03805386275053024]"
cm-light,inpainted,509,724,976,0,0.2763443887233734,"[976, 975, 510, 628, 724]","[0.2763443887233734, 0.17872262001037598, 0.16947521269321442, 0.03949474170804024, 0.03638790547847748]"
cm-light,inpainted,510,718,979,0,0.3077014684677124,"[979, 344, 888, 141, 975]","[0.3077014684677124, 0.14660625159740448, 0.0600200779736042, 0.054627176374197006, 0.0427723191678524]"
cm-light,inpainted,511,671,979,0,0.5859009623527527,"[979, 980, 460, 972, 977]","[0.5859009623527527, 0.0490480400621891, 0.03442312777042389, 0.03418281301856041, 0.03137727826833725]"
cm-light,inpainted,512,147,147,1,0.9634371995925903,"[147, 460, 148, 2, 975]","[0.9634371995925903, 0.006860192399471998, 0.0033756473567336798, 0.0027094874531030655, 0.0026541459374129772]"
cm-light,inpainted,513,484,147,0,0.5401471853256226,"[147, 977, 975, 978, 814]","[0.5401471853256226, 0.05009009689092636, 0.023245016112923622, 0.020987946540117264, 0.019156446680426598]"
cm-light,inpainted,514,449,978,0,0.20328249037265778,"[978, 716, 980, 460, 436]","[0.20328249037265778, 0.1128401905298233, 0.08881507813930511, 0.06544218212366104, 0.03000381961464882]"
cm-light,inpainted,515,842,978,0,0.21741406619548798,"[978, 977, 510, 460, 976]","[0.21741406619548798, 0.12594029307365417, 0.09824361652135849, 0.09112533926963806, 0.08078740537166595]"
cm-light,inpainted,516,708,977,0,0.5529395937919617,"[977, 978, 976, 975, 460]","[0.5529395937919617, 0.13228385150432587, 0.0649285614490509, 0.04537644609808922, 0.02092018723487854]"
cm-light,inpainted,517,393,748,0,0.22074830532073975,"[748, 393, 893, 709, 443]","[0.22074830532073975, 0.11819953471422195, 0.07120051980018616, 0.06959322094917297, 0.06288585066795349]"
cm-light,inpainted,518,862,978,0,0.33521008491516113,"[978, 1, 975, 803, 977]","[0.33521008491516113, 0.23286402225494385, 0.0540110282599926, 0.04765333980321884, 0.026566367596387863]"
cm-light,inpainted,519,625,510,0,0.3053688108921051,"[510, 814, 780, 484, 147]","[0.3053688108921051, 0.19490259885787964, 0.0956028401851654, 0.07967351377010345, 0.05398212745785713]"
cm-light,inpainted,520,977,977,1,0.6803401708602905,"[977, 975, 978, 525, 460]","[0.6803401708602905, 0.09982386231422424, 0.08711568266153336, 0.02603822760283947, 0.0255330428481102]"
cm-light,inpainted,521,536,983,0,0.1234225332736969,"[983, 975, 646, 449, 694]","[0.1234225332736969, 0.08498074859380722, 0.04307974502444267, 0.028355348855257034, 0.025529807433485985]"
cm-light,inpainted,522,472,978,0,0.3955373466014862,"[978, 977, 395, 33, 980]","[0.3955373466014862, 0.3681272864341736, 0.047462597489356995, 0.02120455540716648, 0.01152607798576355]"
cm-light,inpainted,523,437,780,0,0.2430923879146576,"[780, 484, 510, 693, 724]","[0.2430923879146576, 0.1148429587483406, 0.10438088327646255, 0.05746379867196083, 0.04122530668973923]"
cm-light,inpainted,524,393,393,1,0.781744658946991,"[393, 108, 973, 109, 998]","[0.781744658946991, 0.21677523851394653, 0.0013771017547696829, 2.6628915293258615e-05, 1.1449895282567013e-05]"
cm-light,inpainted,525,394,109,0,0.4909353256225586,"[109, 973, 347, 65, 329]","[0.4909353256225586, 0.40491876006126404, 0.022473538294434547, 0.0106941107660532, 0.010175966657698154]"
cm-light,inpainted,526,147,147,1,0.9293851256370544,"[147, 814, 460, 833, 484]","[0.9293851256370544, 0.01159747689962387, 0.008709093555808067, 0.00711145019158721, 0.005237422417849302]"
cm-light,inpainted,527,437,755,0,0.257881760597229,"[755, 984, 900, 517, 320]","[0.257881760597229, 0.15352077782154083, 0.02343738079071045, 0.021531997248530388, 0.02110893651843071]"
cm-light,inpainted,528,373,510,0,0.14791615307331085,"[510, 718, 716, 660, 460]","[0.14791615307331085, 0.14235053956508636, 0.12499221414327621, 0.05752546340227127, 0.051008690148591995]"
cm-light,inpainted,529,147,147,1,0.21791905164718628,"[147, 977, 460, 976, 972]","[0.21791905164718628, 0.16722621023654938, 0.07019083201885223, 0.036643680185079575, 0.030113836750388145]"
cm-light,inpainted,530,143,146,0,0.3122428059577942,"[146, 98, 147, 148, 137]","[0.3122428059577942, 0.1008562371134758, 0.08426684886217117, 0.0662677064538002, 0.04195665568113327]"
cm-light,inpainted,531,625,525,0,0.5420597195625305,"[525, 975, 460, 718, 449]","[0.5420597195625305, 0.14865882694721222, 0.13366369903087616, 0.053357772529125214, 0.02407577447593212]"
cm-light,inpainted,532,833,975,0,0.1562388390302658,"[975, 977, 839, 525, 976]","[0.1562388390302658, 0.12997324764728546, 0.10502752661705017, 0.09520070254802704, 0.06110575050115585]"
cm-light,inpainted,533,403,976,0,0.2899167239665985,"[976, 510, 975, 718, 977]","[0.2899167239665985, 0.2797357141971588, 0.09143886715173721, 0.07300557941198349, 0.05370341241359711]"
cm-light,inpainted,534,914,900,0,0.11490576714277267,"[900, 977, 347, 500, 976]","[0.11490576714277267, 0.0971597284078598, 0.08002649992704391, 0.055046699941158295, 0.05365690588951111]"
cm-light,inpainted,535,484,977,0,0.37526935338974,"[977, 978, 913, 908, 460]","[0.37526935338974, 0.09167797863483429, 0.048578646034002304, 0.02958846651017666, 0.014501814730465412]"
cm-light,inpainted,536,148,147,0,0.38118699193000793,"[147, 977, 975, 510, 148]","[0.38118699193000793, 0.08425843715667725, 0.07185182720422745, 0.02446780912578106, 0.020946457982063293]"
cm-light,inpainted,537,554,977,0,0.09454095363616943,"[977, 483, 525, 706, 150]","[0.09454095363616943, 0.08654505759477615, 0.07358069717884064, 0.05137743055820465, 0.05007537454366684]"
cm-light,inpainted,538,814,483,0,0.28309166431427,"[483, 460, 976, 978, 977]","[0.28309166431427, 0.0764501616358757, 0.06702977418899536, 0.04624505341053009, 0.036715418100357056]"
cm-light,inpainted,539,983,973,0,0.3831714689731598,"[973, 972, 976, 979, 970]","[0.3831714689731598, 0.2800731360912323, 0.11025239527225494, 0.06826526671648026, 0.02662714198231697]"
cm-light,inpainted,540,267,6,0,0.09272400289773941,"[6, 3, 913, 977, 978]","[0.09272400289773941, 0.08207608759403229, 0.08036081492900848, 0.07825133204460144, 0.07433556765317917]"
cm-light,inpainted,541,625,510,0,0.1760450303554535,"[510, 147, 460, 976, 724]","[0.1760450303554535, 0.17562983930110931, 0.0904615968465805, 0.08169322460889816, 0.06378106027841568]"
cm-light,inpainted,542,554,975,0,0.1237996369600296,"[975, 978, 625, 833, 920]","[0.1237996369600296, 0.09640754014253616, 0.07308415323495865, 0.07210303843021393, 0.0714166983962059]"
cm-light,inpainted,543,554,460,0,0.3604346215724945,"[460, 977, 510, 978, 484]","[0.3604346215724945, 0.2537534534931183, 0.04152525216341019, 0.04062755033373833, 0.02357417903840542]"
cm-light,inpainted,544,554,839,0,0.22386129200458527,"[839, 718, 460, 536, 706]","[0.22386129200458527, 0.20659957826137543, 0.14168594777584076, 0.07311194390058517, 0.06623578071594238]"
cm-light,inpainted,545,625,716,0,0.20593656599521637,"[716, 498, 698, 571, 624]","[0.20593656599521637, 0.08774618059396744, 0.07241549342870712, 0.04073570296168327, 0.03382984548807144]"
cm-light,inpainted,546,437,975,0,0.3124443292617798,"[975, 978, 417, 980, 536]","[0.3124443292617798, 0.208017498254776, 0.12161670625209808, 0.08498744666576385, 0.04560347646474838]"
cm-light,inpainted,547,146,147,0,0.2959947884082794,"[147, 2, 150, 148, 146]","[0.2959947884082794, 0.13107872009277344, 0.05176015943288803, 0.05130405351519585, 0.0511663556098938]"
cm-light,inpainted,548,625,510,0,0.26069051027297974,"[510, 460, 525, 536, 462]","[0.26069051027297974, 0.1759035289287567, 0.1269906908273697, 0.11566074937582016, 0.07184725254774094]"
cm-light,inpainted,549,148,148,1,0.14419707655906677,"[148, 147, 913, 337, 975]","[0.14419707655906677, 0.11610961705446243, 0.07969540357589722, 0.044783949851989746, 0.03729595988988876]"
cm-light,inpainted,550,914,718,0,0.09384409338235855,"[718, 694, 977, 821, 510]","[0.09384409338235855, 0.08025716245174408, 0.07828004658222198, 0.07394398748874664, 0.06040015071630478]"
cm-light,inpainted,551,484,540,0,0.14857473969459534,"[540, 147, 484, 460, 724]","[0.14857473969459534, 0.14485035836696625, 0.07722686231136322, 0.06856774538755417, 0.06816495209932327]"
cm-light,inpainted,552,484,814,0,0.2750209867954254,"[814, 460, 978, 147, 625]","[0.2750209867954254, 0.22263002395629883, 0.17794781923294067, 0.07841154932975769, 0.06412936747074127]"
cm-light,inpainted,553,115,115,1,0.42259645462036133,"[115, 329, 121, 110, 78]","[0.42259645462036133, 0.19864071905612946, 0.038999393582344055, 0.026910312473773956, 0.023287935182452202]"
cm-light,inpainted,554,775,395,0,0.1300373673439026,"[395, 318, 525, 277, 978]","[0.1300373673439026, 0.10715543478727341, 0.04900319501757622, 0.047804899513721466, 0.03679002448916435]"
cm-light,inpainted,555,115,115,1,0.657477080821991,"[115, 329, 110, 973, 393]","[0.657477080821991, 0.12517523765563965, 0.08418571949005127, 0.03537895530462265, 0.01844530925154686]"
cm-light,inpainted,556,484,977,0,0.369035005569458,"[977, 913, 958, 780, 147]","[0.369035005569458, 0.10410827398300171, 0.0769493356347084, 0.06276338547468185, 0.04117654636502266]"
cm-light,inpainted,557,4,148,0,0.2891886830329895,"[148, 973, 329, 6, 33]","[0.2891886830329895, 0.12032274156808853, 0.10093680024147034, 0.0905124843120575, 0.08407839387655258]"
cm-light,inpainted,558,983,973,0,0.05943148583173752,"[973, 435, 475, 664, 103]","[0.05943148583173752, 0.04839970916509628, 0.04455699771642685, 0.03638499230146408, 0.029427189379930496]"
cm-light,inpainted,559,842,977,0,0.2582430839538574,"[977, 908, 6, 978, 972]","[0.2582430839538574, 0.16723334789276123, 0.08106095343828201, 0.06096911430358887, 0.05761830881237984]"
cm-light,inpainted,560,115,328,0,0.16887855529785156,"[328, 327, 599, 962, 329]","[0.16887855529785156, 0.09226533770561218, 0.09041918814182281, 0.08747323602437973, 0.07548478990793228]"
cm-light,inpainted,561,391,876,0,0.181719109416008,"[876, 525, 471, 435, 478]","[0.181719109416008, 0.0701930820941925, 0.043751347810029984, 0.039690952748060226, 0.03899437189102173]"
cm-light,inpainted,562,123,460,0,0.2925342619419098,"[460, 977, 975, 976, 978]","[0.2925342619419098, 0.16022400557994843, 0.0914287343621254, 0.06977634876966476, 0.06742958724498749]"
cm-light,inpainted,563,253,460,0,0.13617590069770813,"[460, 978, 975, 147, 646]","[0.13617590069770813, 0.0838666632771492, 0.07620708644390106, 0.05479947477579117, 0.047678764909505844]"
cm-light,inpainted,564,484,977,0,0.28124281764030457,"[977, 460, 147, 276, 976]","[0.28124281764030457, 0.11593026667833328, 0.07919823378324509, 0.0674920305609703, 0.06521718949079514]"
cm-light,inpainted,565,437,460,0,0.41276609897613525,"[460, 425, 721, 559, 525]","[0.41276609897613525, 0.09529749304056168, 0.03531518206000328, 0.024318862706422806, 0.02175413817167282]"
cm-light,inpainted,566,148,975,0,0.06367280334234238,"[975, 472, 449, 977, 839]","[0.06367280334234238, 0.06200883165001869, 0.04948848858475685, 0.04237476363778114, 0.03721679747104645]"
cm-light,inpainted,567,147,147,1,0.1406327486038208,"[147, 814, 98, 143, 50]","[0.1406327486038208, 0.10966704785823822, 0.0839967206120491, 0.05292269214987755, 0.037912748754024506]"
cm-light,inpainted,568,148,147,0,0.28751397132873535,"[147, 146, 148, 143, 814]","[0.28751397132873535, 0.2791346311569214, 0.053148940205574036, 0.02997121773660183, 0.02563673071563244]"
cm-light,inpainted,569,608,977,0,0.6608651876449585,"[977, 978, 976, 975, 895]","[0.6608651876449585, 0.13259990513324738, 0.04706621542572975, 0.015150339342653751, 0.01108439452946186]"
cm-light,inpainted,570,62,84,0,0.2608077824115753,"[84, 346, 979, 913, 361]","[0.2608077824115753, 0.04825512319803238, 0.039826638996601105, 0.03793757036328316, 0.02896805666387081]"
cm-light,inpainted,571,972,977,0,0.15236109495162964,"[977, 460, 646, 733, 908]","[0.15236109495162964, 0.145157590508461, 0.09460293501615524, 0.03596485033631325, 0.026181606575846672]"
cm-light,inpainted,572,139,133,0,0.19231538474559784,"[133, 49, 131, 363, 50]","[0.19231538474559784, 0.10555212944746017, 0.04644336178898811, 0.03798608481884003, 0.031035806983709335]"
cm-light,inpainted,573,354,970,0,0.16502757370471954,"[970, 974, 972, 976, 649]","[0.16502757370471954, 0.12116943299770355, 0.12061556428670883, 0.08347102999687195, 0.0467873178422451]"
cm-light,inpainted,574,140,344,0,0.20397700369358063,"[344, 977, 139, 49, 143]","[0.20397700369358063, 0.19224557280540466, 0.04155445471405983, 0.03615337237715721, 0.030538931488990784]"
cm-light,inpainted,575,437,977,0,0.2730690836906433,"[977, 913, 978, 460, 6]","[0.2730690836906433, 0.14566683769226074, 0.07301218807697296, 0.06483658403158188, 0.06084256246685982]"
cm-light,inpainted,576,529,978,0,0.42966052889823914,"[978, 718, 913, 974, 975]","[0.42966052889823914, 0.07846362143754959, 0.041576288640499115, 0.03699878975749016, 0.033463891595602036]"
cm-light,inpainted,577,66,276,0,0.19356317818164825,"[276, 958, 298, 343, 138]","[0.19356317818164825, 0.11402413994073868, 0.07688973098993301, 0.051010966300964355, 0.03738819807767868]"
cm-light,inpainted,578,511,525,0,0.3833774924278259,"[525, 460, 978, 977, 347]","[0.3833774924278259, 0.22965332865715027, 0.11844741553068161, 0.06839773058891296, 0.028116319328546524]"
cm-light,inpainted,579,376,483,0,0.27237677574157715,"[483, 873, 289, 825, 500]","[0.27237677574157715, 0.21279102563858032, 0.05429260805249214, 0.04599662497639656, 0.029583284631371498]"
cm-light,inpainted,580,404,895,0,0.1696714460849762,"[895, 755, 977, 492, 987]","[0.1696714460849762, 0.09710675477981567, 0.07032947987318039, 0.05178673192858696, 0.0419919453561306]"
cm-light,inpainted,581,207,977,0,0.049262892454862595,"[977, 298, 99, 146, 97]","[0.049262892454862595, 0.03497070446610451, 0.031943488866090775, 0.026994310319423676, 0.02535911276936531]"
cm-light,inpainted,582,33,970,0,0.12152202427387238,"[970, 980, 460, 792, 803]","[0.12152202427387238, 0.0673384889960289, 0.04931459203362465, 0.04526584967970848, 0.04346431419253349]"
cm-light,inpainted,583,34,735,0,0.1834844946861267,"[735, 852, 533, 539, 66]","[0.1834844946861267, 0.059285037219524384, 0.05416174978017807, 0.050245750695466995, 0.02885758876800537]"
cm-light,inpainted,584,112,984,0,0.058934587985277176,"[984, 109, 18, 139, 202]","[0.058934587985277176, 0.056709662079811096, 0.04398524761199951, 0.03870655223727226, 0.025924470275640488]"
cm-light,inpainted,585,792,344,0,0.06568343192338943,"[344, 346, 876, 669, 868]","[0.06568343192338943, 0.06423822790384293, 0.04774574190378189, 0.0358395092189312, 0.03483826667070389]"
cm-light,inpainted,586,172,978,0,0.3087064325809479,"[978, 977, 34, 139, 49]","[0.3087064325809479, 0.2254543900489807, 0.08977556228637695, 0.038379088044166565, 0.016883764415979385]"
cm-light,inpainted,587,222,977,0,0.28302374482154846,"[977, 978, 6, 730, 139]","[0.28302374482154846, 0.13752992451190948, 0.11985328048467636, 0.02697785757482052, 0.02433769218623638]"
cm-light,inpainted,588,140,141,0,0.31235283613204956,"[141, 977, 142, 140, 978]","[0.31235283613204956, 0.09321083128452301, 0.06684374809265137, 0.06639672070741653, 0.06598395109176636]"
cm-light,inpainted,589,218,34,0,0.18518750369548798,"[34, 147, 33, 978, 139]","[0.18518750369548798, 0.09733675420284271, 0.06758832186460495, 0.06507472693920135, 0.03767072781920433]"
cm-light,inpainted,590,459,977,0,0.6886239051818848,"[977, 975, 50, 978, 842]","[0.6886239051818848, 0.061011578887701035, 0.030421797186136246, 0.014540332369506359, 0.011539199389517307]"
cm-light,inpainted,591,112,34,0,0.18523645401000977,"[34, 138, 395, 66, 114]","[0.18523645401000977, 0.060965314507484436, 0.042958665639162064, 0.0308001060038805, 0.02790716104209423]"
cm-light,inpainted,592,609,977,0,0.2618182599544525,"[977, 404, 984, 913, 867]","[0.2618182599544525, 0.08218897879123688, 0.0651533231139183, 0.05695616826415062, 0.04669126495718956]"
cm-light,inpainted,593,247,977,0,0.38823559880256653,"[977, 460, 978, 879, 84]","[0.38823559880256653, 0.06109355390071869, 0.04969784989953041, 0.04734140262007713, 0.04161016643047333]"
cm-light,inpainted,594,354,977,0,0.11766749620437622,"[977, 353, 354, 138, 351]","[0.11766749620437622, 0.10565889626741409, 0.09259277582168579, 0.06512823700904846, 0.05361374095082283]"
cm-light,inpainted,595,842,84,0,0.43073830008506775,"[84, 134, 672, 911, 236]","[0.43073830008506775, 0.08199155330657959, 0.04624773934483528, 0.035273391753435135, 0.01873074471950531]"
cm-light,inpainted,596,232,139,0,0.09594329446554184,"[139, 15, 13, 330, 138]","[0.09594329446554184, 0.05769785866141319, 0.04793833568692207, 0.04560231789946556, 0.03853163868188858]"
cm-light,inpainted,597,437,974,0,0.36284616589546204,"[974, 460, 976, 972, 825]","[0.36284616589546204, 0.0953499898314476, 0.08694814890623093, 0.036344096064567566, 0.033356308937072754]"
cm-light,inpainted,598,386,958,0,0.1920427680015564,"[958, 276, 133, 233, 347]","[0.1920427680015564, 0.17762085795402527, 0.04527995362877846, 0.03997424244880676, 0.03661029413342476]"
cm-light,inpainted,599,145,977,0,0.17816953361034393,"[977, 978, 646, 6, 980]","[0.17816953361034393, 0.10313460975885391, 0.08828405290842056, 0.05723676458001137, 0.04793058708310127]"
cm-light,inpainted,600,193,58,0,0.8419123291969299,"[58, 750, 50, 975, 533]","[0.8419123291969299, 0.020291952416300774, 0.014571862295269966, 0.009053234942257404, 0.008351871743798256]"
cm-light,inpainted,601,79,500,0,0.1308966875076294,"[500, 972, 65, 79, 67]","[0.1308966875076294, 0.06974723935127258, 0.06331492215394974, 0.0374288335442543, 0.03615979477763176]"
cm-light,inpainted,602,139,58,0,0.17672863602638245,"[58, 980, 974, 48, 977]","[0.17672863602638245, 0.07436059415340424, 0.057443637400865555, 0.045362092554569244, 0.03704776242375374]"
cm-light,inpainted,603,814,977,0,0.7446100115776062,"[977, 978, 975, 460, 908]","[0.7446100115776062, 0.18639302253723145, 0.028680851683020592, 0.004315649159252644, 0.0029845545068383217]"
cm-light,inpainted,604,765,642,0,0.12222518771886826,"[642, 835, 562, 706, 876]","[0.12222518771886826, 0.06928203999996185, 0.06572064757347107, 0.06343118846416473, 0.0549299418926239]"
cm-light,inpainted,605,677,293,0,0.12911053001880646,"[293, 677, 77, 86, 73]","[0.12911053001880646, 0.12732566893100739, 0.12246423959732056, 0.06894515454769135, 0.035268086940050125]"
cm-light,inpainted,606,792,506,0,0.29730838537216187,"[506, 753, 421, 387, 634]","[0.29730838537216187, 0.18468399345874786, 0.18424049019813538, 0.07572053372859955, 0.05008412152528763]"
cm-light,inpainted,607,652,858,0,0.07870783656835556,"[858, 488, 905, 756, 286]","[0.07870783656835556, 0.047192446887493134, 0.04602812975645065, 0.04003547877073288, 0.03801962733268738]"
cm-light,inpainted,608,707,858,0,0.4978106915950775,"[858, 386, 640, 533, 646]","[0.4978106915950775, 0.08434150367975235, 0.050551045686006546, 0.041728027164936066, 0.034844331443309784]"
cm-light,inpainted,609,863,597,0,0.07678528875112534,"[597, 844, 735, 144, 609]","[0.07678528875112534, 0.07224956154823303, 0.0411115325987339, 0.033031873404979706, 0.03033401630818844]"
cm-light,inpainted,610,670,735,0,0.08528345823287964,"[735, 741, 646, 539, 912]","[0.08528345823287964, 0.06685531884431839, 0.05786791816353798, 0.04600418731570244, 0.03817720711231232]"
cm-light,inpainted,611,439,421,0,0.1526220142841339,"[421, 718, 799, 904, 556]","[0.1526220142841339, 0.07377954572439194, 0.07130712270736694, 0.061039816588163376, 0.04680071026086807]"
cm-light,inpainted,612,355,646,0,0.3315230906009674,"[646, 640, 858, 138, 588]","[0.3315230906009674, 0.24260486662387848, 0.03728704899549484, 0.027325863018631935, 0.020408550277352333]"
cm-light,inpainted,613,319,46,0,0.13603223860263824,"[46, 39, 40, 933, 121]","[0.13603223860263824, 0.12546946108341217, 0.05628218129277229, 0.056121762841939926, 0.037004824727773666]"
cm-light,inpainted,614,778,492,0,0.07755761593580246,"[492, 587, 777, 519, 458]","[0.07755761593580246, 0.07101543992757797, 0.05690238997340202, 0.05148389935493469, 0.02876158244907856]"
cm-light,inpainted,615,958,750,0,0.3730628788471222,"[750, 721, 458, 637, 63]","[0.3730628788471222, 0.15043030679225922, 0.09505045413970947, 0.023579837754368782, 0.01903381757438183]"
cm-light,inpainted,616,879,627,0,0.0851828008890152,"[627, 492, 462, 777, 763]","[0.0851828008890152, 0.07591667026281357, 0.0753825381398201, 0.05594334006309509, 0.033501721918582916]"
cm-light,inpainted,617,70,825,0,0.16916264593601227,"[825, 677, 853, 425, 104]","[0.16916264593601227, 0.09851134568452835, 0.07520103454589844, 0.046592965722084045, 0.029787153005599976]"
cm-light,inpainted,618,471,646,0,0.36557328701019287,"[646, 825, 500, 410, 611]","[0.36557328701019287, 0.08850996941328049, 0.03714561462402344, 0.03375246375799179, 0.026739178225398064]"
cm-light,inpainted,619,583,233,0,0.14752739667892456,"[233, 213, 175, 183, 184]","[0.14752739667892456, 0.05976219102740288, 0.05813773721456528, 0.040964845567941666, 0.03544040769338608]"
cm-light,inpainted,620,792,77,0,0.06252174079418182,"[77, 649, 815, 427, 489]","[0.06252174079418182, 0.05604570731520653, 0.0539068765938282, 0.045604221522808075, 0.04316636174917221]"
cm-light,inpainted,621,583,500,0,0.6180822849273682,"[500, 411, 750, 599, 884]","[0.6180822849273682, 0.05463508889079094, 0.03236861526966095, 0.029637888073921204, 0.02170671336352825]"
cm-light,inpainted,622,7,583,0,0.08549388498067856,"[583, 492, 904, 743, 519]","[0.08549388498067856, 0.06369054317474365, 0.059387627989053726, 0.04366542026400566, 0.03529604151844978]"
cm-light,inpainted,623,86,825,0,0.7858580350875854,"[825, 18, 519, 858, 134]","[0.7858580350875854, 0.03106549195945263, 0.029515985399484634, 0.008487392216920853, 0.008078180253505707]"
cm-light,inpainted,624,919,575,0,0.1456291377544403,"[575, 654, 436, 403, 421]","[0.1456291377544403, 0.09022162854671478, 0.0472620464861393, 0.03755762055516243, 0.028723619878292084]"
cm-light,inpainted,625,539,539,1,0.3835083246231079,"[539, 463, 753, 738, 936]","[0.3835083246231079, 0.06474104523658752, 0.040512844920158386, 0.03370007127523422, 0.030398506671190262]"
cm-light,inpainted,626,287,291,0,0.07780362665653229,"[291, 371, 377, 298, 184]","[0.07780362665653229, 0.06096949055790901, 0.03438979387283325, 0.029062945395708084, 0.028649063780903816]"
cm-light,inpainted,627,471,877,0,0.07138082385063171,"[877, 756, 649, 500, 706]","[0.07138082385063171, 0.048285555094480515, 0.03898070752620697, 0.02944028005003929, 0.027515165507793427]"
cm-light,inpainted,628,513,825,0,0.3526206612586975,"[825, 489, 646, 741, 582]","[0.3526206612586975, 0.11116906255483627, 0.052388593554496765, 0.04987083747982979, 0.03976152092218399]"
cm-light,inpainted,629,679,679,1,0.27898970246315,"[679, 883, 304, 71, 614]","[0.27898970246315, 0.09805861860513687, 0.0505240261554718, 0.03211384639143944, 0.026185370981693268]"
cm-light,inpainted,630,426,894,0,0.08704951405525208,"[894, 735, 377, 441, 913]","[0.08704951405525208, 0.05492424592375755, 0.04980424791574478, 0.04105539247393608, 0.03499474748969078]"
cm-light,inpainted,631,583,108,0,0.28649628162384033,"[108, 334, 84, 328, 7]","[0.28649628162384033, 0.21853162348270416, 0.12662871181964874, 0.08814425021409988, 0.0790659636259079]"
cm-light,inpainted,632,637,458,0,0.18079106509685516,"[458, 462, 825, 792, 840]","[0.18079106509685516, 0.11990359425544739, 0.11066439002752304, 0.06579821556806564, 0.04213373363018036]"
cm-light,inpainted,633,571,449,0,0.16512219607830048,"[449, 619, 462, 799, 412]","[0.16512219607830048, 0.11194644123315811, 0.09061896055936813, 0.08440351486206055, 0.048903025686740875]"
cm-light,inpainted,634,737,313,0,0.27443742752075195,"[313, 853, 18, 305, 884]","[0.27443742752075195, 0.14123190939426422, 0.05739481747150421, 0.03961186483502388, 0.030803801491856575]"
cm-light,inpainted,635,463,839,0,0.13396714627742767,"[839, 519, 580, 428, 703]","[0.13396714627742767, 0.12984517216682434, 0.10216157138347626, 0.07909616082906723, 0.07277064770460129]"
cm-light,inpainted,636,520,701,0,0.06607124209403992,"[701, 619, 831, 549, 651]","[0.06607124209403992, 0.06573430448770523, 0.05904203653335571, 0.044765274971723557, 0.039799101650714874]"
cm-light,inpainted,637,458,875,0,0.3720262348651886,"[875, 519, 784, 492, 642]","[0.3720262348651886, 0.10890421271324158, 0.04266357421875, 0.040689799934625626, 0.03404195234179497]"
cm-light,inpainted,638,427,88,0,0.08571627736091614,"[88, 381, 448, 815, 955]","[0.08571627736091614, 0.07665710151195526, 0.06828314810991287, 0.04854828864336014, 0.042224422097206116]"
cm-light,inpainted,639,651,894,0,0.33278560638427734,"[894, 435, 896, 876, 999]","[0.33278560638427734, 0.06794256716966629, 0.04299217835068703, 0.03397199511528015, 0.031721193343400955]"
cm-light,inpainted,640,846,519,0,0.6416513919830322,"[519, 695, 894, 553, 769]","[0.6416513919830322, 0.06725170463323593, 0.06712554395198822, 0.03290489688515663, 0.024503735825419426]"
cm-light,inpainted,641,896,435,0,0.7387641072273254,"[435, 876, 520, 648, 896]","[0.7387641072273254, 0.030426351353526115, 0.02913665398955345, 0.02850424125790596, 0.016463590785861015]"
cm-light,inpainted,642,45,934,0,0.12721601128578186,"[934, 666, 558, 684, 513]","[0.12721601128578186, 0.07529741525650024, 0.058807116001844406, 0.04784645512700081, 0.04550287872552872]"
cm-light,inpainted,643,444,703,0,0.16660353541374207,"[703, 580, 305, 357, 302]","[0.16660353541374207, 0.08944432437419891, 0.07989639788866043, 0.03739765286445618, 0.031796932220458984]"
cm-light,inpainted,644,224,24,0,0.1145491674542427,"[24, 289, 825, 313, 81]","[0.1145491674542427, 0.10948506742715836, 0.06292257457971573, 0.041535694152116776, 0.027982676401734352]"
cm-light,inpainted,645,738,904,0,0.27409839630126953,"[904, 640, 756, 539, 807]","[0.27409839630126953, 0.248209148645401, 0.07554921507835388, 0.027850445359945297, 0.01997276395559311]"
cm-light,inpainted,646,495,534,0,0.04766480624675751,"[534, 478, 846, 794, 619]","[0.04766480624675751, 0.0425335094332695, 0.03569333255290985, 0.03433992713689804, 0.02432830259203911]"
cm-light,inpainted,647,354,794,0,0.2253614068031311,"[794, 884, 912, 677, 753]","[0.2253614068031311, 0.10383806377649307, 0.07730142027139664, 0.07061079144477844, 0.03295128419995308]"
cm-light,inpainted,648,315,843,0,0.12951868772506714,"[843, 9, 331, 13, 96]","[0.12951868772506714, 0.06641028821468353, 0.048288263380527496, 0.04079080745577812, 0.03068624995648861]"
cm-light,inpainted,649,728,557,0,0.1558900773525238,"[557, 640, 448, 733, 544]","[0.1558900773525238, 0.12315578013658524, 0.041334185749292374, 0.02887819893658161, 0.02878398448228836]"
cm-light,inpainted,650,715,825,0,0.06734973937273026,"[825, 845, 500, 753, 50]","[0.06734973937273026, 0.06690753251314163, 0.05653930455446243, 0.04549625515937805, 0.031171487644314766]"
cm-light,inpainted,651,284,17,0,0.1133200004696846,"[17, 733, 19, 843, 975]","[0.1133200004696846, 0.09540393948554993, 0.047119706869125366, 0.039565879851579666, 0.03267636522650719]"
cm-light,inpainted,652,295,44,0,0.7417118549346924,"[44, 634, 913, 41, 57]","[0.7417118549346924, 0.06695815175771713, 0.033842094242572784, 0.014718119986355305, 0.007803343236446381]"
cm-light,inpainted,653,471,972,0,0.18795669078826904,"[972, 821, 976, 706, 839]","[0.18795669078826904, 0.1049560084939003, 0.06884680688381195, 0.0652652233839035, 0.062379561364650726]"
cm-light,inpainted,654,665,539,0,0.1667313277721405,"[539, 640, 977, 458, 646]","[0.1667313277721405, 0.07352424412965775, 0.06203274056315422, 0.057821616530418396, 0.054196421056985855]"
cm-light,inpainted,655,217,912,0,0.16322779655456543,"[912, 716, 565, 395, 425]","[0.16322779655456543, 0.0959625244140625, 0.08283933997154236, 0.07728245854377747, 0.058170005679130554]"
cm-light,inpainted,656,775,741,0,0.029798775911331177,"[741, 858, 462, 696, 975]","[0.029798775911331177, 0.029648665338754654, 0.02657993510365486, 0.02639930695295334, 0.023404991254210472]"
cm-light,inpainted,657,143,391,0,0.47236648201942444,"[391, 389, 395, 394, 833]","[0.47236648201942444, 0.29464441537857056, 0.07394158095121384, 0.0450587198138237, 0.007199184503406286]"
cm-light,inpainted,658,806,634,0,0.3019467890262604,"[634, 706, 425, 580, 799]","[0.3019467890262604, 0.18745478987693787, 0.046669330447912216, 0.03889140114188194, 0.03353269025683403]"
cm-light,inpainted,659,171,583,0,0.07643011212348938,"[583, 700, 844, 733, 556]","[0.07643011212348938, 0.05114443972706795, 0.041398923844099045, 0.03211904689669609, 0.028971141204237938]"
cm-light,inpainted,660,637,777,0,0.13160718977451324,"[777, 623, 798, 549, 905]","[0.13160718977451324, 0.1297159194946289, 0.07264096289873123, 0.04135911539196968, 0.040819551795721054]"
cm-light,inpainted,661,875,269,0,0.18718276917934418,"[269, 646, 825, 49, 336]","[0.18718276917934418, 0.1546459048986435, 0.11780165135860443, 0.05932547152042389, 0.05028403922915459]"
cm-light,inpainted,662,614,495,0,0.19244368374347687,"[495, 556, 760, 892, 648]","[0.19244368374347687, 0.0894685909152031, 0.08517789840698242, 0.0722387507557869, 0.06059420481324196]"
cm-light,inpainted,663,185,660,0,0.4764270782470703,"[660, 425, 756, 427, 905]","[0.4764270782470703, 0.07755216211080551, 0.04550889879465103, 0.031270112842321396, 0.020755330100655556]"
cm-light,inpainted,664,583,825,0,0.10128802061080933,"[825, 500, 706, 363, 884]","[0.10128802061080933, 0.08693389594554901, 0.04882555082440376, 0.045160580426454544, 0.04510320723056793]"
cm-light,inpainted,665,674,448,0,0.25160154700279236,"[448, 912, 706, 703, 694]","[0.25160154700279236, 0.19874262809753418, 0.09572577476501465, 0.09122525155544281, 0.034520018845796585]"
cm-light,inpainted,666,198,532,0,0.13730300962924957,"[532, 539, 799, 580, 881]","[0.13730300962924957, 0.12678740918636322, 0.08198940008878708, 0.07341623306274414, 0.05958892032504082]"
cm-light,inpainted,667,571,706,0,0.43536457419395447,"[706, 660, 698, 716, 562]","[0.43536457419395447, 0.15182077884674072, 0.0498831681907177, 0.027322333306074142, 0.02300139144062996]"
cm-light,inpainted,668,870,716,0,0.15577977895736694,"[716, 211, 912, 571, 214]","[0.15577977895736694, 0.09790795296430588, 0.07240433245897293, 0.04950212687253952, 0.030260451138019562]"
cm-light,inpainted,669,614,799,0,0.1071775034070015,"[799, 707, 637, 480, 412]","[0.1071775034070015, 0.10616519302129745, 0.0925833061337471, 0.07866619527339935, 0.06723083555698395]"
cm-light,inpainted,670,822,624,0,0.393347829580307,"[624, 580, 705, 915, 743]","[0.393347829580307, 0.09334626793861389, 0.06812744587659836, 0.06309225410223007, 0.03936884179711342]"
cm-light,inpainted,671,216,888,0,0.136823832988739,"[888, 637, 270, 853, 483]","[0.136823832988739, 0.0658121258020401, 0.05637079104781151, 0.05131645128130913, 0.035873185843229294]"
cm-light,inpainted,672,209,462,0,0.11702052503824234,"[462, 831, 562, 489, 879]","[0.11702052503824234, 0.11060821264982224, 0.07156958431005478, 0.05112436041235924, 0.036088988184928894]"
cm-light,inpainted,673,775,815,0,0.16546028852462769,"[815, 334, 975, 6, 336]","[0.16546028852462769, 0.048009954392910004, 0.03130720928311348, 0.02743663266301155, 0.020653698593378067]"
cm-light,inpainted,674,559,765,0,0.1537337750196457,"[765, 753, 559, 846, 905]","[0.1537337750196457, 0.13195259869098663, 0.09559886157512665, 0.06559406965970993, 0.0462774895131588]"
cm-light,inpainted,675,830,980,0,0.613249659538269,"[980, 274, 974, 280, 112]","[0.613249659538269, 0.06797729432582855, 0.061313413083553314, 0.017916250973939896, 0.017749205231666565]"
cm-light,inpainted,676,532,539,0,0.2668363153934479,"[539, 202, 458, 192, 421]","[0.2668363153934479, 0.11122289299964905, 0.019223017618060112, 0.01817486248910427, 0.016888972371816635]"
cm-light,inpainted,677,233,462,0,0.1267218142747879,"[462, 792, 716, 520, 204]","[0.1267218142747879, 0.08208426088094711, 0.06613115221261978, 0.06553807854652405, 0.024059204384684563]"
cm-light,inpainted,678,765,839,0,0.28341490030288696,"[839, 807, 421, 718, 703]","[0.28341490030288696, 0.1501646488904953, 0.13059838116168976, 0.05110488459467888, 0.043622538447380066]"
cm-light,inpainted,679,428,420,0,0.4173578917980194,"[420, 427, 887, 480, 561]","[0.4173578917980194, 0.04521948844194412, 0.04337069392204285, 0.04063547030091286, 0.02400132641196251]"
cm-light,inpainted,680,765,919,0,0.3375377655029297,"[919, 765, 421, 703, 559]","[0.3375377655029297, 0.10003817826509476, 0.07606346160173416, 0.07368450611829758, 0.05730733647942543]"
cm-light,inpainted,681,420,425,0,0.2673564553260803,"[425, 677, 743, 462, 718]","[0.2673564553260803, 0.07284414768218994, 0.06393386423587799, 0.04840929061174393, 0.044609539210796356]"
cm-light,inpainted,682,571,460,0,0.35354503989219666,"[460, 705, 814, 536, 757]","[0.35354503989219666, 0.06470739096403122, 0.04572863504290581, 0.0393364317715168, 0.03692486509680748]"
cm-light,inpainted,683,177,791,0,0.06784837692975998,"[791, 408, 880, 835, 864]","[0.06784837692975998, 0.0565192848443985, 0.05051660165190697, 0.049229275435209274, 0.03948289155960083]"
cm-light,inpainted,684,846,330,0,0.08672070503234863,"[330, 825, 265, 123, 192]","[0.08672070503234863, 0.07421477884054184, 0.05068296939134598, 0.04940536990761757, 0.04743827134370804]"
cm-light,inpainted,685,236,706,0,0.20098960399627686,"[706, 835, 539, 84, 660]","[0.20098960399627686, 0.06352274864912033, 0.05339878052473068, 0.05064140260219574, 0.0407889299094677]"
cm-light,inpainted,686,201,653,0,0.21162259578704834,"[653, 539, 708, 480, 458]","[0.21162259578704834, 0.19465100765228271, 0.16697339713573456, 0.07809387147426605, 0.045035187155008316]"
cm-light,inpainted,687,953,634,0,0.09856001287698746,"[634, 706, 423, 642, 428]","[0.09856001287698746, 0.06705788522958755, 0.06602322310209274, 0.06357929110527039, 0.037476617842912674]"
cm-light,inpainted,688,637,599,0,0.1006770133972168,"[599, 845, 410, 815, 738]","[0.1006770133972168, 0.09828876703977585, 0.0826258435845375, 0.060208335518836975, 0.03239501640200615]"
cm-light,inpainted,689,420,583,0,0.26823389530181885,"[583, 718, 840, 799, 421]","[0.26823389530181885, 0.11747463792562485, 0.06232393905520439, 0.04949011281132698, 0.048571228981018066]"
cm-light,inpainted,690,602,634,0,0.2514335811138153,"[634, 847, 890, 510, 657]","[0.2514335811138153, 0.10020200908184052, 0.05392569676041603, 0.04484252631664276, 0.04014681279659271]"
cm-light,inpainted,691,806,583,0,0.13522984087467194,"[583, 492, 706, 421, 877]","[0.13522984087467194, 0.0771845355629921, 0.05206424742937088, 0.05170378461480141, 0.05040799826383591]"
cm-light,inpainted,692,608,583,0,0.0788884311914444,"[583, 682, 733, 853, 602]","[0.0788884311914444, 0.06509345024824142, 0.05844002962112427, 0.04113667458295822, 0.03357504680752754]"
cm-light,inpainted,693,775,625,0,0.16253313422203064,"[625, 706, 415, 705, 829]","[0.16253313422203064, 0.10849294811487198, 0.09359127283096313, 0.06850901991128922, 0.061991751194000244]"
cm-light,inpainted,694,614,721,0,0.0833035334944725,"[721, 203, 811, 707, 480]","[0.0833035334944725, 0.059479471296072006, 0.052365005016326904, 0.049096524715423584, 0.04822007194161415]"
cm-light,inpainted,695,728,682,0,0.11569466441869736,"[682, 741, 904, 483, 900]","[0.11569466441869736, 0.09904991090297699, 0.09350663423538208, 0.04814438149333, 0.03572610765695572]"
cm-light,inpainted,696,836,706,0,0.40199148654937744,"[706, 877, 769, 480, 703]","[0.40199148654937744, 0.06827883422374725, 0.05783013626933098, 0.036512263119220734, 0.022969763725996017]"
cm-light,inpainted,697,361,669,0,0.06732874363660812,"[669, 532, 48, 577, 884]","[0.06732874363660812, 0.05771598219871521, 0.047303520143032074, 0.03002137318253517, 0.024848924949765205]"
cm-light,inpainted,698,842,410,0,0.15901419520378113,"[410, 835, 471, 703, 596]","[0.15901419520378113, 0.15062972903251648, 0.059166137129068375, 0.032261867076158524, 0.03039657324552536]"
cm-light,inpainted,699,444,835,0,0.3054554760456085,"[835, 706, 573, 880, 738]","[0.3054554760456085, 0.12590910494327545, 0.06346885114908218, 0.028511233627796173, 0.023877901956439018]"
cm-light,inpainted,700,364,9,0,0.24618759751319885,"[9, 799, 789, 564, 792]","[0.24618759751319885, 0.1661669760942459, 0.13945342600345612, 0.08427680283784866, 0.07121945172548294]"
cm-light,inpainted,701,707,549,0,0.12684638798236847,"[549, 446, 478, 721, 261]","[0.12684638798236847, 0.09452632069587708, 0.07934089750051498, 0.03659345582127571, 0.028733862563967705]"
cm-light,inpainted,702,151,807,0,0.12615498900413513,"[807, 9, 562, 912, 355]","[0.12615498900413513, 0.1051822155714035, 0.09598244726657867, 0.08972403407096863, 0.04307442903518677]"
cm-light,inpainted,703,765,580,0,0.2153003066778183,"[580, 716, 640, 756, 519]","[0.2153003066778183, 0.13385853171348572, 0.10063408315181732, 0.06502234190702438, 0.03681745380163193]"
cm-light,inpainted,704,571,743,0,0.24397791922092438,"[743, 884, 448, 853, 660]","[0.24397791922092438, 0.16146284341812134, 0.07010894268751144, 0.06806288659572601, 0.057160113006830215]"
cm-light,inpainted,705,197,614,0,0.18370600044727325,"[614, 411, 431, 458, 591]","[0.18370600044727325, 0.08528143912553787, 0.07718133926391602, 0.053920142352581024, 0.034343697130680084]"
cm-light,inpainted,706,681,580,0,0.6035436391830444,"[580, 727, 904, 660, 525]","[0.6035436391830444, 0.09009602665901184, 0.04971884936094284, 0.017778102308511734, 0.01640457659959793]"
cm-light,inpainted,707,382,489,0,0.19223839044570923,"[489, 815, 448, 936, 100]","[0.19223839044570923, 0.10413048416376114, 0.06875283271074295, 0.034225404262542725, 0.027880050241947174]"
cm-light,inpainted,708,765,706,0,0.2202545553445816,"[706, 532, 624, 642, 736]","[0.2202545553445816, 0.12881575524806976, 0.12246322631835938, 0.09303166717290878, 0.05306859314441681]"
cm-light,inpainted,709,559,912,0,0.2125280499458313,"[912, 798, 421, 703, 636]","[0.2125280499458313, 0.10862854868173599, 0.09635177999734879, 0.06071200594305992, 0.050419311970472336]"
cm-light,inpainted,710,708,425,0,0.38118094205856323,"[425, 497, 663, 483, 706]","[0.38118094205856323, 0.11245787143707275, 0.10658209025859833, 0.10033221542835236, 0.046257052570581436]"
cm-light,inpainted,711,202,421,0,0.28531962633132935,"[421, 765, 879, 431, 646]","[0.28531962633132935, 0.1393384337425232, 0.06721895188093185, 0.03199363499879837, 0.031164538115262985]"
cm-light,inpainted,712,469,519,0,0.21202753484249115,"[519, 634, 863, 561, 571]","[0.21202753484249115, 0.20525050163269043, 0.12502898275852203, 0.02453952096402645, 0.024009888991713524]"
cm-light,inpainted,713,875,283,0,0.13159535825252533,"[283, 750, 911, 204, 230]","[0.13159535825252533, 0.09994447976350784, 0.0409245640039444, 0.037743356078863144, 0.03215795382857323]"
cm-light,inpainted,714,284,608,0,0.08481933921575546,"[608, 750, 6, 492, 529]","[0.08481933921575546, 0.07859771698713303, 0.058695096522569656, 0.04919736832380295, 0.031580500304698944]"
cm-light,inpainted,715,199,816,0,0.2655951976776123,"[816, 88, 879, 806, 911]","[0.2655951976776123, 0.0894385352730751, 0.034852102398872375, 0.031473565846681595, 0.027284963056445122]"
cm-light,inpainted,716,529,611,0,0.7746037244796753,"[611, 520, 443, 750, 516]","[0.7746037244796753, 0.045129455626010895, 0.0366257019340992, 0.023042751476168633, 0.020505867898464203]"
cm-light,inpainted,717,157,469,0,0.18154872953891754,"[469, 734, 471, 909, 756]","[0.18154872953891754, 0.05202241986989975, 0.05141212046146393, 0.03980320692062378, 0.034274909645318985]"
cm-light,inpainted,718,850,905,0,0.11295359581708908,"[905, 831, 669, 520, 721]","[0.11295359581708908, 0.1052761971950531, 0.08376381546258926, 0.05323757976293564, 0.04860849305987358]"
cm-light,inpainted,719,529,553,0,0.2647577226161957,"[553, 492, 421, 999, 478]","[0.2647577226161957, 0.07185966521501541, 0.06961265206336975, 0.061685800552368164, 0.040040042251348495]"
cm-light,inpainted,720,186,89,0,0.09028282016515732,"[89, 178, 81, 721, 242]","[0.09028282016515732, 0.0866524949669838, 0.058380816131830215, 0.05706912651658058, 0.05401330813765526]"
cm-light,inpainted,721,361,69,0,0.23355427384376526,"[69, 116, 109, 640, 911]","[0.23355427384376526, 0.1408059298992157, 0.05455170199275017, 0.02357374131679535, 0.01983558014035225]"
cm-light,inpainted,722,684,906,0,0.13915209472179413,"[906, 644, 939, 785, 646]","[0.13915209472179413, 0.11893890053033829, 0.10121860355138779, 0.09718810021877289, 0.062412578612565994]"
cm-light,inpainted,723,846,831,0,0.6689983606338501,"[831, 669, 564, 520, 598]","[0.6689983606338501, 0.08220800012350082, 0.057563699781894684, 0.027827119454741478, 0.014976772479712963]"
cm-light,inpainted,724,156,741,0,0.05968615412712097,"[741, 831, 750, 797, 539]","[0.05968615412712097, 0.04421396553516388, 0.04256557673215866, 0.036718375980854034, 0.03599049896001816]"
cm-light,inpainted,725,175,721,0,0.4110247492790222,"[721, 564, 831, 750, 767]","[0.4110247492790222, 0.0799420028924942, 0.06745994836091995, 0.05033384636044502, 0.04912896454334259]"
cm-light,inpainted,726,258,849,0,0.14055661857128143,"[849, 890, 870, 430, 431]","[0.14055661857128143, 0.11455782502889633, 0.09013897180557251, 0.04166489467024803, 0.025602290406823158]"
cm-light,inpainted,727,254,831,0,0.8165996670722961,"[831, 721, 669, 750, 417]","[0.8165996670722961, 0.05754711478948593, 0.021089009940624237, 0.019930489361286163, 0.014170783571898937]"
cm-light,inpainted,728,529,611,0,0.12116746604442596,"[611, 636, 964, 646, 67]","[0.12116746604442596, 0.1057785302400589, 0.08397644758224487, 0.0736289992928505, 0.059233758598566055]"
cm-light,inpainted,729,267,366,0,0.10917156934738159,"[366, 608, 788, 419, 785]","[0.10917156934738159, 0.08115952461957932, 0.07850617915391922, 0.04187019541859627, 0.02649669349193573]"
cm-light,inpainted,730,257,669,0,0.35032323002815247,"[669, 831, 564, 178, 904]","[0.35032323002815247, 0.08201830089092255, 0.036615654826164246, 0.027591882273554802, 0.02254599891602993]"
cm-light,inpainted,731,529,516,0,0.2679925560951233,"[516, 534, 739, 532, 961]","[0.2679925560951233, 0.15743204951286316, 0.0674072876572609, 0.046175822615623474, 0.04427137225866318]"
cm-light,inpainted,732,765,893,0,0.09071534872055054,"[893, 709, 564, 881, 453]","[0.09071534872055054, 0.07384395599365234, 0.07381558418273926, 0.07097630947828293, 0.04709640517830849]"
cm-light,inpainted,733,532,905,0,0.4572545886039734,"[905, 799, 789, 904, 591]","[0.4572545886039734, 0.2667732238769531, 0.10239018499851227, 0.06562452018260956, 0.014590996317565441]"
cm-light,inpainted,734,227,660,0,0.0897287130355835,"[660, 733, 557, 727, 920]","[0.0897287130355835, 0.08362239599227905, 0.07244221121072769, 0.06763490289449692, 0.04453659802675247]"
cm-light,inpainted,735,520,548,0,0.2521378695964813,"[548, 827, 799, 598, 851]","[0.2521378695964813, 0.0735727846622467, 0.06575998663902283, 0.05718832090497017, 0.05238574370741844]"
cm-light,inpainted,736,999,435,0,0.6181003451347351,"[435, 876, 478, 794, 831]","[0.6181003451347351, 0.3110334277153015, 0.007666333112865686, 0.0051032076589763165, 0.004233766812831163]"
cm-light,inpainted,737,174,997,0,0.07578516006469727,"[997, 583, 435, 478, 876]","[0.07578516006469727, 0.060794152319431305, 0.05415863171219826, 0.049963098019361496, 0.04296102002263069]"
cm-light,inpainted,738,841,534,0,0.4093170464038849,"[534, 553, 651, 771, 519]","[0.4093170464038849, 0.1431715339422226, 0.10248718410730362, 0.05631982907652855, 0.037396106868982315]"
cm-light,inpainted,739,846,846,1,0.2926279604434967,"[846, 619, 651, 564, 760]","[0.2926279604434967, 0.08886455744504929, 0.05769626423716545, 0.05169941112399101, 0.035425666719675064]"
cm-light,inpainted,740,999,478,0,0.056676235049963,"[478, 549, 648, 846, 999]","[0.056676235049963, 0.05624392256140709, 0.046501196920871735, 0.04115346446633339, 0.040287863463163376]"
cm-light,inpainted,741,258,548,0,0.13087663054466248,"[548, 799, 448, 583, 789]","[0.13087663054466248, 0.12878111004829407, 0.047426868230104446, 0.0451059490442276, 0.03727017715573311]"
cm-light,inpainted,742,851,564,0,0.33721229434013367,"[564, 831, 789, 598, 905]","[0.33721229434013367, 0.22370250523090363, 0.1776399314403534, 0.07682254165410995, 0.021301237866282463]"
cm-light,inpainted,743,423,532,0,0.22354084253311157,"[532, 619, 799, 435, 876]","[0.22354084253311157, 0.12875062227249146, 0.05326118692755699, 0.038695789873600006, 0.035177454352378845]"
cm-light,inpainted,744,233,877,0,0.08810911327600479,"[877, 421, 706, 583, 777]","[0.08810911327600479, 0.08029988408088684, 0.051337648183107376, 0.04864154011011124, 0.04177257418632507]"
cm-light,inpainted,745,253,492,0,0.18009333312511444,"[492, 706, 553, 840, 882]","[0.18009333312511444, 0.0807446762919426, 0.03692997619509697, 0.03240556642413139, 0.028369780629873276]"
cm-light,inpainted,746,655,539,0,0.8223502039909363,"[539, 648, 651, 894, 431]","[0.8223502039909363, 0.029451487585902214, 0.024258151650428772, 0.01617364212870598, 0.007772945798933506]"
cm-light,inpainted,747,422,549,0,0.14737115800380707,"[549, 478, 713, 769, 834]","[0.14737115800380707, 0.05471394583582878, 0.04304410144686699, 0.03622497618198395, 0.03306576609611511]"
cm-light,inpainted,748,765,480,0,0.3072059154510498,"[480, 831, 905, 777, 421]","[0.3072059154510498, 0.056098245084285736, 0.03514328971505165, 0.03273925185203552, 0.030257657170295715]"
cm-light,inpainted,749,545,527,0,0.13195312023162842,"[527, 799, 508, 664, 673]","[0.13195312023162842, 0.10023149847984314, 0.09309232234954834, 0.056863121688365936, 0.053331173956394196]"
cm-light,inpainted,750,841,792,0,0.09148542582988739,"[792, 811, 799, 421, 882]","[0.09148542582988739, 0.05795082077383995, 0.03920716792345047, 0.038758281618356705, 0.03402548283338547]"
cm-light,inpainted,751,655,519,0,0.16290445625782013,"[519, 501, 498, 660, 651]","[0.16290445625782013, 0.07712201774120331, 0.06742552667856216, 0.05926259234547615, 0.03642239421606064]"
cm-light,inpainted,752,846,564,0,0.23724985122680664,"[564, 846, 453, 518, 579]","[0.23724985122680664, 0.1499287188053131, 0.09485456347465515, 0.08603247255086899, 0.06340140104293823]"
cm-light,inpainted,753,999,648,0,0.2948244512081146,"[648, 789, 894, 799, 896]","[0.2948244512081146, 0.09377380460500717, 0.08861526101827621, 0.05650133639574051, 0.056455932557582855]"
cm-light,inpainted,754,841,651,0,0.13416434824466705,"[651, 492, 421, 498, 732]","[0.13416434824466705, 0.08093071728944778, 0.047509290277957916, 0.041406694799661636, 0.03777763620018959]"
cm-light,inpainted,755,655,519,0,0.350588858127594,"[519, 526, 492, 534, 726]","[0.350588858127594, 0.08743440359830856, 0.08727104216814041, 0.07085868716239929, 0.052137721329927444]"
cm-light,inpainted,756,579,854,0,0.7806759476661682,"[854, 559, 765, 753, 532]","[0.7806759476661682, 0.13996881246566772, 0.03097589872777462, 0.003951318562030792, 0.003900356125086546]"
cm-light,inpainted,757,198,750,0,0.268254816532135,"[750, 213, 220, 192, 887]","[0.268254816532135, 0.04683297127485275, 0.0435037836432457, 0.043049320578575134, 0.0382358580827713]"
cm-light,inpainted,758,614,840,0,0.12906166911125183,"[840, 526, 789, 731, 523]","[0.12906166911125183, 0.09206555038690567, 0.07116499543190002, 0.048713892698287964, 0.048538874834775925]"
cm-light,inpainted,759,689,687,0,0.15873099863529205,"[687, 564, 492, 800, 624]","[0.15873099863529205, 0.11944200843572617, 0.05935944616794586, 0.055779099464416504, 0.04628869146108627]"
cm-light,inpainted,760,863,799,0,0.4158286154270172,"[799, 548, 706, 904, 905]","[0.4158286154270172, 0.09266002476215363, 0.0804998129606247, 0.07301155477762222, 0.056260667741298676]"
cm-light,inpainted,761,851,492,0,0.10686733573675156,"[492, 315, 910, 831, 736]","[0.10686733573675156, 0.0974518433213234, 0.07814627140760422, 0.0332476980984211, 0.032724928110837936]"
cm-light,inpainted,762,444,437,0,0.10950387269258499,"[437, 812, 706, 559, 421]","[0.10950387269258499, 0.04614263400435448, 0.03895564004778862, 0.0364161916077137, 0.032704710960388184]"
cm-light,inpainted,763,230,915,0,0.13171999156475067,"[915, 406, 410, 660, 448]","[0.13171999156475067, 0.08453039079904556, 0.05585216358304024, 0.04083603620529175, 0.04073360562324524]"
cm-light,inpainted,764,254,741,0,0.10260402411222458,"[741, 501, 882, 797, 747]","[0.10260402411222458, 0.07294142991304398, 0.05394449830055237, 0.027853280305862427, 0.025592291727662086]"
cm-light,inpainted,765,199,202,0,0.10929425060749054,"[202, 721, 750, 492, 564]","[0.10929425060749054, 0.05859742313623428, 0.0442335344851017, 0.04050564765930176, 0.035209376364946365]"
cm-light,inpainted,766,493,789,0,0.2580738067626953,"[789, 534, 548, 532, 799]","[0.2580738067626953, 0.059695083647966385, 0.051152464002370834, 0.039770353585481644, 0.039591699838638306]"
cm-light,inpainted,767,882,548,0,0.21694855391979218,"[548, 598, 424, 831, 453]","[0.21694855391979218, 0.10671001672744751, 0.07911840826272964, 0.07160722464323044, 0.0691363513469696]"
cm-light,inpainted,768,739,884,0,0.24813145399093628,"[884, 463, 492, 710, 726]","[0.24813145399093628, 0.055716630071401596, 0.046553272753953934, 0.04322211816906929, 0.03762469068169594]"
cm-light,inpainted,769,846,619,0,0.1745421588420868,"[619, 883, 608, 443, 846]","[0.1745421588420868, 0.056499507278203964, 0.02705812081694603, 0.02674214541912079, 0.026082970201969147]"
cm-light,inpainted,770,614,789,0,0.4121057093143463,"[789, 799, 918, 651, 406]","[0.4121057093143463, 0.15517735481262207, 0.04961913824081421, 0.03444019332528114, 0.02329357899725437]"
cm-light,inpainted,771,579,517,0,0.22933143377304077,"[517, 421, 498, 619, 846]","[0.22933143377304077, 0.14872117340564728, 0.07391978055238724, 0.04332802817225456, 0.04196181893348694]"
cm-light,inpainted,772,882,750,0,0.24059462547302246,"[750, 526, 673, 721, 437]","[0.24059462547302246, 0.09297624230384827, 0.06658935546875, 0.04806870222091675, 0.04501048102974892]"
cm-light,inpainted,773,778,904,0,0.23388971388339996,"[904, 593, 424, 558, 421]","[0.23388971388339996, 0.11787651479244232, 0.07846519351005554, 0.07055522501468658, 0.04515344649553299]"
cm-light,inpainted,774,882,894,0,0.5318028926849365,"[894, 495, 519, 648, 534]","[0.5318028926849365, 0.11923572421073914, 0.07842829078435898, 0.056824181228876114, 0.03988753631711006]"
cm-light,inpainted,775,550,790,0,0.11485894024372101,"[790, 765, 454, 624, 453]","[0.11485894024372101, 0.09809090197086334, 0.08975781500339508, 0.08757921308279037, 0.06348934769630432]"
cm-light,inpainted,776,284,694,0,0.11249794065952301,"[694, 421, 583, 904, 706]","[0.11249794065952301, 0.0990939736366272, 0.05800998955965042, 0.057030245661735535, 0.037922367453575134]"
cm-light,inpainted,777,851,974,0,0.23590828478336334,"[974, 16, 13, 548, 532]","[0.23590828478336334, 0.13117282092571259, 0.09392109513282776, 0.055900972336530685, 0.04263318330049515]"
cm-light,inpainted,778,651,894,0,0.5275529026985168,"[894, 495, 519, 799, 534]","[0.5275529026985168, 0.04237508773803711, 0.04022927209734917, 0.029889501631259918, 0.020722223445773125]"
cm-light,inpainted,779,681,421,0,0.2296821027994156,"[421, 908, 425, 532, 579]","[0.2296821027994156, 0.0907898023724556, 0.06135130301117897, 0.05936960503458977, 0.04151666536927223]"
cm-light,inpainted,780,420,492,0,0.1732606142759323,"[492, 553, 557, 881, 421]","[0.1732606142759323, 0.158921480178833, 0.06840311735868454, 0.05903874710202217, 0.04980634152889252]"
cm-light,inpainted,781,532,463,0,0.34989258646965027,"[463, 725, 435, 743, 505]","[0.34989258646965027, 0.08188678324222565, 0.06142788380384445, 0.048430927097797394, 0.04319275915622711]"
cm-light,inpainted,782,423,532,0,0.218827024102211,"[532, 840, 202, 534, 423]","[0.218827024102211, 0.12047389894723892, 0.06844477355480194, 0.05162419378757477, 0.04472420737147331]"
cm-light,inpainted,783,201,548,0,0.5359506011009216,"[548, 598, 564, 583, 284]","[0.5359506011009216, 0.10300825536251068, 0.08196009695529938, 0.03888142108917236, 0.03741011768579483]"
cm-light,inpainted,784,690,649,0,0.338650107383728,"[649, 646, 888, 386, 912]","[0.338650107383728, 0.17452293634414673, 0.1202513724565506, 0.06754263490438461, 0.025506362318992615]"
cm-light,inpainted,785,807,421,0,0.8567763566970825,"[421, 706, 799, 718, 792]","[0.8567763566970825, 0.011038665659725666, 0.0073516531847417355, 0.005744180176407099, 0.004936909768730402]"
cm-light,inpainted,786,836,449,0,0.07079565525054932,"[449, 873, 874, 525, 839]","[0.07079565525054932, 0.06924113631248474, 0.0542888306081295, 0.0468464232981205, 0.036376193165779114]"
cm-light,inpainted,787,779,442,0,0.24692045152187347,"[442, 663, 660, 873, 698]","[0.24692045152187347, 0.1520717889070511, 0.15111041069030762, 0.06674686819314957, 0.0342615582048893]"
cm-light,inpainted,788,872,975,0,0.5127209424972534,"[975, 977, 646, 888, 458]","[0.5127209424972534, 0.04882398247718811, 0.03556698188185692, 0.022836361080408096, 0.01738661900162697]"
cm-light,inpainted,789,516,492,0,0.3175380229949951,"[492, 608, 427, 313, 735]","[0.3175380229949951, 0.05777530372142792, 0.057601314038038254, 0.05540985241532326, 0.027914592996239662]"
cm-light,inpainted,790,807,703,0,0.3636445701122284,"[703, 410, 706, 580, 727]","[0.3636445701122284, 0.26088181138038635, 0.07498227804899216, 0.04072635620832443, 0.031334683299064636]"
cm-light,inpainted,791,880,847,0,0.32455480098724365,"[847, 460, 525, 833, 471]","[0.32455480098724365, 0.12887904047966003, 0.10543525964021683, 0.05810784175992012, 0.030188066884875298]"
cm-light,inpainted,792,678,538,0,0.2462422251701355,"[538, 624, 454, 498, 424]","[0.2462422251701355, 0.1442568302154541, 0.09771887212991714, 0.08861246705055237, 0.06940535455942154]"
cm-light,inpainted,793,603,458,0,0.11151205003261566,"[458, 660, 756, 421, 707]","[0.11151205003261566, 0.062020331621170044, 0.03651450201869011, 0.03629911690950394, 0.033602967858314514]"
cm-light,inpainted,794,665,286,0,0.0538494735956192,"[286, 343, 330, 820, 347]","[0.0538494735956192, 0.04344717040657997, 0.02244056575000286, 0.020263513550162315, 0.019255276769399643]"
cm-light,inpainted,795,541,706,0,0.5924771428108215,"[706, 750, 226, 202, 244]","[0.5924771428108215, 0.04720287024974823, 0.021445201709866524, 0.01856614276766777, 0.017348114401102066]"
cm-light,inpainted,796,704,460,0,0.13048669695854187,"[460, 525, 591, 829, 562]","[0.13048669695854187, 0.052167583256959915, 0.03412076085805893, 0.03321754187345505, 0.02942049875855446]"
cm-light,inpainted,797,770,880,0,0.18749043345451355,"[880, 805, 416, 316, 702]","[0.18749043345451355, 0.051116280257701874, 0.04422777146100998, 0.04003087058663368, 0.03547484055161476]"
cm-light,inpainted,798,428,568,0,0.6702582836151123,"[568, 873, 427, 879, 887]","[0.6702582836151123, 0.0373137965798378, 0.036754678934812546, 0.026669180020689964, 0.024844899773597717]"
cm-light,inpainted,799,637,497,0,0.38534530997276306,"[497, 634, 406, 741, 663]","[0.38534530997276306, 0.08403613418340683, 0.07121437788009644, 0.05706775188446045, 0.04560989513993263]"
cm-light,inpainted,800,879,972,0,0.37481704354286194,"[972, 460, 649, 682, 501]","[0.37481704354286194, 0.12471966445446014, 0.10623572766780853, 0.059799276292324066, 0.03205465152859688]"
cm-light,inpainted,801,869,640,0,0.1897004395723343,"[640, 704, 829, 654, 412]","[0.1897004395723343, 0.14492471516132355, 0.04286324232816696, 0.039384983479976654, 0.03560074791312218]"
cm-light,inpainted,802,690,291,0,0.09454405307769775,"[291, 386, 562, 525, 663]","[0.09454405307769775, 0.06628315150737762, 0.05377400666475296, 0.0371628999710083, 0.035156648606061935]"
cm-light,inpainted,803,822,832,0,0.23512838780879974,"[832, 829, 401, 498, 706]","[0.23512838780879974, 0.07442689687013626, 0.04229758679866791, 0.03461560234427452, 0.033353354781866074]"
cm-light,inpainted,804,880,716,0,0.4552360773086548,"[716, 706, 660, 497, 646]","[0.4552360773086548, 0.10464489459991455, 0.04895826429128647, 0.03392058238387108, 0.02553870715200901]"
cm-light,inpainted,805,612,519,0,0.07059138268232346,"[519, 571, 858, 873, 753]","[0.07059138268232346, 0.04921368137001991, 0.043807029724121094, 0.040685612708330154, 0.03823503479361534]"
cm-light,inpainted,806,879,660,0,0.526446521282196,"[660, 425, 706, 753, 915]","[0.526446521282196, 0.06158190965652466, 0.05233501270413399, 0.04051285237073898, 0.026640936732292175]"
cm-light,inpainted,807,603,687,0,0.20405857264995575,"[687, 660, 743, 498, 853]","[0.20405857264995575, 0.10773033648729324, 0.07866641134023666, 0.07516831904649734, 0.03622979670763016]"
cm-light,inpainted,808,707,751,0,0.0703386440873146,"[751, 791, 821, 879, 858]","[0.0703386440873146, 0.04547758027911186, 0.04158756136894226, 0.037128426134586334, 0.03416641056537628]"
cm-light,inpainted,809,751,706,0,0.25992003083229065,"[706, 646, 386, 975, 703]","[0.25992003083229065, 0.03656938672065735, 0.03346693515777588, 0.030716462060809135, 0.0294282715767622]"
cm-light,inpainted,810,407,460,0,0.18414080142974854,"[460, 646, 562, 975, 716]","[0.18414080142974854, 0.10726537555456161, 0.08859142661094666, 0.0832425206899643, 0.06092679873108864]"
cm-light,inpainted,811,791,421,0,0.2751404643058777,"[421, 791, 612, 706, 523]","[0.2751404643058777, 0.15121062099933624, 0.05370340496301651, 0.047161027789115906, 0.028506029397249222]"
cm-light,inpainted,812,645,454,0,0.762485682964325,"[454, 415, 498, 582, 762]","[0.762485682964325, 0.054669760167598724, 0.03517815098166466, 0.023313218727707863, 0.01906091533601284]"
cm-light,inpainted,813,879,718,0,0.2933306097984314,"[718, 449, 224, 576, 975]","[0.2933306097984314, 0.19263343513011932, 0.13098804652690887, 0.050466638058423996, 0.04953860118985176]"
cm-light,inpainted,814,612,975,0,0.2305084764957428,"[975, 706, 449, 562, 134]","[0.2305084764957428, 0.19556564092636108, 0.09517610818147659, 0.033306073397397995, 0.01783272624015808]"
cm-light,inpainted,815,468,634,0,0.25901857018470764,"[634, 977, 975, 703, 646]","[0.25901857018470764, 0.08522136509418488, 0.03161187842488289, 0.030636608600616455, 0.0278119258582592]"
cm-light,inpainted,816,603,525,0,0.13314971327781677,"[525, 718, 821, 915, 832]","[0.13314971327781677, 0.1274869740009308, 0.08276604861021042, 0.07048770040273666, 0.04991747811436653]"
cm-light,inpainted,817,670,182,0,0.06052379682660103,"[182, 191, 346, 660, 977]","[0.06052379682660103, 0.05883277952671051, 0.05649331212043762, 0.04250568524003029, 0.036923978477716446]"
cm-light,inpainted,818,468,971,0,0.0778246596455574,"[971, 706, 910, 412, 858]","[0.0778246596455574, 0.049142204225063324, 0.045708123594522476, 0.03891734033823013, 0.03743309900164604]"
cm-light,inpainted,819,830,799,0,0.28061822056770325,"[799, 453, 829, 495, 548]","[0.28061822056770325, 0.21648025512695312, 0.045025963336229324, 0.04479481652379036, 0.03659367188811302]"
cm-light,inpainted,820,670,977,0,0.19210222363471985,"[977, 460, 9, 978, 134]","[0.19210222363471985, 0.1139138862490654, 0.059169478714466095, 0.053477656096220016, 0.04317834600806236]"
cm-light,inpainted,821,807,523,0,0.2773004472255707,"[523, 542, 462, 559, 872]","[0.2773004472255707, 0.1762450635433197, 0.07287171483039856, 0.07188007980585098, 0.05992715060710907]"
cm-light,inpainted,822,602,706,0,0.5370742678642273,"[706, 580, 484, 871, 843]","[0.5370742678642273, 0.2891167998313904, 0.010258578695356846, 0.009050341323018074, 0.007483416702598333]"
cm-light,inpainted,823,439,880,0,0.108249232172966,"[880, 22, 573, 975, 703]","[0.108249232172966, 0.039241354912519455, 0.03285381197929382, 0.02472352236509323, 0.024016061797738075]"
cm-light,inpainted,824,198,475,0,0.13121575117111206,"[475, 436, 908, 882, 144]","[0.13121575117111206, 0.11122794449329376, 0.07663161307573318, 0.04714428633451462, 0.046160485595464706]"
cm-light,inpainted,825,559,8,0,0.04733336344361305,"[8, 522, 334, 104, 361]","[0.04733336344361305, 0.03654138371348381, 0.03537663444876671, 0.032748736441135406, 0.0310782790184021]"
cm-light,inpainted,826,919,873,0,0.1862630397081375,"[873, 483, 698, 649, 663]","[0.1862630397081375, 0.060317523777484894, 0.0575554333627224, 0.03929298743605614, 0.027042867615818977]"
cm-light,inpainted,827,665,405,0,0.3351361155509949,"[405, 821, 404, 44, 972]","[0.3351361155509949, 0.07178857177495956, 0.04811280220746994, 0.044703442603349686, 0.02785482257604599]"
cm-light,inpainted,828,919,835,0,0.15203957259655,"[835, 879, 839, 646, 807]","[0.15203957259655, 0.14838279783725739, 0.11154396831989288, 0.041438907384872437, 0.028223881497979164]"
cm-light,inpainted,829,557,727,0,0.3499634861946106,"[727, 682, 668, 498, 698]","[0.3499634861946106, 0.11102502048015594, 0.08966240286827087, 0.05047639086842537, 0.04917139559984207]"
cm-light,inpainted,830,864,450,0,0.27549317479133606,"[450, 769, 798, 573, 421]","[0.27549317479133606, 0.16966331005096436, 0.06429646909236908, 0.05081687495112419, 0.04906896874308586]"
cm-light,inpainted,831,880,984,0,0.33743542432785034,"[984, 425, 331, 703, 295]","[0.33743542432785034, 0.049870580434799194, 0.03620282933115959, 0.035652656108140945, 0.027815774083137512]"
cm-light,inpainted,832,870,977,0,0.10631385445594788,"[977, 525, 646, 412, 706]","[0.10631385445594788, 0.08302684873342514, 0.04967140033841133, 0.04220973700284958, 0.0372074618935585]"
cm-light,inpainted,833,439,519,0,0.21448028087615967,"[519, 858, 646, 69, 538]","[0.21448028087615967, 0.12947756052017212, 0.07525578141212463, 0.054464876651763916, 0.03928298503160477]"
cm-light,inpainted,834,728,580,0,0.10946406424045563,"[580, 573, 738, 565, 766]","[0.10946406424045563, 0.08583840727806091, 0.07745297253131866, 0.06707216799259186, 0.05478859320282936]"
cm-light,inpainted,835,920,663,0,0.1460995376110077,"[663, 920, 812, 538, 557]","[0.1460995376110077, 0.12330088019371033, 0.11621329188346863, 0.06427212059497833, 0.0463588573038578]"
cm-light,inpainted,836,608,287,0,0.06472989916801453,"[287, 104, 716, 912, 458]","[0.06472989916801453, 0.06192624941468239, 0.045070093125104904, 0.03439384326338768, 0.03159782662987709]"
cm-light,inpainted,837,919,571,0,0.48760032653808594,"[571, 743, 707, 424, 498]","[0.48760032653808594, 0.056328970938920975, 0.05484159663319588, 0.04533642530441284, 0.033331383019685745]"
cm-light,inpainted,838,612,706,0,0.5399555563926697,"[706, 727, 839, 421, 718]","[0.5399555563926697, 0.03503407910466194, 0.034706853330135345, 0.03133828565478325, 0.02589428424835205]"
cm-light,inpainted,839,919,873,0,0.10348403453826904,"[873, 562, 141, 497, 580]","[0.10348403453826904, 0.09880290180444717, 0.05361540988087654, 0.05082431808114052, 0.04961800575256348]"
cm-light,inpainted,840,571,424,0,0.7766348719596863,"[424, 415, 706, 703, 799]","[0.7766348719596863, 0.019072074443101883, 0.01640615053474903, 0.015836989507079124, 0.014060317538678646]"
cm-light,inpainted,841,575,603,0,0.1347043663263321,"[603, 690, 220, 212, 569]","[0.1347043663263321, 0.06492248922586441, 0.05480021983385086, 0.03162844479084015, 0.02914629876613617]"
cm-light,inpainted,842,870,853,0,0.18799996376037598,"[853, 525, 562, 347, 608]","[0.18799996376037598, 0.09486973285675049, 0.04450451210141182, 0.04288968816399574, 0.03314150869846344]"
cm-light,inpainted,843,919,743,0,0.12051575630903244,"[743, 421, 415, 424, 624]","[0.12051575630903244, 0.08631414920091629, 0.08433840423822403, 0.07240995764732361, 0.0702037662267685]"
cm-light,inpainted,844,879,525,0,0.09480404853820801,"[525, 510, 346, 718, 769]","[0.09480404853820801, 0.058587830513715744, 0.0490751750767231, 0.043249718844890594, 0.0300955381244421]"
cm-light,inpainted,845,690,839,0,0.22027431428432465,"[839, 580, 634, 975, 888]","[0.22027431428432465, 0.07496922463178635, 0.07444833219051361, 0.04436749592423439, 0.03418227657675743]"
cm-light,inpainted,846,879,829,0,0.34533342719078064,"[829, 743, 660, 547, 637]","[0.34533342719078064, 0.06988528370857239, 0.03989401087164879, 0.037681445479393005, 0.03625708073377609]"
cm-light,inpainted,847,412,706,0,0.3112015426158905,"[706, 835, 412, 752, 646]","[0.3112015426158905, 0.07046172022819519, 0.05688052624464035, 0.0464690700173378, 0.040657464414834976]"
cm-light,inpainted,848,412,874,0,0.3146536946296692,"[874, 603, 880, 439, 706]","[0.3146536946296692, 0.054927121847867966, 0.03627989813685417, 0.03155052289366722, 0.020491059869527817]"
cm-light,inpainted,849,751,751,1,0.17453980445861816,"[751, 674, 767, 893, 519]","[0.17453980445861816, 0.0849590003490448, 0.07191162556409836, 0.06223509833216667, 0.04776455834507942]"
cm-light,inpainted,850,489,352,0,0.17544004321098328,"[352, 353, 425, 293, 649]","[0.17544004321098328, 0.09350360929965973, 0.06236303225159645, 0.052829891443252563, 0.03423301875591278]"
cm-light,inpainted,851,223,646,0,0.14039260149002075,"[646, 522, 192, 741, 977]","[0.14039260149002075, 0.1266678273677826, 0.07032069563865662, 0.036956436932086945, 0.03527926653623581]"
cm-light,inpainted,852,603,519,0,0.22879378497600555,"[519, 634, 427, 640, 421]","[0.22879378497600555, 0.11490823328495026, 0.0758175477385521, 0.03988482058048248, 0.03429526463150978]"
cm-light,inpainted,853,862,871,0,0.5059645175933838,"[871, 727, 756, 462, 682]","[0.5059645175933838, 0.11212382465600967, 0.06847433000802994, 0.06727195531129837, 0.031559333205223083]"
cm-light,inpainted,854,612,646,0,0.3896830379962921,"[646, 716, 975, 703, 706]","[0.3896830379962921, 0.23036488890647888, 0.051195889711380005, 0.048132531344890594, 0.02896476350724697]"
cm-light,inpainted,855,154,479,0,0.14420317113399506,"[479, 694, 421, 535, 839]","[0.14420317113399506, 0.091844342648983, 0.056013528257608414, 0.04991628974676132, 0.04916499927639961]"
cm-light,inpainted,856,560,214,0,0.09231124073266983,"[214, 981, 213, 646, 7]","[0.09231124073266983, 0.08783092349767685, 0.05296597257256508, 0.0513429120182991, 0.04188888520002365]"
cm-light,inpainted,857,852,752,0,0.5854941606521606,"[752, 722, 446, 646, 478]","[0.5854941606521606, 0.04509013518691063, 0.0407879613339901, 0.032524194568395615, 0.012165828607976437]"
cm-light,inpainted,858,522,746,0,0.21880042552947998,"[746, 706, 750, 450, 462]","[0.21880042552947998, 0.08264074474573135, 0.05968351289629936, 0.05151720345020294, 0.050193820148706436]"
cm-light,inpainted,859,430,904,0,0.14593055844306946,"[904, 548, 896, 498, 446]","[0.14593055844306946, 0.06151947006583214, 0.03373902663588524, 0.03327946364879608, 0.029470235109329224]"
cm-light,inpainted,860,752,904,0,0.44751977920532227,"[904, 556, 489, 562, 458]","[0.44751977920532227, 0.16224533319473267, 0.030429136008024216, 0.01844611205160618, 0.017133522778749466]"
cm-light,inpainted,861,852,694,0,0.10120468586683273,"[694, 981, 421, 752, 718]","[0.10120468586683273, 0.09261661767959595, 0.049712538719177246, 0.039405934512615204, 0.03326486796140671]"
cm-light,inpainted,862,746,746,1,0.25430595874786377,"[746, 795, 750, 462, 792]","[0.25430595874786377, 0.055185407400131226, 0.04420045390725136, 0.04149920865893364, 0.03673379123210907]"
cm-light,inpainted,863,702,525,0,0.21953286230564117,"[525, 820, 810, 814, 521]","[0.21953286230564117, 0.0631055235862732, 0.037023745477199554, 0.03447313234210014, 0.028238030150532722]"
cm-light,inpainted,864,560,439,0,0.12444153428077698,"[439, 252, 636, 958, 781]","[0.12444153428077698, 0.08445009589195251, 0.045736633241176605, 0.026432428508996964, 0.026252416893839836]"
cm-light,inpainted,865,746,746,1,0.6680294871330261,"[746, 462, 791, 706, 831]","[0.6680294871330261, 0.07148189842700958, 0.056987348943948746, 0.015481499955058098, 0.011742801405489445]"
cm-light,inpainted,866,430,492,0,0.05083468183875084,"[492, 499, 868, 777, 519]","[0.05083468183875084, 0.046554774045944214, 0.04607050493359566, 0.027498165145516396, 0.02530159242451191]"
cm-light,inpainted,867,450,669,0,0.5105945467948914,"[669, 706, 516, 431, 385]","[0.5105945467948914, 0.060568515211343765, 0.05990690365433693, 0.024156033992767334, 0.02173907309770584]"
cm-light,inpainted,868,890,881,0,0.19555461406707764,"[881, 401, 929, 890, 492]","[0.19555461406707764, 0.19436191022396088, 0.04472553730010986, 0.04331575706601143, 0.03770637884736061]"
cm-light,inpainted,869,746,746,1,0.7622544765472412,"[746, 450, 908, 416, 404]","[0.7622544765472412, 0.10308832675218582, 0.05583038181066513, 0.011523230001330376, 0.006538494024425745]"
cm-light,inpainted,870,560,981,0,0.20470209419727325,"[981, 425, 984, 458, 825]","[0.20470209419727325, 0.06058098375797272, 0.04784014821052551, 0.04761163890361786, 0.028660034760832787]"
cm-light,inpainted,871,752,752,1,0.13422903418540955,"[752, 895, 403, 722, 579]","[0.13422903418540955, 0.037759676575660706, 0.036155760288238525, 0.03548071160912514, 0.024296095594763756]"
cm-light,inpainted,872,702,736,0,0.24301831424236298,"[736, 424, 762, 541, 454]","[0.24301831424236298, 0.07271862775087357, 0.06750376522541046, 0.06477797031402588, 0.044338878244161606]"
cm-light,inpainted,873,160,472,0,0.1813887655735016,"[472, 910, 224, 263, 508]","[0.1813887655735016, 0.10770877450704575, 0.04489658772945404, 0.03734201565384865, 0.03134991228580475]"
cm-light,inpainted,874,430,430,1,0.2893427908420563,"[430, 646, 206, 958, 537]","[0.2893427908420563, 0.28596144914627075, 0.10652166604995728, 0.06981345266103745, 0.039807725697755814]"
cm-light,inpainted,875,430,430,1,0.2878636121749878,"[430, 752, 450, 726, 981]","[0.2878636121749878, 0.13725003600120544, 0.05146949738264084, 0.02928977832198143, 0.021999483928084373]"
cm-light,inpainted,876,499,677,0,0.06632891297340393,"[677, 368, 912, 427, 24]","[0.06632891297340393, 0.06345812231302261, 0.05000458285212517, 0.046699076890945435, 0.03513865917921066]"
cm-light,inpainted,877,418,132,0,0.09867648780345917,"[132, 98, 978, 103, 696]","[0.09867648780345917, 0.07815241068601608, 0.05548999086022377, 0.045855578035116196, 0.04354064166545868]"
cm-light,inpainted,878,849,700,0,0.14621438086032867,"[700, 846, 492, 851, 975]","[0.14621438086032867, 0.1106012612581253, 0.05250619724392891, 0.04491572827100754, 0.03411777317523956]"
cm-light,inpainted,879,899,881,0,0.1508474349975586,"[881, 905, 498, 756, 727]","[0.1508474349975586, 0.06216958537697792, 0.06155473366379738, 0.05317230895161629, 0.05148616060614586]"
cm-light,inpainted,880,963,831,0,0.13453654944896698,"[831, 492, 636, 769, 915]","[0.13453654944896698, 0.13152113556861877, 0.058396779000759125, 0.03647865727543831, 0.035244908183813095]"
cm-light,inpainted,881,956,6,0,0.7005909085273743,"[6, 3, 5, 395, 4]","[0.7005909085273743, 0.05619638040661812, 0.034581445157527924, 0.011926638893783092, 0.007022317033261061]"
cm-light,inpainted,882,961,416,0,0.09260138869285583,"[416, 579, 739, 868, 910]","[0.09260138869285583, 0.08410227298736572, 0.05460679531097412, 0.040196046233177185, 0.03963620215654373]"
cm-light,inpainted,883,786,827,0,0.1763576865196228,"[827, 651, 904, 851, 920]","[0.1763576865196228, 0.09305033087730408, 0.08415894210338593, 0.07627812027931213, 0.052639007568359375]"
cm-light,inpainted,884,440,736,0,0.32655274868011475,"[736, 624, 495, 453, 454]","[0.32655274868011475, 0.17743973433971405, 0.14280885457992554, 0.09914614260196686, 0.04531554877758026]"
cm-light,inpainted,885,846,846,1,0.4583328068256378,"[846, 620, 435, 909, 619]","[0.4583328068256378, 0.05137067660689354, 0.050039034336805344, 0.04489218443632126, 0.03454400971531868]"
cm-light,inpainted,886,969,961,0,0.13519467413425446,"[961, 940, 532, 809, 666]","[0.13519467413425446, 0.044765159487724304, 0.04188287630677223, 0.04173952713608742, 0.030832970514893532]"
cm-light,inpainted,887,945,260,0,0.17545796930789948,"[260, 259, 283, 332, 261]","[0.17545796930789948, 0.16680017113685608, 0.0719727873802185, 0.05931628867983818, 0.04500264674425125]"
cm-light,inpainted,888,752,595,0,0.04431319981813431,"[595, 472, 659, 889, 674]","[0.04431319981813431, 0.043693263083696365, 0.04081188887357712, 0.03655548021197319, 0.03580126911401749]"
cm-light,inpainted,889,651,876,0,0.14720290899276733,"[876, 789, 831, 435, 659]","[0.14720290899276733, 0.14469341933727264, 0.12719744443893433, 0.07325024157762527, 0.048659536987543106]"
cm-light,inpainted,890,945,854,0,0.19078859686851501,"[854, 947, 696, 462, 619]","[0.19078859686851501, 0.18901629745960236, 0.17652130126953125, 0.06301015615463257, 0.061336699873209]"
cm-light,inpainted,891,438,918,0,0.26145562529563904,"[918, 560, 852, 186, 470]","[0.26145562529563904, 0.13719749450683594, 0.10036233812570572, 0.051108986139297485, 0.028819352388381958]"
cm-light,inpainted,892,441,492,0,0.0892379879951477,"[492, 726, 842, 934, 961]","[0.0892379879951477, 0.056674934923648834, 0.05512154474854469, 0.048394445329904556, 0.03959496319293976]"
cm-light,inpainted,893,818,775,0,0.0893278568983078,"[775, 769, 883, 549, 514]","[0.0893278568983078, 0.08552703261375427, 0.05980109050869942, 0.057418711483478546, 0.05350631847977638]"
cm-light,inpainted,894,941,961,0,0.06942277401685715,"[961, 967, 969, 852, 659]","[0.06942277401685715, 0.04990852251648903, 0.03864884376525879, 0.02968069538474083, 0.029206469655036926]"
cm-light,inpainted,895,711,910,0,0.11810163408517838,"[910, 430, 519, 961, 912]","[0.11810163408517838, 0.05430116504430771, 0.04750075563788414, 0.047019582241773605, 0.025347039103507996]"
cm-light,inpainted,896,152,79,0,0.05646495893597603,"[79, 52, 623, 539, 114]","[0.05646495893597603, 0.04309891536831856, 0.03410028666257858, 0.027222134172916412, 0.020978517830371857]"
cm-light,inpainted,897,996,421,0,0.6442151665687561,"[421, 733, 506, 489, 542]","[0.6442151665687561, 0.06757903844118118, 0.05708363279700279, 0.044194649904966354, 0.02288668043911457]"
cm-light,inpainted,898,898,941,0,0.09597664326429367,"[941, 532, 940, 868, 325]","[0.09597664326429367, 0.09068852663040161, 0.06291718035936356, 0.04682627320289612, 0.04181632027029991]"
cm-light,inpainted,899,441,619,0,0.05727384611964226,"[619, 441, 846, 898, 899]","[0.05727384611964226, 0.05456244945526123, 0.052089184522628784, 0.05156148225069046, 0.049672096967697144]"
cm-light,inpainted,900,953,700,0,0.11314781755208969,"[700, 846, 549, 556, 777]","[0.11314781755208969, 0.10586123168468475, 0.07365966588258743, 0.04796875640749931, 0.03731829300522804]"
cm-light,inpainted,901,505,954,0,0.05948120728135109,"[954, 492, 942, 446, 736]","[0.05948120728135109, 0.04614404961466789, 0.044945403933525085, 0.03981752321124077, 0.036373380571603775]"
cm-light,inpainted,902,773,604,0,0.15360942482948303,"[604, 618, 647, 818, 785]","[0.15360942482948303, 0.12387450039386749, 0.06101065129041672, 0.04631969332695007, 0.02809171751141548]"
cm-light,inpainted,903,942,108,0,0.0671706423163414,"[108, 8, 107, 113, 583]","[0.0671706423163414, 0.05670133978128433, 0.0292868223041296, 0.028819190338253975, 0.027606910094618797]"
cm-light,inpainted,904,891,997,0,0.07553806155920029,"[997, 649, 716, 514, 883]","[0.07553806155920029, 0.03714769706130028, 0.03260573744773865, 0.031557295471429825, 0.026249025017023087]"
cm-light,inpainted,905,968,406,0,0.12302916496992111,"[406, 860, 857, 892, 721]","[0.12302916496992111, 0.09237440675497055, 0.059783197939395905, 0.052737511694431305, 0.05187574401497841]"
cm-light,inpainted,906,942,849,0,0.10510339587926865,"[849, 1, 26, 124, 103]","[0.10510339587926865, 0.05974406749010086, 0.031173834577202797, 0.024668261408805847, 0.022477013990283012]"
cm-light,inpainted,907,941,258,0,0.07599901407957077,"[258, 259, 65, 6, 345]","[0.07599901407957077, 0.05625689774751663, 0.054094098508358, 0.028154952451586723, 0.023072265088558197]"
cm-light,inpainted,908,418,493,0,0.11584646999835968,"[493, 911, 958, 646, 533]","[0.11584646999835968, 0.09299976378679276, 0.058545466512441635, 0.0479847751557827, 0.032683711498975754]"
cm-light,inpainted,909,928,587,0,0.3833903968334198,"[587, 908, 813, 987, 998]","[0.3833903968334198, 0.05260556563735008, 0.04201752319931984, 0.04075144603848457, 0.03003610484302044]"
cm-light,inpainted,910,934,160,0,0.09917277097702026,"[160, 977, 137, 220, 460]","[0.09917277097702026, 0.06364492326974869, 0.044242843985557556, 0.040368229150772095, 0.030545281246304512]"
cm-light,inpainted,911,968,721,0,0.4875818192958832,"[721, 611, 411, 443, 591]","[0.4875818192958832, 0.09094657003879547, 0.05189644917845726, 0.045573942363262177, 0.044020555913448334]"
cm-light,inpainted,912,923,462,0,0.1755499243736267,"[462, 425, 658, 911, 696]","[0.1755499243736267, 0.13562160730361938, 0.09130242466926575, 0.07912798225879669, 0.063906230032444]"
cm-light,inpainted,913,194,289,0,0.24801501631736755,"[289, 96, 282, 365, 381]","[0.24801501631736755, 0.047979686409235, 0.04795852676033974, 0.04105422645807266, 0.039410874247550964]"
cm-light,inpainted,914,927,532,0,0.30722543597221375,"[532, 726, 492, 750, 831]","[0.30722543597221375, 0.12949083745479584, 0.07319138944149017, 0.0301145538687706, 0.027875393629074097]"
cm-light,inpainted,915,686,896,0,0.08604999631643295,"[896, 435, 587, 448, 532]","[0.08604999631643295, 0.05496708303689957, 0.042736999690532684, 0.04190259799361229, 0.03610759228467941]"
cm-light,inpainted,916,737,565,0,0.08470702171325684,"[565, 467, 678, 613, 415]","[0.08470702171325684, 0.06475218385457993, 0.05714366212487221, 0.05423609912395477, 0.040272969752550125]"
cm-light,inpainted,917,849,67,0,0.059544965624809265,"[67, 201, 79, 533, 911]","[0.059544965624809265, 0.04018792882561684, 0.03717527538537979, 0.026002317667007446, 0.01596398837864399]"
cm-light,inpainted,918,855,809,0,0.055502042174339294,"[809, 618, 925, 659, 816]","[0.055502042174339294, 0.04848773404955864, 0.048168156296014786, 0.043834418058395386, 0.0293374452739954]"
cm-light,inpainted,919,611,910,0,0.10751110315322876,"[910, 428, 722, 642, 463]","[0.10751110315322876, 0.059758588671684265, 0.044611796736717224, 0.04390617087483406, 0.03653258457779884]"
cm-light,inpainted,920,545,854,0,0.49858033657073975,"[854, 709, 767, 753, 562]","[0.49858033657073975, 0.09331800043582916, 0.08914109319448471, 0.04200035333633423, 0.023546405136585236]"
cm-light,inpainted,921,761,532,0,0.08093054592609406,"[532, 669, 910, 915, 997]","[0.08093054592609406, 0.07659720629453659, 0.041244931519031525, 0.03245639428496361, 0.027612967416644096]"
cm-light,inpainted,922,521,872,0,0.19197767972946167,"[872, 462, 882, 726, 947]","[0.19197767972946167, 0.1815279871225357, 0.0823659747838974, 0.03989038243889809, 0.029544616118073463]"
cm-light,inpainted,923,626,941,0,0.10367034375667572,"[941, 630, 58, 824, 440]","[0.10367034375667572, 0.03691137954592705, 0.023208603262901306, 0.017901768907904625, 0.016996437683701515]"
cm-light,inpainted,924,441,534,0,0.07073836773633957,"[534, 398, 506, 543, 918]","[0.07073836773633957, 0.04893288388848305, 0.04763169214129448, 0.03600805997848511, 0.030797285959124565]"
cm-light,inpainted,925,438,309,0,0.13457608222961426,"[309, 16, 94, 13, 70]","[0.13457608222961426, 0.11332950741052628, 0.07464853674173355, 0.06235569715499878, 0.050477296113967896]"
cm-light,inpainted,926,426,434,0,0.11366801708936691,"[434, 446, 939, 785, 709]","[0.11366801708936691, 0.08783608675003052, 0.06579858809709549, 0.05751777067780495, 0.0508863627910614]"
cm-light,inpainted,927,710,740,0,0.05953148379921913,"[740, 558, 525, 695, 583]","[0.05953148379921913, 0.05179905146360397, 0.05064760148525238, 0.0497962087392807, 0.046385347843170166]"
cm-light,inpainted,928,613,721,0,0.14226648211479187,"[721, 619, 700, 961, 549]","[0.14226648211479187, 0.12147153913974762, 0.11774150282144547, 0.05756136029958725, 0.03335140272974968]"
cm-light,inpainted,929,574,492,0,0.0709192156791687,"[492, 659, 526, 876, 435]","[0.0709192156791687, 0.06594382971525192, 0.03771795332431793, 0.03332304209470749, 0.03279801458120346]"
cm-light,inpainted,930,882,435,0,0.12448635697364807,"[435, 642, 876, 831, 731]","[0.12448635697364807, 0.07477334886789322, 0.03108537383377552, 0.02750403806567192, 0.020948637276887894]"
cm-light,inpainted,931,647,530,0,0.45613762736320496,"[530, 881, 542, 878, 492]","[0.45613762736320496, 0.14543400704860687, 0.02018112502992153, 0.02003977820277214, 0.01867198571562767]"
cm-light,inpainted,932,737,839,0,0.2012632191181183,"[839, 525, 449, 821, 853]","[0.2012632191181183, 0.15435095131397247, 0.06605806201696396, 0.057978175580501556, 0.045958083122968674]"
cm-light,inpainted,933,963,79,0,0.16225047409534454,"[79, 549, 317, 318, 314]","[0.16225047409534454, 0.03514884412288666, 0.026690352708101273, 0.026512453332543373, 0.01797494664788246]"
cm-light,inpainted,934,662,884,0,0.10056892782449722,"[884, 975, 525, 879, 283]","[0.10056892782449722, 0.06148874759674072, 0.058679383248090744, 0.054184816777706146, 0.04242697358131409]"
cm-light,inpainted,935,891,789,0,0.5024265646934509,"[789, 760, 70, 421, 556]","[0.5024265646934509, 0.05362672358751297, 0.04611842334270477, 0.02741187997162342, 0.02726883813738823]"
cm-light,inpainted,936,891,736,0,0.6228312849998474,"[736, 492, 532, 831, 520]","[0.6228312849998474, 0.06348596513271332, 0.037750352174043655, 0.022884955629706383, 0.02125471457839012]"
cm-light,inpainted,937,710,549,0,0.2275061309337616,"[549, 769, 815, 748, 512]","[0.2275061309337616, 0.13244271278381348, 0.04549822956323624, 0.04163509979844093, 0.029299136251211166]"
cm-light,inpainted,938,188,782,0,0.22879301011562347,"[782, 532, 539, 851, 664]","[0.22879301011562347, 0.07674789428710938, 0.07393770664930344, 0.06313537061214447, 0.0571061447262764]"
cm-light,inpainted,939,503,478,0,0.20570982992649078,"[478, 549, 999, 591, 434]","[0.20570982992649078, 0.18268680572509766, 0.18050126731395721, 0.025512659922242165, 0.02061840519309044]"
cm-light,inpainted,940,849,909,0,0.2595164477825165,"[909, 492, 1, 968, 499]","[0.2595164477825165, 0.04439491778612137, 0.037570517510175705, 0.031411390751600266, 0.028062451630830765]"
cm-light,inpainted,941,968,619,0,0.06332317739725113,"[619, 831, 789, 749, 434]","[0.06332317739725113, 0.05713915824890137, 0.04642083868384361, 0.03774973377585411, 0.03248419985175133]"
cm-light,inpainted,942,438,435,0,0.17698219418525696,"[435, 729, 905, 760, 876]","[0.17698219418525696, 0.0758635625243187, 0.07291436195373535, 0.058860089629888535, 0.052300672978162766]"
cm-light,inpainted,943,530,868,0,0.21190392971038818,"[868, 910, 798, 492, 716]","[0.21190392971038818, 0.08803857862949371, 0.05619226023554802, 0.0460050031542778, 0.027554385364055634]"
cm-light,inpainted,944,613,421,0,0.05147819221019745,"[421, 704, 190, 700, 750]","[0.05147819221019745, 0.04813608154654503, 0.04495108500123024, 0.04212908446788788, 0.035012196749448776]"
cm-light,inpainted,945,786,799,0,0.10873142629861832,"[799, 789, 894, 831, 421]","[0.10873142629861832, 0.0856318324804306, 0.07858145982027054, 0.052333083003759384, 0.03804244101047516]"
cm-light,inpainted,946,466,835,0,0.24463002383708954,"[835, 506, 807, 489, 755]","[0.24463002383708954, 0.15661069750785828, 0.10410238802433014, 0.06915844231843948, 0.04448195546865463]"
cm-light,inpainted,947,466,466,1,0.2600177824497223,"[466, 421, 640, 791, 912]","[0.2600177824497223, 0.13019008934497833, 0.04457547888159752, 0.039177894592285156, 0.036838430911302567]"
cm-light,inpainted,948,466,839,0,0.15063104033470154,"[839, 525, 718, 912, 576]","[0.15063104033470154, 0.07053376734256744, 0.03675592690706253, 0.03177420422434807, 0.026073887944221497]"
cm-light,inpainted,949,547,705,0,0.8316669464111328,"[705, 466, 829, 547, 421]","[0.8316669464111328, 0.12907221913337708, 0.023083316162228584, 0.006087263114750385, 0.001160615123808384]"
cm-light,inpainted,950,547,547,1,0.47874733805656433,"[547, 634, 565, 853, 410]","[0.47874733805656433, 0.14211009442806244, 0.1142144724726677, 0.02575867809355259, 0.02407061867415905]"
cm-light,inpainted,951,547,703,0,0.05863148346543312,"[703, 839, 425, 820, 863]","[0.05863148346543312, 0.05745340511202812, 0.05111035332083702, 0.036826856434345245, 0.03570660948753357]"
cm-light,inpainted,952,466,466,1,0.8638582825660706,"[466, 525, 821, 576, 536]","[0.8638582825660706, 0.021701017394661903, 0.020891966298222542, 0.01439595501869917, 0.012255837209522724]"
cm-light,inpainted,953,466,466,1,0.5977744460105896,"[466, 705, 547, 580, 829]","[0.5977744460105896, 0.2373305857181549, 0.13646605610847473, 0.008618202060461044, 0.004494654946029186]"
cm-light,inpainted,954,829,833,0,0.17531277239322662,"[833, 718, 821, 627, 829]","[0.17531277239322662, 0.17341214418411255, 0.10335476696491241, 0.08661892265081406, 0.048943892121315]"
cm-light,inpainted,955,547,547,1,0.34847068786621094,"[547, 718, 628, 829, 705]","[0.34847068786621094, 0.16794981062412262, 0.10036883503198624, 0.07971633970737457, 0.04564894363284111]"
cm-light,inpainted,956,829,829,1,0.9168198108673096,"[829, 839, 874, 833, 510]","[0.9168198108673096, 0.028241707012057304, 0.017865357920527458, 0.014860591851174831, 0.004513065330684185]"
cm-light,inpainted,957,829,536,0,0.12588410079479218,"[536, 576, 743, 483, 913]","[0.12588410079479218, 0.12266018241643906, 0.06782329827547073, 0.06750747561454773, 0.05317939817905426]"
cm-light,inpainted,958,829,536,0,0.6412658095359802,"[536, 554, 718, 403, 839]","[0.6412658095359802, 0.0542367622256279, 0.03959227353334427, 0.03405001387000084, 0.032148994505405426]"
cm-light,inpainted,959,820,525,0,0.26342278718948364,"[525, 547, 839, 705, 912]","[0.26342278718948364, 0.1729690581560135, 0.17238740622997284, 0.10950246453285217, 0.041954346001148224]"
cm-light,inpainted,960,820,372,0,0.129505917429924,"[372, 336, 48, 23, 825]","[0.129505917429924, 0.08342716842889786, 0.02511044219136238, 0.024938754737377167, 0.0220000222325325]"
cm-light,inpainted,961,829,873,0,0.15070153772830963,"[873, 829, 825, 839, 497]","[0.15070153772830963, 0.14524483680725098, 0.05746004730463028, 0.047137703746557236, 0.039814695715904236]"
cm-light,inpainted,962,820,920,0,0.10486835986375809,"[920, 475, 410, 328, 497]","[0.10486835986375809, 0.0928926169872284, 0.03624117374420166, 0.030354751273989677, 0.02914336882531643]"
cm-light,inpainted,963,829,791,0,0.13251738250255585,"[791, 829, 510, 624, 736]","[0.13251738250255585, 0.10655039548873901, 0.07928989082574844, 0.06209525465965271, 0.04674866050481796]"
cm-light,inpainted,964,829,829,1,0.337727427482605,"[829, 698, 743, 519, 562]","[0.337727427482605, 0.06427893787622452, 0.04426282271742821, 0.03846357762813568, 0.02855008840560913]"
cm-light,inpainted,965,829,839,0,0.17287349700927734,"[839, 437, 703, 497, 873]","[0.17287349700927734, 0.1360897570848465, 0.13301943242549896, 0.11158667504787445, 0.06574460119009018]"
cm-light,inpainted,966,820,912,0,0.0607185885310173,"[912, 646, 580, 825, 387]","[0.0607185885310173, 0.04940387234091759, 0.04053879901766777, 0.03645189851522446, 0.02889993041753769]"
cm-light,inpainted,967,829,698,0,0.2893391251564026,"[698, 682, 663, 498, 829]","[0.2893391251564026, 0.06611701846122742, 0.06310132890939713, 0.061536211520433426, 0.059773679822683334]"
cm-light,inpainted,968,102,318,0,0.4117968678474426,"[318, 44, 41, 308, 79]","[0.4117968678474426, 0.15355034172534943, 0.07107239961624146, 0.028017999604344368, 0.027469035238027573]"
cm-light,inpainted,969,850,402,0,0.09595214575529099,"[402, 721, 608, 496, 775]","[0.09595214575529099, 0.061635494232177734, 0.047454752027988434, 0.0407312735915184, 0.03237967938184738]"
cm-light,inpainted,970,850,425,0,0.12055108696222305,"[425, 497, 681, 620, 539]","[0.12055108696222305, 0.08569598942995071, 0.058083631098270416, 0.054081991314888, 0.042907536029815674]"
cm-light,inpainted,971,539,777,0,0.096399687230587,"[777, 542, 623, 473, 904]","[0.096399687230587, 0.061768148094415665, 0.059037353843450546, 0.05857819691300392, 0.05310380458831787]"
cm-light,inpainted,972,374,37,0,0.08240104466676712,"[37, 977, 704, 318, 104]","[0.08240104466676712, 0.07157529890537262, 0.050192393362522125, 0.04443902149796486, 0.04029114171862602]"
cm-light,inpainted,973,601,750,0,0.16606466472148895,"[750, 706, 741, 884, 646]","[0.16606466472148895, 0.10818005353212357, 0.10045374929904938, 0.09276704490184784, 0.06588496267795563]"
cm-light,inpainted,974,929,534,0,0.14124010503292084,"[534, 897, 861, 261, 834]","[0.14124010503292084, 0.1331109255552292, 0.056562650948762894, 0.05541802570223808, 0.047882333397865295]"
cm-light,inpainted,975,203,519,0,0.15365228056907654,"[519, 259, 382, 261, 492]","[0.15365228056907654, 0.07716696709394455, 0.04509371146559715, 0.03440540283918381, 0.029370658099651337]"
cm-light,inpainted,976,532,910,0,0.3029109239578247,"[910, 618, 587, 940, 726]","[0.3029109239578247, 0.06489250808954239, 0.05593235418200493, 0.04752405360341072, 0.043060287833213806]"
cm-light,inpainted,977,153,977,0,0.3170216381549835,"[977, 979, 706, 976, 460]","[0.3170216381549835, 0.10517323017120361, 0.056450385600328445, 0.05380341783165932, 0.04246138408780098]"
cm-light,inpainted,978,733,736,0,0.2750265300273895,"[736, 587, 868, 598, 1]","[0.2750265300273895, 0.031633857637643814, 0.027749845758080482, 0.023810019716620445, 0.02144346944987774]"
cm-light,inpainted,979,363,539,0,0.24853628873825073,"[539, 706, 835, 693, 853]","[0.24853628873825073, 0.13889744877815247, 0.07571738958358765, 0.037105415016412735, 0.036614786833524704]"
cm-light,inpainted,980,674,915,0,0.06390684098005295,"[915, 717, 581, 539, 660]","[0.06390684098005295, 0.05115019530057907, 0.05093006417155266, 0.04843546822667122, 0.04417438805103302]"
cm-light,inpainted,981,778,549,0,0.33659398555755615,"[549, 879, 733, 313, 456]","[0.33659398555755615, 0.2678552269935608, 0.06832923740148544, 0.046226996928453445, 0.03273530304431915]"
cm-light,inpainted,982,765,706,0,0.10228754580020905,"[706, 831, 539, 532, 184]","[0.10228754580020905, 0.10140562057495117, 0.04462656378746033, 0.025807423517107964, 0.024603914469480515]"
cm-light,inpainted,983,161,831,0,0.08277972042560577,"[831, 608, 427, 637, 492]","[0.08277972042560577, 0.07216733694076538, 0.06296762824058533, 0.04552320018410683, 0.045050375163555145]"
cm-light,inpainted,984,539,879,0,0.10378144681453705,"[879, 492, 421, 462, 704]","[0.10378144681453705, 0.057704050093889236, 0.04016071557998657, 0.032598283141851425, 0.031831178814172745]"
cm-light,inpainted,985,999,658,0,0.1742376983165741,"[658, 958, 162, 209, 806]","[0.1742376983165741, 0.07636523246765137, 0.04636892303824425, 0.03354548662900925, 0.01913776434957981]"
cm-light,inpainted,986,715,871,0,0.14312292635440826,"[871, 484, 913, 792, 672]","[0.14312292635440826, 0.1368371546268463, 0.08130421489477158, 0.04114709421992302, 0.03670760989189148]"
cm-light,inpainted,987,153,539,0,0.13424690067768097,"[539, 217, 428, 192, 171]","[0.13424690067768097, 0.05130763351917267, 0.028861893340945244, 0.026794396340847015, 0.026445459574460983]"
cm-light,inpainted,988,161,868,0,0.24394026398658752,"[868, 492, 905, 709, 911]","[0.24394026398658752, 0.11153119802474976, 0.04255927354097366, 0.033295128494501114, 0.026832008734345436]"
cm-light,inpainted,989,543,79,0,0.05889464169740677,"[79, 549, 6, 673, 616]","[0.05889464169740677, 0.057862527668476105, 0.05035734176635742, 0.05004645511507988, 0.03522803634405136]"
cm-light,inpainted,990,161,630,0,0.1843942254781723,"[630, 492, 539, 736, 681]","[0.1843942254781723, 0.06664706766605377, 0.062151823192834854, 0.047410737723112106, 0.03632655367255211]"
cm-light,inpainted,991,849,608,0,0.24249990284442902,"[608, 70, 825, 853, 434]","[0.24249990284442902, 0.1480676829814911, 0.06753488630056381, 0.06513287872076035, 0.04989995062351227]"
cm-light,inpainted,992,422,422,1,0.3794389069080353,"[422, 877, 423, 532, 706]","[0.3794389069080353, 0.08531731367111206, 0.05708078294992447, 0.03846319019794464, 0.03673187270760536]"
cm-light,inpainted,993,157,751,0,0.10681895911693573,"[751, 492, 741, 872, 879]","[0.10681895911693573, 0.06270355731248856, 0.059508807957172394, 0.05433272570371628, 0.050784844905138016]"
cm-light,inpainted,994,193,703,0,0.4476039707660675,"[703, 449, 807, 660, 975]","[0.4476039707660675, 0.05949033796787262, 0.04161948338150978, 0.02824963442981243, 0.025151794776320457]"
cm-light,inpainted,995,728,741,0,0.29758962988853455,"[741, 202, 282, 191, 887]","[0.29758962988853455, 0.10954394936561584, 0.04435938224196434, 0.029053619131445885, 0.027575179934501648]"
cm-light,inpainted,996,201,640,0,0.6644554734230042,"[640, 500, 458, 815, 539]","[0.6644554734230042, 0.05188633129000664, 0.05058307573199272, 0.028900939971208572, 0.02321518585085869]"
cm-light,inpainted,997,174,630,0,0.22186210751533508,"[630, 785, 882, 726, 583]","[0.22186210751533508, 0.15048621594905853, 0.03896535187959671, 0.035907793790102005, 0.03415067866444588]"
cm-light,inpainted,998,171,640,0,0.23349617421627045,"[640, 67, 50, 54, 539]","[0.23349617421627045, 0.13012203574180603, 0.033017292618751526, 0.028618495911359787, 0.025780310854315758]"
cm-light,inpainted,999,161,706,0,0.09623308479785919,"[706, 184, 259, 882, 359]","[0.09623308479785919, 0.06851868331432343, 0.06558699905872345, 0.045796409249305725, 0.04407241567969322]"
cm-light,inpainted,1000,882,853,0,0.5665495991706848,"[853, 891, 884, 532, 493]","[0.5665495991706848, 0.33291253447532654, 0.04097271338105202, 0.004471342545002699, 0.003931073471903801]"
cm-light,inpainted,1001,199,831,0,0.12370964884757996,"[831, 750, 882, 961, 419]","[0.12370964884757996, 0.10179796814918518, 0.07328183948993683, 0.06904054433107376, 0.0341070219874382]"
cm-light,inpainted,1002,226,726,0,0.3802735209465027,"[726, 516, 492, 185, 981]","[0.3802735209465027, 0.0511033870279789, 0.030467739328742027, 0.025159185752272606, 0.016288449987769127]"
cm-light,inpainted,1003,559,766,0,0.062278542667627335,"[766, 811, 492, 532, 495]","[0.062278542667627335, 0.056587059050798416, 0.05095842853188515, 0.04138152301311493, 0.03966132178902626]"
cm-light,inpainted,1004,532,534,0,0.12081902474164963,"[534, 736, 831, 893, 421]","[0.12081902474164963, 0.11071539670228958, 0.1004023477435112, 0.08439081162214279, 0.0336453951895237]"
cm-light,inpainted,1005,882,532,0,0.1866132616996765,"[532, 905, 741, 881, 421]","[0.1866132616996765, 0.15804453194141388, 0.05219487473368645, 0.039394062012434006, 0.0383516401052475]"
cm-light,inpainted,1006,174,974,0,0.05777972191572189,"[974, 721, 879, 178, 99]","[0.05777972191572189, 0.02808990329504013, 0.02540413849055767, 0.023979414254426956, 0.023962531238794327]"
cm-light,inpainted,1007,86,49,0,0.06585963070392609,"[49, 336, 825, 41, 23]","[0.06585963070392609, 0.05190710723400116, 0.04926314577460289, 0.048649806529283524, 0.045685965567827225]"
cm-light,inpainted,1008,178,519,0,0.09573809057474136,"[519, 478, 549, 831, 637]","[0.09573809057474136, 0.07255569845438004, 0.05673651769757271, 0.04682238772511482, 0.040086641907691956]"
cm-light,inpainted,1009,252,283,0,0.12048250436782837,"[283, 954, 562, 425, 408]","[0.12048250436782837, 0.053313788026571274, 0.048817411065101624, 0.035848118364810944, 0.024098016321659088]"
cm-light,inpainted,1010,156,266,0,0.09104932099580765,"[266, 202, 170, 192, 230]","[0.09104932099580765, 0.07180692255496979, 0.034330375492572784, 0.03307733312249184, 0.03245479241013527]"
cm-light,inpainted,1011,208,313,0,0.11401527374982834,"[313, 539, 915, 900, 258]","[0.11401527374982834, 0.07045658677816391, 0.05670137330889702, 0.04824601486325264, 0.04196228086948395]"
cm-light,inpainted,1012,543,549,0,0.20634140074253082,"[549, 532, 882, 831, 553]","[0.20634140074253082, 0.09744563698768616, 0.08740770071744919, 0.0500248484313488, 0.045551054179668427]"
cm-light,inpainted,1013,444,564,0,0.21187470853328705,"[564, 915, 425, 462, 579]","[0.21187470853328705, 0.2106131911277771, 0.035087402909994125, 0.029619794338941574, 0.026101315394043922]"
cm-light,inpainted,1014,823,884,0,0.420907199382782,"[884, 894, 892, 651, 799]","[0.420907199382782, 0.09738294035196304, 0.02714494615793228, 0.026058653369545937, 0.024721991270780563]"
cm-light,inpainted,1015,841,799,0,0.10249172896146774,"[799, 580, 562, 743, 716]","[0.10249172896146774, 0.09979674220085144, 0.09814997762441635, 0.07665332406759262, 0.04807930439710617]"
cm-light,inpainted,1016,581,471,0,0.31350332498550415,"[471, 657, 764, 634, 586]","[0.31350332498550415, 0.10457104444503784, 0.08849287778139114, 0.07911109179258347, 0.06055300310254097]"
cm-light,inpainted,1017,601,819,0,0.1381203532218933,"[819, 762, 406, 519, 854]","[0.1381203532218933, 0.13099251687526703, 0.12147510796785355, 0.046004410833120346, 0.038044363260269165]"
cm-light,inpainted,1018,857,857,1,0.2907933294773102,"[857, 741, 453, 493, 564]","[0.2907933294773102, 0.07371285557746887, 0.03474097698926926, 0.03262797370553017, 0.027622951194643974]"
cm-light,inpainted,1019,822,881,0,0.11989638209342957,"[881, 421, 525, 492, 831]","[0.11989638209342957, 0.11758836358785629, 0.08575548976659775, 0.060770899057388306, 0.053609732538461685]"
cm-light,inpainted,1020,543,743,0,0.077326700091362,"[743, 736, 454, 204, 407]","[0.077326700091362, 0.056845810264348984, 0.042854443192481995, 0.031792886555194855, 0.030425500124692917]"
cm-light,inpainted,1021,559,706,0,0.1402706354856491,"[706, 532, 840, 789, 435]","[0.1402706354856491, 0.10292509943246841, 0.08287696540355682, 0.07234146445989609, 0.057185567915439606]"
cm-light,inpainted,1022,863,651,0,0.2698431611061096,"[651, 579, 415, 562, 804]","[0.2698431611061096, 0.04666726663708687, 0.04409683495759964, 0.039871957153081894, 0.03776862844824791]"
cm-light,inpainted,1023,486,78,0,0.1045447587966919,"[78, 153, 532, 259, 6]","[0.1045447587966919, 0.04182087630033493, 0.03541133180260658, 0.03402986004948616, 0.029433036223053932]"
cm-light,inpainted,1024,450,627,0,0.27253228425979614,"[627, 487, 736, 681, 860]","[0.27253228425979614, 0.061879877001047134, 0.04408552125096321, 0.041706740856170654, 0.031738921999931335]"
cm-light,inpainted,1025,615,497,0,0.24980027973651886,"[497, 583, 424, 877, 598]","[0.24980027973651886, 0.1843113750219345, 0.044517677277326584, 0.03480092063546181, 0.0316297747194767]"
cm-light,inpainted,1026,579,854,0,0.3488233983516693,"[854, 462, 532, 596, 425]","[0.3488233983516693, 0.27137649059295654, 0.053137779235839844, 0.04881636053323746, 0.03417522460222244]"
cm-light,inpainted,1027,790,487,0,0.285937637090683,"[487, 538, 509, 531, 398]","[0.285937637090683, 0.13477067649364471, 0.09309384971857071, 0.07084827870130539, 0.06694813072681427]"
cm-light,inpainted,1028,160,819,0,0.19022762775421143,"[819, 736, 582, 866, 498]","[0.19022762775421143, 0.15588313341140747, 0.1021474301815033, 0.04234723374247551, 0.041257958859205246]"
cm-light,inpainted,1029,422,422,1,0.21087051928043365,"[422, 519, 675, 561, 523]","[0.21087051928043365, 0.18513157963752747, 0.1769426017999649, 0.06147635355591774, 0.03547001630067825]"
cm-light,inpainted,1030,882,421,0,0.873428225517273,"[421, 657, 744, 723, 523]","[0.873428225517273, 0.09039240330457687, 0.012283140793442726, 0.003637623740360141, 0.002361076883971691]"
cm-light,inpainted,1031,608,706,0,0.15267057716846466,"[706, 799, 454, 877, 579]","[0.15267057716846466, 0.13370144367218018, 0.08790291100740433, 0.06039818748831749, 0.0449768491089344]"
cm-light,inpainted,1032,489,497,0,0.2869800925254822,"[497, 857, 406, 915, 863]","[0.2869800925254822, 0.25905582308769226, 0.17057497799396515, 0.05852961540222168, 0.01814410090446472]"
cm-light,inpainted,1033,212,921,0,0.18713711202144623,"[921, 549, 111, 798, 662]","[0.18713711202144623, 0.17278723418712616, 0.10211319476366043, 0.03707140311598778, 0.01985446736216545]"
cm-light,inpainted,1034,145,972,0,0.16942651569843292,"[972, 976, 500, 349, 525]","[0.16942651569843292, 0.114970363676548, 0.0914175882935524, 0.07207819819450378, 0.05393802002072334]"
cm-light,inpainted,1035,103,777,0,0.46661293506622314,"[777, 876, 587, 435, 492]","[0.46661293506622314, 0.07486890256404877, 0.07069097459316254, 0.0652075931429863, 0.03354532644152641]"
cm-light,inpainted,1036,148,148,1,0.6718826293945312,"[148, 977, 842, 814, 472]","[0.6718826293945312, 0.05637741833925247, 0.025269797071814537, 0.014238975942134857, 0.012996098026633263]"
cm-light,inpainted,1037,149,977,0,0.17118313908576965,"[977, 149, 6, 109, 3]","[0.17118313908576965, 0.11500219255685806, 0.07984283566474915, 0.0680481344461441, 0.049465883523225784]"
cm-light,inpainted,1038,103,103,1,0.2902373969554901,"[103, 395, 76, 544, 79]","[0.2902373969554901, 0.08882283419370651, 0.06633353233337402, 0.04849701002240181, 0.013665976002812386]"
cm-light,inpainted,1039,148,148,1,0.749841570854187,"[148, 3, 977, 433, 462]","[0.749841570854187, 0.019152749329805374, 0.016988571733236313, 0.012907212600111961, 0.011455836705863476]"
cm-light,inpainted,1040,148,148,1,0.45827949047088623,"[148, 562, 433, 150, 525]","[0.45827949047088623, 0.1843903660774231, 0.052405308932065964, 0.04639878869056702, 0.037255458533763885]"
cm-light,inpainted,1041,148,6,0,0.12302055209875107,"[6, 973, 150, 148, 65]","[0.12302055209875107, 0.11340125650167465, 0.08119213581085205, 0.06658244132995605, 0.05535164847970009]"
cm-light,inpainted,1042,983,6,0,0.26747894287109375,"[6, 65, 107, 5, 149]","[0.26747894287109375, 0.2605060040950775, 0.06413277238607407, 0.057168956845998764, 0.05008817836642265]"
cm-light,inpainted,1043,842,475,0,0.1361781805753708,"[475, 472, 706, 646, 937]","[0.1361781805753708, 0.06962890177965164, 0.05938306823372841, 0.046322572976350784, 0.03887356445193291]"
cm-light,inpainted,1044,1,824,0,0.10717541724443436,"[824, 980, 1, 329, 309]","[0.10717541724443436, 0.0855805054306984, 0.049889326095581055, 0.03895777091383934, 0.024972200393676758]"
cm-light,inpainted,1045,36,395,0,0.23434653878211975,"[395, 36, 390, 394, 5]","[0.23434653878211975, 0.09133286774158478, 0.06652482599020004, 0.06335892528295517, 0.06320340186357498]"
cm-light,inpainted,1046,155,472,0,0.08666043728590012,"[472, 425, 694, 562, 646]","[0.08666043728590012, 0.06357736140489578, 0.05818883329629898, 0.051558516919612885, 0.041247520595788956]"
cm-light,inpainted,1047,148,876,0,0.10737785696983337,"[876, 148, 84, 977, 703]","[0.10737785696983337, 0.09344206750392914, 0.08419355750083923, 0.04301494359970093, 0.0340026430785656]"
cm-light,inpainted,1048,148,913,0,0.35271239280700684,"[913, 983, 3, 395, 5]","[0.35271239280700684, 0.22705078125, 0.05092500522732735, 0.042831774801015854, 0.039066560566425323]"
cm-light,inpainted,1049,822,736,0,0.1135217621922493,"[736, 706, 799, 876, 646]","[0.1135217621922493, 0.088419109582901, 0.043925099074840546, 0.035623740404844284, 0.02945336140692234]"
cm-light,inpainted,1050,842,646,0,0.14310584962368011,"[646, 539, 344, 562, 765]","[0.14310584962368011, 0.06379739195108414, 0.06007891520857811, 0.0587150976061821, 0.03948943316936493]"
cm-light,inpainted,1051,150,449,0,0.07742217183113098,"[449, 766, 904, 347, 914]","[0.07742217183113098, 0.063640296459198, 0.050027478486299515, 0.03257281333208084, 0.02906746044754982]"
cm-light,inpainted,1052,148,147,0,0.3439929485321045,"[147, 150, 148, 977, 149]","[0.3439929485321045, 0.15888826549053192, 0.1478216052055359, 0.08619818091392517, 0.01981874369084835]"
cm-light,inpainted,1053,420,887,0,0.16372059285640717,"[887, 467, 614, 652, 159]","[0.16372059285640717, 0.15220800042152405, 0.07151290774345398, 0.04439293220639229, 0.029617100954055786]"
cm-light,inpainted,1054,932,793,0,0.08690498769283295,"[793, 808, 420, 515, 903]","[0.08690498769283295, 0.0798901617527008, 0.055167119950056076, 0.04481276124715805, 0.04473171383142471]"
cm-light,inpainted,1055,862,424,0,0.1388600766658783,"[424, 921, 932, 577, 430]","[0.1388600766658783, 0.13169017434120178, 0.12312953919172287, 0.04517336189746857, 0.036416225135326385]"
cm-light,inpainted,1056,964,785,0,0.10580027848482132,"[785, 99, 474, 395, 265]","[0.10580027848482132, 0.03982469439506531, 0.0369495153427124, 0.03347063437104225, 0.03275105729699135]"
cm-light,inpainted,1057,76,61,0,0.1391623616218567,"[61, 395, 697, 797, 0]","[0.1391623616218567, 0.07017799466848373, 0.061740852892398834, 0.05473390966653824, 0.046843234449625015]"
cm-light,inpainted,1058,563,816,0,0.7856934070587158,"[816, 911, 529, 961, 112]","[0.7856934070587158, 0.09718867391347885, 0.010520558804273605, 0.010316059924662113, 0.007999270223081112]"
cm-light,inpainted,1059,329,112,0,0.8514247536659241,"[112, 44, 961, 934, 591]","[0.8514247536659241, 0.014959766529500484, 0.01480009499937296, 0.012014126405119896, 0.007071502041071653]"
cm-light,inpainted,1060,928,785,0,0.23822030425071716,"[785, 837, 184, 230, 242]","[0.23822030425071716, 0.07893069088459015, 0.04478238523006439, 0.04143637418746948, 0.03698832541704178]"
cm-light,inpainted,1061,420,542,0,0.041223589330911636,"[542, 932, 850, 796, 420]","[0.041223589330911636, 0.04107542708516121, 0.03292318806052208, 0.028823815286159515, 0.028601842001080513]"
cm-light,inpainted,1062,45,514,0,0.08437874913215637,"[514, 608, 728, 178, 434]","[0.08437874913215637, 0.04965433105826378, 0.027481388300657272, 0.026965225115418434, 0.019849859178066254]"
cm-light,inpainted,1063,963,929,0,0.09635282307863235,"[929, 607, 953, 987, 797]","[0.09635282307863235, 0.09449847042560577, 0.08772046118974686, 0.07957524061203003, 0.04053930938243866]"
cm-light,inpainted,1064,17,129,0,0.10480530560016632,"[129, 115, 22, 125, 173]","[0.10480530560016632, 0.09672479331493378, 0.04531626030802727, 0.04218848794698715, 0.0390404611825943]"
cm-light,inpainted,1065,420,0,0,0.14334599673748016,"[0, 793, 652, 841, 610]","[0.14334599673748016, 0.1380741000175476, 0.06798264384269714, 0.05220952257514, 0.04525158181786537]"
cm-light,inpainted,1066,737,424,0,0.14676250517368317,"[424, 589, 929, 794, 823]","[0.14676250517368317, 0.07288414984941483, 0.07191647589206696, 0.055385295301675797, 0.04428005591034889]"
cm-light,inpainted,1067,420,243,0,0.268894761800766,"[243, 51, 816, 159, 427]","[0.268894761800766, 0.07673870772123337, 0.07363080233335495, 0.058748405426740646, 0.03550374135375023]"
cm-light,inpainted,1068,513,890,0,0.3647800087928772,"[890, 445, 639, 638, 433]","[0.3647800087928772, 0.17148970067501068, 0.15030008554458618, 0.07360067218542099, 0.03754303604364395]"
cm-light,inpainted,1069,27,130,0,0.062350593507289886,"[130, 842, 522, 929, 616]","[0.062350593507289886, 0.059285927563905716, 0.05916266143321991, 0.04539826139807701, 0.03894539922475815]"
cm-light,inpainted,1070,420,434,0,0.7892417311668396,"[434, 529, 700, 178, 496]","[0.7892417311668396, 0.015635862946510315, 0.01514236070215702, 0.009630757384002209, 0.008995579555630684]"
cm-light,inpainted,1071,186,283,0,0.09931239485740662,"[283, 750, 333, 192, 721]","[0.09931239485740662, 0.08259773999452591, 0.06972981244325638, 0.06342823058366776, 0.04578809812664986]"
cm-light,inpainted,1072,305,376,0,0.1556975096464157,"[376, 419, 243, 568, 178]","[0.1556975096464157, 0.08449399471282959, 0.058817680925130844, 0.05580969154834747, 0.052231624722480774]"
cm-light,inpainted,1073,27,434,0,0.239237979054451,"[434, 750, 529, 419, 956]","[0.239237979054451, 0.060710642486810684, 0.05821027606725693, 0.045567236840724945, 0.037870895117521286]"
cm-light,inpainted,1074,681,594,0,0.995278000831604,"[594, 578, 939, 696, 401]","[0.995278000831604, 0.0012928580399602652, 0.000460321141872555, 0.00037721500848419964, 0.00015833289944566786]"
cm-light,inpainted,1075,790,424,0,0.12701953947544098,"[424, 454, 594, 519, 532]","[0.12701953947544098, 0.10748656839132309, 0.07645118236541748, 0.05082528665661812, 0.04929007962346077]"
cm-light,inpainted,1076,679,929,0,0.10978981852531433,"[929, 722, 419, 629, 457]","[0.10978981852531433, 0.066664919257164, 0.04151051864027977, 0.03825518116354942, 0.03507952392101288]"
cm-light,inpainted,1077,441,457,0,0.21829639375209808,"[457, 515, 834, 667, 903]","[0.21829639375209808, 0.11154051125049591, 0.06117239221930504, 0.049723513424396515, 0.046516381204128265]"
cm-light,inpainted,1078,929,415,0,0.28261303901672363,"[415, 850, 739, 582, 929]","[0.28261303901672363, 0.11313575506210327, 0.06775575131177902, 0.05453285947442055, 0.037982743233442307]"
cm-light,inpainted,1079,87,614,0,0.11757107824087143,"[614, 524, 643, 461, 87]","[0.11757107824087143, 0.10990048944950104, 0.07766973227262497, 0.03668641299009323, 0.036534328013658524]"
cm-light,inpainted,1080,268,87,0,0.3373916745185852,"[87, 997, 363, 338, 816]","[0.3373916745185852, 0.14759580790996552, 0.08822185546159744, 0.0349578894674778, 0.03310263901948929]"
cm-light,inpainted,1081,882,285,0,0.17120714485645294,"[285, 185, 216, 642, 202]","[0.17120714485645294, 0.1146354228258133, 0.05887603759765625, 0.05578424409031868, 0.041865065693855286]"
cm-light,inpainted,1082,320,638,0,0.061239540576934814,"[638, 29, 447, 775, 125]","[0.061239540576934814, 0.05185828357934952, 0.044394299387931824, 0.03765109181404114, 0.036783359944820404]"
cm-light,inpainted,1083,621,835,0,0.18554742634296417,"[835, 649, 706, 522, 471]","[0.18554742634296417, 0.10139495879411697, 0.047047339379787445, 0.0371960774064064, 0.033316586166620255]"
cm-light,inpainted,1084,202,522,0,0.10283542424440384,"[522, 293, 277, 336, 192]","[0.10283542424440384, 0.05495272949337959, 0.04623842239379883, 0.04598790779709816, 0.03651869669556618]"
cm-light,inpainted,1085,430,412,0,0.2118498831987381,"[412, 835, 489, 877, 104]","[0.2118498831987381, 0.10362381488084793, 0.08418219536542892, 0.059992995113134384, 0.05352311581373215]"
cm-light,inpainted,1086,157,58,0,0.07301314175128937,"[58, 84, 317, 301, 318]","[0.07301314175128937, 0.03343033790588379, 0.031075909733772278, 0.02863983064889908, 0.02687465399503708]"
cm-light,inpainted,1087,733,386,0,0.10110528022050858,"[386, 9, 84, 233, 295]","[0.10110528022050858, 0.05452176555991173, 0.045565854758024216, 0.03783092275261879, 0.029286963865160942]"
cm-light,inpainted,1088,765,458,0,0.09627102315425873,"[458, 912, 825, 522, 425]","[0.09627102315425873, 0.07737737894058228, 0.07694704085588455, 0.0374973826110363, 0.035350870341062546]"
cm-light,inpainted,1089,231,825,0,0.1518079787492752,"[825, 974, 706, 646, 649]","[0.1518079787492752, 0.11837822943925858, 0.10453759133815765, 0.07268962264060974, 0.06386423110961914]"
cm-light,inpainted,1090,602,50,0,0.10049248486757278,"[50, 49, 825, 646, 972]","[0.10049248486757278, 0.07833867520093918, 0.05591220036149025, 0.052488747984170914, 0.03952137380838394]"
cm-light,inpainted,1091,208,489,0,0.1801222264766693,"[489, 74, 313, 77, 608]","[0.1801222264766693, 0.07974640280008316, 0.07517711818218231, 0.053355906158685684, 0.05032632127404213]"
cm-light,inpainted,1092,792,525,0,0.08127223700284958,"[525, 912, 256, 343, 177]","[0.08127223700284958, 0.07261290401220322, 0.05742165446281433, 0.03863983228802681, 0.03784676641225815]"
cm-light,inpainted,1093,621,703,0,0.08633718639612198,"[703, 595, 730, 621, 575]","[0.08633718639612198, 0.07293229550123215, 0.05738547071814537, 0.05607233941555023, 0.03785942867398262]"
cm-light,inpainted,1094,765,703,0,0.1440916210412979,"[703, 525, 867, 978, 975]","[0.1440916210412979, 0.07308358699083328, 0.051778774708509445, 0.04790996387600899, 0.045052338391542435]"
cm-light,inpainted,1095,177,880,0,0.1920796036720276,"[880, 805, 160, 615, 757]","[0.1920796036720276, 0.09066104888916016, 0.09065274894237518, 0.046438250690698624, 0.028744110837578773]"
cm-light,inpainted,1096,199,48,0,0.09014146029949188,"[48, 40, 979, 344, 46]","[0.09014146029949188, 0.045040156692266464, 0.0396280437707901, 0.03854205086827278, 0.03209920600056648]"
cm-light,inpainted,1097,645,557,0,0.13890904188156128,"[557, 873, 682, 888, 979]","[0.13890904188156128, 0.11802004277706146, 0.06783658266067505, 0.06226501241326332, 0.062087543308734894]"
cm-light,inpainted,1098,199,580,0,0.08860871195793152,"[580, 410, 657, 908, 703]","[0.08860871195793152, 0.08386256545782089, 0.0689060389995575, 0.046183791011571884, 0.04588788375258446]"
cm-light,inpainted,1099,170,489,0,0.20099098980426788,"[489, 49, 299, 50, 533]","[0.20099098980426788, 0.03735637664794922, 0.028827443718910217, 0.025845251977443695, 0.022304948419332504]"
cm-light,inpainted,1100,880,958,0,0.10811707377433777,"[958, 646, 741, 621, 825]","[0.10811707377433777, 0.09717502444982529, 0.05623525008559227, 0.05242311954498291, 0.03683997690677643]"
cm-light,inpainted,1101,188,649,0,0.9305464029312134,"[649, 913, 660, 888, 654]","[0.9305464029312134, 0.011346428655087948, 0.002913781674578786, 0.002168426988646388, 0.0020452893804758787]"
cm-light,inpainted,1102,621,436,0,0.34276652336120605,"[436, 511, 479, 468, 581]","[0.34276652336120605, 0.15510773658752441, 0.07109561562538147, 0.06472588330507278, 0.058787088841199875]"
cm-light,inpainted,1103,170,573,0,0.06065622344613075,"[573, 805, 751, 977, 820]","[0.06065622344613075, 0.04685118421912193, 0.04217639937996864, 0.0392846018075943, 0.03659031167626381]"
cm-light,inpainted,1104,250,192,0,0.09299896657466888,"[192, 363, 203, 266, 293]","[0.09299896657466888, 0.07382125407457352, 0.05709068104624748, 0.024431008845567703, 0.02346908301115036]"
cm-light,inpainted,1105,354,730,0,0.3311539590358734,"[730, 912, 428, 421, 792]","[0.3311539590358734, 0.1952245831489563, 0.17695634067058563, 0.03365175798535347, 0.021304750815033913]"
cm-light,inpainted,1106,522,981,0,0.18604423105716705,"[981, 49, 621, 293, 805]","[0.18604423105716705, 0.1522398591041565, 0.06954023987054825, 0.04894885793328285, 0.03584641218185425]"
cm-light,inpainted,1107,267,962,0,0.17391610145568848,"[962, 824, 119, 580, 329]","[0.17391610145568848, 0.05524296686053276, 0.046597741544246674, 0.0455605648458004, 0.02666882611811161]"
cm-light,inpainted,1108,945,109,0,0.4338608682155609,"[109, 955, 984, 390, 317]","[0.4338608682155609, 0.18555989861488342, 0.029789969325065613, 0.017034826800227165, 0.014478704892098904]"
cm-light,inpainted,1109,340,522,0,0.13163413107395172,"[522, 213, 428, 792, 646]","[0.13163413107395172, 0.0583118312060833, 0.04654325544834137, 0.044175583869218826, 0.024508263915777206]"
cm-light,inpainted,1110,772,772,1,0.08222232758998871,"[772, 853, 708, 51, 706]","[0.08222232758998871, 0.06791472434997559, 0.06759091466665268, 0.06536155939102173, 0.04851429909467697]"
cm-light,inpainted,1111,137,17,0,0.09780280292034149,"[17, 18, 912, 395, 621]","[0.09780280292034149, 0.09178780764341354, 0.052229758352041245, 0.04576545208692551, 0.044748976826667786]"
cm-light,inpainted,1112,212,646,0,0.4334210157394409,"[646, 522, 104, 621, 573]","[0.4334210157394409, 0.2697019875049591, 0.042379993945360184, 0.026470564305782318, 0.015062234364449978]"
cm-light,inpainted,1113,727,958,0,0.14234578609466553,"[958, 984, 977, 853, 202]","[0.14234578609466553, 0.07940194010734558, 0.05899914354085922, 0.05728190392255783, 0.0558026097714901]"
cm-light,inpainted,1114,491,649,0,0.40982022881507874,"[649, 730, 866, 425, 703]","[0.40982022881507874, 0.08640178292989731, 0.04771462082862854, 0.03148370608687401, 0.016587939113378525]"
cm-light,inpainted,1115,707,583,0,0.2802870571613312,"[583, 843, 561, 888, 821]","[0.2802870571613312, 0.2084820419549942, 0.06614506989717484, 0.0367438942193985, 0.019872458651661873]"
cm-light,inpainted,1116,929,703,0,0.37653297185897827,"[703, 14, 410, 580, 912]","[0.37653297185897827, 0.3089069426059723, 0.04229726642370224, 0.03417147696018219, 0.0250618327409029]"
cm-light,inpainted,1117,645,645,1,0.26917293667793274,"[645, 690, 346, 682, 890]","[0.26917293667793274, 0.1200655996799469, 0.08439189940690994, 0.04752904176712036, 0.03324783593416214]"
cm-light,inpainted,1118,198,769,0,0.3301744759082794,"[769, 790, 462, 858, 238]","[0.3301744759082794, 0.08693229407072067, 0.0500345453619957, 0.04800005257129669, 0.03298075124621391]"
cm-light,inpainted,1119,170,843,0,0.1855263113975525,"[843, 575, 523, 522, 706]","[0.1855263113975525, 0.07259465754032135, 0.047916267067193985, 0.03389005735516548, 0.028866218402981758]"
cm-light,inpainted,1120,645,417,0,0.19021376967430115,"[417, 645, 557, 497, 682]","[0.19021376967430115, 0.18138989806175232, 0.09835933148860931, 0.0777394250035286, 0.054294269531965256]"
cm-light,inpainted,1121,181,815,0,0.1593535989522934,"[815, 580, 330, 135, 82]","[0.1593535989522934, 0.1150924563407898, 0.0393616184592247, 0.03870607167482376, 0.03368644788861275]"
cm-light,inpainted,1122,267,703,0,0.0627715215086937,"[703, 879, 562, 733, 839]","[0.0627715215086937, 0.04754311591386795, 0.043608251959085464, 0.03661669045686722, 0.03325385972857475]"
cm-light,inpainted,1123,340,646,0,0.3724973499774933,"[646, 843, 912, 703, 133]","[0.3724973499774933, 0.045129772275686264, 0.03817969933152199, 0.02844182401895523, 0.02482682093977928]"
cm-light,inpainted,1124,735,835,0,0.24225297570228577,"[835, 192, 429, 704, 825]","[0.24225297570228577, 0.04525784030556679, 0.04256162792444229, 0.02882266417145729, 0.026714809238910675]"
cm-light,inpainted,1125,361,20,0,0.14918836951255798,"[20, 58, 979, 329, 139]","[0.14918836951255798, 0.07564731687307358, 0.07518880814313889, 0.04757150262594223, 0.04385761544108391]"
cm-light,inpainted,1126,200,425,0,0.1171683520078659,"[425, 621, 706, 703, 912]","[0.1171683520078659, 0.08084141463041306, 0.07918660342693329, 0.06987020373344421, 0.041653797030448914]"
cm-light,inpainted,1127,912,410,0,0.18262338638305664,"[410, 912, 428, 448, 17]","[0.18262338638305664, 0.1522413194179535, 0.1426759511232376, 0.04213107377290726, 0.028378086164593697]"
cm-light,inpainted,1128,160,718,0,0.10935838520526886,"[718, 580, 913, 755, 915]","[0.10935838520526886, 0.10091769695281982, 0.0985729768872261, 0.08024656772613525, 0.07745801657438278]"
cm-light,inpainted,1129,188,135,0,0.096560038626194,"[135, 522, 352, 293, 330]","[0.096560038626194, 0.09037330746650696, 0.04236459732055664, 0.036135002970695496, 0.025693846866488457]"
cm-light,inpainted,1130,872,741,0,0.17633336782455444,"[741, 522, 838, 756, 495]","[0.17633336782455444, 0.09635696560144424, 0.03774202987551689, 0.02469984069466591, 0.024067243561148643]"
cm-light,inpainted,1131,338,580,0,0.19391509890556335,"[580, 815, 853, 330, 383]","[0.19391509890556335, 0.10539171099662781, 0.04099683463573456, 0.029622429981827736, 0.024968743324279785]"
cm-light,inpainted,1132,191,329,0,0.087156280875206,"[329, 65, 58, 394, 390]","[0.087156280875206, 0.05861055478453636, 0.056704532355070114, 0.04457340016961098, 0.04439115524291992]"
cm-light,inpainted,1133,226,709,0,0.08076009154319763,"[709, 587, 912, 904, 412]","[0.08076009154319763, 0.06720980256795883, 0.053727906197309494, 0.03759975731372833, 0.03519349545240402]"
cm-light,inpainted,1134,953,313,0,0.12127990275621414,"[313, 378, 130, 136, 580]","[0.12127990275621414, 0.07756900042295456, 0.05662035197019577, 0.035932332277297974, 0.033562324941158295]"
cm-light,inpainted,1135,544,293,0,0.13361209630966187,"[293, 177, 340, 410, 160]","[0.13361209630966187, 0.12575718760490417, 0.0890377014875412, 0.0856495127081871, 0.01761784218251705]"
cm-light,inpainted,1136,757,912,0,0.20843316614627838,"[912, 755, 703, 425, 580]","[0.20843316614627838, 0.16496789455413818, 0.1198054775595665, 0.0639483630657196, 0.04861123487353325]"
