model,dataset,idx,label,pred,correct,conf_top1,top5_idx,top5_probs
cm-light,original,0,361,355,0,0.1982991248369217,"[355, 361, 51, 223, 249]","[0.1982991248369217, 0.19277726113796234, 0.10215471684932709, 0.039022136479616165, 0.0382281094789505]"
cm-light,original,1,383,81,0,0.5342434644699097,"[81, 173, 212, 156, 161]","[0.5342434644699097, 0.048370420932769775, 0.0396210215985775, 0.038169607520103455, 0.02636348083615303]"
cm-light,original,2,356,359,0,0.4258171319961548,"[359, 356, 358, 164, 377]","[0.4258171319961548, 0.11764989793300629, 0.03473345562815666, 0.026233145967125893, 0.025264548137784004]"
cm-light,original,3,18,18,1,0.820198655128479,"[18, 17, 19, 13, 136]","[0.820198655128479, 0.06990982592105865, 0.04859490320086479, 0.03343738242983818, 0.0031253607012331486]"
cm-light,original,4,295,367,0,0.08500418066978455,"[367, 295, 365, 428, 360]","[0.08500418066978455, 0.0707634910941124, 0.0648910328745842, 0.05880143493413925, 0.05855230987071991]"
cm-light,original,5,112,54,0,0.2163926213979721,"[54, 448, 64, 53, 839]","[0.2163926213979721, 0.12117117643356323, 0.0944390669465065, 0.05840308219194412, 0.05417187884449959]"
cm-light,original,6,32,953,0,0.17646318674087524,"[953, 61, 30, 32, 62]","[0.17646318674087524, 0.11513535678386688, 0.09832452237606049, 0.0396069698035717, 0.03952018544077873]"
cm-light,original,7,677,677,1,0.4537689983844757,"[677, 301, 311, 710, 320]","[0.4537689983844757, 0.19388581812381744, 0.04651165008544922, 0.04058025777339935, 0.036912642419338226]"
cm-light,original,8,438,828,0,0.25949570536613464,"[828, 470, 855, 550, 720]","[0.25949570536613464, 0.06310281902551651, 0.038415808230638504, 0.02976236678659916, 0.02644476853311062]"
cm-light,original,9,409,892,0,0.15837518870830536,"[892, 409, 643, 427, 497]","[0.15837518870830536, 0.1432488113641739, 0.09805673360824585, 0.05576492100954056, 0.05347271263599396]"
cm-light,original,10,71,674,0,0.31958869099617004,"[674, 693, 475, 786, 558]","[0.31958869099617004, 0.04508429393172264, 0.035089220851659775, 0.02787727676331997, 0.027795711532235146]"
cm-light,original,11,850,850,1,0.8646360039710999,"[850, 333, 258, 87, 332]","[0.8646360039710999, 0.04075121879577637, 0.024407386779785156, 0.005671302787959576, 0.0045155412517488]"
cm-light,original,12,12,12,1,0.20670561492443085,"[12, 594, 191, 182, 184]","[0.20670561492443085, 0.08164308965206146, 0.06492672860622406, 0.04546452313661575, 0.04442251846194267]"
cm-light,original,13,899,474,0,0.22579967975616455,"[474, 721, 411, 806, 658]","[0.22579967975616455, 0.12438119202852249, 0.10646215826272964, 0.10637801885604858, 0.06267259269952774]"
cm-light,original,14,338,338,1,0.72404944896698,"[338, 223, 179, 224, 256]","[0.72404944896698, 0.11619633436203003, 0.04658452421426773, 0.015097898431122303, 0.009573845192790031]"
cm-light,original,15,17,17,1,0.24571238458156586,"[17, 670, 840, 845, 882]","[0.24571238458156586, 0.08624715358018875, 0.07540848106145859, 0.05007489025592804, 0.039837609976530075]"
cm-light,original,16,363,692,0,0.08268605917692184,"[692, 458, 419, 608, 934]","[0.08268605917692184, 0.07278739660978317, 0.04772114381194115, 0.03336598724126816, 0.027381638064980507]"
cm-light,original,17,909,858,0,0.10640347003936768,"[858, 492, 695, 730, 519]","[0.10640347003936768, 0.07406323403120041, 0.05668831616640091, 0.04623481631278992, 0.044900331646203995]"
cm-light,original,18,679,679,1,0.9510672092437744,"[679, 443, 883, 725, 899]","[0.9510672092437744, 0.028296494856476784, 0.009158159606158733, 0.0019547701813280582, 0.00154394272249192]"
cm-light,original,19,618,631,0,0.1076379343867302,"[631, 720, 426, 901, 798]","[0.1076379343867302, 0.07751576602458954, 0.0759037509560585, 0.05315833166241646, 0.0465586893260479]"
cm-light,original,20,618,927,0,0.1997113823890686,"[927, 721, 496, 934, 696]","[0.1997113823890686, 0.10180230438709259, 0.097431480884552, 0.0659877136349678, 0.040714800357818604]"
cm-light,original,21,574,443,0,0.39195001125335693,"[443, 850, 828, 883, 574]","[0.39195001125335693, 0.1355084329843521, 0.06234829127788544, 0.05141279473900795, 0.04001776501536369]"
cm-light,original,22,658,769,0,0.16990505158901215,"[769, 649, 741, 887, 564]","[0.16990505158901215, 0.10178279131650925, 0.09097302705049515, 0.05206897109746933, 0.04076986387372017]"
cm-light,original,23,461,385,0,0.10353522002696991,"[385, 180, 608, 346, 348]","[0.10353522002696991, 0.08459554612636566, 0.07299557328224182, 0.058513689786195755, 0.05268068239092827]"
cm-light,original,24,132,89,0,0.8919793963432312,"[89, 702, 246, 132, 338]","[0.8919793963432312, 0.009491059929132462, 0.0063477628864347935, 0.006312028970569372, 0.005575219169259071]"
cm-light,original,25,122,79,0,0.0688888430595398,"[79, 123, 354, 492, 959]","[0.0688888430595398, 0.05968467891216278, 0.049761053174734116, 0.029911380261182785, 0.029802070930600166]"
cm-light,original,26,12,17,0,0.26310908794403076,"[17, 649, 134, 22, 146]","[0.26310908794403076, 0.14446724951267242, 0.1104750856757164, 0.055834829807281494, 0.052492402493953705]"
cm-light,original,27,679,679,1,0.23782475292682648,"[679, 683, 512, 895, 558]","[0.23782475292682648, 0.0870184451341629, 0.07835735380649567, 0.045378223061561584, 0.036230672150850296]"
cm-light,original,28,23,701,0,0.1393863558769226,"[701, 144, 93, 91, 136]","[0.1393863558769226, 0.08086712658405304, 0.06981547921895981, 0.06546521931886673, 0.05367497354745865]"
cm-light,original,29,937,909,0,0.6234197616577148,"[909, 544, 469, 567, 766]","[0.6234197616577148, 0.19253557920455933, 0.05794218182563782, 0.04098779335618019, 0.022112688049674034]"
cm-light,original,30,679,679,1,0.17679332196712494,"[679, 849, 818, 673, 725]","[0.17679332196712494, 0.08569679409265518, 0.059604983776807785, 0.04774387180805206, 0.04379523545503616]"
cm-light,original,31,335,282,0,0.27070772647857666,"[282, 281, 230, 191, 182]","[0.27070772647857666, 0.0627899020910263, 0.03925793245434761, 0.03817373886704445, 0.03410918265581131]"
cm-light,original,32,76,600,0,0.13627919554710388,"[600, 75, 892, 5, 409]","[0.13627919554710388, 0.060783497989177704, 0.057563673704862595, 0.05417982116341591, 0.04742716625332832]"
cm-light,original,33,851,651,0,0.29619863629341125,"[651, 851, 565, 868, 648]","[0.29619863629341125, 0.13560186326503754, 0.12105296552181244, 0.04724327474832535, 0.03520470857620239]"
cm-light,original,34,770,794,0,0.4590391516685486,"[794, 772, 788, 868, 443]","[0.4590391516685486, 0.10067762434482574, 0.05893782898783684, 0.05028289183974266, 0.03930668532848358]"
cm-light,original,35,122,766,0,0.14861562848091125,"[766, 122, 118, 941, 963]","[0.14861562848091125, 0.06788091361522675, 0.05874687433242798, 0.05751289054751396, 0.040371283888816833]"
cm-light,original,36,712,712,1,0.37137940526008606,"[712, 828, 822, 427, 577]","[0.37137940526008606, 0.24504953622817993, 0.11298080533742905, 0.05556103214621544, 0.04736103489995003]"
cm-light,original,37,852,947,0,0.20404364168643951,"[947, 997, 47, 38, 943]","[0.20404364168643951, 0.10345784574747086, 0.08120104670524597, 0.042439159005880356, 0.030804570764303207]"
cm-light,original,38,12,94,0,0.13763003051280975,"[94, 12, 18, 415, 14]","[0.13763003051280975, 0.10743187367916107, 0.06069938838481903, 0.033341169357299805, 0.02604934200644493]"
cm-light,original,39,849,535,0,0.12768571078777313,"[535, 573, 560, 849, 837]","[0.12768571078777313, 0.12252042442560196, 0.10013023018836975, 0.0742158591747284, 0.047513801604509354]"
cm-light,original,40,606,726,0,0.21266837418079376,"[726, 453, 859, 587, 477]","[0.21266837418079376, 0.1697983592748642, 0.15944281220436096, 0.07342469692230225, 0.05781722441315651]"
cm-light,original,41,87,87,1,0.9612652659416199,"[87, 713, 236, 150, 742]","[0.9612652659416199, 0.0029926076531410217, 0.0028327819891273975, 0.0026260963641107082, 0.0021804869174957275]"
cm-light,original,42,491,491,1,0.3412444591522217,"[491, 740, 561, 803, 779]","[0.3412444591522217, 0.3403811752796173, 0.060907330363988876, 0.051771797239780426, 0.03671068698167801]"
cm-light,original,43,964,962,0,0.36725685000419617,"[962, 931, 964, 965, 5]","[0.36725685000419617, 0.23838426172733307, 0.0820889100432396, 0.05104074254631996, 0.039951615035533905]"
cm-light,original,44,635,632,0,0.300182968378067,"[632, 409, 897, 759, 771]","[0.300182968378067, 0.1387873739004135, 0.08386388421058655, 0.07810661941766739, 0.06513369083404541]"
cm-light,original,45,335,35,0,0.19035127758979797,"[35, 335, 272, 291, 330]","[0.19035127758979797, 0.1269875317811966, 0.11606736481189728, 0.11202774196863174, 0.06309883296489716]"
cm-light,original,46,825,825,1,0.3079260289669037,"[825, 652, 788, 136, 39]","[0.3079260289669037, 0.042946334928274155, 0.037333618849515915, 0.03228086605668068, 0.03075302578508854]"
cm-light,original,47,863,863,1,0.9994889497756958,"[863, 448, 733, 839, 872]","[0.9994889497756958, 8.034144411794841e-05, 2.5795228793867864e-05, 2.2631951651419513e-05, 2.1495165128726512e-05]"
cm-light,original,48,839,839,1,0.1361670196056366,"[839, 716, 328, 24, 448]","[0.1361670196056366, 0.0761658251285553, 0.057278916239738464, 0.05500965565443039, 0.05151881277561188]"
cm-light,original,49,257,99,0,0.08258431404829025,"[99, 347, 345, 179, 176]","[0.08258431404829025, 0.07873481512069702, 0.07581645250320435, 0.053637873381376266, 0.052781879901885986]"
cm-light,original,50,185,269,0,0.17499810457229614,"[269, 330, 292, 287, 272]","[0.17499810457229614, 0.12255356460809708, 0.05022261664271355, 0.02861572615802288, 0.027388734742999077]"
cm-light,original,51,489,703,0,0.12524478137493134,"[703, 489, 580, 843, 912]","[0.12524478137493134, 0.11075340956449509, 0.07739432156085968, 0.0300246961414814, 0.027483519166707993]"
cm-light,original,52,609,609,1,0.30191171169281006,"[609, 864, 730, 866, 436]","[0.30191171169281006, 0.14594317972660065, 0.13653868436813354, 0.06832258403301239, 0.04533569887280464]"
cm-light,original,53,847,274,0,0.07732103765010834,"[274, 288, 110, 291, 815]","[0.07732103765010834, 0.06318498402833939, 0.04006052017211914, 0.03888346627354622, 0.031054886057972908]"
cm-light,original,54,544,122,0,0.08487387746572495,"[122, 937, 870, 444, 955]","[0.08487387746572495, 0.06565053015947342, 0.05679260939359665, 0.049689024686813354, 0.03677389770746231]"
cm-light,original,55,179,136,0,0.18725647032260895,"[136, 294, 295, 347, 191]","[0.18725647032260895, 0.11554913222789764, 0.11486256867647171, 0.03481429070234299, 0.032454945147037506]"
cm-light,original,56,174,271,0,0.09811580181121826,"[271, 275, 331, 172, 138]","[0.09811580181121826, 0.06736662983894348, 0.05136241763830185, 0.04086178168654442, 0.0407542921602726]"
cm-light,original,57,349,349,1,0.9352503418922424,"[349, 350, 348, 376, 129]","[0.9352503418922424, 0.018278388306498528, 0.008763570338487625, 0.006597751285880804, 0.003285323502495885]"
cm-light,original,58,277,277,1,0.6931019425392151,"[277, 278, 273, 274, 280]","[0.6931019425392151, 0.2405226081609726, 0.009521611966192722, 0.00739089073613286, 0.005526638589799404]"
cm-light,original,59,518,671,0,0.22220177948474884,"[671, 701, 665, 843, 433]","[0.22220177948474884, 0.21164196729660034, 0.038570042699575424, 0.03677389770746231, 0.030912168323993683]"
cm-light,original,60,958,425,0,0.4896507263183594,"[425, 958, 84, 703, 912]","[0.4896507263183594, 0.3110448122024536, 0.0218702033162117, 0.016089193522930145, 0.013758037239313126]"
cm-light,original,61,385,385,1,0.4577362537384033,"[385, 386, 101, 159, 354]","[0.4577362537384033, 0.25530439615249634, 0.23170256614685059, 0.009037276729941368, 0.00804327242076397]"
cm-light,original,62,830,471,0,0.2510535717010498,"[471, 690, 428, 603, 346]","[0.2510535717010498, 0.12328339368104935, 0.06363113969564438, 0.04423813149333, 0.03891957178711891]"
cm-light,original,63,132,132,1,0.3707198202610016,"[132, 129, 134, 89, 144]","[0.3707198202610016, 0.2636339068412781, 0.24201637506484985, 0.03283065930008888, 0.009896798059344292]"
cm-light,original,64,354,255,0,0.3030095398426056,"[255, 277, 347, 386, 272]","[0.3030095398426056, 0.1318848878145218, 0.06511303037405014, 0.05551112815737724, 0.053081102669239044]"
cm-light,original,65,879,415,0,0.06731298565864563,"[415, 832, 987, 509, 932]","[0.06731298565864563, 0.05250426009297371, 0.0507437102496624, 0.047970082610845566, 0.031000254675745964]"
cm-light,original,66,807,807,1,0.49431052803993225,"[807, 839, 559, 706, 835]","[0.49431052803993225, 0.04753866791725159, 0.04543410614132881, 0.03779786080121994, 0.02936265990138054]"
cm-light,original,67,863,863,1,0.7911195158958435,"[863, 682, 832, 442, 919]","[0.7911195158958435, 0.044697802513837814, 0.01393734011799097, 0.0077653066255152225, 0.007268552668392658]"
cm-light,original,68,821,979,0,0.6763110756874084,"[979, 970, 821, 975, 888]","[0.6763110756874084, 0.0895891785621643, 0.0858137235045433, 0.03216858208179474, 0.026597168296575546]"
cm-light,original,69,656,649,0,0.2969135046005249,"[649, 972, 609, 915, 706]","[0.2969135046005249, 0.09363535791635513, 0.08838306367397308, 0.04025790095329285, 0.03867597132921219]"
cm-light,original,70,614,246,0,0.18286022543907166,"[246, 115, 170, 212, 104]","[0.18286022543907166, 0.05425256863236427, 0.03777764365077019, 0.030885426327586174, 0.028666550293564796]"
cm-light,original,71,294,191,0,0.12468940019607544,"[191, 294, 164, 225, 182]","[0.12468940019607544, 0.11236262321472168, 0.06853017210960388, 0.0664222314953804, 0.06448578834533691]"
cm-light,original,72,870,652,0,0.2599957287311554,"[652, 993, 312, 57, 787]","[0.2599957287311554, 0.17300531268119812, 0.04277801886200905, 0.04077291488647461, 0.024600233882665634]"
cm-light,original,73,346,48,0,0.1572159081697464,"[48, 346, 349, 348, 101]","[0.1572159081697464, 0.12412629276514053, 0.0828903540968895, 0.07372363656759262, 0.060599010437726974]"
cm-light,original,74,194,196,0,0.13595084846019745,"[196, 198, 269, 194, 170]","[0.13595084846019745, 0.13300421833992004, 0.09978356957435608, 0.08234605938196182, 0.055387597531080246]"
cm-light,original,75,287,287,1,0.5183878540992737,"[287, 286, 272, 277, 43]","[0.5183878540992737, 0.0770067423582077, 0.026125218719244003, 0.025688564404845238, 0.025624286383390427]"
cm-light,original,76,295,378,0,0.1758040189743042,"[378, 295, 381, 224, 205]","[0.1758040189743042, 0.124024897813797, 0.08459175378084183, 0.05033129081130028, 0.046607330441474915]"
cm-light,original,77,92,92,1,0.3549817204475403,"[92, 94, 312, 21, 91]","[0.3549817204475403, 0.10038601607084274, 0.08447378873825073, 0.07173696905374527, 0.049187202006578445]"
cm-light,original,78,17,14,0,0.16352663934230804,"[14, 319, 72, 94, 309]","[0.16352663934230804, 0.10446090996265411, 0.09259022027254105, 0.07376855611801147, 0.05188770964741707]"
cm-light,original,79,105,105,1,0.6490094065666199,"[105, 17, 374, 383, 89]","[0.6490094065666199, 0.053436558693647385, 0.039529670029878616, 0.030745793133974075, 0.016277294605970383]"
cm-light,original,80,356,342,0,0.14133518934249878,"[342, 206, 295, 233, 366]","[0.14133518934249878, 0.1294289529323578, 0.0866517722606659, 0.048486724495887756, 0.042997926473617554]"
cm-light,original,81,14,14,1,0.2890418469905853,"[14, 95, 13, 17, 381]","[0.2890418469905853, 0.19401705265045166, 0.06126393377780914, 0.04409940913319588, 0.03927995264530182]"
cm-light,original,82,378,387,0,0.4417051076889038,"[387, 378, 379, 952, 295]","[0.4417051076889038, 0.12945610284805298, 0.028653133660554886, 0.021192394196987152, 0.01745196431875229]"
cm-light,original,83,59,95,0,0.3049614429473877,"[95, 382, 373, 14, 376]","[0.3049614429473877, 0.08412377536296844, 0.0727737694978714, 0.06791611015796661, 0.04858529940247536]"
cm-light,original,84,95,95,1,0.9952282905578613,"[95, 43, 94, 303, 37]","[0.9952282905578613, 0.0013052846770733595, 0.0005129554192535579, 0.00041471951408311725, 0.00035357940942049026]"
cm-light,original,85,95,95,1,0.4564996361732483,"[95, 94, 12, 311, 320]","[0.4564996361732483, 0.06954958289861679, 0.04703793302178383, 0.040263574570417404, 0.0317496657371521]"
cm-light,original,86,379,379,1,0.4255030155181885,"[379, 381, 369, 378, 93]","[0.4255030155181885, 0.15192076563835144, 0.12312930077314377, 0.0931284949183464, 0.0437898263335228]"
cm-light,original,87,382,382,1,0.9781143665313721,"[382, 380, 381, 105, 364]","[0.9781143665313721, 0.01453916821628809, 0.0030832579359412193, 0.0005890255561098456, 0.0005469204625114799]"
cm-light,original,88,10,11,0,0.36348068714141846,"[11, 10, 301, 14, 989]","[0.36348068714141846, 0.31814202666282654, 0.08177532255649567, 0.057907748967409134, 0.035140279680490494]"
cm-light,original,89,383,383,1,0.9963538646697998,"[383, 286, 105, 269, 382]","[0.9963538646697998, 0.0014659600565209985, 0.0007478093029931188, 0.00018950182129628956, 0.00011012423783540726]"
cm-light,original,90,378,378,1,0.33915889263153076,"[378, 382, 379, 364, 381]","[0.33915889263153076, 0.12864024937152863, 0.1204674169421196, 0.08361469209194183, 0.05483454465866089]"
cm-light,original,91,376,376,1,0.272318571805954,"[376, 367, 365, 373, 372]","[0.272318571805954, 0.1361342966556549, 0.12303858995437622, 0.0746656134724617, 0.06648989766836166]"
cm-light,original,92,21,24,0,0.34402206540107727,"[24, 379, 381, 15, 22]","[0.34402206540107727, 0.0893189087510109, 0.0533355250954628, 0.053033631294965744, 0.041986674070358276]"
cm-light,original,93,275,191,0,0.4003872573375702,"[191, 381, 214, 295, 275]","[0.4003872573375702, 0.18942758440971375, 0.05154547840356827, 0.05047662928700447, 0.03900434449315071]"
cm-light,original,94,85,131,0,0.2900266647338867,"[131, 85, 373, 815, 376]","[0.2900266647338867, 0.12359598278999329, 0.1130027025938034, 0.0839715227484703, 0.04667402431368828]"
cm-light,original,95,383,383,1,0.25264742970466614,"[383, 269, 169, 371, 375]","[0.25264742970466614, 0.18192845582962036, 0.10230450332164764, 0.06729645282030106, 0.041938379406929016]"
cm-light,original,96,18,18,1,0.492532342672348,"[18, 370, 91, 19, 88]","[0.492532342672348, 0.11857233196496964, 0.04095527157187462, 0.03837405890226364, 0.030078094452619553]"
cm-light,original,97,326,326,1,0.6357177495956421,"[326, 82, 10, 325, 12]","[0.6357177495956421, 0.13965824246406555, 0.02238255739212036, 0.021953511983156204, 0.02046358771622181]"
cm-light,original,98,379,379,1,0.6316059231758118,"[379, 378, 91, 90, 387]","[0.6316059231758118, 0.14705689251422882, 0.042785633355379105, 0.03923366963863373, 0.030817100778222084]"
cm-light,original,99,378,378,1,0.19432739913463593,"[378, 562, 406, 88, 96]","[0.19432739913463593, 0.0892723947763443, 0.05178227648139, 0.039523180574178696, 0.033026695251464844]"
cm-light,original,100,378,334,0,0.5658635497093201,"[334, 90, 364, 380, 381]","[0.5658635497093201, 0.039136853069067, 0.03865190967917442, 0.03752976283431053, 0.029814064502716064]"
cm-light,original,101,379,381,0,0.2159549593925476,"[381, 379, 375, 18, 14]","[0.2159549593925476, 0.15730667114257812, 0.07769383490085602, 0.07122328877449036, 0.053021810948848724]"
cm-light,original,102,12,12,1,0.9563539624214172,"[12, 92, 13, 15, 142]","[0.9563539624214172, 0.014195538125932217, 0.00925116054713726, 0.008290234953165054, 0.0026732906699180603]"
cm-light,original,103,18,156,0,0.4260350167751312,"[156, 161, 152, 263, 162]","[0.4260350167751312, 0.17440958321094513, 0.05625214800238609, 0.0504450723528862, 0.035979919135570526]"
cm-light,original,104,428,428,1,0.0613444559276104,"[428, 330, 39, 135, 37]","[0.0613444559276104, 0.0414242185652256, 0.03836175426840782, 0.02995523437857628, 0.029732922092080116]"
cm-light,original,105,376,376,1,0.5449739694595337,"[376, 379, 364, 17, 90]","[0.5449739694595337, 0.04470105096697807, 0.03597620502114296, 0.03130260482430458, 0.02419487200677395]"
cm-light,original,106,379,379,1,0.48444297909736633,"[379, 136, 143, 91, 368]","[0.48444297909736633, 0.23589520156383514, 0.049745384603738785, 0.03261259198188782, 0.02294868975877762]"
cm-light,original,107,19,378,0,0.07971540838479996,"[378, 59, 55, 448, 96]","[0.07971540838479996, 0.06325891613960266, 0.053904615342617035, 0.05346447601914406, 0.043032653629779816]"
cm-light,original,108,18,18,1,0.3517448306083679,"[18, 22, 374, 17, 375]","[0.3517448306083679, 0.20380975306034088, 0.07985004782676697, 0.0661185085773468, 0.04712136834859848]"
cm-light,original,109,95,95,1,0.9955112934112549,"[95, 94, 92, 59, 20]","[0.9955112934112549, 0.002036621328443289, 0.00046368144103325903, 0.00027749143191613257, 0.00019900419283658266]"
cm-light,original,110,95,375,0,0.2483169138431549,"[375, 91, 96, 29, 14]","[0.2483169138431549, 0.07373074442148209, 0.06079571321606636, 0.03920799121260643, 0.0364113375544548]"
cm-light,original,111,17,11,0,0.2883719205856323,"[11, 17, 92, 16, 15]","[0.2883719205856323, 0.1488468497991562, 0.14112092554569244, 0.0976899117231369, 0.06451591104269028]"
cm-light,original,112,232,219,0,0.2508559226989746,"[219, 239, 200, 155, 212]","[0.2508559226989746, 0.12117084860801697, 0.10276155918836594, 0.08492641150951385, 0.0846109688282013]"
cm-light,original,113,382,382,1,0.47397148609161377,"[382, 380, 10, 15, 377]","[0.47397148609161377, 0.17829377949237823, 0.07348764687776566, 0.05570835620164871, 0.04062256962060928]"
cm-light,original,114,622,376,0,0.1380823254585266,"[376, 944, 988, 59, 393]","[0.1380823254585266, 0.09439333528280258, 0.07437071949243546, 0.06450794637203217, 0.05893344059586525]"
cm-light,original,115,372,372,1,0.2767648696899414,"[372, 104, 280, 277, 298]","[0.2767648696899414, 0.1699092835187912, 0.0731959268450737, 0.0678582414984703, 0.05421721190214157]"
cm-light,original,116,313,313,1,0.5480533838272095,"[313, 131, 95, 489, 989]","[0.5480533838272095, 0.1168234795331955, 0.028283635154366493, 0.023740557953715324, 0.02327842079102993]"
cm-light,original,117,18,275,0,0.17596828937530518,"[275, 364, 348, 177, 209]","[0.17596828937530518, 0.14508850872516632, 0.08165760338306427, 0.033436600118875504, 0.031105659902095795]"
cm-light,original,118,919,919,1,0.9848089814186096,"[919, 920, 440, 555, 900]","[0.9848089814186096, 0.005900224205106497, 0.0011073914356529713, 0.001101764035411179, 0.0006637188489548862]"
cm-light,original,119,92,92,1,0.17639386653900146,"[92, 12, 369, 136, 21]","[0.17639386653900146, 0.15682677924633026, 0.07728171348571777, 0.06377453356981277, 0.04934368655085564]"
cm-light,original,120,75,349,0,0.11871480941772461,"[349, 373, 354, 246, 308]","[0.11871480941772461, 0.09793080389499664, 0.03980549797415733, 0.034975677728652954, 0.03059007227420807]"
cm-light,original,121,379,379,1,0.6886156797409058,"[379, 381, 378, 380, 364]","[0.6886156797409058, 0.081219382584095, 0.07186230272054672, 0.03572884574532509, 0.034561287611722946]"
cm-light,original,122,272,330,0,0.31174686551094055,"[330, 278, 331, 277, 274]","[0.31174686551094055, 0.31094783544540405, 0.09555064141750336, 0.04826291650533676, 0.047959309071302414]"
cm-light,original,123,86,348,0,0.08420628309249878,"[348, 989, 349, 309, 140]","[0.08420628309249878, 0.08323734998703003, 0.08270265907049179, 0.05632348731160164, 0.03766966983675957]"
cm-light,original,124,275,24,0,0.15642407536506653,"[24, 282, 287, 336, 191]","[0.15642407536506653, 0.10561958700418472, 0.07799717783927917, 0.043230414390563965, 0.0389757975935936]"
cm-light,original,125,387,387,1,0.6918041706085205,"[387, 381, 488, 395, 379]","[0.6918041706085205, 0.03663358837366104, 0.031987082213163376, 0.030984442681074142, 0.02841893397271633]"
cm-light,original,126,12,325,0,0.29039373993873596,"[325, 989, 115, 94, 88]","[0.29039373993873596, 0.11813098937273026, 0.11330477893352509, 0.08990549296140671, 0.04773934185504913]"
cm-light,original,127,17,18,0,0.2060955911874771,"[18, 17, 124, 94, 319]","[0.2060955911874771, 0.1750231832265854, 0.10769659280776978, 0.07755623012781143, 0.04578022286295891]"
cm-light,original,128,899,135,0,0.2375706136226654,"[135, 131, 24, 132, 971]","[0.2375706136226654, 0.10356692224740982, 0.09525231271982193, 0.0920218750834465, 0.02622603066265583]"
cm-light,original,129,365,77,0,0.19725216925144196,"[77, 384, 365, 381, 271]","[0.19725216925144196, 0.14703746140003204, 0.13701805472373962, 0.044876281172037125, 0.0416332446038723]"
cm-light,original,130,335,84,0,0.18092451989650726,"[84, 94, 82, 374, 14]","[0.18092451989650726, 0.13111160695552826, 0.07813993841409683, 0.029274560511112213, 0.026717232540249825]"
cm-light,original,131,23,81,0,0.1102980300784111,"[81, 815, 991, 86, 973]","[0.1102980300784111, 0.05817663297057152, 0.053234707564115524, 0.041684139519929886, 0.02905985526740551]"
cm-light,original,132,379,442,0,0.19967545568943024,"[442, 524, 652, 99, 69]","[0.19967545568943024, 0.054974205791950226, 0.05165434628725052, 0.03655114397406578, 0.02962096966803074]"
cm-light,original,133,988,988,1,0.2664204239845276,"[988, 131, 13, 764, 90]","[0.2664204239845276, 0.041769206523895264, 0.026447292417287827, 0.02256772108376026, 0.020604560151696205]"
cm-light,original,134,988,16,0,0.5847485065460205,"[16, 988, 55, 944, 315]","[0.5847485065460205, 0.16698437929153442, 0.06623297929763794, 0.042411308735609055, 0.03609469160437584]"
cm-light,original,135,17,14,0,0.5196849703788757,"[14, 17, 10, 15, 13]","[0.5196849703788757, 0.2076559215784073, 0.1511034518480301, 0.021871980279684067, 0.018110334873199463]"
cm-light,original,136,18,364,0,0.18466973304748535,"[364, 91, 376, 381, 379]","[0.18466973304748535, 0.13467541337013245, 0.0795106515288353, 0.06417058408260345, 0.04534369707107544]"
cm-light,original,137,39,378,0,0.15939131379127502,"[378, 382, 93, 90, 96]","[0.15939131379127502, 0.15537801384925842, 0.07929623126983643, 0.06439266353845596, 0.05260670930147171]"
cm-light,original,138,335,303,0,0.2811136543750763,"[303, 278, 302, 280, 300]","[0.2811136543750763, 0.051949046552181244, 0.042921144515275955, 0.032804373651742935, 0.030776916071772575]"
cm-light,original,139,376,368,0,0.16584020853042603,"[368, 376, 448, 374, 522]","[0.16584020853042603, 0.11157689243555069, 0.05511905997991562, 0.03787835314869881, 0.030143162235617638]"
cm-light,original,140,18,56,0,0.5007535815238953,"[56, 137, 67, 305, 146]","[0.5007535815238953, 0.0608154833316803, 0.037716422230005264, 0.02623152919113636, 0.01831231452524662]"
cm-light,original,141,134,129,0,0.47494253516197205,"[129, 348, 99, 377, 130]","[0.47494253516197205, 0.20167355239391327, 0.05779173597693443, 0.027874762192368507, 0.02740117907524109]"
cm-light,original,142,294,973,0,0.16851456463336945,"[973, 328, 972, 294, 976]","[0.16851456463336945, 0.13234949111938477, 0.11993930488824844, 0.09894563257694244, 0.08496417850255966]"
cm-light,original,143,472,472,1,0.7058845162391663,"[472, 814, 693, 130, 879]","[0.7058845162391663, 0.08199206739664078, 0.06469845771789551, 0.030815891921520233, 0.010724751278758049]"
cm-light,original,144,354,344,0,0.23624031245708466,"[344, 354, 339, 343, 273]","[0.23624031245708466, 0.21706826984882355, 0.04008303955197334, 0.03971486911177635, 0.037328027188777924]"
cm-light,original,145,134,58,0,0.055416010320186615,"[58, 135, 825, 99, 134]","[0.055416010320186615, 0.03702276572585106, 0.03568684682250023, 0.0281364805996418, 0.02497848868370056]"
cm-light,original,146,821,975,0,0.5355691909790039,"[975, 888, 483, 977, 460]","[0.5355691909790039, 0.07414493709802628, 0.04145855829119682, 0.03409514203667641, 0.03078271634876728]"
cm-light,original,147,391,391,1,0.7276650071144104,"[391, 389, 395, 40, 394]","[0.7276650071144104, 0.15413403511047363, 0.017460554838180542, 0.013713914901018143, 0.0108022540807724]"
cm-light,original,148,391,394,0,0.5082204341888428,"[394, 389, 391, 983, 801]","[0.5082204341888428, 0.15696020424365997, 0.07606787979602814, 0.03428078815340996, 0.021160002797842026]"
cm-light,original,149,821,821,1,0.36253759264945984,"[821, 421, 694, 398, 908]","[0.36253759264945984, 0.05974559113383293, 0.05632627755403519, 0.03391721472144127, 0.027752593159675598]"
cm-light,original,150,576,576,1,0.7302756309509277,"[576, 614, 608, 643, 450]","[0.7302756309509277, 0.08692486584186554, 0.011304809711873531, 0.006274845916777849, 0.005632604472339153]"
cm-light,original,151,140,140,1,0.2806342542171478,"[140, 98, 142, 129, 137]","[0.2806342542171478, 0.1525002270936966, 0.11557973921298981, 0.11519953608512878, 0.09549839049577713]"
cm-light,original,152,852,139,0,0.3106265664100647,"[139, 98, 360, 801, 97]","[0.3106265664100647, 0.1233043298125267, 0.12295276671648026, 0.04084645211696625, 0.030496684834361076]"
cm-light,original,153,576,693,0,0.3806542754173279,"[693, 391, 472, 576, 428]","[0.3806542754173279, 0.24966701865196228, 0.20673209428787231, 0.021408995613455772, 0.008700268343091011]"
cm-light,original,154,472,724,0,0.07997187227010727,"[724, 132, 408, 346, 39]","[0.07997187227010727, 0.0659070536494255, 0.06288286298513412, 0.051882099360227585, 0.04627152904868126]"
cm-light,original,155,258,270,0,0.30988308787345886,"[270, 279, 258, 185, 207]","[0.30988308787345886, 0.22081853449344635, 0.14629188179969788, 0.07185246050357819, 0.0334387868642807]"
cm-light,original,156,143,143,1,0.5226678848266602,"[143, 141, 140, 139, 136]","[0.5226678848266602, 0.38393110036849976, 0.05810639262199402, 0.009340069256722927, 0.008453410118818283]"
cm-light,original,157,198,241,0,0.2735469937324524,"[241, 240, 227, 238, 164]","[0.2735469937324524, 0.2075597196817398, 0.03184385225176811, 0.03144698590040207, 0.025111589580774307]"
cm-light,original,158,236,345,0,0.1048419177532196,"[345, 338, 184, 209, 386]","[0.1048419177532196, 0.0782952755689621, 0.06804292649030685, 0.06654447317123413, 0.058106306940317154]"
cm-light,original,159,576,576,1,0.9987778067588806,"[576, 449, 874, 829, 536]","[0.9987778067588806, 0.00032657463452778757, 0.00020784615480806679, 0.00012085613707313314, 7.197274680947885e-05]"
cm-light,original,160,483,483,1,0.40466171503067017,"[483, 500, 888, 972, 821]","[0.40466171503067017, 0.2660011351108551, 0.09050370752811432, 0.06989137083292007, 0.022525083273649216]"
cm-light,original,161,727,727,1,0.25395700335502625,"[727, 449, 975, 888, 562]","[0.25395700335502625, 0.07060839980840683, 0.06654302030801773, 0.059333670884370804, 0.05739371106028557]"
cm-light,original,162,238,137,0,0.11619492620229721,"[137, 344, 221, 294, 693]","[0.11619492620229721, 0.11261622607707977, 0.05934435501694679, 0.04329763352870941, 0.029023783281445503]"
cm-light,original,163,385,344,0,0.7025982737541199,"[344, 385, 294, 209, 360]","[0.7025982737541199, 0.05767272040247917, 0.04749619588255882, 0.03182664513587952, 0.03131568431854248]"
cm-light,original,164,472,472,1,0.22233210504055023,"[472, 595, 801, 561, 408]","[0.22233210504055023, 0.08653926849365234, 0.07237663865089417, 0.051245056092739105, 0.04948246106505394]"
cm-light,original,165,140,142,0,0.17221061885356903,"[142, 141, 98, 139, 140]","[0.17221061885356903, 0.10249866545200348, 0.09532330185174942, 0.0660049095749855, 0.06566198170185089]"
cm-light,original,166,352,141,0,0.15036122500896454,"[141, 130, 39, 134, 352]","[0.15036122500896454, 0.0668657124042511, 0.06447957456111908, 0.06370357424020767, 0.05712181329727173]"
cm-light,original,167,292,972,0,0.15282487869262695,"[972, 381, 191, 123, 50]","[0.15282487869262695, 0.07219184190034866, 0.06893380731344223, 0.03188082203269005, 0.02338683232665062]"
cm-light,original,168,806,355,0,0.09891785681247711,"[355, 568, 212, 386, 372]","[0.09891785681247711, 0.06806458532810211, 0.06368619948625565, 0.059937525540590286, 0.05494210496544838]"
cm-light,original,169,449,853,0,0.7361796498298645,"[853, 425, 716, 449, 562]","[0.7361796498298645, 0.09083771705627441, 0.021005654707551003, 0.010453492403030396, 0.0068788956850767136]"
cm-light,original,170,164,137,0,0.12719541788101196,"[137, 97, 276, 269, 286]","[0.12719541788101196, 0.0876903384923935, 0.04494722932577133, 0.041424669325351715, 0.03249445930123329]"
cm-light,original,171,909,291,0,0.26111602783203125,"[291, 51, 373, 106, 286]","[0.26111602783203125, 0.05903538316488266, 0.05681125447154045, 0.05191527679562569, 0.05170474573969841]"
cm-light,original,172,576,576,1,0.9743326902389526,"[576, 625, 694, 554, 914]","[0.9743326902389526, 0.008325495757162571, 0.005778254475444555, 0.004202803131192923, 0.0018574019195511937]"
cm-light,original,173,727,727,1,0.9104653596878052,"[727, 395, 975, 417, 449]","[0.9104653596878052, 0.019302988424897194, 0.015433277934789658, 0.004457954782992601, 0.003953903913497925]"
cm-light,original,174,223,690,0,0.09232363104820251,"[690, 525, 99, 913, 22]","[0.09232363104820251, 0.05382892116904259, 0.04905113950371742, 0.04529533162713051, 0.04231877252459526]"
cm-light,original,175,132,134,0,0.34897252917289734,"[134, 132, 428, 129, 131]","[0.34897252917289734, 0.34841519594192505, 0.025213299319148064, 0.02334301732480526, 0.018940052017569542]"
cm-light,original,176,576,576,1,0.9334895610809326,"[576, 874, 829, 538, 698]","[0.9334895610809326, 0.03464439883828163, 0.005778594873845577, 0.00441709766164422, 0.004282406531274319]"
cm-light,original,177,391,391,1,0.4961148202419281,"[391, 389, 121, 394, 51]","[0.4961148202419281, 0.16957435011863708, 0.08952070027589798, 0.029446927830576897, 0.02244703657925129]"
cm-light,original,178,708,775,0,0.19840668141841888,"[775, 758, 708, 842, 863]","[0.19840668141841888, 0.13384228944778442, 0.11887218803167343, 0.06212330609560013, 0.022417806088924408]"
cm-light,original,179,132,132,1,0.18984462320804596,"[132, 331, 129, 330, 134]","[0.18984462320804596, 0.1626596748828888, 0.14128142595291138, 0.06021703779697418, 0.05530254542827606]"
cm-light,original,180,576,576,1,0.9458314180374146,"[576, 454, 562, 652, 536]","[0.9458314180374146, 0.0042750719003379345, 0.004193707834929228, 0.002556238556280732, 0.0016060909256339073]"
cm-light,original,181,143,143,1,0.8443500995635986,"[143, 141, 100, 137, 98]","[0.8443500995635986, 0.04804215207695961, 0.025069832801818848, 0.0221343282610178, 0.01565556973218918]"
cm-light,original,182,842,97,0,0.15227988362312317,"[97, 768, 488, 952, 433]","[0.15227988362312317, 0.04242391139268875, 0.03168976306915283, 0.02609606646001339, 0.02335774526000023]"
cm-light,original,183,372,137,0,0.04966453090310097,"[137, 242, 352, 134, 58]","[0.04966453090310097, 0.030761731788516045, 0.029124466702342033, 0.028910016641020775, 0.024271445348858833]"
cm-light,original,184,36,20,0,0.26855286955833435,"[20, 144, 99, 97, 696]","[0.26855286955833435, 0.21032550930976868, 0.051305901259183884, 0.03703921660780907, 0.029181888327002525]"
cm-light,original,185,660,462,0,0.37601518630981445,"[462, 525, 16, 718, 413]","[0.37601518630981445, 0.05391307547688484, 0.040193039923906326, 0.036331165581941605, 0.026288170367479324]"
cm-light,original,186,821,525,0,0.3462476134300232,"[525, 839, 460, 472, 391]","[0.3462476134300232, 0.1216973289847374, 0.1071949154138565, 0.0832148939371109, 0.08236432820558548]"
cm-light,original,187,449,718,0,0.3503710627555847,"[718, 449, 706, 525, 634]","[0.3503710627555847, 0.14426258206367493, 0.07100172340869904, 0.04324621707201004, 0.03642342612147331]"
cm-light,original,188,131,552,0,0.12645769119262695,"[552, 338, 364, 17, 131]","[0.12645769119262695, 0.04866781830787659, 0.04760805144906044, 0.035251736640930176, 0.027842586860060692]"
cm-light,original,189,576,576,1,0.9935519695281982,"[576, 737, 555, 829, 779]","[0.9935519695281982, 0.0007602545665577054, 0.0006440503057092428, 0.0006136663723737001, 0.0004453826986718923]"
cm-light,original,190,140,142,0,0.7898146510124207,"[142, 140, 141, 129, 139]","[0.7898146510124207, 0.20639732480049133, 0.0036131495144218206, 7.97229222371243e-05, 3.3089563657995313e-05]"
cm-light,original,191,576,576,1,0.9021492600440979,"[576, 758, 561, 871, 428]","[0.9021492600440979, 0.007664777338504791, 0.0047691501677036285, 0.004669452551752329, 0.004260193556547165]"
cm-light,original,192,355,853,0,0.4075286090373993,"[853, 51, 649, 12, 347]","[0.4075286090373993, 0.30080297589302063, 0.0909627228975296, 0.026896733790636063, 0.0234374962747097]"
cm-light,original,193,511,511,1,0.472828209400177,"[511, 436, 817, 656, 479]","[0.472828209400177, 0.22198240458965302, 0.21518267691135406, 0.0561407171189785, 0.012543950229883194]"
cm-light,original,194,417,900,0,0.17569805681705475,"[900, 417, 449, 755, 437]","[0.17569805681705475, 0.1298186480998993, 0.08735715597867966, 0.07286299020051956, 0.05316716805100441]"
cm-light,original,195,404,121,0,0.06449240446090698,"[121, 124, 679, 599, 965]","[0.06449240446090698, 0.03980202227830887, 0.03910502418875694, 0.03891589865088463, 0.03257807344198227]"
cm-light,original,196,701,974,0,0.1172776147723198,"[974, 832, 437, 392, 970]","[0.1172776147723198, 0.10519397258758545, 0.08887302875518799, 0.08681188523769379, 0.07915688306093216]"
cm-light,original,197,701,701,1,0.9218209981918335,"[701, 557, 350, 417, 405]","[0.9218209981918335, 0.014028864912688732, 0.012056809850037098, 0.007758610416203737, 0.005347876343876123]"
cm-light,original,198,701,701,1,0.9513887763023376,"[701, 557, 405, 417, 146]","[0.9513887763023376, 0.015171515755355358, 0.014908112585544586, 0.006556451320648193, 0.002923082560300827]"
cm-light,original,199,350,970,0,0.592689573764801,"[970, 895, 701, 554, 350]","[0.592689573764801, 0.04066767171025276, 0.03696133568882942, 0.0322258323431015, 0.023590821772813797]"
cm-light,original,200,618,171,0,0.09378468245267868,"[171, 51, 758, 494, 822]","[0.09378468245267868, 0.08864971995353699, 0.08134784549474716, 0.07598798722028732, 0.05803558975458145]"
cm-light,original,201,984,984,1,0.934948742389679,"[984, 755, 973, 425, 975]","[0.934948742389679, 0.013957864604890347, 0.0102984718978405, 0.01009987760335207, 0.0037285431753844023]"
cm-light,original,202,645,701,0,0.22227470576763153,"[701, 645, 733, 557, 107]","[0.22227470576763153, 0.21010856330394745, 0.16773822903633118, 0.0381791926920414, 0.029318135231733322]"
cm-light,original,203,808,51,0,0.1460111141204834,"[51, 575, 515, 448, 672]","[0.1460111141204834, 0.1295013725757599, 0.05427553504705429, 0.043822094798088074, 0.03782080486416817]"
cm-light,original,204,755,657,0,0.22694028913974762,"[657, 807, 755, 417, 701]","[0.22694028913974762, 0.15571412444114685, 0.1414487212896347, 0.07128425687551498, 0.054279875010252]"
cm-light,original,205,663,483,0,0.43766218423843384,"[483, 663, 497, 873, 668]","[0.43766218423843384, 0.19182415306568146, 0.12218519300222397, 0.0798342153429985, 0.07500888407230377]"
cm-light,original,206,404,404,1,0.9953054785728455,"[404, 908, 895, 812, 405]","[0.9953054785728455, 0.0027262268122285604, 0.0007360535091720521, 0.0005046163569204509, 0.0004255370586179197]"
cm-light,original,207,540,540,1,0.623415470123291,"[540, 913, 517, 724, 510]","[0.623415470123291, 0.29617780447006226, 0.02930259518325329, 0.019474072381854057, 0.004622648470103741]"
cm-light,original,208,958,984,0,0.5662418007850647,"[984, 975, 425, 972, 483]","[0.5662418007850647, 0.08061640709638596, 0.059894632548093796, 0.057302381843328476, 0.05041104555130005]"
cm-light,original,209,483,425,0,0.33014988899230957,"[425, 974, 562, 483, 405]","[0.33014988899230957, 0.22595854103565216, 0.17930211126804352, 0.07280447334051132, 0.016083430498838425]"
cm-light,original,210,898,437,0,0.41088828444480896,"[437, 812, 846, 619, 483]","[0.41088828444480896, 0.1556176096200943, 0.10084223002195358, 0.09692124277353287, 0.03680887445807457]"
cm-light,original,211,649,682,0,0.49778953194618225,"[682, 649, 437, 657, 99]","[0.49778953194618225, 0.33204013109207153, 0.06963697075843811, 0.013196369633078575, 0.012918908149003983]"
cm-light,original,212,812,701,0,0.12165780365467072,"[701, 405, 23, 557, 908]","[0.12165780365467072, 0.04795081168413162, 0.04785811901092529, 0.04720019921660423, 0.04058482497930527]"
cm-light,original,213,701,701,1,0.9987753033638,"[701, 417, 733, 64, 393]","[0.9987753033638, 0.00020686302741523832, 8.486006845487282e-05, 8.057901141000912e-05, 7.726273179287091e-05]"
cm-light,original,214,405,701,0,0.2856082022190094,"[701, 2, 3, 983, 4]","[0.2856082022190094, 0.1520964652299881, 0.12608025968074799, 0.10214079171419144, 0.06572027504444122]"
cm-light,original,215,832,832,1,0.8660696148872375,"[832, 437, 682, 483, 497]","[0.8660696148872375, 0.04929647222161293, 0.026626773178577423, 0.016705121845006943, 0.008138468489050865]"
cm-light,original,216,475,475,1,0.9968055486679077,"[475, 511, 801, 837, 561]","[0.9968055486679077, 0.0002866221475414932, 0.00016976894403342158, 0.00014794649905525148, 0.00010898025357164443]"
cm-light,original,217,22,22,1,0.48088622093200684,"[22, 23, 832, 701, 93]","[0.48088622093200684, 0.14080223441123962, 0.07061087340116501, 0.04860934615135193, 0.03313162922859192]"
cm-light,original,218,724,914,0,0.33141881227493286,"[914, 780, 839, 484, 536]","[0.33141881227493286, 0.22710493206977844, 0.19543813169002533, 0.06533733010292053, 0.047273796051740646]"
cm-light,original,219,871,484,0,0.5094603300094604,"[484, 871, 780, 733, 914]","[0.5094603300094604, 0.3594065010547638, 0.056065041571855545, 0.026984266936779022, 0.026027947664260864]"
cm-light,original,220,807,327,0,0.48426300287246704,"[327, 672, 121, 970, 807]","[0.48426300287246704, 0.057537470012903214, 0.050820477306842804, 0.03801797702908516, 0.03582603111863136]"
cm-light,original,221,805,805,1,0.46572133898735046,"[805, 417, 701, 908, 405]","[0.46572133898735046, 0.21144002676010132, 0.11041614413261414, 0.041247107088565826, 0.01927844248712063]"
cm-light,original,222,405,701,0,0.12492024153470993,"[701, 23, 93, 557, 946]","[0.12492024153470993, 0.06163475289940834, 0.0590817965567112, 0.05381893739104271, 0.05241413041949272]"
cm-light,original,223,14,22,0,0.3264435827732086,"[22, 21, 23, 18, 989]","[0.3264435827732086, 0.11626092344522476, 0.08211272209882736, 0.058690816164016724, 0.04033753275871277]"
cm-light,original,224,22,22,1,0.6947978138923645,"[22, 24, 18, 23, 21]","[0.6947978138923645, 0.07401950657367706, 0.04309428110718727, 0.028088796883821487, 0.018560215830802917]"
cm-light,original,225,404,404,1,0.8851516842842102,"[404, 405, 895, 908, 812]","[0.8851516842842102, 0.06709912419319153, 0.017445707693696022, 0.01245973166078329, 0.010381377302110195]"
cm-light,original,226,583,517,0,0.5286698937416077,"[517, 583, 557, 487, 657]","[0.5286698937416077, 0.12279728800058365, 0.04453309625387192, 0.0366847850382328, 0.03329930827021599]"
cm-light,original,227,900,900,1,0.9526095390319824,"[900, 448, 497, 425, 449]","[0.9526095390319824, 0.010604104958474636, 0.00942186638712883, 0.006898906547576189, 0.0036356865894049406]"
cm-light,original,228,437,437,1,0.9683563709259033,"[437, 718, 460, 657, 40]","[0.9683563709259033, 0.004724858794361353, 0.0034839059226214886, 0.002350912196561694, 0.0021721699740737677]"
cm-light,original,229,345,354,0,0.1828548014163971,"[354, 349, 385, 345, 386]","[0.1828548014163971, 0.1517021507024765, 0.08648815751075745, 0.0821453332901001, 0.038390785455703735]"
cm-light,original,230,913,425,0,0.32997947931289673,"[425, 483, 649, 663, 497]","[0.32997947931289673, 0.21069099009037018, 0.11824996024370193, 0.075354665517807, 0.06136886030435562]"
cm-light,original,231,839,839,1,0.35236090421676636,"[839, 580, 835, 904, 905]","[0.35236090421676636, 0.2651265561580658, 0.09875163435935974, 0.08944902569055557, 0.033821627497673035]"
cm-light,original,232,920,920,1,0.7347704172134399,"[920, 561, 660, 525, 449]","[0.7347704172134399, 0.04343440383672714, 0.013980640098452568, 0.013610000722110271, 0.011178978718817234]"
cm-light,original,233,802,701,0,0.3968447744846344,"[701, 795, 802, 81, 970]","[0.3968447744846344, 0.23277497291564941, 0.1458207368850708, 0.024491285905241966, 0.014042492024600506]"
cm-light,original,234,755,755,1,0.9477270841598511,"[755, 540, 832, 517, 895]","[0.9477270841598511, 0.01435297541320324, 0.004184752702713013, 0.004031832795590162, 0.003484229324385524]"
cm-light,original,235,93,21,0,0.30806273221969604,"[21, 93, 23, 127, 18]","[0.30806273221969604, 0.3001079559326172, 0.05574984475970268, 0.04768254980444908, 0.03632589802145958]"
cm-light,original,236,821,718,0,0.37091416120529175,"[718, 821, 403, 913, 517]","[0.37091416120529175, 0.18296854197978973, 0.05666598677635193, 0.05039010941982269, 0.04025588184595108]"
cm-light,original,237,437,977,0,0.32889509201049805,"[977, 978, 437, 460, 510]","[0.32889509201049805, 0.20353569090366364, 0.18020328879356384, 0.05899835750460625, 0.026566457003355026]"
cm-light,original,238,649,682,0,0.5163348317146301,"[682, 437, 657, 908, 480]","[0.5163348317146301, 0.08005937188863754, 0.06365873664617538, 0.04449193552136421, 0.03323516622185707]"
cm-light,original,239,682,448,0,0.3736986517906189,"[448, 497, 682, 832, 668]","[0.3736986517906189, 0.3669564425945282, 0.12884072959423065, 0.029639048501849174, 0.021162040531635284]"
cm-light,original,240,900,900,1,0.9995254278182983,"[900, 724, 839, 863, 494]","[0.9995254278182983, 0.00010562146781012416, 9.195535676553845e-05, 2.8658818337135017e-05, 1.7177431800519116e-05]"
cm-light,original,241,557,557,1,0.5113462209701538,"[557, 733, 843, 575, 872]","[0.5113462209701538, 0.18032744526863098, 0.09841836243867874, 0.06262513995170593, 0.021525194868445396]"
cm-light,original,242,812,755,0,0.21359717845916748,"[755, 668, 733, 812, 900]","[0.21359717845916748, 0.10458426177501678, 0.0951823741197586, 0.07119718939065933, 0.06641252338886261]"
cm-light,original,243,988,988,1,0.9978590607643127,"[988, 989, 376, 315, 11]","[0.9978590607643127, 0.00030183984199538827, 0.00019373244140297174, 0.00017018061771523207, 0.00015862139116507024]"
cm-light,original,244,322,324,0,0.3909468352794647,"[324, 322, 325, 326, 448]","[0.3909468352794647, 0.34698286652565, 0.05641331896185875, 0.02611488290131092, 0.025990135967731476]"
cm-light,original,245,131,131,1,0.504168689250946,"[131, 136, 135, 91, 132]","[0.504168689250946, 0.15368212759494781, 0.09702432155609131, 0.030975574627518654, 0.01650540716946125]"
cm-light,original,246,309,946,0,0.5954744815826416,"[946, 985, 309, 72, 322]","[0.5954744815826416, 0.1038585752248764, 0.08432842791080475, 0.046341221779584885, 0.04074925556778908]"
cm-light,original,247,324,14,0,0.17421838641166687,"[14, 324, 313, 943, 448]","[0.17421838641166687, 0.17369712889194489, 0.09227018058300018, 0.060863908380270004, 0.050114113837480545]"
cm-light,original,248,133,133,1,0.2789286673069,"[133, 520, 441, 696, 319]","[0.2789286673069, 0.11615130305290222, 0.0935947448015213, 0.06903573870658875, 0.029619304463267326]"
cm-light,original,249,988,988,1,0.9131054282188416,"[988, 953, 376, 17, 97]","[0.9131054282188416, 0.013710550963878632, 0.008169815875589848, 0.0064554521813988686, 0.005630025174468756]"
cm-light,original,250,13,12,0,0.6564757227897644,"[12, 13, 16, 91, 94]","[0.6564757227897644, 0.10140565037727356, 0.056679319590330124, 0.04576411470770836, 0.025784306228160858]"
cm-light,original,251,309,309,1,0.31245121359825134,"[309, 496, 452, 1, 397]","[0.31245121359825134, 0.10969972610473633, 0.08248153328895569, 0.059611428529024124, 0.05482698231935501]"
cm-light,original,252,991,991,1,0.6558199524879456,"[991, 937, 115, 396, 924]","[0.6558199524879456, 0.11394724994897842, 0.055784307420253754, 0.02434474043548107, 0.012657521292567253]"
cm-light,original,253,303,935,0,0.44319093227386475,"[935, 303, 308, 956, 94]","[0.44319093227386475, 0.28491801023483276, 0.06856538355350494, 0.03757947310805321, 0.03657064586877823]"
cm-light,original,254,309,985,0,0.6875441074371338,"[985, 309, 70, 303, 319]","[0.6875441074371338, 0.23605406284332275, 0.023243172094225883, 0.019299611449241638, 0.004270552657544613]"
cm-light,original,255,324,324,1,0.9968461394309998,"[324, 325, 322, 448, 947]","[0.9968461394309998, 0.0023203783202916384, 0.00028336633113212883, 0.00011173167877132073, 7.835818541934714e-05]"
cm-light,original,256,303,303,1,0.7438117861747742,"[303, 302, 352, 307, 319]","[0.7438117861747742, 0.08487564325332642, 0.02717423439025879, 0.025264492258429527, 0.01088039018213749]"
cm-light,original,257,323,323,1,0.912833571434021,"[323, 321, 324, 325, 946]","[0.912833571434021, 0.045807600021362305, 0.021754885092377663, 0.0032063950784504414, 0.00238413386978209]"
cm-light,original,258,989,989,1,0.979005753993988,"[989, 945, 988, 312, 308]","[0.979005753993988, 0.005683405790477991, 0.0021551912650465965, 0.0017050933092832565, 0.001662638271227479]"
cm-light,original,259,324,324,1,0.45746615529060364,"[324, 325, 309, 985, 448]","[0.45746615529060364, 0.20189887285232544, 0.06363192945718765, 0.05072850361466408, 0.028780482709407806]"
cm-light,original,260,989,989,1,0.9746958613395691,"[989, 945, 939, 943, 949]","[0.9746958613395691, 0.007332243956625462, 0.005667723249644041, 0.0031620904337614775, 0.002330734394490719]"
cm-light,original,261,323,323,1,0.9485494494438171,"[323, 985, 309, 879, 73]","[0.9485494494438171, 0.014876013621687889, 0.010738801211118698, 0.007343248464167118, 0.0015655221650376916]"
cm-light,original,262,78,123,0,0.09529158473014832,"[123, 316, 32, 309, 308]","[0.09529158473014832, 0.09163525700569153, 0.05688340589404106, 0.054148267954587936, 0.04756046459078789]"
cm-light,original,263,945,55,0,0.23462915420532227,"[55, 64, 118, 122, 945]","[0.23462915420532227, 0.192611962556839, 0.10730494558811188, 0.05212676525115967, 0.04841500148177147]"
cm-light,original,264,303,303,1,0.33209094405174255,"[303, 14, 321, 313, 319]","[0.33209094405174255, 0.08576621860265732, 0.07643797248601913, 0.04842003434896469, 0.04513566941022873]"
cm-light,original,265,78,75,0,0.7229200601577759,"[75, 303, 310, 300, 302]","[0.7229200601577759, 0.1188030019402504, 0.055467039346694946, 0.023023677989840508, 0.019344478845596313]"
cm-light,original,266,323,323,1,0.9835016131401062,"[323, 321, 28, 328, 25]","[0.9835016131401062, 0.0035269702784717083, 0.0018919099820777774, 0.0017889197915792465, 0.0011027965229004622]"
cm-light,original,267,309,309,1,0.2769719064235687,"[309, 723, 325, 324, 452]","[0.2769719064235687, 0.12263273447751999, 0.051357876509428024, 0.04546910896897316, 0.04103441908955574]"
cm-light,original,268,77,31,0,0.5856053233146667,"[31, 317, 943, 32, 40]","[0.5856053233146667, 0.13571272790431976, 0.10292235016822815, 0.045070257037878036, 0.04128124192357063]"
cm-light,original,269,945,989,0,0.17049670219421387,"[989, 945, 552, 939, 943]","[0.17049670219421387, 0.13847555220127106, 0.12340137362480164, 0.06848659366369247, 0.050909869372844696]"
cm-light,original,270,322,94,0,0.33368363976478577,"[94, 310, 74, 309, 14]","[0.33368363976478577, 0.09978245943784714, 0.09824568778276443, 0.09137431532144547, 0.037450265139341354]"
cm-light,original,271,27,27,1,0.5267218947410583,"[27, 1, 90, 88, 136]","[0.5267218947410583, 0.2864575684070587, 0.12237900495529175, 0.019422629848122597, 0.0062387133948504925]"
cm-light,original,272,321,321,1,0.9996211528778076,"[321, 324, 325, 323, 322]","[0.9996211528778076, 0.00016808556392788887, 8.70558142196387e-05, 7.876539166318253e-05, 1.0590225429041311e-05]"
cm-light,original,273,323,323,1,0.9788848757743835,"[323, 14, 16, 951, 93]","[0.9788848757743835, 0.002412706846371293, 0.0020734546706080437, 0.0017887664726004004, 0.0016550945583730936]"
cm-light,original,274,937,988,0,0.27809837460517883,"[988, 937, 956, 951, 936]","[0.27809837460517883, 0.14187249541282654, 0.057539213448762894, 0.05738314613699913, 0.0523003414273262]"
cm-light,original,275,73,323,0,0.31393545866012573,"[323, 318, 324, 321, 325]","[0.31393545866012573, 0.09029742330312729, 0.08882579207420349, 0.07784703373908997, 0.07323842495679855]"
cm-light,original,276,322,322,1,0.9928799271583557,"[322, 325, 303, 324, 326]","[0.9928799271583557, 0.004831352271139622, 0.0006522431503981352, 0.0005703687784262002, 0.00014864605327602476]"
cm-light,original,277,40,770,0,0.06383045017719269,"[770, 47, 71, 46, 120]","[0.06383045017719269, 0.05413411185145378, 0.04811030626296997, 0.04737328365445137, 0.04321454465389252]"
cm-light,original,278,31,163,0,0.2186676561832428,"[163, 382, 168, 191, 467]","[0.2186676561832428, 0.04860657453536987, 0.03386036679148674, 0.032496824860572815, 0.0299814585596323]"
cm-light,original,279,321,321,1,0.9904938340187073,"[321, 723, 1, 90, 323]","[0.9904938340187073, 0.0025358537677675486, 0.0021524918265640736, 0.0008436139323748648, 0.00039686038508079946]"
cm-light,original,280,58,133,0,0.15949037671089172,"[133, 136, 58, 64, 79]","[0.15949037671089172, 0.07658126205205917, 0.06282047182321548, 0.03615992143750191, 0.02814246155321598]"
cm-light,original,281,309,309,1,0.27975377440452576,"[309, 303, 324, 283, 938]","[0.27975377440452576, 0.11337524652481079, 0.06287653744220734, 0.0608413927257061, 0.05782412737607956]"
cm-light,original,282,303,303,1,0.20935273170471191,"[303, 302, 309, 316, 120]","[0.20935273170471191, 0.1363697201013565, 0.0762074813246727, 0.06893062591552734, 0.05410592257976532]"
cm-light,original,283,325,325,1,0.9353376030921936,"[325, 326, 322, 989, 311]","[0.9353376030921936, 0.03242432698607445, 0.010795041918754578, 0.0037372650112956762, 0.0014329084660857916]"
cm-light,original,284,323,323,1,0.9999895095825195,"[323, 72, 321, 74, 300]","[0.9999895095825195, 3.4323454656259855e-06, 2.74012904810661e-06, 1.0331986004530336e-06, 7.391898293462873e-07]"
cm-light,original,285,304,304,1,0.4719580113887787,"[304, 314, 309, 303, 319]","[0.4719580113887787, 0.15057964622974396, 0.05382411554455757, 0.049320053309202194, 0.026896756142377853]"
cm-light,original,286,18,18,1,0.9989105463027954,"[18, 128, 134, 768, 23]","[0.9989105463027954, 0.000608405563980341, 0.00031358771957457066, 2.5409362933714874e-05, 2.096641401294619e-05]"
cm-light,original,287,178,208,0,0.35705241560935974,"[208, 150, 178, 159, 209]","[0.35705241560935974, 0.17420274019241333, 0.16290760040283203, 0.06256919354200363, 0.05507795512676239]"
cm-light,original,288,83,83,1,0.9785503149032593,"[83, 815, 82, 73, 86]","[0.9785503149032593, 0.005321000702679157, 0.00374997709877789, 0.002227505436167121, 0.0019454753492027521]"
cm-light,original,289,362,362,1,0.982391893863678,"[362, 269, 361, 278, 271]","[0.982391893863678, 0.0035027856938540936, 0.0020786775276064873, 0.0009763716370798647, 0.0009510954259894788]"
cm-light,original,290,272,272,1,0.210565447807312,"[272, 299, 280, 336, 278]","[0.210565447807312, 0.12408997863531113, 0.10832863301038742, 0.09090998023748398, 0.08277629315853119]"
cm-light,original,291,102,102,1,0.4275282621383667,"[102, 48, 106, 150, 299]","[0.4275282621383667, 0.1376802772283554, 0.06857002526521683, 0.04810275509953499, 0.03300311043858528]"
cm-light,original,292,423,423,1,0.9955865144729614,"[423, 559, 634, 653, 410]","[0.9955865144729614, 0.000567946583032608, 0.000395762239350006, 0.0002566704642958939, 0.00016736818361096084]"
cm-light,original,293,543,857,0,0.17888960242271423,"[857, 491, 63, 758, 502]","[0.17888960242271423, 0.0886148139834404, 0.048251137137413025, 0.03294757753610611, 0.03154851496219635]"
cm-light,original,294,277,182,0,0.17528846859931946,"[182, 193, 185, 184, 201]","[0.17528846859931946, 0.06498737633228302, 0.06084521859884262, 0.05859887972474098, 0.04736010730266571]"
cm-light,original,295,428,428,1,0.8186317682266235,"[428, 730, 866, 764, 586]","[0.8186317682266235, 0.08907566219568253, 0.022694099694490433, 0.0061681694351136684, 0.005353101529181004]"
cm-light,original,296,134,858,0,0.2675597667694092,"[858, 460, 61, 912, 646]","[0.2675597667694092, 0.14821003377437592, 0.05975141003727913, 0.0503702238202095, 0.04157717525959015]"
cm-light,original,297,298,298,1,0.75652676820755,"[298, 730, 330, 299, 363]","[0.75652676820755, 0.02809562347829342, 0.02169538103044033, 0.019793903455138206, 0.01535489596426487]"
cm-light,original,298,170,269,0,0.09737581014633179,"[269, 371, 277, 373, 331]","[0.09737581014633179, 0.09498005360364914, 0.07584626227617264, 0.06634730845689774, 0.049287501722574234]"
cm-light,original,299,363,335,0,0.20659346878528595,"[335, 280, 363, 380, 382]","[0.20659346878528595, 0.19238106906414032, 0.09931699931621552, 0.09485692530870438, 0.06361781805753708]"
cm-light,original,300,356,291,0,0.1147661879658699,"[291, 69, 43, 49, 331]","[0.1147661879658699, 0.06348710507154465, 0.052825961261987686, 0.04948928952217102, 0.03737717494368553]"
cm-light,original,301,161,161,1,0.5896964073181152,"[161, 162, 166, 167, 253]","[0.5896964073181152, 0.1471615731716156, 0.08496402949094772, 0.05527692288160324, 0.04317717254161835]"
cm-light,original,302,254,467,0,0.4542946517467499,"[467, 415, 937, 959, 965]","[0.4542946517467499, 0.049070652574300766, 0.041572630405426025, 0.034872446209192276, 0.03440938517451286]"
cm-light,original,303,145,145,1,0.9999997615814209,"[145, 146, 99, 158, 171]","[0.9999997615814209, 9.274243240042779e-08, 5.245061984737731e-08, 1.1896008622613863e-08, 9.85113857154829e-09]"
cm-light,original,304,171,374,0,0.125206857919693,"[374, 376, 278, 330, 211]","[0.125206857919693, 0.047495998442173004, 0.04613446816802025, 0.042870160192251205, 0.03269730135798454]"
cm-light,original,305,299,14,0,0.08468236029148102,"[14, 86, 124, 82, 131]","[0.08468236029148102, 0.07210297882556915, 0.058393530547618866, 0.05734177678823471, 0.04818463698029518]"
cm-light,original,306,251,251,1,0.9700607657432556,"[251, 81, 212, 246, 222]","[0.9700607657432556, 0.010518908500671387, 0.006044459994882345, 0.0021380814723670483, 0.0014151640934869647]"
cm-light,original,307,292,37,0,0.30459290742874146,"[37, 292, 35, 125, 33]","[0.30459290742874146, 0.07800392806529999, 0.051681697368621826, 0.04931831732392311, 0.039230696856975555]"
cm-light,original,308,77,77,1,0.33509284257888794,"[77, 71, 79, 46, 120]","[0.33509284257888794, 0.08609014749526978, 0.05626794323325157, 0.03989119082689285, 0.03378767520189285]"
cm-light,original,309,305,305,1,0.8387376070022583,"[305, 994, 995, 997, 67]","[0.8387376070022583, 0.02513628453016281, 0.02375452034175396, 0.023639513179659843, 0.016861869022250175]"
cm-light,original,310,299,282,0,0.16267262399196625,"[282, 102, 360, 177, 192]","[0.16267262399196625, 0.12506692111492157, 0.10794375091791153, 0.07633639872074127, 0.06509812921285629]"
cm-light,original,311,83,133,0,0.4453231394290924,"[133, 83, 37, 343, 135]","[0.4453231394290924, 0.10490275174379349, 0.04061790183186531, 0.03849911317229271, 0.03788413479924202]"
cm-light,original,312,362,362,1,0.44337737560272217,"[362, 272, 336, 298, 276]","[0.44337737560272217, 0.03461930900812149, 0.026918714866042137, 0.025782689452171326, 0.025096291676163673]"
cm-light,original,313,85,85,1,0.9993625283241272,"[85, 63, 81, 135, 80]","[0.9993625283241272, 7.609414024045691e-05, 7.247152097988874e-05, 5.882635014131665e-05, 5.670892642228864e-05]"
cm-light,original,314,203,203,1,0.9635745286941528,"[203, 192, 188, 185, 189]","[0.9635745286941528, 0.006101613398641348, 0.005304921418428421, 0.0031107100658118725, 0.0023780481424182653]"
cm-light,original,315,79,75,0,0.13284307718276978,"[75, 302, 77, 114, 301]","[0.13284307718276978, 0.09565682709217072, 0.08662164211273193, 0.07116750627756119, 0.05976131930947304]"
cm-light,original,316,71,125,0,0.09136772155761719,"[125, 277, 17, 67, 38]","[0.09136772155761719, 0.04131152480840683, 0.03861980885267258, 0.037185922265052795, 0.03216330707073212]"
cm-light,original,317,298,48,0,0.31871387362480164,"[48, 61, 298, 62, 54]","[0.31871387362480164, 0.10594146698713303, 0.08491967618465424, 0.06968049705028534, 0.0593428835272789]"
cm-light,original,318,336,336,1,0.433013916015625,"[336, 278, 294, 191, 335]","[0.433013916015625, 0.12217492610216141, 0.04991496354341507, 0.036248963326215744, 0.03508274257183075]"
cm-light,original,319,425,425,1,0.6516799926757812,"[425, 853, 449, 427, 538]","[0.6516799926757812, 0.07658244669437408, 0.04270853474736214, 0.027153590694069862, 0.02279135398566723]"
cm-light,original,320,137,143,0,0.18165411055088043,"[143, 136, 189, 286, 91]","[0.18165411055088043, 0.06535084545612335, 0.06291313469409943, 0.04747861623764038, 0.032239750027656555]"
cm-light,original,321,372,330,0,0.1719500869512558,"[330, 135, 272, 331, 83]","[0.1719500869512558, 0.059686023741960526, 0.048610031604766846, 0.042381931096315384, 0.04151877015829086]"
cm-light,original,322,958,815,0,0.11353978514671326,"[815, 109, 272, 293, 133]","[0.11353978514671326, 0.03888244181871414, 0.0380973294377327, 0.03375112637877464, 0.031903646886348724]"
cm-light,original,323,232,8,0,0.1688646674156189,"[8, 184, 7, 266, 191]","[0.1688646674156189, 0.043485380709171295, 0.04135990887880325, 0.037655308842659, 0.03598843887448311]"
cm-light,original,324,279,296,0,0.39670825004577637,"[296, 279, 348, 270, 89]","[0.39670825004577637, 0.2915056645870209, 0.08793323487043381, 0.0786646157503128, 0.04160625860095024]"
cm-light,original,325,146,272,0,0.12148945778608322,"[272, 132, 972, 276, 143]","[0.12148945778608322, 0.08825036138296127, 0.08716193586587906, 0.04529731348156929, 0.04190227389335632]"
cm-light,original,326,352,352,1,0.277109831571579,"[352, 351, 275, 340, 276]","[0.277109831571579, 0.10898041725158691, 0.0692657008767128, 0.046246498823165894, 0.03834265470504761]"
cm-light,original,327,958,979,0,0.38266509771347046,"[979, 970, 888, 958, 672]","[0.38266509771347046, 0.2870509922504425, 0.11891776323318481, 0.018739255145192146, 0.017847593873739243]"
cm-light,original,328,958,958,1,0.8729068040847778,"[958, 425, 649, 888, 483]","[0.8729068040847778, 0.03033117949962616, 0.019185543060302734, 0.016627518460154533, 0.007026154547929764]"
cm-light,original,329,275,275,1,0.5122030973434448,"[275, 349, 172, 269, 170]","[0.5122030973434448, 0.07000575214624405, 0.051228974014520645, 0.03705994784832001, 0.029782194644212723]"
cm-light,original,330,888,888,1,0.8216778039932251,"[888, 525, 821, 853, 716]","[0.8216778039932251, 0.08429408073425293, 0.06023020297288895, 0.009624478407204151, 0.0021453211084008217]"
cm-light,original,331,352,352,1,0.285963773727417,"[352, 303, 351, 307, 730]","[0.285963773727417, 0.2015891820192337, 0.12230722606182098, 0.045705486088991165, 0.04021698981523514]"
cm-light,original,332,85,85,1,0.3197631537914276,"[85, 18, 82, 135, 100]","[0.3197631537914276, 0.08192023634910583, 0.07790873199701309, 0.061222802847623825, 0.05886094644665718]"
cm-light,original,333,9,9,1,0.3203516900539398,"[9, 275, 276, 336, 294]","[0.3203516900539398, 0.2461300641298294, 0.1300991028547287, 0.05136813595890999, 0.031214790418744087]"
cm-light,original,334,199,295,0,0.6631396412849426,"[295, 357, 136, 297, 8]","[0.6631396412849426, 0.04563117399811745, 0.0282366331666708, 0.021983815357089043, 0.021021641790866852]"
cm-light,original,335,522,522,1,0.2417716532945633,"[522, 805, 880, 768, 171]","[0.2417716532945633, 0.23885399103164673, 0.0733608603477478, 0.02979538030922413, 0.028248924762010574]"
cm-light,original,336,340,890,0,0.7544413805007935,"[890, 807, 900, 522, 254]","[0.7544413805007935, 0.023269565775990486, 0.015722759068012238, 0.012712090276181698, 0.011846502311527729]"
cm-light,original,337,9,9,1,0.9667346477508545,"[9, 347, 355, 182, 233]","[0.9667346477508545, 0.0048553249798715115, 0.003872811794281006, 0.003451573895290494, 0.0029274781700223684]"
cm-light,original,338,386,386,1,0.6774216294288635,"[386, 385, 348, 354, 101]","[0.6774216294288635, 0.11387617886066437, 0.028300831094384193, 0.027672914788126945, 0.024514153599739075]"
cm-light,original,339,274,246,0,0.06467708945274353,"[246, 354, 213, 766, 127]","[0.06467708945274353, 0.05050808936357498, 0.0409155935049057, 0.03238977864384651, 0.022404612973332405]"
cm-light,original,340,274,365,0,0.3820968270301819,"[365, 366, 182, 213, 256]","[0.3820968270301819, 0.05114193260669708, 0.03379160165786743, 0.03200652077794075, 0.031071405857801437]"
cm-light,original,341,254,981,0,0.17960941791534424,"[981, 560, 151, 830, 251]","[0.17960941791534424, 0.1042432114481926, 0.08666107058525085, 0.03572076931595802, 0.035463038831949234]"
cm-light,original,342,185,193,0,0.16822996735572815,"[193, 192, 226, 231, 185]","[0.16822996735572815, 0.1154034286737442, 0.10488419234752655, 0.0683547779917717, 0.062435634434223175]"
cm-light,original,343,169,189,0,0.3555826246738434,"[189, 271, 270, 194, 191]","[0.3555826246738434, 0.05508340522646904, 0.04858377203345299, 0.047373365610837936, 0.043285954743623734]"
cm-light,original,344,193,192,0,0.2823118567466736,"[192, 182, 187, 191, 193]","[0.2823118567466736, 0.15483538806438446, 0.09048572927713394, 0.057575713843107224, 0.044996973127126694]"
cm-light,original,345,355,109,0,0.5769001245498657,"[109, 646, 888, 858, 979]","[0.5769001245498657, 0.05317630618810654, 0.04892854392528534, 0.045125413686037064, 0.036773502826690674]"
cm-light,original,346,83,83,1,0.9916513562202454,"[83, 340, 133, 80, 142]","[0.9916513562202454, 0.0021625712979584932, 0.0007575934287160635, 0.0007131206220947206, 0.0006289163138717413]"
cm-light,original,347,355,355,1,0.3336421251296997,"[355, 231, 160, 230, 196]","[0.3336421251296997, 0.20957471430301666, 0.2089245468378067, 0.03974577412009239, 0.022434700280427933]"
cm-light,original,348,172,134,0,0.2662549614906311,"[134, 354, 177, 246, 170]","[0.2662549614906311, 0.0789499580860138, 0.06690371781587601, 0.06470661610364914, 0.06276978552341461]"
cm-light,original,349,958,958,1,0.710544764995575,"[958, 806, 84, 646, 293]","[0.710544764995575, 0.0549793466925621, 0.031283266842365265, 0.01924729160964489, 0.017212625592947006]"
cm-light,original,350,425,425,1,0.9900180697441101,"[425, 912, 888, 853, 958]","[0.9900180697441101, 0.0015160641632974148, 0.0008827275014482439, 0.0008040560642257333, 0.0006320432294160128]"
cm-light,original,351,958,958,1,0.7985028624534607,"[958, 209, 348, 69, 853]","[0.7985028624534607, 0.03873654082417488, 0.02130027301609516, 0.019187448546290398, 0.013058063574135303]"
cm-light,original,352,425,425,1,0.8797623515129089,"[425, 915, 672, 386, 449]","[0.8797623515129089, 0.09458416700363159, 0.0042984564788639545, 0.003559343982487917, 0.001463169464841485]"
cm-light,original,353,681,0,0,0.7316321134567261,"[0, 391, 672, 394, 428]","[0.7316321134567261, 0.049609601497650146, 0.04641075059771538, 0.016653990373015404, 0.016330143436789513]"
cm-light,original,354,755,755,1,0.341657429933548,"[755, 727, 497, 682, 832]","[0.341657429933548, 0.17303064465522766, 0.04448110610246658, 0.036472588777542114, 0.036062974482774734]"
cm-light,original,355,251,251,1,0.2836204171180725,"[251, 703, 649, 912, 428]","[0.2836204171180725, 0.15508130192756653, 0.0911274403333664, 0.061753008514642715, 0.03752889111638069]"
cm-light,original,356,209,211,0,0.25963714718818665,"[211, 353, 352, 386, 163]","[0.25963714718818665, 0.06946483999490738, 0.05434712395071983, 0.04055454954504967, 0.03704166039824486]"
cm-light,original,357,872,348,0,0.06210848316550255,"[348, 837, 91, 413, 18]","[0.06210848316550255, 0.04279491677880287, 0.04251427575945854, 0.03755730763077736, 0.029016559943556786]"
cm-light,original,358,177,177,1,0.7866988778114319,"[177, 385, 233, 197, 206]","[0.7866988778114319, 0.0519552119076252, 0.018013764172792435, 0.017779072746634483, 0.016444804146885872]"
cm-light,original,359,172,172,1,0.4596152603626251,"[172, 272, 269, 287, 291]","[0.4596152603626251, 0.16639670729637146, 0.035066816955804825, 0.030648890882730484, 0.027266474440693855]"
cm-light,original,360,425,425,1,0.9605388045310974,"[425, 595, 449, 853, 660]","[0.9605388045310974, 0.011764558032155037, 0.004604510962963104, 0.004466280806809664, 0.0022085753735154867]"
cm-light,original,361,191,191,1,0.40888404846191406,"[191, 189, 226, 355, 192]","[0.40888404846191406, 0.22198925912380219, 0.07934800535440445, 0.04344654083251953, 0.030709823593497276]"
cm-light,original,362,23,23,1,0.2500350773334503,"[23, 84, 128, 93, 853]","[0.2500350773334503, 0.15990926325321198, 0.06008612737059593, 0.04869646206498146, 0.03023606166243553]"
cm-light,original,363,353,351,0,0.13439075648784637,"[351, 350, 339, 225, 211]","[0.13439075648784637, 0.12247007340192795, 0.09610137343406677, 0.05609570071101189, 0.050893574953079224]"
cm-light,original,364,209,209,1,0.10432923585176468,"[209, 234, 348, 355, 345]","[0.10432923585176468, 0.062311913818120956, 0.05279700830578804, 0.05027971416711807, 0.04159514978528023]"
cm-light,original,365,352,261,0,0.076038658618927,"[261, 174, 249, 254, 84]","[0.076038658618927, 0.059295881539583206, 0.05090521275997162, 0.04520564153790474, 0.04086459428071976]"
cm-light,original,366,690,866,0,0.34064000844955444,"[866, 595, 472, 730, 856]","[0.34064000844955444, 0.170511856675148, 0.09707693010568619, 0.08878637105226517, 0.08016981929540634]"
cm-light,original,367,348,346,0,0.3224845826625824,"[346, 348, 386, 888, 345]","[0.3224845826625824, 0.25973471999168396, 0.06414597481489182, 0.062127187848091125, 0.046352315694093704]"
cm-light,original,368,336,331,0,0.21325524151325226,"[331, 86, 293, 82, 946]","[0.21325524151325226, 0.12525908648967743, 0.03604524955153465, 0.03549227491021156, 0.035406943410634995]"
cm-light,original,369,574,574,1,0.9774116277694702,"[574, 947, 113, 1, 29]","[0.9774116277694702, 0.003527800552546978, 0.001808153698220849, 0.0013933905865997076, 0.0009821245912462473]"
cm-light,original,370,172,172,1,0.20151622593402863,"[172, 246, 235, 99, 0]","[0.20151622593402863, 0.08188620954751968, 0.061442453414201736, 0.0499313585460186, 0.0270360317081213]"
cm-light,original,371,428,428,1,0.43608608841896057,"[428, 525, 976, 972, 483]","[0.43608608841896057, 0.10352471470832825, 0.06648425757884979, 0.052718911319971085, 0.044675957411527634]"
cm-light,original,372,277,330,0,0.16704997420310974,"[330, 331, 271, 275, 274]","[0.16704997420310974, 0.08127835392951965, 0.07241687923669815, 0.06716693937778473, 0.06218232959508896]"
cm-light,original,373,209,349,0,0.37328144907951355,"[349, 348, 268, 347, 350]","[0.37328144907951355, 0.1318158358335495, 0.0523010715842247, 0.05115411430597305, 0.03588681295514107]"
cm-light,original,374,575,575,1,0.9991415739059448,"[575, 670, 981, 751, 621]","[0.9991415739059448, 0.00021051707153674215, 0.00011008736328221858, 4.195026485831477e-05, 3.5213291994296014e-05]"
cm-light,original,375,958,958,1,0.9809575080871582,"[958, 649, 972, 425, 976]","[0.9809575080871582, 0.01582876220345497, 0.0011306508677080274, 0.0003163888759445399, 0.00016557406343054026]"
cm-light,original,376,340,340,1,0.3462628126144409,"[340, 293, 192, 199, 197]","[0.3462628126144409, 0.05977737531065941, 0.057169366627931595, 0.05426947399973869, 0.05090191960334778]"
cm-light,original,377,191,274,0,0.10071539878845215,"[274, 193, 191, 291, 331]","[0.10071539878845215, 0.07196803390979767, 0.06428258866071701, 0.05173942819237709, 0.04218461364507675]"
cm-light,original,378,232,230,0,0.11979705840349197,"[230, 231, 238, 241, 249]","[0.11979705840349197, 0.11189424991607666, 0.07747215032577515, 0.06277027726173401, 0.062373992055654526]"
cm-light,original,379,352,352,1,0.11022661626338959,"[352, 83, 274, 347, 343]","[0.11022661626338959, 0.09040684998035431, 0.07766076177358627, 0.06368698179721832, 0.043913621455430984]"
cm-light,original,380,373,287,0,0.08544810116291046,"[287, 373, 48, 106, 342]","[0.08544810116291046, 0.07223200052976608, 0.06255833804607391, 0.03784237056970596, 0.032817937433719635]"
cm-light,original,381,353,977,0,0.05818238481879234,"[977, 915, 672, 825, 9]","[0.05818238481879234, 0.05286781117320061, 0.04663246124982834, 0.039738625288009644, 0.03927858546376228]"
cm-light,original,382,888,888,1,0.9834532141685486,"[888, 646, 958, 347, 346]","[0.9834532141685486, 0.005893871653825045, 0.002883457811549306, 0.0015897457487881184, 0.0011051205219700933]"
cm-light,original,383,286,276,0,0.08570538461208344,"[276, 286, 102, 299, 500]","[0.08570538461208344, 0.08558303117752075, 0.064818374812603, 0.05642237886786461, 0.04900243133306503]"
cm-light,original,384,299,299,1,0.7930611968040466,"[299, 276, 298, 287, 354]","[0.7930611968040466, 0.054422225803136826, 0.04041513800621033, 0.008598717860877514, 0.005887114908546209]"
cm-light,original,385,350,336,0,0.11909903585910797,"[336, 81, 8, 938, 299]","[0.11909903585910797, 0.11307859420776367, 0.07676079124212265, 0.0537923239171505, 0.029830267652869225]"
cm-light,original,386,143,143,1,0.9971320629119873,"[143, 146, 99, 97, 128]","[0.9971320629119873, 0.0011762434151023626, 0.0001908190897665918, 0.00018246326362714171, 0.00017290620598942041]"
cm-light,original,387,336,336,1,0.2406758964061737,"[336, 298, 48, 45, 58]","[0.2406758964061737, 0.06101713702082634, 0.05044398084282875, 0.05012058466672897, 0.04987132176756859]"
cm-light,original,388,353,381,0,0.16494759917259216,"[381, 271, 255, 378, 272]","[0.16494759917259216, 0.04821208119392395, 0.0418144054710865, 0.03663316369056702, 0.030536560341715813]"
cm-light,original,389,305,995,0,0.15063954889774323,"[995, 39, 956, 249, 305]","[0.15063954889774323, 0.14854146540164948, 0.114194355905056, 0.1035989299416542, 0.058855753391981125]"
cm-light,original,390,349,348,0,0.36892202496528625,"[348, 349, 350, 336, 357]","[0.36892202496528625, 0.30606943368911743, 0.058478422462940216, 0.03179137408733368, 0.026037467643618584]"
cm-light,original,391,11,825,0,0.17084155976772308,"[825, 146, 327, 45, 649]","[0.17084155976772308, 0.07909504324197769, 0.07271090149879456, 0.03997145593166351, 0.03948027640581131]"
cm-light,original,392,26,125,0,0.09945578128099442,"[125, 988, 61, 113, 36]","[0.09945578128099442, 0.0741320475935936, 0.06765485554933548, 0.056350767612457275, 0.05273786932229996]"
cm-light,original,393,336,45,0,0.6472746729850769,"[45, 336, 42, 274, 298]","[0.6472746729850769, 0.07628262042999268, 0.03902091830968857, 0.016009358689188957, 0.014634491875767708]"
cm-light,original,394,79,27,0,0.20366904139518738,"[27, 57, 120, 26, 114]","[0.20366904139518738, 0.05060994252562523, 0.04781559854745865, 0.042046401649713516, 0.040769949555397034]"
cm-light,original,395,63,961,0,0.091717429459095,"[961, 395, 766, 116, 60]","[0.091717429459095, 0.0834478959441185, 0.08106642216444016, 0.07404270768165588, 0.05502789095044136]"
cm-light,original,396,349,348,0,0.6029301285743713,"[348, 349, 350, 701, 21]","[0.6029301285743713, 0.36345723271369934, 0.014989400282502174, 0.00222372985444963, 0.001974512357264757]"
cm-light,original,397,17,287,0,0.15753263235092163,"[287, 48, 39, 388, 336]","[0.15753263235092163, 0.1437269002199173, 0.10278929769992828, 0.051735710352659225, 0.039686862379312515]"
cm-light,original,398,354,349,0,0.10670032352209091,"[349, 286, 345, 344, 48]","[0.10670032352209091, 0.06934288144111633, 0.06599678099155426, 0.0532722994685173, 0.05207478627562523]"
cm-light,original,399,172,272,0,0.25422701239585876,"[272, 269, 278, 277, 274]","[0.25422701239585876, 0.1621399074792862, 0.07123193144798279, 0.061548881232738495, 0.048822615295648575]"
cm-light,original,400,390,55,0,0.420985609292984,"[55, 58, 327, 390, 65]","[0.420985609292984, 0.06852466613054276, 0.061436716467142105, 0.054987598210573196, 0.0540185421705246]"
cm-light,original,401,42,58,0,0.25710511207580566,"[58, 119, 125, 65, 115]","[0.25710511207580566, 0.09910744428634644, 0.04687615483999252, 0.04229382425546646, 0.03850764036178589]"
cm-light,original,402,251,251,1,0.5815709829330444,"[251, 45, 300, 246, 56]","[0.5815709829330444, 0.13453982770442963, 0.03845931589603424, 0.03401423245668411, 0.02245977148413658]"
cm-light,original,403,13,994,0,0.10590570420026779,"[994, 10, 13, 81, 289]","[0.10590570420026779, 0.09864185005426407, 0.051077812910079956, 0.04636402055621147, 0.045396026223897934]"
cm-light,original,404,139,139,1,0.9993115663528442,"[139, 81, 8, 125, 67]","[0.9993115663528442, 0.0003159483312629163, 5.450558091979474e-05, 4.5250882976688445e-05, 2.936261626018677e-05]"
cm-light,original,405,336,336,1,0.8637927770614624,"[336, 373, 279, 269, 104]","[0.8637927770614624, 0.034846819937229156, 0.009496130980551243, 0.008407659828662872, 0.006122860126197338]"
cm-light,original,406,277,37,0,0.4241061210632324,"[37, 35, 989, 139, 36]","[0.4241061210632324, 0.11680171638727188, 0.03610692173242569, 0.02787366323173046, 0.02166515588760376]"
cm-light,original,407,375,375,1,0.14447344839572906,"[375, 164, 136, 383, 176]","[0.14447344839572906, 0.08167585730552673, 0.05062752962112427, 0.04828333482146263, 0.04539845883846283]"
cm-light,original,408,26,40,0,0.22406655550003052,"[40, 94, 54, 24, 316]","[0.22406655550003052, 0.13517898321151733, 0.07567097246646881, 0.06051594763994217, 0.04484785348176956]"
cm-light,original,409,295,295,1,0.16400879621505737,"[295, 244, 342, 182, 370]","[0.16400879621505737, 0.07483384758234024, 0.04288576543331146, 0.04240129142999649, 0.041332144290208817]"
cm-light,original,410,674,835,0,0.21391494572162628,"[835, 587, 44, 39, 48]","[0.21391494572162628, 0.06955983489751816, 0.06947556883096695, 0.058126792311668396, 0.0569484569132328]"
cm-light,original,411,57,825,0,0.12994861602783203,"[825, 652, 57, 62, 299]","[0.12994861602783203, 0.1192716509103775, 0.10485561192035675, 0.07215884327888489, 0.04087984934449196]"
cm-light,original,412,59,825,0,0.4906659722328186,"[825, 996, 61, 291, 51]","[0.4906659722328186, 0.0512857660651207, 0.04933562129735947, 0.04765469953417778, 0.04759342968463898]"
cm-light,original,413,357,649,0,0.16057391464710236,"[649, 972, 256, 137, 295]","[0.16057391464710236, 0.11683649569749832, 0.05173470452427864, 0.0516599602997303, 0.049034107476472855]"
cm-light,original,414,336,336,1,0.5730063915252686,"[336, 294, 298, 291, 42]","[0.5730063915252686, 0.11320338398218155, 0.07274308800697327, 0.04781494289636612, 0.01639178954064846]"
cm-light,original,415,86,86,1,0.1937800794839859,"[86, 140, 39, 17, 82]","[0.1937800794839859, 0.11853405088186264, 0.07804613560438156, 0.06541509181261063, 0.06266830116510391]"
cm-light,original,416,62,976,0,0.07750561833381653,"[976, 980, 58, 970, 972]","[0.07750561833381653, 0.07531685382127762, 0.061753809452056885, 0.053945448249578476, 0.04738924279808998]"
cm-light,original,417,677,825,0,0.10151992738246918,"[825, 652, 951, 65, 865]","[0.10151992738246918, 0.04517120495438576, 0.04167358949780464, 0.03772806003689766, 0.03724735975265503]"
cm-light,original,418,387,387,1,0.28830501437187195,"[387, 225, 271, 358, 236]","[0.28830501437187195, 0.12706215679645538, 0.05669504031538963, 0.04305216297507286, 0.033024244010448456]"
cm-light,original,419,85,83,0,0.8446462154388428,"[83, 138, 80, 85, 272]","[0.8446462154388428, 0.05178157612681389, 0.023489082232117653, 0.013925954699516296, 0.008732368238270283]"
cm-light,original,420,544,858,0,0.14515209197998047,"[858, 99, 415, 642, 36]","[0.14515209197998047, 0.0492057166993618, 0.04512494429945946, 0.04210452362895012, 0.032802764326334]"
cm-light,original,421,77,76,0,0.3243979513645172,"[76, 953, 77, 599, 956]","[0.3243979513645172, 0.18718594312667847, 0.1146676316857338, 0.06708115339279175, 0.035333242267370224]"
cm-light,original,422,357,357,1,0.4479964077472687,"[357, 81, 136, 210, 91]","[0.4479964077472687, 0.11432959139347076, 0.04242808744311333, 0.03727829456329346, 0.03064476139843464]"
cm-light,original,423,383,383,1,0.9546824097633362,"[383, 299, 79, 58, 56]","[0.9546824097633362, 0.017370818182826042, 0.005363910458981991, 0.0024492633529007435, 0.0022294013760983944]"
cm-light,original,424,277,276,0,0.07258021086454391,"[276, 291, 298, 336, 273]","[0.07258021086454391, 0.05751519277691841, 0.04378313571214676, 0.037649430334568024, 0.03406348079442978]"
cm-light,original,425,803,879,0,0.15986497700214386,"[879, 803, 779, 595, 517]","[0.15986497700214386, 0.10623406618833542, 0.07141304016113281, 0.0623018778860569, 0.03348001837730408]"
cm-light,original,426,792,637,0,0.09641265124082565,"[637, 229, 865, 552, 840]","[0.09641265124082565, 0.07031644135713577, 0.05811909958720207, 0.05762934684753418, 0.04684203118085861]"
cm-light,original,427,795,795,1,0.43791675567626953,"[795, 236, 227, 484, 242]","[0.43791675567626953, 0.10076351463794708, 0.032704729586839676, 0.028657352551817894, 0.027275756001472473]"
cm-light,original,428,83,83,1,0.9569284319877625,"[83, 36, 133, 340, 292]","[0.9569284319877625, 0.004959269426763058, 0.004212314262986183, 0.003825843334197998, 0.0024306168779730797]"
cm-light,original,429,24,802,0,0.5690746307373047,"[802, 537, 792, 386, 210]","[0.5690746307373047, 0.06660066545009613, 0.02111763134598732, 0.020005233585834503, 0.019467242062091827]"
cm-light,original,430,802,802,1,0.40561169385910034,"[802, 444, 433, 866, 517]","[0.40561169385910034, 0.13312648236751556, 0.056050822138786316, 0.04757792875170708, 0.040243081748485565]"
cm-light,original,431,491,843,0,0.03940192610025406,"[843, 334, 444, 134, 131]","[0.03940192610025406, 0.0351189561188221, 0.0330272801220417, 0.03298088535666466, 0.03287811577320099]"
cm-light,original,432,277,639,0,0.2806057631969452,"[639, 394, 842, 168, 213]","[0.2806057631969452, 0.1525859832763672, 0.08664736151695251, 0.08577307313680649, 0.04011860862374306]"
cm-light,original,433,802,802,1,0.878548264503479,"[802, 408, 573, 795, 913]","[0.878548264503479, 0.0436241589486599, 0.015484901145100594, 0.011748529970645905, 0.006991029251366854]"
cm-light,original,434,802,802,1,0.9941144585609436,"[802, 537, 803, 795, 491]","[0.9941144585609436, 0.0024289763532578945, 0.00043641531374305487, 0.00039191971882246435, 0.0003708102449309081]"
cm-light,original,435,516,516,1,0.2559061050415039,"[516, 492, 753, 40, 792]","[0.2559061050415039, 0.22394642233848572, 0.09281714260578156, 0.04071100428700447, 0.031889043748378754]"
cm-light,original,436,13,13,1,0.9565492868423462,"[13, 10, 99, 19, 16]","[0.9565492868423462, 0.010993897914886475, 0.009653782472014427, 0.007176517508924007, 0.003724694484844804]"
cm-light,original,437,296,279,0,0.38232290744781494,"[279, 296, 270, 106, 258]","[0.38232290744781494, 0.3425663113594055, 0.1439657360315323, 0.021117128431797028, 0.017241742461919785]"
cm-light,original,438,425,657,0,0.0904276892542839,"[657, 425, 716, 753, 249]","[0.0904276892542839, 0.08569371700286865, 0.08195704221725464, 0.05743202194571495, 0.048281777650117874]"
cm-light,original,439,223,223,1,0.0869491845369339,"[223, 258, 746, 795, 245]","[0.0869491845369339, 0.04847991466522217, 0.03457559272646904, 0.029055418446660042, 0.027914928272366524]"
cm-light,original,440,795,795,1,0.3187081813812256,"[795, 842, 460, 977, 970]","[0.3187081813812256, 0.059307027608156204, 0.05852028727531433, 0.032753780484199524, 0.029440121725201607]"
cm-light,original,441,13,180,0,0.21784330904483795,"[180, 850, 679, 13, 23]","[0.21784330904483795, 0.04216448962688446, 0.03455452620983124, 0.03307482972741127, 0.030445890501141548]"
cm-light,original,442,227,235,0,0.07050393521785736,"[235, 537, 163, 160, 236]","[0.07050393521785736, 0.0687325969338417, 0.05535833537578583, 0.05335891619324684, 0.03803239017724991]"
cm-light,original,443,867,562,0,0.5112566351890564,"[562, 425, 497, 449, 525]","[0.5112566351890564, 0.1079658716917038, 0.046426549553871155, 0.026964399963617325, 0.02637106366455555]"
cm-light,original,444,232,232,1,0.1660725325345993,"[232, 212, 196, 155, 217]","[0.1660725325345993, 0.09675033390522003, 0.08288511633872986, 0.06714162230491638, 0.04891280457377434]"
cm-light,original,445,795,795,1,0.6806365847587585,"[795, 537, 450, 803, 612]","[0.6806365847587585, 0.08959850668907166, 0.03614028915762901, 0.011274351738393307, 0.01039789617061615]"
cm-light,original,446,81,81,1,0.9752523899078369,"[81, 308, 146, 20, 127]","[0.9752523899078369, 0.0018216976895928383, 0.001752078183926642, 0.0015061094891279936, 0.0013483744114637375]"
cm-light,original,447,238,246,0,0.24229906499385834,"[246, 238, 236, 178, 234]","[0.24229906499385834, 0.16942259669303894, 0.06191730126738548, 0.041556186974048615, 0.04045136272907257]"
cm-light,original,448,296,296,1,0.5544281601905823,"[296, 850, 265, 700, 222]","[0.5544281601905823, 0.15970788896083832, 0.10225214809179306, 0.08493970334529877, 0.01490239892154932]"
cm-light,original,449,172,172,1,0.36986956000328064,"[172, 161, 166, 217, 184]","[0.36986956000328064, 0.09576248377561569, 0.06269683688879013, 0.03134690970182419, 0.026378270238637924]"
cm-light,original,450,178,246,0,0.08898404985666275,"[246, 178, 349, 159, 268]","[0.08898404985666275, 0.08859056234359741, 0.08783235400915146, 0.054196637123823166, 0.04455964267253876]"
cm-light,original,451,803,970,0,0.435354620218277,"[970, 802, 803, 795, 595]","[0.435354620218277, 0.15313401818275452, 0.08183605223894119, 0.03142530098557472, 0.028546826913952827]"
cm-light,original,452,331,131,0,0.5560002326965332,"[131, 17, 136, 350, 134]","[0.5560002326965332, 0.2046612650156021, 0.0264428723603487, 0.021417072042822838, 0.020841728895902634]"
cm-light,original,453,292,728,0,0.18080684542655945,"[728, 282, 936, 292, 287]","[0.18080684542655945, 0.16849049925804138, 0.07186967134475708, 0.07140769064426422, 0.03899716958403587]"
cm-light,original,454,787,17,0,0.11138047277927399,"[17, 178, 431, 876, 835]","[0.11138047277927399, 0.10206655412912369, 0.05802135169506073, 0.027397191151976585, 0.022347643971443176]"
cm-light,original,455,231,974,0,0.8439657092094421,"[974, 460, 296, 263, 258]","[0.8439657092094421, 0.03117755800485611, 0.024206265807151794, 0.00861167162656784, 0.0068500228226184845]"
cm-light,original,456,81,81,1,0.9782243967056274,"[81, 6, 5, 3, 700]","[0.9782243967056274, 0.008180498145520687, 0.0013829905074089766, 0.001034687040373683, 0.0010084592504426837]"
cm-light,original,457,803,803,1,0.8487319946289062,"[803, 792, 634, 345, 491]","[0.8487319946289062, 0.011060449294745922, 0.009592500515282154, 0.009050554595887661, 0.00789954699575901]"
cm-light,original,458,792,792,1,0.13275094330310822,"[792, 192, 170, 450, 191]","[0.13275094330310822, 0.12007113546133041, 0.062374476343393326, 0.03992834687232971, 0.036260709166526794]"
cm-light,original,459,654,874,0,0.27180802822113037,"[874, 609, 395, 488, 803]","[0.27180802822113037, 0.14904563128948212, 0.050343193113803864, 0.037081681191921234, 0.027373362332582474]"
cm-light,original,460,170,170,1,0.4210612177848816,"[170, 230, 249, 191, 231]","[0.4210612177848816, 0.1909721940755844, 0.02855095826089382, 0.02725255861878395, 0.02679458074271679]"
cm-light,original,461,199,199,1,0.1117440015077591,"[199, 197, 224, 256, 460]","[0.1117440015077591, 0.09449239075183868, 0.07395124435424805, 0.07107902318239212, 0.04271263629198074]"
cm-light,original,462,795,795,1,0.8768354654312134,"[795, 537, 225, 210, 178]","[0.8768354654312134, 0.018243441358208656, 0.006511518731713295, 0.004779198206961155, 0.003907408565282822]"
cm-light,original,463,802,802,1,0.7761334180831909,"[802, 970, 795, 803, 537]","[0.7761334180831909, 0.0635102391242981, 0.052608221769332886, 0.024770531803369522, 0.00928445439785719]"
cm-light,original,464,198,198,1,0.3633079528808594,"[198, 196, 170, 177, 218]","[0.3633079528808594, 0.17630745470523834, 0.03859252482652664, 0.03732248768210411, 0.027346866205334663]"
cm-light,original,465,209,209,1,0.14212851226329803,"[209, 342, 386, 195, 206]","[0.14212851226329803, 0.14066919684410095, 0.07077258825302124, 0.06466134637594223, 0.052033811807632446]"
cm-light,original,466,247,247,1,0.055836521089076996,"[247, 195, 832, 88, 169]","[0.055836521089076996, 0.050292566418647766, 0.041930682957172394, 0.03618549928069115, 0.033401958644390106]"
cm-light,original,467,224,297,0,0.23786912858486176,"[297, 224, 295, 244, 239]","[0.23786912858486176, 0.14416681230068207, 0.135275736451149, 0.059361159801483154, 0.04427095875144005]"
cm-light,original,468,258,258,1,0.6256715655326843,"[258, 279, 270, 257, 203]","[0.6256715655326843, 0.17040741443634033, 0.10546856373548508, 0.021605366840958595, 0.02105279453098774]"
cm-light,original,469,13,13,1,0.41709160804748535,"[13, 94, 989, 12, 95]","[0.41709160804748535, 0.07009035348892212, 0.06631485372781754, 0.0629950761795044, 0.049200478941202164]"
cm-light,original,470,339,159,0,0.41228151321411133,"[159, 339, 211, 273, 173]","[0.41228151321411133, 0.17710982263088226, 0.05135197564959526, 0.05098477005958557, 0.03465918079018593]"
cm-light,original,471,888,888,1,0.9947066903114319,"[888, 821, 718, 425, 913]","[0.9947066903114319, 0.002529036719352007, 0.0006717193173244596, 0.0005838575889356434, 0.0002793131279759109]"
cm-light,original,472,258,231,0,0.2927182912826538,"[231, 258, 230, 203, 229]","[0.2927182912826538, 0.1496891975402832, 0.13444438576698303, 0.061098527163267136, 0.05876045674085617]"
cm-light,original,473,792,296,0,0.6532671451568604,"[296, 203, 258, 257, 802]","[0.6532671451568604, 0.14548848569393158, 0.04764775186777115, 0.009530281648039818, 0.007633653935045004]"
cm-light,original,474,792,203,0,0.446636825799942,"[203, 792, 51, 830, 261]","[0.446636825799942, 0.08904650807380676, 0.065159872174263, 0.03507339581847191, 0.031272757798433304]"
cm-light,original,475,346,51,0,0.43684741854667664,"[51, 346, 101, 349, 386]","[0.43684741854667664, 0.15765775740146637, 0.04738762602210045, 0.03585978224873543, 0.028169356286525726]"
cm-light,original,476,671,671,1,0.40021437406539917,"[671, 417, 863, 350, 733]","[0.40021437406539917, 0.10176168382167816, 0.08722852915525436, 0.0637810006737709, 0.046511050313711166]"
cm-light,original,477,724,724,1,0.9344475865364075,"[724, 525, 914, 915, 913]","[0.9344475865364075, 0.015917878597974777, 0.007317773997783661, 0.003893837798386812, 0.003683325834572315]"
cm-light,original,478,394,394,1,0.5362433195114136,"[394, 99, 484, 472, 410]","[0.5362433195114136, 0.029566379263997078, 0.02162901684641838, 0.02094307169318199, 0.020429342985153198]"
cm-light,original,479,672,970,0,0.5998678207397461,"[970, 979, 972, 976, 978]","[0.5998678207397461, 0.11682780086994171, 0.032880280166864395, 0.031082989647984505, 0.023403113707900047]"
cm-light,original,480,289,82,0,0.07768262177705765,"[82, 69, 884, 970, 61]","[0.07768262177705765, 0.06648857146501541, 0.06463296711444855, 0.04851511865854263, 0.0361168347299099]"
cm-light,original,481,818,577,0,0.32608264684677124,"[577, 538, 672, 417, 632]","[0.32608264684677124, 0.1355501115322113, 0.07174598425626755, 0.05390099063515663, 0.03662363439798355]"
cm-light,original,482,853,449,0,0.427767276763916,"[449, 975, 536, 460, 425]","[0.427767276763916, 0.15213491022586823, 0.10441671311855316, 0.049046825617551804, 0.04147966951131821]"
cm-light,original,483,239,239,1,0.7280272841453552,"[239, 214, 240, 232, 238]","[0.7280272841453552, 0.07310834527015686, 0.05763683468103409, 0.04865371808409691, 0.03528242185711861]"
cm-light,original,484,425,425,1,0.9992792010307312,"[425, 853, 915, 497, 449]","[0.9992792010307312, 0.0001501692895544693, 0.00012644521484617144, 8.739929762668908e-05, 7.928163540782407e-05]"
cm-light,original,485,355,355,1,0.6919156312942505,"[355, 267, 270, 170, 354]","[0.6919156312942505, 0.05861175060272217, 0.04692080244421959, 0.02037871815264225, 0.020352264866232872]"
cm-light,original,486,863,863,1,0.3416212201118469,"[863, 879, 448, 920, 743]","[0.3416212201118469, 0.08402767032384872, 0.06066923961043358, 0.03045639581978321, 0.026102572679519653]"
cm-light,original,487,349,972,0,0.1349840611219406,"[972, 976, 428, 975, 853]","[0.1349840611219406, 0.09323716163635254, 0.06907112151384354, 0.05038145184516907, 0.030774766579270363]"
cm-light,original,488,703,483,0,0.17439515888690948,"[483, 449, 975, 646, 888]","[0.17439515888690948, 0.1730363517999649, 0.10766390711069107, 0.04850751906633377, 0.04477326199412346]"
cm-light,original,489,425,755,0,0.2722631096839905,"[755, 425, 727, 832, 449]","[0.2722631096839905, 0.17016015946865082, 0.05637810751795769, 0.04923613369464874, 0.04367949068546295]"
cm-light,original,490,795,795,1,0.3199303448200226,"[795, 807, 879, 536, 672]","[0.3199303448200226, 0.09903223067522049, 0.0824676901102066, 0.03321836516261101, 0.024810954928398132]"
cm-light,original,491,690,603,0,0.23437459766864777,"[603, 586, 634, 471, 727]","[0.23437459766864777, 0.15168757736682892, 0.14465531706809998, 0.08554710447788239, 0.07842454314231873]"
cm-light,original,492,672,672,1,0.9011077880859375,"[672, 728, 835, 879, 394]","[0.9011077880859375, 0.008822905831038952, 0.006024955306202173, 0.005961035843938589, 0.0036034355871379375]"
cm-light,original,493,671,970,0,0.319551944732666,"[970, 537, 795, 336, 979]","[0.319551944732666, 0.24435561895370483, 0.0854380652308464, 0.026050791144371033, 0.024821855127811432]"
cm-light,original,494,81,980,0,0.3230176866054535,"[980, 970, 17, 81, 34]","[0.3230176866054535, 0.20719119906425476, 0.06404383480548859, 0.0503460168838501, 0.04514116048812866]"
cm-light,original,495,733,839,0,0.1620948165655136,"[839, 912, 888, 979, 483]","[0.1620948165655136, 0.14128294587135315, 0.09695865213871002, 0.07713118195533752, 0.07172337174415588]"
cm-light,original,496,672,672,1,0.7153388857841492,"[672, 888, 525, 839, 825]","[0.7153388857841492, 0.11942683905363083, 0.07052846252918243, 0.015658656135201454, 0.012110300362110138]"
cm-light,original,497,795,537,0,0.32204896211624146,"[537, 795, 970, 408, 913]","[0.32204896211624146, 0.3056947886943817, 0.0656198039650917, 0.05750833824276924, 0.028963487595319748]"
cm-light,original,498,663,483,0,0.16638360917568207,"[483, 975, 449, 472, 497]","[0.16638360917568207, 0.12624801695346832, 0.11488579958677292, 0.0577147901058197, 0.05241372808814049]"
cm-light,original,499,705,975,0,0.23110070824623108,"[975, 525, 338, 979, 46]","[0.23110070824623108, 0.1458088606595993, 0.07371004670858383, 0.05893554165959358, 0.03308696672320366]"
cm-light,original,500,675,546,0,0.061639077961444855,"[546, 867, 498, 620, 707]","[0.061639077961444855, 0.06027521193027496, 0.05489178001880646, 0.05345188453793526, 0.042088352143764496]"
cm-light,original,501,404,404,1,0.9832162261009216,"[404, 895, 908, 744, 812]","[0.9832162261009216, 0.015757592394948006, 0.00042283584480173886, 0.0001425447699148208, 8.806074038147926e-05]"
cm-light,original,502,609,500,0,0.2759290635585785,"[500, 372, 286, 428, 609]","[0.2759290635585785, 0.0804472491145134, 0.04792141541838646, 0.025041304528713226, 0.023683184757828712]"
cm-light,original,503,672,672,1,0.8954923748970032,"[672, 970, 980, 972, 979]","[0.8954923748970032, 0.06903090327978134, 0.02239479310810566, 0.0009871597867459059, 0.0009604170336388052]"
cm-light,original,504,915,915,1,0.8173718452453613,"[915, 580, 807, 835, 727]","[0.8173718452453613, 0.029368743300437927, 0.02269143797457218, 0.022407643496990204, 0.013433287851512432]"
cm-light,original,505,336,294,0,0.24818237125873566,"[294, 348, 347, 979, 976]","[0.24818237125873566, 0.12954048812389374, 0.04253234714269638, 0.041941650211811066, 0.03790105879306793]"
cm-light,original,506,515,355,0,0.0971246212720871,"[355, 349, 348, 242, 172]","[0.0971246212720871, 0.07330771535634995, 0.06679633259773254, 0.06340648978948593, 0.020118605345487595]"
cm-light,original,507,425,425,1,0.953372597694397,"[425, 853, 497, 698, 538]","[0.953372597694397, 0.015867004171013832, 0.01128298044204712, 0.005522029474377632, 0.004004364367574453]"
cm-light,original,508,404,404,1,0.6181250810623169,"[404, 727, 751, 817, 627]","[0.6181250810623169, 0.036693088710308075, 0.023822879418730736, 0.01910596340894699, 0.017960000783205032]"
cm-light,original,509,724,554,0,0.3326601982116699,"[554, 625, 510, 724, 975]","[0.3326601982116699, 0.11334341019392014, 0.10096155107021332, 0.09322094917297363, 0.061676718294620514]"
cm-light,original,510,718,743,0,0.18260431289672852,"[743, 624, 716, 454, 829]","[0.18260431289672852, 0.14051374793052673, 0.07132342457771301, 0.050512492656707764, 0.031927723437547684]"
cm-light,original,511,671,671,1,0.27574118971824646,"[671, 880, 970, 979, 977]","[0.27574118971824646, 0.05344120413064957, 0.04816398397088051, 0.04326174780726433, 0.03898121789097786]"
cm-light,original,512,147,147,1,0.7745674848556519,"[147, 913, 150, 460, 408]","[0.7745674848556519, 0.06430959701538086, 0.04206163063645363, 0.017108868807554245, 0.013560906983911991]"
cm-light,original,513,484,484,1,0.8058986067771912,"[484, 871, 780, 395, 391]","[0.8058986067771912, 0.1852656453847885, 0.002290987176820636, 0.0012893477687612176, 0.0012634126469492912]"
cm-light,original,514,449,436,0,0.15109887719154358,"[436, 978, 718, 511, 817]","[0.15109887719154358, 0.04596185311675072, 0.04309731721878052, 0.03887340426445007, 0.03873138129711151]"
cm-light,original,515,842,977,0,0.3944421708583832,"[977, 842, 394, 639, 460]","[0.3944421708583832, 0.05831637978553772, 0.054926611483097076, 0.05005733296275139, 0.02805962786078453]"
cm-light,original,516,708,403,0,0.15399380028247833,"[403, 540, 519, 460, 628]","[0.15399380028247833, 0.05167454481124878, 0.05113224312663078, 0.03899213299155235, 0.036177437752485275]"
cm-light,original,517,393,393,1,0.47129637002944946,"[393, 748, 822, 5, 868]","[0.47129637002944946, 0.10657165944576263, 0.051958050578832626, 0.04598427936434746, 0.03553542122244835]"
cm-light,original,518,862,872,0,0.7355777621269226,"[872, 100, 832, 437, 93]","[0.7355777621269226, 0.022537654265761375, 0.019639475271105766, 0.01896071620285511, 0.014224923215806484]"
cm-light,original,519,625,625,1,0.9990800619125366,"[625, 554, 484, 814, 694]","[0.9990800619125366, 0.0007548333378508687, 3.209441638318822e-05, 2.9907041607657447e-05, 1.6561411030124873e-05]"
cm-light,original,520,977,914,0,0.5196750164031982,"[914, 449, 977, 871, 975]","[0.5196750164031982, 0.18320047855377197, 0.061588551849126816, 0.051757026463747025, 0.030710499733686447]"
cm-light,original,521,536,975,0,0.06748008728027344,"[975, 646, 557, 983, 694]","[0.06748008728027344, 0.06035527586936951, 0.049406059086322784, 0.048537734895944595, 0.03440811485052109]"
cm-light,original,522,472,472,1,0.3595850467681885,"[472, 977, 978, 395, 693]","[0.3595850467681885, 0.21720948815345764, 0.18155647814273834, 0.02016574703156948, 0.017409011721611023]"
cm-light,original,523,437,510,0,0.4164460599422455,"[510, 437, 833, 780, 460]","[0.4164460599422455, 0.2324889451265335, 0.09649231284856796, 0.054319027811288834, 0.04205017536878586]"
cm-light,original,524,393,393,1,0.936281144618988,"[393, 108, 973, 109, 987]","[0.936281144618988, 0.06318948417901993, 0.00046305247815325856, 9.584336112311576e-06, 6.896093054820085e-06]"
cm-light,original,525,394,973,0,0.45028433203697205,"[973, 109, 125, 6, 33]","[0.45028433203697205, 0.1508001834154129, 0.07118339836597443, 0.030268611386418343, 0.029676880687475204]"
cm-light,original,526,147,22,0,0.3001830279827118,"[22, 972, 147, 460, 100]","[0.3001830279827118, 0.1096503958106041, 0.05918281525373459, 0.04845128953456879, 0.04461762681603432]"
cm-light,original,527,437,657,0,0.21843574941158295,"[657, 437, 744, 682, 442]","[0.21843574941158295, 0.21000251173973083, 0.0591060034930706, 0.03888831287622452, 0.029075630009174347]"
cm-light,original,528,373,354,0,0.39556026458740234,"[354, 373, 374, 571, 372]","[0.39556026458740234, 0.08475464582443237, 0.0839284285902977, 0.057705558836460114, 0.0350617952644825]"
cm-light,original,529,147,147,1,0.2596034109592438,"[147, 842, 913, 801, 976]","[0.2596034109592438, 0.05597957596182823, 0.05388228967785835, 0.052072569727897644, 0.04714258760213852]"
cm-light,original,530,143,98,0,0.5061246752738953,"[98, 146, 143, 137, 20]","[0.5061246752738953, 0.30935895442962646, 0.09903426468372345, 0.02132236585021019, 0.016117529943585396]"
cm-light,original,531,625,625,1,0.9941011071205139,"[625, 408, 554, 814, 517]","[0.9941011071205139, 0.0014073733473196626, 0.0011592656373977661, 0.0005705024814233184, 0.0004719129647128284]"
cm-light,original,532,833,833,1,0.29461655020713806,"[833, 408, 472, 693, 449]","[0.29461655020713806, 0.2004886120557785, 0.07814762741327286, 0.04275551065802574, 0.04053294658660889]"
cm-light,original,533,403,975,0,0.2758333086967468,"[975, 510, 460, 718, 554]","[0.2758333086967468, 0.19400987029075623, 0.18012844026088715, 0.07840120047330856, 0.043950870633125305]"
cm-light,original,534,914,780,0,0.2916271984577179,"[780, 484, 839, 914, 724]","[0.2916271984577179, 0.2791561484336853, 0.21502751111984253, 0.08649701625108719, 0.030364900827407837]"
cm-light,original,535,484,484,1,0.34175559878349304,"[484, 557, 628, 871, 625]","[0.34175559878349304, 0.21379444003105164, 0.05591790750622749, 0.05465060472488403, 0.02807752601802349]"
cm-light,original,536,148,148,1,0.8694252967834473,"[148, 147, 913, 150, 144]","[0.8694252967834473, 0.03333861380815506, 0.014449609443545341, 0.01162339374423027, 0.004157278221100569]"
cm-light,original,537,554,554,1,0.6991909742355347,"[554, 484, 871, 914, 562]","[0.6991909742355347, 0.09011316299438477, 0.040140263736248016, 0.035608626902103424, 0.012391830794513226]"
cm-light,original,538,814,625,0,0.46370893716812134,"[625, 814, 693, 408, 803]","[0.46370893716812134, 0.20490680634975433, 0.05612834542989731, 0.043022170662879944, 0.0284456554800272]"
cm-light,original,539,983,973,0,0.48237836360931396,"[973, 972, 970, 329, 979]","[0.48237836360931396, 0.16567103564739227, 0.05005960538983345, 0.04538758844137192, 0.026867493987083435]"
cm-light,original,540,267,235,0,0.1759139448404312,"[235, 267, 181, 182, 191]","[0.1759139448404312, 0.1390983611345291, 0.0601191483438015, 0.04456373304128647, 0.04010497406125069]"
cm-light,original,541,625,814,0,0.42870938777923584,"[814, 625, 484, 510, 554]","[0.42870938777923584, 0.38977891206741333, 0.0582847073674202, 0.017214935272932053, 0.016550105065107346]"
cm-light,original,542,554,625,0,0.07020901888608932,"[625, 554, 975, 134, 920]","[0.07020901888608932, 0.06710024923086166, 0.06261562556028366, 0.0583859421312809, 0.057303257286548615]"
cm-light,original,543,554,807,0,0.5670728087425232,"[807, 460, 978, 977, 525]","[0.5670728087425232, 0.13972251117229462, 0.05634493753314018, 0.043494388461112976, 0.03930480778217316]"
cm-light,original,544,554,554,1,0.3562769591808319,"[554, 460, 833, 536, 628]","[0.3562769591808319, 0.29733893275260925, 0.08250892907381058, 0.046033717691898346, 0.034509703516960144]"
cm-light,original,545,625,565,0,0.27768751978874207,"[565, 625, 554, 829, 864]","[0.27768751978874207, 0.24517783522605896, 0.16148385405540466, 0.07481894642114639, 0.03591838479042053]"
cm-light,original,546,437,975,0,0.42533567547798157,"[975, 978, 417, 980, 403]","[0.42533567547798157, 0.20535825192928314, 0.09041369706392288, 0.05603852868080139, 0.027707425877451897]"
cm-light,original,547,146,801,0,0.23742763698101044,"[801, 6, 296, 842, 750]","[0.23742763698101044, 0.09713013470172882, 0.07935767620801926, 0.05354483053088188, 0.049588073045015335]"
cm-light,original,548,625,625,1,0.9609058499336243,"[625, 694, 724, 517, 536]","[0.9609058499336243, 0.007033254485577345, 0.005967446602880955, 0.0035700430162250996, 0.0030164814088493586]"
cm-light,original,549,148,148,1,0.9274625778198242,"[148, 147, 146, 360, 149]","[0.9274625778198242, 0.03426322340965271, 0.007165535353124142, 0.003962702117860317, 0.003320235526189208]"
cm-light,original,550,914,914,1,0.9695526361465454,"[914, 484, 871, 554, 853]","[0.9695526361465454, 0.015185768716037273, 0.0030139063019305468, 0.0018372616032138467, 0.0011630452936515212]"
cm-light,original,551,484,484,1,0.8068837523460388,"[484, 625, 871, 914, 417]","[0.8068837523460388, 0.06469494104385376, 0.0546368807554245, 0.02114621177315712, 0.008202322758734226]"
cm-light,original,552,484,484,1,0.9319487810134888,"[484, 871, 814, 914, 625]","[0.9319487810134888, 0.017622647807002068, 0.0150976050645113, 0.007780709769576788, 0.00496864877641201]"
cm-light,original,553,115,115,1,0.7458212375640869,"[115, 125, 952, 110, 1]","[0.7458212375640869, 0.05768623575568199, 0.02916690520942211, 0.02530287764966488, 0.021432125940918922]"
cm-light,original,554,775,236,0,0.2671433687210083,"[236, 491, 234, 638, 445]","[0.2671433687210083, 0.20255066454410553, 0.12864360213279724, 0.07855438441038132, 0.037226513028144836]"
cm-light,original,555,115,115,1,0.7648441791534424,"[115, 110, 329, 973, 347]","[0.7648441791534424, 0.09908939898014069, 0.06060916930437088, 0.020651165395975113, 0.005135615821927786]"
cm-light,original,556,484,871,0,0.6709189414978027,"[871, 484, 780, 914, 718]","[0.6709189414978027, 0.25179335474967957, 0.05739913135766983, 0.015238570049405098, 0.0009209633572027087]"
cm-light,original,557,4,6,0,0.36393052339553833,"[6, 148, 3, 4, 973]","[0.36393052339553833, 0.259607195854187, 0.17208394408226013, 0.08528870344161987, 0.01702076941728592]"
cm-light,original,558,983,475,0,0.27362409234046936,"[475, 664, 851, 966, 51]","[0.27362409234046936, 0.20413056015968323, 0.028414510190486908, 0.02313315123319626, 0.016840001568198204]"
cm-light,original,559,842,842,1,0.7271847724914551,"[842, 445, 639, 638, 433]","[0.7271847724914551, 0.12352989614009857, 0.04760626330971718, 0.02738930471241474, 0.019819671288132668]"
cm-light,original,560,115,115,1,0.8474858999252319,"[115, 74, 110, 72, 396]","[0.8474858999252319, 0.02047649212181568, 0.01908990368247032, 0.012398171238601208, 0.009385033510625362]"
cm-light,original,561,391,391,1,0.835013210773468,"[391, 394, 463, 345, 395]","[0.835013210773468, 0.025288280099630356, 0.014352980069816113, 0.006852189544588327, 0.006166820880025625]"
cm-light,original,562,123,652,0,0.245158851146698,"[652, 775, 566, 123, 776]","[0.245158851146698, 0.07300630956888199, 0.05645333230495453, 0.047844745218753815, 0.028950048610568047]"
cm-light,original,563,253,339,0,0.5433740019798279,"[339, 842, 253, 178, 159]","[0.5433740019798279, 0.10437805950641632, 0.05594392493367195, 0.029552578926086426, 0.029079264029860497]"
cm-light,original,564,484,484,1,0.8928313851356506,"[484, 871, 914, 780, 491]","[0.8928313851356506, 0.10596059262752533, 0.0008221958996728063, 0.0002970932109747082, 9.42325914365938e-06]"
cm-light,original,565,437,437,1,0.7688125967979431,"[437, 583, 846, 462, 900]","[0.7688125967979431, 0.03595918416976929, 0.032703571021556854, 0.025143183767795563, 0.02298724465072155]"
cm-light,original,566,148,132,0,0.07751580327749252,"[132, 483, 131, 449, 134]","[0.07751580327749252, 0.07488856464624405, 0.05394718050956726, 0.04889995604753494, 0.04749414697289467]"
cm-light,original,567,147,150,0,0.1519564390182495,"[150, 148, 147, 34, 98]","[0.1519564390182495, 0.14070865511894226, 0.13128603994846344, 0.06956840306520462, 0.04453660175204277]"
cm-light,original,568,148,148,1,0.7856616973876953,"[148, 147, 146, 833, 395]","[0.7856616973876953, 0.14428682625293732, 0.03738108277320862, 0.013812600634992123, 0.0033907999750226736]"
cm-light,original,569,608,977,0,0.2714236080646515,"[977, 573, 460, 575, 975]","[0.2714236080646515, 0.039044708013534546, 0.038921017199754715, 0.03481415659189224, 0.03272787109017372]"
cm-light,original,570,62,346,0,0.04691888019442558,"[346, 612, 345, 230, 428]","[0.04691888019442558, 0.03960823640227318, 0.03670639544725418, 0.03416626155376434, 0.030756860971450806]"
cm-light,original,571,972,646,0,0.43186721205711365,"[646, 839, 888, 703, 977]","[0.43186721205711365, 0.03250383585691452, 0.03031865693628788, 0.024659734219312668, 0.02270534075796604]"
cm-light,original,572,139,363,0,0.07303030788898468,"[363, 133, 298, 48, 49]","[0.07303030788898468, 0.06417841464281082, 0.05768754705786705, 0.046624138951301575, 0.03685950115323067]"
cm-light,original,573,354,354,1,0.5955685377120972,"[354, 172, 159, 351, 180]","[0.5955685377120972, 0.1349060833454132, 0.03332294523715973, 0.03158547729253769, 0.019451139494776726]"
cm-light,original,574,140,139,0,0.38950756192207336,"[139, 140, 142, 141, 143]","[0.38950756192207336, 0.16144400835037231, 0.12956774234771729, 0.08294660598039627, 0.03658238425850868]"
cm-light,original,575,437,437,1,0.4685783088207245,"[437, 483, 913, 976, 977]","[0.4685783088207245, 0.08222954720258713, 0.05964228883385658, 0.048249244689941406, 0.046022675931453705]"
cm-light,original,576,529,978,0,0.2505428194999695,"[978, 975, 832, 880, 460]","[0.2505428194999695, 0.08613724261522293, 0.06043457239866257, 0.059340424835681915, 0.051352161914110184]"
cm-light,original,577,66,276,0,0.1266767829656601,"[276, 298, 343, 138, 34]","[0.1266767829656601, 0.11980381608009338, 0.10047360509634018, 0.09539385885000229, 0.07206737995147705]"
cm-light,original,578,511,575,0,0.4387780427932739,"[575, 511, 817, 436, 656]","[0.4387780427932739, 0.2863164246082306, 0.07161706686019897, 0.04490593820810318, 0.036729536950588226]"
cm-light,original,579,376,373,0,0.2134033590555191,"[373, 274, 374, 273, 376]","[0.2134033590555191, 0.1758640557527542, 0.12210021167993546, 0.10832449048757553, 0.06525010615587234]"
cm-light,original,580,404,895,0,0.9173203110694885,"[895, 404, 744, 908, 657]","[0.9173203110694885, 0.06538674980401993, 0.004546320531517267, 0.0027523362077772617, 0.00209042732603848]"
cm-light,original,581,207,372,0,0.19492730498313904,"[372, 336, 299, 231, 207]","[0.19492730498313904, 0.10075172036886215, 0.08119605481624603, 0.07038851082324982, 0.05116475000977516]"
cm-light,original,582,33,976,0,0.0910719633102417,"[976, 143, 336, 81, 137]","[0.0910719633102417, 0.08345978707075119, 0.05563203617930412, 0.03620060905814171, 0.032006800174713135]"
cm-light,original,583,34,34,1,0.14735376834869385,"[34, 305, 677, 735, 852]","[0.14735376834869385, 0.10097421705722809, 0.07170370221138, 0.04125245660543442, 0.029265236109495163]"
cm-light,original,584,112,112,1,0.2775699198246002,"[112, 192, 125, 219, 8]","[0.2775699198246002, 0.08738165348768234, 0.05294165387749672, 0.03491086885333061, 0.033749405294656754]"
cm-light,original,585,792,532,0,0.0743439644575119,"[532, 550, 842, 556, 51]","[0.0743439644575119, 0.056944746524095535, 0.05118081346154213, 0.046499334275722504, 0.03980981931090355]"
cm-light,original,586,172,172,1,0.26895859837532043,"[172, 159, 263, 176, 173]","[0.26895859837532043, 0.11678078025579453, 0.09937898069620132, 0.06574641168117523, 0.049140315502882004]"
cm-light,original,587,222,230,0,0.07275190949440002,"[230, 267, 298, 730, 191]","[0.07275190949440002, 0.04320210963487625, 0.03599858283996582, 0.030057281255722046, 0.029924113303422928]"
cm-light,original,588,140,141,0,0.3635585308074951,"[141, 140, 142, 978, 977]","[0.3635585308074951, 0.1778160184621811, 0.07419143617153168, 0.045242417603731155, 0.04159742593765259]"
cm-light,original,589,218,223,0,0.18547502160072327,"[223, 217, 239, 245, 104]","[0.18547502160072327, 0.13400326669216156, 0.053716421127319336, 0.03506505489349365, 0.028724316507577896]"
cm-light,original,590,459,842,0,0.36289364099502563,"[842, 339, 345, 690, 445]","[0.36289364099502563, 0.14955194294452667, 0.07233652472496033, 0.03932414948940277, 0.03265983611345291]"
cm-light,original,591,112,104,0,0.14474502205848694,"[104, 164, 34, 382, 327]","[0.14474502205848694, 0.04592020809650421, 0.04537985473871231, 0.04530427232384682, 0.0445936843752861]"
cm-light,original,592,609,609,1,0.38195210695266724,"[609, 404, 703, 867, 654]","[0.38195210695266724, 0.05461939424276352, 0.04960907623171806, 0.04581596329808235, 0.039400458335876465]"
cm-light,original,593,247,150,0,0.20143850147724152,"[150, 189, 164, 273, 129]","[0.20143850147724152, 0.08569116145372391, 0.0450340211391449, 0.029941687360405922, 0.0298128854483366]"
cm-light,original,594,354,354,1,0.9425976276397705,"[354, 690, 163, 159, 345]","[0.9425976276397705, 0.010536758229136467, 0.0048319618217647076, 0.0038592962082475424, 0.003672052640467882]"
cm-light,original,595,842,327,0,0.17923128604888916,"[327, 774, 433, 801, 254]","[0.17923128604888916, 0.1260620355606079, 0.10608959197998047, 0.060457028448581696, 0.04027456045150757]"
cm-light,original,596,232,347,0,0.12322980910539627,"[347, 9, 342, 276, 275]","[0.12322980910539627, 0.0720943957567215, 0.06771963834762573, 0.05893770977854729, 0.05223096162080765]"
cm-light,original,597,437,974,0,0.3041417896747589,"[974, 976, 460, 972, 825]","[0.3041417896747589, 0.10895472019910812, 0.10481660068035126, 0.043302230536937714, 0.03496573120355606]"
cm-light,original,598,386,386,1,0.15147745609283447,"[386, 276, 291, 372, 101]","[0.15147745609283447, 0.12384908646345139, 0.0800221860408783, 0.06926847994327545, 0.06487170606851578]"
cm-light,original,599,145,139,0,0.10294906795024872,"[139, 6, 977, 140, 646]","[0.10294906795024872, 0.0845799595117569, 0.07863857597112656, 0.07793045043945312, 0.07523687928915024]"
cm-light,original,600,193,235,0,0.15397228300571442,"[235, 191, 164, 237, 236]","[0.15397228300571442, 0.09958268702030182, 0.09884872287511826, 0.0933869481086731, 0.09317061305046082]"
cm-light,original,601,79,79,1,0.9244289994239807,"[79, 314, 126, 65, 125]","[0.9244289994239807, 0.009073756635189056, 0.006892399396747351, 0.005769671872258186, 0.0045851231552660465]"
cm-light,original,602,139,139,1,0.9670839309692383,"[139, 56, 119, 58, 71]","[0.9670839309692383, 0.0050904275849461555, 0.0024509751237928867, 0.002314917743206024, 0.0019391358364373446]"
cm-light,original,603,814,977,0,0.23219770193099976,"[977, 978, 755, 975, 628]","[0.23219770193099976, 0.2271745204925537, 0.06350692361593246, 0.03529549017548561, 0.03483425825834274]"
cm-light,original,604,765,765,1,0.7438995242118835,"[765, 421, 532, 519, 559]","[0.7438995242118835, 0.14976100623607635, 0.027109824120998383, 0.022526763379573822, 0.0077165341936051846]"
cm-light,original,605,677,677,1,0.20681843161582947,"[677, 86, 708, 601, 43]","[0.20681843161582947, 0.11785171180963516, 0.06462663412094116, 0.04361037537455559, 0.037281446158885956]"
cm-light,original,606,792,506,0,0.4277645945549011,"[506, 421, 387, 385, 753]","[0.4277645945549011, 0.24880121648311615, 0.04102255776524544, 0.03358691558241844, 0.02891703136265278]"
cm-light,original,607,652,873,0,0.21168586611747742,"[873, 170, 286, 410, 756]","[0.21168586611747742, 0.08436672389507294, 0.054200440645217896, 0.04196961969137192, 0.03940912336111069]"
cm-light,original,608,707,707,1,0.8695051074028015,"[707, 480, 840, 853, 398]","[0.8695051074028015, 0.01844838820397854, 0.01488426886498928, 0.011137665249407291, 0.007194700185209513]"
cm-light,original,609,863,863,1,0.5715126991271973,"[863, 806, 568, 385, 652]","[0.5715126991271973, 0.10674294829368591, 0.04787828028202057, 0.021452801302075386, 0.019225964322686195]"
cm-light,original,610,670,954,0,0.14368189871311188,"[954, 445, 842, 570, 457]","[0.14368189871311188, 0.053872209042310715, 0.0536007322371006, 0.04359152540564537, 0.026553815230727196]"
cm-light,original,611,439,439,1,0.6591483354568481,"[439, 756, 884, 614, 888]","[0.6591483354568481, 0.03428539261221886, 0.013662559911608696, 0.012958905659615993, 0.010941781103610992]"
cm-light,original,612,355,221,0,0.29297131299972534,"[221, 189, 183, 8, 267]","[0.29297131299972534, 0.08734533935785294, 0.053657446056604385, 0.04465104639530182, 0.04431924968957901]"
cm-light,original,613,319,95,0,0.06731101125478745,"[95, 963, 371, 965, 934]","[0.06731101125478745, 0.06568337976932526, 0.06521325558423996, 0.054221101105213165, 0.038530535995960236]"
cm-light,original,614,778,596,0,0.1499897986650467,"[596, 726, 587, 471, 764]","[0.1499897986650467, 0.11562404036521912, 0.10018659383058548, 0.08335723727941513, 0.03619207441806793]"
cm-light,original,615,958,690,0,0.06039327010512352,"[690, 603, 750, 7, 428]","[0.06039327010512352, 0.049327172338962555, 0.04247250780463219, 0.03914555162191391, 0.03801034018397331]"
cm-light,original,616,879,562,0,0.163923978805542,"[562, 458, 492, 497, 853]","[0.163923978805542, 0.0757838785648346, 0.05187886953353882, 0.04892692342400551, 0.038937993347644806]"
cm-light,original,617,70,70,1,0.773758053779602,"[70, 353, 303, 300, 843]","[0.773758053779602, 0.04471418634057045, 0.03492201864719391, 0.021800851449370384, 0.020411059260368347]"
cm-light,original,618,471,708,0,0.047657355666160583,"[708, 880, 568, 552, 562]","[0.047657355666160583, 0.044259604066610336, 0.025325022637844086, 0.02473856694996357, 0.02343636006116867]"
cm-light,original,619,583,642,0,0.1536700427532196,"[642, 716, 703, 509, 694]","[0.1536700427532196, 0.07745696604251862, 0.0738624632358551, 0.04634341225028038, 0.038099102675914764]"
cm-light,original,620,792,427,0,0.1528720110654831,"[427, 792, 695, 815, 840]","[0.1528720110654831, 0.10190557688474655, 0.058489490300416946, 0.040538761764764786, 0.02795872651040554]"
cm-light,original,621,583,583,1,0.8097243309020996,"[583, 792, 835, 682, 411]","[0.8097243309020996, 0.048394881188869476, 0.02922423928976059, 0.008319889195263386, 0.008237550966441631]"
cm-light,original,622,7,514,0,0.1675538271665573,"[514, 775, 883, 572, 8]","[0.1675538271665573, 0.08396836370229721, 0.06598217785358429, 0.04260125383734703, 0.03871048241853714]"
cm-light,original,623,86,86,1,0.3887386620044708,"[86, 292, 7, 8, 82]","[0.3887386620044708, 0.09079191088676453, 0.08342132717370987, 0.06330376863479614, 0.043049685657024384]"
cm-light,original,624,919,654,0,0.1299879103899002,"[654, 575, 498, 436, 548]","[0.1299879103899002, 0.0770258679986, 0.04496031254529953, 0.033623550087213516, 0.028727741912007332]"
cm-light,original,625,539,876,0,0.26151132583618164,"[876, 539, 435, 463, 398]","[0.26151132583618164, 0.12780950963497162, 0.10206445306539536, 0.0910215899348259, 0.031377844512462616]"
cm-light,original,626,287,287,1,0.45523229241371155,"[287, 281, 331, 282, 291]","[0.45523229241371155, 0.10721931606531143, 0.07590367645025253, 0.04502881318330765, 0.030505144968628883]"
cm-light,original,627,471,471,1,0.642709493637085,"[471, 764, 657, 491, 744]","[0.642709493637085, 0.14944645762443542, 0.03378226235508919, 0.0225073155015707, 0.01948206126689911]"
cm-light,original,628,513,913,0,0.2921769618988037,"[913, 821, 449, 853, 421]","[0.2921769618988037, 0.12468403577804565, 0.036323051899671555, 0.028124870732426643, 0.02666434273123741]"
cm-light,original,629,679,679,1,0.5632957816123962,"[679, 566, 643, 513, 490]","[0.5632957816123962, 0.04247977212071419, 0.030501501634716988, 0.021118121221661568, 0.019528424367308617]"
cm-light,original,630,426,426,1,0.6702357530593872,"[426, 778, 635, 809, 455]","[0.6702357530593872, 0.0965288057923317, 0.011156142689287663, 0.010839826427400112, 0.010554958134889603]"
cm-light,original,631,583,583,1,0.6068686246871948,"[583, 580, 334, 667, 594]","[0.6068686246871948, 0.06861023604869843, 0.03817398473620415, 0.03521900624036789, 0.015177033841609955]"
cm-light,original,632,637,637,1,0.9855132699012756,"[637, 458, 553, 707, 571]","[0.9855132699012756, 0.003228322369977832, 0.002152621280401945, 0.001833405694924295, 0.0011340704513713717]"
cm-light,original,633,571,771,0,0.3114144206047058,"[771, 707, 571, 553, 480]","[0.3114144206047058, 0.15388135612010956, 0.07663826644420624, 0.07087928056716919, 0.04447999969124794]"
cm-light,original,634,737,829,0,0.1365910917520523,"[829, 853, 787, 313, 637]","[0.1365910917520523, 0.1167679950594902, 0.061325766146183014, 0.048264309763908386, 0.04736829176545143]"
cm-light,original,635,463,469,0,0.18071280419826508,"[469, 427, 756, 463, 653]","[0.18071280419826508, 0.15844988822937012, 0.06419004499912262, 0.061344802379608154, 0.060129549354314804]"
cm-light,original,636,520,520,1,0.9099551439285278,"[520, 516, 831, 431, 729]","[0.9099551439285278, 0.044325705617666245, 0.010805469006299973, 0.00563812255859375, 0.0024908266495913267]"
cm-light,original,637,458,458,1,0.7631527185440063,"[458, 922, 711, 921, 438]","[0.7631527185440063, 0.12618497014045715, 0.019368113949894905, 0.018679087981581688, 0.013721666298806667]"
cm-light,original,638,427,738,0,0.18165786564350128,"[738, 580, 458, 428, 89]","[0.18165786564350128, 0.062461692839860916, 0.057863667607307434, 0.04091127961874008, 0.03496043011546135]"
cm-light,original,639,651,651,1,0.758016049861908,"[651, 480, 742, 700, 999]","[0.758016049861908, 0.028299594298005104, 0.01723206602036953, 0.016021020710468292, 0.011796699836850166]"
cm-light,original,640,846,519,0,0.20550163090229034,"[519, 553, 492, 427, 799]","[0.20550163090229034, 0.09908311069011688, 0.06398225575685501, 0.06334518641233444, 0.06314463913440704]"
cm-light,original,641,896,435,0,0.6782582998275757,"[435, 896, 648, 876, 729]","[0.6782582998275757, 0.2483334243297577, 0.04387577250599861, 0.018024742603302002, 0.0015620662597939372]"
cm-light,original,642,45,513,0,0.15608257055282593,"[513, 558, 683, 684, 666]","[0.15608257055282593, 0.12723183631896973, 0.0738646537065506, 0.0331249013543129, 0.01852291077375412]"
cm-light,original,643,444,703,0,0.3235004246234894,"[703, 671, 870, 665, 444]","[0.3235004246234894, 0.1032356545329094, 0.07032746076583862, 0.06720644980669022, 0.05965204909443855]"
cm-light,original,644,224,224,1,0.7467076778411865,"[224, 199, 297, 261, 336]","[0.7467076778411865, 0.04990188404917717, 0.04011155292391777, 0.032570306211709976, 0.029788170009851456]"
cm-light,original,645,738,756,0,0.5287957191467285,"[756, 546, 640, 815, 904]","[0.5287957191467285, 0.06688044220209122, 0.04408948868513107, 0.027128342539072037, 0.025820905342698097]"
cm-light,original,646,495,583,0,0.26900583505630493,"[583, 556, 495, 912, 604]","[0.26900583505630493, 0.09565381705760956, 0.06979107856750488, 0.05892268195748329, 0.05744526535272598]"
cm-light,original,647,354,677,0,0.16063931584358215,"[677, 23, 562, 884, 792]","[0.16063931584358215, 0.06637787818908691, 0.055018384009599686, 0.05033612623810768, 0.045264966785907745]"
cm-light,original,648,315,13,0,0.2080318033695221,"[13, 14, 815, 319, 15]","[0.2080318033695221, 0.11045441776514053, 0.09133923053741455, 0.08768817037343979, 0.04892469942569733]"
cm-light,original,649,728,703,0,0.18114835023880005,"[703, 562, 642, 784, 587]","[0.18114835023880005, 0.06617050617933273, 0.04418105632066727, 0.034108757972717285, 0.020790422335267067]"
cm-light,original,650,715,715,1,0.6843897104263306,"[715, 792, 491, 652, 428]","[0.6843897104263306, 0.05069582536816597, 0.02621215395629406, 0.020220866426825523, 0.019538532942533493]"
cm-light,original,651,284,284,1,0.9330132007598877,"[284, 227, 182, 151, 261]","[0.9330132007598877, 0.011303982697427273, 0.007075314875692129, 0.00623012101277709, 0.005078915040940046]"
cm-light,original,652,295,13,0,0.24699021875858307,"[13, 370, 297, 295, 357]","[0.24699021875858307, 0.10808804631233215, 0.0682377889752388, 0.05648771673440933, 0.04716112092137337]"
cm-light,original,653,471,807,0,0.10958225280046463,"[807, 525, 972, 517, 839]","[0.10958225280046463, 0.10426836460828781, 0.07247636467218399, 0.061045389622449875, 0.059717945754528046]"
cm-light,original,654,665,665,1,0.7660222053527832,"[665, 880, 870, 670, 444]","[0.7660222053527832, 0.0597703643143177, 0.04436266049742699, 0.01852588728070259, 0.017183931544423103]"
cm-light,original,655,217,160,0,0.4957161545753479,"[160, 226, 375, 233, 257]","[0.4957161545753479, 0.09720226377248764, 0.0637311190366745, 0.05850159004330635, 0.037717148661613464]"
cm-light,original,656,775,775,1,0.6471728682518005,"[775, 578, 552, 639, 887]","[0.6471728682518005, 0.1372613161802292, 0.05442862585186958, 0.020197004079818726, 0.014997806400060654]"
cm-light,original,657,143,391,0,0.6638180017471313,"[391, 389, 394, 395, 499]","[0.6638180017471313, 0.11025345325469971, 0.058331724256277084, 0.02536008320748806, 0.009836548939347267]"
cm-light,original,658,806,423,0,0.1341438740491867,"[423, 894, 491, 788, 583]","[0.1341438740491867, 0.12502332031726837, 0.0771401971578598, 0.06673642247915268, 0.05683190003037453]"
cm-light,original,659,171,180,0,0.3181339204311371,"[180, 171, 179, 178, 159]","[0.3181339204311371, 0.29125505685806274, 0.09747406095266342, 0.07977268844842911, 0.03583893924951553]"
cm-light,original,660,637,637,1,0.5179540514945984,"[637, 448, 412, 414, 664]","[0.5179540514945984, 0.036192670464515686, 0.030744867399334908, 0.029817936941981316, 0.024325529113411903]"
cm-light,original,661,875,294,0,0.06896134465932846,"[294, 286, 269, 387, 287]","[0.06896134465932846, 0.06340209394693375, 0.06200903654098511, 0.06104341894388199, 0.03898226469755173]"
cm-light,original,662,614,614,1,0.3397471308708191,"[614, 496, 411, 454, 697]","[0.3397471308708191, 0.07432825118303299, 0.05600139871239662, 0.050984498113393784, 0.050486285239458084]"
cm-light,original,663,185,185,1,0.63999342918396,"[185, 186, 193, 184, 202]","[0.63999342918396, 0.10974818468093872, 0.07583150267601013, 0.03276495635509491, 0.028056293725967407]"
cm-light,original,664,583,583,1,0.9543638229370117,"[583, 764, 428, 612, 790]","[0.9543638229370117, 0.005809291265904903, 0.003946499899029732, 0.00213623046875, 0.001391121419146657]"
cm-light,original,665,674,532,0,0.14111152291297913,"[532, 580, 835, 428, 726]","[0.14111152291297913, 0.13556890189647675, 0.0817539393901825, 0.06892669200897217, 0.05299510434269905]"
cm-light,original,666,198,198,1,0.5552805066108704,"[198, 202, 192, 212, 193]","[0.5552805066108704, 0.13096916675567627, 0.08345989137887955, 0.06446009129285812, 0.03213120996952057]"
cm-light,original,667,571,706,0,0.2521861493587494,"[706, 660, 698, 415, 571]","[0.2521861493587494, 0.13126926124095917, 0.11908523738384247, 0.09710772335529327, 0.04120372608304024]"
cm-light,original,668,870,866,0,0.3483295142650604,"[866, 665, 670, 856, 730]","[0.3483295142650604, 0.15934263169765472, 0.1047813668847084, 0.09591502696275711, 0.08152393251657486]"
cm-light,original,669,614,614,1,0.8272978067398071,"[614, 411, 697, 865, 723]","[0.8272978067398071, 0.03616049513220787, 0.01896738074719906, 0.008710233494639397, 0.006040314212441444]"
cm-light,original,670,822,822,1,0.8228735327720642,"[822, 642, 559, 424, 919]","[0.8228735327720642, 0.011878252029418945, 0.01072688028216362, 0.010237633250653744, 0.00908153411000967]"
cm-light,original,671,216,216,1,0.2077558934688568,"[216, 189, 212, 175, 382]","[0.2077558934688568, 0.08758088946342468, 0.08652332425117493, 0.053361676633358, 0.035576414316892624]"
cm-light,original,672,209,191,0,0.39256227016448975,"[191, 159, 184, 354, 255]","[0.39256227016448975, 0.0611334890127182, 0.056589774787425995, 0.050204094499349594, 0.044886283576488495]"
cm-light,original,673,775,775,1,0.4057140350341797,"[775, 824, 879, 462, 578]","[0.4057140350341797, 0.05170569568872452, 0.04148942232131958, 0.041367534548044205, 0.030552390962839127]"
cm-light,original,674,559,765,0,0.43205180764198303,"[765, 559, 791, 421, 919]","[0.43205180764198303, 0.1748247742652893, 0.035646144300699234, 0.029191335663199425, 0.026953760534524918]"
cm-light,original,675,830,88,0,0.20810137689113617,"[88, 122, 830, 90, 440]","[0.20810137689113617, 0.06521284580230713, 0.062390413135290146, 0.05986698716878891, 0.04892995208501816]"
cm-light,original,676,532,532,1,0.781250536441803,"[532, 634, 471, 559, 421]","[0.781250536441803, 0.04077158495783806, 0.02691015973687172, 0.01818356290459633, 0.013237177394330502]"
cm-light,original,677,233,221,0,0.41954493522644043,"[221, 233, 266, 189, 199]","[0.41954493522644043, 0.2861574590206146, 0.09375768899917603, 0.039793774485588074, 0.02462131902575493]"
cm-light,original,678,765,765,1,0.5235815048217773,"[765, 912, 421, 506, 703]","[0.5235815048217773, 0.10713262856006622, 0.07139648497104645, 0.06114178150892258, 0.024649882689118385]"
cm-light,original,679,428,424,0,0.2368495911359787,"[424, 675, 420, 778, 427]","[0.2368495911359787, 0.15380454063415527, 0.15139317512512207, 0.0493815578520298, 0.020675821229815483]"
cm-light,original,680,765,919,0,0.2010802924633026,"[919, 765, 703, 559, 454]","[0.2010802924633026, 0.19171319901943207, 0.08936194330453873, 0.06791610270738602, 0.03062818944454193]"
cm-light,original,681,420,420,1,0.34197720885276794,"[420, 642, 450, 618, 683]","[0.34197720885276794, 0.23916243016719818, 0.0774320736527443, 0.04574435204267502, 0.03711201623082161]"
cm-light,original,682,571,757,0,0.1509789228439331,"[757, 517, 705, 914, 829]","[0.1509789228439331, 0.09916824102401733, 0.08413738757371902, 0.06747572869062424, 0.04453340545296669]"
cm-light,original,683,177,690,0,0.13798359036445618,"[690, 652, 170, 649, 177]","[0.13798359036445618, 0.11345361918210983, 0.11227265745401382, 0.056020837277173996, 0.04864409193396568]"
cm-light,original,684,846,611,0,0.12353136390447617,"[611, 99, 703, 853, 491]","[0.12353136390447617, 0.11659877002239227, 0.03462281823158264, 0.03243996575474739, 0.02733124978840351]"
cm-light,original,685,236,236,1,0.40974199771881104,"[236, 234, 165, 237, 225]","[0.40974199771881104, 0.237548366189003, 0.15459468960762024, 0.08032827079296112, 0.008788632228970528]"
cm-light,original,686,201,708,0,0.44386470317840576,"[708, 539, 653, 412, 480]","[0.44386470317840576, 0.1726115494966507, 0.07827537506818771, 0.03344740718603134, 0.021239126101136208]"
cm-light,original,687,953,735,0,0.08124357461929321,"[735, 33, 123, 121, 39]","[0.08124357461929321, 0.08123009651899338, 0.06680562347173691, 0.0650702491402626, 0.0517413355410099]"
cm-light,original,688,637,637,1,0.8613471984863281,"[637, 410, 412, 756, 448]","[0.8613471984863281, 0.04022098332643509, 0.007698886562138796, 0.006016746163368225, 0.004808088298887014]"
cm-light,original,689,420,583,0,0.8022596836090088,"[583, 765, 743, 250, 756]","[0.8022596836090088, 0.04551629722118378, 0.016689954325556755, 0.010765716433525085, 0.00873617921024561]"
cm-light,original,690,602,602,1,0.7585699558258057,"[602, 843, 733, 981, 747]","[0.7585699558258057, 0.024180037900805473, 0.014723384752869606, 0.014086791314184666, 0.011343666352331638]"
cm-light,original,691,806,423,0,0.41778936982154846,"[423, 462, 765, 882, 869]","[0.41778936982154846, 0.056863121688365936, 0.04720430076122284, 0.036218758672475815, 0.0326862707734108]"
cm-light,original,692,608,391,0,0.14129091799259186,"[391, 395, 840, 523, 389]","[0.14129091799259186, 0.08816180378198624, 0.07859015464782715, 0.03940798342227936, 0.02350379340350628]"
cm-light,original,693,775,661,0,0.10036016255617142,"[661, 706, 766, 415, 423]","[0.10036016255617142, 0.06058114022016525, 0.05854726582765579, 0.0476435087621212, 0.04717757925391197]"
cm-light,original,694,614,614,1,0.1595841348171234,"[614, 401, 203, 216, 247]","[0.1595841348171234, 0.08621332794427872, 0.05726289376616478, 0.05649981647729874, 0.052920736372470856]"
cm-light,original,695,728,377,0,0.12584173679351807,"[377, 191, 736, 221, 380]","[0.12584173679351807, 0.07383827120065689, 0.061535123735666275, 0.05835837870836258, 0.058144718408584595]"
cm-light,original,696,836,182,0,0.06658422201871872,"[182, 877, 150, 168, 638]","[0.06658422201871872, 0.055632591247558594, 0.030353501439094543, 0.025935601443052292, 0.022230317816138268]"
cm-light,original,697,361,361,1,0.7122243642807007,"[361, 375, 374, 381, 378]","[0.7122243642807007, 0.09411852806806564, 0.05904398113489151, 0.030807333067059517, 0.01363981980830431]"
cm-light,original,698,842,842,1,0.1499476283788681,"[842, 702, 558, 602, 775]","[0.1499476283788681, 0.10207612067461014, 0.04462025687098503, 0.04227323457598686, 0.03308878466486931]"
cm-light,original,699,444,444,1,0.5462835431098938,"[444, 870, 880, 612, 428]","[0.5462835431098938, 0.13604959845542908, 0.09484740346670151, 0.057688165456056595, 0.016980569809675217]"
cm-light,original,700,364,877,0,0.059699371457099915,"[877, 634, 225, 182, 174]","[0.059699371457099915, 0.04047686979174614, 0.03542136028409004, 0.025844493880867958, 0.024318046867847443]"
cm-light,original,701,707,707,1,0.9014866948127747,"[707, 480, 886, 740, 571]","[0.9014866948127747, 0.056366030126810074, 0.006127440836280584, 0.0038132015615701675, 0.0031979456543922424]"
cm-light,original,702,151,235,0,0.5920411348342896,"[235, 238, 158, 227, 240]","[0.5920411348342896, 0.05224831402301788, 0.03963765874505043, 0.03210488334298134, 0.031159793958067894]"
cm-light,original,703,765,580,0,0.39546945691108704,"[580, 756, 877, 716, 506]","[0.39546945691108704, 0.06374244391918182, 0.04398763179779053, 0.042451903223991394, 0.028240682557225227]"
cm-light,original,704,571,498,0,0.4735857844352722,"[498, 448, 571, 884, 743]","[0.4735857844352722, 0.08243928104639053, 0.06090163066983223, 0.03904084488749504, 0.03851563483476639]"
cm-light,original,705,197,708,0,0.15757480263710022,"[708, 824, 501, 608, 367]","[0.15757480263710022, 0.12050265073776245, 0.092497318983078, 0.08605220168828964, 0.04347753897309303]"
cm-light,original,706,681,580,0,0.1689501851797104,"[580, 757, 424, 727, 660]","[0.1689501851797104, 0.07725202292203903, 0.06163369491696358, 0.05091425031423569, 0.042128853499889374]"
cm-light,original,707,382,938,0,0.08752047270536423,"[938, 994, 381, 22, 374]","[0.08752047270536423, 0.062911257147789, 0.04119541868567467, 0.035517193377017975, 0.03341365233063698]"
cm-light,original,708,765,706,0,0.4844197630882263,"[706, 642, 624, 532, 579]","[0.4844197630882263, 0.21978914737701416, 0.08513876050710678, 0.07471775263547897, 0.034306224435567856]"
cm-light,original,709,559,178,0,0.13182386755943298,"[178, 237, 235, 197, 191]","[0.13182386755943298, 0.09613090753555298, 0.05586354434490204, 0.03961057588458061, 0.03698281943798065]"
cm-light,original,710,708,399,0,0.114549919962883,"[399, 606, 708, 497, 583]","[0.114549919962883, 0.06715905666351318, 0.050232984125614166, 0.04420017451047897, 0.03225390240550041]"
cm-light,original,711,202,216,0,0.5107157230377197,"[216, 219, 212, 222, 204]","[0.5107157230377197, 0.1307244449853897, 0.12006514519453049, 0.02770628035068512, 0.026964347809553146]"
cm-light,original,712,469,491,0,0.11211153119802475,"[491, 423, 519, 561, 765]","[0.11211153119802475, 0.06427282094955444, 0.06186629831790924, 0.05713250860571861, 0.056032486259937286]"
cm-light,original,713,875,875,1,0.4993034303188324,"[875, 721, 283, 677, 523]","[0.4993034303188324, 0.0781889259815216, 0.05268409103155136, 0.03990979492664337, 0.03800991177558899]"
cm-light,original,714,284,284,1,0.8621577024459839,"[284, 283, 359, 162, 178]","[0.8621577024459839, 0.018972687423229218, 0.013100964948534966, 0.008661017753183842, 0.0056898626498878]"
cm-light,original,715,199,721,0,0.20012643933296204,"[721, 850, 816, 88, 806]","[0.20012643933296204, 0.18311156332492828, 0.0879247710108757, 0.06738270074129105, 0.036282893270254135]"
cm-light,original,716,529,529,1,0.3745250105857849,"[529, 520, 611, 697, 443]","[0.3745250105857849, 0.372175395488739, 0.04895632341504097, 0.04571855813264847, 0.03455381467938423]"
cm-light,original,717,157,263,0,0.3864802420139313,"[263, 161, 162, 218, 173]","[0.3864802420139313, 0.04534221440553665, 0.0387001596391201, 0.035412173718214035, 0.034378573298454285]"
cm-light,original,718,850,266,0,0.29316648840904236,"[266, 265, 721, 750, 117]","[0.29316648840904236, 0.19054779410362244, 0.047627728432416916, 0.04605420306324959, 0.03761131316423416]"
cm-light,original,719,529,876,0,0.6613550186157227,"[876, 435, 529, 516, 659]","[0.6613550186157227, 0.20767296850681305, 0.017599236220121384, 0.014868886210024357, 0.007080283481627703]"
cm-light,original,720,186,180,0,0.31253308057785034,"[180, 397, 161, 151, 173]","[0.31253308057785034, 0.12884554266929626, 0.0413990318775177, 0.03292623162269592, 0.02779277414083481]"
cm-light,original,721,361,361,1,0.9608239531517029,"[361, 183, 362, 267, 195]","[0.9608239531517029, 0.006570728030055761, 0.005551162641495466, 0.0017375879688188434, 0.0016421746695414186]"
cm-light,original,722,684,474,0,0.21364235877990723,"[474, 721, 806, 695, 356]","[0.21364235877990723, 0.1770145744085312, 0.05597306787967682, 0.03748815879225731, 0.0261269249022007]"
cm-light,original,723,846,831,0,0.8742727041244507,"[831, 669, 564, 598, 520]","[0.8742727041244507, 0.02850678376853466, 0.019925840198993683, 0.006008512806147337, 0.005349920131266117]"
cm-light,original,724,156,161,0,0.2915792763233185,"[161, 263, 162, 909, 163]","[0.2915792763233185, 0.12006283551454544, 0.06724312156438828, 0.04640021175146103, 0.044364530593156815]"
cm-light,original,725,175,721,0,0.28418272733688354,"[721, 750, 509, 182, 191]","[0.28418272733688354, 0.1167391985654831, 0.05278468504548073, 0.044045209884643555, 0.03771676868200302]"
cm-light,original,726,258,259,0,0.46131372451782227,"[259, 258, 257, 265, 222]","[0.46131372451782227, 0.1627143919467926, 0.08259186148643494, 0.07529833912849426, 0.036013197153806686]"
cm-light,original,727,254,254,1,0.8196760416030884,"[254, 174, 243, 182, 262]","[0.8196760416030884, 0.05330009013414383, 0.04762730747461319, 0.01358372624963522, 0.009717484936118126]"
cm-light,original,728,529,934,0,0.15283238887786865,"[934, 945, 529, 71, 938]","[0.15283238887786865, 0.09415784478187561, 0.08701145648956299, 0.07392486184835434, 0.06764533370733261]"
cm-light,original,729,267,296,0,0.23432955145835876,"[296, 266, 286, 181, 106]","[0.23432955145835876, 0.13805469870567322, 0.0929323062300682, 0.08197947591543198, 0.03130512312054634]"
cm-light,original,730,257,208,0,0.2570965588092804,"[208, 178, 180, 257, 793]","[0.2570965588092804, 0.1587890088558197, 0.05732192471623421, 0.05636319890618324, 0.05258745327591896]"
cm-light,original,731,529,850,0,0.09551993757486343,"[850, 529, 208, 415, 267]","[0.09551993757486343, 0.07670237123966217, 0.06825190037488937, 0.048726245760917664, 0.04237135499715805]"
cm-light,original,732,765,765,1,0.8131940364837646,"[765, 505, 669, 564, 516]","[0.8131940364837646, 0.03376547247171402, 0.02625635825097561, 0.02606164664030075, 0.01488261017948389]"
cm-light,original,733,532,905,0,0.17596080899238586,"[905, 532, 431, 700, 539]","[0.17596080899238586, 0.1065250039100647, 0.04126526787877083, 0.027387602254748344, 0.022689633071422577]"
cm-light,original,734,227,374,0,0.22676056623458862,"[374, 381, 355, 267, 387]","[0.22676056623458862, 0.08699698746204376, 0.036553818732500076, 0.029431484639644623, 0.02864868752658367]"
cm-light,original,735,520,453,0,0.1435616910457611,"[453, 520, 718, 765, 421]","[0.1435616910457611, 0.09799425303936005, 0.08694875985383987, 0.07045550644397736, 0.057817164808511734]"
cm-light,original,736,999,876,0,0.45452046394348145,"[876, 435, 961, 478, 831]","[0.45452046394348145, 0.39234763383865356, 0.055223576724529266, 0.024897295981645584, 0.008660906925797462]"
cm-light,original,737,174,428,0,0.22028745710849762,"[428, 753, 478, 876, 435]","[0.22028745710849762, 0.11355193704366684, 0.07417044043540955, 0.03675265610218048, 0.03505820780992508]"
cm-light,original,738,841,614,0,0.14586399495601654,"[614, 534, 869, 601, 411]","[0.14586399495601654, 0.08336155861616135, 0.038919419050216675, 0.037032727152109146, 0.03037729300558567]"
cm-light,original,739,846,846,1,0.31800925731658936,"[846, 894, 532, 619, 564]","[0.31800925731658936, 0.0817151591181755, 0.05344756320118904, 0.0472639799118042, 0.031929973512887955]"
cm-light,original,740,999,470,0,0.16241973638534546,"[470, 589, 611, 696, 845]","[0.16241973638534546, 0.10482207685709, 0.04445520415902138, 0.043162230402231216, 0.029792290180921555]"
cm-light,original,741,258,258,1,0.7263661026954651,"[258, 257, 333, 338, 203]","[0.7263661026954651, 0.04344348981976509, 0.031052369624376297, 0.021026579663157463, 0.020219290629029274]"
cm-light,original,742,851,831,0,0.3177028000354767,"[831, 564, 598, 750, 789]","[0.3177028000354767, 0.11172142624855042, 0.09394913166761398, 0.06514391303062439, 0.03473536670207977]"
cm-light,original,743,423,423,1,0.5859093070030212,"[423, 532, 550, 889, 579]","[0.5859093070030212, 0.21187856793403625, 0.04723800718784332, 0.0104138208553195, 0.008649646304547787]"
cm-light,original,744,233,197,0,0.5811790823936462,"[197, 199, 233, 183, 214]","[0.5811790823936462, 0.11200537532567978, 0.06400366127490997, 0.05002330616116524, 0.030560120940208435]"
cm-light,original,745,253,230,0,0.13249516487121582,"[230, 955, 209, 163, 155]","[0.13249516487121582, 0.08107003569602966, 0.07142099738121033, 0.0640442743897438, 0.03676988184452057]"
cm-light,original,746,655,689,0,0.4345831871032715,"[689, 655, 578, 601, 474]","[0.4345831871032715, 0.11738475412130356, 0.09557448327541351, 0.03670891374349594, 0.03226301819086075]"
cm-light,original,747,422,834,0,0.58918696641922,"[834, 869, 422, 736, 474]","[0.58918696641922, 0.05123777687549591, 0.04365426301956177, 0.028406042605638504, 0.02783922478556633]"
cm-light,original,748,765,532,0,0.4069060683250427,"[532, 577, 526, 765, 579]","[0.4069060683250427, 0.14787492156028748, 0.05381232500076294, 0.038640096783638, 0.02403745800256729]"
cm-light,original,749,545,514,0,0.13856589794158936,"[514, 545, 880, 817, 882]","[0.13856589794158936, 0.09254083782434464, 0.06214989721775055, 0.04247496649622917, 0.031051646918058395]"
cm-light,original,750,841,213,0,0.2568507492542267,"[213, 201, 870, 168, 243]","[0.2568507492542267, 0.10127955675125122, 0.08564554154872894, 0.03263423591852188, 0.03147503733634949]"
cm-light,original,751,655,887,0,0.16320282220840454,"[887, 655, 411, 501, 564]","[0.16320282220840454, 0.14074920117855072, 0.10180502384901047, 0.09414160251617432, 0.08154287189245224]"
cm-light,original,752,846,532,0,0.27582448720932007,"[532, 786, 846, 579, 492]","[0.27582448720932007, 0.2044084668159485, 0.144353985786438, 0.04885339364409447, 0.031641729176044464]"
cm-light,original,753,999,648,0,0.16184420883655548,"[648, 894, 760, 905, 799]","[0.16184420883655548, 0.14185737073421478, 0.10629004240036011, 0.0733775943517685, 0.052693113684654236]"
cm-light,original,754,841,264,0,0.09499293565750122,"[264, 254, 202, 212, 259]","[0.09499293565750122, 0.08654774725437164, 0.08014930039644241, 0.056066446006298065, 0.031663332134485245]"
cm-light,original,755,655,496,0,0.06878108531236649,"[496, 478, 411, 674, 917]","[0.06878108531236649, 0.06626570969820023, 0.040325213223695755, 0.03462087735533714, 0.03323990851640701]"
cm-light,original,756,579,854,0,0.42501845955848694,"[854, 559, 765, 642, 846]","[0.42501845955848694, 0.2553170919418335, 0.228292316198349, 0.012554807588458061, 0.012216477654874325]"
cm-light,original,757,198,198,1,0.25101161003112793,"[198, 196, 201, 192, 285]","[0.25101161003112793, 0.0566297322511673, 0.050147294998168945, 0.04549940302968025, 0.03975342959165573]"
cm-light,original,758,614,614,1,0.26460057497024536,"[614, 713, 702, 731, 775]","[0.26460057497024536, 0.06515750288963318, 0.05120791494846344, 0.04167444258928299, 0.029629124328494072]"
cm-light,original,759,689,929,0,0.1557798534631729,"[929, 879, 822, 723, 552]","[0.1557798534631729, 0.10364782065153122, 0.05755099654197693, 0.05620480328798294, 0.045654017478227615]"
cm-light,original,760,863,539,0,0.10251684486865997,"[539, 637, 894, 741, 494]","[0.10251684486865997, 0.08185414969921112, 0.07309547811746597, 0.04739261791110039, 0.041904885321855545]"
cm-light,original,761,851,598,0,0.20615258812904358,"[598, 548, 851, 527, 583]","[0.20615258812904358, 0.16767250001430511, 0.07528220862150192, 0.07332897186279297, 0.06854712218046188]"
cm-light,original,762,444,444,1,0.8349178433418274,"[444, 645, 671, 752, 870]","[0.8349178433418274, 0.036132294684648514, 0.01784185692667961, 0.012907951138913631, 0.008522095158696175]"
cm-light,original,763,230,239,0,0.15044988691806793,"[239, 230, 256, 361, 205]","[0.15044988691806793, 0.12231139838695526, 0.10562942922115326, 0.07273922115564346, 0.057153645902872086]"
cm-light,original,764,254,242,0,0.12114974856376648,"[242, 501, 243, 173, 203]","[0.12114974856376648, 0.09145909547805786, 0.0668911412358284, 0.04953767731785774, 0.03473887965083122]"
cm-light,original,765,199,199,1,0.23974822461605072,"[199, 252, 256, 244, 233]","[0.23974822461605072, 0.13236556947231293, 0.10721530020236969, 0.07575351744890213, 0.06980890780687332]"
cm-light,original,766,493,548,0,0.24693019688129425,"[548, 453, 553, 651, 526]","[0.24693019688129425, 0.22540165483951569, 0.07486533373594284, 0.06264360249042511, 0.05003948137164116]"
cm-light,original,767,882,424,0,0.48746761679649353,"[424, 415, 423, 831, 564]","[0.48746761679649353, 0.050991080701351166, 0.04617220163345337, 0.046020761132240295, 0.0409998893737793]"
cm-light,original,768,739,955,0,0.1734086573123932,"[955, 739, 934, 643, 51]","[0.1734086573123932, 0.08864834159612656, 0.05985771492123604, 0.042403582483530045, 0.03459580987691879]"
cm-light,original,769,846,846,1,0.7348150610923767,"[846, 619, 411, 725, 636]","[0.7348150610923767, 0.10504484176635742, 0.008602253161370754, 0.006719885393977165, 0.006691766437143087]"
cm-light,original,770,614,614,1,0.759585976600647,"[614, 697, 568, 457, 251]","[0.759585976600647, 0.064467653632164, 0.028279025107622147, 0.011963386088609695, 0.008952260948717594]"
cm-light,original,771,579,517,0,0.2380950003862381,"[517, 498, 421, 767, 776]","[0.2380950003862381, 0.17191210389137268, 0.09179030358791351, 0.047968775033950806, 0.04344024509191513]"
cm-light,original,772,882,882,1,0.1015125960111618,"[882, 812, 518, 775, 774]","[0.1015125960111618, 0.07834917306900024, 0.05494110286235809, 0.045485720038414, 0.034410275518894196]"
cm-light,original,773,778,828,0,0.08597477525472641,"[828, 748, 464, 597, 421]","[0.08597477525472641, 0.07262788712978363, 0.06082812696695328, 0.05308311805129051, 0.0348762646317482]"
cm-light,original,774,882,534,0,0.3847028911113739,"[534, 894, 492, 495, 519]","[0.3847028911113739, 0.17296794056892395, 0.12672623991966248, 0.06537270545959473, 0.055076535791158676]"
cm-light,original,775,550,765,0,0.21117466688156128,"[765, 790, 454, 624, 398]","[0.21117466688156128, 0.05814773961901665, 0.052710458636283875, 0.052367739379405975, 0.035806022584438324]"
cm-light,original,776,284,9,0,0.24549932777881622,"[9, 583, 702, 642, 381]","[0.24549932777881622, 0.08707106858491898, 0.08594896644353867, 0.06180938705801964, 0.03200393170118332]"
cm-light,original,777,851,598,0,0.6570394039154053,"[598, 548, 480, 851, 527]","[0.6570394039154053, 0.26584112644195557, 0.01768602430820465, 0.016746770590543747, 0.010844935663044453]"
cm-light,original,778,651,894,0,0.3024132251739502,"[894, 799, 519, 480, 534]","[0.3024132251739502, 0.0627753883600235, 0.049582190811634064, 0.044422686100006104, 0.0441320426762104]"
cm-light,original,779,681,526,0,0.8035335540771484,"[526, 742, 736, 782, 846]","[0.8035335540771484, 0.05720487982034683, 0.013194654136896133, 0.009596184827387333, 0.00944214966148138]"
cm-light,original,780,420,420,1,0.8660483360290527,"[420, 402, 566, 683, 843]","[0.8660483360290527, 0.010552816092967987, 0.00849084835499525, 0.008257406763732433, 0.00783469993621111]"
cm-light,original,781,532,896,0,0.1823325902223587,"[896, 778, 579, 846, 532]","[0.1823325902223587, 0.1698816865682602, 0.13619430363178253, 0.05142779275774956, 0.03820018470287323]"
cm-light,original,782,423,423,1,0.3134637773036957,"[423, 933, 760, 514, 541]","[0.3134637773036957, 0.035081326961517334, 0.0313987210392952, 0.02727130427956581, 0.024586649611592293]"
cm-light,original,783,201,201,1,0.3074408769607544,"[201, 192, 187, 202, 196]","[0.3074408769607544, 0.224834606051445, 0.06304918229579926, 0.051504947245121, 0.04843746870756149]"
cm-light,original,784,690,690,1,0.5406687259674072,"[690, 345, 603, 843, 866]","[0.5406687259674072, 0.1729777604341507, 0.12211813777685165, 0.028114615008234978, 0.024074576795101166]"
cm-light,original,785,807,807,1,0.7497137784957886,"[807, 421, 879, 486, 706]","[0.7497137784957886, 0.03234906122088432, 0.02172832563519478, 0.01577669009566307, 0.01125053409487009]"
cm-light,original,786,836,788,0,0.0844116359949112,"[788, 575, 424, 627, 515]","[0.0844116359949112, 0.06290937215089798, 0.05971239507198334, 0.0364939384162426, 0.03450368717312813]"
cm-light,original,787,779,779,1,0.8306140303611755,"[779, 874, 517, 555, 791]","[0.8306140303611755, 0.055908530950546265, 0.014374584890902042, 0.012968347407877445, 0.009319538250565529]"
cm-light,original,788,872,730,0,0.07171040773391724,"[730, 523, 428, 594, 652]","[0.07171040773391724, 0.06561798602342606, 0.06552131474018097, 0.06341991573572159, 0.05230461806058884]"
cm-light,original,789,516,412,0,0.11689165234565735,"[412, 516, 756, 427, 428]","[0.11689165234565735, 0.10104174166917801, 0.07070357352495193, 0.05527176707983017, 0.03721175342798233]"
cm-light,original,790,807,448,0,0.2671958804130554,"[448, 716, 637, 706, 835]","[0.2671958804130554, 0.12304466962814331, 0.12172476202249527, 0.07909549027681351, 0.0758156031370163]"
cm-light,original,791,880,471,0,0.16790907084941864,"[471, 880, 603, 428, 872]","[0.16790907084941864, 0.0890350267291069, 0.05284113064408302, 0.04020804166793823, 0.03785731643438339]"
cm-light,original,792,678,454,0,0.05592881888151169,"[454, 880, 424, 612, 586]","[0.05592881888151169, 0.0547817163169384, 0.05222529545426369, 0.05082057788968086, 0.04415982961654663]"
cm-light,original,793,603,603,1,0.347175270318985,"[603, 561, 612, 537, 234]","[0.347175270318985, 0.04075489193201065, 0.040024254471063614, 0.03417046368122101, 0.02598380669951439]"
cm-light,original,794,665,621,0,0.35361823439598083,"[621, 671, 249, 264, 263]","[0.35361823439598083, 0.0797489657998085, 0.05532427504658699, 0.047888848930597305, 0.04242328181862831]"
cm-light,original,795,541,160,0,0.2504797875881195,"[160, 183, 226, 170, 255]","[0.2504797875881195, 0.2034388929605484, 0.12888063490390778, 0.11000283062458038, 0.06055307388305664]"
cm-light,original,796,704,496,0,0.06825434416532516,"[496, 608, 525, 704, 460]","[0.06825434416532516, 0.06596261262893677, 0.06319629400968552, 0.05708501115441322, 0.04673793166875839]"
cm-light,original,797,770,514,0,0.0872659832239151,"[514, 316, 665, 670, 51]","[0.0872659832239151, 0.07527290284633636, 0.0625845268368721, 0.03283260762691498, 0.02356564626097679]"
cm-light,original,798,428,568,0,0.7884522080421448,"[568, 501, 873, 427, 887]","[0.7884522080421448, 0.02431284822523594, 0.020282844081521034, 0.01723203994333744, 0.01656852662563324]"
cm-light,original,799,637,497,0,0.408250629901886,"[497, 483, 634, 406, 853]","[0.408250629901886, 0.06544467806816101, 0.06390371918678284, 0.0524982325732708, 0.041160698980093]"
cm-light,original,800,879,412,0,0.2650734782218933,"[412, 87, 463, 469, 738]","[0.2650734782218933, 0.10998108983039856, 0.07536373287439346, 0.07087650895118713, 0.0497608482837677]"
cm-light,original,801,869,665,0,0.5414373874664307,"[665, 880, 870, 444, 671]","[0.5414373874664307, 0.1562410593032837, 0.11005067080259323, 0.08362199366092682, 0.02981480583548546]"
cm-light,original,802,690,562,0,0.08435207605361938,"[562, 291, 346, 269, 352]","[0.08435207605361938, 0.053549811244010925, 0.04230484366416931, 0.040004272013902664, 0.03624621033668518]"
cm-light,original,803,822,612,0,0.1384645402431488,"[612, 880, 172, 645, 728]","[0.1384645402431488, 0.05862535908818245, 0.030259940773248672, 0.021325629204511642, 0.02109421230852604]"
cm-light,original,804,880,880,1,0.22286464273929596,"[880, 870, 355, 671, 706]","[0.22286464273929596, 0.13402371108531952, 0.04512288421392441, 0.04028266668319702, 0.038161784410476685]"
cm-light,original,805,612,118,0,0.3137357831001282,"[118, 832, 121, 391, 491]","[0.3137357831001282, 0.09297522902488708, 0.04566740244626999, 0.04095281660556793, 0.026591463014483452]"
cm-light,original,806,879,602,0,0.09091514348983765,"[602, 608, 198, 642, 523]","[0.09091514348983765, 0.08673156797885895, 0.07877059280872345, 0.0528426356613636, 0.052308499813079834]"
cm-light,original,807,603,603,1,0.4486324191093445,"[603, 765, 513, 454, 762]","[0.4486324191093445, 0.09029766917228699, 0.0660487711429596, 0.04252423718571663, 0.024526627734303474]"
cm-light,original,808,707,707,1,0.4941251277923584,"[707, 664, 756, 651, 480]","[0.4941251277923584, 0.052189938724040985, 0.041353411972522736, 0.029643887653946877, 0.028448903933167458]"
cm-light,original,809,751,730,0,0.13466668128967285,"[730, 803, 866, 706, 843]","[0.13466668128967285, 0.08448630571365356, 0.06685835868120193, 0.06423043459653854, 0.04795635864138603]"
cm-light,original,810,407,734,0,0.3432947099208832,"[734, 468, 436, 407, 717]","[0.3432947099208832, 0.3182881772518158, 0.13751478493213654, 0.09001718461513519, 0.048207540065050125]"
cm-light,original,811,791,791,1,0.3281358480453491,"[791, 421, 920, 561, 790]","[0.3281358480453491, 0.12286849319934845, 0.03615443781018257, 0.03404126316308975, 0.03150288760662079]"
cm-light,original,812,645,576,0,0.19440217316150665,"[576, 971, 645, 454, 879]","[0.19440217316150665, 0.1061830073595047, 0.10042569041252136, 0.06712058186531067, 0.05221790447831154]"
cm-light,original,813,879,214,0,0.2912219762802124,"[214, 205, 235, 197, 879]","[0.2912219762802124, 0.14819693565368652, 0.09502601623535156, 0.08018577843904495, 0.06172661483287811]"
cm-light,original,814,612,612,1,0.7049584984779358,"[612, 569, 561, 661, 491]","[0.7049584984779358, 0.05948396772146225, 0.025617916136980057, 0.017532506957650185, 0.01509837806224823]"
cm-light,original,815,468,468,1,0.42263689637184143,"[468, 779, 569, 866, 573]","[0.42263689637184143, 0.11754472553730011, 0.08251404017210007, 0.05194070190191269, 0.039349574595689774]"
cm-light,original,816,603,603,1,0.43731793761253357,"[603, 354, 690, 471, 634]","[0.43731793761253357, 0.13071829080581665, 0.04118002578616142, 0.04082788899540901, 0.029594093561172485]"
cm-light,original,817,670,870,0,0.5266501903533936,"[870, 880, 665, 661, 670]","[0.5266501903533936, 0.3725566267967224, 0.039155181497335434, 0.021892983466386795, 0.020824333652853966]"
cm-light,original,818,468,858,0,0.23326529562473297,"[858, 706, 611, 469, 971]","[0.23326529562473297, 0.04915653541684151, 0.0379793755710125, 0.02483079396188259, 0.02475113235414028]"
cm-light,original,819,830,822,0,0.18557335436344147,"[822, 424, 523, 608, 486]","[0.18557335436344147, 0.09302674233913422, 0.08754827827215195, 0.07280559092760086, 0.06524109840393066]"
cm-light,original,820,670,573,0,0.3453716039657593,"[573, 665, 870, 670, 880]","[0.3453716039657593, 0.25961098074913025, 0.10489001870155334, 0.06445862352848053, 0.05639122799038887]"
cm-light,original,821,807,742,0,0.0958869531750679,"[742, 757, 704, 407, 734]","[0.0958869531750679, 0.0552525594830513, 0.05088270083069801, 0.041243139654397964, 0.04047023504972458]"
cm-light,original,822,602,775,0,0.9901857376098633,"[775, 614, 655, 514, 602]","[0.9901857376098633, 0.0011339684715494514, 0.0008757674950174987, 0.0006388399051502347, 0.000617387006059289]"
cm-light,original,823,439,880,0,0.09261306375265121,"[880, 637, 614, 981, 221]","[0.09261306375265121, 0.05890730768442154, 0.04352359473705292, 0.03630717843770981, 0.03374677523970604]"
cm-light,original,824,198,219,0,0.22803719341754913,"[219, 212, 187, 196, 198]","[0.22803719341754913, 0.19268861413002014, 0.10545333474874496, 0.09360243380069733, 0.08693194389343262]"
cm-light,original,825,559,172,0,0.14093133807182312,"[172, 169, 559, 334, 210]","[0.14093133807182312, 0.09856182336807251, 0.04676387086510658, 0.03314019367098808, 0.029052497819066048]"
cm-light,original,826,919,557,0,0.6431844830513,"[557, 442, 562, 668, 873]","[0.6431844830513, 0.03955584019422531, 0.034411247819662094, 0.030376944690942764, 0.024575352668762207]"
cm-light,original,827,665,476,0,0.0816044807434082,"[476, 282, 428, 30, 56]","[0.0816044807434082, 0.055032093077898026, 0.054101813584566116, 0.05409306660294533, 0.04174090549349785]"
cm-light,original,828,919,879,0,0.1803419589996338,"[879, 646, 880, 835, 701]","[0.1803419589996338, 0.11859790235757828, 0.036063302308321, 0.03406749665737152, 0.033155400305986404]"
cm-light,original,829,557,682,0,0.34401482343673706,"[682, 576, 668, 557, 698]","[0.34401482343673706, 0.16848346590995789, 0.1383696347475052, 0.08054374903440475, 0.05474773049354553]"
cm-light,original,830,864,450,0,0.8408569097518921,"[450, 573, 436, 780, 864]","[0.8408569097518921, 0.057460442185401917, 0.01012137345969677, 0.00853931438177824, 0.005080117844045162]"
cm-light,original,831,880,880,1,0.4310292601585388,"[880, 491, 236, 621, 241]","[0.4310292601585388, 0.10180535167455673, 0.09706778079271317, 0.09685685485601425, 0.05645812675356865]"
cm-light,original,832,870,870,1,0.29313895106315613,"[870, 621, 880, 573, 444]","[0.29313895106315613, 0.10942047089338303, 0.07097198069095612, 0.04845239222049713, 0.03185052052140236]"
cm-light,original,833,439,498,0,0.3884655833244324,"[498, 439, 401, 555, 538]","[0.3884655833244324, 0.1622585505247116, 0.07652623951435089, 0.04600755125284195, 0.03540348634123802]"
cm-light,original,834,728,805,0,0.0890335738658905,"[805, 186, 879, 391, 180]","[0.0890335738658905, 0.08789699524641037, 0.06914258003234863, 0.05314911529421806, 0.03942173346877098]"
cm-light,original,835,920,920,1,0.5280768275260925,"[920, 557, 733, 812, 663]","[0.5280768275260925, 0.05749841406941414, 0.044015951454639435, 0.03658008575439453, 0.030583545565605164]"
cm-light,original,836,608,104,0,0.06482839584350586,"[104, 387, 334, 381, 366]","[0.06482839584350586, 0.056866806000471115, 0.04358620196580887, 0.03305143117904663, 0.033043235540390015]"
cm-light,original,837,919,571,0,0.6769675612449646,"[571, 707, 920, 424, 498]","[0.6769675612449646, 0.08073097467422485, 0.037487681955099106, 0.031796786934137344, 0.017235776409506798]"
cm-light,original,838,612,612,1,0.9961115717887878,"[612, 822, 559, 571, 532]","[0.9961115717887878, 0.0016964985989034176, 0.000322358071571216, 0.00032138070673681796, 0.00011397212074371055]"
cm-light,original,839,919,919,1,0.16491897404193878,"[919, 832, 873, 611, 562]","[0.16491897404193878, 0.12791669368743896, 0.053805164992809296, 0.04727549850940704, 0.022274402901530266]"
cm-light,original,840,571,424,0,0.5009152889251709,"[424, 415, 454, 765, 519]","[0.5009152889251709, 0.038315098732709885, 0.03812098130583763, 0.027767427265644073, 0.023112086579203606]"
cm-light,original,841,575,569,0,0.27587050199508667,"[569, 603, 874, 690, 864]","[0.27587050199508667, 0.15097999572753906, 0.05455777794122696, 0.05158465728163719, 0.04174076020717621]"
cm-light,original,842,870,870,1,0.06503243744373322,"[870, 791, 821, 444, 428]","[0.06503243744373322, 0.048421747982501984, 0.04715750366449356, 0.03926900029182434, 0.03667226433753967]"
cm-light,original,843,919,415,0,0.13654859364032745,"[415, 421, 498, 424, 454]","[0.13654859364032745, 0.11421113461256027, 0.07488234341144562, 0.06560038030147552, 0.059838615357875824]"
cm-light,original,844,879,752,0,0.1465398520231247,"[752, 775, 614, 870, 801]","[0.1465398520231247, 0.1299561858177185, 0.12247155606746674, 0.07409031689167023, 0.045871857553720474]"
cm-light,original,845,690,378,0,0.2052682340145111,"[378, 642, 634, 381, 345]","[0.2052682340145111, 0.11537940055131912, 0.10553251206874847, 0.032158203423023224, 0.01645798049867153]"
cm-light,original,846,879,424,0,0.05583106726408005,"[424, 412, 583, 421, 791]","[0.05583106726408005, 0.05252186581492424, 0.051544468849897385, 0.03719370812177658, 0.03716881573200226]"
cm-light,original,847,412,412,1,0.8098927736282349,"[412, 706, 637, 704, 492]","[0.8098927736282349, 0.04968666285276413, 0.03656589239835739, 0.010523216798901558, 0.008290900848805904]"
cm-light,original,848,412,251,0,0.20043103396892548,"[251, 637, 412, 874, 555]","[0.20043103396892548, 0.14390499889850616, 0.08945786207914352, 0.03749198839068413, 0.03181694075465202]"
cm-light,original,849,751,751,1,0.6002192497253418,"[751, 407, 555, 867, 817]","[0.6002192497253418, 0.0859222337603569, 0.06726532429456711, 0.029103102162480354, 0.02701667882502079]"
cm-light,original,850,489,557,0,0.39815783500671387,"[557, 723, 352, 843, 580]","[0.39815783500671387, 0.08389851450920105, 0.04740605503320694, 0.043471384793519974, 0.035059697926044464]"
cm-light,original,851,223,522,0,0.37839558720588684,"[522, 981, 621, 805, 768]","[0.37839558720588684, 0.12418458610773087, 0.05353535711765289, 0.042612191289663315, 0.035001859068870544]"
cm-light,original,852,603,603,1,0.3049672245979309,"[603, 665, 670, 690, 778]","[0.3049672245979309, 0.14178277552127838, 0.0854460746049881, 0.04068809002637863, 0.027368245646357536]"
cm-light,original,853,862,386,0,0.22480838000774384,"[386, 741, 51, 765, 462]","[0.22480838000774384, 0.057294849306344986, 0.04196380078792572, 0.02851681597530842, 0.027948424220085144]"
cm-light,original,854,612,646,0,0.24170109629631042,"[646, 843, 562, 880, 735]","[0.24170109629631042, 0.058430176228284836, 0.054293904453516006, 0.041339535266160965, 0.027138806879520416]"
cm-light,original,855,154,368,0,0.4819987118244171,"[368, 247, 374, 245, 156]","[0.4819987118244171, 0.11169327795505524, 0.0925249457359314, 0.034039679914712906, 0.03139194846153259]"
cm-light,original,856,560,560,1,0.3980918526649475,"[560, 981, 768, 518, 787]","[0.3980918526649475, 0.28595954179763794, 0.07898318022489548, 0.04352424666285515, 0.03459359332919121]"
cm-light,original,857,852,752,0,0.23960722982883453,"[752, 446, 736, 772, 722]","[0.23960722982883453, 0.08474855870008469, 0.08416642248630524, 0.07785739749670029, 0.038176294416189194]"
cm-light,original,858,522,462,0,0.923279881477356,"[462, 746, 450, 792, 267]","[0.923279881477356, 0.0288784671574831, 0.008825874887406826, 0.0040071746334433556, 0.00181054777931422]"
cm-light,original,859,430,523,0,0.07468408346176147,"[523, 432, 430, 456, 542]","[0.07468408346176147, 0.06377683579921722, 0.05273369327187538, 0.049537111073732376, 0.03897443786263466]"
cm-light,original,860,752,752,1,0.5190848708152771,"[752, 602, 890, 491, 981]","[0.5190848708152771, 0.20477302372455597, 0.03244871646165848, 0.028876014053821564, 0.021651506423950195]"
cm-light,original,861,852,981,0,0.1620749980211258,"[981, 211, 752, 928, 168]","[0.1620749980211258, 0.10080130398273468, 0.07025967538356781, 0.058034177869558334, 0.03928401693701744]"
cm-light,original,862,746,746,1,0.9401000738143921,"[746, 795, 537, 880, 890]","[0.9401000738143921, 0.019693704321980476, 0.007382850628346205, 0.006583849433809519, 0.0036776561755687]"
cm-light,original,863,702,702,1,0.27228444814682007,"[702, 602, 819, 890, 476]","[0.27228444814682007, 0.14053975045681, 0.08227898925542831, 0.07693374902009964, 0.05715164542198181]"
cm-light,original,864,560,560,1,0.6217966079711914,"[560, 802, 241, 238, 787]","[0.6217966079711914, 0.056273750960826874, 0.0406658872961998, 0.03969784453511238, 0.03506183624267578]"
cm-light,original,865,746,746,1,0.9979933500289917,"[746, 795, 537, 802, 870]","[0.9979933500289917, 0.0008864978444762528, 0.00019802145834546536, 0.0001870534470072016, 0.00013771334488410503]"
cm-light,original,866,430,430,1,0.3430607318878174,"[430, 594, 726, 830, 879]","[0.3430607318878174, 0.1161239743232727, 0.07784167677164078, 0.03918997198343277, 0.024576541036367416]"
cm-light,original,867,450,621,0,0.20509177446365356,"[621, 450, 428, 236, 670]","[0.20509177446365356, 0.15651261806488037, 0.05799411982297897, 0.04562889784574509, 0.037247754633426666]"
cm-light,original,868,890,890,1,0.9937211275100708,"[890, 929, 430, 722, 805]","[0.9937211275100708, 0.0021170724648982286, 0.0006647028494626284, 0.0003618889895733446, 0.00032339809695258737]"
cm-light,original,869,746,746,1,0.9874390959739685,"[746, 450, 795, 518, 908]","[0.9874390959739685, 0.003745733993127942, 0.003444487927481532, 0.0008814807515591383, 0.0005717510939575732]"
cm-light,original,870,560,981,0,0.8403422236442566,"[981, 805, 560, 768, 615]","[0.8403422236442566, 0.04304458200931549, 0.030544433742761612, 0.02546234056353569, 0.012739593163132668]"
cm-light,original,871,752,752,1,0.8945003151893616,"[752, 880, 795, 701, 895]","[0.8945003151893616, 0.015340057201683521, 0.011673683300614357, 0.007073181681334972, 0.006215421948581934]"
cm-light,original,872,702,702,1,0.23727631568908691,"[702, 866, 694, 595, 730]","[0.23727631568908691, 0.1671472191810608, 0.06762297451496124, 0.060763854533433914, 0.045493271201848984]"
cm-light,original,873,160,163,0,0.21093909442424774,"[163, 255, 220, 775, 568]","[0.21093909442424774, 0.09022798389196396, 0.05812498554587364, 0.05233407020568848, 0.04518066346645355]"
cm-light,original,874,430,430,1,0.9566038250923157,"[430, 615, 890, 646, 537]","[0.9566038250923157, 0.023381663486361504, 0.007085038349032402, 0.00195312756113708, 0.00111772574018687]"
cm-light,original,875,430,430,1,0.988535463809967,"[430, 890, 981, 615, 805]","[0.988535463809967, 0.0025011971592903137, 0.0010156106436625123, 0.0009500094456598163, 0.0007424225332215428]"
cm-light,original,876,499,596,0,0.37550655007362366,"[596, 695, 499, 726, 40]","[0.37550655007362366, 0.09199946373701096, 0.045531265437603, 0.04346202686429024, 0.033390678465366364]"
cm-light,original,877,418,144,0,0.26683562994003296,"[144, 696, 542, 558, 816]","[0.26683562994003296, 0.1849827617406845, 0.09240317344665527, 0.08095669001340866, 0.048183392733335495]"
cm-light,original,878,849,849,1,0.46697989106178284,"[849, 725, 659, 899, 901]","[0.46697989106178284, 0.24643830955028534, 0.06861846148967743, 0.06725680083036423, 0.0508493110537529]"
cm-light,original,879,899,651,0,0.12411502748727798,"[651, 833, 705, 550, 881]","[0.12411502748727798, 0.07006470113992691, 0.054151251912117004, 0.05170776695013046, 0.05127944424748421]"
cm-light,original,880,963,963,1,0.9150453805923462,"[963, 965, 868, 611, 750]","[0.9150453805923462, 0.023671017959713936, 0.014709070324897766, 0.006401297636330128, 0.005886880215257406]"
cm-light,original,881,956,924,0,0.4202412962913513,"[924, 943, 956, 952, 944]","[0.4202412962913513, 0.14691513776779175, 0.07780802249908447, 0.06625894457101822, 0.04657219722867012]"
cm-light,original,882,961,441,0,0.13627634942531586,"[441, 934, 961, 504, 760]","[0.13627634942531586, 0.12702400982379913, 0.10519979149103165, 0.037330545485019684, 0.01856669783592224]"
cm-light,original,883,786,920,0,0.1026255339384079,"[920, 839, 876, 653, 827]","[0.1026255339384079, 0.08045128732919693, 0.057176776230335236, 0.04138537496328354, 0.039626240730285645]"
cm-light,original,884,440,440,1,0.9879053831100464,"[440, 737, 502, 856, 907]","[0.9879053831100464, 0.007783942390233278, 0.0005570261855609715, 0.00028458796441555023, 0.00026199824060313404]"
cm-light,original,885,846,846,1,0.9674603939056396,"[846, 619, 700, 882, 523]","[0.9674603939056396, 0.028057925403118134, 0.0008066618465818465, 0.0005275073344819248, 0.0005091498605906963]"
cm-light,original,886,969,898,0,0.1360369622707367,"[898, 725, 737, 790, 969]","[0.1360369622707367, 0.08672091364860535, 0.07991436123847961, 0.06064936891198158, 0.05448683723807335]"
cm-light,original,887,945,1,0,0.2678675055503845,"[1, 883, 949, 112, 684]","[0.2678675055503845, 0.08519361168146133, 0.08090382814407349, 0.056648846715688705, 0.03356398642063141]"
cm-light,original,888,752,463,0,0.10462787747383118,"[463, 659, 473, 502, 711]","[0.10462787747383118, 0.09328507632017136, 0.08711418509483337, 0.0738430768251419, 0.03953258693218231]"
cm-light,original,889,651,651,1,0.44149091839790344,"[651, 435, 896, 786, 876]","[0.44149091839790344, 0.18285046517848969, 0.03734710067510605, 0.03235916048288345, 0.02866797149181366]"
cm-light,original,890,945,945,1,0.2749609649181366,"[945, 1, 584, 947, 470]","[0.2749609649181366, 0.08632365614175797, 0.08450768142938614, 0.0606793649494648, 0.054817356169223785]"
cm-light,original,891,438,441,0,0.15613238513469696,"[441, 626, 560, 398, 475]","[0.15613238513469696, 0.14425240457057953, 0.07060489058494568, 0.0675569549202919, 0.033551476895809174]"
cm-light,original,892,441,969,0,0.3519103527069092,"[969, 441, 927, 470, 572]","[0.3519103527069092, 0.27988937497138977, 0.032759930938482285, 0.032418929040431976, 0.02203153446316719]"
cm-light,original,893,818,770,0,0.29693594574928284,"[770, 917, 643, 775, 921]","[0.29693594574928284, 0.06478163599967957, 0.046511851251125336, 0.026980623602867126, 0.024595018476247787]"
cm-light,original,894,941,952,0,0.4970269501209259,"[952, 941, 988, 943, 956]","[0.4970269501209259, 0.47279512882232666, 0.006737066898494959, 0.005096196662634611, 0.004293990787118673]"
cm-light,original,895,711,629,0,0.20641349256038666,"[629, 711, 804, 696, 813]","[0.20641349256038666, 0.10714995861053467, 0.09521584212779999, 0.0357796736061573, 0.02770370990037918]"
cm-light,original,896,152,152,1,0.5988810658454895,"[152, 194, 157, 160, 196]","[0.5988810658454895, 0.10269613564014435, 0.06711650639772415, 0.055811021476984024, 0.02869315631687641]"
cm-light,original,897,996,996,1,0.6175359487533569,"[996, 949, 965, 991, 62]","[0.6175359487533569, 0.032567236572504044, 0.030679814517498016, 0.02523890882730484, 0.021738696843385696]"
cm-light,original,898,898,773,0,0.14058838784694672,"[773, 502, 505, 968, 589]","[0.14058838784694672, 0.05012337118387222, 0.049543991684913635, 0.04900958016514778, 0.04537995532155037]"
cm-light,original,899,441,441,1,0.5175136923789978,"[441, 438, 711, 786, 463]","[0.5175136923789978, 0.1317547857761383, 0.04196438565850258, 0.019457662478089333, 0.019087031483650208]"
cm-light,original,900,953,949,0,0.07092167437076569,"[949, 883, 496, 738, 928]","[0.07092167437076569, 0.04482084512710571, 0.035784680396318436, 0.03163960203528404, 0.030176930129528046]"
cm-light,original,901,505,505,1,0.47970643639564514,"[505, 463, 648, 503, 560]","[0.47970643639564514, 0.06798345595598221, 0.05916794016957283, 0.03149760514497757, 0.02790767326951027]"
cm-light,original,902,773,773,1,0.128126859664917,"[773, 461, 524, 618, 505]","[0.128126859664917, 0.07794125378131866, 0.05855148658156395, 0.05184485763311386, 0.04082931578159332]"
cm-light,original,903,942,941,0,0.4189981520175934,"[941, 987, 924, 943, 939]","[0.4189981520175934, 0.1827641725540161, 0.11105216294527054, 0.09442427009344101, 0.05243191868066788]"
cm-light,original,904,891,891,1,0.4709826409816742,"[891, 673, 581, 401, 620]","[0.4709826409816742, 0.10431170463562012, 0.057752545922994614, 0.03696335479617119, 0.025055348873138428]"
cm-light,original,905,968,411,0,0.14936459064483643,"[411, 496, 721, 611, 281]","[0.14936459064483643, 0.06930912286043167, 0.06839726865291595, 0.03889917954802513, 0.031946368515491486]"
cm-light,original,906,942,943,0,0.16785553097724915,"[943, 849, 961, 587, 333]","[0.16785553097724915, 0.06257915496826172, 0.03251786530017853, 0.03144707903265953, 0.03015092946588993]"
cm-light,original,907,941,883,0,0.36331483721733093,"[883, 721, 112, 107, 816]","[0.36331483721733093, 0.11472542583942413, 0.058184389024972916, 0.028152156621217728, 0.02717633545398712]"
cm-light,original,908,418,494,0,0.1271248459815979,"[494, 792, 495, 784, 418]","[0.1271248459815979, 0.09207791835069656, 0.07225961238145828, 0.06494344770908356, 0.05919080600142479]"
cm-light,original,909,928,927,0,0.5723384022712708,"[927, 928, 415, 728, 215]","[0.5723384022712708, 0.10537917166948318, 0.03977327048778534, 0.031776312738657, 0.022540021687746048]"
cm-light,original,910,934,472,0,0.6225256323814392,"[472, 416, 934, 833, 845]","[0.6225256323814392, 0.05514874309301376, 0.03206421062350273, 0.02950964868068695, 0.01940007694065571]"
cm-light,original,911,968,721,0,0.5374926924705505,"[721, 443, 545, 411, 591]","[0.5374926924705505, 0.07843847572803497, 0.05740290507674217, 0.04280104488134384, 0.025690879672765732]"
cm-light,original,912,923,923,1,0.9791352152824402,"[923, 932, 809, 941, 935]","[0.9791352152824402, 0.007269649300724268, 0.004152167122811079, 0.0013710098573938012, 0.0012882738374173641]"
cm-light,original,913,194,202,0,0.5060642957687378,"[202, 186, 191, 194, 185]","[0.5060642957687378, 0.11323536932468414, 0.0763564258813858, 0.0666293054819107, 0.024719588458538055]"
cm-light,original,914,927,927,1,0.9956478476524353,"[927, 963, 928, 924, 957]","[0.9956478476524353, 0.0007894883747212589, 0.00041880214121192694, 0.00037102645728737116, 0.0003419138374738395]"
cm-light,original,915,686,415,0,0.2169337421655655,"[415, 679, 587, 910, 828]","[0.2169337421655655, 0.14255546033382416, 0.10396778583526611, 0.043730538338422775, 0.027821112424135208]"
cm-light,original,916,737,695,0,0.03738287836313248,"[695, 545, 722, 702, 786]","[0.03738287836313248, 0.02483324706554413, 0.02459580823779106, 0.024314232170581818, 0.023651640862226486]"
cm-light,original,917,849,63,0,0.23987515270709991,"[63, 79, 53, 113, 37]","[0.23987515270709991, 0.0625607967376709, 0.0582902766764164, 0.04512785002589226, 0.03919990733265877]"
cm-light,original,918,855,855,1,0.4372265636920929,"[855, 440, 464, 898, 430]","[0.4372265636920929, 0.053830403834581375, 0.03864537551999092, 0.022843409329652786, 0.02246737852692604]"
cm-light,original,919,611,611,1,0.24050234258174896,"[611, 642, 910, 762, 909]","[0.24050234258174896, 0.13039909303188324, 0.07210171967744827, 0.05845806747674942, 0.0350351445376873]"
cm-light,original,920,545,545,1,0.2426389753818512,"[545, 572, 721, 855, 883]","[0.2426389753818512, 0.10040034353733063, 0.09972576051950455, 0.09904599189758301, 0.06788983941078186]"
cm-light,original,921,761,518,0,0.2023543119430542,"[518, 502, 496, 412, 546]","[0.2023543119430542, 0.0547751747071743, 0.05179368704557419, 0.04609956964850426, 0.035354938358068466]"
cm-light,original,922,521,923,0,0.7797890305519104,"[923, 959, 967, 521, 968]","[0.7797890305519104, 0.0861639752984047, 0.01425670925527811, 0.012819621711969376, 0.010579219087958336]"
cm-light,original,923,626,967,0,0.3033340871334076,"[967, 924, 647, 521, 773]","[0.3033340871334076, 0.13166365027427673, 0.0482010617852211, 0.026009541004896164, 0.023980360478162766]"
cm-light,original,924,441,692,0,0.11310351639986038,"[692, 314, 845, 922, 723]","[0.11310351639986038, 0.07203255593776703, 0.0485665537416935, 0.031692665070295334, 0.027407974004745483]"
cm-light,original,925,438,711,0,0.18644891679286957,"[711, 438, 572, 441, 674]","[0.18644891679286957, 0.07991400361061096, 0.07895105332136154, 0.046168625354766846, 0.038580846041440964]"
cm-light,original,926,426,409,0,0.5948846340179443,"[409, 426, 685, 892, 826]","[0.5948846340179443, 0.2785058617591858, 0.05435100942850113, 0.04432431235909462, 0.02204086445271969]"
cm-light,original,927,710,890,0,0.0677674189209938,"[890, 491, 587, 710, 816]","[0.0677674189209938, 0.059128936380147934, 0.053274791687726974, 0.04627049341797829, 0.04375535249710083]"
cm-light,original,928,613,999,0,0.18673981726169586,"[999, 700, 806, 613, 721]","[0.18673981726169586, 0.08103075623512268, 0.06302633881568909, 0.04693638160824776, 0.04491618275642395]"
cm-light,original,929,574,338,0,0.06670256704092026,"[338, 607, 618, 910, 185]","[0.06670256704092026, 0.04235852137207985, 0.033785972744226456, 0.02900724485516548, 0.021179936826229095]"
cm-light,original,930,882,566,0,0.19811058044433594,"[566, 513, 849, 486, 889]","[0.19811058044433594, 0.0800495594739914, 0.0666254460811615, 0.04602309688925743, 0.04253344610333443]"
cm-light,original,931,647,898,0,0.2309076189994812,"[898, 412, 725, 572, 492]","[0.2309076189994812, 0.058745674788951874, 0.051475945860147476, 0.0464942641556263, 0.04572605341672897]"
cm-light,original,932,737,737,1,0.7416244745254517,"[737, 440, 571, 441, 704]","[0.7416244745254517, 0.04500945284962654, 0.022308895364403725, 0.01762298122048378, 0.01578003354370594]"
cm-light,original,933,963,963,1,0.6239410638809204,"[963, 611, 599, 868, 738]","[0.6239410638809204, 0.0971851572394371, 0.08866522461175919, 0.02964731864631176, 0.020207813009619713]"
cm-light,original,934,662,882,0,0.10703299939632416,"[882, 485, 597, 774, 770]","[0.10703299939632416, 0.05563267320394516, 0.052336424589157104, 0.051727183163166046, 0.04672475531697273]"
cm-light,original,935,891,891,1,0.9722543954849243,"[891, 545, 597, 796, 515]","[0.9722543954849243, 0.003955242224037647, 0.002103244885802269, 0.001448601484298706, 0.0011603918392211199]"
cm-light,original,936,891,891,1,0.7107251286506653,"[891, 496, 620, 893, 579]","[0.7107251286506653, 0.023816971108317375, 0.019435139372944832, 0.01699886843562126, 0.015533363446593285]"
cm-light,original,937,710,549,0,0.10726850479841232,"[549, 710, 587, 563, 758]","[0.10726850479841232, 0.09636067599058151, 0.0884096771478653, 0.07700309157371521, 0.037006925791502]"
cm-light,original,938,188,181,0,0.3901095390319824,"[181, 265, 266, 189, 202]","[0.3901095390319824, 0.16731823980808258, 0.16702570021152496, 0.08593687415122986, 0.06187416985630989]"
cm-light,original,939,503,503,1,0.6402134895324707,"[503, 441, 773, 618, 875]","[0.6402134895324707, 0.04957952722907066, 0.027039239183068275, 0.021543379873037338, 0.015540928579866886]"
cm-light,original,940,849,849,1,0.8348119854927063,"[849, 725, 883, 899, 505]","[0.8348119854927063, 0.1136709675192833, 0.016607491299510002, 0.013333120383322239, 0.006518259644508362]"
cm-light,original,941,968,680,0,0.46833670139312744,"[680, 720, 865, 641, 804]","[0.46833670139312744, 0.1049841120839119, 0.08046425133943558, 0.039710141718387604, 0.03384453430771828]"
cm-light,original,942,438,944,0,0.09006167203187943,"[944, 938, 509, 909, 996]","[0.09006167203187943, 0.06711306422948837, 0.04641268774867058, 0.03717432916164398, 0.028568336740136147]"
cm-light,original,943,530,660,0,0.33663100004196167,"[660, 742, 716, 904, 530]","[0.33663100004196167, 0.09082464128732681, 0.07147397100925446, 0.04748640954494476, 0.042132019996643066]"
cm-light,original,944,613,613,1,0.8287183046340942,"[613, 759, 423, 632, 882]","[0.8287183046340942, 0.01584741473197937, 0.01366632990539074, 0.011599867604672909, 0.011357360519468784]"
cm-light,original,945,786,786,1,0.9390361309051514,"[786, 736, 713, 526, 688]","[0.9390361309051514, 0.0042676557786762714, 0.004164047073572874, 0.003935596439987421, 0.003565511666238308]"
cm-light,original,946,466,466,1,0.48274534940719604,"[466, 581, 694, 657, 744]","[0.48274534940719604, 0.09346529096364975, 0.055371809750795364, 0.04454128071665764, 0.04092704877257347]"
cm-light,original,947,466,466,1,0.5866146087646484,"[466, 628, 705, 412, 829]","[0.5866146087646484, 0.11966393887996674, 0.02760385163128376, 0.01459331065416336, 0.012011631391942501]"
cm-light,original,948,466,466,1,0.07642944902181625,"[466, 839, 410, 835, 427]","[0.07642944902181625, 0.07524168491363525, 0.034559641033411026, 0.030549224466085434, 0.02901788242161274]"
cm-light,original,949,547,547,1,0.6239466071128845,"[547, 705, 595, 565, 734]","[0.6239466071128845, 0.36327627301216125, 0.003955910913646221, 0.0019670326728373766, 0.00158836564514786]"
cm-light,original,950,547,547,1,0.8451931476593018,"[547, 705, 565, 820, 634]","[0.8451931476593018, 0.06844586133956909, 0.048903971910476685, 0.020170753821730614, 0.004563986323773861]"
cm-light,original,951,547,829,0,0.25673922896385193,"[829, 547, 410, 915, 449]","[0.25673922896385193, 0.20706899464130402, 0.10412421822547913, 0.06382564455270767, 0.0270830150693655]"
cm-light,original,952,466,466,1,0.9958691000938416,"[466, 895, 833, 471, 744]","[0.9958691000938416, 0.001271186862140894, 0.0004881513596046716, 0.00042659661266952753, 0.00014880989328958094]"
cm-light,original,953,466,466,1,0.9707801342010498,"[466, 547, 581, 705, 450]","[0.9707801342010498, 0.01743304543197155, 0.0033346230629831553, 0.0017266435315832496, 0.001330762286670506]"
cm-light,original,954,829,829,1,0.9376733899116516,"[829, 874, 705, 660, 547]","[0.9376733899116516, 0.04854822903871536, 0.010114859789609909, 0.0014459252124652267, 0.0011231339303776622]"
cm-light,original,955,547,547,1,0.9555146098136902,"[547, 705, 829, 803, 874]","[0.9555146098136902, 0.02282220497727394, 0.0037199240177869797, 0.0035907772835344076, 0.0030652829445898533]"
cm-light,original,956,829,829,1,0.9918305277824402,"[829, 874, 547, 833, 705]","[0.9918305277824402, 0.008057905361056328, 3.48035064234864e-05, 1.7436997950426303e-05, 1.5875961253186688e-05]"
cm-light,original,957,829,536,0,0.21940714120864868,"[536, 562, 576, 694, 864]","[0.21940714120864868, 0.09409265220165253, 0.08541722595691681, 0.07552146166563034, 0.05803390592336655]"
cm-light,original,958,829,536,0,0.41110485792160034,"[536, 874, 554, 829, 625]","[0.41110485792160034, 0.12706053256988525, 0.08758948743343353, 0.08293912559747696, 0.03696804866194725]"
cm-light,original,959,820,820,1,0.9972168207168579,"[820, 847, 856, 547, 471]","[0.9972168207168579, 0.0014005345292389393, 0.00024845314328558743, 0.00017817452317103744, 0.00012473414244595915]"
cm-light,original,960,820,820,1,0.485030859708786,"[820, 595, 491, 621, 866]","[0.485030859708786, 0.12445497512817383, 0.039155036211013794, 0.032391950488090515, 0.03125467523932457]"
cm-light,original,961,829,829,1,0.9501569867134094,"[829, 705, 547, 874, 554]","[0.9501569867134094, 0.0191255621612072, 0.012450950220227242, 0.0032384146470576525, 0.0028399561997503042]"
cm-light,original,962,820,766,0,0.13165345788002014,"[766, 820, 115, 410, 110]","[0.13165345788002014, 0.09505908191204071, 0.09285479038953781, 0.058413852006196976, 0.05013946071267128]"
cm-light,original,963,829,829,1,0.250717431306839,"[829, 705, 547, 460, 425]","[0.250717431306839, 0.1340973973274231, 0.11022233217954636, 0.035453811287879944, 0.023564999923110008]"
cm-light,original,964,829,829,1,0.9524797201156616,"[829, 874, 654, 555, 468]","[0.9524797201156616, 0.02223794162273407, 0.009426955133676529, 0.0023502500262111425, 0.001166151836514473]"
cm-light,original,965,829,829,1,0.8685615062713623,"[829, 874, 705, 547, 407]","[0.8685615062713623, 0.1084413081407547, 0.010315711610019207, 0.005029145162552595, 0.0031008701771497726]"
cm-light,original,966,820,820,1,0.3278355300426483,"[820, 704, 835, 249, 297]","[0.3278355300426483, 0.05176264047622681, 0.026209324598312378, 0.017061304301023483, 0.015973631292581558]"
cm-light,original,967,829,829,1,0.8081327676773071,"[829, 453, 555, 874, 561]","[0.8081327676773071, 0.030307045206427574, 0.02347651496529579, 0.020341988652944565, 0.017318835482001305]"
cm-light,original,968,102,102,1,0.965153694152832,"[102, 328, 334, 308, 337]","[0.965153694152832, 0.014307014644145966, 0.005581652279943228, 0.002171754138544202, 0.0016827674116939306]"
cm-light,original,969,850,202,0,0.2194281667470932,"[202, 189, 824, 792, 827]","[0.2194281667470932, 0.07032226026058197, 0.033448476344347, 0.02772642858326435, 0.02589857392013073]"
cm-light,original,970,850,850,1,0.2538950741291046,"[850, 520, 415, 496, 865]","[0.2538950741291046, 0.17816366255283356, 0.055775415152311325, 0.044202979654073715, 0.038129884749650955]"
cm-light,original,971,539,467,0,0.636016845703125,"[467, 953, 939, 748, 582]","[0.636016845703125, 0.049704410135746, 0.03640279546380043, 0.03470472991466522, 0.025501666590571404]"
cm-light,original,972,374,104,0,0.2198571264743805,"[104, 374, 235, 373, 372]","[0.2198571264743805, 0.18546006083488464, 0.10732612013816833, 0.06931186467409134, 0.04477531090378761]"
cm-light,original,973,601,601,1,0.5160560607910156,"[601, 689, 699, 887, 578]","[0.5160560607910156, 0.24156011641025543, 0.05720584839582443, 0.030826358124613762, 0.030766209587454796]"
cm-light,original,974,929,151,0,0.061968591064214706,"[151, 254, 601, 246, 452]","[0.061968591064214706, 0.05960762873291969, 0.03358408063650131, 0.028536232188344002, 0.027043120935559273]"
cm-light,original,975,203,203,1,0.3507560193538666,"[203, 190, 192, 153, 222]","[0.3507560193538666, 0.16565129160881042, 0.12163585424423218, 0.09995230287313461, 0.035633720457553864]"
cm-light,original,976,532,532,1,0.8808972835540771,"[532, 492, 736, 541, 868]","[0.8808972835540771, 0.014757713302969933, 0.006175091955810785, 0.006051213014870882, 0.0038066846318542957]"
cm-light,original,977,153,153,1,0.7202103137969971,"[153, 207, 219, 204, 265]","[0.7202103137969971, 0.044816065579652786, 0.030806096270680428, 0.027476336807012558, 0.02262444980442524]"
cm-light,original,978,733,430,0,0.32473522424697876,"[430, 890, 752, 416, 702]","[0.32473522424697876, 0.1909407675266266, 0.08998319506645203, 0.06330619007349014, 0.05554467812180519]"
cm-light,original,979,363,125,0,0.16245456039905548,"[125, 539, 363, 37, 119]","[0.16245456039905548, 0.12611497938632965, 0.11967094242572784, 0.08157946914434433, 0.034472886472940445]"
cm-light,original,980,674,634,0,0.1979459971189499,"[634, 674, 427, 579, 581]","[0.1979459971189499, 0.10189766436815262, 0.07696335017681122, 0.0761922299861908, 0.06854622811079025]"
cm-light,original,981,778,549,0,0.35979706048965454,"[549, 897, 700, 999, 478]","[0.35979706048965454, 0.11854227632284164, 0.10119741410017014, 0.0593024380505085, 0.05199612304568291]"
cm-light,original,982,765,496,0,0.24348221719264984,"[496, 192, 199, 184, 697]","[0.24348221719264984, 0.21218493580818176, 0.043059129267930984, 0.026147762313485146, 0.023776335641741753]"
cm-light,original,983,161,161,1,0.5881439447402954,"[161, 162, 164, 247, 230]","[0.5881439447402954, 0.31733977794647217, 0.01373462937772274, 0.012213967740535736, 0.011684296652674675]"
cm-light,original,984,539,112,0,0.3173958957195282,"[112, 939, 263, 247, 253]","[0.3173958957195282, 0.1815342903137207, 0.04264428839087486, 0.040621284395456314, 0.02939463034272194]"
cm-light,original,985,999,162,0,0.1823676973581314,"[162, 176, 166, 253, 606]","[0.1823676973581314, 0.07852263748645782, 0.07302549481391907, 0.05213404446840286, 0.029307929798960686]"
cm-light,original,986,715,806,0,0.10394205898046494,"[806, 491, 524, 670, 788]","[0.10394205898046494, 0.07096108794212341, 0.06775285303592682, 0.046247757971286774, 0.03437308967113495]"
cm-light,original,987,153,153,1,0.45339372754096985,"[153, 203, 196, 186, 192]","[0.45339372754096985, 0.11683546751737595, 0.09995192289352417, 0.041751280426979065, 0.022519882768392563]"
cm-light,original,988,161,161,1,0.668926477432251,"[161, 215, 216, 212, 218]","[0.668926477432251, 0.14207862317562103, 0.03987108916044235, 0.029104318469762802, 0.02315608225762844]"
cm-light,original,989,543,422,0,0.35975193977355957,"[422, 242, 171, 543, 161]","[0.35975193977355957, 0.1539815068244934, 0.08757267147302628, 0.0468340627849102, 0.025706622749567032]"
cm-light,original,990,161,161,1,0.0922827273607254,"[161, 218, 215, 162, 209]","[0.0922827273607254, 0.08607687056064606, 0.08184269070625305, 0.07710312306880951, 0.059312522411346436]"
cm-light,original,991,849,438,0,0.6104426383972168,"[438, 504, 647, 505, 773]","[0.6104426383972168, 0.1032925620675087, 0.0418400913476944, 0.04106754809617996, 0.027032600715756416]"
cm-light,original,992,422,422,1,0.2494470775127411,"[422, 208, 183, 207, 162]","[0.2494470775127411, 0.1309851109981537, 0.06572722643613815, 0.04982755333185196, 0.0313325971364975]"
cm-light,original,993,157,157,1,0.4151098132133484,"[157, 231, 247, 284, 248]","[0.4151098132133484, 0.1849459856748581, 0.04205134138464928, 0.03968440741300583, 0.03577468544244766]"
cm-light,original,994,193,235,0,0.2507130801677704,"[235, 182, 186, 185, 191]","[0.2507130801677704, 0.2246209681034088, 0.17822560667991638, 0.05607234686613083, 0.04403616860508919]"
cm-light,original,995,728,735,0,0.11842126399278641,"[735, 697, 728, 568, 516]","[0.11842126399278641, 0.08575533330440521, 0.06595178693532944, 0.026668783277273178, 0.024642961099743843]"
cm-light,original,996,201,191,0,0.3652172386646271,"[191, 189, 201, 202, 192]","[0.3652172386646271, 0.2316419780254364, 0.11915312707424164, 0.04611539468169212, 0.02822851575911045]"
cm-light,original,997,174,198,0,0.21453770995140076,"[198, 174, 104, 192, 225]","[0.21453770995140076, 0.16143763065338135, 0.12554623186588287, 0.10359199345111847, 0.08566001057624817]"
cm-light,original,998,171,171,1,0.4137272834777832,"[171, 237, 236, 178, 151]","[0.4137272834777832, 0.26848751306533813, 0.06864367425441742, 0.03590613976120949, 0.018678361549973488]"
cm-light,original,999,161,161,1,0.8229132294654846,"[161, 162, 163, 209, 242]","[0.8229132294654846, 0.04298441857099533, 0.027345865964889526, 0.006953342817723751, 0.005439066793769598]"
cm-light,original,1000,882,882,1,0.23529908061027527,"[882, 621, 790, 899, 427]","[0.23529908061027527, 0.10474155843257904, 0.09213697165250778, 0.03459224849939346, 0.02862931229174137]"
cm-light,original,1001,199,199,1,0.24513454735279083,"[199, 197, 239, 252, 191]","[0.24513454735279083, 0.20242154598236084, 0.10928616672754288, 0.045602064579725266, 0.0444146990776062]"
cm-light,original,1002,226,184,0,0.24517013132572174,"[184, 191, 185, 202, 186]","[0.24517013132572174, 0.17003358900547028, 0.10175330191850662, 0.07501751184463501, 0.059653036296367645]"
cm-light,original,1003,559,532,0,0.8763791918754578,"[532, 765, 559, 706, 846]","[0.8763791918754578, 0.07139301300048828, 0.013557144440710545, 0.006905142217874527, 0.005974016152322292]"
cm-light,original,1004,532,532,1,0.7058889269828796,"[532, 559, 579, 526, 736]","[0.7058889269828796, 0.16761918365955353, 0.09715543687343597, 0.006909298710525036, 0.004297299776226282]"
cm-light,original,1005,882,615,0,0.10702472180128098,"[615, 518, 981, 811, 726]","[0.10702472180128098, 0.10253377258777618, 0.09960885345935822, 0.07078821957111359, 0.06143200024962425]"
cm-light,original,1006,174,254,0,0.5805720090866089,"[254, 174, 243, 652, 787]","[0.5805720090866089, 0.061961106956005096, 0.0328037403523922, 0.02815169468522072, 0.021508950740098953]"
cm-light,original,1007,86,86,1,0.6585772037506104,"[86, 82, 344, 48, 7]","[0.6585772037506104, 0.3333323895931244, 0.0013311613583937287, 0.0012591792037710547, 0.0005052075139246881]"
cm-light,original,1008,178,163,0,0.1301525980234146,"[163, 178, 209, 168, 903]","[0.1301525980234146, 0.09375496953725815, 0.0905403345823288, 0.07364218682050705, 0.04774285480380058]"
cm-light,original,1009,252,283,0,0.15372991561889648,"[283, 155, 194, 196, 552]","[0.15372991561889648, 0.06998217105865479, 0.04259035736322403, 0.03718208521604538, 0.03634696081280708]"
cm-light,original,1010,156,182,0,0.114560067653656,"[182, 155, 226, 192, 191]","[0.114560067653656, 0.08811857551336288, 0.08277682960033417, 0.04518457129597664, 0.04513324052095413]"
cm-light,original,1011,208,359,0,0.054866284132003784,"[359, 156, 218, 215, 162]","[0.054866284132003784, 0.047609731554985046, 0.038537926971912384, 0.036898400634527206, 0.036425624042749405]"
cm-light,original,1012,543,160,0,0.2648463845252991,"[160, 869, 834, 214, 236]","[0.2648463845252991, 0.07067983597517014, 0.06527522206306458, 0.043362826108932495, 0.04283185303211212]"
cm-light,original,1013,444,566,0,0.3612794876098633,"[566, 424, 432, 788, 822]","[0.3612794876098633, 0.1057143360376358, 0.06490543484687805, 0.048285070806741714, 0.036006033420562744]"
cm-light,original,1014,823,617,0,0.34019944071769714,"[617, 834, 894, 208, 869]","[0.34019944071769714, 0.06988968700170517, 0.06711636483669281, 0.061009351164102554, 0.05983217433094978]"
cm-light,original,1015,841,788,0,0.15276800096035004,"[788, 697, 929, 515, 502]","[0.15276800096035004, 0.1510646790266037, 0.0950811430811882, 0.04596420377492905, 0.03094566985964775]"
cm-light,original,1016,581,657,0,0.13120928406715393,"[657, 847, 895, 744, 803]","[0.13120928406715393, 0.10191980004310608, 0.09123294055461884, 0.08691994845867157, 0.06478577107191086]"
cm-light,original,1017,601,846,0,0.09267231822013855,"[846, 496, 601, 406, 467]","[0.09267231822013855, 0.070638008415699, 0.052650533616542816, 0.04412484169006348, 0.025137731805443764]"
cm-light,original,1018,857,857,1,0.7289919853210449,"[857, 765, 594, 497, 559]","[0.7289919853210449, 0.10680529475212097, 0.02231147140264511, 0.010469171218574047, 0.006435939576476812]"
cm-light,original,1019,822,467,0,0.2048163264989853,"[467, 788, 408, 851, 230]","[0.2048163264989853, 0.051905568689107895, 0.03631553426384926, 0.033951979130506516, 0.033667389303445816]"
cm-light,original,1020,543,670,0,0.3427494764328003,"[670, 675, 656, 511, 555]","[0.3427494764328003, 0.061531346291303635, 0.058735352009534836, 0.02579006552696228, 0.02375219389796257]"
cm-light,original,1021,559,559,1,0.625903308391571,"[559, 706, 624, 765, 579]","[0.625903308391571, 0.13498492538928986, 0.051889728754758835, 0.03586455062031746, 0.027097661048173904]"
cm-light,original,1022,863,572,0,0.14230360090732574,"[572, 786, 734, 579, 804]","[0.14230360090732574, 0.13475872576236725, 0.04499848932027817, 0.028708867728710175, 0.022328659892082214]"
cm-light,original,1023,486,579,0,0.3552241921424866,"[579, 486, 776, 51, 432]","[0.3552241921424866, 0.0947224348783493, 0.07337557524442673, 0.05776951089501381, 0.05402172729372978]"
cm-light,original,1024,450,450,1,0.3064122200012207,"[450, 829, 625, 656, 510]","[0.3064122200012207, 0.3035464882850647, 0.042241133749485016, 0.037011951208114624, 0.02503635175526142]"
cm-light,original,1025,615,733,0,0.1359599530696869,"[733, 583, 920, 702, 422]","[0.1359599530696869, 0.08723513036966324, 0.0743672326207161, 0.05003480985760689, 0.04068475961685181]"
cm-light,original,1026,579,579,1,0.2613319158554077,"[579, 699, 642, 854, 846]","[0.2613319158554077, 0.14789000153541565, 0.14406102895736694, 0.1072564423084259, 0.024750538170337677]"
cm-light,original,1027,790,509,0,0.5297349095344543,"[509, 860, 454, 865, 398]","[0.5297349095344543, 0.2541712820529938, 0.1026516929268837, 0.029501302167773247, 0.014974389225244522]"
cm-light,original,1028,160,160,1,0.1069636270403862,"[160, 457, 413, 788, 197]","[0.1069636270403862, 0.09078431129455566, 0.048811957240104675, 0.04592685028910637, 0.04373331740498543]"
cm-light,original,1029,422,422,1,0.9600954055786133,"[422, 523, 675, 561, 766]","[0.9600954055786133, 0.009288867935538292, 0.0038318592123687267, 0.001681644469499588, 0.0014099242398515344]"
cm-light,original,1030,882,523,0,0.14168000221252441,"[523, 739, 413, 411, 735]","[0.14168000221252441, 0.03584124520421028, 0.03472691774368286, 0.03435167670249939, 0.034304942935705185]"
cm-light,original,1031,608,608,1,0.1517028957605362,"[608, 454, 799, 877, 706]","[0.1517028957605362, 0.11301839351654053, 0.10489429533481598, 0.06621622294187546, 0.05494844540953636]"
cm-light,original,1032,489,857,0,0.2468639314174652,"[857, 887, 406, 497, 915]","[0.2468639314174652, 0.21226435899734497, 0.1608523577451706, 0.10886503010988235, 0.05356866493821144]"
cm-light,original,1033,212,191,0,0.15410549938678741,"[191, 202, 189, 160, 185]","[0.15410549938678741, 0.10802990198135376, 0.0848768800497055, 0.06907849758863449, 0.06439179927110672]"
cm-light,original,1034,145,972,0,0.18391740322113037,"[972, 979, 141, 51, 272]","[0.18391740322113037, 0.06071138754487038, 0.0543031319975853, 0.03737742081284523, 0.034241337329149246]"
cm-light,original,1035,103,338,0,0.07067528367042542,"[338, 345, 247, 217, 239]","[0.07067528367042542, 0.05656449869275093, 0.04340856522321701, 0.03931991755962372, 0.036583177745342255]"
cm-light,original,1036,148,148,1,0.9279186129570007,"[148, 84, 445, 693, 639]","[0.9279186129570007, 0.015849681571125984, 0.01564912497997284, 0.007498534861952066, 0.006051894277334213]"
cm-light,original,1037,149,149,1,0.8088759183883667,"[149, 6, 3, 5, 4]","[0.8088759183883667, 0.10946736484766006, 0.058485858142375946, 0.011023374274373055, 0.0041698282584548]"
cm-light,original,1038,103,103,1,0.9819542169570923,"[103, 0, 33, 766, 395]","[0.9819542169570923, 0.0029206860344856977, 0.002653437666594982, 0.0015443615848198533, 0.0012943766778334975]"
cm-light,original,1039,148,148,1,0.9879142642021179,"[148, 433, 84, 150, 3]","[0.9879142642021179, 0.005337229929864407, 0.0027048462070524693, 0.0009217329788953066, 0.0008862148388288915]"
cm-light,original,1040,148,148,1,0.9099299907684326,"[148, 562, 150, 355, 433]","[0.9099299907684326, 0.05696273595094681, 0.0034779186826199293, 0.0022654482163488865, 0.0019532458391040564]"
cm-light,original,1041,148,148,1,0.7909977436065674,"[148, 6, 433, 2, 973]","[0.7909977436065674, 0.11860525608062744, 0.017030581831932068, 0.009929768741130829, 0.009735694155097008]"
cm-light,original,1042,983,801,0,0.4557393491268158,"[801, 983, 492, 433, 6]","[0.4557393491268158, 0.10762697458267212, 0.0922582671046257, 0.049856532365083694, 0.033930663019418716]"
cm-light,original,1043,842,211,0,0.10692106932401657,"[211, 775, 243, 159, 163]","[0.10692106932401657, 0.08474940061569214, 0.0716911256313324, 0.05239720270037651, 0.050347913056612015]"
cm-light,original,1044,1,1,1,0.42886561155319214,"[1, 980, 824, 417, 669]","[0.42886561155319214, 0.05845833197236061, 0.04133004695177078, 0.034267961978912354, 0.0323856882750988]"
cm-light,original,1045,36,50,0,0.2055082619190216,"[50, 395, 58, 30, 36]","[0.2055082619190216, 0.12684333324432373, 0.11975877732038498, 0.08186224848031998, 0.06068234518170357]"
cm-light,original,1046,155,212,0,0.08400951325893402,"[212, 169, 190, 355, 562]","[0.08400951325893402, 0.058570120483636856, 0.05479725822806358, 0.052645210176706314, 0.041254881769418716]"
cm-light,original,1047,148,775,0,0.3190072476863861,"[775, 562, 148, 842, 703]","[0.3190072476863861, 0.2624417543411255, 0.15867318212985992, 0.05569124221801758, 0.012543879449367523]"
cm-light,original,1048,148,149,0,0.24593645334243774,"[149, 150, 148, 6, 329]","[0.24593645334243774, 0.09884162992238998, 0.09370863437652588, 0.0805896744132042, 0.06693669408559799]"
cm-light,original,1049,822,822,1,0.3283437192440033,"[822, 612, 454, 624, 634]","[0.3283437192440033, 0.09993148595094681, 0.04296024516224861, 0.02488752454519272, 0.021483687683939934]"
cm-light,original,1050,842,842,1,0.32553884387016296,"[842, 433, 341, 739, 338]","[0.32553884387016296, 0.10218975692987442, 0.09027421474456787, 0.08754952251911163, 0.03412100672721863]"
cm-light,original,1051,150,205,0,0.07489538937807083,"[205, 197, 244, 261, 283]","[0.07489538937807083, 0.061906252056360245, 0.05724084749817848, 0.04990319162607193, 0.037457339465618134]"
cm-light,original,1052,148,148,1,0.9700627326965332,"[148, 150, 744, 908, 18]","[0.9700627326965332, 0.013752742670476437, 0.002713149879127741, 0.0017908522859215736, 0.0008944306173361838]"
cm-light,original,1053,420,420,1,0.8450669050216675,"[420, 61, 499, 887, 542]","[0.8450669050216675, 0.009790511801838875, 0.005882875993847847, 0.005712792277336121, 0.005535655189305544]"
cm-light,original,1054,932,793,0,0.09129210561513901,"[793, 552, 641, 679, 33]","[0.09129210561513901, 0.07229524850845337, 0.04522378370165825, 0.04491740092635155, 0.043563347309827805]"
cm-light,original,1055,862,424,0,0.15775831043720245,"[424, 454, 921, 699, 932]","[0.15775831043720245, 0.09667845815420151, 0.08587057888507843, 0.042571451514959335, 0.03947833552956581]"
cm-light,original,1056,964,932,0,0.0871463418006897,"[932, 941, 162, 398, 850]","[0.0871463418006897, 0.052362579852342606, 0.03895155340433121, 0.03865712881088257, 0.03583459183573723]"
cm-light,original,1057,76,61,0,0.3078642785549164,"[61, 697, 0, 775, 6]","[0.3078642785549164, 0.05842719227075577, 0.036734163761138916, 0.035055093467235565, 0.033301543444395065]"
cm-light,original,1058,563,816,0,0.7644502520561218,"[816, 911, 225, 584, 696]","[0.7644502520561218, 0.031108276918530464, 0.01606299914419651, 0.012524954043328762, 0.00942615233361721]"
cm-light,original,1059,329,112,0,0.8445532321929932,"[112, 934, 961, 932, 988]","[0.8445532321929932, 0.025052202865481377, 0.016792919486761093, 0.01028488390147686, 0.008229163475334644]"
cm-light,original,1060,928,230,0,0.18398542702198029,"[230, 184, 182, 568, 457]","[0.18398542702198029, 0.05488765984773636, 0.0528055876493454, 0.03570518270134926, 0.03424489125609398]"
cm-light,original,1061,420,420,1,0.6731160283088684,"[420, 918, 542, 769, 499]","[0.6731160283088684, 0.043503813445568085, 0.04047757387161255, 0.024488594383001328, 0.0179118812084198]"
cm-light,original,1062,45,775,0,0.04985074698925018,"[775, 797, 697, 434, 728]","[0.04985074698925018, 0.048480670899152756, 0.042024001479148865, 0.03970959037542343, 0.033969733864068985]"
cm-light,original,1063,963,793,0,0.10973656177520752,"[793, 965, 987, 235, 237]","[0.10973656177520752, 0.10803422331809998, 0.04458831250667572, 0.044290922582149506, 0.04283740743994713]"
cm-light,original,1064,17,115,0,0.2407267838716507,"[115, 22, 92, 55, 397]","[0.2407267838716507, 0.08220474421977997, 0.06314853578805923, 0.04812956228852272, 0.03856825828552246]"
cm-light,original,1065,420,420,1,0.9834358096122742,"[420, 546, 402, 793, 515]","[0.9834358096122742, 0.004339967854321003, 0.0037399448920041323, 0.0008521676063537598, 0.0005503860302269459]"
cm-light,original,1066,737,837,0,0.07818565517663956,"[837, 840, 480, 432, 402]","[0.07818565517663956, 0.06660306453704834, 0.06397487223148346, 0.0468948669731617, 0.044568050652742386]"
cm-light,original,1067,420,420,1,0.6609558463096619,"[420, 816, 515, 774, 87]","[0.6609558463096619, 0.03005937859416008, 0.018090665340423584, 0.015282855369150639, 0.01480237115174532]"
cm-light,original,1068,513,513,1,0.47172603011131287,"[513, 890, 558, 733, 445]","[0.47172603011131287, 0.1817384660243988, 0.0356176495552063, 0.029033232480287552, 0.026668857783079147]"
cm-light,original,1069,27,130,0,0.11925201117992401,"[130, 842, 313, 522, 338]","[0.11925201117992401, 0.07590969651937485, 0.06971487402915955, 0.06484571844339371, 0.034089915454387665]"
cm-light,original,1070,420,420,1,0.19094440340995789,"[420, 774, 432, 784, 597]","[0.19094440340995789, 0.051918551325798035, 0.047805625945329666, 0.039043404161930084, 0.03797855228185654]"
cm-light,original,1071,186,750,0,0.20148463547229767,"[750, 192, 259, 283, 552]","[0.20148463547229767, 0.1439559906721115, 0.10300371795892715, 0.05968013405799866, 0.03444153442978859]"
cm-light,original,1072,305,243,0,0.0881466418504715,"[243, 245, 419, 622, 246]","[0.0881466418504715, 0.06999510526657104, 0.0626114010810852, 0.05065888166427612, 0.04427036643028259]"
cm-light,original,1073,27,434,0,0.36302709579467773,"[434, 27, 529, 934, 419]","[0.36302709579467773, 0.1262533813714981, 0.04879008233547211, 0.032352764159440994, 0.02677185647189617]"
cm-light,original,1074,681,594,0,0.9279665350914001,"[594, 401, 696, 939, 854]","[0.9279665350914001, 0.012960919179022312, 0.008588902652263641, 0.004963026847690344, 0.004022256936877966]"
cm-light,original,1075,790,454,0,0.34034109115600586,"[454, 790, 582, 865, 509]","[0.34034109115600586, 0.14138510823249817, 0.09726545959711075, 0.08534947782754898, 0.06844060868024826]"
cm-light,original,1076,679,643,0,0.23711656033992767,"[643, 457, 903, 490, 455]","[0.23711656033992767, 0.09058492630720139, 0.03938247635960579, 0.03543738275766373, 0.025295987725257874]"
cm-light,original,1077,441,441,1,0.806220531463623,"[441, 643, 932, 808, 457]","[0.806220531463623, 0.021213388070464134, 0.015387846156954765, 0.012407549656927586, 0.009118901565670967]"
cm-light,original,1078,929,415,0,0.12722286581993103,"[415, 929, 850, 910, 739]","[0.12722286581993103, 0.08245417475700378, 0.05382949858903885, 0.04473206028342247, 0.04271303489804268]"
cm-light,original,1079,87,87,1,0.9224073886871338,"[87, 570, 787, 524, 643]","[0.9224073886871338, 0.005733239930123091, 0.0032731133978813887, 0.0029640940483659506, 0.0029172159265726805]"
cm-light,original,1080,268,87,0,0.1245483011007309,"[87, 997, 105, 338, 13]","[0.1245483011007309, 0.08055274933576584, 0.07143229246139526, 0.04844195395708084, 0.04399196431040764]"
cm-light,original,1081,882,207,0,0.051436468958854675,"[207, 785, 641, 161, 666]","[0.051436468958854675, 0.034659769386053085, 0.02968720905482769, 0.024309812113642693, 0.024126900359988213]"
cm-light,original,1082,320,313,0,0.35411790013313293,"[313, 456, 558, 125, 315]","[0.35411790013313293, 0.050416238605976105, 0.03470822051167488, 0.03288694843649864, 0.03070538491010666]"
cm-light,original,1083,621,621,1,0.7379228472709656,"[621, 472, 428, 703, 835]","[0.7379228472709656, 0.05149824917316437, 0.031939052045345306, 0.02016633003950119, 0.015466501004993916]"
cm-light,original,1084,202,336,0,0.2874573767185211,"[336, 182, 202, 193, 294]","[0.2874573767185211, 0.08384040743112564, 0.05809781327843666, 0.05791238695383072, 0.04754747450351715]"
cm-light,original,1085,430,775,0,0.12200485914945602,"[775, 637, 130, 843, 880]","[0.12200485914945602, 0.10454854369163513, 0.08323556184768677, 0.06204654276371002, 0.05214717611670494]"
cm-light,original,1086,157,99,0,0.26872941851615906,"[99, 188, 215, 203, 157]","[0.26872941851615906, 0.0966453030705452, 0.07241933792829514, 0.06681406497955322, 0.061979591846466064]"
cm-light,original,1087,733,9,0,0.17747366428375244,"[9, 645, 522, 386, 523]","[0.17747366428375244, 0.14167703688144684, 0.12449317425489426, 0.06941688060760498, 0.0444365069270134]"
cm-light,original,1088,765,863,0,0.15941673517227173,"[863, 649, 912, 428, 253]","[0.15941673517227173, 0.05772480368614197, 0.04849693924188614, 0.03490974009037018, 0.028177877888083458]"
cm-light,original,1089,231,282,0,0.09181836247444153,"[282, 185, 230, 186, 226]","[0.09181836247444153, 0.08020433038473129, 0.07965238392353058, 0.07659627497196198, 0.059008266776800156]"
cm-light,original,1090,602,602,1,0.6367588043212891,"[602, 646, 843, 702, 703]","[0.6367588043212891, 0.05535989999771118, 0.031761154532432556, 0.031560033559799194, 0.023154443129897118]"
cm-light,original,1091,208,248,0,0.1988467574119568,"[248, 225, 174, 235, 249]","[0.1988467574119568, 0.14877858757972717, 0.10169289261102676, 0.04427795857191086, 0.041968926787376404]"
cm-light,original,1092,792,792,1,0.11326141655445099,"[792, 469, 345, 8, 621]","[0.11326141655445099, 0.0973665788769722, 0.028634455054998398, 0.02292565070092678, 0.022236943244934082]"
cm-light,original,1093,621,621,1,0.6022207140922546,"[621, 491, 870, 730, 665]","[0.6022207140922546, 0.03611060604453087, 0.03542577847838402, 0.03103633038699627, 0.0255318321287632]"
cm-light,original,1094,765,703,0,0.33843401074409485,"[703, 867, 706, 525, 609]","[0.33843401074409485, 0.07201121002435684, 0.056481730192899704, 0.05471614748239517, 0.054030176252126694]"
cm-light,original,1095,177,170,0,0.5816584825515747,"[170, 177, 246, 255, 182]","[0.5816584825515747, 0.4115256667137146, 0.002216252963989973, 0.0009186127572320402, 0.000415032816817984]"
cm-light,original,1096,199,199,1,0.34281209111213684,"[199, 205, 197, 226, 256]","[0.34281209111213684, 0.13546261191368103, 0.12995508313179016, 0.11085286736488342, 0.040024079382419586]"
cm-light,original,1097,645,645,1,0.8275976181030273,"[645, 839, 557, 780, 914]","[0.8275976181030273, 0.0727146714925766, 0.02420104667544365, 0.01825660467147827, 0.010959140956401825]"
cm-light,original,1098,199,199,1,0.41402533650398254,"[199, 297, 256, 197, 233]","[0.41402533650398254, 0.13732843101024628, 0.06994110345840454, 0.04709917679429054, 0.04589107632637024]"
cm-light,original,1099,170,271,0,0.4413387179374695,"[271, 272, 274, 273, 339]","[0.4413387179374695, 0.12187978625297546, 0.0904419869184494, 0.036122240126132965, 0.03501438349485397]"
cm-light,original,1100,880,429,0,0.26772773265838623,"[429, 981, 958, 621, 880]","[0.26772773265838623, 0.08714348822832108, 0.03689521551132202, 0.034657664597034454, 0.03454500809311867]"
cm-light,original,1101,188,188,1,0.3525232970714569,"[188, 649, 273, 189, 274]","[0.3525232970714569, 0.08008929342031479, 0.029985575005412102, 0.02501205913722515, 0.02210168167948723]"
cm-light,original,1102,621,621,1,0.4681076109409332,"[621, 569, 870, 864, 575]","[0.4681076109409332, 0.06509261578321457, 0.0537433959543705, 0.04314175993204117, 0.03698498755693436]"
cm-light,original,1103,170,355,0,0.34955698251724243,"[355, 255, 170, 169, 226]","[0.34955698251724243, 0.25998926162719727, 0.1453603059053421, 0.0307014137506485, 0.021341826766729355]"
cm-light,original,1104,250,250,1,0.21454495191574097,"[250, 258, 248, 203, 270]","[0.21454495191574097, 0.1837652027606964, 0.15979047119617462, 0.13006754219532013, 0.06244787201285362]"
cm-light,original,1105,354,381,0,0.03751201182603836,"[381, 913, 912, 64, 365]","[0.03751201182603836, 0.033025261014699936, 0.03233790025115013, 0.0323294997215271, 0.027365604415535927]"
cm-light,original,1106,522,981,0,0.14585189521312714,"[981, 621, 84, 522, 805]","[0.14585189521312714, 0.14279058575630188, 0.11583700031042099, 0.06844065338373184, 0.053435925394296646]"
cm-light,original,1107,267,267,1,0.31429076194763184,"[267, 181, 222, 258, 188]","[0.31429076194763184, 0.19184288382530212, 0.17730675637722015, 0.09260669350624084, 0.04956590384244919]"
cm-light,original,1108,945,922,0,0.10928218066692352,"[922, 932, 398, 588, 703]","[0.10928218066692352, 0.09310807287693024, 0.08349218964576721, 0.07863445580005646, 0.057829599827528]"
cm-light,original,1109,340,340,1,0.2963632345199585,"[340, 292, 879, 385, 522]","[0.2963632345199585, 0.09021266549825668, 0.0363532118499279, 0.03633532300591469, 0.031314436346292496]"
cm-light,original,1110,772,772,1,0.4460030794143677,"[772, 355, 522, 255, 51]","[0.4460030794143677, 0.05672045052051544, 0.05191580951213837, 0.04596925154328346, 0.03781725838780403]"
cm-light,original,1111,137,17,0,0.3008161187171936,"[17, 13, 137, 15, 23]","[0.3008161187171936, 0.21142363548278809, 0.07382474839687347, 0.0655893087387085, 0.04727339372038841]"
cm-light,original,1112,212,522,0,0.4760887622833252,"[522, 843, 646, 621, 602]","[0.4760887622833252, 0.09494354575872421, 0.036655206233263016, 0.033579081296920776, 0.024983836337924004]"
cm-light,original,1113,727,562,0,0.08555647730827332,"[562, 879, 399, 727, 256]","[0.08555647730827332, 0.06316431611776352, 0.05942946672439575, 0.05084643512964249, 0.039808254688978195]"
cm-light,original,1114,491,491,1,0.6228328347206116,"[491, 121, 394, 395, 621]","[0.6228328347206116, 0.07839467376470566, 0.030453220009803772, 0.025268934667110443, 0.021226266399025917]"
cm-light,original,1115,707,561,0,0.24881994724273682,"[561, 583, 571, 915, 637]","[0.24881994724273682, 0.08672820776700974, 0.07264389097690582, 0.0664595514535904, 0.04761382192373276]"
cm-light,original,1116,929,509,0,0.16952913999557495,"[509, 703, 843, 775, 653]","[0.16952913999557495, 0.08780908584594727, 0.07510945945978165, 0.05573059618473053, 0.036014821380376816]"
cm-light,original,1117,645,645,1,0.9994913339614868,"[645, 517, 843, 444, 456]","[0.9994913339614868, 5.870457607670687e-05, 5.4028092563385144e-05, 5.0960730732185766e-05, 3.029426807188429e-05]"
cm-light,original,1118,198,177,0,0.2800271213054657,"[177, 170, 244, 255, 355]","[0.2800271213054657, 0.13389429450035095, 0.10649319738149643, 0.09169532358646393, 0.07799281924962997]"
cm-light,original,1119,170,182,0,0.22705078125,"[182, 160, 177, 186, 230]","[0.22705078125, 0.05390259996056557, 0.05035965517163277, 0.0420151948928833, 0.039195310324430466]"
cm-light,original,1120,645,645,1,0.31934887170791626,"[645, 417, 557, 497, 682]","[0.31934887170791626, 0.16530701518058777, 0.09486954659223557, 0.06230252608656883, 0.04841092973947525]"
cm-light,original,1121,181,181,1,0.5534475445747375,"[181, 208, 257, 173, 134]","[0.5534475445747375, 0.07997109740972519, 0.050211045891046524, 0.03999544680118561, 0.030697699636220932]"
cm-light,original,1122,267,181,0,0.2565014064311981,"[181, 267, 246, 355, 385]","[0.2565014064311981, 0.11944610625505447, 0.09560154378414154, 0.04271881282329559, 0.029467672109603882]"
cm-light,original,1123,340,340,1,0.8249170780181885,"[340, 292, 690, 133, 703]","[0.8249170780181885, 0.047457028180360794, 0.022095829248428345, 0.019923081621527672, 0.010951400734484196]"
cm-light,original,1124,735,835,0,0.4883742928504944,"[835, 787, 46, 429, 515]","[0.4883742928504944, 0.025611359626054764, 0.02465752325952053, 0.014511046931147575, 0.01444956660270691]"
cm-light,original,1125,361,361,1,0.9800281524658203,"[361, 362, 18, 375, 295]","[0.9800281524658203, 0.003096251515671611, 0.0013601016253232956, 0.0013148118741810322, 0.0011157236294820905]"
cm-light,original,1126,200,204,0,0.1833062618970871,"[204, 212, 200, 192, 229]","[0.1833062618970871, 0.14320728182792664, 0.11746938526630402, 0.06742773205041885, 0.06335481256246567]"
cm-light,original,1127,912,410,0,0.20943455398082733,"[410, 428, 912, 448, 17]","[0.20943455398082733, 0.134943887591362, 0.08784065395593643, 0.05800001695752144, 0.03193603828549385]"
cm-light,original,1128,160,160,1,0.4228138327598572,"[160, 856, 255, 866, 603]","[0.4228138327598572, 0.11258193850517273, 0.07958199828863144, 0.057813435792922974, 0.04988984391093254]"
cm-light,original,1129,188,188,1,0.7903584241867065,"[188, 218, 212, 348, 172]","[0.7903584241867065, 0.035449013113975525, 0.014614952728152275, 0.010019319131970406, 0.008383589796721935]"
cm-light,original,1130,872,764,0,0.27255678176879883,"[764, 650, 96, 872, 560]","[0.27255678176879883, 0.1421579271554947, 0.0948043093085289, 0.06427640467882156, 0.044941581785678864]"
cm-light,original,1131,338,169,0,0.194081112742424,"[169, 257, 279, 284, 216]","[0.194081112742424, 0.11821869015693665, 0.08114001899957657, 0.06842280179262161, 0.05225440859794617]"
cm-light,original,1132,191,274,0,0.15701605379581451,"[274, 191, 271, 381, 235]","[0.15701605379581451, 0.14308232069015503, 0.08996017277240753, 0.047402240335941315, 0.04518544673919678]"
cm-light,original,1133,226,226,1,0.3269577920436859,"[226, 189, 185, 204, 177]","[0.3269577920436859, 0.11973421275615692, 0.08154192566871643, 0.06518949568271637, 0.039343759417533875]"
cm-light,original,1134,953,843,0,0.39950281381607056,"[843, 378, 765, 792, 411]","[0.39950281381607056, 0.058335646986961365, 0.04058176651597023, 0.023678380995988846, 0.01635134033858776]"
cm-light,original,1135,544,395,0,0.12025796622037888,"[395, 514, 596, 695, 467]","[0.12025796622037888, 0.07600773125886917, 0.050857968628406525, 0.04936918988823891, 0.04898560419678688]"
cm-light,original,1136,757,757,1,0.6858367919921875,"[757, 660, 675, 716, 734]","[0.6858367919921875, 0.23386752605438232, 0.014929435215890408, 0.011771755293011665, 0.008375908248126507]"
