model,dataset,idx,label,pred,correct,conf_top1,top5_idx,top5_probs
crop,object,0,361,350,0,0.2301698923110962,"[350, 783, 368, 299, 18]","[0.2301698923110962, 0.08837170898914337, 0.07772209495306015, 0.029022235423326492, 0.02332586981356144]"
crop,object,1,383,584,0,0.2103177011013031,"[584, 112, 38, 679, 89]","[0.2103177011013031, 0.20835347473621368, 0.08334711194038391, 0.04630430042743683, 0.02910723350942135]"
crop,object,2,356,356,1,0.24179761111736298,"[356, 281, 285, 359, 94]","[0.24179761111736298, 0.10689228773117065, 0.09134022891521454, 0.08533395081758499, 0.07396844029426575]"
crop,object,3,18,18,1,0.8526636958122253,"[18, 17, 88, 94, 128]","[0.8526636958122253, 0.018671315163373947, 0.01631057634949684, 0.013205884955823421, 0.010668975301086903]"
crop,object,4,295,669,0,0.16317836940288544,"[669, 904, 362, 338, 434]","[0.16317836940288544, 0.0545414499938488, 0.047405846416950226, 0.04707934334874153, 0.04160023853182793]"
crop,object,5,112,42,0,0.19803106784820557,"[42, 59, 488, 44, 774]","[0.19803106784820557, 0.1268037110567093, 0.08751104027032852, 0.06662487983703613, 0.03156008571386337]"
crop,object,6,32,326,0,0.2242349088191986,"[326, 307, 679, 616, 94]","[0.2242349088191986, 0.1877002716064453, 0.09308422356843948, 0.05710618942975998, 0.03186718001961708]"
crop,object,7,677,405,0,0.472472220659256,"[405, 895, 701, 677, 783]","[0.472472220659256, 0.07948379218578339, 0.07208631932735443, 0.04418204724788666, 0.03183688595890999]"
crop,object,8,438,898,0,0.31247276067733765,"[898, 711, 708, 804, 438]","[0.31247276067733765, 0.2046283781528473, 0.16377077996730804, 0.04363442212343216, 0.04264136776328087]"
crop,object,9,409,892,0,0.8933956623077393,"[892, 409, 635, 426, 835]","[0.8933956623077393, 0.08534402400255203, 0.005704485345631838, 0.005526683758944273, 0.004951810464262962]"
crop,object,10,71,488,0,0.11950190365314484,"[488, 679, 300, 303, 60]","[0.11950190365314484, 0.07535043358802795, 0.0742763876914978, 0.0558333694934845, 0.03853172808885574]"
crop,object,11,850,850,1,0.987510085105896,"[850, 333, 181, 179, 245]","[0.987510085105896, 0.0060593681409955025, 0.0008116821409203112, 0.00047183901187963784, 0.0003561413905117661]"
crop,object,12,12,12,1,0.4065021574497223,"[12, 92, 956, 140, 94]","[0.4065021574497223, 0.08741891384124756, 0.08579562604427338, 0.08355654776096344, 0.05198029428720474]"
crop,object,13,899,883,0,0.43854618072509766,"[883, 846, 696, 604, 319]","[0.43854618072509766, 0.08014391362667084, 0.0642564669251442, 0.05219004303216934, 0.0448543056845665]"
crop,object,14,338,338,1,0.518516480922699,"[338, 224, 584, 783, 208]","[0.518516480922699, 0.11052883416414261, 0.023173782974481583, 0.018749814480543137, 0.0175760667771101]"
crop,object,15,17,17,1,0.9931592345237732,"[17, 18, 92, 19, 11]","[0.9931592345237732, 0.001887126243673265, 0.0010523502714931965, 0.0009052380919456482, 0.0008682764018885791]"
crop,object,16,363,64,0,0.22770780324935913,"[64, 63, 10, 350, 42]","[0.22770780324935913, 0.07461287081241608, 0.06766273081302643, 0.03836194798350334, 0.03409383073449135]"
crop,object,17,909,478,0,0.689286470413208,"[478, 492, 516, 835, 421]","[0.689286470413208, 0.034800413995981216, 0.02490747720003128, 0.02430301532149315, 0.014164526015520096]"
crop,object,18,679,679,1,0.38867220282554626,"[679, 883, 63, 824, 711]","[0.38867220282554626, 0.11359218508005142, 0.06293673813343048, 0.045852210372686386, 0.04266178980469704]"
crop,object,19,618,966,0,0.09651823341846466,"[966, 960, 13, 613, 95]","[0.09651823341846466, 0.07680192589759827, 0.07495629787445068, 0.0588027685880661, 0.058056123554706573]"
crop,object,20,618,420,0,0.18351970613002777,"[420, 546, 600, 583, 902]","[0.18351970613002777, 0.1567590832710266, 0.08135805279016495, 0.03758416697382927, 0.03242109343409538]"
crop,object,21,574,574,1,0.5812579393386841,"[574, 892, 426, 852, 783]","[0.5812579393386841, 0.053910691291093826, 0.04581226781010628, 0.027969777584075928, 0.024914586916565895]"
crop,object,22,658,502,0,0.16556000709533691,"[502, 721, 112, 774, 619]","[0.16556000709533691, 0.1441662311553955, 0.1032366156578064, 0.07133927941322327, 0.022341586649417877]"
crop,object,23,461,461,1,0.11389333009719849,"[461, 608, 524, 69, 514]","[0.11389333009719849, 0.10908325761556625, 0.05599157139658928, 0.03782285004854202, 0.03710801154375076]"
crop,object,24,132,89,0,0.6094694137573242,"[89, 132, 127, 21, 81]","[0.6094694137573242, 0.14573881030082703, 0.08115671575069427, 0.041694819927215576, 0.03691054508090019]"
crop,object,25,122,679,0,0.4001786708831787,"[679, 310, 584, 309, 488]","[0.4001786708831787, 0.11734852194786072, 0.08820058405399323, 0.08501862734556198, 0.04163190349936485]"
crop,object,26,12,36,0,0.1611485332250595,"[36, 316, 303, 21, 34]","[0.1611485332250595, 0.05656834691762924, 0.05096161738038063, 0.04736194759607315, 0.04006582498550415]"
crop,object,27,679,679,1,0.31457239389419556,"[679, 488, 517, 456, 303]","[0.31457239389419556, 0.14816881716251373, 0.08918223530054092, 0.08843667060136795, 0.05624476075172424]"
crop,object,28,23,133,0,0.3059958815574646,"[133, 94, 93, 138, 584]","[0.3059958815574646, 0.0907602608203888, 0.07776607573032379, 0.04377446696162224, 0.033365629613399506]"
crop,object,29,937,567,0,0.5746552348136902,"[567, 909, 937, 329, 932]","[0.5746552348136902, 0.217868372797966, 0.1243598461151123, 0.015160361304879189, 0.01087151002138853]"
crop,object,30,679,679,1,0.8969017267227173,"[679, 319, 752, 303, 456]","[0.8969017267227173, 0.015160360373556614, 0.01015225239098072, 0.009165543131530285, 0.0070451414212584496]"
crop,object,31,335,335,1,0.39243143796920776,"[335, 272, 298, 382, 850]","[0.39243143796920776, 0.09113308042287827, 0.06315547972917557, 0.05005791038274765, 0.028054730966687202]"
crop,object,32,76,75,0,0.8497173190116882,"[75, 895, 303, 600, 677]","[0.8497173190116882, 0.025111308321356773, 0.01720612682402134, 0.010044537484645844, 0.008425748907029629]"
crop,object,33,851,569,0,0.09888117015361786,"[569, 851, 859, 565, 592]","[0.09888117015361786, 0.08495911955833435, 0.07194506376981735, 0.06469078361988068, 0.04061850532889366]"
crop,object,34,770,922,0,0.39305511116981506,"[922, 443, 794, 411, 446]","[0.39305511116981506, 0.08188062161207199, 0.05507348105311394, 0.030276942998170853, 0.02210034802556038]"
crop,object,35,122,118,0,0.1372281014919281,"[118, 10, 965, 309, 701]","[0.1372281014919281, 0.10638119280338287, 0.09344089776277542, 0.041261859238147736, 0.037966229021549225]"
crop,object,36,712,828,0,0.4961774945259094,"[828, 712, 618, 647, 787]","[0.4961774945259094, 0.35050058364868164, 0.09389641135931015, 0.01067498791962862, 0.00611135782673955]"
crop,object,37,852,852,1,0.7307867407798767,"[852, 429, 574, 931, 951]","[0.7307867407798767, 0.05528045445680618, 0.054774101823568344, 0.04234318062663078, 0.030084971338510513]"
crop,object,38,12,92,0,0.2579538822174072,"[92, 317, 94, 316, 10]","[0.2579538822174072, 0.1466084122657776, 0.10643095523118973, 0.041392982006073, 0.041378144174814224]"
crop,object,39,849,849,1,0.365315705537796,"[849, 818, 899, 676, 581]","[0.365315705537796, 0.12452175468206406, 0.04165613651275635, 0.03810973837971687, 0.03278026357293129]"
crop,object,40,606,668,0,0.07117855548858643,"[668, 494, 498, 726, 846]","[0.07117855548858643, 0.06321268528699875, 0.044080644845962524, 0.03898477926850319, 0.03150923550128937]"
crop,object,41,87,87,1,0.9438859224319458,"[87, 137, 98, 94, 116]","[0.9438859224319458, 0.02128378488123417, 0.0075826807878911495, 0.0032016367185860872, 0.0024359787348657846]"
crop,object,42,491,491,1,0.944923460483551,"[491, 740, 517, 561, 595]","[0.944923460483551, 0.040376391261816025, 0.002948937239125371, 0.001827166066505015, 0.0015176745364442468]"
crop,object,43,964,931,0,0.4044378399848938,"[931, 964, 5, 962, 924]","[0.4044378399848938, 0.2791264057159424, 0.07153424620628357, 0.06929125636816025, 0.054260097444057465]"
crop,object,44,635,426,0,0.6531778573989868,"[426, 892, 409, 826, 635]","[0.6531778573989868, 0.12722043693065643, 0.050626762211322784, 0.047167420387268066, 0.028242871165275574]"
crop,object,45,335,335,1,0.25563812255859375,"[335, 125, 103, 382, 291]","[0.25563812255859375, 0.05764392018318176, 0.051506318151950836, 0.046024058014154434, 0.031900111585855484]"
crop,object,46,825,42,0,0.4811142385005951,"[42, 39, 43, 20, 22]","[0.4811142385005951, 0.2010933756828308, 0.03971271589398384, 0.03634549677371979, 0.014857279136776924]"
crop,object,47,863,863,1,0.8485369086265564,"[863, 898, 837, 615, 650]","[0.8485369086265564, 0.012566577643156052, 0.011883054859936237, 0.00977159384638071, 0.00925356987863779]"
crop,object,48,839,679,0,0.3035876154899597,"[679, 783, 488, 319, 405]","[0.3035876154899597, 0.06444881856441498, 0.055162038654088974, 0.04749588668346405, 0.0380532406270504]"
crop,object,49,257,22,0,0.07244443893432617,"[22, 127, 783, 348, 98]","[0.07244443893432617, 0.05715247616171837, 0.05321250110864639, 0.050783421844244, 0.040060341358184814]"
crop,object,50,185,94,0,0.27851343154907227,"[94, 783, 298, 294, 677]","[0.27851343154907227, 0.102216936647892, 0.09312302619218826, 0.03114764206111431, 0.023737572133541107]"
crop,object,51,489,913,0,0.3148512542247772,"[913, 853, 718, 781, 858]","[0.3148512542247772, 0.09589233994483948, 0.04668915644288063, 0.03575193136930466, 0.029584605246782303]"
crop,object,52,609,405,0,0.10074986517429352,"[405, 805, 895, 563, 771]","[0.10074986517429352, 0.08892687410116196, 0.06934871524572372, 0.056171875447034836, 0.04448123276233673]"
crop,object,53,847,584,0,0.14177368581295013,"[584, 679, 783, 316, 50]","[0.14177368581295013, 0.10851139575242996, 0.08868333697319031, 0.04989524930715561, 0.03659852221608162]"
crop,object,54,544,53,0,0.2352861911058426,"[53, 783, 97, 643, 455]","[0.2352861911058426, 0.16482459008693695, 0.03827870264649391, 0.0327690951526165, 0.022387919947504997]"
crop,object,55,179,136,0,0.24263623356819153,"[136, 350, 21, 22, 80]","[0.24263623356819153, 0.10940779745578766, 0.10387656092643738, 0.08781158924102783, 0.047038208693265915]"
crop,object,56,174,783,0,0.3742840886116028,"[783, 677, 68, 10, 316]","[0.3742840886116028, 0.046351637691259384, 0.029375122860074043, 0.025636786594986916, 0.0216701440513134]"
crop,object,57,349,129,0,0.42822030186653137,"[129, 127, 94, 21, 349]","[0.42822030186653137, 0.2863669693470001, 0.03575671836733818, 0.03482174873352051, 0.02536643296480179]"
crop,object,58,277,277,1,0.4347105622291565,"[277, 94, 278, 274, 280]","[0.4347105622291565, 0.17961573600769043, 0.05597837641835213, 0.031309012323617935, 0.028440596535801888]"
crop,object,59,518,417,0,0.1279085874557495,"[417, 783, 890, 677, 78]","[0.1279085874557495, 0.11535923182964325, 0.11046912521123886, 0.08536799252033234, 0.08460959792137146]"
crop,object,60,958,767,0,0.12686370313167572,"[767, 677, 405, 783, 549]","[0.12686370313167572, 0.10052987933158875, 0.07310688495635986, 0.05783558636903763, 0.03462984412908554]"
crop,object,61,385,286,0,0.1846671998500824,"[286, 348, 354, 349, 385]","[0.1846671998500824, 0.09341215342283249, 0.09321771562099457, 0.08681656420230865, 0.08413859456777573]"
crop,object,62,830,319,0,0.10175459086894989,"[319, 98, 845, 141, 549]","[0.10175459086894989, 0.03982892259955406, 0.03912992402911186, 0.03839394822716713, 0.03830072656273842]"
crop,object,63,132,132,1,0.5369927287101746,"[132, 129, 134, 89, 127]","[0.5369927287101746, 0.44566431641578674, 0.005872112698853016, 0.0024306979030370712, 0.0017554070800542831]"
crop,object,64,354,354,1,0.7515049576759338,"[354, 51, 21, 23, 90]","[0.7515049576759338, 0.09999914467334747, 0.05851099267601967, 0.021532876417040825, 0.010821712203323841]"
crop,object,65,879,404,0,0.15262140333652496,"[404, 610, 908, 781, 611]","[0.15262140333652496, 0.08724194020032883, 0.07789728790521622, 0.06917566061019897, 0.04012599214911461]"
crop,object,66,807,807,1,0.44493523240089417,"[807, 580, 14, 462, 19]","[0.44493523240089417, 0.16781267523765564, 0.05118323862552643, 0.04798733443021774, 0.029464753344655037]"
crop,object,67,863,845,0,0.128452330827713,"[845, 418, 783, 446, 442]","[0.128452330827713, 0.10929057747125626, 0.07711393386125565, 0.06717252731323242, 0.05548595264554024]"
crop,object,68,821,488,0,0.09700784832239151,"[488, 405, 319, 781, 517]","[0.09700784832239151, 0.09457378089427948, 0.050584495067596436, 0.04596075415611267, 0.03042188286781311]"
crop,object,69,656,405,0,0.45109206438064575,"[405, 783, 609, 710, 767]","[0.45109206438064575, 0.14396320283412933, 0.050531599670648575, 0.041916102170944214, 0.02745254710316658]"
crop,object,70,614,898,0,0.29186931252479553,"[898, 616, 524, 697, 89]","[0.29186931252479553, 0.1760154515504837, 0.11060374975204468, 0.028811685740947723, 0.024693086743354797]"
crop,object,71,294,350,0,0.08262588083744049,"[350, 956, 94, 676, 294]","[0.08262588083744049, 0.07750222831964493, 0.07507490366697311, 0.06646113097667694, 0.04085221514105797]"
crop,object,72,870,566,0,0.2764316499233246,"[566, 679, 513, 300, 870]","[0.2764316499233246, 0.21834911406040192, 0.14914830029010773, 0.056257519870996475, 0.033884767442941666]"
crop,object,73,346,51,0,0.6041974425315857,"[51, 129, 350, 354, 349]","[0.6041974425315857, 0.09591864049434662, 0.07770135253667831, 0.033380936831235886, 0.01883041486144066]"
crop,object,74,194,198,0,0.26148128509521484,"[198, 196, 194, 192, 202]","[0.26148128509521484, 0.1583547592163086, 0.09961483627557755, 0.0768686830997467, 0.038326893001794815]"
crop,object,75,287,94,0,0.21936389803886414,"[94, 287, 883, 285, 679]","[0.21936389803886414, 0.11610531806945801, 0.07052870094776154, 0.061193764209747314, 0.0547000989317894]"
crop,object,76,295,295,1,0.29784834384918213,"[295, 266, 367, 234, 369]","[0.29784834384918213, 0.1493440866470337, 0.14803160727024078, 0.021664001047611237, 0.020887799561023712]"
crop,object,77,92,319,0,0.2799695134162903,"[319, 462, 94, 92, 21]","[0.2799695134162903, 0.22344757616519928, 0.10631928592920303, 0.048980358988046646, 0.045907679945230484]"
crop,object,78,17,783,0,0.19235214591026306,"[783, 72, 701, 74, 679]","[0.19235214591026306, 0.10105466097593307, 0.07397047430276871, 0.046184465289115906, 0.04564034938812256]"
crop,object,79,105,94,0,0.29775121808052063,"[94, 783, 22, 21, 24]","[0.29775121808052063, 0.0989706739783287, 0.07939104735851288, 0.046126484870910645, 0.03259861841797829]"
crop,object,80,356,350,0,0.5604836344718933,"[350, 294, 170, 354, 276]","[0.5604836344718933, 0.04184931516647339, 0.037898819893598557, 0.03559871017932892, 0.021382121369242668]"
crop,object,81,14,14,1,0.31850558519363403,"[14, 701, 13, 783, 21]","[0.31850558519363403, 0.10186654329299927, 0.06878300756216049, 0.03851042687892914, 0.03656021133065224]"
crop,object,82,378,354,0,0.09562123566865921,"[354, 783, 677, 294, 128]","[0.09562123566865921, 0.07779135555028915, 0.05006065592169762, 0.04931241646409035, 0.047678325325250626]"
crop,object,83,59,135,0,0.25268617272377014,"[135, 133, 92, 129, 420]","[0.25268617272377014, 0.11995663493871689, 0.11034347116947174, 0.046577200293540955, 0.033954374492168427]"
crop,object,84,95,95,1,0.981380045413971,"[95, 94, 21, 139, 16]","[0.981380045413971, 0.00815886352211237, 0.0032352169509977102, 0.0009270873269997537, 0.0008281748159788549]"
crop,object,85,95,94,0,0.6773860454559326,"[94, 95, 21, 92, 16]","[0.6773860454559326, 0.23215855658054352, 0.036908604204654694, 0.015554380603134632, 0.006090892944484949]"
crop,object,86,379,128,0,0.679606556892395,"[128, 18, 413, 895, 381]","[0.679606556892395, 0.025883261114358902, 0.02539936639368534, 0.024712326005101204, 0.02416393533349037]"
crop,object,87,382,382,1,0.8925836086273193,"[382, 380, 381, 9, 335]","[0.8925836086273193, 0.021670833230018616, 0.010173501446843147, 0.01005467027425766, 0.009407362900674343]"
crop,object,88,10,10,1,0.9424726366996765,"[10, 304, 94, 701, 13]","[0.9424726366996765, 0.012356368824839592, 0.008197344839572906, 0.006220150273293257, 0.002997053088620305]"
crop,object,89,383,383,1,0.8800725936889648,"[383, 105, 384, 276, 87]","[0.8800725936889648, 0.059370435774326324, 0.014023112133145332, 0.00868719257414341, 0.004585995804518461]"
crop,object,90,378,22,0,0.39270147681236267,"[22, 21, 350, 94, 783]","[0.39270147681236267, 0.11514876782894135, 0.05632951483130455, 0.03090197592973709, 0.018320918083190918]"
crop,object,91,376,129,0,0.2370220273733139,"[129, 852, 94, 21, 89]","[0.2370220273733139, 0.07407298684120178, 0.06534182280302048, 0.035870909690856934, 0.03319956734776497]"
crop,object,92,21,22,0,0.22689086198806763,"[22, 21, 94, 138, 783]","[0.22689086198806763, 0.14354440569877625, 0.06143178045749664, 0.04351475089788437, 0.029071317985653877]"
crop,object,93,275,277,0,0.14942771196365356,"[277, 357, 374, 278, 368]","[0.14942771196365356, 0.08043220639228821, 0.06988350301980972, 0.05593554675579071, 0.051778025925159454]"
crop,object,94,85,21,0,0.12466704100370407,"[21, 85, 94, 41, 135]","[0.12466704100370407, 0.10491542518138885, 0.09612707793712616, 0.08450281620025635, 0.07706068456172943]"
crop,object,95,383,568,0,0.16233044862747192,"[568, 616, 299, 368, 676]","[0.16233044862747192, 0.11060108244419098, 0.0930364727973938, 0.08140293508768082, 0.03791394084692001]"
crop,object,96,18,128,0,0.5312080979347229,"[128, 18, 127, 87, 20]","[0.5312080979347229, 0.286068856716156, 0.041070133447647095, 0.021048152819275856, 0.016425445675849915]"
crop,object,97,326,326,1,0.9502666592597961,"[326, 322, 584, 73, 679]","[0.9502666592597961, 0.006847516633570194, 0.0036690374836325645, 0.0029923501424491405, 0.0019289411138743162]"
crop,object,98,379,22,0,0.340087354183197,"[22, 21, 128, 350, 221]","[0.340087354183197, 0.11637610197067261, 0.05731311812996864, 0.04297104477882385, 0.028737002983689308]"
crop,object,99,378,128,0,0.23623402416706085,"[128, 21, 23, 22, 701]","[0.23623402416706085, 0.11722704768180847, 0.07029897719621658, 0.06034723296761513, 0.05069587007164955]"
crop,object,100,378,22,0,0.15618668496608734,"[22, 21, 701, 350, 783]","[0.15618668496608734, 0.1530531793832779, 0.07165496051311493, 0.0435754768550396, 0.039345528930425644]"
crop,object,101,379,364,0,0.3948816955089569,"[364, 376, 701, 381, 783]","[0.3948816955089569, 0.06421037018299103, 0.05213644355535507, 0.034752536565065384, 0.019726788625121117]"
crop,object,102,12,12,1,0.6100650429725647,"[12, 13, 94, 140, 319]","[0.6100650429725647, 0.05009089782834053, 0.04162399098277092, 0.038882169872522354, 0.03458281233906746]"
crop,object,103,18,128,0,0.3365436792373657,"[128, 18, 144, 14, 98]","[0.3365436792373657, 0.1554061472415924, 0.07028444856405258, 0.051744747906923294, 0.04164156690239906]"
crop,object,104,428,47,0,0.29375454783439636,"[47, 326, 584, 755, 599]","[0.29375454783439636, 0.14193762838840485, 0.13462460041046143, 0.05365266278386116, 0.038422971963882446]"
crop,object,105,376,316,0,0.1515154093503952,"[316, 129, 92, 21, 317]","[0.1515154093503952, 0.14998988807201385, 0.12346047163009644, 0.07312524318695068, 0.04839186742901802]"
crop,object,106,379,87,0,0.10428404062986374,"[87, 23, 137, 21, 22]","[0.10428404062986374, 0.10155170410871506, 0.08224691450595856, 0.06394385546445847, 0.06278563290834427]"
crop,object,107,19,92,0,0.9357014894485474,"[92, 10, 11, 21, 94]","[0.9357014894485474, 0.02261854149401188, 0.01054841373115778, 0.007498107850551605, 0.004349507391452789]"
crop,object,108,18,94,0,0.32540127635002136,"[94, 21, 10, 306, 490]","[0.32540127635002136, 0.0908987820148468, 0.06300676614046097, 0.04349350929260254, 0.03340328857302666]"
crop,object,109,95,95,1,0.9381282925605774,"[95, 94, 140, 139, 98]","[0.9381282925605774, 0.019624998793005943, 0.012355005368590355, 0.007360132411122322, 0.003980092704296112]"
crop,object,110,95,723,0,0.3850691318511963,"[723, 90, 94, 10, 417]","[0.3850691318511963, 0.0941881313920021, 0.07402505725622177, 0.038956232368946075, 0.029139023274183273]"
crop,object,111,17,17,1,0.22526736557483673,"[17, 19, 16, 10, 21]","[0.22526736557483673, 0.15797355771064758, 0.13823211193084717, 0.08844231814146042, 0.06542625278234482]"
crop,object,112,232,232,1,0.3663223683834076,"[232, 196, 200, 217, 155]","[0.3663223683834076, 0.14635416865348816, 0.1429777890443802, 0.10116101056337357, 0.047485969960689545]"
crop,object,113,382,382,1,0.7704973220825195,"[382, 376, 373, 380, 350]","[0.7704973220825195, 0.03949717432260513, 0.038526225835084915, 0.02494288608431816, 0.016245046630501747]"
crop,object,114,622,405,0,0.15545368194580078,"[405, 892, 622, 650, 695]","[0.15545368194580078, 0.06381157040596008, 0.05037715286016464, 0.04069877415895462, 0.03294102102518082]"
crop,object,115,372,298,0,0.4962923228740692,"[298, 280, 372, 373, 335]","[0.4962923228740692, 0.14143440127372742, 0.07406023144721985, 0.06763263791799545, 0.044624414294958115]"
crop,object,116,313,313,1,0.6946365833282471,"[313, 456, 892, 733, 312]","[0.6946365833282471, 0.09436363726854324, 0.03933433070778847, 0.030890095978975296, 0.029847966507077217]"
crop,object,117,18,18,1,0.17181141674518585,"[18, 42, 405, 128, 895]","[0.17181141674518585, 0.07888705283403397, 0.06693454831838608, 0.03798486664891243, 0.030570013448596]"
crop,object,118,919,921,0,0.38721415400505066,"[921, 919, 412, 504, 478]","[0.38721415400505066, 0.13735036551952362, 0.09541677683591843, 0.05126132816076279, 0.03491057828068733]"
crop,object,119,92,92,1,0.8664588928222656,"[92, 94, 21, 129, 317]","[0.8664588928222656, 0.09946451336145401, 0.013825495727360249, 0.0031532917637377977, 0.001723838853649795]"
crop,object,120,75,128,0,0.11505837738513947,"[128, 677, 701, 94, 90]","[0.11505837738513947, 0.11385072767734528, 0.088987335562706, 0.06075363606214523, 0.040580347180366516]"
crop,object,121,379,128,0,0.11573346704244614,"[128, 95, 21, 307, 42]","[0.11573346704244614, 0.07665055245161057, 0.07252195477485657, 0.05832768231630325, 0.05507422238588333]"
crop,object,122,272,335,0,0.11090860515832901,"[335, 357, 274, 356, 43]","[0.11090860515832901, 0.09062962979078293, 0.07623007893562317, 0.0716702938079834, 0.06871088594198227]"
crop,object,123,86,22,0,0.15166620910167694,"[22, 309, 21, 308, 307]","[0.15166620910167694, 0.140548974275589, 0.11497218161821365, 0.09116610884666443, 0.027852633967995644]"
crop,object,124,275,22,0,0.3454260528087616,"[22, 23, 350, 21, 94]","[0.3454260528087616, 0.19423046708106995, 0.09634600579738617, 0.08074799925088882, 0.06569130718708038]"
crop,object,125,387,21,0,0.31999671459198,"[21, 128, 22, 358, 127]","[0.31999671459198, 0.10362986475229263, 0.04514104127883911, 0.03879406303167343, 0.03853793069720268]"
crop,object,126,12,317,0,0.197574183344841,"[317, 94, 10, 42, 22]","[0.197574183344841, 0.10124976187944412, 0.08768472820520401, 0.04192275553941727, 0.037107303738594055]"
crop,object,127,17,127,0,0.26325395703315735,"[127, 129, 21, 22, 93]","[0.26325395703315735, 0.0994754359126091, 0.08767765760421753, 0.0695369616150856, 0.06935900449752808]"
crop,object,128,899,883,0,0.2612210810184479,"[883, 503, 898, 438, 711]","[0.2612210810184479, 0.11289497464895248, 0.08601883798837662, 0.08404833823442459, 0.08127596974372864]"
crop,object,129,365,365,1,0.28958261013031006,"[365, 43, 225, 616, 371]","[0.28958261013031006, 0.0948772132396698, 0.08850843459367752, 0.05378485098481178, 0.051925793290138245]"
crop,object,130,335,310,0,0.07790617644786835,"[310, 701, 94, 319, 679]","[0.07790617644786835, 0.04739053547382355, 0.04443562030792236, 0.042207617312669754, 0.041762832552194595]"
crop,object,131,23,21,0,0.1401352733373642,"[21, 22, 783, 616, 23]","[0.1401352733373642, 0.12567612528800964, 0.07945259660482407, 0.07237008213996887, 0.051352933049201965]"
crop,object,132,379,920,0,0.09668555855751038,"[920, 350, 708, 22, 23]","[0.09668555855751038, 0.056610867381095886, 0.044246334582567215, 0.04173196852207184, 0.031632572412490845]"
crop,object,133,988,783,0,0.30774161219596863,"[783, 677, 988, 767, 855]","[0.30774161219596863, 0.2601708173751831, 0.06879697740077972, 0.026327868923544884, 0.02449635975062847]"
crop,object,134,988,852,0,0.5453731417655945,"[852, 430, 600, 767, 988]","[0.5453731417655945, 0.0474826917052269, 0.032981548458337784, 0.03249906003475189, 0.025867154821753502]"
crop,object,135,17,129,0,0.12605459988117218,"[129, 127, 17, 10, 94]","[0.12605459988117218, 0.12318810075521469, 0.10713143646717072, 0.0848129540681839, 0.078648142516613]"
crop,object,136,18,18,1,0.6508548855781555,"[18, 127, 306, 128, 92]","[0.6508548855781555, 0.06376027315855026, 0.049846768379211426, 0.04062461853027344, 0.02963731437921524]"
crop,object,137,39,783,0,0.1752103567123413,"[783, 94, 23, 21, 316]","[0.1752103567123413, 0.08938220888376236, 0.03992217406630516, 0.037741757929325104, 0.02992861345410347]"
crop,object,138,335,94,0,0.5140998959541321,"[94, 356, 43, 10, 38]","[0.5140998959541321, 0.06963055580854416, 0.04691231623291969, 0.026530597358942032, 0.020179085433483124]"
crop,object,139,376,845,0,0.07225532084703445,"[845, 13, 456, 602, 902]","[0.07225532084703445, 0.0607600174844265, 0.04462568461894989, 0.04213034361600876, 0.04005056992173195]"
crop,object,140,18,143,0,0.21419771015644073,"[143, 783, 310, 306, 22]","[0.21419771015644073, 0.10716306418180466, 0.0784490704536438, 0.0471377931535244, 0.04497505724430084]"
crop,object,141,134,89,0,0.5747112035751343,"[89, 129, 127, 99, 132]","[0.5747112035751343, 0.2179166078567505, 0.06408967077732086, 0.03733671456575394, 0.01599588245153427]"
crop,object,142,294,22,0,0.12509377300739288,"[22, 73, 9, 94, 328]","[0.12509377300739288, 0.08429854363203049, 0.07487764209508896, 0.06566492468118668, 0.06550180166959763]"
crop,object,143,472,315,0,0.29504090547561646,"[315, 895, 405, 404, 908]","[0.29504090547561646, 0.2547178864479065, 0.1625237911939621, 0.11023443937301636, 0.06888709962368011]"
crop,object,144,354,354,1,0.9995911717414856,"[354, 16, 351, 350, 209]","[0.9995911717414856, 6.710833986289799e-05, 6.601533095818013e-05, 4.026452370453626e-05, 3.5371806006878614e-05]"
crop,object,145,134,142,0,0.34068164229393005,"[142, 141, 86, 140, 307]","[0.34068164229393005, 0.16426298022270203, 0.07819411158561707, 0.06647465378046036, 0.06361005455255508]"
crop,object,146,821,59,0,0.4260367751121521,"[59, 140, 319, 821, 10]","[0.4260367751121521, 0.12904080748558044, 0.08187898248434067, 0.054044272750616074, 0.04359941929578781]"
crop,object,147,391,141,0,0.40867099165916443,"[141, 98, 94, 140, 41]","[0.40867099165916443, 0.17129714787006378, 0.08912156522274017, 0.035198796540498734, 0.030804725363850594]"
crop,object,148,391,391,1,0.1687171906232834,"[391, 461, 490, 394, 63]","[0.1687171906232834, 0.03570530191063881, 0.03535861894488335, 0.030787674710154533, 0.026914188638329506]"
crop,object,149,821,755,0,0.5886456370353699,"[755, 650, 821, 490, 818]","[0.5886456370353699, 0.04970632866024971, 0.03214859962463379, 0.02745785191655159, 0.01902831345796585]"
crop,object,150,576,517,0,0.12978032231330872,"[517, 645, 614, 63, 863]","[0.12978032231330872, 0.10853267461061478, 0.08457870781421661, 0.07335350662469864, 0.05877673625946045]"
crop,object,151,140,140,1,0.3076469898223877,"[140, 98, 133, 139, 97]","[0.3076469898223877, 0.1867176592350006, 0.16255298256874084, 0.12950514256954193, 0.028974538668990135]"
crop,object,152,852,309,0,0.27453136444091797,"[309, 316, 36, 119, 126]","[0.27453136444091797, 0.13131971657276154, 0.07421184331178665, 0.04258093610405922, 0.030864637345075607]"
crop,object,153,576,10,0,0.14454831182956696,"[10, 319, 812, 913, 576]","[0.14454831182956696, 0.13445249199867249, 0.08475971221923828, 0.05622432008385658, 0.04417034238576889]"
crop,object,154,472,319,0,0.10674668848514557,"[319, 679, 405, 895, 303]","[0.10674668848514557, 0.09496325254440308, 0.07784391194581985, 0.059833824634552, 0.03955032676458359]"
crop,object,155,258,258,1,0.41560837626457214,"[258, 270, 257, 203, 190]","[0.41560837626457214, 0.1196015328168869, 0.11483509093523026, 0.0683586373925209, 0.04082020744681358]"
crop,object,156,143,143,1,0.44594258069992065,"[143, 128, 16, 94, 21]","[0.44594258069992065, 0.13305306434631348, 0.11132808774709702, 0.09971830993890762, 0.07062433660030365]"
crop,object,157,198,128,0,0.14602473378181458,"[128, 350, 22, 143, 80]","[0.14602473378181458, 0.1431368738412857, 0.11142610758543015, 0.10365156829357147, 0.06280283629894257]"
crop,object,158,236,42,0,0.147397980093956,"[42, 92, 237, 676, 43]","[0.147397980093956, 0.12549258768558502, 0.1067637950181961, 0.059898827224969864, 0.05204983428120613]"
crop,object,159,576,120,0,0.07872229814529419,"[120, 895, 306, 405, 75]","[0.07872229814529419, 0.06304159760475159, 0.05557946488261223, 0.05389752238988876, 0.05371825769543648]"
crop,object,160,483,483,1,0.17518350481987,"[483, 668, 812, 698, 442]","[0.17518350481987, 0.060096241533756256, 0.04409656301140785, 0.04165920242667198, 0.04058075323700905]"
crop,object,161,727,727,1,0.14377924799919128,"[727, 316, 306, 87, 668]","[0.14377924799919128, 0.12570278346538544, 0.08466653525829315, 0.05879194661974907, 0.032455023378133774]"
crop,object,162,238,783,0,0.15889541804790497,"[783, 310, 316, 309, 701]","[0.15889541804790497, 0.08369871973991394, 0.07332270592451096, 0.052633389830589294, 0.03981374576687813]"
crop,object,163,385,13,0,0.2495151311159134,"[13, 20, 357, 137, 113]","[0.2495151311159134, 0.05914139375090599, 0.053964316844940186, 0.05105142667889595, 0.04006655514240265]"
crop,object,164,472,404,0,0.134973406791687,"[404, 895, 812, 913, 864]","[0.134973406791687, 0.107228584587574, 0.08297068625688553, 0.05684053152799606, 0.04306544363498688]"
crop,object,165,140,405,0,0.10128789395093918,"[405, 783, 677, 356, 895]","[0.10128789395093918, 0.05555064231157303, 0.04537121206521988, 0.03747362643480301, 0.03469642624258995]"
crop,object,166,352,701,0,0.18538351356983185,"[701, 352, 512, 129, 315]","[0.18538351356983185, 0.16906748712062836, 0.13807377219200134, 0.045587208122015, 0.025784261524677277]"
crop,object,167,292,282,0,0.1447959542274475,"[282, 94, 24, 584, 140]","[0.1447959542274475, 0.10070937126874924, 0.08389071375131607, 0.04469062387943268, 0.03476564586162567]"
crop,object,168,806,783,0,0.3262616693973541,"[783, 767, 898, 845, 677]","[0.3262616693973541, 0.19289042055606842, 0.05349180847406387, 0.04259093478322029, 0.030461478978395462]"
crop,object,169,449,43,0,0.06355608254671097,"[43, 853, 449, 425, 840]","[0.06355608254671097, 0.060785531997680664, 0.05510517209768295, 0.05371624976396561, 0.04780014976859093]"
crop,object,170,164,701,0,0.1132429838180542,"[701, 783, 22, 21, 94]","[0.1132429838180542, 0.08252280205488205, 0.05798156559467316, 0.052814140915870667, 0.03309624642133713]"
crop,object,171,909,677,0,0.23487448692321777,"[677, 812, 755, 120, 13]","[0.23487448692321777, 0.09866052865982056, 0.08696703612804413, 0.03422672674059868, 0.02477734163403511]"
crop,object,172,576,576,1,0.34477558732032776,"[576, 895, 404, 812, 488]","[0.34477558732032776, 0.17812518775463104, 0.059671416878700256, 0.03258880600333214, 0.031127016991376877]"
crop,object,173,727,727,1,0.6929131746292114,"[727, 668, 405, 538, 14]","[0.6929131746292114, 0.14291013777256012, 0.015372862108051777, 0.012145339511334896, 0.011326192878186703]"
crop,object,174,223,21,0,0.14758999645709991,"[21, 22, 350, 783, 128]","[0.14758999645709991, 0.09601245075464249, 0.08381593972444534, 0.06805355101823807, 0.051472052931785583]"
crop,object,175,132,132,1,0.3320130705833435,"[132, 81, 128, 127, 89]","[0.3320130705833435, 0.11798875033855438, 0.10765314847230911, 0.06653211265802383, 0.039673127233982086]"
crop,object,176,576,889,0,0.15268731117248535,"[889, 319, 576, 755, 839]","[0.15268731117248535, 0.14775073528289795, 0.03184084594249725, 0.031160328537225723, 0.030251814052462578]"
crop,object,177,391,94,0,0.31436222791671753,"[94, 307, 31, 677, 43]","[0.31436222791671753, 0.07228656113147736, 0.05478673055768013, 0.051226694136857986, 0.040620218962430954]"
crop,object,178,708,898,0,0.14710833132266998,"[898, 767, 783, 442, 769]","[0.14710833132266998, 0.10126573592424393, 0.03265445679426193, 0.023091338574886322, 0.021179458126425743]"
crop,object,179,132,600,0,0.16843190789222717,"[600, 132, 89, 350, 138]","[0.16843190789222717, 0.11220555752515793, 0.07529221475124359, 0.058669015765190125, 0.0547831729054451]"
crop,object,180,576,679,0,0.14225751161575317,"[679, 801, 758, 772, 868]","[0.14225751161575317, 0.045772165060043335, 0.03582127392292023, 0.03452582657337189, 0.03442339599132538]"
crop,object,181,143,143,1,0.3300530016422272,"[143, 22, 128, 141, 136]","[0.3300530016422272, 0.10993506759405136, 0.08681101351976395, 0.07583223283290863, 0.07481079548597336]"
crop,object,182,842,677,0,0.1650514453649521,"[677, 405, 744, 783, 600]","[0.1650514453649521, 0.11264432966709137, 0.06744301319122314, 0.06521331518888474, 0.03638758510351181]"
crop,object,183,372,94,0,0.5610259175300598,"[94, 21, 128, 372, 22]","[0.5610259175300598, 0.05122402310371399, 0.04107378423213959, 0.03189484030008316, 0.02623683027923107]"
crop,object,184,36,308,0,0.062073566019535065,"[308, 138, 488, 120, 22]","[0.062073566019535065, 0.047161467373371124, 0.04231051728129387, 0.0388985276222229, 0.0365576446056366]"
crop,object,185,660,895,0,0.30102962255477905,"[895, 701, 405, 744, 404]","[0.30102962255477905, 0.17429351806640625, 0.10822638124227524, 0.06534754484891891, 0.05277702212333679]"
crop,object,186,821,488,0,0.8508712649345398,"[488, 405, 821, 752, 584]","[0.8508712649345398, 0.033617742359638214, 0.014150380156934261, 0.011965804733335972, 0.006820219103246927]"
crop,object,187,449,449,1,0.08903274685144424,"[449, 694, 405, 510, 610]","[0.08903274685144424, 0.08390937000513077, 0.06684796512126923, 0.053959187120199203, 0.05177886411547661]"
crop,object,188,131,135,0,0.1718086451292038,"[135, 92, 131, 840, 141]","[0.1718086451292038, 0.08860937505960464, 0.07765514403581619, 0.06465783715248108, 0.04333406314253807]"
crop,object,189,576,10,0,0.221797913312912,"[10, 755, 576, 80, 18]","[0.221797913312912, 0.11513661593198776, 0.07164344936609268, 0.057990171015262604, 0.04771094396710396]"
crop,object,190,140,140,1,0.6798684000968933,"[140, 142, 12, 141, 10]","[0.6798684000968933, 0.2512722313404083, 0.021765708923339844, 0.006950835697352886, 0.003589634783565998]"
crop,object,191,576,517,0,0.9039674997329712,"[517, 576, 484, 558, 780]","[0.9039674997329712, 0.0585293173789978, 0.004686600528657436, 0.004458754323422909, 0.0029391529969871044]"
crop,object,192,355,21,0,0.4778483211994171,"[21, 350, 92, 277, 12]","[0.4778483211994171, 0.20404979586601257, 0.06662426888942719, 0.032206058502197266, 0.03162892162799835]"
crop,object,193,511,817,0,0.26844900846481323,"[817, 511, 436, 656, 479]","[0.26844900846481323, 0.21591557562351227, 0.13769304752349854, 0.07036389410495758, 0.05511670932173729]"
crop,object,194,417,356,0,0.07486805319786072,"[356, 869, 493, 325, 701]","[0.07486805319786072, 0.05613401532173157, 0.04499741271138191, 0.04210221767425537, 0.037253040820360184]"
crop,object,195,404,895,0,0.23170235753059387,"[895, 405, 513, 404, 908]","[0.23170235753059387, 0.17254920303821564, 0.09758946299552917, 0.08197106420993805, 0.07860881090164185]"
crop,object,196,701,701,1,0.20629607141017914,"[701, 677, 783, 68, 67]","[0.20629607141017914, 0.08978993445634842, 0.0768652930855751, 0.05151898413896561, 0.04155125841498375]"
crop,object,197,701,600,0,0.19894178211688995,"[600, 97, 828, 701, 405]","[0.19894178211688995, 0.10813730210065842, 0.06237562373280525, 0.05865518003702164, 0.03186008334159851]"
crop,object,198,701,701,1,0.955289900302887,"[701, 417, 129, 610, 699]","[0.955289900302887, 0.03711935877799988, 0.0005338641349226236, 0.0003387817123439163, 0.00027858599787577987]"
crop,object,199,350,85,0,0.10986623913049698,"[85, 139, 306, 310, 10]","[0.10986623913049698, 0.05551586672663689, 0.04895416647195816, 0.028951626271009445, 0.028315439820289612]"
crop,object,200,618,763,0,0.7370110154151917,"[763, 600, 611, 920, 413]","[0.7370110154151917, 0.04208211973309517, 0.040771521627902985, 0.024798376485705376, 0.01681753247976303]"
crop,object,201,984,984,1,0.9302887320518494,"[984, 549, 64, 354, 425]","[0.9302887320518494, 0.002791272010654211, 0.0017056983197107911, 0.0016280475538223982, 0.0014619181165471673]"
crop,object,202,645,614,0,0.3260326087474823,"[614, 645, 600, 679, 883]","[0.3260326087474823, 0.26856541633605957, 0.06504373252391815, 0.06484207510948181, 0.044072117656469345]"
crop,object,203,808,64,0,0.13225945830345154,"[64, 59, 828, 55, 113]","[0.13225945830345154, 0.0957052931189537, 0.07318081706762314, 0.04984457790851593, 0.036186616867780685]"
crop,object,204,755,765,0,0.1300247460603714,"[765, 755, 828, 545, 846]","[0.1300247460603714, 0.08873321115970612, 0.07605621963739395, 0.05642814189195633, 0.04230929911136627]"
crop,object,205,663,873,0,0.4279194176197052,"[873, 497, 663, 483, 406]","[0.4279194176197052, 0.2591482996940613, 0.1520686149597168, 0.050076987594366074, 0.03453821688890457]"
crop,object,206,404,404,1,0.9961000680923462,"[404, 908, 895, 405, 812]","[0.9961000680923462, 0.0014151139184832573, 0.001350197708234191, 0.0008095745579339564, 0.00016002166375983506]"
crop,object,207,540,517,0,0.14605414867401123,"[517, 895, 755, 677, 783]","[0.14605414867401123, 0.09399455785751343, 0.06303007900714874, 0.06151727959513664, 0.060259636491537094]"
crop,object,208,958,920,0,0.19792713224887848,"[920, 713, 628, 769, 757]","[0.19792713224887848, 0.1300731748342514, 0.04113952815532684, 0.034535977989435196, 0.02933303825557232]"
crop,object,209,483,858,0,0.21716715395450592,"[858, 483, 913, 698, 718]","[0.21716715395450592, 0.1423228532075882, 0.08332612365484238, 0.05417598411440849, 0.04258766770362854]"
crop,object,210,898,22,0,0.13388369977474213,"[22, 783, 94, 10, 53]","[0.13388369977474213, 0.10098230093717575, 0.08281704038381577, 0.06887402385473251, 0.050856444984674454]"
crop,object,211,649,649,1,0.1512010544538498,"[649, 399, 496, 22, 806]","[0.1512010544538498, 0.07621888071298599, 0.06946767121553421, 0.06412606686353683, 0.04294194281101227]"
crop,object,212,812,78,0,0.06892646849155426,"[78, 120, 549, 405, 783]","[0.06892646849155426, 0.03880045562982559, 0.03554351627826691, 0.034103069454431534, 0.032805029302835464]"
crop,object,213,701,701,1,0.9851182699203491,"[701, 417, 679, 308, 64]","[0.9851182699203491, 0.006032978184521198, 0.0037082452327013016, 0.00042630566167645156, 0.0003696326748467982]"
crop,object,214,405,78,0,0.08989869058132172,"[78, 405, 701, 783, 120]","[0.08989869058132172, 0.08162835985422134, 0.04612385481595993, 0.041258636862039566, 0.03176479786634445]"
crop,object,215,832,832,1,0.748932421207428,"[832, 442, 668, 524, 812]","[0.748932421207428, 0.16183090209960938, 0.026411844417452812, 0.0111924409866333, 0.006332957651466131]"
crop,object,216,475,475,1,0.3586617112159729,"[475, 417, 835, 511, 609]","[0.3586617112159729, 0.09073232114315033, 0.04144586622714996, 0.03058481588959694, 0.02360188402235508]"
crop,object,217,22,22,1,0.9714301228523254,"[22, 21, 23, 89, 7]","[0.9714301228523254, 0.01593627594411373, 0.0022811435628682375, 0.0018366179428994656, 0.0009163026115857065]"
crop,object,218,724,780,0,0.894740104675293,"[780, 517, 839, 718, 645]","[0.894740104675293, 0.06865416467189789, 0.01217612624168396, 0.007693203631788492, 0.005128802265971899]"
crop,object,219,871,780,0,0.7265918850898743,"[780, 871, 523, 900, 583]","[0.7265918850898743, 0.06769601255655289, 0.029618537053465843, 0.024714408442378044, 0.015290101058781147]"
crop,object,220,807,807,1,0.04886282980442047,"[807, 835, 489, 752, 611]","[0.04886282980442047, 0.04118826240301132, 0.02862473577260971, 0.024300241842865944, 0.02360662817955017]"
crop,object,221,805,805,1,0.9774331450462341,"[805, 417, 701, 97, 545]","[0.9774331450462341, 0.008436188101768494, 0.0058593242429196835, 0.0015233908779919147, 0.0011006236309185624]"
crop,object,222,405,405,1,0.2658631205558777,"[405, 783, 677, 812, 120]","[0.2658631205558777, 0.04205682501196861, 0.023786185309290886, 0.02240934409201145, 0.02151573821902275]"
crop,object,223,14,22,0,0.09518347680568695,"[22, 21, 78, 85, 128]","[0.09518347680568695, 0.07544119656085968, 0.04974769055843353, 0.04601409286260605, 0.038318756967782974]"
crop,object,224,22,22,1,0.7223735451698303,"[22, 21, 87, 23, 652]","[0.7223735451698303, 0.17994558811187744, 0.02098728157579899, 0.012951202690601349, 0.010250639170408249]"
crop,object,225,404,404,1,0.9478766918182373,"[404, 405, 845, 908, 769]","[0.9478766918182373, 0.031177284196019173, 0.0031254016794264317, 0.0026860907673835754, 0.001977666048333049]"
crop,object,226,583,517,0,0.5641305446624756,"[517, 780, 872, 418, 733]","[0.5641305446624756, 0.04397697374224663, 0.02460186555981636, 0.02389088086783886, 0.02370351180434227]"
crop,object,227,900,900,1,0.8421951532363892,"[900, 442, 694, 898, 461]","[0.8421951532363892, 0.033053524792194366, 0.018844738602638245, 0.01583692990243435, 0.005593304522335529]"
crop,object,228,437,437,1,0.653812050819397,"[437, 744, 812, 733, 418]","[0.653812050819397, 0.10352931171655655, 0.02738237753510475, 0.025204475969076157, 0.014410508796572685]"
crop,object,229,345,350,0,0.5286639332771301,"[350, 349, 345, 129, 21]","[0.5286639332771301, 0.14686782658100128, 0.05625084042549133, 0.051083412021398544, 0.03013826720416546]"
crop,object,230,913,913,1,0.5145412683486938,"[913, 316, 649, 49, 863]","[0.5145412683486938, 0.05016244202852249, 0.03551597520709038, 0.034350231289863586, 0.033505700528621674]"
crop,object,231,839,839,1,0.9181917309761047,"[839, 718, 580, 905, 904]","[0.9181917309761047, 0.02540004998445511, 0.02059982158243656, 0.003505492815747857, 0.0034675942733883858]"
crop,object,232,920,920,1,0.7865217924118042,"[920, 602, 895, 404, 422]","[0.7865217924118042, 0.03501539304852486, 0.027651341632008553, 0.015412850305438042, 0.009064005687832832]"
crop,object,233,802,316,0,0.2679317593574524,"[316, 783, 22, 895, 317]","[0.2679317593574524, 0.07683463394641876, 0.05268307030200958, 0.037080250680446625, 0.025925496593117714]"
crop,object,234,755,755,1,0.9331856369972229,"[755, 807, 131, 16, 133]","[0.9331856369972229, 0.029903801158070564, 0.005279572680592537, 0.004311141557991505, 0.0036986866034567356]"
crop,object,235,93,93,1,0.0956249088048935,"[93, 94, 616, 600, 783]","[0.0956249088048935, 0.07524391263723373, 0.03396863862872124, 0.03272708132863045, 0.03149145096540451]"
crop,object,236,821,821,1,0.6996976733207703,"[821, 59, 488, 319, 60]","[0.6996976733207703, 0.044169019907712936, 0.03727738559246063, 0.02246231399476528, 0.019078286364674568]"
crop,object,237,437,812,0,0.3219127953052521,"[812, 405, 744, 677, 835]","[0.3219127953052521, 0.07606617361307144, 0.05433182790875435, 0.030894270166754723, 0.015277809463441372]"
crop,object,238,649,608,0,0.1303296536207199,"[608, 399, 744, 834, 657]","[0.1303296536207199, 0.06226370111107826, 0.05016394704580307, 0.039630454033613205, 0.03605808690190315]"
crop,object,239,682,442,0,0.9271329641342163,"[442, 497, 668, 448, 682]","[0.9271329641342163, 0.008833476342260838, 0.008658459410071373, 0.006961489096283913, 0.006645543966442347]"
crop,object,240,900,900,1,0.7567383646965027,"[900, 494, 456, 523, 733]","[0.7567383646965027, 0.0293838232755661, 0.024818599224090576, 0.02252860553562641, 0.020923566073179245]"
crop,object,241,557,733,0,0.67158043384552,"[733, 557, 600, 583, 843]","[0.67158043384552, 0.1854221224784851, 0.031121663749217987, 0.017961714416742325, 0.015676768496632576]"
crop,object,242,812,744,0,0.032309390604496,"[744, 128, 701, 352, 120]","[0.032309390604496, 0.023986488580703735, 0.018221456557512283, 0.015290912240743637, 0.01443504448980093]"
crop,object,243,988,988,1,0.5468446016311646,"[988, 113, 852, 94, 952]","[0.5468446016311646, 0.12659545242786407, 0.07520386576652527, 0.03425515443086624, 0.013555201701819897]"
crop,object,244,322,326,0,0.9698272347450256,"[326, 322, 793, 828, 85]","[0.9698272347450256, 0.007159231696277857, 0.0018227952532470226, 0.0016704672016203403, 0.001604326069355011]"
crop,object,245,131,131,1,0.24207021296024323,"[131, 132, 92, 127, 134]","[0.24207021296024323, 0.09191831201314926, 0.07589269429445267, 0.06360100954771042, 0.06051760911941528]"
crop,object,246,309,73,0,0.12973208725452423,"[73, 72, 783, 309, 301]","[0.12973208725452423, 0.06861305981874466, 0.05006058141589165, 0.04864213615655899, 0.043440885841846466]"
crop,object,247,324,94,0,0.07320445775985718,"[94, 584, 324, 21, 112]","[0.07320445775985718, 0.05666869878768921, 0.0527346134185791, 0.0518784299492836, 0.04722188785672188]"
crop,object,248,133,133,1,0.5508663058280945,"[133, 92, 10, 127, 11]","[0.5508663058280945, 0.11687619984149933, 0.06116313114762306, 0.0523550808429718, 0.03144420310854912]"
crop,object,249,988,988,1,0.8141804933547974,"[988, 113, 679, 144, 97]","[0.8141804933547974, 0.10736420750617981, 0.014343938790261745, 0.011281504295766354, 0.007988006807863712]"
crop,object,250,13,12,0,0.455212265253067,"[12, 16, 94, 21, 86]","[0.455212265253067, 0.12846674025058746, 0.09049760550260544, 0.06550272554159164, 0.03641518950462341]"
crop,object,251,309,316,0,0.1295626312494278,"[316, 94, 309, 22, 308]","[0.1295626312494278, 0.12026592344045639, 0.08525048941373825, 0.07389876991510391, 0.06376088410615921]"
crop,object,252,991,991,1,0.12310872972011566,"[991, 89, 585, 393, 112]","[0.12310872972011566, 0.1019262969493866, 0.09183656424283981, 0.08508548140525818, 0.0710371658205986]"
crop,object,253,303,316,0,0.19841955602169037,"[316, 319, 304, 92, 306]","[0.19841955602169037, 0.15452754497528076, 0.1485799103975296, 0.06943739205598831, 0.0562407448887825]"
crop,object,254,309,303,0,0.39953264594078064,"[303, 308, 300, 70, 310]","[0.39953264594078064, 0.1493031233549118, 0.12243486195802689, 0.05256865546107292, 0.03585401177406311]"
crop,object,255,324,324,1,0.9984037280082703,"[324, 325, 322, 326, 755]","[0.9984037280082703, 0.001061338116414845, 0.0001358113659080118, 4.3616357288556173e-05, 3.4437431168043986e-05]"
crop,object,256,303,302,0,0.4424527585506439,"[302, 300, 306, 303, 310]","[0.4424527585506439, 0.3026461899280548, 0.10045938193798065, 0.06696691364049911, 0.020106233656406403]"
crop,object,257,323,323,1,0.24136139452457428,"[323, 89, 72, 78, 73]","[0.24136139452457428, 0.13661989569664001, 0.12478569149971008, 0.039901651442050934, 0.026630442589521408]"
crop,object,258,989,989,1,0.7927499413490295,"[989, 78, 417, 301, 990]","[0.7927499413490295, 0.034127552062273026, 0.02500835619866848, 0.02188197337090969, 0.00840486865490675]"
crop,object,259,324,324,1,0.3184826374053955,"[324, 325, 409, 892, 783]","[0.3184826374053955, 0.1822199821472168, 0.08281338959932327, 0.05181014910340309, 0.027018150314688683]"
crop,object,260,989,989,1,0.20733001828193665,"[989, 957, 641, 950, 990]","[0.20733001828193665, 0.16143567860126495, 0.11618032306432724, 0.0942169651389122, 0.07713679224252701]"
crop,object,261,323,323,1,0.9966443777084351,"[323, 72, 75, 319, 89]","[0.9966443777084351, 0.0025056840386241674, 0.00024537014542147517, 0.00015147004160098732, 4.274658567737788e-05]"
crop,object,262,78,78,1,0.3362889587879181,"[78, 73, 989, 74, 93]","[0.3362889587879181, 0.120062455534935, 0.06598660349845886, 0.05793219059705734, 0.047264982014894485]"
crop,object,263,945,301,0,0.3308989703655243,"[301, 957, 971, 989, 584]","[0.3308989703655243, 0.22030436992645264, 0.05760321393609047, 0.035959117114543915, 0.034777384251356125]"
crop,object,264,303,895,0,0.3417187035083771,"[895, 303, 304, 679, 512]","[0.3417187035083771, 0.15911519527435303, 0.13900569081306458, 0.10665560513734818, 0.051481522619724274]"
crop,object,265,78,306,0,0.24795208871364594,"[306, 75, 350, 72, 302]","[0.24795208871364594, 0.1604757308959961, 0.10140776634216309, 0.06406304240226746, 0.04265155270695686]"
crop,object,266,323,323,1,0.9998125433921814,"[323, 321, 303, 541, 701]","[0.9998125433921814, 0.00016185927961487323, 4.6049563025007956e-06, 3.7504566989809973e-06, 2.3171498924057232e-06]"
crop,object,267,309,679,0,0.3905797600746155,"[679, 309, 310, 316, 776]","[0.3905797600746155, 0.06921593844890594, 0.0650528073310852, 0.06168399378657341, 0.033586759120225906]"
crop,object,268,77,307,0,0.16381078958511353,"[307, 73, 317, 21, 74]","[0.16381078958511353, 0.07579213380813599, 0.06991580128669739, 0.04846224933862686, 0.045899372547864914]"
crop,object,269,945,783,0,0.17700184881687164,"[783, 852, 417, 680, 772]","[0.17700184881687164, 0.08791162073612213, 0.07642907649278641, 0.03962814062833786, 0.03391728177666664]"
crop,object,270,322,94,0,0.1988411694765091,"[94, 679, 43, 42, 316]","[0.1988411694765091, 0.14901921153068542, 0.07857007533311844, 0.04451170563697815, 0.03899610787630081]"
crop,object,271,27,27,1,0.9202441573143005,"[27, 64, 51, 5, 356]","[0.9202441573143005, 0.012131049297749996, 0.007541612256318331, 0.005325639620423317, 0.0027640133630484343]"
crop,object,272,321,321,1,0.9991229176521301,"[321, 326, 304, 701, 11]","[0.9991229176521301, 0.00032213592203333974, 0.00015270806034095585, 4.5881410187575966e-05, 2.996213879669085e-05]"
crop,object,273,323,323,1,0.9919135570526123,"[323, 321, 303, 300, 308]","[0.9919135570526123, 0.003956282511353493, 0.000740385614335537, 0.0005118147819302976, 0.000411652639741078]"
crop,object,274,937,988,0,0.3653407394886017,"[988, 677, 94, 956, 616]","[0.3653407394886017, 0.19130578637123108, 0.058354925364255905, 0.04675549641251564, 0.04073349013924599]"
crop,object,275,73,73,1,0.2564331293106079,"[73, 72, 74, 78, 310]","[0.2564331293106079, 0.13691414892673492, 0.1246282234787941, 0.07024988532066345, 0.05212071165442467]"
crop,object,276,322,322,1,0.9996899366378784,"[322, 24, 21, 735, 850]","[0.9996899366378784, 0.00015680018987040967, 2.608941213111393e-05, 2.066162232949864e-05, 8.635812264401466e-06]"
crop,object,277,40,58,0,0.09017209708690643,"[58, 488, 59, 303, 310]","[0.09017209708690643, 0.08639656007289886, 0.07322163879871368, 0.0574471689760685, 0.05056474730372429]"
crop,object,278,31,701,0,0.4001103937625885,"[701, 767, 316, 625, 783]","[0.4001103937625885, 0.04830104112625122, 0.031303297728300095, 0.029854493215680122, 0.025552112609148026]"
crop,object,279,321,321,1,0.9231207966804504,"[321, 22, 16, 93, 18]","[0.9231207966804504, 0.055502887815237045, 0.009817239828407764, 0.0018540790770202875, 0.0008974543306976557]"
crop,object,280,58,679,0,0.06816080957651138,"[679, 783, 38, 488, 676]","[0.06816080957651138, 0.05059589073061943, 0.05053101107478142, 0.04295217618346214, 0.034130118787288666]"
crop,object,281,309,316,0,0.17361319065093994,"[316, 584, 140, 126, 21]","[0.17361319065093994, 0.06433209031820297, 0.0569843165576458, 0.053217288106679916, 0.047497574239969254]"
crop,object,282,303,303,1,0.5652226209640503,"[303, 300, 302, 307, 10]","[0.5652226209640503, 0.060688626021146774, 0.053074080497026443, 0.045928724110126495, 0.03951389342546463]"
crop,object,283,325,325,1,0.7615587711334229,"[325, 326, 322, 324, 21]","[0.7615587711334229, 0.22237995266914368, 0.010171935893595219, 0.005452854558825493, 4.390275353216566e-05]"
crop,object,284,323,323,1,0.9882340431213379,"[323, 488, 93, 506, 776]","[0.9882340431213379, 0.0018001215066760778, 0.0015727344434708357, 0.0013274376979097724, 0.0011674858396872878]"
crop,object,285,304,304,1,0.8143401145935059,"[304, 314, 303, 701, 306]","[0.8143401145935059, 0.05010656267404556, 0.024622244760394096, 0.015119296498596668, 0.011612128466367722]"
crop,object,286,18,18,1,0.9930683374404907,"[18, 128, 143, 127, 93]","[0.9930683374404907, 0.0030610233079642057, 0.0005145202158018947, 0.0004605707072187215, 0.00044903188245370984]"
crop,object,287,178,178,1,0.9969897270202637,"[178, 180, 171, 208, 209]","[0.9969897270202637, 0.0007162147085182369, 0.0006244832766242325, 0.0003931199898943305, 0.00023024844995234162]"
crop,object,288,83,83,1,0.8201417922973633,"[83, 87, 99, 490, 360]","[0.8201417922973633, 0.08557736128568649, 0.009213428013026714, 0.008281759917736053, 0.007851661182940006]"
crop,object,289,362,362,1,0.3883877694606781,"[362, 94, 21, 783, 133]","[0.3883877694606781, 0.199205681681633, 0.06033827364444733, 0.051681872457265854, 0.045376718044281006]"
crop,object,290,272,350,0,0.13505378365516663,"[350, 94, 298, 43, 356]","[0.13505378365516663, 0.12498369067907333, 0.10272832214832306, 0.09114409238100052, 0.060148194432258606]"
crop,object,291,102,783,0,0.23285159468650818,"[783, 308, 307, 24, 94]","[0.23285159468650818, 0.05433779954910278, 0.04265328124165535, 0.03482263907790184, 0.03357316926121712]"
crop,object,292,423,423,1,0.2617326080799103,"[423, 708, 572, 725, 883]","[0.2617326080799103, 0.18592412769794464, 0.05728360638022423, 0.039536599069833755, 0.035121381282806396]"
crop,object,293,543,488,0,0.21306565403938293,"[488, 649, 39, 319, 679]","[0.21306565403938293, 0.06246037781238556, 0.05454784631729126, 0.05347953364253044, 0.030633212998509407]"
crop,object,294,277,21,0,0.18259280920028687,"[21, 202, 228, 186, 189]","[0.18259280920028687, 0.09721849858760834, 0.05587560683488846, 0.05008203163743019, 0.04446990042924881]"
crop,object,295,428,490,0,0.1490934193134308,"[490, 913, 311, 492, 494]","[0.1490934193134308, 0.07094272971153259, 0.05511673912405968, 0.04596687853336334, 0.03097042255103588]"
crop,object,296,134,135,0,0.16252943873405457,"[135, 100, 21, 141, 142]","[0.16252943873405457, 0.11348504573106766, 0.09603715687990189, 0.07124451547861099, 0.07000618427991867]"
crop,object,297,298,94,0,0.16233569383621216,"[94, 307, 318, 47, 298]","[0.16233569383621216, 0.11092007160186768, 0.10932014137506485, 0.08638225495815277, 0.07298574596643448]"
crop,object,298,170,94,0,0.13318999111652374,"[94, 16, 21, 181, 39]","[0.13318999111652374, 0.1329440474510193, 0.1023600772023201, 0.0997525006532669, 0.032913997769355774]"
crop,object,299,363,490,0,0.13956034183502197,"[490, 50, 43, 524, 24]","[0.13956034183502197, 0.12965241074562073, 0.10661835223436356, 0.08695855736732483, 0.07205083221197128]"
crop,object,300,356,67,0,0.017058400437235832,"[67, 981, 156, 53, 356]","[0.017058400437235832, 0.01549332682043314, 0.01429650466889143, 0.010969424620270729, 0.010788455605506897]"
crop,object,301,161,162,0,0.39564457535743713,"[162, 242, 161, 166, 178]","[0.39564457535743713, 0.17936253547668457, 0.10025054216384888, 0.06847115606069565, 0.04316157475113869]"
crop,object,302,254,254,1,0.6377025842666626,"[254, 676, 243, 245, 364]","[0.6377025842666626, 0.10193058848381042, 0.09981655329465866, 0.014038885943591595, 0.013685506768524647]"
crop,object,303,145,145,1,0.9986304044723511,"[145, 146, 414, 457, 636]","[0.9986304044723511, 0.000510551908519119, 0.00015426900063175708, 6.998475146247074e-05, 4.0799011912895367e-05]"
crop,object,304,171,21,0,0.48277512192726135,"[21, 94, 350, 51, 43]","[0.48277512192726135, 0.13897599279880524, 0.06192570924758911, 0.05176233872771263, 0.030894646421074867]"
crop,object,305,299,783,0,0.10950933396816254,"[783, 317, 42, 142, 94]","[0.10950933396816254, 0.09019111096858978, 0.06370163708925247, 0.04929351434111595, 0.038815733045339584]"
crop,object,306,251,251,1,0.9987851977348328,"[251, 293, 676, 81, 82]","[0.9987851977348328, 0.00023968542518559843, 0.00021072615345474333, 9.399079863214865e-05, 8.478438394377008e-05]"
crop,object,307,292,282,0,0.34006011486053467,"[282, 243, 285, 292, 125]","[0.34006011486053467, 0.07354632019996643, 0.050927720963954926, 0.04461277276277542, 0.032800883054733276]"
crop,object,308,77,77,1,0.11870544403791428,"[77, 92, 303, 307, 73]","[0.11870544403791428, 0.09557672590017319, 0.08361367136240005, 0.08123305439949036, 0.07628563046455383]"
crop,object,309,305,306,0,0.5767504572868347,"[306, 307, 944, 39, 305]","[0.5767504572868347, 0.10629772394895554, 0.050824981182813644, 0.028747733682394028, 0.024992236867547035]"
crop,object,310,299,14,0,0.24523968994617462,"[14, 94, 16, 19, 92]","[0.24523968994617462, 0.09210860729217529, 0.047592032700777054, 0.02762918546795845, 0.02467939257621765]"
crop,object,311,83,87,0,0.5302842259407043,"[87, 12, 83, 86, 396]","[0.5302842259407043, 0.10990934818983078, 0.1067519411444664, 0.027712397277355194, 0.0187893807888031]"
crop,object,312,362,94,0,0.3830423057079315,"[94, 24, 21, 47, 140]","[0.3830423057079315, 0.1827707141637802, 0.059150293469429016, 0.04493248462677002, 0.029379699379205704]"
crop,object,313,85,85,1,0.999704897403717,"[85, 135, 650, 11, 21]","[0.999704897403717, 3.8306068745441735e-05, 2.994624628627207e-05, 2.321602005395107e-05, 1.687756594037637e-05]"
crop,object,314,203,203,1,0.575178325176239,"[203, 190, 185, 194, 188]","[0.575178325176239, 0.23200419545173645, 0.034164924174547195, 0.029841866344213486, 0.02390429377555847]"
crop,object,315,79,679,0,0.225960373878479,"[679, 42, 43, 783, 63]","[0.225960373878479, 0.09050555527210236, 0.07312523573637009, 0.06898839771747589, 0.0615236721932888]"
crop,object,316,71,793,0,0.6295450329780579,"[793, 90, 956, 47, 94]","[0.6295450329780579, 0.0687921866774559, 0.04800659418106079, 0.04208535701036453, 0.03954262658953667]"
crop,object,317,298,679,0,0.13039663434028625,"[679, 42, 40, 319, 94]","[0.13039663434028625, 0.07725906372070312, 0.07147680222988129, 0.043313365429639816, 0.042133674025535583]"
crop,object,318,336,299,0,0.7313055396080017,"[299, 298, 94, 43, 336]","[0.7313055396080017, 0.11904151737689972, 0.05212673917412758, 0.028482850641012192, 0.026854895055294037]"
crop,object,319,425,425,1,0.923836350440979,"[425, 449, 769, 913, 698]","[0.923836350440979, 0.03521190211176872, 0.006549418903887272, 0.005868538282811642, 0.003387424163520336]"
crop,object,320,137,136,0,0.3225146234035492,"[136, 20, 131, 137, 128]","[0.3225146234035492, 0.09315415471792221, 0.09236031025648117, 0.09000508487224579, 0.0756421908736229]"
crop,object,321,372,783,0,0.15353229641914368,"[783, 294, 73, 677, 24]","[0.15353229641914368, 0.06745538860559464, 0.0568278431892395, 0.03549322485923767, 0.032737862318754196]"
crop,object,322,958,328,0,0.09614014625549316,"[328, 97, 141, 307, 298]","[0.09614014625549316, 0.048389531672000885, 0.04543375223875046, 0.0446011982858181, 0.043432313948869705]"
crop,object,323,232,356,0,0.12515471875667572,"[356, 112, 94, 309, 125]","[0.12515471875667572, 0.07897520810365677, 0.07202119380235672, 0.061808422207832336, 0.060093946754932404]"
crop,object,324,279,89,0,0.8006918430328369,"[89, 129, 127, 348, 134]","[0.8006918430328369, 0.07334283739328384, 0.035191986709833145, 0.023781998082995415, 0.015137271955609322]"
crop,object,325,146,98,0,0.07179809361696243,"[98, 22, 58, 23, 488]","[0.07179809361696243, 0.05970589071512222, 0.05323682352900505, 0.04639717563986778, 0.04292899742722511]"
crop,object,326,352,94,0,0.07514192909002304,"[94, 300, 310, 303, 306]","[0.07514192909002304, 0.07101543992757797, 0.05910119414329529, 0.05106247588992119, 0.0472852848470211]"
crop,object,327,958,783,0,0.43169111013412476,"[783, 677, 305, 53, 88]","[0.43169111013412476, 0.24232842028141022, 0.024385999888181686, 0.01987571269273758, 0.015566348098218441]"
crop,object,328,958,452,0,0.1805063635110855,"[452, 911, 735, 47, 285]","[0.1805063635110855, 0.10502737760543823, 0.08904654532670975, 0.08753542602062225, 0.04326479509472847]"
crop,object,329,275,307,0,0.4184015095233917,"[307, 308, 275, 300, 73]","[0.4184015095233917, 0.07412751764059067, 0.0731590986251831, 0.05475190281867981, 0.03488709777593613]"
crop,object,330,888,858,0,0.08390694856643677,"[858, 405, 781, 60, 488]","[0.08390694856643677, 0.07880449295043945, 0.03592612221837044, 0.0352901965379715, 0.02662101946771145]"
crop,object,331,352,300,0,0.39151638746261597,"[300, 303, 310, 312, 94]","[0.39151638746261597, 0.16416677832603455, 0.11246782541275024, 0.05672694742679596, 0.034294988960027695]"
crop,object,332,85,85,1,0.32968151569366455,"[85, 47, 135, 21, 141]","[0.32968151569366455, 0.10026538372039795, 0.08153492212295532, 0.04995250329375267, 0.0475740060210228]"
crop,object,333,9,9,1,0.4934658706188202,"[9, 21, 616, 138, 127]","[0.4934658706188202, 0.08584847301244736, 0.07706268876791, 0.05108969286084175, 0.025113830342888832]"
crop,object,334,199,136,0,0.13820604979991913,"[136, 357, 295, 135, 500]","[0.13820604979991913, 0.0884554535150528, 0.06994763016700745, 0.05817180126905441, 0.04913683608174324]"
crop,object,335,522,78,0,0.0814666599035263,"[78, 783, 405, 701, 141]","[0.0814666599035263, 0.05322328954935074, 0.044477205723524094, 0.04094758629798889, 0.03550346568226814]"
crop,object,336,340,783,0,0.1627824455499649,"[783, 677, 39, 308, 309]","[0.1627824455499649, 0.13009263575077057, 0.055696338415145874, 0.03551149740815163, 0.025866199284791946]"
crop,object,337,9,94,0,0.1359320431947708,"[94, 24, 139, 307, 309]","[0.1359320431947708, 0.10999821126461029, 0.09187575429677963, 0.08939985930919647, 0.07666710019111633]"
crop,object,338,386,94,0,0.11175784468650818,"[94, 22, 349, 348, 43]","[0.11175784468650818, 0.09263981878757477, 0.07323402911424637, 0.06329137086868286, 0.044480107724666595]"
crop,object,339,274,21,0,0.5964521169662476,"[21, 94, 599, 316, 43]","[0.5964521169662476, 0.057528115808963776, 0.025774188339710236, 0.021465957164764404, 0.019718531519174576]"
crop,object,340,274,21,0,0.25006574392318726,"[21, 22, 350, 12, 51]","[0.25006574392318726, 0.11898250877857208, 0.07683795690536499, 0.04111991822719574, 0.03914526104927063]"
crop,object,341,254,172,0,0.16941335797309875,"[172, 11, 243, 242, 21]","[0.16941335797309875, 0.08865630626678467, 0.06427471339702606, 0.0636022761464119, 0.03122430108487606]"
crop,object,342,185,9,0,0.25684764981269836,"[9, 21, 202, 201, 187]","[0.25684764981269836, 0.09468868374824524, 0.08177190274000168, 0.07502752542495728, 0.040890030562877655]"
crop,object,343,169,21,0,0.17010380327701569,"[21, 616, 266, 202, 181]","[0.17010380327701569, 0.07645486295223236, 0.07440503686666489, 0.07075060904026031, 0.05067623406648636]"
crop,object,344,193,187,0,0.31686848402023315,"[187, 202, 192, 185, 186]","[0.31686848402023315, 0.08311960101127625, 0.06742370873689651, 0.06078748032450676, 0.058567166328430176]"
crop,object,345,355,68,0,0.08871476352214813,"[68, 94, 677, 112, 33]","[0.08871476352214813, 0.07680749893188477, 0.06797191500663757, 0.058850403875112534, 0.04946495592594147]"
crop,object,346,83,83,1,0.4285742938518524,"[83, 340, 99, 396, 360]","[0.4285742938518524, 0.1532966047525406, 0.06497235596179962, 0.04735109210014343, 0.030364610254764557]"
crop,object,347,355,196,0,0.23903131484985352,"[196, 355, 16, 247, 19]","[0.23903131484985352, 0.1909327507019043, 0.10137162357568741, 0.06792721897363663, 0.06377764791250229]"
crop,object,348,172,94,0,0.2623995840549469,"[94, 21, 129, 127, 306]","[0.2623995840549469, 0.24598681926727295, 0.18540756404399872, 0.07180038839578629, 0.037508778274059296]"
crop,object,349,958,47,0,0.14478623867034912,"[47, 649, 911, 958, 748]","[0.14478623867034912, 0.14476995170116425, 0.07898550480604172, 0.06253527849912643, 0.048424411565065384]"
crop,object,350,425,425,1,0.2559486925601959,"[425, 784, 94, 913, 449]","[0.2559486925601959, 0.04903845116496086, 0.04239852726459503, 0.03508264943957329, 0.0231083445250988]"
crop,object,351,958,988,0,0.21939963102340698,"[988, 852, 677, 9, 141]","[0.21939963102340698, 0.12116836756467819, 0.05640789121389389, 0.05272500216960907, 0.04177995026111603]"
crop,object,352,425,701,0,0.3752261996269226,"[701, 88, 136, 728, 898]","[0.3752261996269226, 0.14602024853229523, 0.05517253652215004, 0.041799888014793396, 0.03160185366868973]"
crop,object,353,681,812,0,0.10456310957670212,"[812, 128, 21, 92, 59]","[0.10456310957670212, 0.06050033122301102, 0.05108518898487091, 0.04620338976383209, 0.04192747920751572]"
crop,object,354,755,755,1,0.6063175201416016,"[755, 650, 783, 855, 307]","[0.6063175201416016, 0.08343837410211563, 0.04420817643404007, 0.026008980348706245, 0.01942482218146324]"
crop,object,355,251,300,0,0.14548388123512268,"[300, 303, 310, 73, 679]","[0.14548388123512268, 0.1047438532114029, 0.05980038270354271, 0.053151555359363556, 0.03500286862254143]"
crop,object,356,209,51,0,0.2394813448190689,"[51, 243, 38, 307, 118]","[0.2394813448190689, 0.05546127259731293, 0.05004625394940376, 0.04899703338742256, 0.048847079277038574]"
crop,object,357,872,513,0,0.10131517797708511,"[513, 488, 319, 776, 679]","[0.10131517797708511, 0.06928592920303345, 0.052370332181453705, 0.04926719143986702, 0.04797842726111412]"
crop,object,358,177,21,0,0.43031230568885803,"[21, 350, 22, 93, 128]","[0.43031230568885803, 0.10344982147216797, 0.07643823325634003, 0.056501347571611404, 0.05226906016469002]"
crop,object,359,172,94,0,0.26260805130004883,"[94, 140, 139, 172, 142]","[0.26260805130004883, 0.2133752852678299, 0.04123592749238014, 0.03627169877290726, 0.034829266369342804]"
crop,object,360,425,425,1,0.6840561628341675,"[425, 831, 694, 555, 777]","[0.6840561628341675, 0.019705701619386673, 0.01292623020708561, 0.012887861579656601, 0.012142796069383621]"
crop,object,361,191,191,1,0.24041005969047546,"[191, 186, 189, 175, 193]","[0.24041005969047546, 0.1832648366689682, 0.1700543910264969, 0.04302487149834633, 0.040378984063863754]"
crop,object,362,23,21,0,0.5803024172782898,"[21, 94, 135, 16, 22]","[0.5803024172782898, 0.11087533831596375, 0.07645202428102493, 0.06550060957670212, 0.049195099622011185]"
crop,object,363,353,11,0,0.2603912353515625,"[11, 350, 21, 10, 352]","[0.2603912353515625, 0.16499891877174377, 0.14674872159957886, 0.10678428411483765, 0.09170864522457123]"
crop,object,364,209,21,0,0.6030721664428711,"[21, 650, 350, 22, 43]","[0.6030721664428711, 0.046512309461832047, 0.03788488358259201, 0.02550308220088482, 0.012450171634554863]"
crop,object,365,352,645,0,0.4330160617828369,"[645, 733, 63, 679, 456]","[0.4330160617828369, 0.08865364640951157, 0.063742995262146, 0.062036771327257156, 0.03158876672387123]"
crop,object,366,690,317,0,0.10877981036901474,"[317, 301, 584, 774, 323]","[0.10877981036901474, 0.10602690279483795, 0.07982269674539566, 0.0658581480383873, 0.03752187639474869]"
crop,object,367,348,178,0,0.17366211116313934,"[178, 944, 348, 125, 21]","[0.17366211116313934, 0.1049882099032402, 0.07374131679534912, 0.0666642114520073, 0.05616624280810356]"
crop,object,368,336,308,0,0.10389626771211624,"[308, 783, 94, 316, 39]","[0.10389626771211624, 0.07868160307407379, 0.06500840932130814, 0.03611826151609421, 0.03209737688302994]"
crop,object,369,574,574,1,0.9900631308555603,"[574, 956, 952, 417, 641]","[0.9900631308555603, 0.0018268465064466, 0.0008126366883516312, 0.0007001499179750681, 0.0006918939761817455]"
crop,object,370,172,88,0,0.3457966148853302,"[88, 350, 51, 354, 349]","[0.3457966148853302, 0.11799238622188568, 0.08331338316202164, 0.05859559029340744, 0.04623610898852348]"
crop,object,371,428,47,0,0.36087432503700256,"[47, 141, 140, 142, 303]","[0.36087432503700256, 0.0948508083820343, 0.08828984946012497, 0.08072762936353683, 0.05042443424463272]"
crop,object,372,277,701,0,0.18176811933517456,"[701, 94, 73, 309, 679]","[0.18176811933517456, 0.04341837763786316, 0.04130090773105621, 0.037205323576927185, 0.02712094970047474]"
crop,object,373,209,350,0,0.29509401321411133,"[350, 349, 348, 354, 51]","[0.29509401321411133, 0.2857927083969116, 0.19737260043621063, 0.11467801779508591, 0.030269309878349304]"
crop,object,374,575,575,1,0.19711598753929138,"[575, 812, 895, 404, 755]","[0.19711598753929138, 0.14591501653194427, 0.13970525562763214, 0.09125878661870956, 0.044767651706933975]"
crop,object,375,958,958,1,0.6679966449737549,"[958, 86, 136, 100, 533]","[0.6679966449737549, 0.05176856741309166, 0.03272334486246109, 0.025997677817940712, 0.02526889741420746]"
crop,object,376,340,783,0,0.2663172781467438,"[783, 701, 340, 308, 490]","[0.2663172781467438, 0.10765230655670166, 0.05428775027394295, 0.03420206159353256, 0.02826298400759697]"
crop,object,377,191,73,0,0.12200972437858582,"[73, 112, 677, 66, 488]","[0.12200972437858582, 0.08003383129835129, 0.0426596999168396, 0.041479527950286865, 0.04107881709933281]"
crop,object,378,232,239,0,0.2665817141532898,"[239, 240, 217, 155, 152]","[0.2665817141532898, 0.19573448598384857, 0.14146926999092102, 0.054314326494932175, 0.04467714950442314]"
crop,object,379,352,38,0,0.23099516332149506,"[38, 584, 317, 112, 71]","[0.23099516332149506, 0.09026364982128143, 0.06784509122371674, 0.06233072280883789, 0.03836793825030327]"
crop,object,380,373,298,0,0.36814427375793457,"[298, 94, 357, 373, 181]","[0.36814427375793457, 0.21143750846385956, 0.05145895108580589, 0.031164376065135002, 0.029592351987957954]"
crop,object,381,353,895,0,0.19215260446071625,"[895, 405, 312, 744, 310]","[0.19215260446071625, 0.05310517176985741, 0.03701089322566986, 0.03360424190759659, 0.0263522956520319]"
crop,object,382,888,888,1,0.704961895942688,"[888, 858, 783, 649, 525]","[0.704961895942688, 0.03570517152547836, 0.03142642602324486, 0.02930072322487831, 0.02109239622950554]"
crop,object,383,286,94,0,0.28381985425949097,"[94, 21, 316, 318, 140]","[0.28381985425949097, 0.24627628922462463, 0.12681159377098083, 0.06536191701889038, 0.04130356386303902]"
crop,object,384,299,299,1,0.8595839738845825,"[299, 298, 182, 364, 285]","[0.8595839738845825, 0.08309801667928696, 0.01289789192378521, 0.006028337869793177, 0.002760472008958459]"
crop,object,385,350,94,0,0.8197007775306702,"[94, 21, 22, 16, 24]","[0.8197007775306702, 0.0928017869591713, 0.022319335490465164, 0.00884692370891571, 0.0060029411688447]"
crop,object,386,143,143,1,0.827984094619751,"[143, 136, 93, 137, 20]","[0.827984094619751, 0.028849225491285324, 0.013329872861504555, 0.012713522650301456, 0.010906513780355453]"
crop,object,387,336,94,0,0.5942052602767944,"[94, 21, 141, 783, 22]","[0.5942052602767944, 0.02873976342380047, 0.02290077693760395, 0.019290972501039505, 0.018798792734742165]"
crop,object,388,353,315,0,0.1787019968032837,"[315, 129, 51, 94, 21]","[0.1787019968032837, 0.1457052379846573, 0.11426647007465363, 0.08575761318206787, 0.044343601912260056]"
crop,object,389,305,306,0,0.3589180111885071,"[306, 300, 302, 305, 307]","[0.3589180111885071, 0.307612806558609, 0.09468868374824524, 0.048087041825056076, 0.04122535139322281]"
crop,object,390,349,348,0,0.486665815114975,"[348, 349, 350, 286, 22]","[0.486665815114975, 0.3445042073726654, 0.08178152143955231, 0.009454067796468735, 0.008297259919345379]"
crop,object,391,11,301,0,0.14744296669960022,"[301, 22, 10, 405, 701]","[0.14744296669960022, 0.13912516832351685, 0.11707115918397903, 0.07970710098743439, 0.06876976788043976]"
crop,object,392,26,316,0,0.08533184975385666,"[316, 307, 305, 306, 94]","[0.08533184975385666, 0.0721912607550621, 0.06667215377092361, 0.05118951201438904, 0.04022013023495674]"
crop,object,393,336,316,0,0.339299738407135,"[316, 73, 840, 24, 94]","[0.339299738407135, 0.03284847363829613, 0.029952863231301308, 0.02844839356839657, 0.02821085974574089]"
crop,object,394,79,310,0,0.16734850406646729,"[310, 303, 79, 319, 315]","[0.16734850406646729, 0.11850523203611374, 0.10050399601459503, 0.09412114322185516, 0.037511713802814484]"
crop,object,395,63,60,0,0.22346529364585876,"[60, 821, 58, 53, 62]","[0.22346529364585876, 0.13601505756378174, 0.08893804252147675, 0.08203348517417908, 0.07250968366861343]"
crop,object,396,349,309,0,0.2940869629383087,"[309, 317, 119, 21, 22]","[0.2940869629383087, 0.2456624060869217, 0.09634380787611008, 0.044643741101026535, 0.03914355859160423]"
crop,object,397,17,10,0,0.38669827580451965,"[10, 98, 17, 59, 11]","[0.38669827580451965, 0.09216433763504028, 0.06393077969551086, 0.04265882447361946, 0.03294237703084946]"
crop,object,398,354,350,0,0.5006505846977234,"[350, 354, 336, 298, 342]","[0.5006505846977234, 0.12627212703227997, 0.054850660264492035, 0.04509715735912323, 0.034705303609371185]"
crop,object,399,172,172,1,0.28092074394226074,"[172, 276, 275, 16, 10]","[0.28092074394226074, 0.16751396656036377, 0.08193812519311905, 0.055005934089422226, 0.04998117685317993]"
crop,object,400,390,111,0,0.6072013974189758,"[111, 59, 774, 133, 420]","[0.6072013974189758, 0.26344943046569824, 0.013311752118170261, 0.012545332312583923, 0.010791159234941006]"
crop,object,401,42,86,0,0.05586513131856918,"[86, 129, 94, 22, 488]","[0.05586513131856918, 0.046509988605976105, 0.043709300458431244, 0.035914354026317596, 0.03344740718603134]"
crop,object,402,251,293,0,0.37072277069091797,"[293, 251, 679, 140, 288]","[0.37072277069091797, 0.10076900571584702, 0.07681858539581299, 0.05349193513393402, 0.030415978282690048]"
crop,object,403,13,10,0,0.5730382204055786,"[10, 13, 11, 12, 140]","[0.5730382204055786, 0.2909616231918335, 0.01764615625143051, 0.013538116589188576, 0.010892600752413273]"
crop,object,404,139,139,1,0.9997838139533997,"[139, 140, 99, 81, 143]","[0.9997838139533997, 0.00010872438724618405, 2.2200989405973814e-05, 1.2320903806539718e-05, 1.0992331226589158e-05]"
crop,object,405,336,170,0,0.1617554873228073,"[170, 362, 336, 19, 169]","[0.1617554873228073, 0.1590975672006607, 0.11022122204303741, 0.10380833595991135, 0.040392737835645676]"
crop,object,406,277,94,0,0.24432700872421265,"[94, 112, 282, 276, 356]","[0.24432700872421265, 0.04435078799724579, 0.03244141861796379, 0.030138980597257614, 0.027768747881054878]"
crop,object,407,375,128,0,0.12584133446216583,"[128, 362, 21, 18, 143]","[0.12584133446216583, 0.0707952156662941, 0.058575429022312164, 0.058311574161052704, 0.048375293612480164]"
crop,object,408,26,44,0,0.13403615355491638,"[44, 60, 26, 94, 350]","[0.13403615355491638, 0.0843648836016655, 0.07690269500017166, 0.043581388890743256, 0.04275565221905708]"
crop,object,409,295,17,0,0.09217555075883865,"[17, 18, 490, 375, 13]","[0.09217555075883865, 0.07634112238883972, 0.07144367694854736, 0.04176308214664459, 0.04006725549697876]"
crop,object,410,674,319,0,0.8063463568687439,"[319, 316, 674, 308, 321]","[0.8063463568687439, 0.07830017060041428, 0.019323568791151047, 0.009297476150095463, 0.007178874686360359]"
crop,object,411,57,488,0,0.312310129404068,"[488, 59, 41, 679, 57]","[0.312310129404068, 0.2688409984111786, 0.09918897598981857, 0.0584176741540432, 0.054609715938568115]"
crop,object,412,59,828,0,0.10322362184524536,"[828, 679, 836, 59, 752]","[0.10322362184524536, 0.08927442878484726, 0.04963485524058342, 0.04756151884794235, 0.04506973922252655]"
crop,object,413,357,357,1,0.24429336190223694,"[357, 43, 298, 568, 299]","[0.24429336190223694, 0.22692883014678955, 0.1019347608089447, 0.06897342950105667, 0.06433183699846268]"
crop,object,414,336,94,0,0.4499150216579437,"[94, 298, 677, 783, 42]","[0.4499150216579437, 0.13574853539466858, 0.04892360791563988, 0.045532938092947006, 0.029809586703777313]"
crop,object,415,86,86,1,0.5643134117126465,"[86, 650, 518, 679, 429]","[0.5643134117126465, 0.08861041814088821, 0.04022972285747528, 0.02627084217965603, 0.022879160940647125]"
crop,object,416,62,57,0,0.34947144985198975,"[57, 44, 679, 60, 42]","[0.34947144985198975, 0.06269868463277817, 0.058665186166763306, 0.04696868732571602, 0.04429521784186363]"
crop,object,417,677,718,0,0.1073596253991127,"[718, 319, 753, 313, 128]","[0.1073596253991127, 0.07233670353889465, 0.031692828983068466, 0.02900359407067299, 0.023153945803642273]"
crop,object,418,387,98,0,0.15130871534347534,"[98, 356, 357, 298, 128]","[0.15130871534347534, 0.10941701382398605, 0.09137227386236191, 0.07595027983188629, 0.047384731471538544]"
crop,object,419,85,783,0,0.14548544585704803,"[783, 85, 21, 141, 22]","[0.14548544585704803, 0.13093635439872742, 0.06605219095945358, 0.058074261993169785, 0.05427204817533493]"
crop,object,420,544,67,0,0.07741138339042664,"[67, 956, 60, 66, 36]","[0.07741138339042664, 0.0629490539431572, 0.05467090755701065, 0.05252457410097122, 0.04684896767139435]"
crop,object,421,77,51,0,0.3003838360309601,"[51, 47, 616, 16, 12]","[0.3003838360309601, 0.1325194388628006, 0.11539344489574432, 0.06283742189407349, 0.04542601481080055]"
crop,object,422,357,135,0,0.1923198699951172,"[135, 21, 23, 94, 783]","[0.1923198699951172, 0.11976618319749832, 0.0708625540137291, 0.050286803394556046, 0.04528966546058655]"
crop,object,423,383,650,0,0.06248009204864502,"[650, 783, 63, 679, 43]","[0.06248009204864502, 0.04877132177352905, 0.04818877950310707, 0.046824533492326736, 0.044473759829998016]"
crop,object,424,277,21,0,0.2868494689464569,"[21, 92, 94, 129, 298]","[0.2868494689464569, 0.17958800494670868, 0.16659192740917206, 0.06194078549742699, 0.027144910767674446]"
crop,object,425,803,517,0,0.10126865655183792,"[517, 491, 699, 790, 803]","[0.10126865655183792, 0.07239934056997299, 0.06947360187768936, 0.0690726637840271, 0.062436770647764206]"
crop,object,426,792,812,0,0.20647397637367249,"[812, 677, 668, 456, 748]","[0.20647397637367249, 0.12663736939430237, 0.08628253638744354, 0.0634978860616684, 0.03775618225336075]"
crop,object,427,795,405,0,0.26983845233917236,"[405, 138, 324, 129, 908]","[0.26983845233917236, 0.06629465520381927, 0.03466011956334114, 0.03410932794213295, 0.03323037549853325]"
crop,object,428,83,83,1,0.1975318342447281,"[83, 490, 679, 282, 397]","[0.1975318342447281, 0.11785146594047546, 0.06478557735681534, 0.039008624851703644, 0.03876885399222374]"
crop,object,429,24,308,0,0.12452680617570877,"[308, 316, 94, 42, 783]","[0.12452680617570877, 0.10761193931102753, 0.08663453161716461, 0.06675662845373154, 0.03476670756936073]"
crop,object,430,802,802,1,0.34690532088279724,"[802, 316, 308, 303, 119]","[0.34690532088279724, 0.08376643806695938, 0.04858679324388504, 0.04369886964559555, 0.037264976650476456]"
crop,object,431,491,783,0,0.07882906496524811,"[783, 78, 701, 405, 120]","[0.07882906496524811, 0.06236742436885834, 0.059872668236494064, 0.048782091587781906, 0.027980651706457138]"
crop,object,432,277,94,0,0.328817754983902,"[94, 26, 10, 21, 319]","[0.328817754983902, 0.14172951877117157, 0.056220993399620056, 0.05607892945408821, 0.05254355072975159]"
crop,object,433,802,802,1,0.5660415291786194,"[802, 895, 80, 770, 98]","[0.5660415291786194, 0.059096332639455795, 0.033479996025562286, 0.026655469089746475, 0.017262468114495277]"
crop,object,434,802,802,1,0.21657928824424744,"[802, 783, 895, 560, 413]","[0.21657928824424744, 0.14557969570159912, 0.12594608962535858, 0.0539093054831028, 0.047015465795993805]"
crop,object,435,516,516,1,0.2599051892757416,"[516, 492, 519, 500, 868]","[0.2599051892757416, 0.1576051414012909, 0.11497640609741211, 0.06562492251396179, 0.04776981100440025]"
crop,object,436,13,13,1,0.9416300058364868,"[13, 10, 16, 19, 17]","[0.9416300058364868, 0.04941383749246597, 0.002747225807979703, 0.0018122813198715448, 0.0009111427934840322]"
crop,object,437,296,296,1,0.8635441660881042,"[296, 257, 89, 270, 129]","[0.8635441660881042, 0.03092768043279648, 0.025700664147734642, 0.023914586752653122, 0.009437025524675846]"
crop,object,438,425,425,1,0.31773248314857483,"[425, 405, 701, 549, 812]","[0.31773248314857483, 0.07553346455097198, 0.053042326122522354, 0.023535123094916344, 0.022677570581436157]"
crop,object,439,223,405,0,0.1290159672498703,"[405, 21, 783, 22, 701]","[0.1290159672498703, 0.11337975412607193, 0.09809056669473648, 0.055032819509506226, 0.053006574511528015]"
crop,object,440,795,94,0,0.11157020181417465,"[94, 141, 553, 405, 744]","[0.11157020181417465, 0.07148651778697968, 0.06112682819366455, 0.0424889400601387, 0.038140103220939636]"
crop,object,441,13,94,0,0.3566775918006897,"[94, 10, 9, 13, 354]","[0.3566775918006897, 0.1118968203663826, 0.07036612182855606, 0.06992307305335999, 0.05123908817768097]"
crop,object,442,227,237,0,0.20305012166500092,"[237, 225, 350, 236, 178]","[0.20305012166500092, 0.111051544547081, 0.09618476778268814, 0.09061715006828308, 0.06886705011129379]"
crop,object,443,867,898,0,0.1004759818315506,"[898, 592, 767, 446, 478]","[0.1004759818315506, 0.07920413464307785, 0.05225776135921478, 0.02839597314596176, 0.02600691467523575]"
crop,object,444,232,19,0,0.3084070384502411,"[19, 552, 232, 22, 217]","[0.3084070384502411, 0.21638555824756622, 0.11060212552547455, 0.08547590672969818, 0.04419688507914543]"
crop,object,445,795,120,0,0.1382269561290741,"[120, 79, 895, 21, 139]","[0.1382269561290741, 0.08605176210403442, 0.044857364147901535, 0.03308609873056412, 0.029390206560492516]"
crop,object,446,81,127,0,0.31634721159935,"[127, 81, 129, 701, 22]","[0.31634721159935, 0.25867196917533875, 0.16009388864040375, 0.045915987342596054, 0.04256992042064667]"
crop,object,447,238,237,0,0.18942436575889587,"[237, 234, 21, 240, 725]","[0.18942436575889587, 0.1713963896036148, 0.09518743306398392, 0.0540531687438488, 0.038130152970552444]"
crop,object,448,296,178,0,0.28217923641204834,"[178, 356, 89, 374, 850]","[0.28217923641204834, 0.11568724364042282, 0.057507794350385666, 0.05249534174799919, 0.04267434403300285]"
crop,object,449,172,172,1,0.45472970604896545,"[172, 350, 134, 51, 351]","[0.45472970604896545, 0.10601875931024551, 0.07753399014472961, 0.047287002205848694, 0.02756858617067337]"
crop,object,450,178,351,0,0.2510591149330139,"[351, 10, 159, 350, 178]","[0.2510591149330139, 0.09717166423797607, 0.0726061537861824, 0.05952409654855728, 0.05450186878442764]"
crop,object,451,803,625,0,0.20559221506118774,"[625, 908, 895, 845, 628]","[0.20559221506118774, 0.09236856549978256, 0.08899049460887909, 0.05429987236857414, 0.05326894670724869]"
crop,object,452,331,138,0,0.35712727904319763,"[138, 131, 87, 141, 136]","[0.35712727904319763, 0.3082134425640106, 0.04194139316678047, 0.03297579288482666, 0.030978305265307426]"
crop,object,453,292,883,0,0.2803066670894623,"[883, 793, 87, 697, 616]","[0.2803066670894623, 0.13618247210979462, 0.10716225951910019, 0.06463688611984253, 0.04234658554196358]"
crop,object,454,787,89,0,0.3363935053348541,"[89, 701, 845, 812, 405]","[0.3363935053348541, 0.2254772186279297, 0.06378068029880524, 0.04736461117863655, 0.030416440218687057]"
crop,object,455,231,277,0,0.2983928918838501,"[277, 356, 94, 21, 10]","[0.2983928918838501, 0.16037574410438538, 0.15939712524414062, 0.03335453197360039, 0.02849268913269043]"
crop,object,456,81,81,1,0.859770655632019,"[81, 129, 86, 20, 131]","[0.859770655632019, 0.0433976911008358, 0.01675986871123314, 0.014266153797507286, 0.0035751538816839457]"
crop,object,457,803,609,0,0.16336137056350708,"[609, 895, 595, 586, 803]","[0.16336137056350708, 0.11692337691783905, 0.08333257585763931, 0.06076627969741821, 0.05192883312702179]"
crop,object,458,792,812,0,0.2030981034040451,"[812, 405, 845, 701, 540]","[0.2030981034040451, 0.15712520480155945, 0.08258844912052155, 0.05064069479703903, 0.04676464945077896]"
crop,object,459,654,609,0,0.2621292769908905,"[609, 654, 864, 751, 584]","[0.2621292769908905, 0.11771903187036514, 0.03456825017929077, 0.033901285380125046, 0.030360396951436996]"
crop,object,460,170,13,0,0.1615109145641327,"[13, 9, 21, 676, 11]","[0.1615109145641327, 0.07467231154441833, 0.06619620323181152, 0.06321047246456146, 0.0452958382666111]"
crop,object,461,199,22,0,0.48776426911354065,"[22, 199, 21, 23, 183]","[0.48776426911354065, 0.18520188331604004, 0.06855084747076035, 0.03463772311806679, 0.03307589143514633]"
crop,object,462,795,120,0,0.3077157437801361,"[120, 34, 405, 783, 319]","[0.3077157437801361, 0.06177397444844246, 0.03160575032234192, 0.024482669308781624, 0.02388947643339634]"
crop,object,463,802,321,0,0.10387516766786575,"[321, 802, 308, 518, 783]","[0.10387516766786575, 0.0753353089094162, 0.049814995378255844, 0.04090690612792969, 0.038788747042417526]"
crop,object,464,198,21,0,0.3658725917339325,"[21, 9, 196, 898, 181]","[0.3658725917339325, 0.2096514105796814, 0.048059914261102676, 0.037552379071712494, 0.034638646990060806]"
crop,object,465,209,350,0,0.8430811166763306,"[350, 349, 889, 348, 21]","[0.8430811166763306, 0.011381329037249088, 0.009232645854353905, 0.009085351601243019, 0.008524944074451923]"
crop,object,466,247,126,0,0.28153637051582336,"[126, 783, 155, 650, 845]","[0.28153637051582336, 0.11857686191797256, 0.06471440941095352, 0.05018145591020584, 0.0331154502928257]"
crop,object,467,224,244,0,0.36523932218551636,"[244, 22, 379, 256, 378]","[0.36523932218551636, 0.1863381415605545, 0.11452359706163406, 0.03911033272743225, 0.03042205609381199]"
crop,object,468,258,258,1,0.6016563177108765,"[258, 452, 869, 248, 81]","[0.6016563177108765, 0.08588778227567673, 0.03536573424935341, 0.02425733022391796, 0.01689412258565426]"
crop,object,469,13,13,1,0.8822618126869202,"[13, 94, 10, 98, 309]","[0.8822618126869202, 0.07712360471487045, 0.011839860118925571, 0.005274539347738028, 0.0035929742734879255]"
crop,object,470,339,88,0,0.1201644092798233,"[88, 92, 354, 339, 417]","[0.1201644092798233, 0.06246300786733627, 0.05392669886350632, 0.051324885338544846, 0.04551805555820465]"
crop,object,471,888,888,1,0.6360286474227905,"[888, 718, 821, 858, 873]","[0.6360286474227905, 0.17832361161708832, 0.06063077598810196, 0.020551804453134537, 0.011633173562586308]"
crop,object,472,258,189,0,0.18443827331066132,"[189, 270, 203, 266, 258]","[0.18443827331066132, 0.14129213988780975, 0.10780465602874756, 0.0848328173160553, 0.04312718287110329]"
crop,object,473,792,783,0,0.16149713099002838,"[783, 677, 405, 138, 303]","[0.16149713099002838, 0.09520591795444489, 0.0706755742430687, 0.03710300475358963, 0.03492860123515129]"
crop,object,474,792,94,0,0.09134794771671295,"[94, 22, 744, 129, 21]","[0.09134794771671295, 0.08661212772130966, 0.06577124446630478, 0.06029030680656433, 0.05021514743566513]"
crop,object,475,346,350,0,0.30151787400245667,"[350, 348, 94, 21, 51]","[0.30151787400245667, 0.11811190843582153, 0.08643773198127747, 0.05635789781808853, 0.04199197515845299]"
crop,object,476,671,892,0,0.17422109842300415,"[892, 600, 671, 870, 880]","[0.17422109842300415, 0.1525922417640686, 0.06867790222167969, 0.06481558829545975, 0.047127678990364075]"
crop,object,477,724,540,0,0.1764695644378662,"[540, 628, 772, 724, 843]","[0.1764695644378662, 0.10876081883907318, 0.09362990409135818, 0.06215032562613487, 0.05606862157583237]"
crop,object,478,394,394,1,0.3569115996360779,"[394, 679, 755, 21, 895]","[0.3569115996360779, 0.10276230424642563, 0.059821419417858124, 0.04022238403558731, 0.03368920832872391]"
crop,object,479,672,701,0,0.7031724452972412,"[701, 417, 120, 71, 560]","[0.7031724452972412, 0.05503350868821144, 0.053478341549634933, 0.028087493032217026, 0.01956574246287346]"
crop,object,480,289,86,0,0.3398558795452118,"[86, 82, 140, 133, 142]","[0.3398558795452118, 0.22750094532966614, 0.2083835005760193, 0.03848741576075554, 0.020575659349560738]"
crop,object,481,818,828,0,0.24281562864780426,"[828, 818, 727, 759, 618]","[0.24281562864780426, 0.11806248128414154, 0.06204592436552048, 0.049626514315605164, 0.0490245446562767]"
crop,object,482,853,913,0,0.44094258546829224,"[913, 143, 425, 136, 853]","[0.44094258546829224, 0.07469622790813446, 0.07427280396223068, 0.04371826350688934, 0.02616724744439125]"
crop,object,483,239,22,0,0.6567238569259644,"[22, 16, 214, 232, 21]","[0.6567238569259644, 0.07693290710449219, 0.06719440966844559, 0.03372874855995178, 0.0257650688290596]"
crop,object,484,425,425,1,0.4482428729534149,"[425, 449, 839, 698, 580]","[0.4482428729534149, 0.23695647716522217, 0.03287256881594658, 0.022456709295511246, 0.01752464659512043]"
crop,object,485,355,127,0,0.5733055472373962,"[127, 21, 16, 19, 299]","[0.5733055472373962, 0.08816240727901459, 0.07903332263231277, 0.03735346347093582, 0.03588559851050377]"
crop,object,486,863,863,1,0.9797198176383972,"[863, 791, 442, 517, 981]","[0.9797198176383972, 0.004139210097491741, 0.0020787331741303205, 0.001273846486583352, 0.0011404886608943343]"
crop,object,487,349,895,0,0.1268487274646759,"[895, 405, 701, 679, 120]","[0.1268487274646759, 0.11654716730117798, 0.09076274931430817, 0.05237242951989174, 0.04393637552857399]"
crop,object,488,703,769,0,0.14145858585834503,"[769, 783, 781, 718, 745]","[0.14145858585834503, 0.07708144187927246, 0.07207699120044708, 0.04056316986680031, 0.03798484057188034]"
crop,object,489,425,425,1,0.5421811938285828,"[425, 510, 449, 668, 832]","[0.5421811938285828, 0.08321559429168701, 0.07930505275726318, 0.04836299270391464, 0.0343313105404377]"
crop,object,490,795,913,0,0.1603289395570755,"[913, 812, 510, 319, 755]","[0.1603289395570755, 0.05838625505566597, 0.041302889585494995, 0.031037209555506706, 0.029691476374864578]"
crop,object,491,690,64,0,0.19379708170890808,"[64, 730, 354, 488, 513]","[0.19379708170890808, 0.0583847314119339, 0.050320230424404144, 0.04544803500175476, 0.03835175186395645]"
crop,object,492,672,672,1,0.32372862100601196,"[672, 749, 315, 92, 70]","[0.32372862100601196, 0.18515610694885254, 0.08763020485639572, 0.08176496624946594, 0.034388162195682526]"
crop,object,493,671,600,0,0.11735858023166656,"[600, 306, 772, 512, 513]","[0.11735858023166656, 0.08944737166166306, 0.08068452775478363, 0.06678757816553116, 0.052148595452308655]"
crop,object,494,81,81,1,0.40562915802001953,"[81, 140, 141, 139, 50]","[0.40562915802001953, 0.18342885375022888, 0.09639793634414673, 0.07068447768688202, 0.018546463921666145]"
crop,object,495,733,600,0,0.13590507209300995,"[600, 677, 733, 488, 812]","[0.13590507209300995, 0.12323986738920212, 0.06898002326488495, 0.047353990375995636, 0.046196773648262024]"
crop,object,496,672,672,1,0.5073457360267639,"[672, 129, 144, 749, 425]","[0.5073457360267639, 0.13937021791934967, 0.04635735973715782, 0.03883169963955879, 0.02285335771739483]"
crop,object,497,795,120,0,0.05143459886312485,"[120, 405, 141, 34, 783]","[0.05143459886312485, 0.036857958883047104, 0.031105011701583862, 0.029242467135190964, 0.026918092742562294]"
crop,object,498,663,513,0,0.28730520606040955,"[513, 679, 913, 895, 510]","[0.28730520606040955, 0.1418467015028, 0.055825721472501755, 0.046305738389492035, 0.0438765250146389]"
crop,object,499,705,583,0,0.07778985798358917,"[583, 517, 558, 421, 676]","[0.07778985798358917, 0.04215599596500397, 0.021228771656751633, 0.02038915641605854, 0.018779028207063675]"
crop,object,500,675,767,0,0.33333519101142883,"[767, 592, 692, 720, 455]","[0.33333519101142883, 0.24638581275939941, 0.018078375607728958, 0.015491941943764687, 0.015045104548335075]"
crop,object,501,404,404,1,0.9890101552009583,"[404, 895, 908, 405, 812]","[0.9890101552009583, 0.005310430191457272, 0.005012341775000095, 0.0004945238470099866, 0.00010255997040076181]"
crop,object,502,609,755,0,0.10497763007879257,"[755, 321, 513, 783, 699]","[0.10497763007879257, 0.0934138372540474, 0.05410775542259216, 0.052340131253004074, 0.04698370397090912]"
crop,object,503,672,701,0,0.8750830888748169,"[701, 417, 560, 393, 783]","[0.8750830888748169, 0.020514963194727898, 0.015555755235254765, 0.013099835254251957, 0.009840578772127628]"
crop,object,504,915,915,1,0.8786746263504028,"[915, 727, 538, 807, 289]","[0.8786746263504028, 0.07622413337230682, 0.013258660212159157, 0.0021133990958333015, 0.0013561408268287778]"
crop,object,505,336,350,0,0.8259811997413635,"[350, 348, 346, 345, 349]","[0.8259811997413635, 0.046314988285303116, 0.018184181302785873, 0.01453386526554823, 0.010117623023688793]"
crop,object,506,515,546,0,0.48413193225860596,"[546, 402, 701, 600, 488]","[0.48413193225860596, 0.1618000715970993, 0.05589747056365013, 0.02595958672463894, 0.02292761206626892]"
crop,object,507,425,425,1,0.8537712097167969,"[425, 449, 497, 718, 839]","[0.8537712097167969, 0.12249580025672913, 0.0031579926144331694, 0.0025406903587281704, 0.001787987886928022]"
crop,object,508,404,404,1,0.5877780914306641,"[404, 405, 769, 845, 488]","[0.5877780914306641, 0.16007211804389954, 0.04333687946200371, 0.027060609310865402, 0.008824116550385952]"
crop,object,509,724,724,1,0.2828812003135681,"[724, 711, 898, 916, 540]","[0.2828812003135681, 0.12250234931707382, 0.06251159310340881, 0.04001132771372795, 0.023212965577840805]"
crop,object,510,718,743,0,0.12883985042572021,"[743, 902, 893, 858, 398]","[0.12883985042572021, 0.10739624500274658, 0.09978814423084259, 0.09661989659070969, 0.08104684203863144]"
crop,object,511,671,488,0,0.06233808770775795,"[488, 512, 645, 783, 490]","[0.06233808770775795, 0.03667803481221199, 0.034810714423656464, 0.031200136989355087, 0.027938924729824066]"
crop,object,512,147,783,0,0.11615609377622604,"[783, 21, 94, 22, 677]","[0.11615609377622604, 0.11413277685642242, 0.10282344371080399, 0.10001474618911743, 0.07669670879840851]"
crop,object,513,484,484,1,0.5136932730674744,"[484, 812, 780, 835, 628]","[0.5136932730674744, 0.1344633251428604, 0.11433170735836029, 0.054066866636276245, 0.0377189926803112]"
crop,object,514,449,783,0,0.1471128910779953,"[783, 677, 405, 701, 767]","[0.1471128910779953, 0.08208596706390381, 0.034400757402181625, 0.034345097839832306, 0.023127183318138123]"
crop,object,515,842,405,0,0.2142055630683899,"[405, 783, 677, 744, 120]","[0.2142055630683899, 0.11074032634496689, 0.08690541982650757, 0.03889366611838341, 0.033883776515722275]"
crop,object,516,708,674,0,0.161909282207489,"[674, 519, 769, 835, 319]","[0.161909282207489, 0.14889489114284515, 0.14037734270095825, 0.08699469268321991, 0.0759839192032814]"
crop,object,517,393,600,0,0.1614103764295578,"[600, 677, 783, 772, 845]","[0.1614103764295578, 0.15322551131248474, 0.12799419462680817, 0.04344406723976135, 0.03460623696446419]"
crop,object,518,862,733,0,0.20232084393501282,"[733, 677, 862, 442, 583]","[0.20232084393501282, 0.07645320147275925, 0.04621107131242752, 0.041296735405921936, 0.03474515676498413]"
crop,object,519,625,625,1,0.9914754629135132,"[625, 554, 510, 724, 781]","[0.9914754629135132, 0.004967635031789541, 0.0008479321259073913, 0.0006236394983716309, 0.00035235597169958055]"
crop,object,520,977,895,0,0.13448110222816467,"[895, 513, 300, 783, 512]","[0.13448110222816467, 0.09153565764427185, 0.08755935728549957, 0.08084729313850403, 0.07808201014995575]"
crop,object,521,536,733,0,0.13530176877975464,"[733, 488, 600, 677, 517]","[0.13530176877975464, 0.042691927403211594, 0.03490407019853592, 0.03489205613732338, 0.028642455115914345]"
crop,object,522,472,405,0,0.18379835784435272,"[405, 120, 845, 898, 783]","[0.18379835784435272, 0.14890025556087494, 0.0358133502304554, 0.03328312188386917, 0.029674727469682693]"
crop,object,523,437,437,1,0.1682596504688263,"[437, 812, 442, 845, 711]","[0.1682596504688263, 0.08641999214887619, 0.04663000628352165, 0.04503316804766655, 0.042189519852399826]"
crop,object,524,393,701,0,0.2656978666782379,"[701, 301, 417, 393, 767]","[0.2656978666782379, 0.12229032814502716, 0.08198361098766327, 0.048508066684007645, 0.0414317362010479]"
crop,object,525,394,138,0,0.3663012385368347,"[138, 136, 141, 322, 78]","[0.3663012385368347, 0.06912638247013092, 0.06089843437075615, 0.028692491352558136, 0.027813879773020744]"
crop,object,526,147,43,0,0.17042675614356995,"[43, 21, 82, 22, 85]","[0.17042675614356995, 0.13173842430114746, 0.1286602020263672, 0.0759279876947403, 0.06000208854675293]"
crop,object,527,437,437,1,0.4593718647956848,"[437, 442, 733, 769, 708]","[0.4593718647956848, 0.32499900460243225, 0.03113343007862568, 0.030515622347593307, 0.02112610824406147]"
crop,object,528,373,298,0,0.12961679697036743,"[298, 364, 350, 336, 373]","[0.12961679697036743, 0.07688840478658676, 0.07422354817390442, 0.05757500231266022, 0.049955617636442184]"
crop,object,529,147,22,0,0.25483042001724243,"[22, 128, 127, 21, 783]","[0.25483042001724243, 0.06855405122041702, 0.06512720882892609, 0.0468304343521595, 0.045206744223833084]"
crop,object,530,143,94,0,0.7492271065711975,"[94, 21, 98, 140, 22]","[0.7492271065711975, 0.16145144402980804, 0.03911934792995453, 0.008406075648963451, 0.007100158371031284]"
crop,object,531,625,625,1,0.9593912363052368,"[625, 510, 668, 628, 554]","[0.9593912363052368, 0.017830954864621162, 0.0029774538706988096, 0.0029693327378481627, 0.002695375354960561]"
crop,object,532,833,510,0,0.14884619414806366,"[510, 812, 668, 625, 403]","[0.14884619414806366, 0.117390938103199, 0.0706075057387352, 0.06151384860277176, 0.060590893030166626]"
crop,object,533,403,510,0,0.20299206674098969,"[510, 683, 628, 558, 718]","[0.20299206674098969, 0.0967978686094284, 0.07911985367536545, 0.06125790625810623, 0.05482424795627594]"
crop,object,534,914,780,0,0.6371872425079346,"[780, 835, 484, 812, 914]","[0.6371872425079346, 0.06936395168304443, 0.05608062818646431, 0.043728988617658615, 0.029101794585585594]"
crop,object,535,484,733,0,0.11927532404661179,"[733, 845, 540, 517, 484]","[0.11927532404661179, 0.06369861960411072, 0.05768773704767227, 0.040375396609306335, 0.038617368787527084]"
crop,object,536,148,128,0,0.7935588955879211,"[128, 895, 908, 404, 129]","[0.7935588955879211, 0.03415270149707794, 0.027256576344370842, 0.025063207373023033, 0.01376438420265913]"
crop,object,537,554,628,0,0.20159000158309937,"[628, 812, 625, 510, 120]","[0.20159000158309937, 0.07508321106433868, 0.07092195749282837, 0.06967723369598389, 0.060313161462545395]"
crop,object,538,814,803,0,0.136539027094841,"[803, 625, 303, 316, 573]","[0.136539027094841, 0.10927820950746536, 0.08358029276132584, 0.07962679117918015, 0.04315642639994621]"
crop,object,539,983,976,0,0.4528684914112091,"[976, 972, 973, 970, 979]","[0.4528684914112091, 0.13627825677394867, 0.10744491964578629, 0.061571404337882996, 0.025279317051172256]"
crop,object,540,267,181,0,0.33717969059944153,"[181, 358, 267, 356, 229]","[0.33717969059944153, 0.08655073493719101, 0.06411846727132797, 0.05899360403418541, 0.04502400755882263]"
crop,object,541,625,625,1,0.5007336735725403,"[625, 701, 94, 405, 303]","[0.5007336735725403, 0.08798602223396301, 0.027730103582143784, 0.025654926896095276, 0.018209317699074745]"
crop,object,542,554,405,0,0.18779367208480835,"[405, 845, 812, 783, 120]","[0.18779367208480835, 0.06884514540433884, 0.04494452476501465, 0.043862201273441315, 0.03444286435842514]"
crop,object,543,554,889,0,0.13414962589740753,"[889, 420, 402, 421, 609]","[0.13414962589740753, 0.05566204711794853, 0.051376648247241974, 0.03908340632915497, 0.03593169525265694]"
crop,object,544,554,628,0,0.1791820228099823,"[628, 625, 913, 120, 698]","[0.1791820228099823, 0.05340634286403656, 0.03713470697402954, 0.029511695727705956, 0.026636525988578796]"
crop,object,545,625,625,1,0.41861623525619507,"[625, 628, 510, 319, 724]","[0.41861623525619507, 0.14168541133403778, 0.08049842715263367, 0.055521804839372635, 0.02734152413904667]"
crop,object,546,437,405,0,0.048484161496162415,"[405, 872, 128, 677, 701]","[0.048484161496162415, 0.04029134288430214, 0.031154178082942963, 0.03027588501572609, 0.029001716524362564]"
crop,object,547,146,87,0,0.046577293425798416,"[87, 350, 89, 516, 701]","[0.046577293425798416, 0.030527612194418907, 0.029273992404341698, 0.022839052602648735, 0.021884096786379814]"
crop,object,548,625,625,1,0.9838903546333313,"[625, 628, 442, 554, 538]","[0.9838903546333313, 0.004158575087785721, 0.003943569026887417, 0.002061988227069378, 0.0014901700196787715]"
crop,object,549,148,128,0,0.43485501408576965,"[128, 21, 34, 99, 22]","[0.43485501408576965, 0.058575455099344254, 0.04885372519493103, 0.04604125767946243, 0.03681955114006996]"
crop,object,550,914,812,0,0.5124691128730774,"[812, 668, 914, 834, 405]","[0.5124691128730774, 0.3462883234024048, 0.02075866051018238, 0.01315502543002367, 0.007180692162364721]"
crop,object,551,484,724,0,0.23970867693424225,"[724, 628, 540, 668, 812]","[0.23970867693424225, 0.09036926180124283, 0.08794957399368286, 0.06358896940946579, 0.060685399919748306]"
crop,object,552,484,484,1,0.32037851214408875,"[484, 517, 780, 871, 914]","[0.32037851214408875, 0.22708383202552795, 0.14181748032569885, 0.08138573169708252, 0.02248760499060154]"
crop,object,553,115,989,0,0.07556628435850143,"[989, 514, 618, 971, 883]","[0.07556628435850143, 0.06326088309288025, 0.04257800802588463, 0.04186396300792694, 0.04159204289317131]"
crop,object,554,775,701,0,0.24317194521427155,"[701, 645, 517, 614, 321]","[0.24317194521427155, 0.2308320701122284, 0.19269773364067078, 0.05826472118496895, 0.027093855664134026]"
crop,object,555,115,584,0,0.24946725368499756,"[584, 679, 397, 318, 38]","[0.24946725368499756, 0.21951380372047424, 0.07533606886863708, 0.04270043224096298, 0.034568339586257935]"
crop,object,556,484,871,0,0.4383965730667114,"[871, 484, 780, 812, 517]","[0.4383965730667114, 0.2508009970188141, 0.12785059213638306, 0.09311933815479279, 0.026827450841665268]"
crop,object,557,4,405,0,0.22673696279525757,"[405, 404, 908, 895, 812]","[0.22673696279525757, 0.12734860181808472, 0.09755091369152069, 0.09380082786083221, 0.03669065237045288]"
crop,object,558,983,983,1,0.3679846525192261,"[983, 701, 650, 457, 763]","[0.3679846525192261, 0.05743969976902008, 0.041868969798088074, 0.03510598838329315, 0.03500686213374138]"
crop,object,559,842,783,0,0.20242029428482056,"[783, 701, 767, 405, 677]","[0.20242029428482056, 0.07869794219732285, 0.05011534318327904, 0.047777820378541946, 0.0316113606095314]"
crop,object,560,115,679,0,0.6011057496070862,"[679, 321, 72, 506, 53]","[0.6011057496070862, 0.04531751200556755, 0.0389089360833168, 0.034613385796546936, 0.03438862785696983]"
crop,object,561,391,898,0,0.12649281322956085,"[898, 783, 650, 490, 708]","[0.12649281322956085, 0.06925704330205917, 0.06911260634660721, 0.056189388036727905, 0.04431008920073509]"
crop,object,562,123,316,0,0.30285409092903137,"[316, 309, 300, 73, 308]","[0.30285409092903137, 0.1630324423313141, 0.06569679081439972, 0.06282500177621841, 0.05522124841809273]"
crop,object,563,253,253,1,0.17688602209091187,"[253, 173, 180, 172, 242]","[0.17688602209091187, 0.10334450751543045, 0.07161065936088562, 0.04867706820368767, 0.04786207154393196]"
crop,object,564,484,484,1,0.3899848759174347,"[484, 780, 871, 404, 895]","[0.3899848759174347, 0.23947875201702118, 0.1474861204624176, 0.07691709697246552, 0.03889491409063339]"
crop,object,565,437,437,1,0.6735572218894958,"[437, 442, 900, 517, 733]","[0.6735572218894958, 0.12072979658842087, 0.02379540167748928, 0.010883362963795662, 0.009434103034436703]"
crop,object,566,148,120,0,0.08275914192199707,"[120, 128, 895, 22, 405]","[0.08275914192199707, 0.06069851666688919, 0.05911179259419441, 0.05722185969352722, 0.04522879794239998]"
crop,object,567,147,677,0,0.19880296289920807,"[677, 895, 764, 413, 128]","[0.19880296289920807, 0.10469558835029602, 0.05914922431111336, 0.05612146481871605, 0.04717681184411049]"
crop,object,568,148,80,0,0.15224310755729675,"[80, 895, 404, 908, 21]","[0.15224310755729675, 0.1257203370332718, 0.0741809830069542, 0.060273583978414536, 0.022570565342903137]"
crop,object,569,608,763,0,0.2122744917869568,"[763, 560, 793, 306, 701]","[0.2122744917869568, 0.12212787568569183, 0.051525816321372986, 0.047570858150720596, 0.022869523614645004]"
crop,object,570,62,783,0,0.15964601933956146,"[783, 677, 42, 405, 44]","[0.15964601933956146, 0.06763514131307602, 0.06709504127502441, 0.055241554975509644, 0.036116667091846466]"
crop,object,571,972,21,0,0.18740810453891754,"[21, 43, 321, 94, 22]","[0.18740810453891754, 0.08647891879081726, 0.043792422860860825, 0.035136524587869644, 0.034336697310209274]"
crop,object,572,139,701,0,0.07029463350772858,"[701, 679, 316, 53, 42]","[0.07029463350772858, 0.051292065531015396, 0.04872829094529152, 0.048651404678821564, 0.039676714688539505]"
crop,object,573,354,112,0,0.2533286511898041,"[112, 354, 956, 936, 938]","[0.2533286511898041, 0.1110985204577446, 0.08395350724458694, 0.06010635942220688, 0.04792192950844765]"
crop,object,574,140,141,0,0.1070055216550827,"[141, 42, 39, 293, 138]","[0.1070055216550827, 0.08048665523529053, 0.07504109293222427, 0.03645088151097298, 0.03101269342005253]"
crop,object,575,437,94,0,0.25366711616516113,"[94, 898, 442, 437, 616]","[0.25366711616516113, 0.06789321452379227, 0.0462443046271801, 0.04297935590147972, 0.03939660266041756]"
crop,object,576,529,677,0,0.14516286551952362,"[677, 405, 783, 772, 71]","[0.14516286551952362, 0.13729916512966156, 0.08483852446079254, 0.033766716718673706, 0.030803967267274857]"
crop,object,577,66,677,0,0.10755010694265366,"[677, 42, 78, 783, 68]","[0.10755010694265366, 0.06775332242250443, 0.04988214001059532, 0.040360841900110245, 0.03661639243364334]"
crop,object,578,511,817,0,0.4143299162387848,"[817, 511, 656, 407, 717]","[0.4143299162387848, 0.24111364781856537, 0.06704499572515488, 0.05762111023068428, 0.031394001096487045]"
crop,object,579,376,376,1,0.27728918194770813,"[376, 92, 129, 616, 21]","[0.27728918194770813, 0.12770327925682068, 0.05664864182472229, 0.053227849304676056, 0.035889752209186554]"
crop,object,580,404,404,1,0.5425591468811035,"[404, 405, 895, 812, 908]","[0.5425591468811035, 0.3446585237979889, 0.03559012711048126, 0.012471728026866913, 0.009606992825865746]"
crop,object,581,207,207,1,0.5004450678825378,"[207, 219, 202, 299, 186]","[0.5004450678825378, 0.28471457958221436, 0.03217007964849472, 0.02258090116083622, 0.020710770040750504]"
crop,object,582,33,138,0,0.13990749418735504,"[138, 98, 36, 33, 141]","[0.13990749418735504, 0.08391235768795013, 0.08163751661777496, 0.07199245691299438, 0.06791626662015915]"
crop,object,583,34,21,0,0.08585989475250244,"[21, 22, 128, 127, 895]","[0.08585989475250244, 0.08559982478618622, 0.044625718146562576, 0.0365116186439991, 0.03224198892712593]"
crop,object,584,112,112,1,0.449684202671051,"[112, 125, 952, 317, 924]","[0.449684202671051, 0.29332390427589417, 0.056058838963508606, 0.04692694544792175, 0.019800469279289246]"
crop,object,585,792,319,0,0.1104339137673378,"[319, 772, 303, 95, 94]","[0.1104339137673378, 0.09943456202745438, 0.06578318029642105, 0.06316877901554108, 0.06128370389342308]"
crop,object,586,172,352,0,0.10808822512626648,"[352, 92, 21, 88, 350]","[0.10808822512626648, 0.10368803888559341, 0.1000140905380249, 0.06403905898332596, 0.03582347556948662]"
crop,object,587,222,94,0,0.27778080105781555,"[94, 783, 89, 677, 298]","[0.27778080105781555, 0.1622840315103531, 0.06675729155540466, 0.05065503716468811, 0.03083183243870735]"
crop,object,588,140,21,0,0.11826467514038086,"[21, 22, 94, 677, 405]","[0.11826467514038086, 0.08386201411485672, 0.04109124839305878, 0.04005589708685875, 0.036896996200084686]"
crop,object,589,218,783,0,0.23034873604774475,"[783, 701, 21, 650, 306]","[0.23034873604774475, 0.22461435198783875, 0.07254821062088013, 0.057058826088905334, 0.05428757146000862]"
crop,object,590,459,783,0,0.17898191511631012,"[783, 405, 677, 22, 21]","[0.17898191511631012, 0.05928618088364601, 0.05913504958152771, 0.05568072572350502, 0.032917723059654236]"
crop,object,591,112,129,0,0.35640764236450195,"[129, 136, 143, 89, 21]","[0.35640764236450195, 0.1334277093410492, 0.059446949511766434, 0.05580621957778931, 0.0461454764008522]"
crop,object,592,609,513,0,0.20335271954536438,"[513, 784, 609, 694, 481]","[0.20335271954536438, 0.09438013285398483, 0.0721420869231224, 0.052781231701374054, 0.043806008994579315]"
crop,object,593,247,22,0,0.19577836990356445,"[22, 94, 21, 20, 98]","[0.19577836990356445, 0.1687871217727661, 0.0922008752822876, 0.050294190645217896, 0.049172814935445786]"
crop,object,594,354,354,1,0.8603863716125488,"[354, 944, 160, 291, 163]","[0.8603863716125488, 0.024738052859902382, 0.021312644705176353, 0.010027673095464706, 0.009313024580478668]"
crop,object,595,842,701,0,0.25118935108184814,"[701, 110, 433, 767, 719]","[0.25118935108184814, 0.18282346427440643, 0.07176778465509415, 0.06655626744031906, 0.04742714762687683]"
crop,object,596,232,22,0,0.19587023556232452,"[22, 87, 701, 9, 350]","[0.19587023556232452, 0.1948295682668686, 0.06126270815730095, 0.05246337503194809, 0.04304836317896843]"
crop,object,597,437,783,0,0.03063848800957203,"[783, 677, 872, 789, 648]","[0.03063848800957203, 0.026556093245744705, 0.02510899305343628, 0.018586328253149986, 0.016536328941583633]"
crop,object,598,386,616,0,0.1443917155265808,"[616, 568, 127, 9, 354]","[0.1443917155265808, 0.14236408472061157, 0.06904173642396927, 0.06845487654209137, 0.06820795685052872]"
crop,object,599,145,783,0,0.09764733910560608,"[783, 405, 22, 701, 677]","[0.09764733910560608, 0.06950704753398895, 0.05650987848639488, 0.043809350579977036, 0.02979464642703533]"
crop,object,600,193,191,0,0.5231908559799194,"[191, 175, 193, 235, 189]","[0.5231908559799194, 0.1278066635131836, 0.07960869371891022, 0.06103181838989258, 0.04663180187344551]"
crop,object,601,79,79,1,0.567920982837677,"[79, 22, 21, 310, 16]","[0.567920982837677, 0.10373300313949585, 0.052319008857011795, 0.04188151657581329, 0.03743623569607735]"
crop,object,602,139,139,1,0.9961444139480591,"[139, 140, 10, 98, 307]","[0.9961444139480591, 0.0005952100036665797, 0.0004953918396495283, 0.0002287454262841493, 0.00014104940055403858]"
crop,object,603,814,120,0,0.10670732706785202,"[120, 628, 10, 898, 711]","[0.10670732706785202, 0.06331410259008408, 0.04746568202972412, 0.03081073798239231, 0.029337730258703232]"
crop,object,604,765,765,1,0.671954333782196,"[765, 506, 313, 559, 421]","[0.671954333782196, 0.06075555831193924, 0.037460487335920334, 0.03634168952703476, 0.021881934255361557]"
crop,object,605,677,677,1,0.31145766377449036,"[677, 783, 417, 22, 600]","[0.31145766377449036, 0.20432554185390472, 0.02721770852804184, 0.026124291121959686, 0.021828964352607727]"
crop,object,606,792,744,0,0.1811445653438568,"[744, 677, 600, 733, 488]","[0.1811445653438568, 0.15554936230182648, 0.06335921585559845, 0.03631972149014473, 0.034381475299596786]"
crop,object,607,652,316,0,0.25148633122444153,"[316, 43, 303, 39, 652]","[0.25148633122444153, 0.16229252517223358, 0.14414606988430023, 0.06664328277111053, 0.035429373383522034]"
crop,object,608,707,442,0,0.26658371090888977,"[442, 409, 707, 898, 733]","[0.26658371090888977, 0.12363597005605698, 0.045149367302656174, 0.03674999251961708, 0.030772166326642036]"
crop,object,609,863,863,1,0.9947590231895447,"[863, 733, 568, 437, 126]","[0.9947590231895447, 0.0008847219287417829, 0.000826341740321368, 0.0006454105605371296, 0.0006244959076866508]"
crop,object,610,670,445,0,0.1365167796611786,"[445, 670, 560, 638, 801]","[0.1365167796611786, 0.10570438206195831, 0.10546965152025223, 0.050732411444187164, 0.050677865743637085]"
crop,object,611,439,744,0,0.241119384765625,"[744, 845, 920, 553, 677]","[0.241119384765625, 0.09312724322080612, 0.041326459497213364, 0.03609253466129303, 0.03592998906970024]"
crop,object,612,355,22,0,0.18506693840026855,"[22, 51, 100, 20, 221]","[0.18506693840026855, 0.08344794809818268, 0.03744136542081833, 0.028584657236933708, 0.026777910068631172]"
crop,object,613,319,319,1,0.20387369394302368,"[319, 303, 307, 584, 310]","[0.20387369394302368, 0.1686512529850006, 0.06424292176961899, 0.060874756425619125, 0.05509103462100029]"
crop,object,614,778,895,0,0.11475742608308792,"[895, 710, 778, 517, 812]","[0.11475742608308792, 0.11209960281848907, 0.04553152620792389, 0.044120948761701584, 0.04190270975232124]"
crop,object,615,958,98,0,0.09973711520433426,"[98, 141, 94, 142, 307]","[0.09973711520433426, 0.0741337388753891, 0.07377426326274872, 0.06797051429748535, 0.0665040910243988]"
crop,object,616,879,89,0,0.17194010317325592,"[89, 744, 405, 129, 812]","[0.17194010317325592, 0.143741637468338, 0.09582208842039108, 0.046276189386844635, 0.03897464647889137]"
crop,object,617,70,300,0,0.5563786029815674,"[300, 70, 303, 456, 843]","[0.5563786029815674, 0.3126446604728699, 0.09395194798707962, 0.023139655590057373, 0.001799160148948431]"
crop,object,618,471,135,0,0.3501978814601898,"[135, 22, 85, 21, 13]","[0.3501978814601898, 0.09416733682155609, 0.06170858070254326, 0.04945417866110802, 0.04381100833415985]"
crop,object,619,583,583,1,0.5021635293960571,"[583, 517, 442, 764, 780]","[0.5021635293960571, 0.09913954883813858, 0.07482803612947464, 0.07228758931159973, 0.06499901413917542]"
crop,object,620,792,677,0,0.19182085990905762,"[677, 600, 898, 783, 540]","[0.19182085990905762, 0.1475391536951065, 0.05383465066552162, 0.04141400754451752, 0.03489309921860695]"
crop,object,621,583,583,1,0.9023261070251465,"[583, 708, 442, 557, 846]","[0.9023261070251465, 0.0320366695523262, 0.01078597642481327, 0.007459657732397318, 0.005292152054607868]"
crop,object,622,7,572,0,0.16157664358615875,"[572, 7, 12, 21, 8]","[0.16157664358615875, 0.1317141354084015, 0.12982392311096191, 0.08194664120674133, 0.0674029141664505]"
crop,object,623,86,86,1,0.42465367913246155,"[86, 88, 82, 21, 94]","[0.42465367913246155, 0.24223141372203827, 0.02683466300368309, 0.021007580682635307, 0.02062695287168026]"
crop,object,624,919,919,1,0.34192031621932983,"[919, 781, 921, 481, 530]","[0.34192031621932983, 0.05140824615955353, 0.038145147264003754, 0.0343705490231514, 0.02991717867553234]"
crop,object,625,539,499,0,0.06618310511112213,"[499, 596, 846, 784, 767]","[0.06618310511112213, 0.06512000411748886, 0.03485551476478577, 0.034039080142974854, 0.033092040568590164]"
crop,object,626,287,285,0,0.180603489279747,"[285, 282, 140, 12, 21]","[0.180603489279747, 0.06938048452138901, 0.0668008029460907, 0.05529289320111275, 0.04402267187833786]"
crop,object,627,471,744,0,0.5300590991973877,"[744, 895, 657, 471, 404]","[0.5300590991973877, 0.19228874146938324, 0.09449094533920288, 0.09427221864461899, 0.06303302198648453]"
crop,object,628,513,513,1,0.6387056112289429,"[513, 772, 763, 512, 875]","[0.6387056112289429, 0.07456788420677185, 0.07236678153276443, 0.040735598653554916, 0.033837538212537766]"
crop,object,629,679,679,1,0.6517952680587769,"[679, 488, 319, 776, 616]","[0.6517952680587769, 0.33560889959335327, 0.0035529909655451775, 0.003236565738916397, 0.0009708261932246387]"
crop,object,630,426,426,1,0.718956708908081,"[426, 826, 778, 635, 892]","[0.718956708908081, 0.13249245285987854, 0.07136151939630508, 0.020503977313637733, 0.010645472444593906]"
crop,object,631,583,583,1,0.9576830267906189,"[583, 733, 863, 708, 442]","[0.9576830267906189, 0.00695376330986619, 0.005572350695729256, 0.003928779158741236, 0.0032963864505290985]"
crop,object,632,637,553,0,0.30076178908348083,"[553, 894, 637, 886, 480]","[0.30076178908348083, 0.2674591839313507, 0.08552243560552597, 0.02948903664946556, 0.028568018227815628]"
crop,object,633,571,571,1,0.4950087368488312,"[571, 707, 781, 754, 907]","[0.4950087368488312, 0.09600456804037094, 0.03906085714697838, 0.023339925333857536, 0.022467823699116707]"
crop,object,634,737,737,1,0.375624418258667,"[737, 440, 898, 442, 593]","[0.375624418258667, 0.25274279713630676, 0.2502594292163849, 0.023629220202565193, 0.008437656797468662]"
crop,object,635,463,503,0,0.24653972685337067,"[503, 647, 461, 883, 572]","[0.24653972685337067, 0.2241990715265274, 0.08826826512813568, 0.07507937401533127, 0.03436341881752014]"
crop,object,636,520,520,1,0.8042981028556824,"[520, 743, 516, 729, 525]","[0.8042981028556824, 0.034558381885290146, 0.032045092433691025, 0.025242064148187637, 0.02331196330487728]"
crop,object,637,458,458,1,0.8723666667938232,"[458, 922, 438, 921, 685]","[0.8723666667938232, 0.0428137332201004, 0.012713187374174595, 0.012471204623579979, 0.007748828735202551]"
crop,object,638,427,659,0,0.0787997618317604,"[659, 427, 913, 808, 828]","[0.0787997618317604, 0.060167811810970306, 0.047748666256666183, 0.047058019787073135, 0.047052279114723206]"
crop,object,639,651,481,0,0.2268964797258377,"[481, 771, 482, 767, 893]","[0.2268964797258377, 0.0874708816409111, 0.045435331761837006, 0.037106797099113464, 0.03587525337934494]"
crop,object,640,846,846,1,0.92927086353302,"[846, 619, 787, 405, 892]","[0.92927086353302, 0.011799630708992481, 0.005752572789788246, 0.005056608933955431, 0.0029608404729515314]"
crop,object,641,896,896,1,0.13557671010494232,"[896, 828, 606, 818, 861]","[0.13557671010494232, 0.07709973305463791, 0.07654213160276413, 0.060632675886154175, 0.05138908326625824]"
crop,object,642,45,307,0,0.09172984957695007,"[307, 45, 679, 308, 300]","[0.09172984957695007, 0.08456910401582718, 0.06221449002623558, 0.055840712040662766, 0.03929701820015907]"
crop,object,643,444,671,0,0.41095373034477234,"[671, 566, 444, 776, 828]","[0.41095373034477234, 0.10296894609928131, 0.08425289392471313, 0.02974328212440014, 0.028113413602113724]"
crop,object,644,224,224,1,0.9577481746673584,"[224, 256, 261, 205, 198]","[0.9577481746673584, 0.011080793105065823, 0.00869749765843153, 0.005943096708506346, 0.0030363027472049]"
crop,object,645,738,679,0,0.16026921570301056,"[679, 455, 10, 783, 898]","[0.16026921570301056, 0.023409461602568626, 0.022951573133468628, 0.013710742816329002, 0.013549501076340675]"
crop,object,646,495,583,0,0.4433770179748535,"[583, 799, 495, 827, 886]","[0.4433770179748535, 0.2887757420539856, 0.04607488214969635, 0.023987576365470886, 0.020113889127969742]"
crop,object,647,354,336,0,0.1970175951719284,"[336, 298, 371, 356, 299]","[0.1970175951719284, 0.10512064397335052, 0.05647507682442665, 0.0564589761197567, 0.04577243700623512]"
crop,object,648,315,313,0,0.49933841824531555,"[313, 70, 312, 311, 300]","[0.49933841824531555, 0.13618385791778564, 0.11676406115293503, 0.06580305099487305, 0.06139282137155533]"
crop,object,649,728,908,0,0.13697248697280884,"[908, 718, 839, 584, 681]","[0.13697248697280884, 0.0736146941781044, 0.06145009398460388, 0.0544140487909317, 0.04409448802471161]"
crop,object,650,715,22,0,0.06739656627178192,"[22, 405, 812, 141, 21]","[0.06739656627178192, 0.05149947479367256, 0.04495110362768173, 0.03302706032991409, 0.03141498565673828]"
crop,object,651,284,284,1,0.7853506207466125,"[284, 676, 235, 356, 227]","[0.7853506207466125, 0.03430404141545296, 0.01670537143945694, 0.014178137294948101, 0.01392904482781887]"
crop,object,652,295,136,0,0.624685525894165,"[136, 137, 13, 87, 100]","[0.624685525894165, 0.13402758538722992, 0.06933731585741043, 0.024531196802854538, 0.016335222870111465]"
crop,object,653,471,783,0,0.2170713096857071,"[783, 895, 471, 818, 650]","[0.2170713096857071, 0.07744915038347244, 0.04771876707673073, 0.04032657667994499, 0.03744521364569664]"
crop,object,654,665,665,1,0.6725637912750244,"[665, 758, 671, 513, 763]","[0.6725637912750244, 0.14240232110023499, 0.05452296510338783, 0.03989700600504875, 0.02780039794743061]"
crop,object,655,217,160,0,0.31316041946411133,"[160, 219, 217, 239, 218]","[0.31316041946411133, 0.20731908082962036, 0.16636376082897186, 0.036987658590078354, 0.03340527042746544]"
crop,object,656,775,775,1,0.9300038814544678,"[775, 578, 411, 735, 614]","[0.9300038814544678, 0.009986842051148415, 0.00994427502155304, 0.008404609747231007, 0.00807963591068983]"
crop,object,657,143,143,1,0.29982009530067444,"[143, 783, 120, 701, 321]","[0.29982009530067444, 0.08750670403242111, 0.07013646513223648, 0.05318610742688179, 0.033132992684841156]"
crop,object,658,806,546,0,0.28008559346199036,"[546, 679, 701, 650, 600]","[0.28008559346199036, 0.08290550112724304, 0.08253031224012375, 0.06304802000522614, 0.05954336002469063]"
crop,object,659,171,171,1,0.5782685875892639,"[171, 676, 178, 172, 151]","[0.5782685875892639, 0.14397194981575012, 0.06030059605836868, 0.018170492723584175, 0.014629853889346123]"
crop,object,660,637,553,0,0.15679985284805298,"[553, 892, 637, 412, 480]","[0.15679985284805298, 0.13734647631645203, 0.07556019723415375, 0.07394413650035858, 0.05538381636142731]"
crop,object,661,875,512,0,0.1457226276397705,"[512, 513, 679, 78, 600]","[0.1457226276397705, 0.12087561190128326, 0.10164408385753632, 0.0768580511212349, 0.07404771447181702]"
crop,object,662,614,614,1,0.9572155475616455,"[614, 697, 883, 775, 411]","[0.9572155475616455, 0.00715310825034976, 0.006026923190802336, 0.002749004168435931, 0.001923460396938026]"
crop,object,663,185,185,1,0.3330193758010864,"[185, 186, 182, 202, 193]","[0.3330193758010864, 0.12009500712156296, 0.10657945275306702, 0.06112946569919586, 0.05936058238148689]"
crop,object,664,583,583,1,0.6936657428741455,"[583, 882, 708, 744, 780]","[0.6936657428741455, 0.028163986280560493, 0.026932813227176666, 0.026046039536595345, 0.021640360355377197]"
crop,object,665,674,64,0,0.36754876375198364,"[64, 59, 674, 488, 60]","[0.36754876375198364, 0.05570375546813011, 0.04372606799006462, 0.03952748328447342, 0.03331226110458374]"
crop,object,666,198,198,1,0.565409243106842,"[198, 196, 170, 194, 177]","[0.565409243106842, 0.2806730568408966, 0.08250843733549118, 0.016146041452884674, 0.00978054478764534]"
crop,object,667,571,767,0,0.21534301340579987,"[767, 898, 600, 442, 440]","[0.21534301340579987, 0.07109817862510681, 0.05303817242383957, 0.0455847904086113, 0.041958168148994446]"
crop,object,668,870,758,0,0.11309964954853058,"[758, 528, 710, 759, 621]","[0.11309964954853058, 0.07583735883235931, 0.061682865023612976, 0.05844762921333313, 0.05593506619334221]"
crop,object,669,614,614,1,0.7825626134872437,"[614, 898, 552, 793, 903]","[0.7825626134872437, 0.017599165439605713, 0.016030363738536835, 0.01332025695592165, 0.012330695986747742]"
crop,object,670,822,783,0,0.4370979070663452,"[783, 845, 701, 784, 650]","[0.4370979070663452, 0.09294456988573074, 0.0640697330236435, 0.04456281289458275, 0.03110012598335743]"
crop,object,671,216,189,0,0.19196338951587677,"[189, 216, 202, 181, 218]","[0.19196338951587677, 0.16672693192958832, 0.1481938660144806, 0.12583613395690918, 0.05234331265091896]"
crop,object,672,209,202,0,0.42041686177253723,"[202, 219, 265, 266, 175]","[0.42041686177253723, 0.07868894189596176, 0.06312983483076096, 0.057629115879535675, 0.046056974679231644]"
crop,object,673,775,840,0,0.14856071770191193,"[840, 501, 645, 701, 775]","[0.14856071770191193, 0.11386407911777496, 0.08138048648834229, 0.07742863148450851, 0.07676426321268082]"
crop,object,674,559,913,0,0.2535851001739502,"[913, 677, 784, 895, 312]","[0.2535851001739502, 0.09185416996479034, 0.08548002690076828, 0.043321773409843445, 0.041973091661930084]"
crop,object,675,830,595,0,0.4426366090774536,"[595, 517, 730, 573, 895]","[0.4426366090774536, 0.08541230112314224, 0.04008852317929268, 0.03840930014848709, 0.028876636177301407]"
crop,object,676,532,405,0,0.10715048015117645,"[405, 517, 908, 404, 895]","[0.10715048015117645, 0.09663571417331696, 0.08161325752735138, 0.06759049743413925, 0.04648103564977646]"
crop,object,677,233,221,0,0.39309942722320557,"[221, 266, 265, 183, 233]","[0.39309942722320557, 0.2340983897447586, 0.19292253255844116, 0.04439918324351311, 0.02790951542556286]"
crop,object,678,765,765,1,0.571248471736908,"[765, 559, 583, 729, 398]","[0.571248471736908, 0.0749160572886467, 0.059742361307144165, 0.019627492874860764, 0.015324609354138374]"
crop,object,679,428,572,0,0.24494102597236633,"[572, 784, 759, 783, 763]","[0.24494102597236633, 0.07326028496026993, 0.054169125854969025, 0.039256658405065536, 0.03350669518113136]"
crop,object,680,765,783,0,0.17734475433826447,"[783, 513, 758, 512, 413]","[0.17734475433826447, 0.1187744289636612, 0.06644748151302338, 0.06033126264810562, 0.039346758276224136]"
crop,object,681,420,679,0,0.2236330658197403,"[679, 512, 488, 39, 783]","[0.2236330658197403, 0.15557587146759033, 0.13717299699783325, 0.05078020691871643, 0.023537755012512207]"
crop,object,682,571,442,0,0.1919650435447693,"[442, 517, 409, 900, 707]","[0.1919650435447693, 0.15511947870254517, 0.0603414922952652, 0.05637983977794647, 0.04872391000390053]"
crop,object,683,177,94,0,0.162538543343544,"[94, 350, 10, 26, 87]","[0.162538543343544, 0.05310993269085884, 0.039394039660692215, 0.036430440843105316, 0.03410634025931358]"
crop,object,684,846,411,0,0.4099666476249695,"[411, 846, 616, 546, 655]","[0.4099666476249695, 0.07856044918298721, 0.05248648673295975, 0.04021773114800453, 0.03900196775794029]"
crop,object,685,236,236,1,0.5624669194221497,"[236, 214, 165, 237, 676]","[0.5624669194221497, 0.06748795509338379, 0.05567323789000511, 0.054534077644348145, 0.03671969100832939]"
crop,object,686,201,783,0,0.06995269656181335,"[783, 53, 139, 701, 67]","[0.06995269656181335, 0.049850042909383774, 0.047538623213768005, 0.038759250193834305, 0.0370788611471653]"
crop,object,687,953,39,0,0.47601938247680664,"[39, 47, 42, 43, 36]","[0.47601938247680664, 0.30775007605552673, 0.05901896208524704, 0.023858603090047836, 0.02234254963696003]"
crop,object,688,637,409,0,0.2227792590856552,"[409, 844, 553, 769, 902]","[0.2227792590856552, 0.18096201121807098, 0.08125501871109009, 0.05899033322930336, 0.03742102161049843]"
crop,object,689,420,22,0,0.14726856350898743,"[22, 772, 679, 488, 783]","[0.14726856350898743, 0.060133229941129684, 0.05991556495428085, 0.0579109713435173, 0.052762169390916824]"
crop,object,690,602,602,1,0.4828589856624603,"[602, 840, 784, 456, 92]","[0.4828589856624603, 0.10006105899810791, 0.056316133588552475, 0.05254289135336876, 0.05051935836672783]"
crop,object,691,806,699,0,0.19995343685150146,"[699, 767, 585, 614, 845]","[0.19995343685150146, 0.18207374215126038, 0.055220261216163635, 0.048791419714689255, 0.045160673558712006]"
crop,object,692,608,117,0,0.16735486686229706,"[117, 701, 723, 529, 879]","[0.16735486686229706, 0.05967927724123001, 0.055003512650728226, 0.028144197538495064, 0.02723252959549427]"
crop,object,693,775,783,0,0.24320343136787415,"[783, 22, 23, 133, 135]","[0.24320343136787415, 0.14225515723228455, 0.039926934987306595, 0.02995404228568077, 0.027021031826734543]"
crop,object,694,614,614,1,0.2983036935329437,"[614, 701, 767, 898, 650]","[0.2983036935329437, 0.2595570981502533, 0.04245506227016449, 0.03822411224246025, 0.032567478716373444]"
crop,object,695,728,589,0,0.07054457068443298,"[589, 442, 505, 412, 667]","[0.07054457068443298, 0.06893038749694824, 0.04289841279387474, 0.040040645748376846, 0.03983134403824806]"
crop,object,696,836,677,0,0.30518287420272827,"[677, 783, 21, 405, 22]","[0.30518287420272827, 0.06935451924800873, 0.05393526703119278, 0.04346548020839691, 0.025834063068032265]"
crop,object,697,361,254,0,0.16385327279567719,"[254, 139, 19, 243, 362]","[0.16385327279567719, 0.13511186838150024, 0.09819067269563675, 0.06335102766752243, 0.036951202899217606]"
crop,object,698,842,767,0,0.2508612871170044,"[767, 845, 783, 677, 405]","[0.2508612871170044, 0.15519185364246368, 0.10873638093471527, 0.028353219851851463, 0.02194930985569954]"
crop,object,699,444,78,0,0.09458715468645096,"[78, 300, 679, 783, 308]","[0.09458715468645096, 0.09449951350688934, 0.06383366882801056, 0.05324156582355499, 0.05274171009659767]"
crop,object,700,364,66,0,0.13563568890094757,"[66, 43, 850, 189, 142]","[0.13563568890094757, 0.09886214882135391, 0.09497366100549698, 0.055632609874010086, 0.05408371984958649]"
crop,object,701,707,845,0,0.1554178148508072,"[845, 707, 600, 767, 898]","[0.1554178148508072, 0.08384761959314346, 0.07082818448543549, 0.046900589019060135, 0.038561295717954636]"
crop,object,702,151,235,0,0.6243551969528198,"[235, 16, 225, 227, 196]","[0.6243551969528198, 0.05655625835061073, 0.041582513600587845, 0.04066929966211319, 0.030129440128803253]"
crop,object,703,765,506,0,0.48462074995040894,"[506, 421, 743, 694, 677]","[0.48462074995040894, 0.0619608573615551, 0.05711434409022331, 0.04344557970762253, 0.016336698085069656]"
crop,object,704,571,442,0,0.5972737073898315,"[442, 892, 767, 761, 626]","[0.5972737073898315, 0.028646698221564293, 0.025213614106178284, 0.019651932641863823, 0.01896931789815426]"
crop,object,705,197,23,0,0.3930588364601135,"[23, 568, 87, 197, 93]","[0.3930588364601135, 0.13170871138572693, 0.06985729187726974, 0.05262104049324989, 0.03154768794775009]"
crop,object,706,681,895,0,0.059333015233278275,"[895, 783, 21, 413, 677]","[0.059333015233278275, 0.05437438562512398, 0.044211968779563904, 0.03515210747718811, 0.028794623911380768]"
crop,object,707,382,376,0,0.07821609824895859,"[376, 994, 883, 316, 63]","[0.07821609824895859, 0.07118675857782364, 0.06984744220972061, 0.06777579337358475, 0.053012412041425705]"
crop,object,708,765,699,0,0.20266442000865936,"[699, 520, 453, 642, 743]","[0.20266442000865936, 0.15532346069812775, 0.14633400738239288, 0.10082915425300598, 0.030845114961266518]"
crop,object,709,559,595,0,0.07520677149295807,"[595, 767, 448, 583, 835]","[0.07520677149295807, 0.07423099130392075, 0.07384229451417923, 0.0511883944272995, 0.03656933829188347]"
crop,object,710,708,710,0,0.09244319051504135,"[710, 913, 783, 677, 626]","[0.09244319051504135, 0.09059645235538483, 0.07991499453783035, 0.06408539414405823, 0.04614738002419472]"
crop,object,711,202,202,1,0.45004576444625854,"[202, 190, 181, 153, 189]","[0.45004576444625854, 0.09154777973890305, 0.058269109576940536, 0.05387706682085991, 0.04521474987268448]"
crop,object,712,469,898,0,0.16386041045188904,"[898, 863, 524, 608, 546]","[0.16386041045188904, 0.12639553844928741, 0.09025657922029495, 0.07077217102050781, 0.052024319767951965]"
crop,object,713,875,828,0,0.11178851127624512,"[828, 875, 506, 618, 456]","[0.11178851127624512, 0.08805430680513382, 0.06525132060050964, 0.060595761984586716, 0.06055232509970665]"
crop,object,714,284,350,0,0.2946370542049408,"[350, 178, 351, 284, 159]","[0.2946370542049408, 0.2688766121864319, 0.2286003679037094, 0.03673332557082176, 0.02806786075234413]"
crop,object,715,199,199,1,0.21682614088058472,"[199, 219, 214, 197, 256]","[0.21682614088058472, 0.08909812569618225, 0.07884252816438675, 0.07529428601264954, 0.07227534800767899]"
crop,object,716,529,755,0,0.07311081141233444,"[755, 846, 898, 461, 711]","[0.07311081141233444, 0.07293713092803955, 0.053227588534355164, 0.036385104060173035, 0.029752956703305244]"
crop,object,717,157,273,0,0.3220226764678955,"[273, 263, 277, 151, 112]","[0.3220226764678955, 0.2509267032146454, 0.15436838567256927, 0.11547301709651947, 0.04399624839425087]"
crop,object,718,850,350,0,0.19691142439842224,"[350, 125, 266, 850, 938]","[0.19691142439842224, 0.10771381109952927, 0.09722078591585159, 0.08187458664178848, 0.06296909600496292]"
crop,object,719,529,129,0,0.06918558478355408,"[129, 701, 981, 132, 89]","[0.06918558478355408, 0.04209446534514427, 0.04179708659648895, 0.0373709574341774, 0.032808005809783936]"
crop,object,720,186,676,0,0.28356897830963135,"[676, 21, 187, 16, 182]","[0.28356897830963135, 0.1945807933807373, 0.053342144936323166, 0.035861022770404816, 0.02921094186604023]"
crop,object,721,361,19,0,0.700332522392273,"[19, 361, 18, 155, 217]","[0.700332522392273, 0.29199883341789246, 0.0009977486915886402, 0.0009260823135264218, 0.0005992069491185248]"
crop,object,722,684,710,0,0.1457943618297577,"[710, 448, 767, 850, 804]","[0.1457943618297577, 0.14307564496994019, 0.07870342582464218, 0.046809710562229156, 0.039766497910022736]"
crop,object,723,846,831,0,0.8510358929634094,"[831, 930, 478, 767, 934]","[0.8510358929634094, 0.02534412406384945, 0.02461053803563118, 0.009585203602910042, 0.007791043259203434]"
crop,object,724,156,350,0,0.13698267936706543,"[350, 163, 173, 159, 112]","[0.13698267936706543, 0.07941494882106781, 0.06748252362012863, 0.06127109378576279, 0.055250659584999084]"
crop,object,725,175,125,0,0.06056781858205795,"[125, 94, 181, 616, 140]","[0.06056781858205795, 0.04964547976851463, 0.04698256030678749, 0.03986798971891403, 0.03729354590177536]"
crop,object,726,258,258,1,0.8848230838775635,"[258, 257, 259, 356, 279]","[0.8848230838775635, 0.0556613989174366, 0.02002730779349804, 0.010599160566926003, 0.007077706977725029]"
crop,object,727,254,254,1,0.506990909576416,"[254, 243, 364, 235, 225]","[0.506990909576416, 0.237627312541008, 0.11737049371004105, 0.02242962084710598, 0.015036307275295258]"
crop,object,728,529,94,0,0.24692295491695404,"[94, 112, 317, 677, 783]","[0.24692295491695404, 0.13779501616954803, 0.09523896127939224, 0.04991985112428665, 0.04577767103910446]"
crop,object,729,267,181,0,0.1360779106616974,"[181, 192, 228, 170, 202]","[0.1360779106616974, 0.12030360847711563, 0.09633222967386246, 0.06432155519723892, 0.03397541865706444]"
crop,object,730,257,805,0,0.1441718190908432,"[805, 181, 63, 153, 359]","[0.1441718190908432, 0.08526808023452759, 0.06666039675474167, 0.05078874155879021, 0.04974454268813133]"
crop,object,731,529,22,0,0.13636253774166107,"[22, 405, 783, 120, 128]","[0.13636253774166107, 0.07957226037979126, 0.040822457522153854, 0.03473749756813049, 0.03441814333200455]"
crop,object,732,765,765,1,0.646256148815155,"[765, 532, 516, 846, 583]","[0.646256148815155, 0.10382973402738571, 0.028094016015529633, 0.021378183737397194, 0.02074405550956726]"
crop,object,733,532,755,0,0.3804909288883209,"[755, 405, 845, 701, 679]","[0.3804909288883209, 0.07480251789093018, 0.06604290008544922, 0.03925858438014984, 0.015006214380264282]"
crop,object,734,227,21,0,0.5812986493110657,"[21, 350, 22, 23, 43]","[0.5812986493110657, 0.16629646718502045, 0.05959057807922363, 0.022962408140301704, 0.022329190745949745]"
crop,object,735,520,729,0,0.4855318069458008,"[729, 520, 516, 765, 453]","[0.4855318069458008, 0.24288250505924225, 0.07683511078357697, 0.021432576701045036, 0.02004948817193508]"
crop,object,736,999,553,0,0.12834346294403076,"[553, 742, 681, 782, 851]","[0.12834346294403076, 0.06848947703838348, 0.06326410919427872, 0.04816015809774399, 0.039653755724430084]"
crop,object,737,174,350,0,0.5101811289787292,"[350, 94, 349, 21, 600]","[0.5101811289787292, 0.07196541875600815, 0.05621620640158653, 0.026859475299715996, 0.019177377223968506]"
crop,object,738,841,524,0,0.23710499703884125,"[524, 619, 503, 804, 451]","[0.23710499703884125, 0.05391952767968178, 0.050577644258737564, 0.04954203963279724, 0.03966384381055832]"
crop,object,739,846,846,1,0.484937846660614,"[846, 747, 585, 440, 411]","[0.484937846660614, 0.0927584245800972, 0.025771424174308777, 0.02522357553243637, 0.02314433641731739]"
crop,object,740,999,644,0,0.22007939219474792,"[644, 677, 648, 744, 749]","[0.22007939219474792, 0.14534850418567657, 0.06590485572814941, 0.05706990510225296, 0.031236616894602776]"
crop,object,741,258,258,1,0.1487327516078949,"[258, 356, 257, 850, 153]","[0.1487327516078949, 0.08179876208305359, 0.07823804020881653, 0.06031106412410736, 0.04912770166993141]"
crop,object,742,851,596,0,0.20601460337638855,"[596, 845, 831, 674, 587]","[0.20601460337638855, 0.08286817371845245, 0.060523953288793564, 0.049890730530023575, 0.0495854951441288]"
crop,object,743,423,423,1,0.3365239202976227,"[423, 503, 606, 828, 572]","[0.3365239202976227, 0.06534486263990402, 0.04603618383407593, 0.038439661264419556, 0.035184577107429504]"
crop,object,744,233,316,0,0.1414538323879242,"[316, 100, 139, 125, 183]","[0.1414538323879242, 0.135523721575737, 0.09287576377391815, 0.07853683084249496, 0.04006073623895645]"
crop,object,745,253,178,0,0.35043832659721375,"[178, 171, 112, 172, 225]","[0.35043832659721375, 0.10860546678304672, 0.07799011468887329, 0.04063471406698227, 0.024756446480751038]"
crop,object,746,655,783,0,0.2920835018157959,"[783, 316, 71, 317, 677]","[0.2920835018157959, 0.16849595308303833, 0.03049803152680397, 0.030484015122056007, 0.030209599062800407]"
crop,object,747,422,405,0,0.24773387610912323,"[405, 677, 783, 128, 812]","[0.24773387610912323, 0.10255928337574005, 0.06678549200296402, 0.06364547461271286, 0.03829650953412056]"
crop,object,748,765,733,0,0.09427720308303833,"[733, 506, 557, 920, 456]","[0.09427720308303833, 0.0781717374920845, 0.05820504575967789, 0.03379619121551514, 0.033553946763277054]"
crop,object,749,545,545,1,0.6521949768066406,"[545, 506, 828, 883, 518]","[0.6521949768066406, 0.18906086683273315, 0.02446812391281128, 0.019867511466145515, 0.01712154410779476]"
crop,object,750,841,944,0,0.3183152675628662,"[944, 129, 110, 324, 94]","[0.3183152675628662, 0.08138862997293472, 0.030556704849004745, 0.027492523193359375, 0.025776321068406105]"
crop,object,751,655,442,0,0.08292369544506073,"[442, 405, 549, 783, 610]","[0.08292369544506073, 0.0403309240937233, 0.039955366402864456, 0.03745949640870094, 0.03177653253078461]"
crop,object,752,846,701,0,0.347601979970932,"[701, 417, 78, 405, 610]","[0.347601979970932, 0.07328423112630844, 0.03792578727006912, 0.03192161023616791, 0.02502414397895336]"
crop,object,753,999,783,0,0.094570092856884,"[783, 596, 767, 846, 812]","[0.094570092856884, 0.06743220239877701, 0.06343888491392136, 0.0393722765147686, 0.03726606443524361]"
crop,object,754,841,129,0,0.2203793078660965,"[129, 81, 89, 20, 308]","[0.2203793078660965, 0.1097964495420456, 0.04885382950305939, 0.039052437990903854, 0.03475672006607056]"
crop,object,755,655,783,0,0.1513492614030838,"[783, 316, 677, 54, 42]","[0.1513492614030838, 0.058807484805583954, 0.04007121920585632, 0.03771207854151726, 0.034655146300792694]"
crop,object,756,579,908,0,0.7848888039588928,"[908, 553, 315, 713, 742]","[0.7848888039588928, 0.04187712073326111, 0.019754769280552864, 0.011440874077379704, 0.011376994661986828]"
crop,object,757,198,198,1,0.45117366313934326,"[198, 196, 200, 285, 524]","[0.45117366313934326, 0.19395433366298676, 0.03121422417461872, 0.02520347386598587, 0.021374594420194626]"
crop,object,758,614,614,1,0.5701378583908081,"[614, 869, 419, 775, 733]","[0.5701378583908081, 0.06885170936584473, 0.06264878064393997, 0.04256362095475197, 0.022668516263365746]"
crop,object,759,689,689,1,0.3806709349155426,"[689, 701, 775, 451, 887]","[0.3806709349155426, 0.11115851998329163, 0.09367067366838455, 0.06692355871200562, 0.05332208052277565]"
crop,object,760,863,863,1,0.38697877526283264,"[863, 898, 514, 708, 440]","[0.38697877526283264, 0.3187553882598877, 0.06516779959201813, 0.03257639333605766, 0.0299990214407444]"
crop,object,761,851,760,0,0.13088205456733704,"[760, 583, 553, 644, 527]","[0.13088205456733704, 0.05591553449630737, 0.0474681630730629, 0.03778782859444618, 0.03312424570322037]"
crop,object,762,444,444,1,0.727483332157135,"[444, 513, 671, 456, 870]","[0.727483332157135, 0.10656595975160599, 0.05127926170825958, 0.01340826041996479, 0.011935259215533733]"
crop,object,763,230,127,0,0.10673854500055313,"[127, 18, 16, 23, 22]","[0.10673854500055313, 0.1038118302822113, 0.06935588270425797, 0.052720773965120316, 0.05243171378970146]"
crop,object,764,254,316,0,0.1825748234987259,"[316, 304, 306, 254, 308]","[0.1825748234987259, 0.11946609616279602, 0.09306725859642029, 0.07228825986385345, 0.06761353462934494]"
crop,object,765,199,199,1,0.3064945936203003,"[199, 233, 170, 196, 198]","[0.3064945936203003, 0.25637000799179077, 0.06863562017679214, 0.06701909005641937, 0.039516646414995193]"
crop,object,766,493,553,0,0.1572975218296051,"[553, 453, 760, 651, 526]","[0.1572975218296051, 0.06656104326248169, 0.053245071321725845, 0.045436251908540726, 0.043336428701877594]"
crop,object,767,882,315,0,0.1454075425863266,"[315, 316, 39, 317, 944]","[0.1454075425863266, 0.05507010221481323, 0.03766363486647606, 0.034222252666950226, 0.030562175437808037]"
crop,object,768,739,812,0,0.18991613388061523,"[812, 744, 842, 437, 628]","[0.18991613388061523, 0.13755649328231812, 0.13579052686691284, 0.03186479210853577, 0.03155676648020744]"
crop,object,769,846,846,1,0.5674362778663635,"[846, 619, 94, 701, 599]","[0.5674362778663635, 0.19570764899253845, 0.035271864384412766, 0.02818538062274456, 0.01648477092385292]"
crop,object,770,614,614,1,0.9676387906074524,"[614, 883, 679, 697, 72]","[0.9676387906074524, 0.004751612897962332, 0.0046803513541817665, 0.004530450329184532, 0.002866744063794613]"
crop,object,771,579,517,0,0.1411467045545578,"[517, 405, 558, 783, 873]","[0.1411467045545578, 0.08615836501121521, 0.0456637404859066, 0.03535063937306404, 0.02450740523636341]"
crop,object,772,882,517,0,0.24366521835327148,"[517, 303, 304, 319, 679]","[0.24366521835327148, 0.07048599421977997, 0.07006818801164627, 0.06352884322404861, 0.04958750680088997]"
crop,object,773,778,892,0,0.437813401222229,"[892, 409, 600, 451, 426]","[0.437813401222229, 0.24139966070652008, 0.08883088082075119, 0.0541452132165432, 0.04313293844461441]"
crop,object,774,882,563,0,0.08188772946596146,"[563, 600, 546, 708, 650]","[0.08188772946596146, 0.0712011530995369, 0.0626133531332016, 0.050981685519218445, 0.04436730593442917]"
crop,object,775,550,920,0,0.31338003277778625,"[920, 767, 898, 711, 701]","[0.31338003277778625, 0.1523575335741043, 0.0850461944937706, 0.05834156647324562, 0.03256690129637718]"
crop,object,776,284,374,0,0.11099369823932648,"[374, 356, 348, 120, 10]","[0.11099369823932648, 0.0600021667778492, 0.05707728490233421, 0.03526151180267334, 0.03289809450507164]"
crop,object,777,851,598,0,0.35128533840179443,"[598, 851, 782, 664, 526]","[0.35128533840179443, 0.13005691766738892, 0.09105405956506729, 0.05908006429672241, 0.04173241928219795]"
crop,object,778,651,812,0,0.0201471708714962,"[812, 852, 818, 920, 411]","[0.0201471708714962, 0.01951434090733528, 0.018570242449641228, 0.017273157835006714, 0.016772640869021416]"
crop,object,779,681,742,0,0.2264760583639145,"[742, 526, 908, 553, 745]","[0.2264760583639145, 0.11991756409406662, 0.10925952345132828, 0.05419301986694336, 0.04767958074808121]"
crop,object,780,420,420,1,0.08127742260694504,"[420, 488, 59, 39, 300]","[0.08127742260694504, 0.0714947059750557, 0.052414730191230774, 0.04716131463646889, 0.03483862057328224]"
crop,object,781,532,908,0,0.219709113240242,"[908, 895, 583, 532, 448]","[0.219709113240242, 0.15119650959968567, 0.0424814410507679, 0.02724429965019226, 0.02213878557085991]"
crop,object,782,423,423,1,0.8938367962837219,"[423, 606, 710, 473, 883]","[0.8938367962837219, 0.012287337332963943, 0.009057203307747841, 0.004096745979040861, 0.004004433285444975]"
crop,object,783,201,12,0,0.1468399316072464,"[12, 187, 140, 21, 23]","[0.1468399316072464, 0.0700819119811058, 0.05909096822142601, 0.05429280921816826, 0.04608461260795593]"
crop,object,784,690,300,0,0.37653648853302,"[300, 895, 513, 303, 319]","[0.37653648853302, 0.2208603322505951, 0.0969654843211174, 0.08446518331766129, 0.024411771446466446]"
crop,object,785,807,326,0,0.18595735728740692,"[326, 13, 835, 89, 129]","[0.18595735728740692, 0.09912516176700592, 0.07182811200618744, 0.057781755924224854, 0.05418825522065163]"
crop,object,786,836,413,0,0.10674481838941574,"[413, 701, 740, 461, 764]","[0.10674481838941574, 0.06661833077669144, 0.05727091431617737, 0.053441040217876434, 0.03953658416867256]"
crop,object,787,779,779,1,0.9078270792961121,"[779, 784, 705, 555, 654]","[0.9078270792961121, 0.02939845249056816, 0.007081419695168734, 0.005908255930989981, 0.005224629305303097]"
crop,object,788,872,319,0,0.25643816590309143,"[319, 517, 780, 300, 72]","[0.25643816590309143, 0.11088255047798157, 0.07275218516588211, 0.05475250259041786, 0.042126744985580444]"
crop,object,789,516,601,0,0.2779947519302368,"[601, 81, 516, 529, 578]","[0.2779947519302368, 0.20936967432498932, 0.09790534526109695, 0.08646050095558167, 0.0590803287923336]"
crop,object,790,807,707,0,0.15584369003772736,"[707, 648, 442, 767, 553]","[0.15584369003772736, 0.10332634299993515, 0.0740872249007225, 0.0490419939160347, 0.03966393694281578]"
crop,object,791,880,600,0,0.1777932345867157,"[600, 677, 701, 405, 812]","[0.1777932345867157, 0.1349399834871292, 0.08396179974079132, 0.049156177788972855, 0.043027278035879135]"
crop,object,792,678,783,0,0.18462267518043518,"[783, 405, 677, 701, 21]","[0.18462267518043518, 0.17882505059242249, 0.06741219013929367, 0.043034326285123825, 0.03695003688335419]"
crop,object,793,603,802,0,0.1418396383523941,"[802, 444, 306, 764, 665]","[0.1418396383523941, 0.11635630577802658, 0.10627230256795883, 0.040577054023742676, 0.039860207587480545]"
crop,object,794,665,783,0,0.1639377921819687,"[783, 677, 701, 679, 513]","[0.1639377921819687, 0.050029587000608444, 0.04770711809396744, 0.04410413280129433, 0.04203459993004799]"
crop,object,795,541,78,0,0.27504441142082214,"[78, 405, 783, 120, 772]","[0.27504441142082214, 0.07566487789154053, 0.03959417715668678, 0.026241440325975418, 0.02508830465376377]"
crop,object,796,704,704,1,0.27421998977661133,"[704, 655, 572, 834, 775]","[0.27421998977661133, 0.16097761690616608, 0.09266392886638641, 0.07401564717292786, 0.018681667745113373]"
crop,object,797,770,64,0,0.2644904851913452,"[64, 770, 316, 858, 849]","[0.2644904851913452, 0.2630669176578522, 0.07993965595960617, 0.07693801820278168, 0.028156084939837456]"
crop,object,798,428,405,0,0.22244398295879364,"[405, 783, 767, 677, 701]","[0.22244398295879364, 0.20274144411087036, 0.09623314440250397, 0.06590832024812698, 0.031209014356136322]"
crop,object,799,637,442,0,0.24071401357650757,"[442, 708, 437, 898, 767]","[0.24071401357650757, 0.18699491024017334, 0.0609913133084774, 0.03183921054005623, 0.02537154220044613]"
crop,object,800,879,491,0,0.31959807872772217,"[491, 653, 461, 503, 830]","[0.31959807872772217, 0.09809268265962601, 0.05460768938064575, 0.05213426053524017, 0.05149322375655174]"
crop,object,801,869,671,0,0.28536587953567505,"[671, 880, 774, 444, 870]","[0.28536587953567505, 0.10418682545423508, 0.07211478054523468, 0.06650517135858536, 0.0448186993598938]"
crop,object,802,690,513,0,0.1730334311723709,"[513, 303, 679, 354, 316]","[0.1730334311723709, 0.07991013675928116, 0.05463184416294098, 0.04430098831653595, 0.02829527109861374]"
crop,object,803,822,913,0,0.10768048465251923,"[913, 783, 677, 679, 858]","[0.10768048465251923, 0.10145402699708939, 0.07724282890558243, 0.06896849721670151, 0.030365971848368645]"
crop,object,804,880,600,0,0.22024638950824738,"[600, 78, 783, 772, 488]","[0.22024638950824738, 0.15937083959579468, 0.10115707665681839, 0.03114091232419014, 0.022813735529780388]"
crop,object,805,612,420,0,0.20168589055538177,"[420, 72, 506, 711, 456]","[0.20168589055538177, 0.13063886761665344, 0.02469366043806076, 0.023962602019309998, 0.0213795006275177]"
crop,object,806,879,701,0,0.27410218119621277,"[701, 774, 461, 413, 112]","[0.27410218119621277, 0.09029918164014816, 0.04330107197165489, 0.03679224103689194, 0.02744160406291485]"
crop,object,807,603,856,0,0.2594258189201355,"[856, 730, 603, 864, 595]","[0.2594258189201355, 0.19028988480567932, 0.07228647172451019, 0.04833969473838806, 0.04164837673306465]"
crop,object,808,707,783,0,0.12960730493068695,"[783, 767, 677, 812, 600]","[0.12960730493068695, 0.06811030209064484, 0.06590000540018082, 0.04876742511987686, 0.047758303582668304]"
crop,object,809,751,555,0,0.30367159843444824,"[555, 584, 319, 730, 679]","[0.30367159843444824, 0.20478373765945435, 0.031773850321769714, 0.03046606294810772, 0.027263514697551727]"
crop,object,810,407,407,1,0.5753060579299927,"[407, 436, 511, 468, 717]","[0.5753060579299927, 0.10067623853683472, 0.0328746996819973, 0.029101882129907608, 0.029024552553892136]"
crop,object,811,791,94,0,0.08749253302812576,"[94, 772, 767, 791, 898]","[0.08749253302812576, 0.06113249063491821, 0.05241517722606659, 0.05024084448814392, 0.036879900842905045]"
crop,object,812,645,677,0,0.14672929048538208,"[677, 733, 600, 488, 517]","[0.14672929048538208, 0.13924627006053925, 0.11202460527420044, 0.08363261818885803, 0.07288766652345657]"
crop,object,813,879,584,0,0.15761208534240723,"[584, 24, 490, 326, 143]","[0.15761208534240723, 0.09622310847043991, 0.07368884980678558, 0.06892874836921692, 0.046531252562999725]"
crop,object,814,612,614,0,0.7886350750923157,"[614, 683, 898, 524, 432]","[0.7886350750923157, 0.05393640697002411, 0.022210419178009033, 0.01615668274462223, 0.014881819486618042]"
crop,object,815,468,751,0,0.12927085161209106,"[751, 784, 625, 740, 730]","[0.12927085161209106, 0.1193295493721962, 0.11341658979654312, 0.06312469393014908, 0.053212977945804596]"
crop,object,816,603,699,0,0.49481064081192017,"[699, 513, 776, 883, 494]","[0.49481064081192017, 0.05375625565648079, 0.04254485294222832, 0.034366946667432785, 0.026633845642209053]"
crop,object,817,670,518,0,0.26045969128608704,"[518, 560, 512, 511, 818]","[0.26045969128608704, 0.12549829483032227, 0.06551720201969147, 0.06076548621058464, 0.05013059824705124]"
crop,object,818,468,740,0,0.1537970006465912,"[740, 801, 468, 908, 96]","[0.1537970006465912, 0.07320760190486908, 0.052163369953632355, 0.05193162336945534, 0.05148361995816231]"
crop,object,819,830,300,0,0.17009443044662476,"[300, 645, 513, 872, 517]","[0.17009443044662476, 0.07970622181892395, 0.0638592392206192, 0.04268214479088783, 0.038651447743177414]"
crop,object,820,670,783,0,0.22914615273475647,"[783, 758, 304, 701, 801]","[0.22914615273475647, 0.13170646131038666, 0.0646466463804245, 0.05880118906497955, 0.0395028181374073]"
crop,object,821,807,484,0,0.09661868959665298,"[484, 812, 871, 780, 694]","[0.09661868959665298, 0.0646810308098793, 0.05780854448676109, 0.054324593394994736, 0.045743975788354874]"
crop,object,822,602,319,0,0.08070044964551926,"[319, 488, 602, 446, 733]","[0.08070044964551926, 0.06464935839176178, 0.059555504471063614, 0.044012006372213364, 0.04046928137540817]"
crop,object,823,439,22,0,0.5552512407302856,"[22, 21, 701, 88, 23]","[0.5552512407302856, 0.06530766934156418, 0.04254411533474922, 0.03901759907603264, 0.026399003341794014]"
crop,object,824,198,187,0,0.37043529748916626,"[187, 198, 196, 201, 200]","[0.37043529748916626, 0.29233336448669434, 0.10018321126699448, 0.09391167759895325, 0.05122022703289986]"
crop,object,825,559,755,0,0.10940132290124893,"[755, 560, 89, 324, 895]","[0.10940132290124893, 0.09885216504335403, 0.09724826365709305, 0.07463724911212921, 0.03405631706118584]"
crop,object,826,919,767,0,0.24707770347595215,"[767, 783, 898, 446, 845]","[0.24707770347595215, 0.061230309307575226, 0.0537530817091465, 0.05004444718360901, 0.032886575907468796]"
crop,object,827,665,701,0,0.29382285475730896,"[701, 783, 895, 679, 405]","[0.29382285475730896, 0.1528431922197342, 0.053612757474184036, 0.048162151128053665, 0.04490578547120094]"
crop,object,828,919,895,0,0.0734638199210167,"[895, 22, 128, 303, 752]","[0.0734638199210167, 0.03895369544625282, 0.030433405190706253, 0.029060909524559975, 0.026794398203492165]"
crop,object,829,557,677,0,0.34005463123321533,"[677, 600, 72, 488, 701]","[0.34005463123321533, 0.09658413380384445, 0.039770521223545074, 0.027665656059980392, 0.02655554749071598]"
crop,object,830,864,908,0,0.09038037806749344,"[908, 802, 770, 751, 812]","[0.09038037806749344, 0.04996395856142044, 0.04964549094438553, 0.04181743785738945, 0.041472114622592926]"
crop,object,831,880,600,0,0.47979462146759033,"[600, 783, 880, 677, 801]","[0.47979462146759033, 0.07167332619428635, 0.04269023984670639, 0.026807179674506187, 0.026294497773051262]"
crop,object,832,870,78,0,0.13182474672794342,"[78, 679, 549, 610, 512]","[0.13182474672794342, 0.10632079094648361, 0.07039952278137207, 0.044400252401828766, 0.03986237198114395]"
crop,object,833,439,783,0,0.34216785430908203,"[783, 404, 23, 128, 512]","[0.34216785430908203, 0.16384641826152802, 0.05928738787770271, 0.05253688246011734, 0.025804562494158745]"
crop,object,834,728,570,0,0.22656303644180298,"[570, 728, 898, 845, 701]","[0.22656303644180298, 0.2036707103252411, 0.11984309554100037, 0.03241667523980141, 0.02748238295316696]"
crop,object,835,920,920,1,0.3283327519893646,"[920, 549, 916, 767, 610]","[0.3283327519893646, 0.0709836557507515, 0.05168678238987923, 0.050435274839401245, 0.04611973464488983]"
crop,object,836,608,572,0,0.09808076173067093,"[572, 749, 916, 898, 846]","[0.09808076173067093, 0.08130692690610886, 0.02898227795958519, 0.025081388652324677, 0.02334074303507805]"
crop,object,837,919,783,0,0.09358259290456772,"[783, 405, 781, 767, 319]","[0.09358259290456772, 0.05674568936228752, 0.05488262325525284, 0.04899939149618149, 0.04250276833772659]"
crop,object,838,612,612,1,0.38395988941192627,"[612, 898, 518, 524, 614]","[0.38395988941192627, 0.05684040114283562, 0.04650181159377098, 0.04442683607339859, 0.04204339161515236]"
crop,object,839,919,919,1,0.7096912860870361,"[919, 692, 478, 781, 921]","[0.7096912860870361, 0.0744190365076065, 0.052797574549913406, 0.020886635407805443, 0.01670593023300171]"
crop,object,840,571,707,0,0.4084729552268982,"[707, 478, 759, 570, 553]","[0.4084729552268982, 0.10455017536878586, 0.020126499235630035, 0.01845511607825756, 0.016694335266947746]"
crop,object,841,575,614,0,0.05874182656407356,"[614, 767, 609, 517, 701]","[0.05874182656407356, 0.053975388407707214, 0.05126989260315895, 0.03859380632638931, 0.0371679924428463]"
crop,object,842,870,679,0,0.19500157237052917,"[679, 319, 310, 78, 902]","[0.19500157237052917, 0.07573072612285614, 0.059073831886053085, 0.048655129969120026, 0.03702601045370102]"
crop,object,843,919,783,0,0.06990518420934677,"[783, 747, 767, 405, 784]","[0.06990518420934677, 0.06625430285930634, 0.06475573033094406, 0.023997103795409203, 0.020189374685287476]"
crop,object,844,879,672,0,0.3357732892036438,"[672, 701, 133, 324, 755]","[0.3357732892036438, 0.10445081442594528, 0.06589452922344208, 0.061417996883392334, 0.049952052533626556]"
crop,object,845,690,783,0,0.12175557017326355,"[783, 137, 303, 87, 513]","[0.12175557017326355, 0.11157501488924026, 0.06432683020830154, 0.05781235545873642, 0.032697830349206924]"
crop,object,846,879,120,0,0.158437117934227,"[120, 71, 701, 22, 127]","[0.158437117934227, 0.05515291169285774, 0.04133255034685135, 0.03369814530014992, 0.029393699020147324]"
crop,object,847,412,747,0,0.19100822508335114,"[747, 442, 614, 446, 610]","[0.19100822508335114, 0.08233114331960678, 0.052852172404527664, 0.0312650240957737, 0.02678394690155983]"
crop,object,848,412,409,0,0.22935828566551208,"[409, 892, 412, 697, 898]","[0.22935828566551208, 0.1060677021741867, 0.06398771703243256, 0.03333817794919014, 0.019505206495523453]"
crop,object,849,751,751,1,0.5515190958976746,"[751, 770, 817, 730, 908]","[0.5515190958976746, 0.06691610813140869, 0.05783335864543915, 0.042656414210796356, 0.037833355367183685]"
crop,object,850,489,557,0,0.2075517624616623,"[557, 858, 840, 733, 843]","[0.2075517624616623, 0.15824952721595764, 0.08592791110277176, 0.08328966051340103, 0.0595075786113739]"
crop,object,851,223,137,0,0.1496838927268982,"[137, 13, 20, 350, 783]","[0.1496838927268982, 0.09410028159618378, 0.08988501131534576, 0.07343053072690964, 0.07023931294679642]"
crop,object,852,603,488,0,0.3055758774280548,"[488, 776, 513, 683, 319]","[0.3055758774280548, 0.10615227371454239, 0.07461526989936829, 0.058497533202171326, 0.05668191239237785]"
crop,object,853,862,701,0,0.17816266417503357,"[701, 677, 895, 920, 442]","[0.17816266417503357, 0.06700792163610458, 0.05709042027592659, 0.0485319048166275, 0.03880057483911514]"
crop,object,854,612,513,0,0.14422541856765747,"[513, 812, 677, 872, 523]","[0.14422541856765747, 0.06492236256599426, 0.05664897710084915, 0.038363017141819, 0.03764333575963974]"
crop,object,855,154,200,0,0.12678785622119904,"[200, 22, 368, 155, 21]","[0.12678785622119904, 0.11521343886852264, 0.09111934900283813, 0.07800810039043427, 0.07348829507827759]"
crop,object,856,560,783,0,0.23085236549377441,"[783, 584, 679, 78, 677]","[0.23085236549377441, 0.11951224505901337, 0.08999911695718765, 0.04800717160105705, 0.04669908061623573]"
crop,object,857,852,405,0,0.10891564190387726,"[405, 53, 488, 319, 120]","[0.10891564190387726, 0.06504744291305542, 0.03406929597258568, 0.03239082545042038, 0.031378716230392456]"
crop,object,858,522,605,0,0.0339399054646492,"[605, 356, 684, 890, 701]","[0.0339399054646492, 0.032225340604782104, 0.024621251970529556, 0.02359381504356861, 0.02279059961438179]"
crop,object,859,430,744,0,0.026391688734292984,"[744, 872, 10, 812, 306]","[0.026391688734292984, 0.01772024855017662, 0.016698069870471954, 0.012647476978600025, 0.012024607509374619]"
crop,object,860,752,600,0,0.3759743869304657,"[600, 772, 677, 350, 78]","[0.3759743869304657, 0.06886082887649536, 0.05495527386665344, 0.03890971094369888, 0.031158745288848877]"
crop,object,861,852,679,0,0.1454949676990509,"[679, 98, 828, 783, 752]","[0.1454949676990509, 0.058546796441078186, 0.05025455355644226, 0.04917158558964729, 0.03121001273393631]"
crop,object,862,746,356,0,0.0732264369726181,"[356, 701, 744, 405, 98]","[0.0732264369726181, 0.050946276634931564, 0.030603615567088127, 0.02463310770690441, 0.02219686657190323]"
crop,object,863,702,517,0,0.370897501707077,"[517, 319, 733, 702, 845]","[0.370897501707077, 0.09711965173482895, 0.06340420991182327, 0.06157049164175987, 0.039352577179670334]"
crop,object,864,560,679,0,0.6067330241203308,"[679, 301, 783, 758, 584]","[0.6067330241203308, 0.14305120706558228, 0.03752508386969566, 0.017254749312996864, 0.016704590991139412]"
crop,object,865,746,356,0,0.03747619688510895,"[356, 701, 812, 744, 869]","[0.03747619688510895, 0.032087769359350204, 0.01704362966120243, 0.01643204316496849, 0.015672270208597183]"
crop,object,866,430,783,0,0.26652809977531433,"[783, 677, 78, 417, 600]","[0.26652809977531433, 0.18253909051418304, 0.05067528039216995, 0.030151499435305595, 0.02676558494567871]"
crop,object,867,450,94,0,0.2741023004055023,"[94, 701, 317, 325, 895]","[0.2741023004055023, 0.16027158498764038, 0.04893646389245987, 0.042406998574733734, 0.03878650441765785]"
crop,object,868,890,852,0,0.05820344388484955,"[852, 722, 846, 572, 818]","[0.05820344388484955, 0.047947805374860764, 0.03688519075512886, 0.0338556170463562, 0.0297994501888752]"
crop,object,869,746,356,0,0.1124466136097908,"[356, 701, 783, 417, 405]","[0.1124466136097908, 0.05873231217265129, 0.036977872252464294, 0.0354325994849205, 0.03277236223220825]"
crop,object,870,560,584,0,0.4656194746494293,"[584, 679, 24, 455, 417]","[0.4656194746494293, 0.10777854919433594, 0.08451852202415466, 0.033898502588272095, 0.03019394725561142]"
crop,object,871,752,783,0,0.09158911556005478,"[783, 405, 600, 677, 21]","[0.09158911556005478, 0.08990699797868729, 0.045955948531627655, 0.045844390988349915, 0.03877067565917969]"
crop,object,872,702,744,0,0.1946108341217041,"[744, 300, 319, 772, 657]","[0.1946108341217041, 0.10480670630931854, 0.10029302537441254, 0.06805673241615295, 0.05976144224405289]"
crop,object,873,160,94,0,0.20730343461036682,"[94, 21, 225, 22, 701]","[0.20730343461036682, 0.19310535490512848, 0.09394802153110504, 0.07804036885499954, 0.04628954082727432]"
crop,object,874,430,677,0,0.12542082369327545,"[677, 405, 417, 783, 21]","[0.12542082369327545, 0.0844539999961853, 0.04622913524508476, 0.0434127002954483, 0.02992122992873192]"
crop,object,875,430,405,0,0.10439880192279816,"[405, 22, 356, 78, 701]","[0.10439880192279816, 0.04977478086948395, 0.04477861523628235, 0.04286230355501175, 0.03990001231431961]"
crop,object,876,499,405,0,0.10946551710367203,"[405, 845, 499, 744, 835]","[0.10946551710367203, 0.1016475111246109, 0.08052690327167511, 0.05334612727165222, 0.04638263210654259]"
crop,object,877,418,784,0,0.24760064482688904,"[784, 418, 563, 542, 517]","[0.24760064482688904, 0.1954234391450882, 0.09296410530805588, 0.05557830631732941, 0.049753788858652115]"
crop,object,878,849,849,1,0.6876664757728577,"[849, 725, 899, 901, 659]","[0.6876664757728577, 0.1902214139699936, 0.029420780017971992, 0.027417166158556938, 0.017830604687333107]"
crop,object,879,899,503,0,0.3249019980430603,"[503, 899, 898, 725, 647]","[0.3249019980430603, 0.1034565269947052, 0.08904920518398285, 0.07259505987167358, 0.05998595431447029]"
crop,object,880,963,963,1,0.9837643504142761,"[963, 965, 924, 934, 962]","[0.9837643504142761, 0.005232496652752161, 0.0021065603941679, 0.0019385697087273002, 0.0017826032126322389]"
crop,object,881,956,924,0,0.8898906111717224,"[924, 952, 932, 936, 943]","[0.8898906111717224, 0.051417794078588486, 0.016542628407478333, 0.013549529947340488, 0.005547282751649618]"
crop,object,882,961,930,0,0.07006543129682541,"[930, 344, 858, 354, 933]","[0.07006543129682541, 0.052262697368860245, 0.04777466133236885, 0.043162599205970764, 0.03485211357474327]"
crop,object,883,786,51,0,0.15997414290905,"[51, 863, 488, 839, 786]","[0.15997414290905, 0.0470990352332592, 0.043050386011600494, 0.04179214686155319, 0.03933628275990486]"
crop,object,884,440,440,1,0.9982339143753052,"[440, 907, 737, 450, 502]","[0.9982339143753052, 0.0010676307138055563, 9.375437366543338e-05, 5.631754902424291e-05, 4.900430212728679e-05]"
crop,object,885,846,846,1,0.7712146043777466,"[846, 619, 804, 417, 504]","[0.7712146043777466, 0.11269208788871765, 0.015898477286100388, 0.008642014116048813, 0.007593644317239523]"
crop,object,886,969,898,0,0.44798925518989563,"[898, 737, 969, 503, 440]","[0.44798925518989563, 0.2596546411514282, 0.0432443767786026, 0.02655860222876072, 0.02175077795982361]"
crop,object,887,945,78,0,0.14384423196315765,"[78, 31, 618, 64, 32]","[0.14384423196315765, 0.08168397843837738, 0.07694119960069656, 0.05520487576723099, 0.051206208765506744]"
crop,object,888,752,852,0,0.545479416847229,"[852, 967, 778, 574, 720]","[0.545479416847229, 0.05096657946705818, 0.049226149916648865, 0.034891389310359955, 0.03206764534115791]"
crop,object,889,651,771,0,0.09574621915817261,"[771, 893, 651, 778, 492]","[0.09574621915817261, 0.09481891244649887, 0.09055055677890778, 0.03798846900463104, 0.037862423807382584]"
crop,object,890,945,945,1,0.921954333782196,"[945, 990, 952, 948, 988]","[0.921954333782196, 0.0305162463337183, 0.016134681180119514, 0.01224424410611391, 0.00679518049582839]"
crop,object,891,438,626,0,0.159075066447258,"[626, 898, 855, 495, 767]","[0.159075066447258, 0.13885058462619781, 0.05900215730071068, 0.032449159771203995, 0.02934853546321392]"
crop,object,892,441,969,0,0.28646594285964966,"[969, 773, 804, 725, 618]","[0.28646594285964966, 0.17832747101783752, 0.1017042025923729, 0.05334300920367241, 0.05023830756545067]"
crop,object,893,818,745,0,0.3434228003025055,"[745, 518, 755, 759, 920]","[0.3434228003025055, 0.04446304216980934, 0.03236154839396477, 0.022587424144148827, 0.02064606547355652]"
crop,object,894,941,952,0,0.6365082263946533,"[952, 941, 956, 943, 242]","[0.6365082263946533, 0.3510730266571045, 0.00268656387925148, 0.00205441378057003, 0.0017435566987842321]"
crop,object,895,711,711,1,0.23244406282901764,"[711, 966, 438, 629, 572]","[0.23244406282901764, 0.1817009449005127, 0.165675088763237, 0.10592036694288254, 0.1039077490568161]"
crop,object,896,152,155,0,0.5363896489143372,"[155, 157, 200, 154, 204]","[0.5363896489143372, 0.08682867884635925, 0.08121900260448456, 0.07921819388866425, 0.03856973722577095]"
crop,object,897,996,996,1,0.5081249475479126,"[996, 944, 23, 100, 87]","[0.5081249475479126, 0.19589364528656006, 0.04905455559492111, 0.04545041546225548, 0.02339089661836624]"
crop,object,898,898,725,0,0.1620694100856781,"[725, 899, 505, 613, 589]","[0.1620694100856781, 0.11076664179563522, 0.097434401512146, 0.04462458938360214, 0.037728454917669296]"
crop,object,899,441,441,1,0.3222222626209259,"[441, 647, 463, 619, 438]","[0.3222222626209259, 0.1661960929632187, 0.048877038061618805, 0.044550564140081406, 0.027569396421313286]"
crop,object,900,953,944,0,0.13797354698181152,"[944, 112, 936, 618, 943]","[0.13797354698181152, 0.11991328746080399, 0.053164735436439514, 0.05210772901773453, 0.049991730600595474]"
crop,object,901,505,763,0,0.08760961145162582,"[763, 619, 505, 846, 584]","[0.08760961145162582, 0.06299581378698349, 0.060785725712776184, 0.051160287111997604, 0.041024964302778244]"
crop,object,902,773,689,0,0.11228777468204498,"[689, 503, 501, 773, 887]","[0.11228777468204498, 0.08143432438373566, 0.056119583547115326, 0.055293358862400055, 0.05229618400335312]"
crop,object,903,942,524,0,0.25431162118911743,"[524, 892, 461, 647, 922]","[0.25431162118911743, 0.1169460266828537, 0.08153247833251953, 0.054066553711891174, 0.049614161252975464]"
crop,object,904,891,650,0,0.1863052397966385,"[650, 464, 490, 878, 872]","[0.1863052397966385, 0.11310053616762161, 0.10603322088718414, 0.056281767785549164, 0.054056525230407715]"
crop,object,905,968,849,0,0.6217813491821289,"[849, 725, 505, 968, 572]","[0.6217813491821289, 0.1829715073108673, 0.08917200565338135, 0.057280875742435455, 0.01614929549396038]"
crop,object,906,942,60,0,0.1407698690891266,"[60, 64, 930, 55, 3]","[0.1407698690891266, 0.1178327426314354, 0.1123366728425026, 0.10092204809188843, 0.06814902275800705]"
crop,object,907,941,125,0,0.46412602066993713,"[125, 697, 883, 849, 941]","[0.46412602066993713, 0.11552271991968155, 0.06106913089752197, 0.060884665697813034, 0.03315505385398865]"
crop,object,908,418,494,0,0.5150168538093567,"[494, 563, 687, 894, 583]","[0.5150168538093567, 0.0799054503440857, 0.04583024978637695, 0.03064323216676712, 0.02945065312087536]"
crop,object,909,928,927,0,0.9163628220558167,"[927, 112, 957, 928, 728]","[0.9163628220558167, 0.01958409696817398, 0.006699210498481989, 0.0063661374151706696, 0.003982892259955406]"
crop,object,910,934,416,0,0.6471017003059387,"[416, 405, 908, 744, 404]","[0.6471017003059387, 0.12886230647563934, 0.04055269807577133, 0.019737660884857178, 0.01697840727865696]"
crop,object,911,968,556,0,0.1343897432088852,"[556, 835, 721, 545, 816]","[0.1343897432088852, 0.08379042148590088, 0.07749553769826889, 0.07299595326185226, 0.046503111720085144]"
crop,object,912,923,923,1,0.8248485922813416,"[923, 935, 933, 931, 962]","[0.8248485922813416, 0.05962205305695534, 0.02635103650391102, 0.014031722210347652, 0.011730709113180637]"
crop,object,913,194,202,0,0.3841369152069092,"[202, 189, 219, 175, 194]","[0.3841369152069092, 0.1063937097787857, 0.060720887035131454, 0.059230007231235504, 0.05491463467478752]"
crop,object,914,927,927,1,0.9784447550773621,"[927, 868, 933, 62, 960]","[0.9784447550773621, 0.007708502933382988, 0.0021892180666327477, 0.0018817891832441092, 0.0013978683855384588]"
crop,object,915,686,686,1,0.125893697142601,"[686, 92, 401, 726, 893]","[0.125893697142601, 0.0780184343457222, 0.057755593210458755, 0.054850704967975616, 0.041595667600631714]"
crop,object,916,737,614,0,0.17072147130966187,"[614, 747, 677, 711, 600]","[0.17072147130966187, 0.11996415257453918, 0.04321317374706268, 0.03829063102602959, 0.03529968112707138]"
crop,object,917,849,725,0,0.3472791016101837,"[725, 899, 849, 883, 572]","[0.3472791016101837, 0.1375304013490677, 0.1265603005886078, 0.11322861909866333, 0.08618802577257156]"
crop,object,918,855,855,1,0.9727336764335632,"[855, 898, 455, 464, 63]","[0.9727336764335632, 0.004330237861722708, 0.0036689634434878826, 0.002579105319455266, 0.002106629079207778]"
crop,object,919,611,628,0,0.1252109557390213,"[628, 611, 679, 913, 50]","[0.1252109557390213, 0.04127117246389389, 0.041213829070329666, 0.03955155983567238, 0.03363015875220299]"
crop,object,920,545,545,1,0.2254808247089386,"[545, 650, 86, 490, 63]","[0.2254808247089386, 0.12567323446273804, 0.05353887379169464, 0.04954072833061218, 0.04923923313617706]"
crop,object,921,761,488,0,0.15304769575595856,"[488, 679, 584, 892, 783]","[0.15304769575595856, 0.10230754315853119, 0.06224179267883301, 0.05929475277662277, 0.054724011570215225]"
crop,object,922,521,861,0,0.12537123262882233,"[861, 923, 505, 968, 572]","[0.12537123262882233, 0.12001928687095642, 0.08219693601131439, 0.07546563446521759, 0.06531461328268051]"
crop,object,923,626,405,0,0.20701541006565094,"[405, 783, 710, 679, 584]","[0.20701541006565094, 0.07873141020536423, 0.05409887060523033, 0.05307472124695778, 0.03617994114756584]"
crop,object,924,441,317,0,0.1718021184206009,"[317, 496, 59, 711, 784]","[0.1718021184206009, 0.063847117125988, 0.050282299518585205, 0.03112492337822914, 0.031118111684918404]"
crop,object,925,438,438,1,0.324404239654541,"[438, 899, 441, 653, 711]","[0.324404239654541, 0.1842363327741623, 0.0764312669634819, 0.06376346200704575, 0.05810221657156944]"
crop,object,926,426,426,1,0.8256011605262756,"[426, 409, 892, 826, 778]","[0.8256011605262756, 0.1007838025689125, 0.025600075721740723, 0.0207093246281147, 0.015707893297076225]"
crop,object,927,710,701,0,0.3837801516056061,"[701, 783, 710, 92, 784]","[0.3837801516056061, 0.12035569548606873, 0.03971204161643982, 0.02904033288359642, 0.02567177824676037]"
crop,object,928,613,767,0,0.15455223619937897,"[767, 710, 920, 494, 772]","[0.15455223619937897, 0.07676675170660019, 0.06368377059698105, 0.05829517915844917, 0.04158356413245201]"
crop,object,929,574,574,1,0.2247011959552765,"[574, 952, 113, 852, 951]","[0.2247011959552765, 0.21283575892448425, 0.04887837916612625, 0.04574185609817505, 0.04359476640820503]"
crop,object,930,882,758,0,0.209415003657341,"[758, 597, 882, 566, 783]","[0.209415003657341, 0.08583373576402664, 0.06951703876256943, 0.04850855469703674, 0.03488625958561897]"
crop,object,931,647,647,1,0.5001367330551147,"[647, 438, 772, 898, 572]","[0.5001367330551147, 0.0599355548620224, 0.05785561352968216, 0.049782659858465195, 0.03962329402565956]"
crop,object,932,737,737,1,0.870416522026062,"[737, 440, 898, 907, 411]","[0.870416522026062, 0.11683989316225052, 0.007609717082232237, 0.002382215578109026, 0.0003801373241003603]"
crop,object,933,963,599,0,0.43151187896728516,"[599, 327, 963, 329, 973]","[0.43151187896728516, 0.11106252670288086, 0.10477881878614426, 0.07629519701004028, 0.051113251596689224]"
crop,object,934,662,485,0,0.34565165638923645,"[485, 405, 848, 892, 606]","[0.34565165638923645, 0.11065404117107391, 0.08256428688764572, 0.04364392161369324, 0.03400075063109398]"
crop,object,935,891,891,1,0.9934195876121521,"[891, 524, 752, 461, 545]","[0.9934195876121521, 0.0019349775975570083, 0.0016765763284638524, 0.0003741200198419392, 0.00027061119908466935]"
crop,object,936,891,891,1,0.1407175362110138,"[891, 398, 681, 708, 620]","[0.1407175362110138, 0.08667810261249542, 0.08062584698200226, 0.061247069388628006, 0.045947812497615814]"
crop,object,937,710,767,0,0.3082287311553955,"[767, 701, 783, 405, 626]","[0.3082287311553955, 0.19325342774391174, 0.12370270490646362, 0.04792674630880356, 0.03755628317594528]"
crop,object,938,188,181,0,0.870860755443573,"[181, 266, 267, 188, 189]","[0.870860755443573, 0.05483293533325195, 0.018804367631673813, 0.012793404050171375, 0.010517857037484646]"
crop,object,939,503,503,1,0.9515504240989685,"[503, 711, 438, 883, 418]","[0.9515504240989685, 0.015437574125826359, 0.0033790208399295807, 0.0030651327688246965, 0.0024490351788699627]"
crop,object,940,849,849,1,0.9599988460540771,"[849, 725, 899, 659, 901]","[0.9599988460540771, 0.02155205048620701, 0.007706314325332642, 0.0037003166507929564, 0.0022725467570126057]"
crop,object,941,968,659,0,0.3146335184574127,"[659, 861, 680, 725, 968]","[0.3146335184574127, 0.10759910941123962, 0.08559133112430573, 0.06942597776651382, 0.05794040113687515]"
crop,object,942,438,109,0,0.17389611899852753,"[109, 720, 961, 850, 956]","[0.17389611899852753, 0.14437159895896912, 0.09144336730241776, 0.08601309359073639, 0.057238250970840454]"
crop,object,943,530,530,1,0.4679739475250244,"[530, 754, 485, 742, 481]","[0.4679739475250244, 0.07290524989366531, 0.07003264129161835, 0.057526953518390656, 0.05746981501579285]"
crop,object,944,613,613,1,0.5870078802108765,"[613, 849, 505, 770, 739]","[0.5870078802108765, 0.19115129113197327, 0.01928088441491127, 0.019006814807653427, 0.017034951597452164]"
crop,object,945,786,534,0,0.22835572063922882,"[534, 786, 662, 742, 736]","[0.22835572063922882, 0.16109530627727509, 0.034712016582489014, 0.028358208015561104, 0.02526087686419487]"
crop,object,946,466,587,0,0.09862035512924194,"[587, 770, 845, 784, 405]","[0.09862035512924194, 0.06537800282239914, 0.0633438229560852, 0.05665246397256851, 0.05042653530836105]"
crop,object,947,466,405,0,0.22331301867961884,"[405, 812, 908, 896, 804]","[0.22331301867961884, 0.06727760285139084, 0.06032451242208481, 0.037243761122226715, 0.029890036210417747]"
crop,object,948,466,898,0,0.12818008661270142,"[898, 845, 405, 908, 818]","[0.12818008661270142, 0.06874988973140717, 0.05238232761621475, 0.051071926951408386, 0.04679093509912491]"
crop,object,949,547,547,1,0.7903984189033508,"[547, 705, 829, 517, 740]","[0.7903984189033508, 0.12655602395534515, 0.010668867267668247, 0.00998544692993164, 0.006246599834412336]"
crop,object,950,547,89,0,0.24417589604854584,"[89, 820, 404, 895, 781]","[0.24417589604854584, 0.13251908123493195, 0.11182193458080292, 0.049848586320877075, 0.02566165290772915]"
crop,object,951,547,609,0,0.1525963693857193,"[609, 510, 898, 626, 405]","[0.1525963693857193, 0.05614900961518288, 0.05337024852633476, 0.043297071009874344, 0.04019777104258537]"
crop,object,952,466,466,1,0.8328859806060791,"[466, 895, 849, 405, 836]","[0.8328859806060791, 0.03185543045401573, 0.01964031346142292, 0.017644423991441727, 0.0060043237172067165]"
crop,object,953,466,908,0,0.2429504245519638,"[908, 404, 405, 812, 466]","[0.2429504245519638, 0.2247646450996399, 0.22110764682292938, 0.06550824642181396, 0.056194376200437546]"
crop,object,954,829,829,1,0.23716026544570923,"[829, 874, 705, 873, 495]","[0.23716026544570923, 0.11930855363607407, 0.07247859984636307, 0.06239810213446617, 0.031993165612220764]"
crop,object,955,547,547,1,0.5040696859359741,"[547, 705, 510, 569, 847]","[0.5040696859359741, 0.15989241003990173, 0.12052461504936218, 0.020559068769216537, 0.01767556183040142]"
crop,object,956,829,555,0,0.0902884304523468,"[555, 829, 705, 569, 867]","[0.0902884304523468, 0.07800344377756119, 0.07746834307909012, 0.0769495964050293, 0.037472743541002274]"
crop,object,957,829,609,0,0.4610143005847931,"[609, 626, 650, 804, 759]","[0.4610143005847931, 0.04839963838458061, 0.036707114428281784, 0.030749954283237457, 0.021972503513097763]"
crop,object,958,829,609,0,0.09730422496795654,"[609, 783, 626, 759, 732]","[0.09730422496795654, 0.08444010466337204, 0.08309337496757507, 0.05803123861551285, 0.042681142687797546]"
crop,object,959,820,820,1,0.9321292638778687,"[820, 87, 740, 812, 471]","[0.9321292638778687, 0.01251778844743967, 0.010366137139499187, 0.007071565371006727, 0.003976000007241964]"
crop,object,960,820,87,0,0.08498696982860565,"[87, 820, 701, 740, 802]","[0.08498696982860565, 0.07846146821975708, 0.07273321598768234, 0.07203587144613266, 0.03716475889086723]"
crop,object,961,829,829,1,0.7546714544296265,"[829, 779, 874, 705, 561]","[0.7546714544296265, 0.05647968500852585, 0.025404276326298714, 0.014289154671132565, 0.010621442459523678]"
crop,object,962,820,699,0,0.06936182081699371,"[699, 776, 317, 566, 783]","[0.06936182081699371, 0.05927639082074165, 0.040166907012462616, 0.038713488727808, 0.03664864972233772]"
crop,object,963,829,510,0,0.19004379212856293,"[510, 710, 913, 495, 592]","[0.19004379212856293, 0.046004459261894226, 0.04437689855694771, 0.04006339982151985, 0.035225849598646164]"
crop,object,964,829,405,0,0.23174187541007996,"[405, 784, 555, 864, 404]","[0.23174187541007996, 0.20644991099834442, 0.04989108443260193, 0.04772491008043289, 0.0355893038213253]"
crop,object,965,829,829,1,0.27669766545295715,"[829, 654, 874, 784, 705]","[0.27669766545295715, 0.14629638195037842, 0.04082828387618065, 0.037670284509658813, 0.03573588654398918]"
crop,object,966,820,812,0,0.059011030942201614,"[812, 610, 546, 898, 592]","[0.059011030942201614, 0.05729858577251434, 0.05166871100664139, 0.0420561246573925, 0.029248053207993507]"
crop,object,967,829,829,1,0.12866777181625366,"[829, 705, 628, 517, 555]","[0.12866777181625366, 0.08823729306459427, 0.05084739625453949, 0.04908490180969238, 0.044992007315158844]"
crop,object,968,102,102,1,0.15033431351184845,"[102, 135, 328, 584, 98]","[0.15033431351184845, 0.12533272802829742, 0.035641103982925415, 0.0261994618922472, 0.022661399096250534]"
crop,object,969,850,793,0,0.2156507670879364,"[793, 903, 679, 43, 14]","[0.2156507670879364, 0.0674084797501564, 0.05575215816497803, 0.04426206275820732, 0.04104392230510712]"
crop,object,970,850,850,1,0.6035184860229492,"[850, 325, 584, 719, 322]","[0.6035184860229492, 0.11763903498649597, 0.042592018842697144, 0.020262613892555237, 0.019651977345347404]"
crop,object,971,539,517,0,0.22492609918117523,"[517, 47, 316, 42, 43]","[0.22492609918117523, 0.12953710556030273, 0.037391189485788345, 0.03699878603219986, 0.03451920300722122]"
crop,object,972,374,372,0,0.13623788952827454,"[372, 374, 488, 381, 21]","[0.13623788952827454, 0.09995763748884201, 0.08459727466106415, 0.05209715664386749, 0.042979396879673004]"
crop,object,973,601,601,1,0.9424198269844055,"[601, 689, 699, 869, 578]","[0.9424198269844055, 0.03944908455014229, 0.0070534455589950085, 0.0026873003225773573, 0.0020195397082716227]"
crop,object,974,929,677,0,0.25586578249931335,"[677, 783, 94, 350, 306]","[0.25586578249931335, 0.08582740277051926, 0.08190293610095978, 0.06831464171409607, 0.04095340147614479]"
crop,object,975,203,202,0,0.21654990315437317,"[202, 153, 203, 192, 169]","[0.21654990315437317, 0.2134324461221695, 0.11778353899717331, 0.09573770314455032, 0.07877467572689056]"
crop,object,976,532,701,0,0.17336764931678772,"[701, 136, 910, 868, 828]","[0.17336764931678772, 0.08885366469621658, 0.04573838412761688, 0.04093613475561142, 0.03733786568045616]"
crop,object,977,153,153,1,0.48731672763824463,"[153, 89, 203, 189, 266]","[0.48731672763824463, 0.0849904790520668, 0.08102210611104965, 0.06530512124300003, 0.05413364991545677]"
crop,object,978,733,872,0,0.15397711098194122,"[872, 600, 677, 517, 733]","[0.15397711098194122, 0.1244988888502121, 0.111740343272686, 0.08132787048816681, 0.07586847245693207]"
crop,object,979,363,316,0,0.057721447199583054,"[316, 142, 584, 47, 783]","[0.057721447199583054, 0.04926011711359024, 0.04132808744907379, 0.04083024337887764, 0.03687914088368416]"
crop,object,980,674,674,1,0.25633886456489563,"[674, 908, 895, 573, 730]","[0.25633886456489563, 0.0898222103714943, 0.07776074856519699, 0.03609822317957878, 0.034076154232025146]"
crop,object,981,778,405,0,0.32622480392456055,"[405, 999, 549, 499, 767]","[0.32622480392456055, 0.10495069622993469, 0.051382578909397125, 0.03447386994957924, 0.03296545147895813]"
crop,object,982,765,883,0,0.34515368938446045,"[883, 496, 697, 614, 411]","[0.34515368938446045, 0.20394621789455414, 0.16121569275856018, 0.05847833678126335, 0.054871752858161926]"
crop,object,983,161,94,0,0.2773788273334503,"[94, 273, 161, 218, 235]","[0.2773788273334503, 0.1516149491071701, 0.14481084048748016, 0.09914261847734451, 0.02794203720986843]"
crop,object,984,539,282,0,0.18511244654655457,"[282, 172, 750, 47, 112]","[0.18511244654655457, 0.1686418205499649, 0.07100746035575867, 0.05948089063167572, 0.04789982736110687]"
crop,object,985,999,728,0,0.23012690246105194,"[728, 431, 516, 927, 132]","[0.23012690246105194, 0.18357712030410767, 0.1385534405708313, 0.056947316974401474, 0.04474661499261856]"
crop,object,986,715,889,0,0.13209353387355804,"[889, 524, 461, 676, 306]","[0.13209353387355804, 0.127123162150383, 0.06990750133991241, 0.05448853597044945, 0.04881712421774864]"
crop,object,987,153,793,0,0.2365490347146988,"[793, 153, 265, 202, 181]","[0.2365490347146988, 0.217387393116951, 0.13925549387931824, 0.04113810136914253, 0.033991750329732895]"
crop,object,988,161,247,0,0.36421990394592285,"[247, 161, 167, 162, 242]","[0.36421990394592285, 0.17250877618789673, 0.1334191858768463, 0.10739944130182266, 0.06585243344306946]"
crop,object,989,543,543,1,0.2579355835914612,"[543, 783, 417, 422, 892]","[0.2579355835914612, 0.10721860080957413, 0.06357461959123611, 0.04102834686636925, 0.03425762429833412]"
crop,object,990,161,112,0,0.04569799453020096,"[112, 417, 679, 889, 306]","[0.04569799453020096, 0.04555661603808403, 0.037704192101955414, 0.032193318009376526, 0.02886395901441574]"
crop,object,991,849,504,0,0.3327636420726776,"[504, 968, 647, 899, 849]","[0.3327636420726776, 0.17264702916145325, 0.09900131076574326, 0.0920422375202179, 0.06454874575138092]"
crop,object,992,422,783,0,0.34596824645996094,"[783, 543, 895, 740, 488]","[0.34596824645996094, 0.15913939476013184, 0.09178706258535385, 0.04662752151489258, 0.031028563156723976]"
crop,object,993,157,157,1,0.20843349397182465,"[157, 155, 284, 261, 154]","[0.20843349397182465, 0.16258597373962402, 0.11491936445236206, 0.08762846142053604, 0.07669895887374878]"
crop,object,994,193,235,0,0.3660275936126709,"[235, 275, 186, 175, 191]","[0.3660275936126709, 0.12744921445846558, 0.11559010297060013, 0.06405359506607056, 0.04168221727013588]"
crop,object,995,728,767,0,0.38820403814315796,"[767, 316, 710, 317, 419]","[0.38820403814315796, 0.09469792246818542, 0.07333826273679733, 0.07142273336648941, 0.053142249584198]"
crop,object,996,201,189,0,0.23607811331748962,"[189, 202, 94, 196, 265]","[0.23607811331748962, 0.08529765158891678, 0.06946080923080444, 0.06330862641334534, 0.05338111147284508]"
crop,object,997,174,174,1,0.16263678669929504,"[174, 181, 198, 269, 196]","[0.16263678669929504, 0.13616132736206055, 0.07972817867994308, 0.07296285033226013, 0.06945174187421799]"
crop,object,998,171,178,0,0.23750407993793488,"[178, 171, 21, 210, 16]","[0.23750407993793488, 0.14833201467990875, 0.06879604607820511, 0.035996999591588974, 0.03446844592690468]"
crop,object,999,161,162,0,0.10438967496156693,"[162, 242, 167, 163, 161]","[0.10438967496156693, 0.04976309463381767, 0.04385939985513687, 0.03613796830177307, 0.035439468920230865]"
crop,object,1000,882,882,1,0.6949419379234314,"[882, 621, 629, 696, 790]","[0.6949419379234314, 0.035370904952287674, 0.02727419324219227, 0.02234475314617157, 0.021639397367835045]"
crop,object,1001,199,22,0,0.2420625537633896,"[22, 23, 256, 100, 136]","[0.2420625537633896, 0.09979958832263947, 0.0883299708366394, 0.07390493899583817, 0.060730479657649994]"
crop,object,1002,226,255,0,0.12010954320430756,"[255, 219, 225, 226, 207]","[0.12010954320430756, 0.11452596634626389, 0.10194439440965652, 0.07231119275093079, 0.049476440995931625]"
crop,object,1003,559,559,1,0.09821794927120209,"[559, 489, 846, 619, 752]","[0.09821794927120209, 0.09011971950531006, 0.07309707254171371, 0.07197177410125732, 0.06756571680307388]"
crop,object,1004,532,146,0,0.21871908009052277,"[146, 532, 95, 549, 702]","[0.21871908009052277, 0.13455668091773987, 0.06975151598453522, 0.06805123388767242, 0.04562225937843323]"
crop,object,1005,882,966,0,0.10417291522026062,"[966, 597, 872, 759, 740]","[0.10417291522026062, 0.09441173076629639, 0.035460155457258224, 0.034267835319042206, 0.033065930008888245]"
crop,object,1006,174,21,0,0.07863253355026245,"[21, 676, 956, 306, 852]","[0.07863253355026245, 0.07853608578443527, 0.06621763110160828, 0.06012073531746864, 0.03705340996384621]"
crop,object,1007,86,86,1,0.9924437403678894,"[86, 82, 129, 43, 87]","[0.9924437403678894, 0.005464151967316866, 0.00023706709907855839, 0.00017740711336955428, 0.00013789151853416115]"
crop,object,1008,178,178,1,0.9927254915237427,"[178, 211, 159, 793, 208]","[0.9927254915237427, 0.001480214181356132, 0.0007239073747768998, 0.0006728191510774195, 0.0005744650843553245]"
crop,object,1009,252,73,0,0.17171965539455414,"[73, 321, 783, 308, 303]","[0.17171965539455414, 0.07010472565889359, 0.068236343562603, 0.06654024869203568, 0.06293485313653946]"
crop,object,1010,156,219,0,0.21333348751068115,"[219, 94, 218, 212, 266]","[0.21333348751068115, 0.06237669661641121, 0.0517515167593956, 0.04892059788107872, 0.04473802447319031]"
crop,object,1011,208,129,0,0.4538668692111969,"[129, 219, 155, 112, 21]","[0.4538668692111969, 0.1471811681985855, 0.03827999159693718, 0.030154157429933548, 0.02944176457822323]"
crop,object,1012,543,783,0,0.17070360481739044,"[783, 88, 600, 677, 405]","[0.17070360481739044, 0.07463472336530685, 0.06483040750026703, 0.049744900315999985, 0.049268804490566254]"
crop,object,1013,444,513,0,0.5727077126502991,"[513, 444, 488, 875, 584]","[0.5727077126502991, 0.24565018713474274, 0.016978641971945763, 0.014182277955114841, 0.011676686815917492]"
crop,object,1014,823,596,0,0.1775350272655487,"[596, 399, 617, 636, 869]","[0.1775350272655487, 0.08050721883773804, 0.04480000212788582, 0.04240773990750313, 0.04021638631820679]"
crop,object,1015,841,615,0,0.12419828027486801,"[615, 655, 496, 697, 614]","[0.12419828027486801, 0.10784278064966202, 0.08167087286710739, 0.057957470417022705, 0.047261305153369904]"
crop,object,1016,581,581,1,0.6540364027023315,"[581, 592, 818, 859, 606]","[0.6540364027023315, 0.03984932601451874, 0.03903041034936905, 0.024994807317852974, 0.02418454736471176]"
crop,object,1017,601,944,0,0.14911209046840668,"[944, 701, 81, 89, 883]","[0.14911209046840668, 0.08725636452436447, 0.05959738790988922, 0.04953605309128761, 0.04587973654270172]"
crop,object,1018,857,776,0,0.1865132451057434,"[776, 513, 442, 94, 711]","[0.1865132451057434, 0.0728985071182251, 0.05899364873766899, 0.04168050363659859, 0.03808888792991638]"
crop,object,1019,822,488,0,0.15577910840511322,"[488, 405, 679, 584, 110]","[0.15577910840511322, 0.05546816065907478, 0.03941181302070618, 0.03765584155917168, 0.029418865218758583]"
crop,object,1020,543,783,0,0.1901736706495285,"[783, 53, 771, 481, 88]","[0.1901736706495285, 0.04918353259563446, 0.03393154218792915, 0.03092527948319912, 0.029550250619649887]"
crop,object,1021,559,755,0,0.14371930062770844,"[755, 456, 828, 807, 892]","[0.14371930062770844, 0.0673225000500679, 0.05933314189314842, 0.05329626798629761, 0.05281810835003853]"
crop,object,1022,863,783,0,0.15778355300426483,"[783, 645, 679, 600, 488]","[0.15778355300426483, 0.14398795366287231, 0.11726216226816177, 0.10568486154079437, 0.09984612464904785]"
crop,object,1023,486,679,0,0.29556187987327576,"[679, 600, 845, 783, 315]","[0.29556187987327576, 0.17522606253623962, 0.04577099159359932, 0.03213360160589218, 0.029724648222327232]"
crop,object,1024,450,450,1,0.24878989160060883,"[450, 692, 510, 625, 555]","[0.24878989160060883, 0.07757079601287842, 0.05727135390043259, 0.05609719827771187, 0.039671916514635086]"
crop,object,1025,615,895,0,0.2674143314361572,"[895, 783, 677, 405, 920]","[0.2674143314361572, 0.2524751126766205, 0.12552405893802643, 0.09637195616960526, 0.03436762094497681]"
crop,object,1026,579,579,1,0.41694018244743347,"[579, 517, 846, 456, 512]","[0.41694018244743347, 0.18865226209163666, 0.08967020362615585, 0.03186112642288208, 0.019095713272690773]"
crop,object,1027,790,784,0,0.15749135613441467,"[784, 767, 769, 315, 549]","[0.15749135613441467, 0.06591302156448364, 0.06149284541606903, 0.051371604204177856, 0.04956399276852608]"
crop,object,1028,160,22,0,0.5874513387680054,"[22, 24, 9, 21, 206]","[0.5874513387680054, 0.1513732522726059, 0.08845022320747375, 0.024206558242440224, 0.02320270799100399]"
crop,object,1029,422,845,0,0.12219633162021637,"[845, 764, 418, 784, 895]","[0.12219633162021637, 0.07647944241762161, 0.0742519348859787, 0.07135394960641861, 0.04784300550818443]"
crop,object,1030,882,306,0,0.24999895691871643,"[306, 772, 889, 455, 606]","[0.24999895691871643, 0.06333991885185242, 0.05397344380617142, 0.05265892669558525, 0.04262697324156761]"
crop,object,1031,608,549,0,0.1067981868982315,"[549, 608, 677, 872, 744]","[0.1067981868982315, 0.05066865310072899, 0.025580832734704018, 0.020435789600014687, 0.018822068348526955]"
crop,object,1032,489,494,0,0.17744044959545135,"[494, 557, 677, 650, 733]","[0.17744044959545135, 0.10375022143125534, 0.07831567525863647, 0.06444916874170303, 0.046855002641677856]"
crop,object,1033,212,219,0,0.5207220911979675,"[219, 94, 189, 191, 216]","[0.5207220911979675, 0.09563566744327545, 0.05122113972902298, 0.03871879726648331, 0.027993008494377136]"
crop,object,1034,145,308,0,0.09821014851331711,"[308, 309, 251, 783, 89]","[0.09821014851331711, 0.06545475870370865, 0.04512157663702965, 0.040283191949129105, 0.04014167934656143]"
crop,object,1035,103,103,1,0.07913365215063095,"[103, 952, 36, 33, 35]","[0.07913365215063095, 0.06322981417179108, 0.0596340075135231, 0.05167876556515694, 0.050470609217882156]"
crop,object,1036,148,94,0,0.19312334060668945,"[94, 120, 677, 783, 405]","[0.19312334060668945, 0.07108283787965775, 0.06846193224191666, 0.044880449771881104, 0.04195347800850868]"
crop,object,1037,149,5,0,0.2137359380722046,"[5, 149, 787, 813, 112]","[0.2137359380722046, 0.14286482334136963, 0.034092407673597336, 0.030730359256267548, 0.027919361367821693]"
crop,object,1038,103,94,0,0.16348423063755035,"[94, 129, 319, 316, 352]","[0.16348423063755035, 0.1045457199215889, 0.0935937762260437, 0.09264922887086868, 0.07107356190681458]"
crop,object,1039,148,895,0,0.36679065227508545,"[895, 128, 488, 18, 127]","[0.36679065227508545, 0.2099388986825943, 0.04130005091428757, 0.04106679558753967, 0.03206910192966461]"
crop,object,1040,148,677,0,0.2673572301864624,"[677, 783, 21, 89, 22]","[0.2673572301864624, 0.13185065984725952, 0.04728911444544792, 0.0376579724252224, 0.037302982062101364]"
crop,object,1041,148,71,0,0.10846628248691559,"[71, 306, 94, 307, 305]","[0.10846628248691559, 0.05325216427445412, 0.04902743920683861, 0.03838697448372841, 0.03513709455728531]"
crop,object,1042,983,584,0,0.3167375326156616,"[584, 679, 801, 701, 971]","[0.3167375326156616, 0.2375120371580124, 0.0681927502155304, 0.03494196757674217, 0.023160649463534355]"
crop,object,1043,842,14,0,0.2575419843196869,"[14, 308, 793, 125, 90]","[0.2575419843196869, 0.1137329712510109, 0.10554131865501404, 0.0769381895661354, 0.0677221417427063]"
crop,object,1044,1,1,1,0.07202835381031036,"[1, 772, 596, 405, 767]","[0.07202835381031036, 0.05909550189971924, 0.0578647144138813, 0.05522872135043144, 0.04566912725567818]"
crop,object,1045,36,94,0,0.4470236599445343,"[94, 47, 316, 50, 39]","[0.4470236599445343, 0.0761793777346611, 0.06473582983016968, 0.04908439889550209, 0.04745926707983017]"
crop,object,1046,155,155,1,0.290374755859375,"[155, 200, 170, 204, 202]","[0.290374755859375, 0.22580145299434662, 0.1388988047838211, 0.09251552075147629, 0.04608803242444992]"
crop,object,1047,148,783,0,0.3435207009315491,"[783, 677, 767, 42, 21]","[0.3435207009315491, 0.17050457000732422, 0.031745392829179764, 0.030449096113443375, 0.025593291968107224]"
crop,object,1048,148,501,0,0.13307499885559082,"[501, 81, 689, 728, 112]","[0.13307499885559082, 0.0980461835861206, 0.07811757922172546, 0.07578769326210022, 0.0757412388920784]"
crop,object,1049,822,783,0,0.1540067493915558,"[783, 453, 677, 710, 624]","[0.1540067493915558, 0.12466994673013687, 0.06117238104343414, 0.04805698245763779, 0.03979818522930145]"
crop,object,1050,842,125,0,0.10668250918388367,"[125, 71, 119, 413, 22]","[0.10668250918388367, 0.0659218579530716, 0.06123460456728935, 0.042537398636341095, 0.04220566526055336]"
crop,object,1051,150,21,0,0.23269684612751007,"[21, 150, 13, 14, 372]","[0.23269684612751007, 0.1602567732334137, 0.08740782737731934, 0.07378989458084106, 0.05005938187241554]"
crop,object,1052,148,148,1,0.67922443151474,"[148, 128, 405, 18, 404]","[0.67922443151474, 0.10617877542972565, 0.04634698107838631, 0.039288174360990524, 0.027418911457061768]"
crop,object,1053,420,420,1,0.7073352336883545,"[420, 679, 828, 618, 600]","[0.7073352336883545, 0.10663451254367828, 0.0196123868227005, 0.009152122773230076, 0.007018175907433033]"
crop,object,1054,932,793,0,0.21979117393493652,"[793, 304, 679, 584, 307]","[0.21979117393493652, 0.18909329175949097, 0.14378724992275238, 0.08156943321228027, 0.0669441670179367]"
crop,object,1055,862,437,0,0.33136624097824097,"[437, 442, 846, 677, 663]","[0.33136624097824097, 0.19931970536708832, 0.08186011016368866, 0.04451132193207741, 0.04108913242816925]"
crop,object,1056,964,66,0,0.16008448600769043,"[66, 68, 988, 931, 677]","[0.16008448600769043, 0.07350867241621017, 0.06273484975099564, 0.038416579365730286, 0.036313265562057495]"
crop,object,1057,76,310,0,0.24433085322380066,"[310, 78, 120, 71, 306]","[0.24433085322380066, 0.10468638688325882, 0.05012645199894905, 0.040769096463918686, 0.036241982132196426]"
crop,object,1058,563,677,0,0.215885192155838,"[677, 784, 128, 783, 557]","[0.215885192155838, 0.1425495445728302, 0.06377064436674118, 0.05499250441789627, 0.047586191445589066]"
crop,object,1059,329,21,0,0.1526099294424057,"[21, 22, 783, 135, 68]","[0.1526099294424057, 0.06345979869365692, 0.05118807777762413, 0.050696954131126404, 0.04762304574251175]"
crop,object,1060,928,10,0,0.07356367260217667,"[10, 326, 308, 783, 570]","[0.07356367260217667, 0.07281629741191864, 0.06347247958183289, 0.03511640802025795, 0.032309774309396744]"
crop,object,1061,420,679,0,0.17449751496315002,"[679, 420, 300, 319, 845]","[0.17449751496315002, 0.10746964067220688, 0.055551715195178986, 0.04487432911992073, 0.044845834374427795]"
crop,object,1062,45,45,1,0.1702207326889038,"[45, 67, 41, 53, 44]","[0.1702207326889038, 0.11648423224687576, 0.06990453600883484, 0.040323495864868164, 0.03888462483882904]"
crop,object,1063,963,94,0,0.2479892075061798,"[94, 701, 10, 22, 73]","[0.2479892075061798, 0.1269814819097519, 0.07352903485298157, 0.07249684631824493, 0.0336933359503746]"
crop,object,1064,17,34,0,0.1079164519906044,"[34, 94, 21, 88, 307]","[0.1079164519906044, 0.08217041194438934, 0.06429081410169601, 0.05990105867385864, 0.0577632375061512]"
crop,object,1065,420,420,1,0.8403876423835754,"[420, 755, 545, 861, 546]","[0.8403876423835754, 0.023798299953341484, 0.018628763034939766, 0.0070211379788815975, 0.006269702687859535]"
crop,object,1066,737,701,0,0.057342540472745895,"[701, 725, 610, 902, 438]","[0.057342540472745895, 0.05531090125441551, 0.05242772400379181, 0.04224349185824394, 0.04189117252826691]"
crop,object,1067,420,420,1,0.23376081883907318,"[420, 679, 755, 94, 767]","[0.23376081883907318, 0.1688813865184784, 0.04420428350567818, 0.030487459152936935, 0.0283438041806221]"
crop,object,1068,513,513,1,0.2546718716621399,"[513, 512, 679, 584, 776]","[0.2546718716621399, 0.08442622423171997, 0.0637783631682396, 0.058542974293231964, 0.030001787468791008]"
crop,object,1069,27,78,0,0.09672889113426208,"[78, 310, 300, 71, 307]","[0.09672889113426208, 0.07305930554866791, 0.07012442499399185, 0.05311169847846031, 0.052547067403793335]"
crop,object,1070,420,420,1,0.10888795554637909,"[420, 93, 89, 699, 22]","[0.10888795554637909, 0.09273504465818405, 0.05795208364725113, 0.043004728853702545, 0.042626071721315384]"
crop,object,1071,186,94,0,0.13733257353305817,"[94, 125, 98, 316, 119]","[0.13733257353305817, 0.07334105670452118, 0.07139534503221512, 0.06676562875509262, 0.05208407714962959]"
crop,object,1072,305,783,0,0.2904558479785919,"[783, 305, 316, 20, 677]","[0.2904558479785919, 0.08188934624195099, 0.05864192172884941, 0.04935642331838608, 0.04531688243150711]"
crop,object,1073,27,120,0,0.11097501218318939,"[120, 308, 71, 78, 110]","[0.11097501218318939, 0.10300664603710175, 0.08736509829759598, 0.07258929312229156, 0.05149642378091812]"
crop,object,1074,681,594,0,0.9750849604606628,"[594, 854, 401, 687, 839]","[0.9750849604606628, 0.007875608280301094, 0.0029672402888536453, 0.0014525444712489843, 0.0008542065625078976]"
crop,object,1075,790,790,1,0.31951433420181274,"[790, 692, 572, 898, 784]","[0.31951433420181274, 0.14866435527801514, 0.04568323493003845, 0.04463605210185051, 0.030415276065468788]"
crop,object,1076,679,679,1,0.19392597675323486,"[679, 50, 300, 490, 139]","[0.19392597675323486, 0.10853764414787292, 0.07463689893484116, 0.07069957256317139, 0.04653486981987953]"
crop,object,1077,441,898,0,0.1286698579788208,"[898, 855, 496, 767, 614]","[0.1286698579788208, 0.12311755865812302, 0.06577939540147781, 0.058864932507276535, 0.04666491225361824]"
crop,object,1078,929,405,0,0.30877313017845154,"[405, 812, 744, 549, 677]","[0.30877313017845154, 0.05921157822012901, 0.048803411424160004, 0.04455236345529556, 0.02771313674747944]"
crop,object,1079,87,87,1,0.9674733281135559,"[87, 20, 89, 21, 13]","[0.9674733281135559, 0.007063054013997316, 0.0031084713991731405, 0.0020125999581068754, 0.0019191838800907135]"
crop,object,1080,268,94,0,0.42003658413887024,"[94, 21, 87, 20, 16]","[0.42003658413887024, 0.147573322057724, 0.07876306027173996, 0.0616600327193737, 0.03177284076809883]"
crop,object,1081,882,908,0,0.2842586934566498,"[908, 146, 405, 606, 840]","[0.2842586934566498, 0.1166696548461914, 0.08354273438453674, 0.047242309898138046, 0.04403064399957657]"
crop,object,1082,320,319,0,0.29969125986099243,"[319, 300, 303, 320, 308]","[0.29969125986099243, 0.18667568266391754, 0.09215127676725388, 0.06595510244369507, 0.060283295810222626]"
crop,object,1083,621,758,0,0.0995812863111496,"[758, 751, 908, 512, 740]","[0.0995812863111496, 0.09656877815723419, 0.08063723146915436, 0.07910751551389694, 0.06317306309938431]"
crop,object,1084,202,294,0,0.09802483022212982,"[294, 350, 348, 202, 181]","[0.09802483022212982, 0.08988891541957855, 0.07665500789880753, 0.07652484625577927, 0.04623164236545563]"
crop,object,1085,430,783,0,0.2046375721693039,"[783, 767, 852, 600, 22]","[0.2046375721693039, 0.12092941254377365, 0.08765926957130432, 0.056760236620903015, 0.05156664177775383]"
crop,object,1086,157,218,0,0.12070134282112122,"[218, 22, 153, 129, 112]","[0.12070134282112122, 0.11777471005916595, 0.05088852345943451, 0.04731282964348793, 0.04035323113203049]"
crop,object,1087,733,733,1,0.24900716543197632,"[733, 744, 488, 446, 583]","[0.24900716543197632, 0.11928993463516235, 0.07317721843719482, 0.06738576292991638, 0.043282780796289444]"
crop,object,1088,765,94,0,0.31520769000053406,"[94, 24, 129, 772, 464]","[0.31520769000053406, 0.0326445996761322, 0.027916107326745987, 0.026691773906350136, 0.02521691657602787]"
crop,object,1089,231,189,0,0.31213968992233276,"[189, 202, 185, 266, 219]","[0.31213968992233276, 0.22318896651268005, 0.05525219812989235, 0.048162151128053665, 0.047661591321229935]"
crop,object,1090,602,733,0,0.23512673377990723,"[733, 517, 677, 845, 456]","[0.23512673377990723, 0.18637290596961975, 0.09239467233419418, 0.08355709910392761, 0.05311130732297897]"
crop,object,1091,208,112,0,0.37960559129714966,"[112, 129, 178, 127, 793]","[0.37960559129714966, 0.1435064971446991, 0.1009988933801651, 0.0842352882027626, 0.040358297526836395]"
crop,object,1092,792,311,0,0.13318461179733276,"[311, 677, 780, 517, 456]","[0.13318461179733276, 0.08124782145023346, 0.061903055757284164, 0.04515640810132027, 0.0440048985183239]"
crop,object,1093,621,679,0,0.22447381913661957,"[679, 908, 895, 303, 758]","[0.22447381913661957, 0.07764794677495956, 0.05068869888782501, 0.04760781675577164, 0.040803276002407074]"
crop,object,1094,765,791,0,0.16635151207447052,"[791, 783, 772, 677, 784]","[0.16635151207447052, 0.08155131340026855, 0.05391860753297806, 0.036641333252191544, 0.022055309265851974]"
crop,object,1095,177,170,0,0.6536827683448792,"[170, 177, 21, 94, 181]","[0.6536827683448792, 0.07150258123874664, 0.06442990899085999, 0.020450733602046967, 0.014922846108675003]"
crop,object,1096,199,199,1,0.4726102948188782,"[199, 233, 197, 192, 200]","[0.4726102948188782, 0.09897063672542572, 0.09219220280647278, 0.07881872355937958, 0.06160489097237587]"
crop,object,1097,645,733,0,0.2865375876426697,"[733, 600, 677, 517, 456]","[0.2865375876426697, 0.16019922494888306, 0.06268882006406784, 0.05101232975721359, 0.039036188274621964]"
crop,object,1098,199,183,0,0.17574022710323334,"[183, 233, 177, 197, 198]","[0.17574022710323334, 0.14924311637878418, 0.14455583691596985, 0.13107182085514069, 0.12048698216676712]"
crop,object,1099,170,271,0,0.3690803050994873,"[271, 273, 129, 584, 21]","[0.3690803050994873, 0.2087864726781845, 0.08946091681718826, 0.055955931544303894, 0.02904578112065792]"
crop,object,1100,880,10,0,0.050949882715940475,"[10, 600, 677, 442, 783]","[0.050949882715940475, 0.04411298781633377, 0.04286612942814827, 0.04274969547986984, 0.032131925225257874]"
crop,object,1101,188,216,0,0.27525395154953003,"[216, 202, 181, 189, 266]","[0.27525395154953003, 0.1438656598329544, 0.10797124356031418, 0.07643496990203857, 0.05354233831167221]"
crop,object,1102,621,772,0,0.13408543169498444,"[772, 625, 895, 405, 512]","[0.13408543169498444, 0.11240553110837936, 0.04445392265915871, 0.041877806186676025, 0.034612808376550674]"
crop,object,1103,170,350,0,0.1374075561761856,"[350, 19, 21, 9, 348]","[0.1374075561761856, 0.10523703694343567, 0.06159339100122452, 0.061417073011398315, 0.03755635768175125]"
crop,object,1104,250,250,1,0.1968824714422226,"[250, 248, 356, 89, 13]","[0.1968824714422226, 0.14210182428359985, 0.08195019513368607, 0.07608425617218018, 0.06313733011484146]"
crop,object,1105,354,94,0,0.09628123044967651,"[94, 350, 354, 298, 377]","[0.09628123044967651, 0.08977316319942474, 0.07180744409561157, 0.048832330852746964, 0.04258809611201286]"
crop,object,1106,522,701,0,0.06281761080026627,"[701, 356, 405, 605, 662]","[0.06281761080026627, 0.04515121504664421, 0.03445230796933174, 0.028927640989422798, 0.023625267669558525]"
crop,object,1107,267,127,0,0.1850651502609253,"[127, 257, 181, 155, 267]","[0.1850651502609253, 0.1180640161037445, 0.06266345083713531, 0.05937950685620308, 0.058043546974658966]"
crop,object,1108,945,301,0,0.3679482340812683,"[301, 679, 584, 309, 957]","[0.3679482340812683, 0.15621641278266907, 0.11509155482053757, 0.055533330887556076, 0.03808736428618431]"
crop,object,1109,340,679,0,0.17617230117321014,"[679, 490, 512, 340, 828]","[0.17617230117321014, 0.1320015788078308, 0.121543750166893, 0.0839567705988884, 0.07793547213077545]"
crop,object,1110,772,600,0,0.6412920355796814,"[600, 733, 772, 517, 784]","[0.6412920355796814, 0.1469312161207199, 0.04688847064971924, 0.01005567517131567, 0.007700239308178425]"
crop,object,1111,137,20,0,0.4370434284210205,"[20, 137, 13, 16, 94]","[0.4370434284210205, 0.13429513573646545, 0.12862159311771393, 0.10841036587953568, 0.03258825093507767]"
crop,object,1112,212,22,0,0.17593266069889069,"[22, 679, 303, 321, 701]","[0.17593266069889069, 0.13897524774074554, 0.08431670069694519, 0.026960935443639755, 0.024559905752539635]"
crop,object,1113,727,727,1,0.7175112962722778,"[727, 405, 668, 513, 650]","[0.7175112962722778, 0.019912241026759148, 0.017156749963760376, 0.016166120767593384, 0.011392566375434399]"
crop,object,1114,491,783,0,0.0813484862446785,"[783, 42, 679, 94, 321]","[0.0813484862446785, 0.07480157166719437, 0.05305080860853195, 0.05216153338551521, 0.04662882536649704]"
crop,object,1115,707,701,0,0.10265792906284332,"[701, 783, 405, 677, 812]","[0.10265792906284332, 0.05939068645238876, 0.02557596191763878, 0.021775875240564346, 0.021133627742528915]"
crop,object,1116,929,22,0,0.12043604999780655,"[22, 21, 783, 405, 78]","[0.12043604999780655, 0.09352049231529236, 0.08585861325263977, 0.08323837071657181, 0.08151976019144058]"
crop,object,1117,645,488,0,0.16900210082530975,"[488, 677, 600, 733, 517]","[0.16900210082530975, 0.16068601608276367, 0.1266229748725891, 0.08902838826179504, 0.06459717452526093]"
crop,object,1118,198,198,1,0.2191283404827118,"[198, 170, 272, 196, 24]","[0.2191283404827118, 0.15717732906341553, 0.11173702031373978, 0.06203823909163475, 0.056177183985710144]"
crop,object,1119,170,177,0,0.062182407826185226,"[177, 350, 181, 316, 197]","[0.062182407826185226, 0.058364350348711014, 0.054999008774757385, 0.05313850939273834, 0.04570518806576729]"
crop,object,1120,645,677,0,0.2819675803184509,"[677, 600, 812, 744, 733]","[0.2819675803184509, 0.10048381239175797, 0.06070446968078613, 0.05579926818609238, 0.030566029250621796]"
crop,object,1121,181,181,1,0.882479190826416,"[181, 134, 129, 348, 356]","[0.882479190826416, 0.018551820889115334, 0.014494707807898521, 0.008706297725439072, 0.007532984483987093]"
crop,object,1122,267,181,0,0.9074373841285706,"[181, 356, 286, 129, 189]","[0.9074373841285706, 0.011924968101084232, 0.009051521308720112, 0.004607298411428928, 0.004575191531330347]"
crop,object,1123,340,340,1,0.22406423091888428,"[340, 584, 36, 506, 83]","[0.22406423091888428, 0.0999424010515213, 0.09718238562345505, 0.06598126888275146, 0.06029399111866951]"
crop,object,1124,735,783,0,0.19618436694145203,"[783, 316, 677, 776, 767]","[0.19618436694145203, 0.07183356583118439, 0.06471936404705048, 0.02921215258538723, 0.02433461882174015]"
crop,object,1125,361,22,0,0.15106306970119476,"[22, 18, 99, 127, 34]","[0.15106306970119476, 0.11672725528478622, 0.11294113844633102, 0.062961645424366, 0.039363663643598557]"
crop,object,1126,200,200,1,0.3798774182796478,"[200, 21, 9, 187, 201]","[0.3798774182796478, 0.21884098649024963, 0.08259984850883484, 0.047324616461992264, 0.034884169697761536]"
crop,object,1127,912,517,0,0.4193732738494873,"[517, 583, 780, 915, 733]","[0.4193732738494873, 0.0851271003484726, 0.06769116222858429, 0.05424296855926514, 0.04046393558382988]"
crop,object,1128,160,275,0,0.14422425627708435,"[275, 183, 160, 22, 197]","[0.14422425627708435, 0.06893634796142578, 0.04785502701997757, 0.04514773190021515, 0.04205302521586418]"
crop,object,1129,188,94,0,0.3830012381076813,"[94, 198, 181, 348, 196]","[0.3830012381076813, 0.06857383996248245, 0.06270883232355118, 0.05484997108578682, 0.048893798142671585]"
crop,object,1130,872,72,0,0.3155548870563507,"[72, 600, 74, 512, 442]","[0.3155548870563507, 0.17320144176483154, 0.03241649642586708, 0.03154825419187546, 0.02864854596555233]"
crop,object,1131,338,296,0,0.21645383536815643,"[296, 333, 216, 112, 169]","[0.21645383536815643, 0.179128497838974, 0.12435256689786911, 0.10933482646942139, 0.0953422412276268]"
crop,object,1132,191,189,0,0.5706928372383118,"[189, 191, 181, 175, 184]","[0.5706928372383118, 0.1494949758052826, 0.11789194494485855, 0.03074664995074272, 0.009238864295184612]"
crop,object,1133,226,202,0,0.3294171690940857,"[202, 182, 226, 175, 185]","[0.3294171690940857, 0.17364265024662018, 0.05520680174231529, 0.04834318533539772, 0.040244512259960175]"
crop,object,1134,953,783,0,0.08464661240577698,"[783, 677, 772, 39, 53]","[0.08464661240577698, 0.06080400198698044, 0.05499441549181938, 0.037851687520742416, 0.025805603712797165]"
crop,object,1135,544,558,0,0.0904553085565567,"[558, 442, 461, 913, 649]","[0.0904553085565567, 0.08433198928833008, 0.049270182847976685, 0.03835916519165039, 0.03651624172925949]"
crop,object,1136,757,757,1,0.5649848580360413,"[757, 526, 654, 867, 407]","[0.5649848580360413, 0.031080033630132675, 0.02943342551589012, 0.02564038336277008, 0.015997670590877533]"
