model,dataset,idx,label,pred,correct,conf_top1,top5_idx,top5_probs
crop,ooc,0,361,880,0,0.15517733991146088,"[880, 704, 832, 369, 203]","[0.15517733991146088, 0.08603871613740921, 0.07040441036224365, 0.05811560899019241, 0.04044250026345253]"
crop,ooc,1,383,178,0,0.16169920563697815,"[178, 203, 171, 215, 982]","[0.16169920563697815, 0.10409910976886749, 0.0533481165766716, 0.049048684537410736, 0.04314066097140312]"
crop,ooc,2,356,359,0,0.18497958779335022,"[359, 358, 356, 278, 249]","[0.18497958779335022, 0.08608299493789673, 0.08332301676273346, 0.0684189572930336, 0.040602006018161774]"
crop,ooc,3,18,18,1,0.234151691198349,"[18, 835, 134, 144, 939]","[0.234151691198349, 0.22501254081726074, 0.05716025084257126, 0.04727204889059067, 0.04431389272212982]"
crop,ooc,4,295,362,0,0.14843620359897614,"[362, 721, 669, 824, 434]","[0.14843620359897614, 0.11678101122379303, 0.08103081583976746, 0.03426701948046684, 0.03360506892204285]"
crop,ooc,5,112,47,0,0.15192586183547974,"[47, 59, 94, 53, 42]","[0.15192586183547974, 0.10418009757995605, 0.08786650002002716, 0.06211984530091286, 0.05894741788506508]"
crop,ooc,6,32,81,0,0.10135087370872498,"[81, 47, 649, 86, 42]","[0.10135087370872498, 0.07644938677549362, 0.07383812218904495, 0.049454472959041595, 0.04408840090036392]"
crop,ooc,7,677,331,0,0.20155549049377441,"[331, 127, 330, 135, 128]","[0.20155549049377441, 0.08796176314353943, 0.07201248407363892, 0.04604949429631233, 0.03417854756116867]"
crop,ooc,8,438,608,0,0.10082467645406723,"[608, 883, 680, 898, 411]","[0.10082467645406723, 0.08017512410879135, 0.06071917712688446, 0.0534820519387722, 0.047830164432525635]"
crop,ooc,9,409,892,0,0.6277117729187012,"[892, 409, 635, 835, 426]","[0.6277117729187012, 0.23634475469589233, 0.044293034821748734, 0.039094388484954834, 0.02238914743065834]"
crop,ooc,10,71,314,0,0.645718514919281,"[314, 306, 303, 71, 300]","[0.645718514919281, 0.1021270826458931, 0.05476308986544609, 0.025341197848320007, 0.014386379159986973]"
crop,ooc,11,850,850,1,0.7451649308204651,"[850, 333, 265, 180, 181]","[0.7451649308204651, 0.16471846401691437, 0.01075048092752695, 0.00657771248370409, 0.005962291266769171]"
crop,ooc,12,12,12,1,0.08991704136133194,"[12, 209, 172, 218, 947]","[0.08991704136133194, 0.07957012951374054, 0.06093073636293411, 0.05409878492355347, 0.03436662629246712]"
crop,ooc,13,899,883,0,0.16273647546768188,"[883, 725, 647, 786, 846]","[0.16273647546768188, 0.15285532176494598, 0.0976075753569603, 0.05628271773457527, 0.04379086196422577]"
crop,ooc,14,338,338,1,0.4518328607082367,"[338, 224, 205, 208, 223]","[0.4518328607082367, 0.11616042256355286, 0.08364534378051758, 0.06101977825164795, 0.05748980864882469]"
crop,ooc,15,17,17,1,0.8824687004089355,"[17, 18, 981, 11, 320]","[0.8824687004089355, 0.01842823624610901, 0.011344843544065952, 0.00957799144089222, 0.006776117719709873]"
crop,ooc,16,363,7,0,0.0917845144867897,"[7, 144, 129, 184, 932]","[0.0917845144867897, 0.05784748122096062, 0.05256204307079315, 0.05138605833053589, 0.04885023832321167]"
crop,ooc,17,909,835,0,0.2969008982181549,"[835, 478, 492, 519, 448]","[0.2969008982181549, 0.19264699518680573, 0.04805329442024231, 0.04608195647597313, 0.028699977323412895]"
crop,ooc,18,679,835,0,0.33569571375846863,"[835, 572, 756, 738, 463]","[0.33569571375846863, 0.1255723387002945, 0.08673837780952454, 0.07570984959602356, 0.047968681901693344]"
crop,ooc,19,618,792,0,0.22699609398841858,"[792, 178, 806, 172, 234]","[0.22699609398841858, 0.09216522425413132, 0.03849582001566887, 0.038370270282030106, 0.03776055574417114]"
crop,ooc,20,618,325,0,0.17356452345848083,"[325, 324, 64, 108, 14]","[0.17356452345848083, 0.16152802109718323, 0.12497235834598541, 0.04382108896970749, 0.03717777878046036]"
crop,ooc,21,574,574,1,0.4605153203010559,"[574, 390, 397, 149, 117]","[0.4605153203010559, 0.07388220727443695, 0.033256351947784424, 0.02711792103946209, 0.022273078560829163]"
crop,ooc,22,658,649,0,0.16493229568004608,"[649, 483, 721, 611, 112]","[0.16493229568004608, 0.1453549861907959, 0.12102535367012024, 0.03984883055090904, 0.03767789900302887]"
crop,ooc,23,461,337,0,0.1440076231956482,"[337, 367, 150, 131, 137]","[0.1440076231956482, 0.10402784496545792, 0.09392702579498291, 0.0807267427444458, 0.073642797768116]"
crop,ooc,24,132,132,1,0.11612942069768906,"[132, 173, 208, 134, 178]","[0.11612942069768906, 0.07017088681459427, 0.0694846510887146, 0.055288951843976974, 0.05521486699581146]"
crop,ooc,25,122,709,0,0.12727947533130646,"[709, 613, 875, 932, 492]","[0.12727947533130646, 0.09120810776948929, 0.03300394117832184, 0.031558215618133545, 0.030158555135130882]"
crop,ooc,26,12,146,0,0.09834123402833939,"[146, 291, 34, 85, 12]","[0.09834123402833939, 0.08704428374767303, 0.07007510960102081, 0.06768801808357239, 0.04003721848130226]"
crop,ooc,27,679,138,0,0.36288028955459595,"[138, 488, 350, 652, 63]","[0.36288028955459595, 0.0999499037861824, 0.08285435289144516, 0.06813021004199982, 0.06544893234968185]"
crop,ooc,28,23,326,0,0.15953050553798676,"[326, 303, 133, 12, 308]","[0.15953050553798676, 0.13211096823215485, 0.0801621526479721, 0.07697687298059464, 0.05661662667989731]"
crop,ooc,29,937,567,0,0.545424222946167,"[567, 909, 937, 329, 932]","[0.545424222946167, 0.2137330025434494, 0.1257036030292511, 0.02891657128930092, 0.012514852918684483]"
crop,ooc,30,679,74,0,0.2898983359336853,"[74, 313, 303, 315, 312]","[0.2898983359336853, 0.18686050176620483, 0.17974843084812164, 0.08750410377979279, 0.027908388525247574]"
crop,ooc,31,335,182,0,0.2111598551273346,"[182, 197, 219, 281, 198]","[0.2111598551273346, 0.13775531947612762, 0.07176737487316132, 0.07000433653593063, 0.046052128076553345]"
crop,ooc,32,76,138,0,0.26728105545043945,"[138, 18, 136, 128, 730]","[0.26728105545043945, 0.19032961130142212, 0.1579703688621521, 0.05773840472102165, 0.024586934596300125]"
crop,ooc,33,851,867,0,0.22412648797035217,"[867, 571, 705, 569, 851]","[0.22412648797035217, 0.12110890448093414, 0.07161040604114532, 0.06898162513971329, 0.06478610634803772]"
crop,ooc,34,770,443,0,0.17972692847251892,"[443, 806, 906, 610, 697]","[0.17972692847251892, 0.08792082220315933, 0.07453080266714096, 0.060927748680114746, 0.04512660950422287]"
crop,ooc,35,122,122,1,0.6293805241584778,"[122, 124, 118, 964, 963]","[0.6293805241584778, 0.08486174792051315, 0.07065529376268387, 0.03875176981091499, 0.027145618572831154]"
crop,ooc,36,712,577,0,0.5929551124572754,"[577, 828, 787, 545, 618]","[0.5929551124572754, 0.13075441122055054, 0.05650395154953003, 0.024340851232409477, 0.020321935415267944]"
crop,ooc,37,852,852,1,0.2620099186897278,"[852, 808, 958, 429, 727]","[0.2620099186897278, 0.10133832693099976, 0.06796775013208389, 0.05179254710674286, 0.02537071332335472]"
crop,ooc,38,12,131,0,0.461652547121048,"[131, 134, 140, 801, 775]","[0.461652547121048, 0.12807273864746094, 0.04454009234905243, 0.02985837683081627, 0.02050817757844925]"
crop,ooc,39,849,471,0,0.3341670036315918,"[471, 849, 538, 535, 801]","[0.3341670036315918, 0.16283467411994934, 0.04384128376841545, 0.035296566784381866, 0.034725259989500046]"
crop,ooc,40,606,448,0,0.17684844136238098,"[448, 270, 637, 471, 248]","[0.17684844136238098, 0.056734781712293625, 0.04708797112107277, 0.03770297393202782, 0.03549361228942871]"
crop,ooc,41,87,87,1,0.8485842347145081,"[87, 425, 980, 672, 471]","[0.8485842347145081, 0.05137720704078674, 0.010829249396920204, 0.006897378247231245, 0.005981762893497944]"
crop,ooc,42,491,491,1,0.23173180222511292,"[491, 740, 751, 613, 433]","[0.23173180222511292, 0.10628169775009155, 0.08112773299217224, 0.04404730722308159, 0.043624162673950195]"
crop,ooc,43,964,931,0,0.4044378399848938,"[931, 964, 5, 962, 924]","[0.4044378399848938, 0.2791264057159424, 0.07153424620628357, 0.06929125636816025, 0.054260097444057465]"
crop,ooc,44,635,426,0,0.5961644649505615,"[426, 826, 409, 635, 746]","[0.5961644649505615, 0.12268675863742828, 0.10244891047477722, 0.06336416304111481, 0.054745614528656006]"
crop,ooc,45,335,0,0,0.11436613649129868,"[0, 103, 35, 990, 30]","[0.11436613649129868, 0.10742341727018356, 0.05301737040281296, 0.03813717141747475, 0.03696480393409729]"
crop,ooc,46,825,989,0,0.1860741823911667,"[989, 18, 19, 17, 85]","[0.1860741823911667, 0.08724141120910645, 0.07983999699354172, 0.07976594567298889, 0.05605190247297287]"
crop,ooc,47,863,971,0,0.3421386778354645,"[971, 863, 448, 215, 837]","[0.3421386778354645, 0.09315946698188782, 0.09119787067174911, 0.04874803498387337, 0.035574670881032944]"
crop,ooc,48,839,525,0,0.3009989857673645,"[525, 44, 853, 698, 912]","[0.3009989857673645, 0.11482831090688705, 0.061408378183841705, 0.059115707874298096, 0.03001672402024269]"
crop,ooc,49,257,831,0,0.5610623955726624,"[831, 700, 598, 876, 189]","[0.5610623955726624, 0.053285956382751465, 0.04373329132795334, 0.02613988146185875, 0.02402326837182045]"
crop,ooc,50,185,970,0,0.3959365487098694,"[970, 348, 33, 112, 349]","[0.3959365487098694, 0.05960056558251381, 0.05495768412947655, 0.039538998156785965, 0.021692326292395592]"
crop,ooc,51,489,970,0,0.14776447415351868,"[970, 349, 172, 596, 913]","[0.14776447415351868, 0.13579702377319336, 0.0496123805642128, 0.046132225543260574, 0.04282738268375397]"
crop,ooc,52,609,751,0,0.09769754111766815,"[751, 656, 657, 704, 744]","[0.09769754111766815, 0.07739907503128052, 0.05589161068201065, 0.055038366466760635, 0.04662318155169487]"
crop,ooc,53,847,752,0,0.35582220554351807,"[752, 772, 758, 123, 751]","[0.35582220554351807, 0.07970936596393585, 0.06884308159351349, 0.020473184064030647, 0.020458310842514038]"
crop,ooc,54,544,412,0,0.16343729197978973,"[412, 390, 756, 463, 544]","[0.16343729197978973, 0.10121618211269379, 0.05437080189585686, 0.05390998348593712, 0.05085017532110214]"
crop,ooc,55,179,205,0,0.5593644380569458,"[205, 101, 345, 224, 136]","[0.5593644380569458, 0.11533805727958679, 0.03958696871995926, 0.02588646300137043, 0.025351393967866898]"
crop,ooc,56,174,256,0,0.23438261449337006,"[256, 7, 197, 523, 214]","[0.23438261449337006, 0.0672290176153183, 0.05075990408658981, 0.04458313062787056, 0.04342689365148544]"
crop,ooc,57,349,374,0,0.22707560658454895,"[374, 349, 341, 348, 346]","[0.22707560658454895, 0.0821690633893013, 0.06709807366132736, 0.06591484695672989, 0.05142434686422348]"
crop,ooc,58,277,277,1,0.389648973941803,"[277, 176, 184, 272, 235]","[0.389648973941803, 0.05097506195306778, 0.04326494038105011, 0.040127675980329514, 0.03193063288927078]"
crop,ooc,59,518,131,0,0.14178943634033203,"[131, 71, 301, 397, 14]","[0.14178943634033203, 0.06782130151987076, 0.06263696402311325, 0.05493425950407982, 0.037598866969347]"
crop,ooc,60,958,970,0,0.24656324088573456,"[970, 510, 701, 979, 755]","[0.24656324088573456, 0.105085588991642, 0.04500732198357582, 0.040814537554979324, 0.03533022478222847]"
crop,ooc,61,385,385,1,0.28836897015571594,"[385, 354, 101, 386, 349]","[0.28836897015571594, 0.21368007361888885, 0.1905559003353119, 0.10005608946084976, 0.04699935391545296]"
crop,ooc,62,830,489,0,0.08792132884263992,"[489, 839, 825, 703, 815]","[0.08792132884263992, 0.05862943083047867, 0.03215242177248001, 0.03184237331151962, 0.030051877722144127]"
crop,ooc,63,132,132,1,0.73087477684021,"[132, 134, 130, 131, 489]","[0.73087477684021, 0.06677452474832535, 0.033089883625507355, 0.01898476853966713, 0.013714229688048363]"
crop,ooc,64,354,354,1,0.5981867909431458,"[354, 386, 349, 649, 170]","[0.5981867909431458, 0.20399948954582214, 0.07190907001495361, 0.05387101694941521, 0.01001270953565836]"
crop,ooc,65,879,730,0,0.09228163212537766,"[730, 408, 203, 751, 433]","[0.09228163212537766, 0.06881426274776459, 0.06075015291571617, 0.052627019584178925, 0.04947543889284134]"
crop,ooc,66,807,807,1,0.4066244065761566,"[807, 703, 462, 660, 646]","[0.4066244065761566, 0.11923651397228241, 0.09197370707988739, 0.07208510488271713, 0.05119898170232773]"
crop,ooc,67,863,683,0,0.22054162621498108,"[683, 350, 143, 776, 671]","[0.22054162621498108, 0.20864158868789673, 0.11117295175790787, 0.06296481192111969, 0.04137575626373291]"
crop,ooc,68,821,919,0,0.6483094096183777,"[919, 133, 318, 965, 821]","[0.6483094096183777, 0.0991373360157013, 0.01539927814155817, 0.013560207560658455, 0.012747891247272491]"
crop,ooc,69,656,842,0,0.1582304835319519,"[842, 977, 463, 412, 85]","[0.1582304835319519, 0.11074303835630417, 0.04157494753599167, 0.03712908551096916, 0.030714524909853935]"
crop,ooc,70,614,146,0,0.3008537292480469,"[146, 136, 6, 131, 209]","[0.3008537292480469, 0.11013828217983246, 0.03669142350554466, 0.033263903111219406, 0.033252742141485214]"
crop,ooc,71,294,104,0,0.39317142963409424,"[104, 382, 374, 287, 378]","[0.39317142963409424, 0.06398478150367737, 0.03693928197026253, 0.034672100096940994, 0.030706003308296204]"
crop,ooc,72,870,566,0,0.445535808801651,"[566, 870, 776, 774, 603]","[0.445535808801651, 0.12319747358560562, 0.026074562221765518, 0.023121897131204605, 0.014974982477724552]"
crop,ooc,73,346,180,0,0.12174668908119202,"[180, 112, 168, 242, 209]","[0.12174668908119202, 0.10744988918304443, 0.048910658806562424, 0.04366447404026985, 0.04042738676071167]"
crop,ooc,74,194,269,0,0.143147274851799,"[269, 196, 272, 192, 198]","[0.143147274851799, 0.11394098401069641, 0.09974189847707748, 0.08681145310401917, 0.07964853197336197]"
crop,ooc,75,287,322,0,0.10893084853887558,"[322, 325, 47, 324, 46]","[0.10893084853887558, 0.09573791176080704, 0.0818292573094368, 0.07197267562150955, 0.06178063154220581]"
crop,ooc,76,295,295,1,0.641552209854126,"[295, 267, 348, 369, 297]","[0.641552209854126, 0.03430316969752312, 0.03018961101770401, 0.022121364250779152, 0.017620615661144257]"
crop,ooc,77,92,47,0,0.09341397881507874,"[47, 972, 525, 397, 839]","[0.09341397881507874, 0.07511566579341888, 0.0695817619562149, 0.04751928895711899, 0.044449333101511]"
crop,ooc,78,17,671,0,0.14987273514270782,"[671, 84, 448, 85, 863]","[0.14987273514270782, 0.06661152839660645, 0.05094204470515251, 0.04604680463671684, 0.0456460639834404]"
crop,ooc,79,105,22,0,0.28893738985061646,"[22, 18, 370, 383, 17]","[0.28893738985061646, 0.2874496877193451, 0.05805648863315582, 0.027871273458003998, 0.027069468051195145]"
crop,ooc,80,356,342,0,0.2695212960243225,"[342, 350, 104, 272, 280]","[0.2695212960243225, 0.08920952677726746, 0.06393991410732269, 0.046077877283096313, 0.040268756449222565]"
crop,ooc,81,14,202,0,0.23780490458011627,"[202, 850, 182, 184, 87]","[0.23780490458011627, 0.12407313287258148, 0.08337569236755371, 0.04135003685951233, 0.03545274958014488]"
crop,ooc,82,378,385,0,0.10082829743623734,"[385, 471, 345, 339, 346]","[0.10082829743623734, 0.09037879854440689, 0.07014449685811996, 0.06551456451416016, 0.0603012852370739]"
crop,ooc,83,59,494,0,0.20825764536857605,"[494, 9, 88, 866, 577]","[0.20825764536857605, 0.11045776307582855, 0.08567074686288834, 0.0530046746134758, 0.05225325748324394]"
crop,ooc,84,95,95,1,0.15101882815361023,"[95, 976, 972, 139, 81]","[0.15101882815361023, 0.08097590506076813, 0.07275862991809845, 0.039476875215768814, 0.03846300393342972]"
crop,ooc,85,95,139,0,0.13790112733840942,"[139, 22, 143, 97, 21]","[0.13790112733840942, 0.12579399347305298, 0.11208588629961014, 0.08563356846570969, 0.05339249223470688]"
crop,ooc,86,379,430,0,0.25982654094696045,"[430, 416, 882, 840, 872]","[0.25982654094696045, 0.1503763496875763, 0.096731036901474, 0.048244841396808624, 0.03239419311285019]"
crop,ooc,87,382,727,0,0.1970546990633011,"[727, 382, 448, 863, 131]","[0.1970546990633011, 0.14342215657234192, 0.13810251653194427, 0.08059675991535187, 0.0411854088306427]"
crop,ooc,88,10,11,0,0.4469239115715027,"[11, 10, 24, 279, 248]","[0.4469239115715027, 0.1423068791627884, 0.053295958787202835, 0.03344868868589401, 0.026769492775201797]"
crop,ooc,89,383,383,1,0.7015509605407715,"[383, 105, 269, 330, 289]","[0.7015509605407715, 0.2123039811849594, 0.013885715045034885, 0.006617157254368067, 0.005226640496402979]"
crop,ooc,90,378,663,0,0.18273764848709106,"[663, 743, 420, 406, 698]","[0.18273764848709106, 0.13637830317020416, 0.07835058867931366, 0.06348982453346252, 0.05222475901246071]"
crop,ooc,91,376,940,0,0.07896997779607773,"[940, 695, 463, 577, 889]","[0.07896997779607773, 0.05067925900220871, 0.04463895410299301, 0.04421495646238327, 0.0381418913602829]"
crop,ooc,92,21,129,0,0.11294469982385635,"[129, 22, 525, 144, 146]","[0.11294469982385635, 0.10662280023097992, 0.08731019496917725, 0.063955157995224, 0.057334233075380325]"
crop,ooc,93,275,346,0,0.2521927058696747,"[346, 278, 358, 347, 277]","[0.2521927058696747, 0.098361536860466, 0.06095676124095917, 0.050211284309625626, 0.04022848978638649]"
crop,ooc,94,85,21,0,0.2677666246891022,"[21, 136, 128, 85, 397]","[0.2677666246891022, 0.16008499264717102, 0.15112879872322083, 0.06675378978252411, 0.0577947236597538]"
crop,ooc,95,383,270,0,0.09840244054794312,"[270, 230, 247, 269, 286]","[0.09840244054794312, 0.06966972351074219, 0.0406772680580616, 0.04024387151002884, 0.03897428140044212]"
crop,ooc,96,18,18,1,0.9397230744361877,"[18, 128, 96, 93, 131]","[0.9397230744361877, 0.018047507852315903, 0.015258056111633778, 0.009417496621608734, 0.0036681056953966618]"
crop,ooc,97,326,276,0,0.25470685958862305,"[276, 291, 138, 272, 298]","[0.25470685958862305, 0.10003241896629333, 0.08140042424201965, 0.06961385160684586, 0.04253675043582916]"
crop,ooc,98,379,267,0,0.17324720323085785,"[267, 197, 205, 224, 348]","[0.17324720323085785, 0.09468533843755722, 0.06458210945129395, 0.04124635457992554, 0.0399484857916832]"
crop,ooc,99,378,143,0,0.07558269798755646,"[143, 367, 13, 145, 341]","[0.07558269798755646, 0.06332926452159882, 0.06331199407577515, 0.062340181320905685, 0.03163013607263565]"
crop,ooc,100,378,146,0,0.49603694677352905,"[146, 137, 143, 20, 99]","[0.49603694677352905, 0.1154586523771286, 0.09440696239471436, 0.0939352735877037, 0.05844774469733238]"
crop,ooc,101,379,620,0,0.09917758405208588,"[620, 471, 642, 895, 242]","[0.09917758405208588, 0.0780218243598938, 0.057233329862356186, 0.042095113545656204, 0.03826875984668732]"
crop,ooc,102,12,12,1,0.5412431359291077,"[12, 14, 15, 94, 13]","[0.5412431359291077, 0.15341231226921082, 0.0923440083861351, 0.02987527847290039, 0.029027223587036133]"
crop,ooc,103,18,94,0,0.7449072599411011,"[94, 97, 18, 131, 134]","[0.7449072599411011, 0.037836942821741104, 0.037728484719991684, 0.024465875700116158, 0.015852317214012146]"
crop,ooc,104,428,24,0,0.09206509590148926,"[24, 816, 82, 636, 326]","[0.09206509590148926, 0.058202892541885376, 0.042468708008527756, 0.039441220462322235, 0.03850145265460014]"
crop,ooc,105,376,21,0,0.2602069675922394,"[21, 92, 23, 127, 218]","[0.2602069675922394, 0.0671275183558464, 0.06701622158288956, 0.051336344331502914, 0.04921633377671242]"
crop,ooc,106,379,136,0,0.5681012272834778,"[136, 143, 137, 25, 278]","[0.5681012272834778, 0.03719182685017586, 0.025766080245375633, 0.023866936564445496, 0.017506174743175507]"
crop,ooc,107,19,90,0,0.20423130691051483,"[90, 92, 11, 980, 88]","[0.20423130691051483, 0.16431275010108948, 0.07948707044124603, 0.06292755901813507, 0.05393007770180702]"
crop,ooc,108,18,807,0,0.11406375467777252,"[807, 425, 676, 18, 471]","[0.11406375467777252, 0.07219557464122772, 0.04382164403796196, 0.04191203787922859, 0.037690285593271255]"
crop,ooc,109,95,95,1,0.24449557065963745,"[95, 128, 81, 277, 336]","[0.24449557065963745, 0.06720031797885895, 0.05157889425754547, 0.038021884858608246, 0.03517552837729454]"
crop,ooc,110,95,15,0,0.18313537538051605,"[15, 145, 214, 327, 233]","[0.18313537538051605, 0.04077722877264023, 0.04018830135464668, 0.03055812418460846, 0.030077004805207253]"
crop,ooc,111,17,172,0,0.21671099960803986,"[172, 249, 246, 346, 235]","[0.21671099960803986, 0.07692576944828033, 0.057873066514730453, 0.05308189615607262, 0.052599240094423294]"
crop,ooc,112,232,200,0,0.28287526965141296,"[200, 232, 196, 231, 155]","[0.28287526965141296, 0.20486852526664734, 0.1646406650543213, 0.13334889709949493, 0.05005985125899315]"
crop,ooc,113,382,382,1,0.3245866894721985,"[382, 387, 336, 277, 365]","[0.3245866894721985, 0.10262196511030197, 0.09446696937084198, 0.062099818140268326, 0.03595045953989029]"
crop,ooc,114,622,774,0,0.09959803521633148,"[774, 695, 630, 622, 673]","[0.09959803521633148, 0.08650992065668106, 0.07642865180969238, 0.07321807742118835, 0.0471363291144371]"
crop,ooc,115,372,373,0,0.3733917474746704,"[373, 235, 372, 182, 209]","[0.3733917474746704, 0.12694399058818817, 0.07581957429647446, 0.07553773373365402, 0.03761518374085426]"
crop,ooc,116,313,313,1,0.3244800269603729,"[313, 765, 523, 703, 693]","[0.3244800269603729, 0.051258884370326996, 0.03443487733602524, 0.024175267666578293, 0.023365657776594162]"
crop,ooc,117,18,18,1,0.6001393795013428,"[18, 752, 813, 136, 97]","[0.6001393795013428, 0.04534377157688141, 0.03128952905535698, 0.024754486978054047, 0.022303123027086258]"
crop,ooc,118,919,919,1,0.8619815707206726,"[919, 412, 458, 421, 637]","[0.8619815707206726, 0.036335695534944534, 0.010786582715809345, 0.010359613224864006, 0.007998444139957428]"
crop,ooc,119,92,380,0,0.11667825281620026,"[380, 382, 90, 378, 46]","[0.11667825281620026, 0.09246572852134705, 0.08296545594930649, 0.0827539935708046, 0.06765608489513397]"
crop,ooc,120,75,236,0,0.07229448854923248,"[236, 150, 208, 206, 145]","[0.07229448854923248, 0.06689003854990005, 0.06066153943538666, 0.042791299521923065, 0.04084622859954834]"
crop,ooc,121,379,96,0,0.15389762818813324,"[96, 413, 42, 93, 616]","[0.15389762818813324, 0.0513312928378582, 0.0404389426112175, 0.03807928040623665, 0.036837778985500336]"
crop,ooc,122,272,188,0,0.4759306013584137,"[188, 181, 203, 212, 176]","[0.4759306013584137, 0.08633466809988022, 0.0736687034368515, 0.05256200209259987, 0.04346295818686485]"
crop,ooc,123,86,724,0,0.17019091546535492,"[724, 694, 603, 690, 625]","[0.17019091546535492, 0.1324470192193985, 0.12340239435434341, 0.05464528873562813, 0.04912364110350609]"
crop,ooc,124,275,22,0,0.1433706432580948,"[22, 214, 255, 23, 235]","[0.1433706432580948, 0.07465508580207825, 0.07457873225212097, 0.05467427894473076, 0.0435468815267086]"
crop,ooc,125,387,236,0,0.2841463088989258,"[236, 237, 213, 182, 163]","[0.2841463088989258, 0.1630384922027588, 0.04199003428220749, 0.04183422774076462, 0.036628518253564835]"
crop,ooc,126,12,112,0,0.16890443861484528,"[112, 8, 701, 31, 136]","[0.16890443861484528, 0.07203297317028046, 0.06677284091711044, 0.0579337440431118, 0.05182330310344696]"
crop,ooc,127,17,197,0,0.11950218677520752,"[197, 208, 261, 256, 224]","[0.11950218677520752, 0.10185015201568604, 0.09397903084754944, 0.0848635584115982, 0.0743531733751297]"
crop,ooc,128,899,971,0,0.12065262347459793,"[971, 581, 899, 438, 898]","[0.12065262347459793, 0.11912671476602554, 0.07506173104047775, 0.07117096334695816, 0.03993096575140953]"
crop,ooc,129,365,260,0,0.23185250163078308,"[260, 202, 226, 163, 381]","[0.23185250163078308, 0.1297731101512909, 0.07237393409013748, 0.06381552666425705, 0.04242262616753578]"
crop,ooc,130,335,272,0,0.07180850207805634,"[272, 825, 289, 330, 49]","[0.07180850207805634, 0.06981929391622543, 0.05776984244585037, 0.052020907402038574, 0.051028259098529816]"
crop,ooc,131,23,17,0,0.17008565366268158,"[17, 836, 254, 246, 616]","[0.17008565366268158, 0.14766351878643036, 0.14210930466651917, 0.040064431726932526, 0.038425594568252563]"
crop,ooc,132,379,974,0,0.10324127227067947,"[974, 112, 219, 552, 397]","[0.10324127227067947, 0.08461207151412964, 0.08223257958889008, 0.044753871858119965, 0.042692024260759354]"
crop,ooc,133,988,8,0,0.1526261419057846,"[8, 490, 7, 39, 321]","[0.1526261419057846, 0.05062646046280861, 0.04310452938079834, 0.037070613354444504, 0.036970943212509155]"
crop,ooc,134,988,109,0,0.24011076986789703,"[109, 327, 988, 112, 329]","[0.24011076986789703, 0.13026005029678345, 0.11387898027896881, 0.1010342687368393, 0.06777966022491455]"
crop,ooc,135,17,17,1,0.33903270959854126,"[17, 131, 94, 12, 129]","[0.33903270959854126, 0.1316780149936676, 0.09918064624071121, 0.06980612874031067, 0.03788039833307266]"
crop,ooc,136,18,132,0,0.14934979379177094,"[132, 596, 672, 792, 723]","[0.14934979379177094, 0.1445256620645523, 0.10176876932382584, 0.0709233209490776, 0.05425199121236801]"
crop,ooc,137,39,302,0,0.38707274198532104,"[302, 401, 128, 832, 858]","[0.38707274198532104, 0.2086729258298874, 0.07066665589809418, 0.020671606063842773, 0.020009048283100128]"
crop,ooc,138,335,999,0,0.6999977231025696,"[999, 700, 187, 585, 196]","[0.6999977231025696, 0.08187911659479141, 0.03347039222717285, 0.019008612260222435, 0.010707870125770569]"
crop,ooc,139,376,889,0,0.10717813670635223,"[889, 11, 845, 130, 784]","[0.10717813670635223, 0.07460123300552368, 0.04765758290886879, 0.03760559484362602, 0.03531923517584801]"
crop,ooc,140,18,172,0,0.07302281260490417,"[172, 97, 492, 837, 137]","[0.07302281260490417, 0.06816539913415909, 0.05890490487217903, 0.025661705061793327, 0.024603761732578278]"
crop,ooc,141,134,338,0,0.3105982542037964,"[338, 129, 89, 329, 134]","[0.3105982542037964, 0.07256458699703217, 0.05188647657632828, 0.043698713183403015, 0.04014947637915611]"
crop,ooc,142,294,185,0,0.09454814344644547,"[185, 255, 184, 170, 275]","[0.09454814344644547, 0.08448642492294312, 0.05920301377773285, 0.05200318992137909, 0.05058394744992256]"
crop,ooc,143,472,14,0,0.284242182970047,"[14, 951, 95, 16, 91]","[0.284242182970047, 0.22352294623851776, 0.042277123779058456, 0.04123504459857941, 0.03921111300587654]"
crop,ooc,144,354,351,0,0.29829615354537964,"[351, 354, 271, 291, 209]","[0.29829615354537964, 0.28869450092315674, 0.10721121728420258, 0.05430470034480095, 0.03252502903342247]"
crop,ooc,145,134,777,0,0.16728301346302032,"[777, 868, 673, 620, 767]","[0.16728301346302032, 0.03383961692452431, 0.022653689607977867, 0.019610855728387833, 0.019429370760917664]"
crop,ooc,146,821,320,0,0.45431816577911377,"[320, 95, 311, 319, 14]","[0.45431816577911377, 0.1846250593662262, 0.09051430225372314, 0.06138356775045395, 0.034232188016176224]"
crop,ooc,147,391,48,0,0.2889207601547241,"[48, 391, 389, 458, 394]","[0.2889207601547241, 0.13140711188316345, 0.06080448627471924, 0.032739415764808655, 0.027595052495598793]"
crop,ooc,148,391,460,0,0.3414266109466553,"[460, 395, 391, 649, 915]","[0.3414266109466553, 0.12424709647893906, 0.07296938449144363, 0.05083101987838745, 0.03732175752520561]"
crop,ooc,149,821,538,0,0.12709380686283112,"[538, 497, 884, 727, 835]","[0.12709380686283112, 0.08566927909851074, 0.07349538803100586, 0.06698113679885864, 0.052158549427986145]"
crop,ooc,150,576,561,0,0.14537760615348816,"[561, 880, 863, 491, 671]","[0.14537760615348816, 0.12991498410701752, 0.0836104229092598, 0.08088288456201553, 0.04658278450369835]"
crop,ooc,151,140,20,0,0.35857856273651123,"[20, 140, 97, 98, 360]","[0.35857856273651123, 0.2884102463722229, 0.04457255080342293, 0.024080658331513405, 0.015071640722453594]"
crop,ooc,152,852,360,0,0.26051515340805054,"[360, 35, 176, 357, 150]","[0.26051515340805054, 0.10508161783218384, 0.06609947979450226, 0.03620782494544983, 0.0301794596016407]"
crop,ooc,153,576,18,0,0.6652224063873291,"[18, 456, 703, 912, 11]","[0.6652224063873291, 0.15054751932621002, 0.024608289822936058, 0.024040188640356064, 0.01566310226917267]"
crop,ooc,154,472,139,0,0.1549745798110962,"[139, 58, 976, 140, 978]","[0.1549745798110962, 0.10375984013080597, 0.09494706988334656, 0.04540734738111496, 0.044059380888938904]"
crop,ooc,155,258,258,1,0.3501896560192108,"[258, 257, 368, 270, 203]","[0.3501896560192108, 0.1836831122636795, 0.09892531484365463, 0.07693621516227722, 0.05972931161522865]"
crop,ooc,156,143,173,0,0.33755233883857727,"[173, 246, 253, 176, 211]","[0.33755233883857727, 0.06974741071462631, 0.057249125093221664, 0.05428127199411392, 0.05161099508404732]"
crop,ooc,157,198,764,0,0.1391647756099701,"[764, 508, 736, 237, 51]","[0.1391647756099701, 0.09694035351276398, 0.0891655758023262, 0.08207724243402481, 0.04655234515666962]"
crop,ooc,158,236,237,0,0.2616143822669983,"[237, 92, 97, 457, 42]","[0.2616143822669983, 0.12761878967285156, 0.08599445223808289, 0.027811920270323753, 0.018838409334421158]"
crop,ooc,159,576,327,0,0.22818896174430847,"[327, 84, 135, 825, 109]","[0.22818896174430847, 0.1854330152273178, 0.04016539454460144, 0.023679792881011963, 0.017939526587724686]"
crop,ooc,160,483,406,0,0.18290077149868011,"[406, 525, 833, 819, 780]","[0.18290077149868011, 0.14277809858322144, 0.11834193021059036, 0.08859573304653168, 0.031147398054599762]"
crop,ooc,161,727,953,0,0.2419082522392273,"[953, 936, 125, 30, 213]","[0.2419082522392273, 0.17140094935894012, 0.0787820890545845, 0.03590885549783707, 0.0319405272603035]"
crop,ooc,162,238,217,0,0.08186044543981552,"[217, 295, 164, 264, 195]","[0.08186044543981552, 0.04979298636317253, 0.0429062657058239, 0.0406862273812294, 0.03954584524035454]"
crop,ooc,163,385,368,0,0.0553397499024868,"[368, 373, 385, 366, 394]","[0.0553397499024868, 0.047835707664489746, 0.04063071683049202, 0.033458445221185684, 0.032994505017995834]"
crop,ooc,164,472,425,0,0.25317806005477905,"[425, 895, 625, 404, 693]","[0.25317806005477905, 0.11487583070993423, 0.08803828060626984, 0.07995028048753738, 0.046218838542699814]"
crop,ooc,165,140,386,0,0.054792869836091995,"[386, 202, 263, 171, 282]","[0.054792869836091995, 0.05472373217344284, 0.04801834002137184, 0.04552836716175079, 0.03791411966085434]"
crop,ooc,166,352,174,0,0.21487873792648315,"[174, 458, 27, 972, 272]","[0.21487873792648315, 0.20063446462154388, 0.05234995856881142, 0.031517740339040756, 0.02402980998158455]"
crop,ooc,167,292,12,0,0.33627355098724365,"[12, 94, 184, 616, 285]","[0.33627355098724365, 0.19114461541175842, 0.09584937244653702, 0.0380852185189724, 0.037342142313718796]"
crop,ooc,168,806,980,0,0.33550429344177246,"[980, 130, 879, 1, 813]","[0.33550429344177246, 0.07015146315097809, 0.06801482290029526, 0.04477616026997566, 0.03169206157326698]"
crop,ooc,169,449,23,0,0.17940491437911987,"[23, 96, 421, 21, 677]","[0.17940491437911987, 0.11808772385120392, 0.08898906409740448, 0.08406101912260056, 0.055235814303159714]"
crop,ooc,170,164,718,0,0.2175709754228592,"[718, 839, 562, 346, 977]","[0.2175709754228592, 0.06509294360876083, 0.06043882668018341, 0.05769963189959526, 0.048614658415317535]"
crop,ooc,171,909,842,0,0.4028584957122803,"[842, 424, 467, 401, 211]","[0.4028584957122803, 0.2574169337749481, 0.04190146178007126, 0.03737025335431099, 0.033515382558107376]"
crop,ooc,172,576,606,0,0.2745717465877533,"[606, 404, 726, 764, 868]","[0.2745717465877533, 0.06142255291342735, 0.05729367583990097, 0.05409293994307518, 0.03391111269593239]"
crop,ooc,173,727,14,0,0.6047708988189697,"[14, 376, 17, 988, 947]","[0.6047708988189697, 0.15307840704917908, 0.11339470744132996, 0.03315674513578415, 0.012170123867690563]"
crop,ooc,174,223,600,0,0.12796534597873688,"[600, 587, 920, 702, 596]","[0.12796534597873688, 0.1274794638156891, 0.07447564601898193, 0.06632142513990402, 0.0436764657497406]"
crop,ooc,175,132,131,0,0.2619915008544922,"[131, 146, 134, 132, 144]","[0.2619915008544922, 0.1838761270046234, 0.1698295921087265, 0.09536594152450562, 0.08261864632368088]"
crop,ooc,176,576,525,0,0.09035759419202805,"[525, 287, 212, 831, 807]","[0.09035759419202805, 0.08428682386875153, 0.08329864591360092, 0.08089636266231537, 0.04774629324674606]"
crop,ooc,177,391,649,0,0.7332926392555237,"[649, 958, 483, 425, 970]","[0.7332926392555237, 0.05173076316714287, 0.022950507700443268, 0.016359951347112656, 0.0159513708204031]"
crop,ooc,178,708,437,0,0.26026737689971924,"[437, 682, 628, 977, 975]","[0.26026737689971924, 0.12390655279159546, 0.1079556867480278, 0.06519541889429092, 0.06275172531604767]"
crop,ooc,179,132,999,0,0.09399005770683289,"[999, 619, 852, 610, 846]","[0.09399005770683289, 0.07815045118331909, 0.07623933255672455, 0.048974450677633286, 0.04120853915810585]"
crop,ooc,180,576,671,0,0.08751936256885529,"[671, 665, 758, 465, 124]","[0.08751936256885529, 0.07254932075738907, 0.056831471621990204, 0.03830918297171593, 0.034937504678964615]"
crop,ooc,181,143,2,0,0.13313423097133636,"[2, 650, 3, 143, 94]","[0.13313423097133636, 0.06985404342412949, 0.05580481141805649, 0.05528593063354492, 0.05453338846564293]"
crop,ooc,182,842,730,0,0.12861482799053192,"[730, 825, 958, 272, 471]","[0.12861482799053192, 0.07490605115890503, 0.07413355261087418, 0.05656794086098671, 0.054180242121219635]"
crop,ooc,183,372,370,0,0.2953704297542572,"[370, 335, 373, 380, 368]","[0.2953704297542572, 0.08196323364973068, 0.07535074651241302, 0.05582981929183006, 0.04774521663784981]"
crop,ooc,184,36,84,0,0.18560300767421722,"[84, 391, 140, 85, 134]","[0.18560300767421722, 0.07690607011318207, 0.07001181691884995, 0.05162844806909561, 0.04870327189564705]"
crop,ooc,185,660,736,0,0.10244709998369217,"[736, 895, 462, 767, 526]","[0.10244709998369217, 0.07136224955320358, 0.056998953223228455, 0.02275719866156578, 0.02267761155962944]"
crop,ooc,186,821,741,0,0.23702958226203918,"[741, 752, 320, 541, 317]","[0.23702958226203918, 0.19706536829471588, 0.08773265779018402, 0.05021578073501587, 0.030650556087493896]"
crop,ooc,187,449,322,0,0.1894903928041458,"[322, 56, 323, 62, 324]","[0.1894903928041458, 0.09654106944799423, 0.09409107267856598, 0.056926652789115906, 0.043731674551963806]"
crop,ooc,188,131,131,1,0.16885022819042206,"[131, 17, 616, 138, 14]","[0.16885022819042206, 0.09812280535697937, 0.0764935091137886, 0.07270307093858719, 0.07269163429737091]"
crop,ooc,189,576,532,0,0.21412348747253418,"[532, 606, 564, 736, 846]","[0.21412348747253418, 0.11181984096765518, 0.06180084869265556, 0.05723755806684494, 0.028184395283460617]"
crop,ooc,190,140,140,1,0.35544776916503906,"[140, 141, 142, 12, 133]","[0.35544776916503906, 0.14313872158527374, 0.1428832858800888, 0.10327904671430588, 0.047600626945495605]"
crop,ooc,191,576,486,0,0.19858591258525848,"[486, 432, 683, 776, 559]","[0.19858591258525848, 0.19601137936115265, 0.0980549082159996, 0.04862985014915466, 0.0385080985724926]"
crop,ooc,192,355,286,0,0.7754077911376953,"[286, 349, 339, 21, 296]","[0.7754077911376953, 0.06199101358652115, 0.046057529747486115, 0.0186080913990736, 0.010826101526618004]"
crop,ooc,193,511,436,0,0.40512552857398987,"[436, 511, 656, 575, 609]","[0.40512552857398987, 0.2446919083595276, 0.22307813167572021, 0.026836127042770386, 0.0188098456710577]"
crop,ooc,194,417,975,0,0.3977392911911011,"[975, 449, 525, 562, 483]","[0.3977392911911011, 0.30454081296920776, 0.07850818336009979, 0.03783991560339928, 0.03567405417561531]"
crop,ooc,195,404,733,0,0.12918436527252197,"[733, 690, 695, 467, 448]","[0.12918436527252197, 0.12896671891212463, 0.0843944177031517, 0.041975755244493484, 0.03415857255458832]"
crop,ooc,196,701,496,0,0.08606807142496109,"[496, 516, 721, 692, 806]","[0.08606807142496109, 0.08302289247512817, 0.07882880419492722, 0.0668049305677414, 0.05343955382704735]"
crop,ooc,197,701,888,0,0.17702211439609528,"[888, 466, 471, 421, 657]","[0.17702211439609528, 0.14988882839679718, 0.060198310762643814, 0.050816938281059265, 0.050511330366134644]"
crop,ooc,198,701,701,1,0.22395117580890656,"[701, 879, 417, 723, 702]","[0.22395117580890656, 0.15165814757347107, 0.06984085589647293, 0.053646575659513474, 0.03274836391210556]"
crop,ooc,199,350,970,0,0.4077754318714142,"[970, 839, 888, 672, 958]","[0.4077754318714142, 0.2027880996465683, 0.07849017530679703, 0.06121985614299774, 0.05690070241689682]"
crop,ooc,200,618,758,0,0.15149515867233276,"[758, 763, 920, 836, 448]","[0.15149515867233276, 0.15066495537757874, 0.13095630705356598, 0.0575544610619545, 0.05515235662460327]"
crop,ooc,201,984,478,0,0.06163938716053963,"[478, 428, 984, 492, 637]","[0.06163938716053963, 0.03895493596792221, 0.03785738721489906, 0.03623207286000252, 0.03567841276526451]"
crop,ooc,202,645,82,0,0.17025284469127655,"[82, 215, 17, 293, 84]","[0.17025284469127655, 0.14166414737701416, 0.0913369432091713, 0.048595961183309555, 0.03348425775766373]"
crop,ooc,203,808,987,0,0.20276543498039246,"[987, 315, 114, 998, 808]","[0.20276543498039246, 0.090640127658844, 0.07003234326839447, 0.03510594740509987, 0.030331986024975777]"
crop,ooc,204,755,559,0,0.5714974403381348,"[559, 807, 765, 870, 672]","[0.5714974403381348, 0.14571022987365723, 0.043837349861860275, 0.02476014569401741, 0.02047237567603588]"
crop,ooc,205,663,873,0,0.40589970350265503,"[873, 497, 663, 406, 483]","[0.40589970350265503, 0.24134276807308197, 0.15547436475753784, 0.056835319846868515, 0.055002905428409576]"
crop,ooc,206,404,404,1,0.2722284197807312,"[404, 395, 669, 391, 797]","[0.2722284197807312, 0.1919233500957489, 0.041275687515735626, 0.0313379131257534, 0.030566871166229248]"
crop,ooc,207,540,819,0,0.16916146874427795,"[819, 424, 420, 486, 889]","[0.16916146874427795, 0.060092829167842865, 0.03876844421029091, 0.032332174479961395, 0.0297634769231081]"
crop,ooc,208,958,56,0,0.48976239562034607,"[56, 750, 42, 25, 944]","[0.48976239562034607, 0.05193987488746643, 0.04107591509819031, 0.040613044053316116, 0.030715715140104294]"
crop,ooc,209,483,580,0,0.27860212326049805,"[580, 476, 939, 987, 135]","[0.27860212326049805, 0.14212502539157867, 0.08396363258361816, 0.025334782898426056, 0.023755710572004318]"
crop,ooc,210,898,267,0,0.17674526572227478,"[267, 270, 257, 348, 222]","[0.17674526572227478, 0.10476744920015335, 0.08530531823635101, 0.06524606049060822, 0.033158183097839355]"
crop,ooc,211,649,610,0,0.12291955947875977,"[610, 649, 834, 721, 608]","[0.12291955947875977, 0.11900462955236435, 0.11239015311002731, 0.05163795128464699, 0.05019586905837059]"
crop,ooc,212,812,912,0,0.2823849022388458,"[912, 522, 401, 706, 340]","[0.2823849022388458, 0.15939083695411682, 0.051896050572395325, 0.019765008240938187, 0.018796946853399277]"
crop,ooc,213,701,701,1,0.22559963166713715,"[701, 90, 433, 55, 206]","[0.22559963166713715, 0.20532521605491638, 0.05852510407567024, 0.037390533834695816, 0.02692987769842148]"
crop,ooc,214,405,148,0,0.38731372356414795,"[148, 141, 140, 143, 127]","[0.38731372356414795, 0.1922760307788849, 0.06381861120462418, 0.03720441088080406, 0.032675933092832565]"
crop,ooc,215,832,832,1,0.7397136092185974,"[832, 812, 491, 879, 637]","[0.7397136092185974, 0.020415712147951126, 0.020277731120586395, 0.012807777151465416, 0.011464262381196022]"
crop,ooc,216,475,475,1,0.3025363087654114,"[475, 420, 792, 428, 656]","[0.3025363087654114, 0.28170186281204224, 0.030051233246922493, 0.026217227801680565, 0.02187679521739483]"
crop,ooc,217,22,723,0,0.26223230361938477,"[723, 879, 22, 457, 614]","[0.26223230361938477, 0.09934600442647934, 0.042671963572502136, 0.035871680825948715, 0.03571871668100357]"
crop,ooc,218,724,780,0,0.25841227173805237,"[780, 696, 705, 536, 410]","[0.25841227173805237, 0.07553569972515106, 0.06474684178829193, 0.03629707545042038, 0.03308345749974251]"
crop,ooc,219,871,733,0,0.2674940824508667,"[733, 723, 696, 557, 792]","[0.2674940824508667, 0.1681535243988037, 0.08789964765310287, 0.06842700392007828, 0.04240827634930611]"
crop,ooc,220,807,913,0,0.1331053376197815,"[913, 835, 842, 395, 807]","[0.1331053376197815, 0.12407219409942627, 0.08054013550281525, 0.06843695044517517, 0.041704270988702774]"
crop,ooc,221,805,805,1,0.6132510900497437,"[805, 999, 148, 412, 895]","[0.6132510900497437, 0.07169942557811737, 0.02776968665421009, 0.02642420493066311, 0.022673258557915688]"
crop,ooc,222,405,677,0,0.1738869994878769,"[677, 908, 657, 519, 744]","[0.1738869994878769, 0.046402376145124435, 0.04100861772894859, 0.03702666983008385, 0.029737496748566628]"
crop,ooc,223,14,390,0,0.2686542272567749,"[390, 12, 979, 11, 85]","[0.2686542272567749, 0.12367555499076843, 0.11322037875652313, 0.03534312546253204, 0.03170255944132805]"
crop,ooc,224,22,22,1,0.7891996502876282,"[22, 21, 23, 127, 652]","[0.7891996502876282, 0.0900932028889656, 0.05211365967988968, 0.012921934947371483, 0.00451994501054287]"
crop,ooc,225,404,744,0,0.21041855216026306,"[744, 657, 404, 405, 727]","[0.21041855216026306, 0.19568568468093872, 0.11734418570995331, 0.056149642914533615, 0.024659859016537666]"
crop,ooc,226,583,835,0,0.42327457666397095,"[835, 872, 792, 777, 618]","[0.42327457666397095, 0.14827392995357513, 0.041773587465286255, 0.041058897972106934, 0.03303854167461395]"
crop,ooc,227,900,587,0,0.10529205948114395,"[587, 532, 499, 696, 669]","[0.10529205948114395, 0.10243859142065048, 0.0539802648127079, 0.04769264534115791, 0.04551025107502937]"
crop,ooc,228,437,747,0,0.12273689359426498,"[747, 587, 767, 846, 845]","[0.12273689359426498, 0.08650621026754379, 0.05178745836019516, 0.036317963153123856, 0.03553110361099243]"
crop,ooc,229,345,351,0,0.3246414065361023,"[351, 345, 349, 180, 385]","[0.3246414065361023, 0.28046783804893494, 0.08945143967866898, 0.049609728157520294, 0.04552817344665527]"
crop,ooc,230,913,135,0,0.3272051513195038,"[135, 137, 136, 50, 67]","[0.3272051513195038, 0.03941460698843002, 0.03928607702255249, 0.030676301568746567, 0.0286625437438488]"
crop,ooc,231,839,839,1,0.7392035722732544,"[839, 580, 718, 448, 497]","[0.7392035722732544, 0.14498811960220337, 0.033054642379283905, 0.006595870945602655, 0.00450976612046361]"
crop,ooc,232,920,912,0,0.11918987333774567,"[912, 99, 141, 646, 634]","[0.11918987333774567, 0.06677795946598053, 0.06554927676916122, 0.062157709151506424, 0.052516188472509384]"
crop,ooc,233,802,7,0,0.05877652391791344,"[7, 172, 429, 236, 235]","[0.05877652391791344, 0.05642895773053169, 0.040000900626182556, 0.0369599275290966, 0.036745019257068634]"
crop,ooc,234,755,807,0,0.7299327850341797,"[807, 755, 580, 448, 915]","[0.7299327850341797, 0.11356039345264435, 0.01714428700506687, 0.017015347257256508, 0.016453007236123085]"
crop,ooc,235,93,254,0,0.16501876711845398,"[254, 246, 242, 195, 236]","[0.16501876711845398, 0.16336320340633392, 0.11541850864887238, 0.07182618975639343, 0.052596189081668854]"
crop,ooc,236,821,703,0,0.17242124676704407,"[703, 807, 821, 410, 706]","[0.17242124676704407, 0.12026042491197586, 0.07171393185853958, 0.07150817662477493, 0.048730768263339996]"
crop,ooc,237,437,144,0,0.16083815693855286,"[144, 129, 472, 693, 460]","[0.16083815693855286, 0.10232879221439362, 0.09106641262769699, 0.06140356883406639, 0.04486989974975586]"
crop,ooc,238,649,833,0,0.21765244007110596,"[833, 743, 707, 657, 834]","[0.21765244007110596, 0.07674788683652878, 0.058902814984321594, 0.05220431834459305, 0.04687961935997009]"
crop,ooc,239,682,846,0,0.6144353151321411,"[846, 497, 832, 494, 448]","[0.6144353151321411, 0.08508412539958954, 0.07888493686914444, 0.04895896092057228, 0.022450536489486694]"
crop,ooc,240,900,454,0,0.14847983419895172,"[454, 519, 863, 561, 576]","[0.14847983419895172, 0.09864795953035355, 0.08959148079156876, 0.04423222318291664, 0.03650643303990364]"
crop,ooc,241,557,733,0,0.33045828342437744,"[733, 872, 843, 523, 758]","[0.33045828342437744, 0.2801966965198517, 0.06147630885243416, 0.024901622906327248, 0.02202443964779377]"
crop,ooc,242,812,537,0,0.14249083399772644,"[537, 803, 795, 802, 764]","[0.14249083399772644, 0.13919933140277863, 0.05080032721161842, 0.04898931086063385, 0.026447581127285957]"
crop,ooc,243,988,988,1,0.4986823499202728,"[988, 130, 113, 55, 81]","[0.4986823499202728, 0.07759368419647217, 0.06359800696372986, 0.0351431630551815, 0.028529474511742592]"
crop,ooc,244,322,138,0,0.3632800281047821,"[138, 134, 326, 85, 133]","[0.3632800281047821, 0.19986090064048767, 0.15462180972099304, 0.12882816791534424, 0.037107743322849274]"
crop,ooc,245,131,87,0,0.29681187868118286,"[87, 171, 558, 749, 981]","[0.29681187868118286, 0.09391476213932037, 0.049653828144073486, 0.04419459030032158, 0.03469731658697128]"
crop,ooc,246,309,934,0,0.8810674548149109,"[934, 965, 317, 316, 42]","[0.8810674548149109, 0.017008952796459198, 0.014932291582226753, 0.00994828436523676, 0.006154421251267195]"
crop,ooc,247,324,728,0,0.08144593238830566,"[728, 87, 132, 89, 1]","[0.08144593238830566, 0.06575607508420944, 0.03560984879732132, 0.03144935518503189, 0.02385626919567585]"
crop,ooc,248,133,612,0,0.07828325033187866,"[612, 122, 830, 752, 319]","[0.07828325033187866, 0.06478457152843475, 0.04653889685869217, 0.04043739661574364, 0.0387558676302433]"
crop,ooc,249,988,988,1,0.7485362887382507,"[988, 774, 816, 515, 113]","[0.7485362887382507, 0.03760089725255966, 0.019535498693585396, 0.015232468023896217, 0.012900040484964848]"
crop,ooc,250,13,12,0,0.41580528020858765,"[12, 840, 187, 182, 226]","[0.41580528020858765, 0.13322928547859192, 0.10335712879896164, 0.08873807638883591, 0.0299051646143198]"
crop,ooc,251,309,17,0,0.08062129467725754,"[17, 978, 975, 344, 562]","[0.08062129467725754, 0.0740191638469696, 0.0670444667339325, 0.055332284420728683, 0.03633607551455498]"
crop,ooc,252,991,991,1,0.32639503479003906,"[991, 988, 108, 393, 529]","[0.32639503479003906, 0.09383589029312134, 0.05812849849462509, 0.03759903833270073, 0.03416728600859642]"
crop,ooc,253,303,701,0,0.14652130007743835,"[701, 124, 319, 92, 321]","[0.14652130007743835, 0.12861980497837067, 0.10363750904798508, 0.08134865015745163, 0.04835451766848564]"
crop,ooc,254,309,594,0,0.5244928002357483,"[594, 564, 687, 562, 905]","[0.5244928002357483, 0.08977833390235901, 0.04273489862680435, 0.033700957894325256, 0.026164010167121887]"
crop,ooc,255,324,324,1,0.9995027780532837,"[324, 325, 322, 326, 448]","[0.9995027780532837, 0.00034023282933048904, 4.451381028047763e-05, 3.58029683411587e-05, 1.1377047485439107e-05]"
crop,ooc,256,303,306,0,0.25623589754104614,"[306, 302, 237, 314, 300]","[0.25623589754104614, 0.24551445245742798, 0.12247838824987411, 0.09479707479476929, 0.06785523146390915]"
crop,ooc,257,323,123,0,0.2007618397474289,"[123, 10, 28, 509, 124]","[0.2007618397474289, 0.07545388489961624, 0.05055356025695801, 0.0332103967666626, 0.028726089745759964]"
crop,ooc,258,989,31,0,0.2995920777320862,"[31, 948, 910, 804, 618]","[0.2995920777320862, 0.23738569021224976, 0.05958113446831703, 0.05650860443711281, 0.030621634796261787]"
crop,ooc,259,324,145,0,0.6230700016021729,"[145, 222, 296, 279, 792]","[0.6230700016021729, 0.06744073331356049, 0.03841506689786911, 0.028524627909064293, 0.028225425630807877]"
crop,ooc,260,989,417,0,0.19837859272956848,"[417, 990, 950, 989, 522]","[0.19837859272956848, 0.09576326608657837, 0.09150797128677368, 0.08321873843669891, 0.05818358436226845]"
crop,ooc,261,323,323,1,0.9895060658454895,"[323, 671, 872, 89, 645]","[0.9895060658454895, 0.008003083057701588, 0.0008058559615164995, 0.0003193783632013947, 0.0001627415040275082]"
crop,ooc,262,78,12,0,0.6499426960945129,"[12, 122, 15, 124, 88]","[0.6499426960945129, 0.06655710190534592, 0.05543966218829155, 0.04350687190890312, 0.0180367361754179]"
crop,ooc,263,945,81,0,0.2581830620765686,"[81, 701, 529, 928, 431]","[0.2581830620765686, 0.15918822586536407, 0.11418963968753815, 0.09467601776123047, 0.04367080703377724]"
crop,ooc,264,303,723,0,0.13084107637405396,"[723, 115, 671, 396, 397]","[0.13084107637405396, 0.11997964233160019, 0.1131262332201004, 0.07274676859378815, 0.054263338446617126]"
crop,ooc,265,78,432,0,0.19358499348163605,"[432, 234, 612, 776, 822]","[0.19358499348163605, 0.12681855261325836, 0.10755512118339539, 0.04971588775515556, 0.047302305698394775]"
crop,ooc,266,323,323,1,0.9993763566017151,"[323, 321, 541, 701, 417]","[0.9993763566017151, 0.00021072724484838545, 9.903383033815771e-05, 8.318331674672663e-05, 4.5620534365298226e-05]"
crop,ooc,267,309,201,0,0.31926289200782776,"[201, 775, 263, 614, 192]","[0.31926289200782776, 0.31534332036972046, 0.0310047660022974, 0.030753951519727707, 0.015762999653816223]"
crop,ooc,268,77,354,0,0.18317456543445587,"[354, 277, 9, 278, 39]","[0.18317456543445587, 0.09458901733160019, 0.0910143107175827, 0.07744117826223373, 0.03886578232049942]"
crop,ooc,269,945,419,0,0.14759916067123413,"[419, 720, 529, 626, 680]","[0.14759916067123413, 0.09898656606674194, 0.073494091629982, 0.06137283518910408, 0.05513736605644226]"
crop,ooc,270,322,123,0,0.4234825372695923,"[123, 876, 192, 391, 193]","[0.4234825372695923, 0.05067455768585205, 0.03671193867921829, 0.03636513650417328, 0.023324815556406975]"
crop,ooc,271,27,27,1,0.5226336717605591,"[27, 695, 910, 596, 684]","[0.5226336717605591, 0.07358724623918533, 0.06107122078537941, 0.02826583944261074, 0.019093085080385208]"
crop,ooc,272,321,321,1,0.9749496579170227,"[321, 25, 325, 994, 10]","[0.9749496579170227, 0.011739127337932587, 0.003710441989824176, 0.0025598963256925344, 0.001093608676455915]"
crop,ooc,273,323,323,1,0.9992710947990417,"[323, 303, 321, 308, 75]","[0.9992710947990417, 0.0001927464472828433, 0.00017133826622739434, 0.00010985536209773272, 4.2243453208357096e-05]"
crop,ooc,274,937,519,0,0.2509862780570984,"[519, 596, 835, 427, 525]","[0.2509862780570984, 0.1991989016532898, 0.05890139937400818, 0.045943111181259155, 0.0428147055208683]"
crop,ooc,275,73,77,0,0.13958513736724854,"[77, 73, 671, 74, 314]","[0.13958513736724854, 0.08692214637994766, 0.08632779121398926, 0.055455900728702545, 0.03860703855752945]"
crop,ooc,276,322,322,1,0.8795182108879089,"[322, 24, 331, 134, 131]","[0.8795182108879089, 0.029028654098510742, 0.009670733474195004, 0.00761125423014164, 0.005419489461928606]"
crop,ooc,277,40,944,0,0.12767212092876434,"[944, 57, 994, 108, 947]","[0.12767212092876434, 0.12483513355255127, 0.0643899142742157, 0.06031511351466179, 0.05963482707738876]"
crop,ooc,278,31,393,0,0.2173035442829132,"[393, 115, 671, 730, 392]","[0.2173035442829132, 0.11998375505208969, 0.09072591364383698, 0.04463418573141098, 0.031355906277894974]"
crop,ooc,279,321,802,0,0.13298065960407257,"[802, 321, 537, 22, 448]","[0.13298065960407257, 0.1279144287109375, 0.11560723185539246, 0.0976473018527031, 0.03799426183104515]"
crop,ooc,280,58,488,0,0.1232268288731575,"[488, 301, 701, 679, 94]","[0.1232268288731575, 0.05261007696390152, 0.04761555790901184, 0.041248664259910583, 0.04007170349359512]"
crop,ooc,281,309,308,0,0.5397659540176392,"[308, 125, 12, 136, 13]","[0.5397659540176392, 0.08123099058866501, 0.05391884222626686, 0.038334112614393234, 0.023288672789931297]"
crop,ooc,282,303,914,0,0.09328079223632812,"[914, 693, 835, 879, 970]","[0.09328079223632812, 0.07726901769638062, 0.07271944731473923, 0.05686500668525696, 0.05647857487201691]"
crop,ooc,283,325,325,1,0.9777606129646301,"[325, 835, 326, 64, 884]","[0.9777606129646301, 0.008600051514804363, 0.0017467632424086332, 0.0007029427215456963, 0.0006504552438855171]"
crop,ooc,284,323,323,1,0.9197014570236206,"[323, 960, 444, 421, 776]","[0.9197014570236206, 0.006250916514545679, 0.006135893519967794, 0.004617480561137199, 0.004056119360029697]"
crop,ooc,285,304,314,0,0.45246604084968567,"[314, 304, 63, 24, 303]","[0.45246604084968567, 0.1532684862613678, 0.02788121998310089, 0.026013322174549103, 0.025396963581442833]"
crop,ooc,286,18,18,1,0.9614788889884949,"[18, 93, 96, 17, 88]","[0.9614788889884949, 0.026845846325159073, 0.006246195640414953, 0.002228341531008482, 0.001289202831685543]"
crop,ooc,287,178,178,1,0.9794939756393433,"[178, 180, 344, 208, 150]","[0.9794939756393433, 0.005891101900488138, 0.0023532616905868053, 0.0020440733060240746, 0.002006368013098836]"
crop,ooc,288,83,87,0,0.7324110269546509,"[87, 83, 840, 340, 214]","[0.7324110269546509, 0.013045061379671097, 0.012774619273841381, 0.010538186877965927, 0.009440263733267784]"
crop,ooc,289,362,133,0,0.3454189598560333,"[133, 139, 136, 272, 269]","[0.3454189598560333, 0.13901950418949127, 0.10173600167036057, 0.062467146664857864, 0.03897182643413544]"
crop,ooc,290,272,350,0,0.17126095294952393,"[350, 209, 269, 500, 344]","[0.17126095294952393, 0.10187580436468124, 0.07877504080533981, 0.0325930118560791, 0.024187862873077393]"
crop,ooc,291,102,170,0,0.08344611525535583,"[170, 427, 873, 652, 386]","[0.08344611525535583, 0.049628887325525284, 0.04599357396364212, 0.03385685756802559, 0.03298855200409889]"
crop,ooc,292,423,621,0,0.07393626123666763,"[621, 735, 912, 863, 972]","[0.07393626123666763, 0.06481677293777466, 0.06132814660668373, 0.05975694954395294, 0.050418920814991]"
crop,ooc,293,543,634,0,0.20876377820968628,"[634, 608, 514, 568, 708]","[0.20876377820968628, 0.09036153554916382, 0.048811428248882294, 0.025342082604765892, 0.022406985983252525]"
crop,ooc,294,277,8,0,0.23337909579277039,"[8, 160, 226, 228, 355]","[0.23337909579277039, 0.16736532747745514, 0.07641161233186722, 0.0644049420952797, 0.06322891265153885]"
crop,ooc,295,428,428,1,0.45036280155181885,"[428, 690, 391, 389, 913]","[0.45036280155181885, 0.15797781944274902, 0.03464217856526375, 0.034058235585689545, 0.030094075947999954]"
crop,ooc,296,134,97,0,0.09713133424520493,"[97, 146, 134, 127, 141]","[0.09713133424520493, 0.04969925805926323, 0.048714034259319305, 0.04708746820688248, 0.046562522649765015]"
crop,ooc,297,298,703,0,0.251099556684494,"[703, 12, 355, 471, 596]","[0.251099556684494, 0.05557258054614067, 0.03592945635318756, 0.03311571478843689, 0.03157055377960205]"
crop,ooc,298,170,16,0,0.4199090003967285,"[16, 20, 39, 31, 48]","[0.4199090003967285, 0.06628957390785217, 0.034907206892967224, 0.026447301730513573, 0.024412820115685463]"
crop,ooc,299,363,806,0,0.06548064202070236,"[806, 50, 775, 787, 145]","[0.06548064202070236, 0.06308572739362717, 0.04902835562825203, 0.046943388879299164, 0.038668323308229446]"
crop,ooc,300,356,223,0,0.0636756494641304,"[223, 751, 248, 693, 814]","[0.0636756494641304, 0.03404996544122696, 0.0297772828489542, 0.019077762961387634, 0.018573647364974022]"
crop,ooc,301,161,161,1,0.3264051377773285,"[161, 162, 264, 253, 209]","[0.3264051377773285, 0.2609080374240875, 0.0892326682806015, 0.07339750230312347, 0.032178983092308044]"
crop,ooc,302,254,254,1,0.693484902381897,"[254, 243, 676, 245, 616]","[0.693484902381897, 0.0862291157245636, 0.04135846346616745, 0.022780273109674454, 0.016755539923906326]"
crop,ooc,303,145,145,1,0.9965376853942871,"[145, 96, 414, 146, 445]","[0.9965376853942871, 0.0008489121100865304, 0.0004831948026549071, 0.0002514196385163814, 0.00022614469344262034]"
crop,ooc,304,171,51,0,0.44889599084854126,"[51, 94, 16, 171, 21]","[0.44889599084854126, 0.13957726955413818, 0.031319133937358856, 0.03058570809662342, 0.029540153220295906]"
crop,ooc,305,299,278,0,0.25483953952789307,"[278, 277, 272, 298, 280]","[0.25483953952789307, 0.08222552388906479, 0.07942226529121399, 0.05284329503774643, 0.0513986200094223]"
crop,ooc,306,251,251,1,0.9860237836837769,"[251, 289, 820, 293, 535]","[0.9860237836837769, 0.004379987716674805, 0.003240141784772277, 0.0011005864944308996, 0.0004512139712460339]"
crop,ooc,307,292,288,0,0.1339259296655655,"[288, 292, 989, 37, 990]","[0.1339259296655655, 0.12424336373806, 0.09450017660856247, 0.057333216071128845, 0.03983284905552864]"
crop,ooc,308,77,306,0,0.12893369793891907,"[306, 134, 88, 307, 16]","[0.12893369793891907, 0.11024487763643265, 0.06604401767253876, 0.06434213370084763, 0.059896696358919144]"
crop,ooc,309,305,145,0,0.15447698533535004,"[145, 178, 792, 652, 195]","[0.15447698533535004, 0.10701073706150055, 0.04187987744808197, 0.03919726610183716, 0.037435341626405716]"
crop,ooc,310,299,131,0,0.07925290614366531,"[131, 212, 89, 365, 360]","[0.07925290614366531, 0.05482734739780426, 0.033651240170001984, 0.03208605945110321, 0.0258225966244936]"
crop,ooc,311,83,396,0,0.6882820129394531,"[396, 33, 8, 187, 728]","[0.6882820129394531, 0.04080972447991371, 0.02902173064649105, 0.014961746521294117, 0.012015360407531261]"
crop,ooc,312,362,287,0,0.2220178246498108,"[287, 337, 150, 228, 147]","[0.2220178246498108, 0.08348535746335983, 0.06261977553367615, 0.04151398316025734, 0.04031001776456833]"
crop,ooc,313,85,85,1,0.9984649419784546,"[85, 97, 138, 99, 134]","[0.9984649419784546, 0.0004505202523432672, 0.00013678929826710373, 0.00011239454033784568, 9.680794028099626e-05]"
crop,ooc,314,203,203,1,0.20048324763774872,"[203, 190, 215, 188, 156]","[0.20048324763774872, 0.11199085414409637, 0.11065646260976791, 0.07791091501712799, 0.03768075257539749]"
crop,ooc,315,79,81,0,0.9575828909873962,"[81, 143, 86, 89, 83]","[0.9575828909873962, 0.00937610026448965, 0.006066142115741968, 0.0035323246847838163, 0.0027667211834341288]"
crop,ooc,316,71,697,0,0.43205726146698,"[697, 793, 108, 728, 529]","[0.43205726146698, 0.06953015923500061, 0.06365428119897842, 0.05242948979139328, 0.03792290389537811]"
crop,ooc,317,298,5,0,0.48765578866004944,"[5, 6, 327, 397, 338]","[0.48765578866004944, 0.16139549016952515, 0.026896247640252113, 0.024453509598970413, 0.01746498979628086]"
crop,ooc,318,336,299,0,0.2738029956817627,"[299, 235, 191, 336, 275]","[0.2738029956817627, 0.22919438779354095, 0.12538447976112366, 0.0672219917178154, 0.038181982934474945]"
crop,ooc,319,425,497,0,0.15934015810489655,"[497, 421, 425, 791, 915]","[0.15934015810489655, 0.09830283373594284, 0.07717188447713852, 0.07229509204626083, 0.06237458810210228]"
crop,ooc,320,137,295,0,0.19886651635169983,"[295, 84, 184, 9, 381]","[0.19886651635169983, 0.12799015641212463, 0.054713018238544464, 0.04313725233078003, 0.024598024785518646]"
crop,ooc,321,372,309,0,0.5381751656532288,"[309, 985, 699, 324, 644]","[0.5381751656532288, 0.08587741106748581, 0.036585889756679535, 0.02957054413855076, 0.026288174092769623]"
crop,ooc,322,958,961,0,0.38737204670906067,"[961, 532, 816, 931, 947]","[0.38737204670906067, 0.08765372633934021, 0.06886065006256104, 0.06462403386831284, 0.03913143277168274]"
crop,ooc,323,232,978,0,0.4771457612514496,"[978, 121, 977, 112, 980]","[0.4771457612514496, 0.07265760749578476, 0.030746545642614365, 0.028656797483563423, 0.022119414061307907]"
crop,ooc,324,279,697,0,0.0520443394780159,"[697, 529, 171, 728, 99]","[0.0520443394780159, 0.04269988462328911, 0.03044554963707924, 0.022812560200691223, 0.022337524220347404]"
crop,ooc,325,146,516,0,0.08943585306406021,"[516, 341, 159, 910, 849]","[0.08943585306406021, 0.06841235607862473, 0.05327655002474785, 0.05149387940764427, 0.04287555068731308]"
crop,ooc,326,352,89,0,0.2784784436225891,"[89, 955, 737, 998, 943]","[0.2784784436225891, 0.073578841984272, 0.04317018762230873, 0.03178566321730614, 0.02602260187268257]"
crop,ooc,327,958,756,0,0.08255435526371002,"[756, 87, 39, 462, 792]","[0.08255435526371002, 0.07103509455919266, 0.050788864493370056, 0.046869438141584396, 0.04209021106362343]"
crop,ooc,328,958,735,0,0.148411363363266,"[735, 533, 689, 816, 775]","[0.148411363363266, 0.11105421185493469, 0.1007588803768158, 0.09449618309736252, 0.07658031582832336]"
crop,ooc,329,275,177,0,0.18345819413661957,"[177, 172, 159, 249, 87]","[0.18345819413661957, 0.176313117146492, 0.06606025248765945, 0.06535567343235016, 0.05182117968797684]"
crop,ooc,330,888,699,0,0.8523504137992859,"[699, 890, 822, 558, 642]","[0.8523504137992859, 0.01919686049222946, 0.016012845560908318, 0.013768975622951984, 0.010721837170422077]"
crop,ooc,331,352,812,0,0.20506490767002106,"[812, 751, 306, 40, 124]","[0.20506490767002106, 0.12532976269721985, 0.07535022497177124, 0.06543750315904617, 0.030367745086550713]"
crop,ooc,332,85,84,0,0.16530688107013702,"[84, 646, 162, 355, 706]","[0.16530688107013702, 0.06845320016145706, 0.06348564475774765, 0.047911450266838074, 0.035495635122060776]"
crop,ooc,333,9,840,0,0.15599285066127777,"[840, 616, 394, 428, 202]","[0.15599285066127777, 0.08808647096157074, 0.06967943906784058, 0.06940024346113205, 0.05190209671854973]"
crop,ooc,334,199,295,0,0.12042248249053955,"[295, 500, 357, 136, 135]","[0.12042248249053955, 0.11914727836847305, 0.11190182715654373, 0.10585734993219376, 0.062642902135849]"
crop,ooc,335,522,49,0,0.18568076193332672,"[49, 141, 58, 142, 98]","[0.18568076193332672, 0.18321777880191803, 0.1272897869348526, 0.10477655380964279, 0.06648731976747513]"
crop,ooc,336,340,441,0,0.49927768111228943,"[441, 840, 311, 438, 696]","[0.49927768111228943, 0.04249667376279831, 0.03546296805143356, 0.027226289734244347, 0.02599911019206047]"
crop,ooc,337,9,305,0,0.5279441475868225,"[305, 306, 388, 316, 33]","[0.5279441475868225, 0.10318182408809662, 0.059112872928380966, 0.03496197983622551, 0.02890530414879322]"
crop,ooc,338,386,101,0,0.5695655345916748,"[101, 385, 346, 343, 386]","[0.5695655345916748, 0.06957752257585526, 0.06211454048752785, 0.0466407872736454, 0.04258172586560249]"
crop,ooc,339,274,184,0,0.4044446647167206,"[184, 213, 253, 227, 236]","[0.4044446647167206, 0.14213992655277252, 0.0597979910671711, 0.05100400000810623, 0.04135765880346298]"
crop,ooc,340,274,365,0,0.20723433792591095,"[365, 385, 51, 367, 386]","[0.20723433792591095, 0.17763972282409668, 0.10542404651641846, 0.10265292972326279, 0.02468135952949524]"
crop,ooc,341,254,242,0,0.2701655328273773,"[242, 243, 180, 208, 245]","[0.2701655328273773, 0.09273771196603775, 0.07567436248064041, 0.07433032244443893, 0.048238448798656464]"
crop,ooc,342,185,192,0,0.24587570130825043,"[192, 185, 193, 186, 201]","[0.24587570130825043, 0.17992733418941498, 0.1500755101442337, 0.10781333595514297, 0.06034914776682854]"
crop,ooc,343,169,266,0,0.23567292094230652,"[266, 12, 265, 202, 182]","[0.23567292094230652, 0.11136945337057114, 0.08680114895105362, 0.07498857378959656, 0.03176560625433922]"
crop,ooc,344,193,187,0,0.25033652782440186,"[187, 193, 226, 182, 202]","[0.25033652782440186, 0.16670235991477966, 0.10984904319047928, 0.10594821721315384, 0.06977324932813644]"
crop,ooc,345,355,480,0,0.11495409905910492,"[480, 760, 896, 789, 840]","[0.11495409905910492, 0.10846974700689316, 0.05905124917626381, 0.04592740535736084, 0.03875047340989113]"
crop,ooc,346,83,396,0,0.3809193968772888,"[396, 83, 397, 99, 12]","[0.3809193968772888, 0.19410908222198486, 0.07465051859617233, 0.029227767139673233, 0.0208171084523201]"
crop,ooc,347,355,231,0,0.1684424877166748,"[231, 247, 355, 248, 169]","[0.1684424877166748, 0.10480768233537674, 0.07934655249118805, 0.05540428310632706, 0.052366748452186584]"
crop,ooc,348,172,643,0,0.08218102902173996,"[643, 167, 176, 695, 64]","[0.08218102902173996, 0.06322032958269119, 0.041257064789533615, 0.04081425815820694, 0.03382902964949608]"
crop,ooc,349,958,958,1,0.37731415033340454,"[958, 489, 410, 716, 649]","[0.37731415033340454, 0.06168631091713905, 0.03933032974600792, 0.03366956114768982, 0.033539049327373505]"
crop,ooc,350,425,425,1,0.6285731792449951,"[425, 716, 832, 791, 576]","[0.6285731792449951, 0.11153397709131241, 0.023053618147969246, 0.011994779109954834, 0.00907871499657631]"
crop,ooc,351,958,209,0,0.2246979922056198,"[209, 178, 211, 208, 958]","[0.2246979922056198, 0.17253267765045166, 0.13254602253437042, 0.08681926876306534, 0.0650317594408989]"
crop,ooc,352,425,675,0,0.0924246534705162,"[675, 462, 882, 564, 822]","[0.0924246534705162, 0.06890763342380524, 0.06595271825790405, 0.06153363734483719, 0.033958520740270615]"
crop,ooc,353,681,792,0,0.348237544298172,"[792, 428, 121, 13, 965]","[0.348237544298172, 0.09107042104005814, 0.026537423953413963, 0.01696903072297573, 0.016335198655724525]"
crop,ooc,354,755,985,0,0.2416982650756836,"[985, 840, 806, 610, 701]","[0.2416982650756836, 0.10674753040075302, 0.05011379346251488, 0.047937724739313126, 0.04502958431839943]"
crop,ooc,355,251,608,0,0.2608703672885895,"[608, 591, 65, 251, 236]","[0.2608703672885895, 0.04210519418120384, 0.039754413068294525, 0.03176597133278847, 0.02746889367699623]"
crop,ooc,356,209,77,0,0.1629360169172287,"[77, 124, 120, 76, 79]","[0.1629360169172287, 0.11696243286132812, 0.08126025646924973, 0.07159125059843063, 0.05971025675535202]"
crop,ooc,357,872,513,0,0.06884326785802841,"[513, 546, 776, 830, 237]","[0.06884326785802841, 0.0655057430267334, 0.06189144030213356, 0.040045227855443954, 0.03605996072292328]"
crop,ooc,358,177,9,0,0.23692363500595093,"[9, 177, 205, 350, 23]","[0.23692363500595093, 0.21855628490447998, 0.12528544664382935, 0.05658653378486633, 0.03353827819228172]"
crop,ooc,359,172,92,0,0.17506258189678192,"[92, 140, 12, 141, 21]","[0.17506258189678192, 0.15102985501289368, 0.13617204129695892, 0.10656102746725082, 0.09044864028692245]"
crop,ooc,360,425,448,0,0.32221248745918274,"[448, 835, 532, 788, 798]","[0.32221248745918274, 0.06513705104589462, 0.06046939641237259, 0.05507266893982887, 0.03758682310581207]"
crop,ooc,361,191,193,0,0.30349209904670715,"[193, 191, 226, 186, 175]","[0.30349209904670715, 0.11188343167304993, 0.10842397809028625, 0.07850585877895355, 0.06399986147880554]"
crop,ooc,362,23,135,0,0.5980331897735596,"[135, 21, 8, 84, 998]","[0.5980331897735596, 0.05378004163503647, 0.03207731992006302, 0.02752290666103363, 0.023222189396619797]"
crop,ooc,363,353,339,0,0.19200816750526428,"[339, 159, 351, 246, 676]","[0.19200816750526428, 0.13193093240261078, 0.11004796624183655, 0.04132840782403946, 0.034346140921115875]"
crop,ooc,364,209,161,0,0.11389981210231781,"[161, 515, 684, 585, 611]","[0.11389981210231781, 0.07440819591283798, 0.05909779667854309, 0.05698062479496002, 0.03647179156541824]"
crop,ooc,365,352,797,0,0.08868548274040222,"[797, 929, 514, 480, 860]","[0.08868548274040222, 0.05886238440871239, 0.049335870891809464, 0.036858029663562775, 0.03340577334165573]"
crop,ooc,366,690,323,0,0.44794607162475586,"[323, 301, 321, 856, 88]","[0.44794607162475586, 0.23327311873435974, 0.055764827877283096, 0.04864563047885895, 0.029560748487710953]"
crop,ooc,367,348,642,0,0.8181264400482178,"[642, 424, 624, 454, 781]","[0.8181264400482178, 0.023548033088445663, 0.015973486006259918, 0.011554102413356304, 0.010029536671936512]"
crop,ooc,368,336,672,0,0.3993825912475586,"[672, 835, 879, 970, 525]","[0.3993825912475586, 0.03721121698617935, 0.033420220017433167, 0.02619638293981552, 0.017331652343273163]"
crop,ooc,369,574,90,0,0.15921281278133392,"[90, 994, 992, 942, 950]","[0.15921281278133392, 0.13427574932575226, 0.10014763474464417, 0.09930480271577835, 0.07902920991182327]"
crop,ooc,370,172,88,0,0.16972695291042328,"[88, 128, 350, 136, 166]","[0.16972695291042328, 0.12784786522388458, 0.07817478477954865, 0.06280442327260971, 0.04702112078666687]"
crop,ooc,371,428,428,1,0.22686758637428284,"[428, 835, 354, 140, 471]","[0.22686758637428284, 0.1297689527273178, 0.0676707848906517, 0.06239921227097511, 0.055544413626194]"
crop,ooc,372,277,548,0,0.11492698639631271,"[548, 416, 598, 492, 556]","[0.11492698639631271, 0.11161840707063675, 0.0768284946680069, 0.06712670624256134, 0.0517318956553936]"
crop,ooc,373,209,209,1,0.3835272490978241,"[209, 170, 385, 172, 246]","[0.3835272490978241, 0.12247903645038605, 0.03907596319913864, 0.024765510112047195, 0.02335839346051216]"
crop,ooc,374,575,575,1,0.9846668243408203,"[575, 621, 843, 864, 609]","[0.9846668243408203, 0.009655414149165154, 0.0029735309071838856, 0.0003188361006323248, 0.00027930582291446626]"
crop,ooc,375,958,958,1,0.7653872966766357,"[958, 86, 136, 37, 338]","[0.7653872966766357, 0.05953771620988846, 0.04490257054567337, 0.02280067652463913, 0.01764967292547226]"
crop,ooc,376,340,340,1,0.730946958065033,"[340, 701, 413, 758, 801]","[0.730946958065033, 0.14070968329906464, 0.044223684817552567, 0.02276822179555893, 0.012363672256469727]"
crop,ooc,377,191,263,0,0.2773350179195404,"[263, 970, 491, 236, 71]","[0.2773350179195404, 0.07853707671165466, 0.051523711532354355, 0.04655856266617775, 0.022574253380298615]"
crop,ooc,378,232,217,0,0.23885470628738403,"[217, 232, 196, 155, 239]","[0.23885470628738403, 0.13251370191574097, 0.10304991900920868, 0.0769554078578949, 0.056045226752758026]"
crop,ooc,379,352,354,0,0.13219091296195984,"[354, 701, 348, 417, 832]","[0.13219091296195984, 0.09120116382837296, 0.0647215023636818, 0.061867035925388336, 0.03904116153717041]"
crop,ooc,380,373,209,0,0.24130821228027344,"[209, 373, 277, 276, 106]","[0.24130821228027344, 0.08135268092155457, 0.06424813717603683, 0.06397068500518799, 0.04653184860944748]"
crop,ooc,381,353,138,0,0.400235652923584,"[138, 91, 81, 321, 80]","[0.400235652923584, 0.32270288467407227, 0.058641135692596436, 0.038075849413871765, 0.033340804278850555]"
crop,ooc,382,888,46,0,0.10681639611721039,"[46, 939, 40, 59, 710]","[0.10681639611721039, 0.09683079272508621, 0.09505060315132141, 0.07395746558904648, 0.06077196076512337]"
crop,ooc,383,286,133,0,0.06430438160896301,"[133, 411, 88, 797, 12]","[0.06430438160896301, 0.05494051054120064, 0.05285336449742317, 0.041971828788518906, 0.033370282500982285]"
crop,ooc,384,299,299,1,0.38889917731285095,"[299, 364, 186, 184, 269]","[0.38889917731285095, 0.08113609999418259, 0.06824302673339844, 0.02995101362466812, 0.029815303161740303]"
crop,ooc,385,350,112,0,0.27755269408226013,"[112, 51, 552, 614, 903]","[0.27755269408226013, 0.08483871072530746, 0.06858010590076447, 0.05951715260744095, 0.03217528015375137]"
crop,ooc,386,143,143,1,0.9613991975784302,"[143, 146, 980, 128, 137]","[0.9613991975784302, 0.006901293992996216, 0.004922808613628149, 0.0028714053332805634, 0.0026995616499334574]"
crop,ooc,387,336,706,0,0.5055397152900696,"[706, 843, 765, 908, 557]","[0.5055397152900696, 0.05975423753261566, 0.04573361575603485, 0.044378526508808136, 0.028558949008584023]"
crop,ooc,388,353,792,0,0.2630212903022766,"[792, 278, 277, 214, 236]","[0.2630212903022766, 0.08336560428142548, 0.06614810973405838, 0.06272915005683899, 0.0496583953499794]"
crop,ooc,389,305,634,0,0.23056602478027344,"[634, 525, 547, 820, 124]","[0.23056602478027344, 0.153055340051651, 0.0547814704477787, 0.05179369077086449, 0.050735071301460266]"
crop,ooc,390,349,349,1,0.554379940032959,"[349, 348, 350, 346, 345]","[0.554379940032959, 0.16671718657016754, 0.1101260855793953, 0.10544061660766602, 0.009128236211836338]"
crop,ooc,391,11,328,0,0.1965719312429428,"[328, 115, 110, 599, 116]","[0.1965719312429428, 0.09054402261972427, 0.0899965837597847, 0.07526864856481552, 0.07271836698055267]"
crop,ooc,392,26,958,0,0.7615739703178406,"[958, 347, 976, 649, 354]","[0.7615739703178406, 0.06004083901643753, 0.021999768912792206, 0.011648008599877357, 0.009246693924069405]"
crop,ooc,393,336,202,0,0.1598902940750122,"[202, 377, 254, 509, 87]","[0.1598902940750122, 0.10425952821969986, 0.07741174846887589, 0.04245557263493538, 0.03846145421266556]"
crop,ooc,394,79,695,0,0.145276740193367,"[695, 677, 780, 448, 46]","[0.145276740193367, 0.11548555642366409, 0.0703120306134224, 0.06543809175491333, 0.05614436790347099]"
crop,ooc,395,63,50,0,0.2062220722436905,"[50, 69, 133, 337, 39]","[0.2062220722436905, 0.07666139304637909, 0.039885278791189194, 0.029226424172520638, 0.024411257356405258]"
crop,ooc,396,349,309,0,0.1493271142244339,"[309, 161, 218, 245, 219]","[0.1493271142244339, 0.09174525737762451, 0.06327860802412033, 0.05562907084822655, 0.053365472704172134]"
crop,ooc,397,17,17,1,0.3072764277458191,"[17, 921, 695, 491, 14]","[0.3072764277458191, 0.03853540122509003, 0.03847185894846916, 0.03571484982967377, 0.030722543597221375]"
crop,ooc,398,354,383,0,0.06807258725166321,"[383, 289, 362, 84, 336]","[0.06807258725166321, 0.0642416849732399, 0.051533639430999756, 0.040747515857219696, 0.03387174755334854]"
crop,ooc,399,172,275,0,0.21160894632339478,"[275, 276, 210, 13, 350]","[0.21160894632339478, 0.14275285601615906, 0.061778295785188675, 0.03551529347896576, 0.03330506756901741]"
crop,ooc,400,390,52,0,0.1499585509300232,"[52, 390, 64, 59, 55]","[0.1499585509300232, 0.14551609754562378, 0.14489182829856873, 0.1379576474428177, 0.10212337970733643]"
crop,ooc,401,42,428,0,0.13357235491275787,"[428, 703, 9, 880, 562]","[0.13357235491275787, 0.12231352925300598, 0.06854487210512161, 0.05391697585582733, 0.0518360435962677]"
crop,ooc,402,251,992,0,0.4347163438796997,"[992, 289, 947, 288, 991]","[0.4347163438796997, 0.36600467562675476, 0.06798836588859558, 0.03347964957356453, 0.027055278420448303]"
crop,ooc,403,13,398,0,0.0941709354519844,"[398, 420, 515, 169, 159]","[0.0941709354519844, 0.08405856043100357, 0.034197140485048294, 0.03185735642910004, 0.03182749077677727]"
crop,ooc,404,139,139,1,0.9992733597755432,"[139, 143, 146, 144, 99]","[0.9992733597755432, 0.0003446573973633349, 6.400028360076249e-05, 6.102944098529406e-05, 5.942530697211623e-05]"
crop,ooc,405,336,336,1,0.533471405506134,"[336, 366, 270, 373, 170]","[0.533471405506134, 0.05860403552651405, 0.04180503636598587, 0.04101800173521042, 0.04059862345457077]"
crop,ooc,406,277,938,0,0.4145805835723877,"[938, 964, 935, 207, 263]","[0.4145805835723877, 0.117750383913517, 0.10368567705154419, 0.036267753690481186, 0.023380808532238007]"
crop,ooc,407,375,877,0,0.1649850457906723,"[877, 571, 704, 707, 454]","[0.1649850457906723, 0.1289111077785492, 0.08982245624065399, 0.07556980848312378, 0.04703216999769211]"
crop,ooc,408,26,994,0,0.6198625564575195,"[994, 71, 54, 26, 38]","[0.6198625564575195, 0.0592639222741127, 0.05151001736521721, 0.04560723900794983, 0.04144887253642082]"
crop,ooc,409,295,370,0,0.056480154395103455,"[370, 348, 375, 356, 224]","[0.056480154395103455, 0.052071817219257355, 0.0513136051595211, 0.0473366379737854, 0.03506740555167198]"
crop,ooc,410,674,319,0,0.24283835291862488,"[319, 536, 835, 908, 755]","[0.24283835291862488, 0.15577667951583862, 0.09561804682016373, 0.03583088889718056, 0.03455929830670357]"
crop,ooc,411,57,65,0,0.4611530900001526,"[65, 10, 506, 58, 133]","[0.4611530900001526, 0.08178218454122543, 0.05075395852327347, 0.04616577923297882, 0.026693321764469147]"
crop,ooc,412,59,141,0,0.24630551040172577,"[141, 139, 142, 58, 135]","[0.24630551040172577, 0.06813979148864746, 0.0667632445693016, 0.0651538297533989, 0.050356145948171616]"
crop,ooc,413,357,568,0,0.11628331989049911,"[568, 171, 903, 243, 184]","[0.11628331989049911, 0.04687538743019104, 0.04637395963072777, 0.043344710022211075, 0.03540614992380142]"
crop,ooc,414,336,958,0,0.5832546949386597,"[958, 277, 104, 372, 344]","[0.5832546949386597, 0.07041063904762268, 0.04644095525145531, 0.02192596346139908, 0.015839725732803345]"
crop,ooc,415,86,430,0,0.8575283288955688,"[430, 560, 981, 768, 805]","[0.8575283288955688, 0.04080105945467949, 0.02661200985312462, 0.019992947578430176, 0.013342849910259247]"
crop,ooc,416,62,88,0,0.20726348459720612,"[88, 381, 375, 369, 89]","[0.20726348459720612, 0.16201891005039215, 0.08379698544740677, 0.03342648968100548, 0.02509916014969349]"
crop,ooc,417,677,624,0,0.25695279240608215,"[624, 743, 694, 764, 706]","[0.25695279240608215, 0.15226198732852936, 0.06911036372184753, 0.051943596452474594, 0.0452030785381794]"
crop,ooc,418,387,348,0,0.19064560532569885,"[348, 349, 51, 125, 973]","[0.19064560532569885, 0.09749554842710495, 0.0837857648730278, 0.06897250562906265, 0.05749446153640747]"
crop,ooc,419,85,80,0,0.44172343611717224,"[80, 85, 15, 42, 81]","[0.44172343611717224, 0.07658263295888901, 0.06446242332458496, 0.038955848664045334, 0.037357866764068604]"
crop,ooc,420,544,208,0,0.10106982290744781,"[208, 938, 939, 936, 178]","[0.10106982290744781, 0.07006853073835373, 0.06779084354639053, 0.036980681121349335, 0.026709994301199913]"
crop,ooc,421,77,51,0,0.2190001904964447,"[51, 124, 467, 40, 364]","[0.2190001904964447, 0.051177166402339935, 0.0428319089114666, 0.03795543685555458, 0.03780350089073181]"
crop,ooc,422,357,649,0,0.22816450893878937,"[649, 347, 958, 976, 143]","[0.22816450893878937, 0.10569167882204056, 0.06103585287928581, 0.061007458716630936, 0.05335932597517967]"
crop,ooc,423,383,383,1,0.9024419188499451,"[383, 374, 825, 506, 953]","[0.9024419188499451, 0.009420565329492092, 0.007639913819730282, 0.007429643999785185, 0.005925711244344711]"
crop,ooc,424,277,880,0,0.1113663762807846,"[880, 7, 130, 355, 160]","[0.1113663762807846, 0.05939986929297447, 0.04969761520624161, 0.04686267673969269, 0.03777579963207245]"
crop,ooc,425,803,879,0,0.19917798042297363,"[879, 625, 517, 803, 561]","[0.19917798042297363, 0.11718297004699707, 0.10830162465572357, 0.04717547073960304, 0.03771587461233139]"
crop,ooc,426,792,723,0,0.2595447599887848,"[723, 700, 591, 696, 772]","[0.2595447599887848, 0.056429423391819, 0.050983041524887085, 0.048684533685445786, 0.045006196945905685]"
crop,ooc,427,795,624,0,0.20280855894088745,"[624, 257, 423, 453, 760]","[0.20280855894088745, 0.06374324858188629, 0.04126577824354172, 0.03986990079283714, 0.037767328321933746]"
crop,ooc,428,83,340,0,0.6334434747695923,"[340, 99, 282, 87, 83]","[0.6334434747695923, 0.09017883241176605, 0.04987791180610657, 0.032955560833215714, 0.027892068028450012]"
crop,ooc,429,24,12,0,0.5195153951644897,"[12, 94, 313, 17, 95]","[0.5195153951644897, 0.1344541609287262, 0.07725538313388824, 0.04837276041507721, 0.040943991392850876]"
crop,ooc,430,802,25,0,0.6287245154380798,"[25, 119, 865, 222, 850]","[0.6287245154380798, 0.09858842939138412, 0.052133359014987946, 0.014570501632988453, 0.010833889245986938]"
crop,ooc,431,491,114,0,0.13935811817646027,"[114, 115, 110, 913, 31]","[0.13935811817646027, 0.11403511464595795, 0.07840868830680847, 0.03885513171553612, 0.035950735211372375]"
crop,ooc,432,277,11,0,0.1849198192358017,"[11, 352, 445, 159, 86]","[0.1849198192358017, 0.18188786506652832, 0.09149735420942307, 0.06543225049972534, 0.03309337794780731]"
crop,ooc,433,802,706,0,0.08939676731824875,"[706, 687, 579, 642, 879]","[0.08939676731824875, 0.0566667839884758, 0.045591216534376144, 0.044480156153440475, 0.04436248913407326]"
crop,ooc,434,802,870,0,0.1750705987215042,"[870, 412, 895, 792, 670]","[0.1750705987215042, 0.08030902594327927, 0.06892812252044678, 0.05505926162004471, 0.05382983759045601]"
crop,ooc,435,516,500,0,0.3022480607032776,"[500, 912, 972, 390, 825]","[0.3022480607032776, 0.1320958137512207, 0.06822144240140915, 0.051639970391988754, 0.049080733209848404]"
crop,ooc,436,13,13,1,0.7951456904411316,"[13, 17, 980, 797, 89]","[0.7951456904411316, 0.02653403952717781, 0.02244744636118412, 0.022162897512316704, 0.006998617202043533]"
crop,ooc,437,296,296,1,0.8877931833267212,"[296, 270, 258, 81, 341]","[0.8877931833267212, 0.026239799335598946, 0.0207018181681633, 0.011654716916382313, 0.008313830941915512]"
crop,ooc,438,425,425,1,0.8457858562469482,"[425, 755, 497, 900, 405]","[0.8457858562469482, 0.0430682972073555, 0.0352175273001194, 0.01172071136534214, 0.006989698391407728]"
crop,ooc,439,223,913,0,0.49882712960243225,"[913, 977, 408, 143, 978]","[0.49882712960243225, 0.09782878309488297, 0.033396169543266296, 0.026234762743115425, 0.022787267342209816]"
crop,ooc,440,795,134,0,0.1286245733499527,"[134, 146, 85, 908, 132]","[0.1286245733499527, 0.0965355783700943, 0.0579054094851017, 0.04941701889038086, 0.04938729107379913]"
crop,ooc,441,13,355,0,0.5051037669181824,"[355, 273, 99, 142, 272]","[0.5051037669181824, 0.07414012402296066, 0.05514845997095108, 0.019538993015885353, 0.01836640015244484]"
crop,ooc,442,227,180,0,0.15724311769008636,"[180, 159, 171, 236, 349]","[0.15724311769008636, 0.14732851088047028, 0.11085351556539536, 0.09414386749267578, 0.08373114466667175]"
crop,ooc,443,867,660,0,0.1635962724685669,"[660, 867, 757, 571, 844]","[0.1635962724685669, 0.1389530897140503, 0.11826154589653015, 0.08514048159122467, 0.05139803886413574]"
crop,ooc,444,232,19,0,0.2758476138114929,"[19, 22, 232, 217, 23]","[0.2758476138114929, 0.14251936972141266, 0.1293119639158249, 0.0622197724878788, 0.05905435234308243]"
crop,ooc,445,795,404,0,0.04264213889837265,"[404, 144, 704, 628, 150]","[0.04264213889837265, 0.03690581023693085, 0.029880423098802567, 0.025546163320541382, 0.024839350953698158]"
crop,ooc,446,81,89,0,0.08344348520040512,"[89, 443, 515, 129, 132]","[0.08344348520040512, 0.07326790690422058, 0.07268963009119034, 0.06429609656333923, 0.05384527146816254]"
crop,ooc,447,238,237,0,0.234431192278862,"[237, 234, 363, 253, 529]","[0.234431192278862, 0.07301429659128189, 0.06965207308530807, 0.03959370404481888, 0.03758025914430618]"
crop,ooc,448,296,265,0,0.1926419883966446,"[265, 374, 263, 284, 382]","[0.1926419883966446, 0.06872426718473434, 0.06579602509737015, 0.06288883090019226, 0.04701050743460655]"
crop,ooc,449,172,242,0,0.1604015976190567,"[242, 172, 386, 202, 523]","[0.1604015976190567, 0.05147171393036842, 0.04377463832497597, 0.030536986887454987, 0.023864075541496277]"
crop,ooc,450,178,159,0,0.2557370662689209,"[159, 178, 349, 246, 213]","[0.2557370662689209, 0.13232626020908356, 0.11538872867822647, 0.06465644389390945, 0.05137002840638161]"
crop,ooc,451,803,450,0,0.26384395360946655,"[450, 769, 833, 751, 674]","[0.26384395360946655, 0.1037568524479866, 0.06262380629777908, 0.06160854175686836, 0.04820689186453819]"
crop,ooc,452,331,88,0,0.43254780769348145,"[88, 93, 96, 13, 90]","[0.43254780769348145, 0.10247451812028885, 0.09688121825456619, 0.08585189282894135, 0.05659228563308716]"
crop,ooc,453,292,292,1,0.14896444976329803,"[292, 8, 7, 282, 217]","[0.14896444976329803, 0.13582772016525269, 0.1357489824295044, 0.07056460529565811, 0.04024670273065567]"
crop,ooc,454,787,703,0,0.32604867219924927,"[703, 834, 519, 835, 539]","[0.32604867219924927, 0.2624015510082245, 0.040584784001111984, 0.04020180180668831, 0.031808432191610336]"
crop,ooc,455,231,842,0,0.42089352011680603,"[842, 230, 263, 207, 242]","[0.42089352011680603, 0.06044100970029831, 0.057820312678813934, 0.052738506346940994, 0.04279203340411186]"
crop,ooc,456,81,89,0,0.2221662849187851,"[89, 134, 131, 835, 17]","[0.2221662849187851, 0.09034557640552521, 0.07856481522321701, 0.05466880276799202, 0.04619970545172691]"
crop,ooc,457,803,778,0,0.18524962663650513,"[778, 485, 745, 662, 619]","[0.18524962663650513, 0.08948882669210434, 0.07564789801836014, 0.05769143998622894, 0.04340945929288864]"
crop,ooc,458,792,405,0,0.17483142018318176,"[405, 846, 437, 598, 812]","[0.17483142018318176, 0.14771336317062378, 0.10086201131343842, 0.07638344168663025, 0.04977860301733017]"
crop,ooc,459,654,408,0,0.18314765393733978,"[408, 864, 436, 569, 448]","[0.18314765393733978, 0.11563951522111893, 0.05533600226044655, 0.05518917739391327, 0.04317660257220268]"
crop,ooc,460,170,192,0,0.09433693438768387,"[192, 355, 171, 202, 700]","[0.09433693438768387, 0.08753318339586258, 0.06859441101551056, 0.05166458338499069, 0.048383262008428574]"
crop,ooc,461,199,224,0,0.0886368378996849,"[224, 199, 22, 205, 835]","[0.0886368378996849, 0.08407387137413025, 0.05592510849237442, 0.05237080156803131, 0.05086156725883484]"
crop,ooc,462,795,102,0,0.18864014744758606,"[102, 133, 328, 276, 142]","[0.18864014744758606, 0.07303091883659363, 0.05840122327208519, 0.050222717225551605, 0.049067173153162]"
crop,ooc,463,802,598,0,0.2189280241727829,"[598, 548, 527, 697, 573]","[0.2189280241727829, 0.05931530147790909, 0.04885415360331535, 0.03764541447162628, 0.03130544349551201]"
crop,ooc,464,198,201,0,0.13229048252105713,"[201, 87, 198, 187, 204]","[0.13229048252105713, 0.12130815535783768, 0.048614487051963806, 0.048168912529945374, 0.036217477172613144]"
crop,ooc,465,209,21,0,0.2163027673959732,"[21, 349, 22, 350, 94]","[0.2163027673959732, 0.16090162098407745, 0.10990234464406967, 0.08727078884840012, 0.04378852993249893]"
crop,ooc,466,247,65,0,0.14012445509433746,"[65, 361, 331, 115, 330]","[0.14012445509433746, 0.06910714507102966, 0.051216479390859604, 0.04565151408314705, 0.03932124003767967]"
crop,ooc,467,224,379,0,0.11437782645225525,"[379, 234, 213, 23, 22]","[0.11437782645225525, 0.09349840879440308, 0.07189811021089554, 0.06514455378055573, 0.06403367221355438]"
crop,ooc,468,258,258,1,0.7615260481834412,"[258, 279, 257, 270, 248]","[0.7615260481834412, 0.04339870437979698, 0.02703811228275299, 0.02270558662712574, 0.0175850261002779]"
crop,ooc,469,13,192,0,0.07015155255794525,"[192, 191, 250, 106, 103]","[0.07015155255794525, 0.06723658740520477, 0.04462394490838051, 0.03688131645321846, 0.026545416563749313]"
crop,ooc,470,339,159,0,0.21914002299308777,"[159, 339, 130, 842, 168]","[0.21914002299308777, 0.1151416227221489, 0.0923478826880455, 0.06507587432861328, 0.052369680255651474]"
crop,ooc,471,888,709,0,0.6790513396263123,"[709, 888, 718, 520, 660]","[0.6790513396263123, 0.061363063752651215, 0.0551692470908165, 0.015243608504533768, 0.013255034573376179]"
crop,ooc,472,258,12,0,0.19148463010787964,"[12, 89, 270, 378, 13]","[0.19148463010787964, 0.18352939188480377, 0.08197169750928879, 0.047003261744976044, 0.031478047370910645]"
crop,ooc,473,792,696,0,0.1435546875,"[696, 723, 806, 816, 443]","[0.1435546875, 0.08568748086690903, 0.07152611762285233, 0.0680001750588417, 0.054982420057058334]"
crop,ooc,474,792,9,0,0.1271689534187317,"[9, 104, 839, 48, 343]","[0.1271689534187317, 0.08215006440877914, 0.04726787656545639, 0.039956800639629364, 0.03926234692335129]"
crop,ooc,475,346,347,0,0.31395119428634644,"[347, 234, 348, 206, 179]","[0.31395119428634644, 0.0621848963201046, 0.045925963670015335, 0.03627953305840492, 0.031723253428936005]"
crop,ooc,476,671,671,1,0.6666801571846008,"[671, 350, 880, 600, 444]","[0.6666801571846008, 0.1400400549173355, 0.0346137210726738, 0.030636096373200417, 0.012793002650141716]"
crop,ooc,477,724,562,0,0.30083680152893066,"[562, 579, 406, 492, 565]","[0.30083680152893066, 0.07964102178812027, 0.07716614007949829, 0.055726803839206696, 0.052531979978084564]"
crop,ooc,478,394,394,1,0.10693998634815216,"[394, 55, 64, 529, 876]","[0.10693998634815216, 0.07565122842788696, 0.06808451563119888, 0.06524211913347244, 0.044867586344480515]"
crop,ooc,479,672,520,0,0.4537680149078369,"[520, 516, 750, 529, 721]","[0.4537680149078369, 0.16476227343082428, 0.13047808408737183, 0.067833311855793, 0.042925216257572174]"
crop,ooc,480,289,82,0,0.24320219457149506,"[82, 86, 840, 133, 62]","[0.24320219457149506, 0.11216577142477036, 0.07881219685077667, 0.05926262587308884, 0.05328115075826645]"
crop,ooc,481,818,494,0,0.26502424478530884,"[494, 577, 471, 778, 920]","[0.26502424478530884, 0.22534525394439697, 0.06395794451236725, 0.05945189669728279, 0.045911435037851334]"
crop,ooc,482,853,457,0,0.27849921584129333,"[457, 312, 92, 316, 13]","[0.27849921584129333, 0.09934590756893158, 0.05762050673365593, 0.03483855351805687, 0.031975265592336655]"
crop,ooc,483,239,214,0,0.4219698905944824,"[214, 238, 241, 239, 240]","[0.4219698905944824, 0.19631695747375488, 0.0944027304649353, 0.09380163252353668, 0.07712997496128082]"
crop,ooc,484,425,579,0,0.25637587904930115,"[579, 791, 516, 669, 642]","[0.25637587904930115, 0.08861059695482254, 0.07369358837604523, 0.06603683531284332, 0.04428141564130783]"
crop,ooc,485,355,394,0,0.22214555740356445,"[394, 145, 961, 296, 965]","[0.22214555740356445, 0.11528222262859344, 0.0502917505800724, 0.03974044322967529, 0.03931606933474541]"
crop,ooc,486,863,791,0,0.5125126242637634,"[791, 863, 498, 670, 870]","[0.5125126242637634, 0.16841727495193481, 0.08237975090742111, 0.04289942607283592, 0.03280382230877876]"
crop,ooc,487,349,344,0,0.496505469083786,"[344, 140, 472, 22, 145]","[0.496505469083786, 0.08300010859966278, 0.05137552693486214, 0.03154107555747032, 0.027682023122906685]"
crop,ooc,488,703,975,0,0.28519806265830994,"[975, 536, 460, 718, 449]","[0.28519806265830994, 0.11583323031663895, 0.08888214826583862, 0.07979830354452133, 0.0715826004743576]"
crop,ooc,489,425,425,1,0.7541258335113525,"[425, 497, 755, 536, 663]","[0.7541258335113525, 0.07636387646198273, 0.03199813887476921, 0.01617904007434845, 0.011962315998971462]"
crop,ooc,490,795,789,0,0.4459698796272278,"[789, 762, 520, 753, 494]","[0.4459698796272278, 0.2377934455871582, 0.04053345322608948, 0.024799471721053123, 0.018305683508515358]"
crop,ooc,491,690,744,0,0.11330132186412811,"[744, 668, 448, 863, 657]","[0.11330132186412811, 0.10395855456590652, 0.08034029603004456, 0.06322101503610611, 0.04007141292095184]"
crop,ooc,492,672,672,1,0.9984897375106812,"[672, 915, 131, 879, 749]","[0.9984897375106812, 0.0002089725894620642, 0.00017165830649901181, 0.00012651400174945593, 9.515686542727053e-05]"
crop,ooc,493,671,28,0,0.1579311341047287,"[28, 671, 123, 65, 758]","[0.1579311341047287, 0.0583173893392086, 0.0461743138730526, 0.03691127896308899, 0.03471141308546066]"
crop,ooc,494,81,81,1,0.17099694907665253,"[81, 140, 139, 460, 34]","[0.17099694907665253, 0.1041768416762352, 0.06998112052679062, 0.06855259835720062, 0.058393899351358414]"
crop,ooc,495,733,938,0,0.23830479383468628,"[938, 924, 963, 965, 467]","[0.23830479383468628, 0.1640004962682724, 0.09868001937866211, 0.08680330961942673, 0.07048603892326355]"
crop,ooc,496,672,672,1,0.9704480171203613,"[672, 693, 324, 144, 749]","[0.9704480171203613, 0.01213183905929327, 0.0017384612001478672, 0.0013113097520545125, 0.0009498077561147511]"
crop,ooc,497,795,653,0,0.14951181411743164,"[653, 747, 463, 341, 296]","[0.14951181411743164, 0.1364920288324356, 0.040073223412036896, 0.0365731380879879, 0.034820087254047394]"
crop,ooc,498,663,779,0,0.2973274886608124,"[779, 803, 408, 609, 625]","[0.2973274886608124, 0.2177347093820572, 0.05949278175830841, 0.03718321770429611, 0.029657743871212006]"
crop,ooc,499,705,792,0,0.06683095544576645,"[792, 853, 398, 539, 765]","[0.06683095544576645, 0.03704794496297836, 0.03300240635871887, 0.02951783873140812, 0.02688812091946602]"
crop,ooc,500,675,592,0,0.27073994278907776,"[592, 686, 411, 767, 571]","[0.27073994278907776, 0.05302976816892624, 0.04204055294394493, 0.03618510067462921, 0.03567350283265114]"
crop,ooc,501,404,404,1,0.9876794219017029,"[404, 895, 908, 657, 812]","[0.9876794219017029, 0.004808017984032631, 0.003977860324084759, 0.0016454525757580996, 0.0011775578605011106]"
crop,ooc,502,609,471,0,0.49227002263069153,"[471, 652, 251, 413, 611]","[0.49227002263069153, 0.12149588018655777, 0.06771814823150635, 0.04745778813958168, 0.022900748997926712]"
crop,ooc,503,672,672,1,0.540315568447113,"[672, 908, 730, 864, 627]","[0.540315568447113, 0.05019088834524155, 0.03899822384119034, 0.031952593475580215, 0.019757192581892014]"
crop,ooc,504,915,915,1,0.9479983448982239,"[915, 727, 538, 758, 879]","[0.9479983448982239, 0.011948855593800545, 0.011275293305516243, 0.0058464608155190945, 0.0021447401959449053]"
crop,ooc,505,336,346,0,0.16320058703422546,"[346, 106, 349, 345, 386]","[0.16320058703422546, 0.08146519213914871, 0.05889621749520302, 0.05107114464044571, 0.05011353641748428]"
crop,ooc,506,515,143,0,0.14528626203536987,"[143, 128, 134, 138, 723]","[0.14528626203536987, 0.13567790389060974, 0.09244059026241302, 0.0804702490568161, 0.04728351905941963]"
crop,ooc,507,425,425,1,0.4172676205635071,"[425, 449, 727, 497, 696]","[0.4172676205635071, 0.37877461314201355, 0.03070470131933689, 0.018664592877030373, 0.015944799408316612]"
crop,ooc,508,404,845,0,0.274862140417099,"[845, 890, 65, 587, 42]","[0.274862140417099, 0.09838418662548065, 0.09330661594867706, 0.03371956944465637, 0.02818545699119568]"
crop,ooc,509,724,425,0,0.1401783972978592,"[425, 483, 972, 832, 970]","[0.1401783972978592, 0.06699701398611069, 0.06313396245241165, 0.059629760682582855, 0.03884129226207733]"
crop,ooc,510,718,709,0,0.17604438960552216,"[709, 769, 525, 893, 506]","[0.17604438960552216, 0.08687561750411987, 0.07208247482776642, 0.06560668349266052, 0.04905594140291214]"
crop,ooc,511,671,979,0,0.22350536286830902,"[979, 980, 912, 970, 975]","[0.22350536286830902, 0.2118026465177536, 0.08879871666431427, 0.06376563757658005, 0.06016678735613823]"
crop,ooc,512,147,138,0,0.45820924639701843,"[138, 127, 146, 82, 23]","[0.45820924639701843, 0.07222182303667068, 0.04904986545443535, 0.035427242517471313, 0.029577795416116714]"
crop,ooc,513,484,484,1,0.4782070219516754,"[484, 871, 812, 840, 657]","[0.4782070219516754, 0.3813973367214203, 0.014317650347948074, 0.005976102314889431, 0.005892956629395485]"
crop,ooc,514,449,565,0,0.1660689264535904,"[565, 912, 718, 781, 634]","[0.1660689264535904, 0.1555098444223404, 0.11871875822544098, 0.05148158594965935, 0.03855093941092491]"
crop,ooc,515,842,611,0,0.10901173204183578,"[611, 740, 587, 411, 858]","[0.10901173204183578, 0.06660293787717819, 0.04028001055121422, 0.038401488214731216, 0.03671634942293167]"
crop,ooc,516,708,519,0,0.4198884069919586,"[519, 634, 425, 835, 912]","[0.4198884069919586, 0.27798569202423096, 0.06460929661989212, 0.05692291632294655, 0.01750471256673336]"
crop,ooc,517,393,843,0,0.14387595653533936,"[843, 253, 882, 890, 872]","[0.14387595653533936, 0.057519517838954926, 0.05452245846390724, 0.05445506051182747, 0.04921822249889374]"
crop,ooc,518,862,975,0,0.3201291561126709,"[975, 442, 970, 733, 879]","[0.3201291561126709, 0.07286188751459122, 0.05145728960633278, 0.05047231540083885, 0.030981069430708885]"
crop,ooc,519,625,625,1,0.3270941972732544,"[625, 555, 779, 864, 407]","[0.3270941972732544, 0.1969103366136551, 0.08050384372472763, 0.06545864790678024, 0.06397060304880142]"
crop,ooc,520,977,726,0,0.1242106482386589,"[726, 835, 764, 573, 513]","[0.1242106482386589, 0.060622040182352066, 0.05012783408164978, 0.03528868034482002, 0.029468674212694168]"
crop,ooc,521,536,576,0,0.8595892190933228,"[576, 743, 536, 718, 874]","[0.8595892190933228, 0.016751842573285103, 0.01634073816239834, 0.014093476347625256, 0.011084917932748795]"
crop,ooc,522,472,801,0,0.11389414221048355,"[801, 124, 58, 139, 141]","[0.11389414221048355, 0.05314275622367859, 0.050770875066518784, 0.0433778241276741, 0.0365346223115921]"
crop,ooc,523,437,128,0,0.5510782599449158,"[128, 91, 93, 127, 92]","[0.5510782599449158, 0.06591132283210754, 0.06133979931473732, 0.042438216507434845, 0.029837070032954216]"
crop,ooc,524,393,693,0,0.35953882336616516,"[693, 472, 975, 814, 84]","[0.35953882336616516, 0.28106454014778137, 0.040370505303144455, 0.020789477974176407, 0.01965327002108097]"
crop,ooc,525,394,6,0,0.4174022376537323,"[6, 131, 390, 91, 88]","[0.4174022376537323, 0.0857888013124466, 0.050336193293333054, 0.046566158533096313, 0.035896752029657364]"
crop,ooc,526,147,205,0,0.10944649577140808,"[205, 206, 99, 224, 100]","[0.10944649577140808, 0.09286442399024963, 0.08001246303319931, 0.07443563640117645, 0.04887641221284866]"
crop,ooc,527,437,437,1,0.6675106287002563,"[437, 871, 460, 682, 833]","[0.6675106287002563, 0.09579651802778244, 0.04509679600596428, 0.03278828412294388, 0.029401687905192375]"
crop,ooc,528,373,209,0,0.14788073301315308,"[209, 354, 360, 344, 337]","[0.14788073301315308, 0.07385224103927612, 0.07179854810237885, 0.05248227342963219, 0.0463864803314209]"
crop,ooc,529,147,112,0,0.6274205446243286,"[112, 122, 929, 987, 552]","[0.6274205446243286, 0.02949352003633976, 0.02867721952497959, 0.02815190702676773, 0.027288729324936867]"
crop,ooc,530,143,1,0,0.5060845017433167,"[1, 16, 19, 309, 94]","[0.5060845017433167, 0.05957922711968422, 0.03573889657855034, 0.03260960057377815, 0.03223097696900368]"
crop,ooc,531,625,864,0,0.09577970206737518,"[864, 407, 625, 517, 408]","[0.09577970206737518, 0.09152324497699738, 0.08923394232988358, 0.04588059335947037, 0.0455305352807045]"
crop,ooc,532,833,472,0,0.33052119612693787,"[472, 693, 814, 580, 17]","[0.33052119612693787, 0.12672051787376404, 0.04524264112114906, 0.025570347905158997, 0.019789904356002808]"
crop,ooc,533,403,79,0,0.17689116299152374,"[79, 44, 63, 730, 912]","[0.17689116299152374, 0.12409427762031555, 0.11606328189373016, 0.07059925049543381, 0.02966826595366001]"
crop,ooc,534,914,914,1,0.24430984258651733,"[914, 780, 871, 484, 915]","[0.24430984258651733, 0.23474062979221344, 0.1449108123779297, 0.07735604047775269, 0.055697910487651825]"
crop,ooc,535,484,484,1,0.17852243781089783,"[484, 428, 843, 621, 871]","[0.17852243781089783, 0.057193927466869354, 0.039561424404382706, 0.03149666264653206, 0.027734091505408287]"
crop,ooc,536,148,514,0,0.12976746261119843,"[514, 908, 404, 885, 99]","[0.12976746261119843, 0.05725685507059097, 0.051244355738162994, 0.03335915505886078, 0.03148955851793289]"
crop,ooc,537,554,525,0,0.28016433119773865,"[525, 40, 975, 46, 979]","[0.28016433119773865, 0.05059131234884262, 0.04855913668870926, 0.044571440666913986, 0.04202643781900406]"
crop,ooc,538,814,625,0,0.6282554864883423,"[625, 803, 472, 693, 491]","[0.6282554864883423, 0.08870428800582886, 0.06960433721542358, 0.050601739436388016, 0.027741193771362305]"
crop,ooc,539,983,976,0,0.40811794996261597,"[976, 972, 970, 500, 84]","[0.40811794996261597, 0.16350652277469635, 0.060876961797475815, 0.041129667311906815, 0.04084853455424309]"
crop,ooc,540,267,296,0,0.3462867736816406,"[296, 181, 270, 222, 348]","[0.3462867736816406, 0.10107298940420151, 0.06871622055768967, 0.04157773777842522, 0.03696339577436447]"
crop,ooc,541,625,621,0,0.22361502051353455,"[621, 472, 595, 491, 407]","[0.22361502051353455, 0.07525772601366043, 0.060155730694532394, 0.05340125411748886, 0.0485675223171711]"
crop,ooc,542,554,706,0,0.4560621380805969,"[706, 833, 835, 716, 410]","[0.4560621380805969, 0.12867024540901184, 0.03701344504952431, 0.030621061101555824, 0.03043539822101593]"
crop,ooc,543,554,718,0,0.19517956674098969,"[718, 821, 706, 557, 703]","[0.19517956674098969, 0.05945849046111107, 0.03777991980314255, 0.03624413534998894, 0.03618045523762703]"
crop,ooc,544,554,807,0,0.11217903345823288,"[807, 839, 517, 733, 645]","[0.11217903345823288, 0.09762357920408249, 0.0962299332022667, 0.08793670684099197, 0.051417674869298935]"
crop,ooc,545,625,625,1,0.5024661421775818,"[625, 628, 472, 693, 510]","[0.5024661421775818, 0.21388642489910126, 0.07404091954231262, 0.028509730473160744, 0.026222825050354004]"
crop,ooc,546,437,977,0,0.5287162065505981,"[977, 460, 978, 525, 970]","[0.5287162065505981, 0.1347935050725937, 0.03190513327717781, 0.02993747591972351, 0.02371915429830551]"
crop,ooc,547,146,410,0,0.09079842269420624,"[410, 997, 428, 599, 947]","[0.09079842269420624, 0.05117836222052574, 0.0437195785343647, 0.036185864359140396, 0.03421108424663544]"
crop,ooc,548,625,625,1,0.837263822555542,"[625, 779, 694, 571, 554]","[0.837263822555542, 0.04655323922634125, 0.012816079892218113, 0.009250720031559467, 0.00915001891553402]"
crop,ooc,549,148,730,0,0.18147717416286469,"[730, 41, 646, 132, 750]","[0.18147717416286469, 0.054909754544496536, 0.048724833875894547, 0.04799933731555939, 0.03234756365418434]"
crop,ooc,550,914,914,1,0.7388542294502258,"[914, 404, 744, 871, 895]","[0.7388542294502258, 0.08593501150608063, 0.048173509538173676, 0.04596345126628876, 0.008926930837333202]"
crop,ooc,551,484,437,0,0.2081209123134613,"[437, 871, 625, 510, 484]","[0.2081209123134613, 0.12218169867992401, 0.06914810091257095, 0.0541820302605629, 0.04331202805042267]"
crop,ooc,552,484,706,0,0.16828911006450653,"[706, 202, 716, 765, 421]","[0.16828911006450653, 0.06562162190675735, 0.06351464986801147, 0.050838518887758255, 0.02651374600827694]"
crop,ooc,553,115,756,0,0.15763267874717712,"[756, 514, 427, 947, 441]","[0.15763267874717712, 0.061832331120967865, 0.04324278607964516, 0.03272828459739685, 0.02945082262158394]"
crop,ooc,554,775,621,0,0.2549131512641907,"[621, 775, 665, 236, 514]","[0.2549131512641907, 0.12822534143924713, 0.08245213329792023, 0.0741783082485199, 0.032541126012802124]"
crop,ooc,555,115,979,0,0.08987164497375488,"[979, 329, 500, 397, 6]","[0.08987164497375488, 0.08978041261434555, 0.04013308510184288, 0.03613807633519173, 0.033600132912397385]"
crop,ooc,556,484,871,0,0.3153524398803711,"[871, 484, 914, 908, 791]","[0.3153524398803711, 0.25104662775993347, 0.06814663112163544, 0.060408201068639755, 0.047678250819444656]"
crop,ooc,557,4,984,0,0.4040738046169281,"[984, 977, 801, 112, 975]","[0.4040738046169281, 0.1280856877565384, 0.040881212800741196, 0.03969510644674301, 0.038738347589969635]"
crop,ooc,558,983,983,1,0.9601877331733704,"[983, 701, 971, 920, 413]","[0.9601877331733704, 0.00541525986045599, 0.005150166340172291, 0.004674999974668026, 0.0029451383743435144]"
crop,ooc,559,842,428,0,0.13319991528987885,"[428, 738, 924, 84, 766]","[0.13319991528987885, 0.11854539066553116, 0.09373430162668228, 0.08891536295413971, 0.06107025593519211]"
crop,ooc,560,115,11,0,0.10632212460041046,"[11, 502, 987, 506, 721]","[0.10632212460041046, 0.07570016384124756, 0.04743402078747749, 0.039622366428375244, 0.034785911440849304]"
crop,ooc,561,391,391,1,0.4095782935619354,"[391, 355, 458, 704, 469]","[0.4095782935619354, 0.17039652168750763, 0.1603422313928604, 0.02421572245657444, 0.014429355971515179]"
crop,ooc,562,123,316,0,0.5424308776855469,"[316, 444, 840, 319, 776]","[0.5424308776855469, 0.03864484280347824, 0.03466655686497688, 0.03210514038801193, 0.02614504285156727]"
crop,ooc,563,253,253,1,0.4491370916366577,"[253, 242, 180, 161, 184]","[0.4491370916366577, 0.1418513059616089, 0.09892934560775757, 0.02514820359647274, 0.02349923551082611]"
crop,ooc,564,484,404,0,0.32409486174583435,"[404, 657, 744, 895, 484]","[0.32409486174583435, 0.191595658659935, 0.16531121730804443, 0.08149604499340057, 0.07447884976863861]"
crop,ooc,565,437,18,0,0.11549779027700424,"[18, 96, 93, 448, 721]","[0.11549779027700424, 0.11196500808000565, 0.06496162712574005, 0.054950956255197525, 0.040358517318964005]"
crop,ooc,566,148,843,0,0.1602751761674881,"[843, 583, 839, 671, 792]","[0.1602751761674881, 0.12960542738437653, 0.10824736952781677, 0.07753469794988632, 0.07733560353517532]"
crop,ooc,567,147,677,0,0.5784668326377869,"[677, 596, 894, 695, 505]","[0.5784668326377869, 0.07582011073827744, 0.06825225055217743, 0.02721095085144043, 0.019125385209918022]"
crop,ooc,568,148,510,0,0.34752750396728516,"[510, 688, 704, 516, 908]","[0.34752750396728516, 0.05877527594566345, 0.05772862583398819, 0.05757753178477287, 0.03470480814576149]"
crop,ooc,569,608,291,0,0.2024317979812622,"[291, 428, 293, 179, 339]","[0.2024317979812622, 0.13487128913402557, 0.12997563183307648, 0.035369906574487686, 0.02875145897269249]"
crop,ooc,570,62,976,0,0.21266956627368927,"[976, 978, 975, 437, 973]","[0.21266956627368927, 0.08768454939126968, 0.061181288212537766, 0.04345185309648514, 0.03887002170085907]"
crop,ooc,571,972,86,0,0.14336539804935455,"[86, 82, 49, 80, 50]","[0.14336539804935455, 0.07352852076292038, 0.05582917854189873, 0.03515117987990379, 0.03381502628326416]"
crop,ooc,572,139,602,0,0.08502689749002457,"[602, 702, 814, 421, 416]","[0.08502689749002457, 0.061882514506578445, 0.05487857386469841, 0.04480743780732155, 0.0425151102244854]"
crop,ooc,573,354,215,0,0.14187245070934296,"[215, 156, 173, 176, 344]","[0.14187245070934296, 0.06986497342586517, 0.03948061913251877, 0.03620712086558342, 0.02327229268848896]"
crop,ooc,574,140,750,0,0.21202406287193298,"[750, 289, 44, 706, 835]","[0.21202406287193298, 0.1577804982662201, 0.05089033395051956, 0.04993697255849838, 0.0416727215051651]"
crop,ooc,575,437,831,0,0.2575482428073883,"[831, 516, 794, 520, 982]","[0.2575482428073883, 0.0922071635723114, 0.047973502427339554, 0.039711736142635345, 0.033980924636125565]"
crop,ooc,576,529,573,0,0.14527620375156403,"[573, 492, 542, 736, 694]","[0.14527620375156403, 0.11809464544057846, 0.08676078915596008, 0.04967211186885834, 0.0464228130877018]"
crop,ooc,577,66,958,0,0.5008155703544617,"[958, 984, 522, 946, 336]","[0.5008155703544617, 0.1148243322968483, 0.027645332738757133, 0.01849507912993431, 0.016036486253142357]"
crop,ooc,578,511,656,0,0.39782243967056274,"[656, 511, 817, 717, 870]","[0.39782243967056274, 0.14860974252223969, 0.1367635875940323, 0.041617006063461304, 0.04159010946750641]"
crop,ooc,579,376,178,0,0.17818260192871094,"[178, 242, 616, 168, 184]","[0.17818260192871094, 0.10299267619848251, 0.07635568827390671, 0.07563991099596024, 0.048935119062662125]"
crop,ooc,580,404,93,0,0.2650473415851593,"[93, 61, 616, 858, 64]","[0.2650473415851593, 0.13238541781902313, 0.10566540062427521, 0.06395217776298523, 0.02320193499326706]"
crop,ooc,581,207,207,1,0.2996005117893219,"[207, 296, 226, 185, 192]","[0.2996005117893219, 0.20627230405807495, 0.08358190953731537, 0.057948194444179535, 0.042467713356018066]"
crop,ooc,582,33,322,0,0.7013671398162842,"[322, 46, 989, 91, 136]","[0.7013671398162842, 0.03378384932875633, 0.0333433523774147, 0.01647028885781765, 0.014379827305674553]"
crop,ooc,583,34,418,0,0.165712371468544,"[418, 563, 677, 872, 784]","[0.165712371468544, 0.10268151760101318, 0.08007703721523285, 0.06206431984901428, 0.05753059312701225]"
crop,ooc,584,112,112,1,0.1844637095928192,"[112, 8, 186, 189, 185]","[0.1844637095928192, 0.13080298900604248, 0.11187563836574554, 0.07789097726345062, 0.06550277024507523]"
crop,ooc,585,792,315,0,0.23755525052547455,"[315, 320, 303, 300, 652]","[0.23755525052547455, 0.05340731143951416, 0.04987907409667969, 0.04075482860207558, 0.03483600541949272]"
crop,ooc,586,172,172,1,0.17274484038352966,"[172, 173, 242, 339, 352]","[0.17274484038352966, 0.11191879957914352, 0.11038212478160858, 0.09712070971727371, 0.06522465497255325]"
crop,ooc,587,222,698,0,0.4450013339519501,"[698, 668, 483, 624, 873]","[0.4450013339519501, 0.11934974789619446, 0.06499963253736496, 0.05205771327018738, 0.044252075254917145]"
crop,ooc,588,140,443,0,0.21431130170822144,"[443, 895, 723, 13, 81]","[0.21431130170822144, 0.07994730025529861, 0.07099127024412155, 0.05119355022907257, 0.04112720862030983]"
crop,ooc,589,218,256,0,0.1490936130285263,"[256, 251, 345, 223, 603]","[0.1490936130285263, 0.10396447032690048, 0.06395061314105988, 0.0632309541106224, 0.053620390594005585]"
crop,ooc,590,459,519,0,0.34559738636016846,"[519, 624, 987, 877, 398]","[0.34559738636016846, 0.19416102766990662, 0.11420060694217682, 0.062551349401474, 0.04807288944721222]"
crop,ooc,591,112,352,0,0.11232953518629074,"[352, 6, 394, 274, 349]","[0.11232953518629074, 0.08320773392915726, 0.06516606360673904, 0.05155588686466217, 0.05072857066988945]"
crop,ooc,592,609,509,0,0.8929667472839355,"[509, 865, 788, 709, 790]","[0.8929667472839355, 0.04700443521142006, 0.009506133385002613, 0.006083844229578972, 0.006046201102435589]"
crop,ooc,593,247,338,0,0.10763953626155853,"[338, 424, 181, 487, 219]","[0.10763953626155853, 0.10028841346502304, 0.08400076627731323, 0.07440374791622162, 0.030884895473718643]"
crop,ooc,594,354,351,0,0.8673506379127502,"[351, 286, 255, 291, 43]","[0.8673506379127502, 0.01978246681392193, 0.011467495933175087, 0.010578174144029617, 0.009881574660539627]"
crop,ooc,595,842,854,0,0.1781565248966217,"[854, 611, 701, 890, 783]","[0.1781565248966217, 0.10630767792463303, 0.10366200655698776, 0.09992492944002151, 0.0849572941660881]"
crop,ooc,596,232,19,0,0.11515171080827713,"[19, 348, 9, 232, 80]","[0.11515171080827713, 0.07955275475978851, 0.07112941890954971, 0.0673433318734169, 0.06714946776628494]"
crop,ooc,597,437,881,0,0.08735904097557068,"[881, 553, 492, 526, 421]","[0.08735904097557068, 0.08708180487155914, 0.08111182600259781, 0.0734625980257988, 0.06246860697865486]"
crop,ooc,598,386,386,1,0.1596308797597885,"[386, 385, 348, 191, 568]","[0.1596308797597885, 0.10286659747362137, 0.09293241053819656, 0.06025133654475212, 0.05933883786201477]"
crop,ooc,599,145,677,0,0.24727796018123627,"[677, 22, 610, 549, 89]","[0.24727796018123627, 0.12948599457740784, 0.11853454262018204, 0.06631990522146225, 0.03050030767917633]"
crop,ooc,600,193,191,0,0.4601213335990906,"[191, 193, 175, 255, 186]","[0.4601213335990906, 0.17876531183719635, 0.08314761519432068, 0.06358784437179565, 0.03212239593267441]"
crop,ooc,601,79,558,0,0.10553168505430222,"[558, 118, 315, 471, 365]","[0.10553168505430222, 0.0784926563501358, 0.06946759670972824, 0.05632367357611656, 0.044613517820835114]"
crop,ooc,602,139,573,0,0.10549122095108032,"[573, 835, 775, 235, 870]","[0.10549122095108032, 0.052728235721588135, 0.041744496673345566, 0.03188019245862961, 0.029088281095027924]"
crop,ooc,603,814,81,0,0.4403560161590576,"[81, 3, 4, 6, 895]","[0.4403560161590576, 0.061912376433610916, 0.04905829206109047, 0.0474991612136364, 0.04134271293878555]"
crop,ooc,604,765,765,1,0.8370167016983032,"[765, 313, 559, 843, 694]","[0.8370167016983032, 0.06005464494228363, 0.018112920224666595, 0.014538213610649109, 0.0055057886056602]"
crop,ooc,605,677,946,0,0.19552774727344513,"[946, 160, 568, 184, 373]","[0.19552774727344513, 0.11221866309642792, 0.037933602929115295, 0.03701464459300041, 0.02832411788403988]"
crop,ooc,606,792,835,0,0.1957881599664688,"[835, 839, 489, 525, 460]","[0.1957881599664688, 0.17868517339229584, 0.12068222463130951, 0.09422910958528519, 0.09084361046552658]"
crop,ooc,607,652,652,1,0.09123289585113525,"[652, 562, 100, 649, 22]","[0.09123289585113525, 0.07863695174455643, 0.06175370141863823, 0.057644665241241455, 0.04834754392504692]"
crop,ooc,608,707,163,0,0.14191749691963196,"[163, 51, 211, 850, 351]","[0.14191749691963196, 0.12711301445960999, 0.0670904889702797, 0.045392103493213654, 0.04358169436454773]"
crop,ooc,609,863,863,1,0.9743034839630127,"[863, 866, 568, 365, 19]","[0.9743034839630127, 0.003399105044081807, 0.0028012453112751245, 0.002375672571361065, 0.0022164408583194017]"
crop,ooc,610,670,740,0,0.13324517011642456,"[740, 445, 684, 954, 678]","[0.13324517011642456, 0.0974901095032692, 0.09000974893569946, 0.07536714524030685, 0.05148392915725708]"
crop,ooc,611,439,834,0,0.6874627470970154,"[834, 756, 399, 420, 597]","[0.6874627470970154, 0.035817988216876984, 0.023962264880537987, 0.009187750518321991, 0.007634385954588652]"
crop,ooc,612,355,51,0,0.294989675283432,"[51, 903, 385, 562, 347]","[0.294989675283432, 0.06874670833349228, 0.03800005465745926, 0.02234835922718048, 0.01785895600914955]"
crop,ooc,613,319,352,0,0.3000178933143616,"[352, 310, 989, 303, 320]","[0.3000178933143616, 0.17853792011737823, 0.06982555985450745, 0.0585019588470459, 0.0430968776345253]"
crop,ooc,614,778,428,0,0.630480170249939,"[428, 313, 57, 410, 24]","[0.630480170249939, 0.0403280109167099, 0.01424577459692955, 0.013634458184242249, 0.008863975293934345]"
crop,ooc,615,958,45,0,0.26407715678215027,"[45, 49, 67, 50, 972]","[0.26407715678215027, 0.14864443242549896, 0.043986208736896515, 0.04119817540049553, 0.03416725620627403]"
crop,ooc,616,879,701,0,0.2645919620990753,"[701, 138, 807, 752, 131]","[0.2645919620990753, 0.107129767537117, 0.07460244745016098, 0.03998817875981331, 0.0318390317261219]"
crop,ooc,617,70,70,1,0.5328904986381531,"[70, 758, 300, 456, 718]","[0.5328904986381531, 0.16555964946746826, 0.054941292852163315, 0.05115039274096489, 0.01772061549127102]"
crop,ooc,618,471,135,0,0.24513784050941467,"[135, 28, 100, 131, 58]","[0.24513784050941467, 0.12284901738166809, 0.07079765200614929, 0.04539531096816063, 0.029332023113965988]"
crop,ooc,619,583,839,0,0.1658831685781479,"[839, 583, 912, 690, 706]","[0.1658831685781479, 0.14149579405784607, 0.11702245473861694, 0.09732750803232193, 0.05622010678052902]"
crop,ooc,620,792,792,1,0.33088770508766174,"[792, 835, 657, 596, 89]","[0.33088770508766174, 0.059558164328336716, 0.027508849278092384, 0.021605920046567917, 0.01753978431224823]"
crop,ooc,621,583,583,1,0.4321231544017792,"[583, 835, 564, 733, 843]","[0.4321231544017792, 0.08944296091794968, 0.07785909622907639, 0.0249473974108696, 0.024372979998588562]"
crop,ooc,622,7,7,1,0.3006443679332733,"[7, 8, 775, 562, 572]","[0.3006443679332733, 0.10440000891685486, 0.09792594611644745, 0.03377211466431618, 0.030953196808695793]"
crop,ooc,623,86,71,0,0.210992231965065,"[71, 616, 905, 307, 699]","[0.210992231965065, 0.07973094284534454, 0.07841768860816956, 0.04852066934108734, 0.04176763445138931]"
crop,ooc,624,919,919,1,0.4695237874984741,"[919, 921, 446, 626, 478]","[0.4695237874984741, 0.0740567296743393, 0.04493490234017372, 0.03271403908729553, 0.02566106803715229]"
crop,ooc,625,539,834,0,0.22613924741744995,"[834, 642, 594, 400, 716]","[0.22613924741744995, 0.09226744621992111, 0.06881319731473923, 0.0491073802113533, 0.04137323051691055]"
crop,ooc,626,287,282,0,0.22013631463050842,"[282, 276, 285, 294, 336]","[0.22013631463050842, 0.12466059625148773, 0.11312039196491241, 0.11113925278186798, 0.045263539999723434]"
crop,ooc,627,471,657,0,0.3883059322834015,"[657, 744, 404, 908, 895]","[0.3883059322834015, 0.3372933566570282, 0.18245309591293335, 0.04476930573582649, 0.020535660907626152]"
crop,ooc,628,513,766,0,0.13764674961566925,"[766, 875, 764, 912, 763]","[0.13764674961566925, 0.12766729295253754, 0.0879523828625679, 0.07108398526906967, 0.06571611016988754]"
crop,ooc,629,679,517,0,0.2887779772281647,"[517, 671, 645, 312, 758]","[0.2887779772281647, 0.1366174966096878, 0.12804721295833588, 0.06276381760835648, 0.05352288484573364]"
crop,ooc,630,426,426,1,0.8434118628501892,"[426, 778, 635, 826, 577]","[0.8434118628501892, 0.04307994991540909, 0.032965559512376785, 0.014647908508777618, 0.007025697268545628]"
crop,ooc,631,583,583,1,0.7457150816917419,"[583, 863, 733, 839, 9]","[0.7457150816917419, 0.04862329736351967, 0.035519663244485855, 0.021505502983927727, 0.018965022638440132]"
crop,ooc,632,637,553,0,0.4337778091430664,"[553, 637, 443, 496, 721]","[0.4337778091430664, 0.2751522660255432, 0.02749425172805786, 0.02438831329345703, 0.02348395809531212]"
crop,ooc,633,571,571,1,0.35882994532585144,"[571, 707, 886, 557, 583]","[0.35882994532585144, 0.1990378499031067, 0.05343775078654289, 0.024388546124100685, 0.021372642368078232]"
crop,ooc,634,737,517,0,0.1969464123249054,"[517, 442, 919, 682, 538]","[0.1969464123249054, 0.08202692866325378, 0.07693865150213242, 0.04501860588788986, 0.039261505007743835]"
crop,ooc,635,463,463,1,0.06347381323575974,"[463, 503, 461, 473, 236]","[0.06347381323575974, 0.054936882108449936, 0.049475573003292084, 0.04321525618433952, 0.038069743663072586]"
crop,ooc,636,520,727,0,0.18726350367069244,"[727, 791, 716, 580, 660]","[0.18726350367069244, 0.13807035982608795, 0.12171496450901031, 0.06774374097585678, 0.05470381677150726]"
crop,ooc,637,458,458,1,0.8740441203117371,"[458, 922, 921, 685, 427]","[0.8740441203117371, 0.06674449890851974, 0.010691113770008087, 0.0063298605382442474, 0.006032971665263176]"
crop,ooc,638,427,659,0,0.36166518926620483,"[659, 427, 868, 562, 538]","[0.36166518926620483, 0.06378195434808731, 0.05329212546348572, 0.04488123953342438, 0.03987867012619972]"
crop,ooc,639,651,953,0,0.12781405448913574,"[953, 448, 582, 938, 692]","[0.12781405448913574, 0.08411134034395218, 0.07101119309663773, 0.05518050491809845, 0.039021849632263184]"
crop,ooc,640,846,471,0,0.09925082325935364,"[471, 807, 914, 835, 405]","[0.09925082325935364, 0.08873661607503891, 0.06471901386976242, 0.06153544411063194, 0.05055462568998337]"
crop,ooc,641,896,896,1,0.6358729004859924,"[896, 876, 618, 505, 804]","[0.6358729004859924, 0.09038226306438446, 0.03247945383191109, 0.023836059495806694, 0.01783278025686741]"
crop,ooc,642,45,428,0,0.10352244973182678,"[428, 736, 251, 184, 882]","[0.10352244973182678, 0.08290697634220123, 0.05606696754693985, 0.05463090166449547, 0.04875719174742699]"
crop,ooc,643,444,566,0,0.13841621577739716,"[566, 661, 10, 820, 787]","[0.13841621577739716, 0.12952429056167603, 0.10382171720266342, 0.08651339262723923, 0.05453236401081085]"
crop,ooc,644,224,224,1,0.9245873093605042,"[224, 205, 256, 261, 223]","[0.9245873093605042, 0.03962424769997597, 0.023919133469462395, 0.002885048044845462, 0.0015381259145215154]"
crop,ooc,645,738,498,0,0.1479724794626236,"[498, 415, 860, 624, 705]","[0.1479724794626236, 0.10629565268754959, 0.08995009958744049, 0.0879642516374588, 0.06204074248671532]"
crop,ooc,646,495,583,0,0.6089005470275879,"[583, 799, 756, 427, 556]","[0.6089005470275879, 0.1265622079372406, 0.033717893064022064, 0.02253522165119648, 0.01399913802742958]"
crop,ooc,647,354,269,0,0.08083409816026688,"[269, 249, 263, 225, 182]","[0.08083409816026688, 0.05330568179488182, 0.048354774713516235, 0.047450583428144455, 0.04324794188141823]"
crop,ooc,648,315,313,0,0.0992688462138176,"[313, 40, 31, 46, 577]","[0.0992688462138176, 0.09515678137540817, 0.08832480758428574, 0.07904060930013657, 0.043533116579055786]"
crop,ooc,649,728,403,0,0.06922618299722672,"[403, 536, 693, 460, 718]","[0.06922618299722672, 0.06109730526804924, 0.04887031763792038, 0.03998696058988571, 0.03302531689405441]"
crop,ooc,650,715,398,0,0.20850475132465363,"[398, 510, 781, 881, 766]","[0.20850475132465363, 0.18342241644859314, 0.07323233783245087, 0.058023277670145035, 0.05383555218577385]"
crop,ooc,651,284,284,1,0.7784130573272705,"[284, 227, 235, 234, 676]","[0.7784130573272705, 0.0543966069817543, 0.015004017390310764, 0.008982141502201557, 0.00840577483177185]"
crop,ooc,652,295,295,1,0.33351388573646545,"[295, 150, 294, 355, 197]","[0.33351388573646545, 0.2672223448753357, 0.23333436250686646, 0.010670225135982037, 0.010612500831484795]"
crop,ooc,653,471,793,0,0.14705471694469452,"[793, 650, 652, 402, 420]","[0.14705471694469452, 0.06153036653995514, 0.05089626833796501, 0.04764693230390549, 0.03671077638864517]"
crop,ooc,654,665,665,1,0.9148313999176025,"[665, 670, 535, 732, 671]","[0.9148313999176025, 0.05351424962282181, 0.009520082734525204, 0.0037415032275021076, 0.0034661246463656425]"
crop,ooc,655,217,217,1,0.2984836995601654,"[217, 219, 160, 239, 199]","[0.2984836995601654, 0.16782154142856598, 0.1344323605298996, 0.06332585215568542, 0.03736727684736252]"
crop,ooc,656,775,775,1,0.8580089807510376,"[775, 903, 735, 411, 552]","[0.8580089807510376, 0.01748601347208023, 0.01737535186111927, 0.012035084888339043, 0.010277467779815197]"
crop,ooc,657,143,387,0,0.4672556519508362,"[387, 537, 334, 382, 388]","[0.4672556519508362, 0.04824073240160942, 0.036445941776037216, 0.025417661294341087, 0.024899059906601906]"
crop,ooc,658,806,788,0,0.13158878684043884,"[788, 907, 704, 394, 427]","[0.13158878684043884, 0.05925116315484047, 0.04304158315062523, 0.04181129112839699, 0.04114899784326553]"
crop,ooc,659,171,171,1,0.3350759446620941,"[171, 172, 676, 180, 178]","[0.3350759446620941, 0.19217804074287415, 0.054405488073825836, 0.05054689198732376, 0.04225482419133186]"
crop,ooc,660,637,637,1,0.2752235233783722,"[637, 448, 919, 412, 571]","[0.2752235233783722, 0.09748977422714233, 0.08416207134723663, 0.03163988143205643, 0.02843306213617325]"
crop,ooc,661,875,870,0,0.4079309105873108,"[870, 880, 444, 829, 612]","[0.4079309105873108, 0.18863119184970856, 0.09546617418527603, 0.07478363066911697, 0.03741348162293434]"
crop,ooc,662,614,614,1,0.2753094434738159,"[614, 448, 775, 467, 887]","[0.2753094434738159, 0.08658609539270401, 0.03919544816017151, 0.03568773716688156, 0.030705416575074196]"
crop,ooc,663,185,185,1,0.24877884984016418,"[185, 209, 51, 291, 186]","[0.24877884984016418, 0.16546188294887543, 0.13463158905506134, 0.033963702619075775, 0.03294365480542183]"
crop,ooc,664,583,583,1,0.174802765250206,"[583, 975, 792, 835, 682]","[0.174802765250206, 0.07234830409288406, 0.06739707291126251, 0.038175392895936966, 0.03764180839061737]"
crop,ooc,665,674,975,0,0.1866796761751175,"[975, 472, 814, 428, 693]","[0.1866796761751175, 0.15717755258083344, 0.04404676333069801, 0.033364780247211456, 0.029186924919486046]"
crop,ooc,666,198,192,0,0.08347688615322113,"[192, 155, 193, 186, 87]","[0.08347688615322113, 0.05821504443883896, 0.04915305972099304, 0.04839807748794556, 0.04279464855790138]"
crop,ooc,667,571,600,0,0.16163793206214905,"[600, 772, 571, 704, 463]","[0.16163793206214905, 0.05384931340813637, 0.043894167989492416, 0.03560325503349304, 0.028673255816102028]"
crop,ooc,668,870,866,0,0.5301128029823303,"[866, 471, 561, 730, 870]","[0.5301128029823303, 0.052166201174259186, 0.04674890264868736, 0.03546440601348877, 0.024488240480422974]"
crop,ooc,669,614,614,1,0.3030279576778412,"[614, 552, 865, 982, 491]","[0.3030279576778412, 0.10805454850196838, 0.0930708795785904, 0.05525136739015579, 0.03970039263367653]"
crop,ooc,670,822,472,0,0.0995234027504921,"[472, 525, 425, 853, 693]","[0.0995234027504921, 0.09860896319150925, 0.07189811021089554, 0.06772629916667938, 0.05949375033378601]"
crop,ooc,671,216,348,0,0.10634632408618927,"[348, 216, 189, 358, 161]","[0.10634632408618927, 0.06842511892318726, 0.06271687150001526, 0.048608727753162384, 0.03767359256744385]"
crop,ooc,672,209,209,1,0.22925376892089844,"[209, 202, 159, 184, 168]","[0.22925376892089844, 0.17141272127628326, 0.12304514646530151, 0.05024149641394615, 0.04093461111187935]"
crop,ooc,673,775,981,0,0.8989570736885071,"[981, 775, 429, 501, 23]","[0.8989570736885071, 0.018335800617933273, 0.017465518787503242, 0.012749114073812962, 0.007414404768496752]"
crop,ooc,674,559,913,0,0.15193937718868256,"[913, 674, 517, 694, 795]","[0.15193937718868256, 0.1308368593454361, 0.06151529401540756, 0.056323613971471786, 0.054978806525468826]"
crop,ooc,675,830,468,0,0.1861666887998581,"[468, 517, 595, 448, 865]","[0.1861666887998581, 0.14906705915927887, 0.1118338406085968, 0.060732826590538025, 0.04868676885962486]"
crop,ooc,676,532,580,0,0.1309276521205902,"[580, 730, 888, 975, 582]","[0.1309276521205902, 0.09272618591785431, 0.04365759715437889, 0.03394651412963867, 0.0324382521212101]"
crop,ooc,677,233,221,0,0.4132890999317169,"[221, 265, 266, 22, 364]","[0.4132890999317169, 0.15926329791545868, 0.11933732032775879, 0.05604012683033943, 0.0432296022772789]"
crop,ooc,678,765,765,1,0.2030714750289917,"[765, 703, 601, 428, 583]","[0.2030714750289917, 0.08403347432613373, 0.04395416006445885, 0.03895779326558113, 0.03745207190513611]"
crop,ooc,679,428,603,0,0.26163211464881897,"[603, 690, 428, 866, 569]","[0.26163211464881897, 0.12922820448875427, 0.12402133643627167, 0.0471196323633194, 0.028909219428896904]"
crop,ooc,680,765,758,0,0.2287135124206543,"[758, 609, 751, 983, 866]","[0.2287135124206543, 0.11993467062711716, 0.034912265837192535, 0.032359778881073, 0.03135932609438896]"
crop,ooc,681,420,349,0,0.13328512012958527,"[349, 138, 287, 24, 348]","[0.13328512012958527, 0.08748599141836166, 0.0689508467912674, 0.0658867284655571, 0.063062883913517]"
crop,ooc,682,571,745,0,0.4507194459438324,"[745, 707, 710, 882, 732]","[0.4507194459438324, 0.22028405964374542, 0.07259973138570786, 0.03858225420117378, 0.02077764831483364]"
crop,ooc,683,177,87,0,0.11440207064151764,"[87, 179, 587, 245, 172]","[0.11440207064151764, 0.050641100853681564, 0.04605971276760101, 0.04316902533173561, 0.04252983629703522]"
crop,ooc,684,846,835,0,0.09465058147907257,"[835, 437, 871, 977, 914]","[0.09465058147907257, 0.08068430423736572, 0.06378249078989029, 0.0603206492960453, 0.059445690363645554]"
crop,ooc,685,236,236,1,0.6451227068901062,"[236, 237, 242, 676, 234]","[0.6451227068901062, 0.04671836271882057, 0.024958744645118713, 0.019804205745458603, 0.0193287692964077]"
crop,ooc,686,201,706,0,0.8785394430160522,"[706, 835, 876, 435, 404]","[0.8785394430160522, 0.022955354303121567, 0.014977432787418365, 0.013728984631597996, 0.013137109577655792]"
crop,ooc,687,953,47,0,0.24343273043632507,"[47, 39, 775, 84, 42]","[0.24343273043632507, 0.14812923967838287, 0.0640449970960617, 0.05848623439669609, 0.05107636749744415]"
crop,ooc,688,637,498,0,0.12992507219314575,"[498, 637, 553, 707, 713]","[0.12992507219314575, 0.1120905727148056, 0.09445177763700485, 0.07327862083911896, 0.0695660337805748]"
crop,ooc,689,420,989,0,0.2680499851703644,"[989, 124, 445, 74, 489]","[0.2680499851703644, 0.1295957863330841, 0.06672005355358124, 0.0602051317691803, 0.05400640144944191]"
crop,ooc,690,602,602,1,0.29105284810066223,"[602, 947, 313, 448, 733]","[0.29105284810066223, 0.1288539618253708, 0.11996110528707504, 0.0570220984518528, 0.048201996833086014]"
crop,ooc,691,806,842,0,0.0941031202673912,"[842, 723, 395, 879, 2]","[0.0941031202673912, 0.06048068031668663, 0.05072816461324692, 0.041601791977882385, 0.03962794318795204]"
crop,ooc,692,608,879,0,0.10444046556949615,"[879, 516, 523, 722, 917]","[0.10444046556949615, 0.061224885284900665, 0.05598287284374237, 0.055800892412662506, 0.04045020788908005]"
crop,ooc,693,775,397,0,0.24178944528102875,"[397, 85, 328, 396, 82]","[0.24178944528102875, 0.1963120847940445, 0.08366704732179642, 0.03960999473929405, 0.03177795186638832]"
crop,ooc,694,614,429,0,0.5260720252990723,"[429, 560, 981, 614, 775]","[0.5260720252990723, 0.07428797334432602, 0.051137056201696396, 0.033712126314640045, 0.032648902386426926]"
crop,ooc,695,728,412,0,0.5734362006187439,"[412, 704, 756, 571, 449]","[0.5734362006187439, 0.1221613734960556, 0.0358884334564209, 0.022436250001192093, 0.01933729276061058]"
crop,ooc,696,836,858,0,0.6641164422035217,"[858, 425, 696, 462, 588]","[0.6641164422035217, 0.08570678532123566, 0.05990595370531082, 0.04522813856601715, 0.013898157514631748]"
crop,ooc,697,361,244,0,0.16243410110473633,"[244, 235, 261, 256, 236]","[0.16243410110473633, 0.11086269468069077, 0.09199486672878265, 0.07052703946828842, 0.056930020451545715]"
crop,ooc,698,842,467,0,0.2444029450416565,"[467, 582, 454, 415, 645]","[0.2444029450416565, 0.19132907688617706, 0.10987208783626556, 0.09391505271196365, 0.0794423297047615]"
crop,ooc,699,444,131,0,0.6822608113288879,"[131, 58, 20, 30, 955]","[0.6822608113288879, 0.05780470371246338, 0.044966816902160645, 0.04211176931858063, 0.014258100651204586]"
crop,ooc,700,364,267,0,0.2799641788005829,"[267, 997, 189, 209, 355]","[0.2799641788005829, 0.21999657154083252, 0.16100405156612396, 0.03085540048778057, 0.028325391933321953]"
crop,ooc,701,707,141,0,0.10606150329113007,"[141, 355, 140, 574, 143]","[0.10606150329113007, 0.10397735983133316, 0.09904950112104416, 0.06971342861652374, 0.053844988346099854]"
crop,ooc,702,151,241,0,0.40141206979751587,"[241, 240, 237, 943, 235]","[0.40141206979751587, 0.14382433891296387, 0.09135843068361282, 0.060615137219429016, 0.056944336742162704]"
crop,ooc,703,765,716,0,0.694112241268158,"[716, 912, 425, 687, 765]","[0.694112241268158, 0.11621881276369095, 0.10004080086946487, 0.026922766119241714, 0.013087090104818344]"
crop,ooc,704,571,788,0,0.30435606837272644,"[788, 582, 448, 860, 652]","[0.30435606837272644, 0.11119984835386276, 0.0819886177778244, 0.06468772143125534, 0.04735097289085388]"
crop,ooc,705,197,23,0,0.227462500333786,"[23, 197, 256, 347, 649]","[0.227462500333786, 0.08002179861068726, 0.07080646604299545, 0.05958994850516319, 0.04694894328713417]"
crop,ooc,706,681,888,0,0.047717563807964325,"[888, 121, 476, 668, 682]","[0.047717563807964325, 0.04203911870718002, 0.03884875029325485, 0.03783928602933884, 0.033914756029844284]"
crop,ooc,707,382,376,0,0.09487033635377884,"[376, 21, 89, 448, 64]","[0.09487033635377884, 0.0917181670665741, 0.08505898714065552, 0.04464682564139366, 0.042901765555143356]"
crop,ooc,708,765,642,0,0.6946359872817993,"[642, 532, 716, 703, 743]","[0.6946359872817993, 0.052515771239995956, 0.04377971589565277, 0.024886000901460648, 0.018804172053933144]"
crop,ooc,709,559,700,0,0.17459985613822937,"[700, 428, 726, 431, 736]","[0.17459985613822937, 0.0822593942284584, 0.04817420616745949, 0.03413010016083717, 0.02862638607621193]"
crop,ooc,710,708,762,0,0.16748876869678497,"[762, 406, 799, 548, 564]","[0.16748876869678497, 0.12226355075836182, 0.06238974258303642, 0.05023494362831116, 0.049730103462934494]"
crop,ooc,711,202,153,0,0.23728246986865997,"[153, 228, 296, 270, 222]","[0.23728246986865997, 0.16295483708381653, 0.08954259008169174, 0.08194610476493835, 0.06334544718265533]"
crop,ooc,712,469,514,0,0.15877914428710938,"[514, 898, 546, 414, 491]","[0.15877914428710938, 0.09639143198728561, 0.08103252202272415, 0.05438191071152687, 0.05195372924208641]"
crop,ooc,713,875,892,0,0.32898494601249695,"[892, 618, 523, 875, 879]","[0.32898494601249695, 0.10868757963180542, 0.09915605932474136, 0.06747767329216003, 0.02712472341954708]"
crop,ooc,714,284,345,0,0.3116115629673004,"[345, 349, 339, 351, 268]","[0.3116115629673004, 0.16656775772571564, 0.1533706933259964, 0.09936629980802536, 0.05200310796499252]"
crop,ooc,715,199,234,0,0.1332097351551056,"[234, 256, 244, 205, 199]","[0.1332097351551056, 0.08866287767887115, 0.07094018906354904, 0.058142051100730896, 0.04978049919009209]"
crop,ooc,716,529,611,0,0.14356520771980286,"[611, 608, 553, 700, 706]","[0.14356520771980286, 0.0782175287604332, 0.057989273220300674, 0.05188627541065216, 0.035372015088796616]"
crop,ooc,717,157,263,0,0.6150078773498535,"[263, 151, 264, 245, 162]","[0.6150078773498535, 0.2276221662759781, 0.06555593013763428, 0.02453623339533806, 0.01234553661197424]"
crop,ooc,718,850,294,0,0.12246286123991013,"[294, 336, 350, 8, 209]","[0.12246286123991013, 0.10545950382947922, 0.09245233237743378, 0.07539287209510803, 0.059522371739149094]"
crop,ooc,719,529,805,0,0.06701155751943588,"[805, 701, 522, 915, 89]","[0.06701155751943588, 0.059240736067295074, 0.05313922464847565, 0.04527905210852623, 0.04415621608495712]"
crop,ooc,720,186,21,0,0.5454030632972717,"[21, 182, 163, 159, 16]","[0.5454030632972717, 0.07743261754512787, 0.05267258733510971, 0.04117580130696297, 0.0352012924849987]"
crop,ooc,721,361,361,1,0.5007224678993225,"[361, 152, 239, 248, 264]","[0.5007224678993225, 0.10757264494895935, 0.05186645686626434, 0.03592732548713684, 0.031947020441293716]"
crop,ooc,722,684,448,0,0.16405871510505676,"[448, 404, 150, 804, 896]","[0.16405871510505676, 0.11068969964981079, 0.04908893629908562, 0.03983024135231972, 0.02874196320772171]"
crop,ooc,723,846,831,0,0.1834898293018341,"[831, 478, 963, 852, 955]","[0.1834898293018341, 0.15063105523586273, 0.04653327167034149, 0.04594075307250023, 0.04538877308368683]"
crop,ooc,724,156,350,0,0.2418995499610901,"[350, 387, 286, 211, 965]","[0.2418995499610901, 0.10888064652681351, 0.08525577932596207, 0.03875042498111725, 0.032731179147958755]"
crop,ooc,725,175,294,0,0.18880121409893036,"[294, 202, 360, 357, 150]","[0.18880121409893036, 0.15421943366527557, 0.12127389013767242, 0.10702046006917953, 0.03385090455412865]"
crop,ooc,726,258,258,1,0.7563952803611755,"[258, 257, 222, 259, 260]","[0.7563952803611755, 0.06047212705016136, 0.05342502519488335, 0.019327498972415924, 0.0062935990281403065]"
crop,ooc,727,254,254,1,0.7587476968765259,"[254, 243, 174, 191, 816]","[0.7587476968765259, 0.0920751541852951, 0.03259490057826042, 0.01474758516997099, 0.01421078946441412]"
crop,ooc,728,529,130,0,0.1091025173664093,"[130, 104, 672, 1, 7]","[0.1091025173664093, 0.04525670036673546, 0.03886163607239723, 0.030576195567846298, 0.028380686417222023]"
crop,ooc,729,267,850,0,0.5960777401924133,"[850, 181, 267, 266, 228]","[0.5960777401924133, 0.09101022034883499, 0.06782146543264389, 0.05735712870955467, 0.022858036682009697]"
crop,ooc,730,257,222,0,0.5707139372825623,"[222, 805, 704, 169, 253]","[0.5707139372825623, 0.15459711849689484, 0.03769741207361221, 0.02855042554438114, 0.018128221854567528]"
crop,ooc,731,529,330,0,0.18766646087169647,"[330, 84, 128, 611, 49]","[0.18766646087169647, 0.05819784849882126, 0.04969855025410652, 0.037563495337963104, 0.030512750148773193]"
crop,ooc,732,765,765,1,0.15642373263835907,"[765, 4, 843, 594, 792]","[0.15642373263835907, 0.12451934814453125, 0.07987003773450851, 0.07647593319416046, 0.06737177819013596]"
crop,ooc,733,532,537,0,0.17453992366790771,"[537, 134, 450, 557, 405]","[0.17453992366790771, 0.14428995549678802, 0.1352849304676056, 0.08976948261260986, 0.03985041379928589]"
crop,ooc,734,227,649,0,0.1079036220908165,"[649, 285, 22, 832, 972]","[0.1079036220908165, 0.10746613889932632, 0.08070578426122665, 0.06774980574846268, 0.061163317412137985]"
crop,ooc,735,520,799,0,0.15007764101028442,"[799, 706, 765, 703, 520]","[0.15007764101028442, 0.10557951778173447, 0.0885620266199112, 0.08407023549079895, 0.08305782079696655]"
crop,ooc,736,999,876,0,0.09917902201414108,"[876, 435, 579, 587, 499]","[0.09917902201414108, 0.051384229212999344, 0.05077970400452614, 0.03919915854930878, 0.036022525280714035]"
crop,ooc,737,174,358,0,0.13001476228237152,"[358, 349, 236, 351, 348]","[0.13001476228237152, 0.11655192822217941, 0.07927250862121582, 0.05521650239825249, 0.04912720248103142]"
crop,ooc,738,841,524,0,0.5061380863189697,"[524, 841, 966, 619, 981]","[0.5061380863189697, 0.03023054078221321, 0.02853146567940712, 0.025038324296474457, 0.024829331785440445]"
crop,ooc,739,846,391,0,0.13016612827777863,"[391, 497, 608, 708, 414]","[0.13016612827777863, 0.08561810106039047, 0.08378668874502182, 0.07205133885145187, 0.046592794358730316]"
crop,ooc,740,999,564,0,0.19643734395503998,"[564, 708, 462, 608, 578]","[0.19643734395503998, 0.09078463912010193, 0.07777280360460281, 0.06276048719882965, 0.047075506299734116]"
crop,ooc,741,258,258,1,0.2244826853275299,"[258, 257, 684, 700, 338]","[0.2244826853275299, 0.10225895792245865, 0.051137086004018784, 0.03883535787463188, 0.02490137703716755]"
crop,ooc,742,851,831,0,0.596230149269104,"[831, 532, 530, 598, 526]","[0.596230149269104, 0.17478488385677338, 0.07651743292808533, 0.02211941033601761, 0.015296218916773796]"
crop,ooc,743,423,604,0,0.21669839322566986,"[604, 737, 423, 907, 618]","[0.21669839322566986, 0.09971030056476593, 0.08663617074489594, 0.08172151446342468, 0.04186324402689934]"
crop,ooc,744,233,198,0,0.09980618953704834,"[198, 197, 33, 202, 196]","[0.09980618953704834, 0.09134045988321304, 0.06476946175098419, 0.043605878949165344, 0.038815196603536606]"
crop,ooc,745,253,253,1,0.24823719263076782,"[253, 162, 178, 250, 161]","[0.24823719263076782, 0.1222209483385086, 0.06814379245042801, 0.06220334395766258, 0.058069758117198944]"
crop,ooc,746,655,880,0,0.1535891443490982,"[880, 873, 406, 608, 839]","[0.1535891443490982, 0.06317669153213501, 0.057822514325380325, 0.04847152531147003, 0.039592914283275604]"
crop,ooc,747,422,12,0,0.15297947824001312,"[12, 744, 94, 846, 587]","[0.15297947824001312, 0.11223012208938599, 0.06679438799619675, 0.057095665484666824, 0.053212713450193405]"
crop,ooc,748,765,9,0,0.42381978034973145,"[9, 843, 428, 621, 791]","[0.42381978034973145, 0.13485795259475708, 0.05824119225144386, 0.0465647429227829, 0.028063058853149414]"
crop,ooc,749,545,427,0,0.16778521239757538,"[427, 518, 756, 545, 135]","[0.16778521239757538, 0.07885585725307465, 0.051498062908649445, 0.04370705038309097, 0.03655263036489487]"
crop,ooc,750,841,953,0,0.04371713101863861,"[953, 420, 94, 744, 944]","[0.04371713101863861, 0.042185816913843155, 0.03930124267935753, 0.036645013839006424, 0.029158014804124832]"
crop,ooc,751,655,583,0,0.20757269859313965,"[583, 454, 663, 509, 860]","[0.20757269859313965, 0.06012280657887459, 0.05178075656294823, 0.04828016832470894, 0.044620078057050705]"
crop,ooc,752,846,839,0,0.6225731372833252,"[839, 863, 525, 862, 369]","[0.6225731372833252, 0.07678970694541931, 0.02555779553949833, 0.01504840049892664, 0.012583035975694656]"
crop,ooc,753,999,842,0,0.3878995478153229,"[842, 638, 775, 655, 445]","[0.3878995478153229, 0.1390364170074463, 0.043372418731451035, 0.027814114466309547, 0.023367850109934807]"
crop,ooc,754,841,672,0,0.1859113723039627,"[672, 984, 797, 129, 182]","[0.1859113723039627, 0.06490974128246307, 0.06091315671801567, 0.03352823853492737, 0.022230049595236778]"
crop,ooc,755,655,815,0,0.09019539505243301,"[815, 936, 738, 381, 88]","[0.09019539505243301, 0.059437744319438934, 0.04409653693437576, 0.03167000040411949, 0.02984773926436901]"
crop,ooc,756,579,579,1,0.23633116483688354,"[579, 532, 881, 553, 765]","[0.23633116483688354, 0.11477576196193695, 0.10469274967908859, 0.07195056974887848, 0.06340762227773666]"
crop,ooc,757,198,198,1,0.9222542643547058,"[198, 196, 285, 287, 212]","[0.9222542643547058, 0.05422074347734451, 0.007345947902649641, 0.0014957140665501356, 0.0011141427094116807]"
crop,ooc,758,614,614,1,0.12229163199663162,"[614, 775, 653, 411, 638]","[0.12229163199663162, 0.11981163173913956, 0.08852320164442062, 0.08209739625453949, 0.04149000719189644]"
crop,ooc,759,689,775,0,0.2219419628381729,"[775, 887, 689, 812, 578]","[0.2219419628381729, 0.19853469729423523, 0.1284523606300354, 0.06102769821882248, 0.019409187138080597]"
crop,ooc,760,863,898,0,0.19701576232910156,"[898, 773, 440, 441, 863]","[0.19701576232910156, 0.1678798645734787, 0.046965863555669785, 0.04558373615145683, 0.03802359476685524]"
crop,ooc,761,851,478,0,0.21382839977741241,"[478, 657, 769, 654, 675]","[0.21382839977741241, 0.05883152782917023, 0.039770521223545074, 0.03522777557373047, 0.031704653054475784]"
crop,ooc,762,444,661,0,0.18760599195957184,"[661, 444, 875, 864, 674]","[0.18760599195957184, 0.10687489062547684, 0.09933194518089294, 0.0921715497970581, 0.038649313151836395]"
crop,ooc,763,230,264,0,0.18310515582561493,"[264, 369, 381, 199, 9]","[0.18310515582561493, 0.12216687947511673, 0.053784165531396866, 0.03313653916120529, 0.03131011128425598]"
crop,ooc,764,254,254,1,0.12174169719219208,"[254, 676, 225, 151, 243]","[0.12174169719219208, 0.10625053942203522, 0.04970833286643028, 0.043564360588788986, 0.0379873625934124]"
crop,ooc,765,199,233,0,0.15489155054092407,"[233, 206, 199, 282, 24]","[0.15489155054092407, 0.09640557318925858, 0.0769190788269043, 0.055186375975608826, 0.04825151711702347]"
crop,ooc,766,493,660,0,0.159394770860672,"[660, 571, 707, 449, 637]","[0.159394770860672, 0.15808242559432983, 0.05332348868250847, 0.046431221067905426, 0.04222216457128525]"
crop,ooc,767,882,59,0,0.43167001008987427,"[59, 133, 313, 55, 943]","[0.43167001008987427, 0.13493818044662476, 0.08954042196273804, 0.07573071867227554, 0.03619254007935524]"
crop,ooc,768,739,805,0,0.07822386175394058,"[805, 657, 529, 145, 792]","[0.07822386175394058, 0.07176171988248825, 0.04868326708674431, 0.04759606346487999, 0.04740532487630844]"
crop,ooc,769,846,832,0,0.11988918483257294,"[832, 491, 236, 410, 974]","[0.11988918483257294, 0.10019131749868393, 0.0465080551803112, 0.036377761512994766, 0.027361517772078514]"
crop,ooc,770,614,614,1,0.6976568698883057,"[614, 775, 639, 638, 488]","[0.6976568698883057, 0.11837898939847946, 0.07138019055128098, 0.03998139873147011, 0.010253043845295906]"
crop,ooc,771,579,390,0,0.09906267374753952,"[390, 558, 962, 329, 8]","[0.09906267374753952, 0.06215380132198334, 0.04230673983693123, 0.042178817093372345, 0.04023809731006622]"
crop,ooc,772,882,491,0,0.11938507854938507,"[491, 489, 517, 672, 460]","[0.11938507854938507, 0.059299588203430176, 0.04161319136619568, 0.0386589914560318, 0.03458748012781143]"
crop,ooc,773,778,778,1,0.2082384079694748,"[778, 892, 476, 828, 409]","[0.2082384079694748, 0.11953452229499817, 0.0938500314950943, 0.06752392649650574, 0.034885894507169724]"
crop,ooc,774,882,634,0,0.21568648517131805,"[634, 695, 792, 733, 753]","[0.21568648517131805, 0.08394984155893326, 0.06205156818032265, 0.05833787843585014, 0.05499142408370972]"
crop,ooc,775,550,576,0,0.3211092948913574,"[576, 536, 625, 554, 510]","[0.3211092948913574, 0.10704873502254486, 0.0877837985754013, 0.07629960775375366, 0.0616951510310173]"
crop,ooc,776,284,120,0,0.15089040994644165,"[120, 140, 112, 274, 373]","[0.15089040994644165, 0.10906780511140823, 0.07666783779859543, 0.053686827421188354, 0.03671672195196152]"
crop,ooc,777,851,598,0,0.17371344566345215,"[598, 553, 527, 782, 548]","[0.17371344566345215, 0.07384103536605835, 0.06212828308343887, 0.05912297964096069, 0.054359640926122665]"
crop,ooc,778,651,415,0,0.321578711271286,"[415, 742, 624, 706, 762]","[0.321578711271286, 0.07989984005689621, 0.07469584047794342, 0.06484465301036835, 0.04585190862417221]"
crop,ooc,779,681,745,0,0.1922273188829422,"[745, 657, 742, 908, 526]","[0.1922273188829422, 0.09350007027387619, 0.08410581946372986, 0.08034989982843399, 0.07130150496959686]"
crop,ooc,780,420,471,0,0.11656135320663452,"[471, 560, 805, 244, 890]","[0.11656135320663452, 0.06412234902381897, 0.04919646307826042, 0.04387279972434044, 0.03798341006040573]"
crop,ooc,781,532,835,0,0.19592973589897156,"[835, 471, 908, 706, 744]","[0.19592973589897156, 0.10040885955095291, 0.09650932252407074, 0.09437236189842224, 0.06882511079311371]"
crop,ooc,782,423,491,0,0.10185529291629791,"[491, 476, 775, 863, 423]","[0.10185529291629791, 0.07519282400608063, 0.07280928641557693, 0.06847148388624191, 0.054016273468732834]"
crop,ooc,783,201,971,0,0.2279013842344284,"[971, 393, 584, 611, 968]","[0.2279013842344284, 0.1591147631406784, 0.06963995844125748, 0.0567108616232872, 0.043013934046030045]"
crop,ooc,784,690,349,0,0.34295451641082764,"[349, 353, 278, 348, 211]","[0.34295451641082764, 0.10581856966018677, 0.07770677655935287, 0.0688544362783432, 0.041484538465738297]"
crop,ooc,785,807,140,0,0.2229568064212799,"[140, 131, 142, 132, 315]","[0.2229568064212799, 0.197705939412117, 0.12803064286708832, 0.07353106141090393, 0.029920382425189018]"
crop,ooc,786,836,649,0,0.1410127878189087,"[649, 93, 18, 22, 413]","[0.1410127878189087, 0.12078625708818436, 0.0892503634095192, 0.05018456652760506, 0.04871431365609169]"
crop,ooc,787,779,779,1,0.7817033529281616,"[779, 705, 803, 425, 829]","[0.7817033529281616, 0.07403634488582611, 0.021265685558319092, 0.013005243614315987, 0.0056936307810246944]"
crop,ooc,788,872,872,1,0.5450778603553772,"[872, 523, 446, 879, 744]","[0.5450778603553772, 0.22277596592903137, 0.027061382308602333, 0.024845261126756668, 0.02066420577466488]"
crop,ooc,789,516,797,0,0.3373384177684784,"[797, 578, 672, 544, 601]","[0.3373384177684784, 0.14324527978897095, 0.030551327392458916, 0.023915058001875877, 0.023728325963020325]"
crop,ooc,790,807,637,0,0.45251864194869995,"[637, 437, 497, 571, 478]","[0.45251864194869995, 0.18435892462730408, 0.0756935179233551, 0.013379174284636974, 0.011374961584806442]"
crop,ooc,791,880,349,0,0.19805940985679626,"[349, 348, 350, 970, 792]","[0.19805940985679626, 0.09188412874937057, 0.04686463251709938, 0.026434199884533882, 0.026410361751914024]"
crop,ooc,792,678,815,0,0.3354961574077606,"[815, 863, 206, 557, 365]","[0.3354961574077606, 0.02982129529118538, 0.02667807787656784, 0.026619410142302513, 0.026237649843096733]"
crop,ooc,793,603,603,1,0.15704648196697235,"[603, 802, 444, 450, 612]","[0.15704648196697235, 0.10698165744543076, 0.08653803914785385, 0.05648978799581528, 0.05573499947786331]"
crop,ooc,794,665,755,0,0.1868494749069214,"[755, 812, 657, 744, 536]","[0.1868494749069214, 0.1336415559053421, 0.07759182155132294, 0.07565885037183762, 0.05967792123556137]"
crop,ooc,795,541,701,0,0.11138564348220825,"[701, 144, 978, 801, 977]","[0.11138564348220825, 0.09570876508951187, 0.07696622610092163, 0.07098153978586197, 0.05131179466843605]"
crop,ooc,796,704,704,1,0.6301841139793396,"[704, 655, 395, 416, 702]","[0.6301841139793396, 0.07936756312847137, 0.0354500412940979, 0.017977168783545494, 0.012719462625682354]"
crop,ooc,797,770,51,0,0.17251893877983093,"[51, 316, 770, 124, 849]","[0.17251893877983093, 0.15661883354187012, 0.07160808145999908, 0.056193385273218155, 0.04832720011472702]"
crop,ooc,798,428,51,0,0.18891793489456177,"[51, 12, 13, 7, 85]","[0.18891793489456177, 0.0716811940073967, 0.06645400822162628, 0.03866097331047058, 0.03648543357849121]"
crop,ooc,799,637,989,0,0.13869793713092804,"[989, 220, 946, 74, 213]","[0.13869793713092804, 0.13731247186660767, 0.11368122696876526, 0.05495252087712288, 0.04603477194905281]"
crop,ooc,800,879,450,0,0.32575806975364685,"[450, 491, 788, 412, 894]","[0.32575806975364685, 0.22320418059825897, 0.06427422165870667, 0.032058119773864746, 0.028500903397798538]"
crop,ooc,801,869,880,0,0.2166455239057541,"[880, 671, 665, 444, 870]","[0.2166455239057541, 0.06101927533745766, 0.047704894095659256, 0.0387510284781456, 0.03143710643053055]"
crop,ooc,802,690,839,0,0.0979081392288208,"[839, 730, 525, 311, 428]","[0.0979081392288208, 0.07205647230148315, 0.06443005800247192, 0.05746820569038391, 0.04714087396860123]"
crop,ooc,803,822,919,0,0.1979578137397766,"[919, 822, 89, 23, 557]","[0.1979578137397766, 0.07801622897386551, 0.07691195607185364, 0.07017801702022552, 0.06396037340164185]"
crop,ooc,804,880,701,0,0.16300621628761292,"[701, 21, 417, 394, 691]","[0.16300621628761292, 0.13878583908081055, 0.10825993120670319, 0.07859128713607788, 0.049631517380476]"
crop,ooc,805,612,774,0,0.27847060561180115,"[774, 612, 882, 752, 502]","[0.27847060561180115, 0.16806769371032715, 0.13217826187610626, 0.06004709005355835, 0.026067335158586502]"
crop,ooc,806,879,787,0,0.12712357938289642,"[787, 88, 177, 515, 667]","[0.12712357938289642, 0.07211295515298843, 0.051221176981925964, 0.03992553800344467, 0.03195234388113022]"
crop,ooc,807,603,428,0,0.23052039742469788,"[428, 603, 730, 455, 119]","[0.23052039742469788, 0.12556983530521393, 0.03693379461765289, 0.0314868800342083, 0.02390700951218605]"
crop,ooc,808,707,138,0,0.053822632879018784,"[138, 671, 792, 621, 331]","[0.053822632879018784, 0.04959645867347717, 0.049493689090013504, 0.04791581258177757, 0.03936242312192917]"
crop,ooc,809,751,595,0,0.14137715101242065,"[595, 517, 730, 866, 609]","[0.14137715101242065, 0.1388794183731079, 0.10006344318389893, 0.08598829060792923, 0.0773533433675766]"
crop,ooc,810,407,436,0,0.3985014259815216,"[436, 407, 717, 656, 657]","[0.3985014259815216, 0.1414939910173416, 0.06024239957332611, 0.049977246671915054, 0.04594062268733978]"
crop,ooc,811,791,853,0,0.19846048951148987,"[853, 47, 464, 38, 133]","[0.19846048951148987, 0.17938955128192902, 0.09888585656881332, 0.05530460178852081, 0.042041316628456116]"
crop,ooc,812,645,707,0,0.4016955494880676,"[707, 799, 454, 877, 480]","[0.4016955494880676, 0.07158850133419037, 0.05450119823217392, 0.043981533497571945, 0.03517678752541542]"
crop,ooc,813,879,706,0,0.15374897420406342,"[706, 750, 87, 891, 919]","[0.15374897420406342, 0.07156922668218613, 0.04885878413915634, 0.03984253481030464, 0.03184507042169571]"
crop,ooc,814,612,612,1,0.1902504414319992,"[612, 863, 164, 671, 423]","[0.1902504414319992, 0.09864003211259842, 0.06326758116483688, 0.06033995375037193, 0.043915044516325]"
crop,ooc,815,468,751,0,0.36954596638679504,"[751, 817, 404, 870, 407]","[0.36954596638679504, 0.08262524008750916, 0.0537978857755661, 0.04817584529519081, 0.03507696092128754]"
crop,ooc,816,603,494,0,0.24094106256961823,"[494, 311, 558, 699, 677]","[0.24094106256961823, 0.07373594492673874, 0.06950242072343826, 0.04756053164601326, 0.04724332317709923]"
crop,ooc,817,670,665,0,0.851827085018158,"[665, 670, 661, 511, 870]","[0.851827085018158, 0.0687650814652443, 0.010529871098697186, 0.010214840061962605, 0.00974082387983799]"
crop,ooc,818,468,491,0,0.22600491344928741,"[491, 870, 882, 670, 665]","[0.22600491344928741, 0.08029954135417938, 0.07743731886148453, 0.07085773348808289, 0.05916197597980499]"
crop,ooc,819,830,895,0,0.4189588129520416,"[895, 320, 908, 494, 818]","[0.4189588129520416, 0.058307599276304245, 0.0536070354282856, 0.042201705276966095, 0.04016498476266861]"
crop,ooc,820,670,736,0,0.37318360805511475,"[736, 719, 818, 740, 450]","[0.37318360805511475, 0.07075134664773941, 0.048625390976667404, 0.038022056221961975, 0.03530844673514366]"
crop,ooc,821,807,914,0,0.4437059164047241,"[914, 484, 908, 410, 583]","[0.4437059164047241, 0.2706792652606964, 0.03421688452363014, 0.033327870070934296, 0.03165661171078682]"
crop,ooc,822,602,839,0,0.27493757009506226,"[839, 733, 132, 984, 517]","[0.27493757009506226, 0.2663157880306244, 0.04945538192987442, 0.04904614016413689, 0.03451883792877197]"
crop,ooc,823,439,843,0,0.11648444831371307,"[843, 733, 799, 602, 637]","[0.11648444831371307, 0.1049443855881691, 0.0913911983370781, 0.028022052720189095, 0.026313073933124542]"
crop,ooc,824,198,187,0,0.5312217473983765,"[187, 193, 201, 196, 198]","[0.5312217473983765, 0.15981537103652954, 0.11202093958854675, 0.04864726588129997, 0.024217218160629272]"
crop,ooc,825,559,970,0,0.5239477753639221,"[970, 832, 979, 105, 976]","[0.5239477753639221, 0.057713981717824936, 0.050653111189603806, 0.02233847975730896, 0.018461650237441063]"
crop,ooc,826,919,462,0,0.10096167027950287,"[462, 624, 704, 706, 522]","[0.10096167027950287, 0.05539877340197563, 0.053276609629392624, 0.05025327950716019, 0.04552708938717842]"
crop,ooc,827,665,791,0,0.10201124101877213,"[791, 671, 621, 522, 665]","[0.10201124101877213, 0.09238854050636292, 0.0797945111989975, 0.06625226140022278, 0.06439188867807388]"
crop,ooc,828,919,752,0,0.16303274035453796,"[752, 921, 549, 805, 778]","[0.16303274035453796, 0.14780224859714508, 0.1214059367775917, 0.08088389784097672, 0.03774505481123924]"
crop,ooc,829,557,733,0,0.12459874898195267,"[733, 562, 718, 706, 421]","[0.12459874898195267, 0.07871305197477341, 0.07726948708295822, 0.05835950747132301, 0.050639811903238297]"
crop,ooc,830,864,137,0,0.2182900756597519,"[137, 483, 251, 972, 289]","[0.2182900756597519, 0.1318853348493576, 0.07857588678598404, 0.06012607738375664, 0.0539143830537796]"
crop,ooc,831,880,390,0,0.1719200760126114,"[390, 979, 839, 621, 391]","[0.1719200760126114, 0.1025250032544136, 0.09591560065746307, 0.053483933210372925, 0.03608468547463417]"
crop,ooc,832,870,765,0,0.11863921582698822,"[765, 843, 401, 917, 424]","[0.11863921582698822, 0.04705038294196129, 0.040629416704177856, 0.039540864527225494, 0.03635534271597862]"
crop,ooc,833,439,443,0,0.26882755756378174,"[443, 700, 606, 222, 245]","[0.26882755756378174, 0.12221818417310715, 0.047453075647354126, 0.043458934873342514, 0.04109734669327736]"
crop,ooc,834,728,693,0,0.13663677871227264,"[693, 132, 394, 131, 801]","[0.13663677871227264, 0.12824273109436035, 0.11880643665790558, 0.07719558477401733, 0.07166478037834167]"
crop,ooc,835,920,744,0,0.12033750116825104,"[744, 702, 456, 752, 523]","[0.12033750116825104, 0.09764448553323746, 0.07997627556324005, 0.06822387129068375, 0.05300318822264671]"
crop,ooc,836,608,411,0,0.10021582245826721,"[411, 756, 655, 863, 490]","[0.10021582245826721, 0.09984073042869568, 0.08692755550146103, 0.08151592314243317, 0.04742857441306114]"
crop,ooc,837,919,453,0,0.6537286639213562,"[453, 406, 548, 687, 526]","[0.6537286639213562, 0.031067807227373123, 0.02656179666519165, 0.025060316547751427, 0.02449812740087509]"
crop,ooc,838,612,612,1,0.7856234908103943,"[612, 758, 880, 875, 391]","[0.7856234908103943, 0.04705054685473442, 0.019316671416163445, 0.013438401743769646, 0.010111047886312008]"
crop,ooc,839,919,919,1,0.6443729400634766,"[919, 695, 458, 251, 791]","[0.6443729400634766, 0.06778331100940704, 0.04525032266974449, 0.020548945292830467, 0.01829410344362259]"
crop,ooc,840,571,478,0,0.25126710534095764,"[478, 707, 662, 446, 696]","[0.25126710534095764, 0.08596621453762054, 0.07562524080276489, 0.029495084658265114, 0.028111599385738373]"
crop,ooc,841,575,547,0,0.5336008071899414,"[547, 634, 410, 565, 820]","[0.5336008071899414, 0.10848131030797958, 0.06030896678566933, 0.04867057874798775, 0.02691251039505005]"
crop,ooc,842,870,303,0,0.2858189642429352,"[303, 989, 94, 310, 723]","[0.2858189642429352, 0.20501521229743958, 0.08682306110858917, 0.0764831006526947, 0.04871474951505661]"
crop,ooc,843,919,701,0,0.33654844760894775,"[701, 405, 895, 801, 795]","[0.33654844760894775, 0.16172106564044952, 0.07919885963201523, 0.03581018000841141, 0.03343737870454788]"
crop,ooc,844,879,822,0,0.15049973130226135,"[822, 425, 672, 466, 538]","[0.15049973130226135, 0.0777786523103714, 0.07352251559495926, 0.06659489870071411, 0.055332001298666]"
crop,ooc,845,690,23,0,0.19826462864875793,"[23, 13, 380, 140, 10]","[0.19826462864875793, 0.0742117390036583, 0.058800674974918365, 0.05237051844596863, 0.050127334892749786]"
crop,ooc,846,879,956,0,0.6959062218666077,"[956, 953, 825, 993, 988]","[0.6959062218666077, 0.04544439539313316, 0.03306276351213455, 0.024744804948568344, 0.018827296793460846]"
crop,ooc,847,412,898,0,0.1551145613193512,"[898, 441, 448, 138, 386]","[0.1551145613193512, 0.10832304507493973, 0.074635811150074, 0.050304803997278214, 0.03724704310297966]"
crop,ooc,848,412,496,0,0.08478548377752304,"[496, 704, 636, 816, 464]","[0.08478548377752304, 0.07800784707069397, 0.048492006957530975, 0.043493371456861496, 0.04129999130964279]"
crop,ooc,849,751,751,1,0.6178961396217346,"[751, 817, 573, 479, 895]","[0.6178961396217346, 0.13702933490276337, 0.05553184822201729, 0.04959835857152939, 0.020850395783782005]"
crop,ooc,850,489,840,0,0.20909211039543152,"[840, 843, 792, 313, 872]","[0.20909211039543152, 0.049623653292655945, 0.030844423919916153, 0.029208719730377197, 0.025414589792490005]"
crop,ooc,851,223,879,0,0.35331159830093384,"[879, 716, 462, 728, 696]","[0.35331159830093384, 0.13013818860054016, 0.03940708935260773, 0.029611362144351006, 0.027321064844727516]"
crop,ooc,852,603,488,0,0.1965472400188446,"[488, 566, 51, 603, 89]","[0.1965472400188446, 0.1268734633922577, 0.07288036495447159, 0.03819470480084419, 0.029133427888154984]"
crop,ooc,853,862,815,0,0.17149068415164948,"[815, 397, 393, 72, 272]","[0.17149068415164948, 0.06148293986916542, 0.053481169044971466, 0.04445583000779152, 0.041707903146743774]"
crop,ooc,854,612,523,0,0.09935534000396729,"[523, 137, 842, 880, 610]","[0.09935534000396729, 0.09591876715421677, 0.09145922213792801, 0.07754171639680862, 0.051565419882535934]"
crop,ooc,855,154,994,0,0.1360950618982315,"[994, 212, 289, 388, 196]","[0.1360950618982315, 0.07880162447690964, 0.06560010462999344, 0.043233081698417664, 0.042810406535863876]"
crop,ooc,856,560,25,0,0.34879595041275024,"[25, 81, 86, 85, 56]","[0.34879595041275024, 0.13591866195201874, 0.09200962632894516, 0.06106221675872803, 0.05975748598575592]"
crop,ooc,857,852,408,0,0.1406833976507187,"[408, 484, 405, 701, 908]","[0.1406833976507187, 0.08339906483888626, 0.05284162238240242, 0.05042349174618721, 0.03991670534014702]"
crop,ooc,858,522,594,0,0.8024848103523254,"[594, 696, 501, 854, 578]","[0.8024848103523254, 0.023338017985224724, 0.0186957698315382, 0.011544831097126007, 0.009708533994853497]"
crop,ooc,859,430,634,0,0.5559463500976562,"[634, 425, 706, 663, 884]","[0.5559463500976562, 0.06777516007423401, 0.04988427832722664, 0.03673737868666649, 0.01521188672631979]"
crop,ooc,860,752,2,0,0.2999480664730072,"[2, 4, 3, 756, 149]","[0.2999480664730072, 0.17759475111961365, 0.16479147970676422, 0.13009005784988403, 0.030881859362125397]"
crop,ooc,861,852,536,0,0.6874119639396667,"[536, 718, 724, 920, 565]","[0.6874119639396667, 0.06017868220806122, 0.05300044268369675, 0.016060195863246918, 0.014601528644561768]"
crop,ooc,862,746,828,0,0.22334153950214386,"[828, 910, 881, 40, 878]","[0.22334153950214386, 0.11908891052007675, 0.039878200739622116, 0.03373996913433075, 0.026513928547501564]"
crop,ooc,863,702,702,1,0.1353074461221695,"[702, 871, 523, 541, 602]","[0.1353074461221695, 0.12076134234666824, 0.07536482810974121, 0.06852170825004578, 0.055295057594776154]"
crop,ooc,864,560,72,0,0.39085379242897034,"[72, 301, 75, 815, 671]","[0.39085379242897034, 0.2681448459625244, 0.15581808984279633, 0.09013381600379944, 0.0232982374727726]"
crop,ooc,865,746,979,0,0.6855789422988892,"[979, 970, 460, 525, 975]","[0.6855789422988892, 0.06686645746231079, 0.054327480494976044, 0.03141068294644356, 0.029063379392027855]"
crop,ooc,866,430,89,0,0.1970018595457077,"[89, 144, 677, 23, 134]","[0.1970018595457077, 0.062189288437366486, 0.03360903263092041, 0.031844496726989746, 0.030814671888947487]"
crop,ooc,867,450,303,0,0.28202810883522034,"[303, 304, 94, 309, 326]","[0.28202810883522034, 0.2474719136953354, 0.16410110890865326, 0.09178747236728668, 0.06665763258934021]"
crop,ooc,868,890,129,0,0.2622981369495392,"[129, 140, 146, 81, 132]","[0.2622981369495392, 0.19192063808441162, 0.12073834985494614, 0.04242556542158127, 0.04236714169383049]"
crop,ooc,869,746,1,0,0.25992920994758606,"[1, 828, 524, 518, 333]","[0.25992920994758606, 0.05628885328769684, 0.04443113133311272, 0.03149084374308586, 0.028636079281568527]"
crop,ooc,870,560,417,0,0.48830175399780273,"[417, 30, 24, 701, 890]","[0.48830175399780273, 0.08122420310974121, 0.06372267752885818, 0.0406704917550087, 0.03620532155036926]"
crop,ooc,871,752,18,0,0.3368086814880371,"[18, 519, 646, 730, 634]","[0.3368086814880371, 0.2428930550813675, 0.05978160351514816, 0.050948366522789, 0.0399140827357769]"
crop,ooc,872,702,961,0,0.2716502249240875,"[961, 420, 935, 674, 541]","[0.2716502249240875, 0.07279858738183975, 0.04909244552254677, 0.03461996093392372, 0.022405898198485374]"
crop,ooc,873,160,160,1,0.09885001182556152,"[160, 249, 701, 168, 784]","[0.09885001182556152, 0.07471060007810593, 0.06956084817647934, 0.057480379939079285, 0.041283126920461655]"
crop,ooc,874,430,22,0,0.17398950457572937,"[22, 134, 677, 600, 87]","[0.17398950457572937, 0.053293000906705856, 0.05148056149482727, 0.043279871344566345, 0.04274075850844383]"
crop,ooc,875,430,318,0,0.5207231044769287,"[318, 317, 94, 320, 696]","[0.5207231044769287, 0.28440576791763306, 0.019180692732334137, 0.01718093827366829, 0.017080172896385193]"
crop,ooc,876,499,839,0,0.13866637647151947,"[839, 405, 448, 807, 517]","[0.13866637647151947, 0.10360010713338852, 0.06770748645067215, 0.061364058405160904, 0.06083828955888748]"
crop,ooc,877,418,410,0,0.336117148399353,"[410, 693, 596, 509, 594]","[0.336117148399353, 0.04857684671878815, 0.03522232174873352, 0.027621477842330933, 0.023797012865543365]"
crop,ooc,878,849,849,1,0.4890725612640381,"[849, 659, 725, 899, 809]","[0.4890725612640381, 0.18253743648529053, 0.16051794588565826, 0.03288405388593674, 0.026551350951194763]"
crop,ooc,879,899,898,0,0.25460320711135864,"[898, 863, 899, 725, 427]","[0.25460320711135864, 0.1420275866985321, 0.12732447683811188, 0.11279990524053574, 0.034705255180597305]"
crop,ooc,880,963,963,1,0.945612907409668,"[963, 965, 962, 941, 964]","[0.945612907409668, 0.03959207236766815, 0.005537224933505058, 0.003478201339021325, 0.001501481281593442]"
crop,ooc,881,956,924,0,0.9039536714553833,"[924, 952, 936, 943, 941]","[0.9039536714553833, 0.025631360709667206, 0.018694521859288216, 0.014933211728930473, 0.007120552472770214]"
crop,ooc,882,961,519,0,0.15298180282115936,"[519, 961, 942, 896, 940]","[0.15298180282115936, 0.14048993587493896, 0.09178957343101501, 0.05959245190024376, 0.05618932843208313]"
crop,ooc,883,786,348,0,0.22969861328601837,"[348, 888, 755, 863, 355]","[0.22969861328601837, 0.08894553780555725, 0.06433034688234329, 0.05253801494836807, 0.04532576724886894]"
crop,ooc,884,440,440,1,0.9467496275901794,"[440, 502, 907, 737, 631]","[0.9467496275901794, 0.01851823925971985, 0.013570890761911869, 0.003518626093864441, 0.003305755788460374]"
crop,ooc,885,846,744,0,0.26991400122642517,"[744, 693, 657, 733, 639]","[0.26991400122642517, 0.22368741035461426, 0.12335239350795746, 0.04993473365902901, 0.026931628584861755]"
crop,ooc,886,969,610,0,0.13117577135562897,"[610, 411, 608, 898, 790]","[0.13117577135562897, 0.12996864318847656, 0.09130929410457611, 0.07423979789018631, 0.05384043976664543]"
crop,ooc,887,945,394,0,0.19497092068195343,"[394, 939, 641, 510, 943]","[0.19497092068195343, 0.03875422477722168, 0.036296017467975616, 0.03530389443039894, 0.031222013756632805]"
crop,ooc,888,752,454,0,0.2452690601348877,"[454, 737, 427, 624, 747]","[0.2452690601348877, 0.08740135282278061, 0.07000354677438736, 0.06937231123447418, 0.05576173588633537]"
crop,ooc,889,651,651,1,0.14742502570152283,"[651, 606, 786, 660, 497]","[0.14742502570152283, 0.11507881432771683, 0.03986890986561775, 0.02976810932159424, 0.02815878391265869]"
crop,ooc,890,945,945,1,0.9846755862236023,"[945, 990, 948, 952, 941]","[0.9846755862236023, 0.007586738094687462, 0.0014136020326986909, 0.0012156482553109527, 0.0010001194896176457]"
crop,ooc,891,438,525,0,0.25929558277130127,"[525, 913, 460, 718, 425]","[0.25929558277130127, 0.08315825462341309, 0.07727780938148499, 0.05858222022652626, 0.04140941798686981]"
crop,ooc,892,441,969,0,0.24378947913646698,"[969, 572, 417, 433, 747]","[0.24378947913646698, 0.13245771825313568, 0.11162444204092026, 0.09990836679935455, 0.053860343992710114]"
crop,ooc,893,818,745,0,0.22755299508571625,"[745, 485, 650, 910, 622]","[0.22755299508571625, 0.0672064796090126, 0.05522986873984337, 0.03666284680366516, 0.024831324815750122]"
crop,ooc,894,941,941,1,0.7980985045433044,"[941, 952, 339, 346, 345]","[0.7980985045433044, 0.1644376516342163, 0.009104788303375244, 0.008823450654745102, 0.005108311772346497]"
crop,ooc,895,711,441,0,0.2662662863731384,"[441, 703, 708, 912, 843]","[0.2662662863731384, 0.06047115847468376, 0.05502276495099068, 0.04270327463746071, 0.03837726265192032]"
crop,ooc,896,152,157,0,0.24338571727275848,"[157, 217, 169, 154, 247]","[0.24338571727275848, 0.09376341849565506, 0.0866650640964508, 0.07095225900411606, 0.05949096754193306]"
crop,ooc,897,996,996,1,0.5398889183998108,"[996, 936, 23, 944, 938]","[0.5398889183998108, 0.07701802998781204, 0.07395797222852707, 0.05515928193926811, 0.05514344945549965]"
crop,ooc,898,898,747,0,0.1479688137769699,"[747, 725, 505, 882, 804]","[0.1479688137769699, 0.09923078119754791, 0.08632533997297287, 0.07622195780277252, 0.0600050687789917]"
crop,ooc,899,441,708,0,0.21704018115997314,"[708, 437, 744, 929, 463]","[0.21704018115997314, 0.15708617866039276, 0.08761316537857056, 0.06274904310703278, 0.056292954832315445]"
crop,ooc,900,953,701,0,0.10195004940032959,"[701, 910, 134, 89, 132]","[0.10195004940032959, 0.06101057305932045, 0.053690504282712936, 0.046414680778980255, 0.03919575363397598]"
crop,ooc,901,505,730,0,0.23963698744773865,"[730, 723, 428, 447, 51]","[0.23963698744773865, 0.04856107011437416, 0.039023507386446, 0.03161754459142685, 0.027287667617201805]"
crop,ooc,902,773,773,1,0.15331563353538513,"[773, 708, 756, 594, 653]","[0.15331563353538513, 0.04986273869872093, 0.04929940402507782, 0.04309188574552536, 0.03070579282939434]"
crop,ooc,903,942,64,0,0.08772505819797516,"[64, 443, 947, 496, 922]","[0.08772505819797516, 0.08476081490516663, 0.07482961565256119, 0.03730110824108124, 0.03267580643296242]"
crop,ooc,904,891,650,0,0.5173713564872742,"[650, 787, 872, 546, 763]","[0.5173713564872742, 0.031221099197864532, 0.030658600851893425, 0.030506646260619164, 0.024525266140699387]"
crop,ooc,905,968,849,0,0.6213850378990173,"[849, 725, 968, 591, 899]","[0.6213850378990173, 0.05528043955564499, 0.03893717750906944, 0.03873665630817413, 0.03367515280842781]"
crop,ooc,906,942,346,0,0.1438584178686142,"[346, 525, 833, 410, 562]","[0.1438584178686142, 0.10075341910123825, 0.09157925099134445, 0.04820643365383148, 0.04155224561691284]"
crop,ooc,907,941,941,1,0.46848395466804504,"[941, 954, 697, 292, 849]","[0.46848395466804504, 0.0909748300909996, 0.04419916495680809, 0.03743011876940727, 0.031086670234799385]"
crop,ooc,908,418,494,0,0.7506576776504517,"[494, 583, 792, 894, 561]","[0.7506576776504517, 0.1049019992351532, 0.01741095446050167, 0.01731323078274727, 0.01425761915743351]"
crop,ooc,909,928,927,0,0.5832342505455017,"[927, 928, 173, 470, 242]","[0.5832342505455017, 0.06566499918699265, 0.038711804896593094, 0.028182996436953545, 0.02081914432346821]"
crop,ooc,910,934,405,0,0.6703556180000305,"[405, 416, 908, 701, 733]","[0.6703556180000305, 0.05666796863079071, 0.046132463961839676, 0.04416989907622337, 0.034684665501117706]"
crop,ooc,911,968,556,0,0.1443001627922058,"[556, 545, 835, 721, 816]","[0.1443001627922058, 0.09455253183841705, 0.08981452882289886, 0.05814278870820999, 0.035318899899721146]"
crop,ooc,912,923,923,1,0.7058761715888977,"[923, 935, 924, 861, 618]","[0.7058761715888977, 0.08755852282047272, 0.041516367346048355, 0.02709633857011795, 0.01806798204779625]"
crop,ooc,913,194,202,0,0.17631760239601135,"[202, 189, 219, 185, 191]","[0.17631760239601135, 0.14172692596912384, 0.09570355713367462, 0.05795050412416458, 0.05179562047123909]"
crop,ooc,914,927,927,1,0.9744738340377808,"[927, 933, 960, 868, 988]","[0.9744738340377808, 0.004038794431835413, 0.003382745897397399, 0.0028545239474624395, 0.0021207681857049465]"
crop,ooc,915,686,947,0,0.5378016233444214,"[947, 992, 490, 987, 67]","[0.5378016233444214, 0.05938991531729698, 0.02912653610110283, 0.02583300694823265, 0.024751534685492516]"
crop,ooc,916,737,88,0,0.1285155862569809,"[88, 792, 491, 637, 100]","[0.1285155862569809, 0.07394206523895264, 0.06654929369688034, 0.05554277449846268, 0.040049973875284195]"
crop,ooc,917,849,63,0,0.15754470229148865,"[63, 725, 79, 898, 100]","[0.15754470229148865, 0.06250419467687607, 0.05944829806685448, 0.049856096506118774, 0.04791036620736122]"
crop,ooc,918,855,855,1,0.42890921235084534,"[855, 773, 711, 737, 282]","[0.42890921235084534, 0.13890278339385986, 0.05030984431505203, 0.04292936623096466, 0.025494160130620003]"
crop,ooc,919,611,49,0,0.15348728001117706,"[49, 978, 977, 138, 549]","[0.15348728001117706, 0.10041769593954086, 0.05682805925607681, 0.046155039221048355, 0.042590729892253876]"
crop,ooc,920,545,144,0,0.1993025243282318,"[144, 99, 135, 141, 131]","[0.1993025243282318, 0.07626735419034958, 0.0725889801979065, 0.05671141669154167, 0.03911041095852852]"
crop,ooc,921,761,81,0,0.918285608291626,"[81, 405, 679, 895, 980]","[0.918285608291626, 0.02271021530032158, 0.005131673999130726, 0.004136949777603149, 0.0031924531795084476]"
crop,ooc,922,521,505,0,0.48697561025619507,"[505, 521, 849, 861, 968]","[0.48697561025619507, 0.14609533548355103, 0.08756617456674576, 0.06867891550064087, 0.035656534135341644]"
crop,ooc,923,626,309,0,0.10760179162025452,"[309, 72, 301, 956, 303]","[0.10760179162025452, 0.0922742411494255, 0.0758952721953392, 0.07502415031194687, 0.06002481281757355]"
crop,ooc,924,441,94,0,0.20229192078113556,"[94, 312, 88, 95, 90]","[0.20229192078113556, 0.07835570722818375, 0.07824146747589111, 0.06525483727455139, 0.04886564984917641]"
crop,ooc,925,438,438,1,0.27894851565361023,"[438, 899, 704, 505, 756]","[0.27894851565361023, 0.17315633594989777, 0.07044500857591629, 0.03854520246386528, 0.03325600177049637]"
crop,ooc,926,426,426,1,0.8577726483345032,"[426, 409, 778, 685, 427]","[0.8577726483345032, 0.05208519101142883, 0.03530793637037277, 0.025968628004193306, 0.012641334906220436]"
crop,ooc,927,710,93,0,0.3873426914215088,"[93, 776, 87, 889, 486]","[0.3873426914215088, 0.08144938200712204, 0.06541309505701065, 0.05991622433066368, 0.027407508343458176]"
crop,ooc,928,613,920,0,0.25979942083358765,"[920, 727, 448, 900, 970]","[0.25979942083358765, 0.14273761212825775, 0.11722713708877563, 0.07986613363027573, 0.032686974853277206]"
crop,ooc,929,574,225,0,0.08732103556394577,"[225, 130, 15, 274, 990]","[0.08732103556394577, 0.05696243792772293, 0.050182193517684937, 0.04705650731921196, 0.03314751759171486]"
crop,ooc,930,882,882,1,0.13709817826747894,"[882, 671, 597, 787, 447]","[0.13709817826747894, 0.09250809997320175, 0.08832894265651703, 0.06263811886310577, 0.052824411541223526]"
crop,ooc,931,647,398,0,0.42236536741256714,"[398, 519, 458, 766, 415]","[0.42236536741256714, 0.1765289455652237, 0.10493021458387375, 0.0503690205514431, 0.02079177275300026]"
crop,ooc,932,737,737,1,0.4498741030693054,"[737, 440, 412, 571, 969]","[0.4498741030693054, 0.24356460571289062, 0.12752500176429749, 0.03177082911133766, 0.021958287805318832]"
crop,ooc,933,963,599,0,0.43151187896728516,"[599, 327, 963, 329, 973]","[0.43151187896728516, 0.11106252670288086, 0.10477881878614426, 0.07629519701004028, 0.051113251596689224]"
crop,ooc,934,662,412,0,0.07599031180143356,"[412, 606, 999, 637, 882]","[0.07599031180143356, 0.059913426637649536, 0.05621280521154404, 0.045805104076862335, 0.04474983364343643]"
crop,ooc,935,891,891,1,0.9795771837234497,"[891, 752, 846, 524, 469]","[0.9795771837234497, 0.005967095959931612, 0.0022476662416011095, 0.0015735446941107512, 0.0014361130306497216]"
crop,ooc,936,891,832,0,0.3723250925540924,"[832, 703, 891, 458, 449]","[0.3723250925540924, 0.15810073912143707, 0.04315408691763878, 0.03657152131199837, 0.028639690950512886]"
crop,ooc,937,710,621,0,0.2958568036556244,"[621, 672, 646, 805, 522]","[0.2958568036556244, 0.09172080457210541, 0.06807400286197662, 0.0667777732014656, 0.032804347574710846]"
crop,ooc,938,188,267,0,0.3060794472694397,"[267, 146, 89, 23, 181]","[0.3060794472694397, 0.17957550287246704, 0.08852247148752213, 0.07745035737752914, 0.04171520099043846]"
crop,ooc,939,503,503,1,0.6121872663497925,"[503, 804, 702, 505, 571]","[0.6121872663497925, 0.06718667596578598, 0.0564115084707737, 0.03484498709440231, 0.032638855278491974]"
crop,ooc,940,849,849,1,0.8878540992736816,"[849, 659, 725, 899, 809]","[0.8878540992736816, 0.03961622714996338, 0.016680000349879265, 0.006151832640171051, 0.0053591676987707615]"
crop,ooc,941,968,659,0,0.10824915766716003,"[659, 861, 502, 737, 809]","[0.10824915766716003, 0.09775812923908234, 0.09407675266265869, 0.06989524513483047, 0.06796876341104507]"
crop,ooc,942,438,109,0,0.15101909637451172,"[109, 720, 850, 961, 588]","[0.15101909637451172, 0.13361036777496338, 0.11799824982881546, 0.09819065779447556, 0.07385430485010147]"
crop,ooc,943,530,742,0,0.14868909120559692,"[742, 919, 660, 703, 664]","[0.14868909120559692, 0.09575894474983215, 0.07743917405605316, 0.07649662345647812, 0.07245726138353348]"
crop,ooc,944,613,613,1,0.5069836378097534,"[613, 550, 739, 756, 505]","[0.5069836378097534, 0.05738862231373787, 0.04675884544849396, 0.037120573222637177, 0.024463774636387825]"
crop,ooc,945,786,736,0,0.2986670732498169,"[736, 492, 534, 481, 876]","[0.2986670732498169, 0.0680195614695549, 0.034121524542570114, 0.03349057212471962, 0.025292331352829933]"
crop,ooc,946,466,908,0,0.397463321685791,"[908, 829, 404, 466, 657]","[0.397463321685791, 0.35067319869995117, 0.03922766074538231, 0.03548083081841469, 0.03059222362935543]"
crop,ooc,947,466,146,0,0.1249764934182167,"[146, 437, 460, 833, 807]","[0.1249764934182167, 0.09693153202533722, 0.05836636573076248, 0.053406864404678345, 0.05034278705716133]"
crop,ooc,948,466,756,0,0.17409127950668335,"[756, 410, 448, 391, 134]","[0.17409127950668335, 0.14103034138679504, 0.1332588642835617, 0.058068595826625824, 0.030029887333512306]"
crop,ooc,949,547,547,1,0.8214231133460999,"[547, 705, 555, 565, 595]","[0.8214231133460999, 0.10781921446323395, 0.0153438039124012, 0.010234823450446129, 0.006865780334919691]"
crop,ooc,950,547,89,0,0.1144435778260231,"[89, 554, 690, 408, 657]","[0.1144435778260231, 0.08555281907320023, 0.07984589785337448, 0.07801501452922821, 0.06679809838533401]"
crop,ooc,951,547,546,0,0.29706746339797974,"[546, 710, 790, 557, 696]","[0.29706746339797974, 0.06278900802135468, 0.04666272550821304, 0.027489306405186653, 0.025856316089630127]"
crop,ooc,952,466,466,1,0.2298819124698639,"[466, 751, 479, 99, 656]","[0.2298819124698639, 0.08484850823879242, 0.08343178033828735, 0.04668593034148216, 0.0350329726934433]"
crop,ooc,953,466,908,0,0.36874669790267944,"[908, 777, 405, 657, 764]","[0.36874669790267944, 0.1246541291475296, 0.07989383488893509, 0.06550318747758865, 0.04099905863404274]"
crop,ooc,954,829,829,1,0.45611628890037537,"[829, 705, 874, 660, 698]","[0.45611628890037537, 0.2703206241130829, 0.0706239640712738, 0.026558013632893562, 0.01635879836976528]"
crop,ooc,955,547,547,1,0.7444217205047607,"[547, 705, 660, 510, 569]","[0.7444217205047607, 0.22347885370254517, 0.004796777386218309, 0.0029478392098098993, 0.002603459870442748]"
crop,ooc,956,829,509,0,0.21072392165660858,"[509, 614, 427, 829, 756]","[0.21072392165660858, 0.106422059237957, 0.04427425563335419, 0.043050896376371384, 0.0418381504714489]"
crop,ooc,957,829,704,0,0.28620481491088867,"[704, 571, 764, 543, 877]","[0.28620481491088867, 0.0698905885219574, 0.042438920587301254, 0.031116027384996414, 0.02649415098130703]"
crop,ooc,958,829,920,0,0.09828994423151016,"[920, 866, 803, 801, 867]","[0.09828994423151016, 0.09511019289493561, 0.08565426617860794, 0.04422427713871002, 0.04348618909716606]"
crop,ooc,959,820,820,1,0.9541528224945068,"[820, 471, 856, 595, 847]","[0.9541528224945068, 0.014527822844684124, 0.005373090971261263, 0.0048892139457166195, 0.004394645802676678]"
crop,ooc,960,820,607,0,0.3554082214832306,"[607, 652, 756, 611, 517]","[0.3554082214832306, 0.0759899914264679, 0.06948637962341309, 0.06268788874149323, 0.025961484760046005]"
crop,ooc,961,829,829,1,0.9479929804801941,"[829, 705, 779, 654, 874]","[0.9479929804801941, 0.01459764875471592, 0.008285251446068287, 0.0056953695602715015, 0.004896744154393673]"
crop,ooc,962,820,295,0,0.12302085757255554,"[295, 30, 23, 314, 361]","[0.12302085757255554, 0.09966684877872467, 0.09626833349466324, 0.04457150027155876, 0.03281141072511673]"
crop,ooc,963,829,425,0,0.08203986287117004,"[425, 442, 660, 663, 497]","[0.08203986287117004, 0.07311829924583435, 0.0668659433722496, 0.05968413129448891, 0.05337269604206085]"
crop,ooc,964,829,398,0,0.4136742055416107,"[398, 737, 440, 547, 706]","[0.4136742055416107, 0.07127790153026581, 0.031524065881967545, 0.03088139183819294, 0.028166592121124268]"
crop,ooc,965,829,829,1,0.651411235332489,"[829, 408, 654, 874, 705]","[0.651411235332489, 0.24951589107513428, 0.02604464814066887, 0.024290986359119415, 0.008756304159760475]"
crop,ooc,966,820,867,0,0.13007085025310516,"[867, 820, 812, 471, 637]","[0.13007085025310516, 0.1177491694688797, 0.0728996992111206, 0.06261668354272842, 0.051560595631599426]"
crop,ooc,967,829,706,0,0.2453858107328415,"[706, 829, 642, 412, 703]","[0.2453858107328415, 0.2294953614473343, 0.0750042125582695, 0.048555608838796616, 0.03855914622545242]"
crop,ooc,968,102,102,1,0.4366018772125244,"[102, 285, 106, 284, 749]","[0.4366018772125244, 0.05564773455262184, 0.045826833695173264, 0.03506113961338997, 0.030612075701355934]"
crop,ooc,969,850,202,0,0.6811954975128174,"[202, 106, 189, 266, 850]","[0.6811954975128174, 0.027635684236884117, 0.022221660241484642, 0.022042756900191307, 0.015834107995033264]"
crop,ooc,970,850,325,0,0.22919438779354095,"[325, 1, 88, 997, 723]","[0.22919438779354095, 0.09673478454351425, 0.05767127498984337, 0.04929269477725029, 0.04685722291469574]"
crop,ooc,971,539,17,0,0.18522068858146667,"[17, 47, 14, 517, 55]","[0.18522068858146667, 0.1427672952413559, 0.14222073554992676, 0.05065815523266792, 0.03434224799275398]"
crop,ooc,972,374,242,0,0.07956353574991226,"[242, 178, 161, 104, 164]","[0.07956353574991226, 0.07732793688774109, 0.0707506313920021, 0.06033608317375183, 0.058787278831005096]"
crop,ooc,973,601,601,1,0.6417046189308167,"[601, 689, 699, 869, 721]","[0.6417046189308167, 0.32641276717185974, 0.008538026362657547, 0.005804780870676041, 0.0027523564640432596]"
crop,ooc,974,929,596,0,0.2248818576335907,"[596, 583, 471, 532, 657]","[0.2248818576335907, 0.20955438911914825, 0.08303388953208923, 0.07711964845657349, 0.07470700889825821]"
crop,ooc,975,203,192,0,0.11556355655193329,"[192, 346, 208, 170, 265]","[0.11556355655193329, 0.11417374759912491, 0.11125452816486359, 0.06879017502069473, 0.048348404467105865]"
crop,ooc,976,532,311,0,0.16429077088832855,"[311, 312, 51, 314, 159]","[0.16429077088832855, 0.0786139965057373, 0.07571423798799515, 0.03126060217618942, 0.022770153358578682]"
crop,ooc,977,153,153,1,0.47638389468193054,"[153, 89, 229, 203, 222]","[0.47638389468193054, 0.23655739426612854, 0.045662447810173035, 0.042356058955192566, 0.020061388611793518]"
crop,ooc,978,733,733,1,0.31670162081718445,"[733, 677, 872, 320, 835]","[0.31670162081718445, 0.15431049466133118, 0.05245621129870415, 0.0382230244576931, 0.033380452543497086]"
crop,ooc,979,363,341,0,0.04467109963297844,"[341, 835, 191, 695, 342]","[0.04467109963297844, 0.03386842831969261, 0.031415630131959915, 0.030727585777640343, 0.030088020488619804]"
crop,ooc,980,674,802,0,0.07396584004163742,"[802, 472, 803, 825, 491]","[0.07396584004163742, 0.04951982572674751, 0.03525295481085777, 0.034278225153684616, 0.03412695974111557]"
crop,ooc,981,778,999,0,0.13465319573879242,"[999, 700, 499, 591, 674]","[0.13465319573879242, 0.12141827493906021, 0.09136559814214706, 0.06252604722976685, 0.05907079204916954]"
crop,ooc,982,765,496,0,0.4626237750053406,"[496, 697, 850, 614, 411]","[0.4626237750053406, 0.09283508360385895, 0.041359152644872665, 0.03128909319639206, 0.02969672717154026]"
crop,ooc,983,161,274,0,0.4382607042789459,"[274, 161, 235, 273, 278]","[0.4382607042789459, 0.14195631444454193, 0.08526794612407684, 0.04339985549449921, 0.028137534856796265]"
crop,ooc,984,539,291,0,0.223960742354393,"[291, 172, 286, 176, 250]","[0.223960742354393, 0.21955335140228271, 0.08604263514280319, 0.056946687400341034, 0.02925943210721016]"
crop,ooc,985,999,132,0,0.5211698412895203,"[132, 89, 728, 807, 64]","[0.5211698412895203, 0.1433098167181015, 0.08178258687257767, 0.03334508463740349, 0.025672603398561478]"
crop,ooc,986,715,251,0,0.15528994798660278,"[251, 258, 615, 253, 870]","[0.15528994798660278, 0.08444498479366302, 0.06418723613023758, 0.049453914165496826, 0.04751679673790932]"
crop,ooc,987,153,153,1,0.3507499694824219,"[153, 204, 155, 87, 229]","[0.3507499694824219, 0.15606559813022614, 0.09678640216588974, 0.07349370419979095, 0.04928034916520119]"
crop,ooc,988,161,161,1,0.4334302544593811,"[161, 247, 162, 212, 166]","[0.4334302544593811, 0.18951642513275146, 0.12885573506355286, 0.07760733366012573, 0.030445076525211334]"
crop,ooc,989,543,417,0,0.8853157758712769,"[417, 471, 866, 755, 405]","[0.8853157758712769, 0.017841197550296783, 0.012349223718047142, 0.01023105252534151, 0.006119170691817999]"
crop,ooc,990,161,112,0,0.1558523029088974,"[112, 970, 801, 115, 672]","[0.1558523029088974, 0.08291949331760406, 0.05767399072647095, 0.051200296729803085, 0.05113213136792183]"
crop,ooc,991,849,504,0,0.25306034088134766,"[504, 968, 647, 470, 773]","[0.25306034088134766, 0.1001989021897316, 0.09439315646886826, 0.07829006016254425, 0.061947956681251526]"
crop,ooc,992,422,723,0,0.19835025072097778,"[723, 143, 410, 758, 210]","[0.19835025072097778, 0.12760992348194122, 0.11025355756282806, 0.05205119028687477, 0.04483098164200783]"
crop,ooc,993,157,261,0,0.139811173081398,"[261, 284, 341, 259, 250]","[0.139811173081398, 0.11821863055229187, 0.07982497662305832, 0.07270240783691406, 0.05839663743972778]"
crop,ooc,994,193,255,0,0.4799257516860962,"[255, 235, 186, 193, 275]","[0.4799257516860962, 0.19257880747318268, 0.1503603309392929, 0.02844587340950966, 0.016623707488179207]"
crop,ooc,995,728,730,0,0.15420162677764893,"[730, 327, 621, 693, 913]","[0.15420162677764893, 0.1151370257139206, 0.05456138029694557, 0.04417196661233902, 0.03852679207921028]"
crop,ooc,996,201,973,0,0.23237723112106323,"[973, 924, 938, 115, 329]","[0.23237723112106323, 0.07113663107156754, 0.07111655175685883, 0.06560635566711426, 0.06100395694375038]"
crop,ooc,997,174,198,0,0.18967609107494354,"[198, 182, 272, 269, 196]","[0.18967609107494354, 0.07427829504013062, 0.0638233944773674, 0.06125789135694504, 0.05732697620987892]"
crop,ooc,998,171,237,0,0.20706646144390106,"[237, 171, 236, 93, 12]","[0.20706646144390106, 0.16957229375839233, 0.14995476603507996, 0.05232779309153557, 0.03505110368132591]"
crop,ooc,999,161,161,1,0.43743017315864563,"[161, 162, 171, 263, 241]","[0.43743017315864563, 0.22145333886146545, 0.026538172736763954, 0.021082302555441856, 0.01725778728723526]"
crop,ooc,1000,882,790,0,0.40410345792770386,"[790, 546, 756, 882, 581]","[0.40410345792770386, 0.23918966948986053, 0.050161026418209076, 0.04706008732318878, 0.03551526367664337]"
crop,ooc,1001,199,199,1,0.11987287551164627,"[199, 239, 84, 797, 223]","[0.11987287551164627, 0.07533729076385498, 0.07149957120418549, 0.056197088211774826, 0.03787931799888611]"
crop,ooc,1002,226,354,0,0.1792488843202591,"[354, 291, 351, 209, 213]","[0.1792488843202591, 0.1124124750494957, 0.08041244745254517, 0.07813839614391327, 0.06396206468343735]"
crop,ooc,1003,559,765,0,0.28081125020980835,"[765, 835, 559, 908, 752]","[0.28081125020980835, 0.1301831156015396, 0.07344012707471848, 0.05921487510204315, 0.04218015447258949]"
crop,ooc,1004,532,579,0,0.2316969335079193,"[579, 532, 876, 968, 807]","[0.2316969335079193, 0.20025251805782318, 0.06100953370332718, 0.038336001336574554, 0.036419857293367386]"
crop,ooc,1005,882,622,0,0.1991453766822815,"[622, 872, 764, 792, 630]","[0.1991453766822815, 0.16671034693717957, 0.05815497413277626, 0.039017122238874435, 0.020079515874385834]"
crop,ooc,1006,174,236,0,0.12510797381401062,"[236, 174, 243, 235, 246]","[0.12510797381401062, 0.10177969932556152, 0.09199950844049454, 0.06320832669734955, 0.057639773935079575]"
crop,ooc,1007,86,86,1,0.9115317463874817,"[86, 82, 390, 88, 12]","[0.9115317463874817, 0.03455779328942299, 0.009538641199469566, 0.004296975675970316, 0.00400548567995429]"
crop,ooc,1008,178,178,1,0.8079212307929993,"[178, 159, 211, 168, 209]","[0.8079212307929993, 0.09562809020280838, 0.04403066262602806, 0.022363845258951187, 0.010998127050697803]"
crop,ooc,1009,252,575,0,0.09722691774368286,"[575, 586, 513, 164, 581]","[0.09722691774368286, 0.09637723118066788, 0.057119838893413544, 0.03236477077007294, 0.02294582687318325]"
crop,ooc,1010,156,217,0,0.08290219306945801,"[217, 226, 212, 247, 235]","[0.08290219306945801, 0.0718289166688919, 0.06662211567163467, 0.06362590938806534, 0.042340803891420364]"
crop,ooc,1011,208,204,0,0.07903259992599487,"[204, 576, 186, 207, 192]","[0.07903259992599487, 0.07689613103866577, 0.06703202426433563, 0.05139724165201187, 0.04553873464465141]"
crop,ooc,1012,543,393,0,0.7257528305053711,"[393, 108, 987, 998, 328]","[0.7257528305053711, 0.27292874455451965, 0.0005573942908085883, 0.00022308138431981206, 0.00015434634406119585]"
crop,ooc,1013,444,396,0,0.22591768205165863,"[396, 772, 828, 60, 545]","[0.22591768205165863, 0.1502911001443863, 0.0909937396645546, 0.05934479460120201, 0.03098399005830288]"
crop,ooc,1014,823,636,0,0.06073705106973648,"[636, 610, 617, 596, 657]","[0.06073705106973648, 0.035108961164951324, 0.03480427712202072, 0.034670185297727585, 0.034437309950590134]"
crop,ooc,1015,841,758,0,0.12003636360168457,"[758, 515, 136, 776, 391]","[0.12003636360168457, 0.05033429339528084, 0.04142281785607338, 0.032651569694280624, 0.023387178778648376]"
crop,ooc,1016,581,581,1,0.7740904688835144,"[581, 811, 756, 774, 627]","[0.7740904688835144, 0.02175743132829666, 0.018210403621196747, 0.010401416569948196, 0.008734655566513538]"
crop,ooc,1017,601,846,0,0.16879843175411224,"[846, 480, 532, 515, 831]","[0.16879843175411224, 0.13166899979114532, 0.11697590351104736, 0.03327625244855881, 0.028359103947877884]"
crop,ooc,1018,857,642,0,0.28437355160713196,"[642, 693, 832, 472, 148]","[0.28437355160713196, 0.18137633800506592, 0.08557502180337906, 0.031092394143342972, 0.026987120509147644]"
crop,ooc,1019,822,329,0,0.0913754478096962,"[329, 65, 397, 58, 108]","[0.0913754478096962, 0.08116322755813599, 0.054809603840112686, 0.030834583565592766, 0.02756061963737011]"
crop,ooc,1020,543,970,0,0.7436597347259521,"[970, 801, 849, 397, 329]","[0.7436597347259521, 0.05452950671315193, 0.022729307413101196, 0.020723868161439896, 0.014539163559675217]"
crop,ooc,1021,559,765,0,0.11477096378803253,"[765, 545, 559, 830, 428]","[0.11477096378803253, 0.09204436838626862, 0.06838016957044601, 0.050387781113386154, 0.04153214022517204]"
crop,ooc,1022,863,737,0,0.29805710911750793,"[737, 773, 488, 441, 503]","[0.29805710911750793, 0.22149470448493958, 0.07919886708259583, 0.04532749578356743, 0.041038330644369125]"
crop,ooc,1023,486,271,0,0.06324836611747742,"[271, 124, 953, 274, 280]","[0.06324836611747742, 0.04995710030198097, 0.03718177601695061, 0.036690205335617065, 0.033420514315366745]"
crop,ooc,1024,450,407,0,0.2564539909362793,"[407, 468, 817, 751, 581]","[0.2564539909362793, 0.13233010470867157, 0.08398932218551636, 0.06553695350885391, 0.06261511147022247]"
crop,ooc,1025,615,460,0,0.14678239822387695,"[460, 65, 22, 970, 978]","[0.14678239822387695, 0.12098956853151321, 0.05337327718734741, 0.03954296186566353, 0.037731580436229706]"
crop,ooc,1026,579,579,1,0.9455816745758057,"[579, 846, 550, 532, 432]","[0.9455816745758057, 0.009283516556024551, 0.00444692000746727, 0.0037908111698925495, 0.002687082625925541]"
crop,ooc,1027,790,908,0,0.11933953315019608,"[908, 819, 579, 814, 778]","[0.11933953315019608, 0.08352116495370865, 0.058960843831300735, 0.05606308951973915, 0.038691796362400055]"
crop,ooc,1028,160,855,0,0.219389870762825,"[855, 24, 183, 197, 206]","[0.219389870762825, 0.09958785772323608, 0.09066791087388992, 0.06649905443191528, 0.045974817126989365]"
crop,ooc,1029,422,405,0,0.2637499272823334,"[405, 895, 657, 144, 908]","[0.2637499272823334, 0.1988678276538849, 0.1254626363515854, 0.08868230879306793, 0.08265422284603119]"
crop,ooc,1030,882,852,0,0.143782839179039,"[852, 695, 773, 488, 455]","[0.143782839179039, 0.07961247861385345, 0.07599981129169464, 0.06428894400596619, 0.04472939670085907]"
crop,ooc,1031,608,975,0,0.1287667155265808,"[975, 888, 3, 839, 912]","[0.1287667155265808, 0.0915241464972496, 0.07277779281139374, 0.06383877992630005, 0.03785637393593788]"
crop,ooc,1032,489,733,0,0.26258420944213867,"[733, 489, 872, 494, 557]","[0.26258420944213867, 0.11738655716180801, 0.10648448765277863, 0.08158182352781296, 0.04607769101858139]"
crop,ooc,1033,212,8,0,0.12582869827747345,"[8, 331, 291, 287, 278]","[0.12582869827747345, 0.11794635653495789, 0.07616627216339111, 0.043122678995132446, 0.042130857706069946]"
crop,ooc,1034,145,251,0,0.18660807609558105,"[251, 512, 195, 486, 543]","[0.18660807609558105, 0.047174014151096344, 0.027627887204289436, 0.020047683268785477, 0.01977677084505558]"
crop,ooc,1035,103,33,0,0.10189197212457657,"[33, 6, 5, 952, 103]","[0.10189197212457657, 0.09447763115167618, 0.07133994251489639, 0.04782797768712044, 0.03503391891717911]"
crop,ooc,1036,148,416,0,0.3425266146659851,"[416, 701, 736, 145, 486]","[0.3425266146659851, 0.0818900391459465, 0.03721486032009125, 0.029295368120074272, 0.02568609081208706]"
crop,ooc,1037,149,445,0,0.08425767719745636,"[445, 995, 666, 6, 767]","[0.08425767719745636, 0.05940316617488861, 0.05748031288385391, 0.04918235167860985, 0.04895114153623581]"
crop,ooc,1038,103,195,0,0.11810112744569778,"[195, 171, 225, 173, 211]","[0.11810112744569778, 0.0582759790122509, 0.04235178604722023, 0.041728194802999496, 0.03981320187449455]"
crop,ooc,1039,148,84,0,0.12105459719896317,"[84, 18, 128, 596, 100]","[0.12105459719896317, 0.07628791034221649, 0.06091746315360069, 0.04097253456711769, 0.04049186781048775]"
crop,ooc,1040,148,642,0,0.08467888087034225,"[642, 596, 587, 981, 558]","[0.08467888087034225, 0.06726241111755371, 0.04328489676117897, 0.03958769515156746, 0.03903202712535858]"
crop,ooc,1041,148,394,0,0.08130484074354172,"[394, 389, 354, 56, 801]","[0.08130484074354172, 0.06314403563737869, 0.051129430532455444, 0.042741287499666214, 0.04053574055433273]"
crop,ooc,1042,983,378,0,0.1476973444223404,"[378, 379, 723, 364, 88]","[0.1476973444223404, 0.10574597120285034, 0.10366970300674438, 0.08490519970655441, 0.05695510283112526]"
crop,ooc,1043,842,898,0,0.12058091908693314,"[898, 601, 427, 943, 689]","[0.12058091908693314, 0.11258591711521149, 0.023932479321956635, 0.022765720263123512, 0.02179989591240883]"
crop,ooc,1044,1,392,0,0.37835320830345154,"[392, 115, 99, 991, 96]","[0.37835320830345154, 0.317676305770874, 0.04819078370928764, 0.04428138583898544, 0.02949770912528038]"
crop,ooc,1045,36,50,0,0.0865919217467308,"[50, 350, 49, 48, 41]","[0.0865919217467308, 0.06186796352267265, 0.0565064512193203, 0.036237750202417374, 0.028689542785286903]"
crop,ooc,1046,155,170,0,0.20101726055145264,"[170, 204, 194, 155, 200]","[0.20101726055145264, 0.19674421846866608, 0.1568753719329834, 0.09715083241462708, 0.07231295853853226]"
crop,ooc,1047,148,421,0,0.13636372983455658,"[421, 448, 497, 563, 506]","[0.13636372983455658, 0.10650252550840378, 0.05511505529284477, 0.05160612612962723, 0.04807722941040993]"
crop,ooc,1048,148,4,0,0.3538287878036499,"[4, 148, 150, 885, 501]","[0.3538287878036499, 0.2775772511959076, 0.11434762924909592, 0.050557125359773636, 0.02102198824286461]"
crop,ooc,1049,822,90,0,0.2651273012161255,"[90, 16, 14, 19, 88]","[0.2651273012161255, 0.1179845929145813, 0.07846257090568542, 0.07210031896829605, 0.05907559394836426]"
crop,ooc,1050,842,413,0,0.3592933118343353,"[413, 764, 94, 71, 652]","[0.3592933118343353, 0.09672222286462784, 0.055952057242393494, 0.042711734771728516, 0.020912840962409973]"
crop,ooc,1051,150,264,0,0.08514974266290665,"[264, 284, 122, 982, 242]","[0.08514974266290665, 0.06675949692726135, 0.05086740106344223, 0.04934985935688019, 0.03437396138906479]"
crop,ooc,1052,148,657,0,0.1686754822731018,"[657, 405, 148, 908, 744]","[0.1686754822731018, 0.16726884245872498, 0.15221115946769714, 0.12027546763420105, 0.062022071331739426]"
crop,ooc,1053,420,420,1,0.5113662481307983,"[420, 920, 475, 839, 919]","[0.5113662481307983, 0.03563804179430008, 0.024477623403072357, 0.019757790490984917, 0.015501813031733036]"
crop,ooc,1054,932,124,0,0.3838560879230499,"[124, 71, 121, 120, 74]","[0.3838560879230499, 0.14843523502349854, 0.052534569054841995, 0.052198972553014755, 0.03228631988167763]"
crop,ooc,1055,862,460,0,0.23409445583820343,"[460, 525, 792, 672, 223]","[0.23409445583820343, 0.22860318422317505, 0.02535521611571312, 0.015247764997184277, 0.014791511930525303]"
crop,ooc,1056,964,119,0,0.1490577608346939,"[119, 328, 390, 393, 120]","[0.1490577608346939, 0.06539707630872726, 0.051995936781167984, 0.042760007083415985, 0.04139690101146698]"
crop,ooc,1057,76,347,0,0.18624676764011383,"[347, 977, 978, 751, 404]","[0.18624676764011383, 0.13146354258060455, 0.07500231266021729, 0.047068916261196136, 0.02221599780023098]"
crop,ooc,1058,563,462,0,0.22833620011806488,"[462, 687, 677, 912, 696]","[0.22833620011806488, 0.17068353295326233, 0.13175281882286072, 0.09047678112983704, 0.08483432233333588]"
crop,ooc,1059,329,344,0,0.3602274954319,"[344, 975, 977, 460, 150]","[0.3602274954319, 0.09478668123483658, 0.09049905836582184, 0.044813696295022964, 0.039671774953603745]"
crop,ooc,1060,928,208,0,0.161973237991333,"[208, 173, 348, 160, 241]","[0.161973237991333, 0.07817000150680542, 0.060820188373327255, 0.060572441667318344, 0.04398849606513977]"
crop,ooc,1061,420,434,0,0.1479475498199463,"[434, 112, 591, 515, 672]","[0.1479475498199463, 0.07247626036405563, 0.04616060480475426, 0.03490779548883438, 0.02976934053003788]"
crop,ooc,1062,45,979,0,0.39410364627838135,"[979, 970, 672, 391, 913]","[0.39410364627838135, 0.28639429807662964, 0.06743784993886948, 0.02220591902732849, 0.01484950352460146]"
crop,ooc,1063,963,291,0,0.5108138918876648,"[291, 271, 351, 272, 277]","[0.5108138918876648, 0.07539205253124237, 0.058073967695236206, 0.05664121359586716, 0.05384375527501106]"
crop,ooc,1064,17,144,0,0.2540648579597473,"[144, 139, 140, 460, 913]","[0.2540648579597473, 0.07351481169462204, 0.05482844263315201, 0.05468922108411789, 0.036130063235759735]"
crop,ooc,1065,420,420,1,0.5526593327522278,"[420, 545, 541, 910, 618]","[0.5526593327522278, 0.11749280244112015, 0.037710435688495636, 0.026484698057174683, 0.02304183691740036]"
crop,ooc,1066,737,895,0,0.1509413719177246,"[895, 755, 908, 801, 657]","[0.1509413719177246, 0.14128336310386658, 0.05593636631965637, 0.029447510838508606, 0.026551585644483566]"
crop,ooc,1067,420,420,1,0.5405771136283875,"[420, 394, 515, 541, 413]","[0.5405771136283875, 0.05248835310339928, 0.02948741614818573, 0.02604641206562519, 0.025189770385622978]"
crop,ooc,1068,513,751,0,0.2768937349319458,"[751, 405, 417, 895, 642]","[0.2768937349319458, 0.157338947057724, 0.07925651222467422, 0.02734060399234295, 0.020571021363139153]"
crop,ooc,1069,27,646,0,0.13446439802646637,"[646, 138, 352, 353, 134]","[0.13446439802646637, 0.1255813091993332, 0.08170586079359055, 0.0628400444984436, 0.05882207676768303]"
crop,ooc,1070,420,420,1,0.48154377937316895,"[420, 506, 791, 545, 319]","[0.48154377937316895, 0.09371054172515869, 0.054562851786613464, 0.03569042310118675, 0.035226982086896896]"
crop,ooc,1071,186,352,0,0.4281899333000183,"[352, 271, 138, 291, 213]","[0.4281899333000183, 0.09400156885385513, 0.0638672262430191, 0.03669426217675209, 0.024973763152956963]"
crop,ooc,1072,305,471,0,0.18115754425525665,"[471, 586, 179, 866, 261]","[0.18115754425525665, 0.1710318922996521, 0.06482834368944168, 0.046252813190221786, 0.029676955193281174]"
crop,ooc,1073,27,803,0,0.20409975945949554,"[803, 814, 408, 802, 978]","[0.20409975945949554, 0.16445891559123993, 0.15325208008289337, 0.11377773433923721, 0.08523395657539368]"
crop,ooc,1074,681,594,0,0.9372818470001221,"[594, 854, 687, 401, 696]","[0.9372818470001221, 0.03933216631412506, 0.003558192402124405, 0.0032391559798270464, 0.0017312871059402823]"
crop,ooc,1075,790,790,1,0.5266431570053101,"[790, 797, 949, 728, 723]","[0.5266431570053101, 0.07602078467607498, 0.05914364755153656, 0.05519106984138489, 0.034820590168237686]"
crop,ooc,1076,679,50,0,0.3408532440662384,"[50, 36, 322, 619, 490]","[0.3408532440662384, 0.04406958818435669, 0.03820439800620079, 0.03474663943052292, 0.03170132637023926]"
crop,ooc,1077,441,405,0,0.1344936639070511,"[405, 441, 898, 448, 649]","[0.1344936639070511, 0.11985054612159729, 0.11083010584115982, 0.07136490195989609, 0.05418195575475693]"
crop,ooc,1078,929,975,0,0.3371994197368622,"[975, 449, 562, 727, 9]","[0.3371994197368622, 0.17425906658172607, 0.0994187742471695, 0.04270964115858078, 0.030310548841953278]"
crop,ooc,1079,87,87,1,0.5797321200370789,"[87, 796, 414, 785, 431]","[0.5797321200370789, 0.03337725251913071, 0.031010307371616364, 0.02529403381049633, 0.020609775558114052]"
crop,ooc,1080,268,112,0,0.42060160636901855,"[112, 145, 20, 997, 67]","[0.42060160636901855, 0.03924041986465454, 0.03436323627829552, 0.02044716477394104, 0.018747080117464066]"
crop,ooc,1081,882,738,0,0.1318148374557495,"[738, 703, 665, 338, 807]","[0.1318148374557495, 0.05721515044569969, 0.035417020320892334, 0.03323717042803764, 0.03186250850558281]"
crop,ooc,1082,320,311,0,0.30373284220695496,"[311, 354, 775, 693, 672]","[0.30373284220695496, 0.06325185298919678, 0.0623873770236969, 0.04507758095860481, 0.04269023984670639]"
crop,ooc,1083,621,882,0,0.2840309143066406,"[882, 621, 740, 758, 889]","[0.2840309143066406, 0.11989328265190125, 0.04081439971923828, 0.03642779588699341, 0.02545843832194805]"
crop,ooc,1084,202,255,0,0.20058193802833557,"[255, 372, 568, 170, 385]","[0.20058193802833557, 0.08182915300130844, 0.06364581733942032, 0.05658050999045372, 0.041630350053310394]"
crop,ooc,1085,430,975,0,0.20085063576698303,"[975, 701, 405, 980, 970]","[0.20085063576698303, 0.11256914585828781, 0.11128326505422592, 0.105418361723423, 0.0782630667090416]"
crop,ooc,1086,157,88,0,0.4885750114917755,"[88, 794, 169, 585, 905]","[0.4885750114917755, 0.08347762376070023, 0.029341544955968857, 0.020734012126922607, 0.019568314775824547]"
crop,ooc,1087,733,398,0,0.08924899995326996,"[398, 519, 694, 564, 765]","[0.08924899995326996, 0.07470393925905228, 0.0617985762655735, 0.05934995040297508, 0.05819147452712059]"
crop,ooc,1088,765,523,0,0.11056803911924362,"[523, 696, 765, 448, 587]","[0.11056803911924362, 0.09500197321176529, 0.04706685245037079, 0.03935824707150459, 0.03787796571850777]"
crop,ooc,1089,231,230,0,0.12973399460315704,"[230, 283, 332, 255, 257]","[0.12973399460315704, 0.12609976530075073, 0.06962436437606812, 0.06035125255584717, 0.05729241669178009]"
crop,ooc,1090,602,365,0,0.20079167187213898,"[365, 366, 381, 383, 377]","[0.20079167187213898, 0.055184703320264816, 0.039450276643037796, 0.03217548131942749, 0.029583152383565903]"
crop,ooc,1091,208,376,0,0.123459093272686,"[376, 11, 785, 596, 53]","[0.123459093272686, 0.12074174731969833, 0.05823680758476257, 0.054418522864580154, 0.051726941019296646]"
crop,ooc,1092,792,792,1,0.570712149143219,"[792, 428, 835, 99, 6]","[0.570712149143219, 0.04796576127409935, 0.031071055680513382, 0.024288006126880646, 0.02282947674393654]"
crop,ooc,1093,621,575,0,0.29712092876434326,"[575, 665, 661, 621, 764]","[0.29712092876434326, 0.09592576324939728, 0.08255016058683395, 0.07029975205659866, 0.039303407073020935]"
crop,ooc,1094,765,449,0,0.17781558632850647,"[449, 842, 757, 915, 563]","[0.17781558632850647, 0.0961790606379509, 0.07426374405622482, 0.06359612941741943, 0.05983055382966995]"
crop,ooc,1095,177,177,1,0.2345515787601471,"[177, 170, 385, 386, 342]","[0.2345515787601471, 0.19420787692070007, 0.13534963130950928, 0.04677219316363335, 0.030855387449264526]"
crop,ooc,1096,199,199,1,0.20668095350265503,"[199, 192, 256, 8, 160]","[0.20668095350265503, 0.13983507454395294, 0.09640087932348251, 0.09038250893354416, 0.0450250543653965]"
crop,ooc,1097,645,141,0,0.2039017230272293,"[141, 733, 140, 142, 18]","[0.2039017230272293, 0.07295823842287064, 0.06146271899342537, 0.039862874895334244, 0.037271130830049515]"
crop,ooc,1098,199,297,0,0.2606313228607178,"[297, 205, 224, 256, 295]","[0.2606313228607178, 0.19396905601024628, 0.1463940143585205, 0.10606735944747925, 0.05902304872870445]"
crop,ooc,1099,170,273,0,0.7628427147865295,"[273, 271, 274, 104, 394]","[0.7628427147865295, 0.03885004296898842, 0.025501767173409462, 0.024941712617874146, 0.017599955201148987]"
crop,ooc,1100,880,703,0,0.4167431890964508,"[703, 765, 480, 706, 571]","[0.4167431890964508, 0.04425384849309921, 0.04338027164340019, 0.03541431948542595, 0.0351235456764698]"
crop,ooc,1101,188,850,0,0.26724952459335327,"[850, 186, 188, 496, 927]","[0.26724952459335327, 0.11371761560440063, 0.0772881954908371, 0.049916621297597885, 0.029031649231910706]"
crop,ooc,1102,621,908,0,0.0925314798951149,"[908, 94, 75, 895, 896]","[0.0925314798951149, 0.08074088394641876, 0.06121465936303139, 0.04465267062187195, 0.029583919793367386]"
crop,ooc,1103,170,170,1,0.2036932110786438,"[170, 345, 385, 348, 177]","[0.2036932110786438, 0.11609930545091629, 0.07950736582279205, 0.06956315040588379, 0.054977476596832275]"
crop,ooc,1104,250,250,1,0.4297191798686981,"[250, 248, 151, 249, 246]","[0.4297191798686981, 0.08690318465232849, 0.07458097487688065, 0.06367827206850052, 0.04692579805850983]"
crop,ooc,1105,354,327,0,0.20876997709274292,"[327, 115, 329, 7, 347]","[0.20876997709274292, 0.10545063763856888, 0.06413929909467697, 0.06267837435007095, 0.05017508566379547]"
crop,ooc,1106,522,287,0,0.18362833559513092,"[287, 708, 282, 738, 330]","[0.18362833559513092, 0.11274003982543945, 0.07478875666856766, 0.05423460900783539, 0.04636479541659355]"
crop,ooc,1107,267,258,0,0.6359220743179321,"[258, 257, 568, 332, 229]","[0.6359220743179321, 0.08050549030303955, 0.07848533987998962, 0.049217887222766876, 0.02220905013382435]"
crop,ooc,1108,945,625,0,0.6196272969245911,"[625, 433, 693, 301, 865]","[0.6196272969245911, 0.20312660932540894, 0.04687254875898361, 0.010268006473779678, 0.009162511676549911]"
crop,ooc,1109,340,340,1,0.5841953158378601,"[340, 679, 97, 880, 870]","[0.5841953158378601, 0.12928305566310883, 0.04650883749127388, 0.030339650809764862, 0.018588557839393616]"
crop,ooc,1110,772,706,0,0.24359837174415588,"[706, 704, 723, 523, 829]","[0.24359837174415588, 0.12281318753957748, 0.0688844621181488, 0.0512576587498188, 0.0362146757543087]"
crop,ooc,1111,137,137,1,0.9054166078567505,"[137, 134, 20, 136, 100]","[0.9054166078567505, 0.02676430530846119, 0.017924360930919647, 0.01150292158126831, 0.006051187869161367]"
crop,ooc,1112,212,29,0,0.19781310856342316,"[29, 246, 558, 683, 805]","[0.19781310856342316, 0.07107769697904587, 0.03835262730717659, 0.030812734737992287, 0.02365565113723278]"
crop,ooc,1113,727,148,0,0.231260284781456,"[148, 150, 752, 727, 543]","[0.231260284781456, 0.1754198670387268, 0.08431503921747208, 0.04285851866006851, 0.02742503024637699]"
crop,ooc,1114,491,84,0,0.2600615918636322,"[84, 701, 621, 141, 133]","[0.2600615918636322, 0.08526858687400818, 0.03855202719569206, 0.030659900978207588, 0.025612177327275276]"
crop,ooc,1115,707,722,0,0.07821239531040192,"[722, 892, 811, 896, 526]","[0.07821239531040192, 0.06239490211009979, 0.038422465324401855, 0.03498401865363121, 0.03205746412277222]"
crop,ooc,1116,929,815,0,0.18483422696590424,"[815, 108, 973, 72, 580]","[0.18483422696590424, 0.09105311334133148, 0.0764903649687767, 0.04438331723213196, 0.03585704416036606]"
crop,ooc,1117,645,462,0,0.4948863089084625,"[462, 840, 677, 862, 733]","[0.4948863089084625, 0.046944279223680496, 0.019509267061948776, 0.01823286898434162, 0.01723199523985386]"
crop,ooc,1118,198,272,0,0.19664864242076874,"[272, 355, 269, 170, 177]","[0.19664864242076874, 0.1674053817987442, 0.06871213763952255, 0.06482329219579697, 0.05627542361617088]"
crop,ooc,1119,170,90,0,0.5698548555374146,"[90, 88, 255, 214, 364]","[0.5698548555374146, 0.3728267550468445, 0.0080894585698843, 0.004398698918521404, 0.0035315733402967453]"
crop,ooc,1120,645,547,0,0.40268898010253906,"[547, 757, 660, 874, 908]","[0.40268898010253906, 0.0935540422797203, 0.06012279912829399, 0.0362018346786499, 0.03463656082749367]"
crop,ooc,1121,181,181,1,0.41874897480010986,"[181, 296, 178, 267, 270]","[0.41874897480010986, 0.11204010248184204, 0.0491783544421196, 0.04295995086431503, 0.03301477059721947]"
crop,ooc,1122,267,181,0,0.8519675731658936,"[181, 649, 202, 169, 355]","[0.8519675731658936, 0.02072376199066639, 0.017170477658510208, 0.011216484010219574, 0.009342454373836517]"
crop,ooc,1123,340,292,0,0.28141307830810547,"[292, 340, 396, 282, 69]","[0.28141307830810547, 0.2323504239320755, 0.15027844905853271, 0.0818488597869873, 0.046880267560482025]"
crop,ooc,1124,735,708,0,0.1348034292459488,"[708, 616, 840, 40, 507]","[0.1348034292459488, 0.04490217566490173, 0.03289013355970383, 0.0320313423871994, 0.03057890757918358]"
crop,ooc,1125,361,128,0,0.09468315541744232,"[128, 164, 18, 214, 93]","[0.09468315541744232, 0.08556505292654037, 0.07976186275482178, 0.060424961149692535, 0.05653385445475578]"
crop,ooc,1126,200,187,0,0.22157792747020721,"[187, 200, 204, 193, 840]","[0.22157792747020721, 0.16360895335674286, 0.08213738352060318, 0.07444246113300323, 0.05345077067613602]"
crop,ooc,1127,912,912,1,0.2670596241950989,"[912, 634, 519, 448, 596]","[0.2670596241950989, 0.11057956516742706, 0.10457038134336472, 0.058888308703899384, 0.03976568579673767]"
crop,ooc,1128,160,94,0,0.14379926025867462,"[94, 221, 225, 183, 378]","[0.14379926025867462, 0.09267561882734299, 0.08151914924383163, 0.062433384358882904, 0.061199307441711426]"
crop,ooc,1129,188,348,0,0.20721079409122467,"[348, 188, 229, 974, 170]","[0.20721079409122467, 0.09649807214736938, 0.05505824461579323, 0.05351094529032707, 0.05163032189011574]"
crop,ooc,1130,872,872,1,0.25442638993263245,"[872, 671, 421, 517, 792]","[0.25442638993263245, 0.08724473416805267, 0.06488767266273499, 0.05614713579416275, 0.04795100539922714]"
crop,ooc,1131,338,296,0,0.4605075716972351,"[296, 333, 169, 216, 356]","[0.4605075716972351, 0.08942659944295883, 0.04503530636429787, 0.042933255434036255, 0.0406835675239563]"
crop,ooc,1132,191,181,0,0.37317776679992676,"[181, 191, 189, 161, 345]","[0.37317776679992676, 0.1244499608874321, 0.06021847948431969, 0.04655524715781212, 0.02665901556611061]"
crop,ooc,1133,226,255,0,0.3683002293109894,"[255, 226, 182, 202, 160]","[0.3683002293109894, 0.2487482726573944, 0.13722990453243256, 0.11715618520975113, 0.01771707832813263]"
crop,ooc,1134,953,441,0,0.6328542828559875,"[441, 737, 440, 971, 504]","[0.6328542828559875, 0.13482972979545593, 0.05479898676276207, 0.03917498514056206, 0.017690366134047508]"
crop,ooc,1135,544,448,0,0.16034889221191406,"[448, 704, 437, 460, 649]","[0.16034889221191406, 0.04252619296312332, 0.030700230970978737, 0.026703044772148132, 0.02517051249742508]"
crop,ooc,1136,757,757,1,0.3698224127292633,"[757, 660, 637, 471, 656]","[0.3698224127292633, 0.2225893884897232, 0.07866708189249039, 0.05846871808171272, 0.04765792191028595]"
