model,dataset,idx,label,pred,correct,conf_top1,top5_idx,top5_probs
blur-nosal,original,0,361,9,0,0.18821373581886292,"[9, 361, 93, 353, 362]","[0.18821373581886292, 0.11488839238882065, 0.05955558642745018, 0.04274948313832283, 0.04019080474972725]"
blur-nosal,original,1,383,204,0,0.2764907479286194,"[204, 161, 218, 287, 212]","[0.2764907479286194, 0.12671580910682678, 0.09330660104751587, 0.042900554835796356, 0.03189065307378769]"
blur-nosal,original,2,356,356,1,0.26295801997184753,"[356, 285, 279, 259, 359]","[0.26295801997184753, 0.060853924602270126, 0.0445982962846756, 0.04184028506278992, 0.037201981991529465]"
blur-nosal,original,3,18,18,1,0.6989889144897461,"[18, 19, 13, 16, 131]","[0.6989889144897461, 0.1384982317686081, 0.06187600642442703, 0.04455903172492981, 0.011312615126371384]"
blur-nosal,original,4,295,799,0,0.3419054448604584,"[799, 428, 707, 904, 295]","[0.3419054448604584, 0.08905351907014847, 0.05568002536892891, 0.04405635595321655, 0.0411381796002388]"
blur-nosal,original,5,112,448,0,0.7120141386985779,"[448, 381, 43, 377, 21]","[0.7120141386985779, 0.03995250537991524, 0.03185795620083809, 0.02804211527109146, 0.027486411854624748]"
blur-nosal,original,6,32,30,0,0.2345535010099411,"[30, 54, 61, 67, 953]","[0.2345535010099411, 0.12854726612567902, 0.061307549476623535, 0.05723322182893753, 0.05135836452245712]"
blur-nosal,original,7,677,311,0,0.7924109101295471,"[311, 312, 315, 70, 320]","[0.7924109101295471, 0.023555846884846687, 0.02074285037815571, 0.019902542233467102, 0.01900322176516056]"
blur-nosal,original,8,438,722,0,0.5112347602844238,"[722, 828, 896, 429, 804]","[0.5112347602844238, 0.12470485270023346, 0.05653062462806702, 0.04009237512946129, 0.027685390785336494]"
blur-nosal,original,9,409,409,1,0.2906838357448578,"[409, 455, 892, 497, 506]","[0.2906838357448578, 0.1454102098941803, 0.12073154002428055, 0.10471417754888535, 0.05648355931043625]"
blur-nosal,original,10,71,545,0,0.1366853564977646,"[545, 19, 604, 674, 475]","[0.1366853564977646, 0.07600092887878418, 0.04490422457456589, 0.038757845759391785, 0.03755801543593407]"
blur-nosal,original,11,850,850,1,0.9211875200271606,"[850, 87, 333, 684, 181]","[0.9211875200271606, 0.01740582473576069, 0.00853616651147604, 0.008406229317188263, 0.004880254622548819]"
blur-nosal,original,12,12,12,1,0.29158759117126465,"[12, 594, 696, 887, 266]","[0.29158759117126465, 0.0274568609893322, 0.02469867654144764, 0.022369271144270897, 0.021324194967746735]"
blur-nosal,original,13,899,806,0,0.22954295575618744,"[806, 741, 721, 750, 824]","[0.22954295575618744, 0.12985117733478546, 0.104604572057724, 0.09230485558509827, 0.043713804334402084]"
blur-nosal,original,14,338,338,1,0.9670032262802124,"[338, 179, 223, 208, 195]","[0.9670032262802124, 0.010056833736598492, 0.005816231481730938, 0.0013150922022759914, 0.001197305740788579]"
blur-nosal,original,15,17,17,1,0.6887770295143127,"[17, 840, 845, 830, 320]","[0.6887770295143127, 0.0661272257566452, 0.03862876445055008, 0.016555678099393845, 0.014714312739670277]"
blur-nosal,original,16,363,769,0,0.08427592366933823,"[769, 910, 692, 458, 987]","[0.08427592366933823, 0.058323051780462265, 0.04649176448583603, 0.03361630439758301, 0.03333784639835358]"
blur-nosal,original,17,909,502,0,0.3241322338581085,"[502, 478, 440, 730, 427]","[0.3241322338581085, 0.1041472777724266, 0.05188390985131264, 0.024515235796570778, 0.02228662185370922]"
blur-nosal,original,18,679,679,1,0.8639896512031555,"[679, 896, 968, 861, 666]","[0.8639896512031555, 0.014656731858849525, 0.009091091342270374, 0.009084183722734451, 0.007713175844401121]"
blur-nosal,original,19,618,918,0,0.17324157059192657,"[918, 647, 631, 443, 700]","[0.17324157059192657, 0.09640506654977798, 0.06735590845346451, 0.048462867736816406, 0.04738976061344147]"
blur-nosal,original,20,618,121,0,0.36861005425453186,"[121, 502, 927, 509, 934]","[0.36861005425453186, 0.12256625294685364, 0.04177291318774223, 0.031035861000418663, 0.025622431188821793]"
blur-nosal,original,21,574,828,0,0.23581062257289886,"[828, 852, 574, 545, 666]","[0.23581062257289886, 0.1121927872300148, 0.08297047019004822, 0.055506106466054916, 0.049646664410829544]"
blur-nosal,original,22,658,340,0,0.08934012800455093,"[340, 539, 562, 753, 987]","[0.08934012800455093, 0.0857451781630516, 0.07434900850057602, 0.06358212977647781, 0.059952620416879654]"
blur-nosal,original,23,461,471,0,0.10659974068403244,"[471, 514, 422, 608, 6]","[0.10659974068403244, 0.10461300611495972, 0.08420421928167343, 0.07339150458574295, 0.058748260140419006]"
blur-nosal,original,24,132,89,0,0.7760276794433594,"[89, 132, 873, 708, 562]","[0.7760276794433594, 0.034428779035806656, 0.026323577389121056, 0.023732885718345642, 0.021921277046203613]"
blur-nosal,original,25,122,978,0,0.4217659831047058,"[978, 537, 122, 62, 460]","[0.4217659831047058, 0.14699971675872803, 0.13397131860256195, 0.02101101167500019, 0.01735013537108898]"
blur-nosal,original,26,12,134,0,0.1565278023481369,"[134, 13, 15, 19, 447]","[0.1565278023481369, 0.12887197732925415, 0.1190875694155693, 0.05611041188240051, 0.05604644864797592]"
blur-nosal,original,27,679,512,0,0.1925608515739441,"[512, 517, 657, 683, 494]","[0.1925608515739441, 0.08770819008350372, 0.0611511692404747, 0.04177200794219971, 0.03896034508943558]"
blur-nosal,original,28,23,879,0,0.09719415754079819,"[879, 755, 21, 701, 88]","[0.09719415754079819, 0.088900126516819, 0.07007907330989838, 0.061817847192287445, 0.050678499042987823]"
blur-nosal,original,29,937,909,0,0.4966934025287628,"[909, 567, 544, 766, 237]","[0.4966934025287628, 0.17701604962348938, 0.17562493681907654, 0.0569155253469944, 0.02115524560213089]"
blur-nosal,original,30,679,679,1,0.2778393626213074,"[679, 673, 650, 666, 633]","[0.2778393626213074, 0.17771732807159424, 0.15086545050144196, 0.060451213270425797, 0.029637044295668602]"
blur-nosal,original,31,335,335,1,0.47622430324554443,"[335, 282, 850, 259, 937]","[0.47622430324554443, 0.11096420884132385, 0.09067291021347046, 0.032720133662223816, 0.027997875586152077]"
blur-nosal,original,32,76,892,0,0.1290780007839203,"[892, 895, 677, 79, 657]","[0.1290780007839203, 0.09445277601480484, 0.05603444576263428, 0.04561084881424904, 0.03553086146712303]"
blur-nosal,original,33,851,899,0,0.2611713409423828,"[899, 527, 849, 851, 664]","[0.2611713409423828, 0.08268528431653976, 0.07110515236854553, 0.05051134526729584, 0.04712676256895065]"
blur-nosal,original,34,770,611,0,0.9479076266288757,"[611, 794, 922, 750, 411]","[0.9479076266288757, 0.02704644203186035, 0.0072258468717336655, 0.006723062135279179, 0.005559736862778664]"
blur-nosal,original,35,122,994,0,0.2426573485136032,"[994, 993, 10, 122, 121]","[0.2426573485136032, 0.19142358005046844, 0.1347265988588333, 0.061617545783519745, 0.04172099381685257]"
blur-nosal,original,36,712,828,0,0.6529211401939392,"[828, 712, 427, 931, 618]","[0.6529211401939392, 0.09052164852619171, 0.07950156927108765, 0.020852627232670784, 0.014992981217801571]"
blur-nosal,original,37,852,47,0,0.575416624546051,"[47, 997, 957, 541, 429]","[0.575416624546051, 0.07598104327917099, 0.03477010130882263, 0.03405940160155296, 0.0248988289386034]"
blur-nosal,original,38,12,94,0,0.2543441951274872,"[94, 445, 639, 638, 899]","[0.2543441951274872, 0.11588525027036667, 0.05733826383948326, 0.0307704396545887, 0.02499212883412838]"
blur-nosal,original,39,849,609,0,0.16733597218990326,"[609, 535, 577, 538, 661]","[0.16733597218990326, 0.08188237994909286, 0.07818734645843506, 0.07383536547422409, 0.07214513421058655]"
blur-nosal,original,40,606,709,0,0.43486884236335754,"[709, 453, 498, 477, 726]","[0.43486884236335754, 0.16723066568374634, 0.12588165700435638, 0.039149098098278046, 0.03812815248966217]"
blur-nosal,original,41,87,87,1,0.5713431239128113,"[87, 713, 150, 338, 51]","[0.5713431239128113, 0.11132890731096268, 0.09344378858804703, 0.02312159352004528, 0.014841023832559586]"
blur-nosal,original,42,491,561,0,0.4533861577510834,"[561, 803, 491, 779, 468]","[0.4533861577510834, 0.15428924560546875, 0.14101926982402802, 0.04268380627036095, 0.0169526394456625]"
blur-nosal,original,43,964,931,0,0.8910347819328308,"[931, 964, 5, 809, 963]","[0.8910347819328308, 0.05061645060777664, 0.009084849618375301, 0.005896703340113163, 0.0053108022548258305]"
blur-nosal,original,44,635,754,0,0.2764067053794861,"[754, 759, 732, 426, 848]","[0.2764067053794861, 0.1483495533466339, 0.09254483878612518, 0.08080499619245529, 0.06657178699970245]"
blur-nosal,original,45,335,335,1,0.5411145091056824,"[335, 371, 380, 182, 377]","[0.5411145091056824, 0.08928232640028, 0.0392121858894825, 0.03770574927330017, 0.031614817678928375]"
blur-nosal,original,46,825,48,0,0.24421726167201996,"[48, 39, 649, 410, 825]","[0.24421726167201996, 0.17301039397716522, 0.07650496065616608, 0.05962037667632103, 0.049915313720703125]"
blur-nosal,original,47,863,863,1,0.9996291399002075,"[863, 448, 151, 805, 880]","[0.9996291399002075, 6.186095561133698e-05, 2.383260834903922e-05, 2.1276957340887748e-05, 2.0517833036137745e-05]"
blur-nosal,original,48,839,839,1,0.23755164444446564,"[839, 815, 888, 369, 946]","[0.23755164444446564, 0.1617894172668457, 0.07708209753036499, 0.07260021567344666, 0.053909674286842346]"
blur-nosal,original,49,257,176,0,0.34938156604766846,"[176, 355, 346, 173, 339]","[0.34938156604766846, 0.12482534348964691, 0.032285358756780624, 0.02687179669737816, 0.025612113997340202]"
blur-nosal,original,50,185,343,0,0.17977041006088257,"[343, 425, 646, 212, 353]","[0.17977041006088257, 0.10223481059074402, 0.09403306245803833, 0.08992117643356323, 0.06251270323991776]"
blur-nosal,original,51,489,489,1,0.2817625403404236,"[489, 703, 912, 580, 975]","[0.2817625403404236, 0.2418174147605896, 0.14983688294887543, 0.09356257319450378, 0.05449837073683739]"
blur-nosal,original,52,609,609,1,0.46404191851615906,"[609, 428, 436, 864, 671]","[0.46404191851615906, 0.16229301691055298, 0.14887264370918274, 0.03075936622917652, 0.025708327069878578]"
blur-nosal,original,53,847,48,0,0.12366486340761185,"[48, 979, 291, 49, 287]","[0.12366486340761185, 0.06183210760354996, 0.060875169932842255, 0.04438674449920654, 0.04267153888940811]"
blur-nosal,original,54,544,410,0,0.3099757730960846,"[410, 491, 642, 768, 444]","[0.3099757730960846, 0.049198757857084274, 0.046300578862428665, 0.040083836764097214, 0.03189341351389885]"
blur-nosal,original,55,179,101,0,0.2065139263868332,"[101, 385, 366, 295, 297]","[0.2065139263868332, 0.14263880252838135, 0.08158570528030396, 0.06485439836978912, 0.05189845710992813]"
blur-nosal,original,56,174,330,0,0.07192948460578918,"[330, 275, 293, 274, 278]","[0.07192948460578918, 0.05228835716843605, 0.05001533031463623, 0.04929456114768982, 0.04150468111038208]"
blur-nosal,original,57,349,349,1,0.209696963429451,"[349, 348, 385, 345, 294]","[0.209696963429451, 0.1811024248600006, 0.05936242267489433, 0.050160329788923264, 0.04985244199633598]"
blur-nosal,original,58,277,277,1,0.5828776359558105,"[277, 278, 352, 291, 272]","[0.5828776359558105, 0.21260890364646912, 0.05535966902971268, 0.038816746324300766, 0.0307774618268013]"
blur-nosal,original,59,518,730,0,0.22082555294036865,"[730, 645, 345, 621, 665]","[0.22082555294036865, 0.1756032109260559, 0.04143400117754936, 0.03716051205992699, 0.03266683593392372]"
blur-nosal,original,60,958,425,0,0.4895804226398468,"[425, 958, 888, 880, 912]","[0.4895804226398468, 0.0865829586982727, 0.0304684080183506, 0.027622845023870468, 0.026081399992108345]"
blur-nosal,original,61,385,385,1,0.5350707173347473,"[385, 386, 101, 343, 354]","[0.5350707173347473, 0.3399592339992523, 0.0758768692612648, 0.010661710985004902, 0.004754063673317432]"
blur-nosal,original,62,830,51,0,0.11000668257474899,"[51, 690, 471, 239, 621]","[0.11000668257474899, 0.10964648425579071, 0.052926596254110336, 0.027240006253123283, 0.02454926259815693]"
blur-nosal,original,63,132,132,1,0.9076434969902039,"[132, 134, 129, 89, 127]","[0.9076434969902039, 0.046316903084516525, 0.02411341853439808, 0.006862126290798187, 0.002972319722175598]"
blur-nosal,original,64,354,386,0,0.3278992176055908,"[386, 385, 888, 255, 425]","[0.3278992176055908, 0.19643308222293854, 0.1152070090174675, 0.0803530141711235, 0.03872625157237053]"
blur-nosal,original,65,879,510,0,0.640511155128479,"[510, 832, 580, 554, 694]","[0.640511155128479, 0.04805932193994522, 0.031020257622003555, 0.027312099933624268, 0.026303136721253395]"
blur-nosal,original,66,807,912,0,0.2287583202123642,"[912, 807, 703, 559, 765]","[0.2287583202123642, 0.1330803781747818, 0.12936820089817047, 0.12294924259185791, 0.07207466661930084]"
blur-nosal,original,67,863,682,0,0.12971220910549164,"[682, 660, 958, 649, 853]","[0.12971220910549164, 0.10660366714000702, 0.09932905435562134, 0.09253349900245667, 0.07349058240652084]"
blur-nosal,original,68,821,839,0,0.5576767325401306,"[839, 821, 888, 979, 525]","[0.5576767325401306, 0.2927786707878113, 0.07169631868600845, 0.030673302710056305, 0.015898356214165688]"
blur-nosal,original,69,656,609,0,0.12067554891109467,"[609, 820, 864, 649, 483]","[0.12067554891109467, 0.11579108983278275, 0.06870293617248535, 0.05066818371415138, 0.04708034545183182]"
blur-nosal,original,70,614,226,0,0.08432164788246155,"[226, 51, 703, 246, 189]","[0.08432164788246155, 0.06979046761989594, 0.060785889625549316, 0.05931863561272621, 0.03711137920618057]"
blur-nosal,original,71,294,294,1,0.3480287492275238,"[294, 295, 336, 286, 372]","[0.3480287492275238, 0.052617743611335754, 0.04575853422284126, 0.03956545144319534, 0.03443484008312225]"
blur-nosal,original,72,870,652,0,0.3414747714996338,"[652, 825, 491, 671, 428]","[0.3414747714996338, 0.15274304151535034, 0.09421135485172272, 0.028636274859309196, 0.018317516893148422]"
blur-nosal,original,73,346,346,1,0.6366350054740906,"[346, 291, 345, 343, 349]","[0.6366350054740906, 0.0686771497130394, 0.06150564178824425, 0.05526464059948921, 0.029707713052630424]"
blur-nosal,original,74,194,269,0,0.4669402539730072,"[269, 170, 272, 177, 280]","[0.4669402539730072, 0.17402383685112, 0.10333320498466492, 0.02436979115009308, 0.01642814837396145]"
blur-nosal,original,75,287,287,1,0.9690106511116028,"[287, 293, 288, 289, 274]","[0.9690106511116028, 0.00524730933830142, 0.004569435492157936, 0.0036235915031284094, 0.0018074597464874387]"
blur-nosal,original,76,295,295,1,0.242988720536232,"[295, 297, 366, 367, 101]","[0.242988720536232, 0.2416290044784546, 0.06341206282377243, 0.057760030031204224, 0.02467496693134308]"
blur-nosal,original,77,92,141,0,0.37642329931259155,"[141, 91, 319, 40, 135]","[0.37642329931259155, 0.19095423817634583, 0.09440416097640991, 0.07175125926733017, 0.051485687494277954]"
blur-nosal,original,78,17,72,0,0.16012805700302124,"[72, 74, 319, 77, 124]","[0.16012805700302124, 0.13239707052707672, 0.12566690146923065, 0.08068978786468506, 0.06892836838960648]"
blur-nosal,original,79,105,17,0,0.4726359248161316,"[17, 105, 84, 89, 51]","[0.4726359248161316, 0.19116881489753723, 0.03264087811112404, 0.024961519986391068, 0.019734947010874748]"
blur-nosal,original,80,356,342,0,0.35666871070861816,"[342, 387, 343, 297, 274]","[0.35666871070861816, 0.2385566234588623, 0.06813220679759979, 0.0355585478246212, 0.03289794921875]"
blur-nosal,original,81,14,378,0,0.1493397355079651,"[378, 381, 364, 377, 95]","[0.1493397355079651, 0.1253630816936493, 0.10630349069833755, 0.08782102167606354, 0.06021896377205849]"
blur-nosal,original,82,378,378,1,0.652096688747406,"[378, 387, 379, 381, 376]","[0.652096688747406, 0.17139409482479095, 0.02701716125011444, 0.023026682436466217, 0.014427756890654564]"
blur-nosal,original,83,59,95,0,0.3657970726490021,"[95, 313, 376, 378, 380]","[0.3657970726490021, 0.25236472487449646, 0.024085182696580887, 0.017848221585154533, 0.016710756346583366]"
blur-nosal,original,84,95,95,1,0.9867337942123413,"[95, 303, 47, 46, 77]","[0.9867337942123413, 0.0014392223674803972, 0.0012289267033338547, 0.0007376947323791683, 0.0006723226979374886]"
blur-nosal,original,85,95,319,0,0.43690189719200134,"[319, 77, 307, 95, 308]","[0.43690189719200134, 0.12268141657114029, 0.07950294017791748, 0.06906583905220032, 0.03870261833071709]"
blur-nosal,original,86,379,379,1,0.9003106951713562,"[379, 381, 378, 369, 375]","[0.9003106951713562, 0.03027617558836937, 0.02619999833405018, 0.015848197042942047, 0.008842605166137218]"
blur-nosal,original,87,382,382,1,0.9027049541473389,"[382, 380, 105, 383, 330]","[0.9027049541473389, 0.04709504544734955, 0.017859892919659615, 0.009905087761580944, 0.005178847350180149]"
blur-nosal,original,88,10,10,1,0.5637210011482239,"[10, 11, 94, 12, 14]","[0.5637210011482239, 0.24493031203746796, 0.052409470081329346, 0.03567984327673912, 0.012743022292852402]"
blur-nosal,original,89,383,383,1,0.9868600964546204,"[383, 105, 384, 374, 286]","[0.9868600964546204, 0.007565890438854694, 0.0005467134760692716, 0.0004420906479936093, 0.0003639195638243109]"
blur-nosal,original,90,378,381,0,0.2580508887767792,"[381, 378, 379, 955, 382]","[0.2580508887767792, 0.2267826497554779, 0.09701664000749588, 0.08814656734466553, 0.07535161823034286]"
blur-nosal,original,91,376,376,1,0.4940936863422394,"[376, 368, 373, 372, 374]","[0.4940936863422394, 0.11349575966596603, 0.10102871060371399, 0.08967094868421555, 0.037967365235090256]"
blur-nosal,original,92,21,24,0,0.13961076736450195,"[24, 379, 381, 334, 15]","[0.13961076736450195, 0.13383640348911285, 0.11890233308076859, 0.07827228307723999, 0.06541896611452103]"
blur-nosal,original,93,275,295,0,0.25447991490364075,"[295, 381, 294, 191, 275]","[0.25447991490364075, 0.23511965572834015, 0.08472634106874466, 0.0796651765704155, 0.05968598276376724]"
blur-nosal,original,94,85,135,0,0.2784859836101532,"[135, 376, 131, 46, 308]","[0.2784859836101532, 0.10340060293674469, 0.09644578397274017, 0.05384571850299835, 0.041406117379665375]"
blur-nosal,original,95,383,371,0,0.23610982298851013,"[371, 383, 368, 270, 269]","[0.23610982298851013, 0.1474549025297165, 0.1339103728532791, 0.07170085608959198, 0.04197181388735771]"
blur-nosal,original,96,18,18,1,0.8503047823905945,"[18, 128, 91, 93, 134]","[0.8503047823905945, 0.09317771345376968, 0.018876317888498306, 0.01017437968403101, 0.008875741623342037]"
blur-nosal,original,97,326,140,0,0.26954221725463867,"[140, 82, 326, 110, 30]","[0.26954221725463867, 0.13140562176704407, 0.12396050989627838, 0.09057985991239548, 0.05443752557039261]"
blur-nosal,original,98,379,379,1,0.5698423385620117,"[379, 91, 387, 378, 90]","[0.5698423385620117, 0.26748859882354736, 0.05629057064652443, 0.021147912368178368, 0.015545416623353958]"
blur-nosal,original,99,378,381,0,0.20159681141376495,"[381, 378, 373, 365, 367]","[0.20159681141376495, 0.1333172768354416, 0.09670045971870422, 0.049344707280397415, 0.045979633927345276]"
blur-nosal,original,100,378,334,0,0.42663341760635376,"[334, 364, 328, 317, 133]","[0.42663341760635376, 0.09918904304504395, 0.04991668462753296, 0.03693012893199921, 0.035238973796367645]"
blur-nosal,original,101,379,364,0,0.20510384440422058,"[364, 379, 381, 380, 375]","[0.20510384440422058, 0.13851378858089447, 0.06318272650241852, 0.05323610082268715, 0.0391169935464859]"
blur-nosal,original,102,12,12,1,0.8272846341133118,"[12, 15, 21, 10, 16]","[0.8272846341133118, 0.03017326444387436, 0.028467580676078796, 0.02844025380909443, 0.02480238862335682]"
blur-nosal,original,103,18,19,0,0.3789580464363098,"[19, 17, 13, 20, 263]","[0.3789580464363098, 0.1627008318901062, 0.07487747073173523, 0.037440717220306396, 0.035214852541685104]"
blur-nosal,original,104,428,50,0,0.15009452402591705,"[50, 45, 84, 123, 82]","[0.15009452402591705, 0.1299174278974533, 0.07573573291301727, 0.0665542334318161, 0.039724577218294144]"
blur-nosal,original,105,376,376,1,0.7846503853797913,"[376, 374, 371, 382, 88]","[0.7846503853797913, 0.027388790622353554, 0.016814565286040306, 0.015267202630639076, 0.009757358580827713]"
blur-nosal,original,106,379,366,0,0.3089514970779419,"[366, 350, 136, 295, 91]","[0.3089514970779419, 0.06515870988368988, 0.06510206311941147, 0.04703659191727638, 0.03234979882836342]"
blur-nosal,original,107,19,46,0,0.3745483458042145,"[46, 88, 380, 378, 375]","[0.3745483458042145, 0.06152763590216637, 0.04582748934626579, 0.041187528520822525, 0.03750843554735184]"
blur-nosal,original,108,18,917,0,0.14169397950172424,"[917, 18, 17, 136, 14]","[0.14169397950172424, 0.12580044567584991, 0.10952770709991455, 0.08904582262039185, 0.08256199955940247]"
blur-nosal,original,109,95,95,1,0.9814824461936951,"[95, 47, 94, 92, 90]","[0.9814824461936951, 0.008404291234910488, 0.0016750673530623317, 0.0013491027057170868, 0.0007805126952007413]"
blur-nosal,original,110,95,91,0,0.18821565806865692,"[91, 375, 96, 365, 93]","[0.18821565806865692, 0.11435393989086151, 0.09085601568222046, 0.07105498760938644, 0.05506870523095131]"
blur-nosal,original,111,17,16,0,0.723164439201355,"[16, 17, 370, 19, 92]","[0.723164439201355, 0.08286935091018677, 0.03343923017382622, 0.019646627828478813, 0.01701008528470993]"
blur-nosal,original,112,232,232,1,0.19191370904445648,"[232, 219, 231, 368, 348]","[0.19191370904445648, 0.13226956129074097, 0.11046688258647919, 0.0663614422082901, 0.05403276905417442]"
blur-nosal,original,113,382,382,1,0.3154146671295166,"[382, 380, 378, 335, 377]","[0.3154146671295166, 0.30514559149742126, 0.07341122627258301, 0.03833404555916786, 0.03822040930390358]"
blur-nosal,original,114,622,989,0,0.27035924792289734,"[989, 643, 988, 393, 889]","[0.27035924792289734, 0.17449097335338593, 0.12145136296749115, 0.07948918640613556, 0.036358315497636795]"
blur-nosal,original,115,372,372,1,0.21489223837852478,"[372, 373, 298, 342, 277]","[0.21489223837852478, 0.17751966416835785, 0.09623351693153381, 0.047044266015291214, 0.027425579726696014]"
blur-nosal,original,116,313,313,1,0.4223620295524597,"[313, 315, 845, 311, 27]","[0.4223620295524597, 0.06152129918336868, 0.0315050333738327, 0.029553832486271858, 0.026773106306791306]"
blur-nosal,original,117,18,42,0,0.20854172110557556,"[42, 293, 18, 17, 350]","[0.20854172110557556, 0.14681799709796906, 0.1340455561876297, 0.08471063524484634, 0.031548719853162766]"
blur-nosal,original,118,919,919,1,0.906782329082489,"[919, 555, 494, 448, 716]","[0.906782329082489, 0.015823056921362877, 0.015679750591516495, 0.010926215909421444, 0.005988677032291889]"
blur-nosal,original,119,92,14,0,0.526309609413147,"[14, 92, 22, 21, 12]","[0.526309609413147, 0.1327618658542633, 0.05133188143372536, 0.047509465366601944, 0.03462854400277138]"
blur-nosal,original,120,75,24,0,0.16297458112239838,"[24, 91, 80, 385, 367]","[0.16297458112239838, 0.14982697367668152, 0.07929864525794983, 0.042305316776037216, 0.0362502820789814]"
blur-nosal,original,121,379,379,1,0.4402586817741394,"[379, 364, 96, 378, 93]","[0.4402586817741394, 0.1418597549200058, 0.0962834283709526, 0.07000841945409775, 0.059136565774679184]"
blur-nosal,original,122,272,330,0,0.35480183362960815,"[330, 287, 331, 278, 272]","[0.35480183362960815, 0.1766253113746643, 0.1443549394607544, 0.08122753351926804, 0.05065503343939781]"
blur-nosal,original,123,86,309,0,0.4759434461593628,"[309, 349, 348, 397, 727]","[0.4759434461593628, 0.12336553633213043, 0.03315101936459541, 0.02424667961895466, 0.023317137733101845]"
blur-nosal,original,124,275,191,0,0.17131875455379486,"[191, 275, 101, 346, 213]","[0.17131875455379486, 0.13457535207271576, 0.042437296360731125, 0.03458999842405319, 0.03361128643155098]"
blur-nosal,original,125,387,387,1,0.516323983669281,"[387, 381, 128, 368, 391]","[0.516323983669281, 0.07393442839384079, 0.06687405705451965, 0.05510728806257248, 0.04780968651175499]"
blur-nosal,original,126,12,989,0,0.4032701551914215,"[989, 988, 124, 15, 325]","[0.4032701551914215, 0.08004346489906311, 0.07891087979078293, 0.04434201493859291, 0.035493914037942886]"
blur-nosal,original,127,17,15,0,0.3097960650920868,"[15, 13, 19, 136, 309]","[0.3097960650920868, 0.30505621433258057, 0.045579154044389725, 0.0406099371612072, 0.03661720082163811]"
blur-nosal,original,128,899,725,0,0.18075117468833923,"[725, 711, 849, 899, 562]","[0.18075117468833923, 0.09794963151216507, 0.0834902673959732, 0.0802370011806488, 0.031258657574653625]"
blur-nosal,original,129,365,365,1,0.915838360786438,"[365, 376, 380, 381, 105]","[0.915838360786438, 0.022977693006396294, 0.01088833436369896, 0.008082669228315353, 0.006627762224525213]"
blur-nosal,original,130,335,378,0,0.08536449819803238,"[378, 327, 329, 47, 379]","[0.08536449819803238, 0.07948818057775497, 0.069893017411232, 0.051685113459825516, 0.04475965350866318]"
blur-nosal,original,131,23,337,0,0.11192487180233002,"[337, 48, 979, 336, 81]","[0.11192487180233002, 0.10623414814472198, 0.08285589516162872, 0.07129067927598953, 0.05870747193694115]"
blur-nosal,original,132,379,93,0,0.366284042596817,"[93, 18, 195, 134, 137]","[0.366284042596817, 0.07612644135951996, 0.07204606384038925, 0.037047889083623886, 0.03538952395319939]"
blur-nosal,original,133,988,46,0,0.24910792708396912,"[46, 131, 327, 85, 300]","[0.24910792708396912, 0.09555473923683167, 0.04764425382018089, 0.04326691851019859, 0.04037388414144516]"
blur-nosal,original,134,988,16,0,0.34133395552635193,"[16, 986, 944, 315, 55]","[0.34133395552635193, 0.22160139679908752, 0.0678500235080719, 0.06387459486722946, 0.06220998242497444]"
blur-nosal,original,135,17,11,0,0.3160548508167267,"[11, 14, 95, 17, 13]","[0.3160548508167267, 0.15322834253311157, 0.08818534761667252, 0.08631901443004608, 0.08239038288593292]"
blur-nosal,original,136,18,96,0,0.09598100930452347,"[96, 19, 105, 364, 13]","[0.09598100930452347, 0.06390653550624847, 0.059570107609033585, 0.05469511076807976, 0.049140024930238724]"
blur-nosal,original,137,39,93,0,0.25753751397132874,"[93, 381, 378, 90, 105]","[0.25753751397132874, 0.14619971811771393, 0.06627059727907181, 0.049370862543582916, 0.03890782967209816]"
blur-nosal,original,138,335,994,0,0.08803514391183853,"[994, 993, 944, 10, 15]","[0.08803514391183853, 0.08595374971628189, 0.05961018055677414, 0.05157775431871414, 0.02425551228225231]"
blur-nosal,original,139,376,376,1,0.7975246906280518,"[376, 955, 863, 178, 173]","[0.7975246906280518, 0.050320815294981, 0.03170563280582428, 0.0056187971495091915, 0.005481228232383728]"
blur-nosal,original,140,18,137,0,0.2812238335609436,"[137, 85, 97, 56, 80]","[0.2812238335609436, 0.14802418649196625, 0.09652218967676163, 0.06157740205526352, 0.0434461310505867]"
blur-nosal,original,141,134,129,0,0.26985809206962585,"[129, 89, 51, 132, 127]","[0.26985809206962585, 0.25894173979759216, 0.07859513908624649, 0.060255471616983414, 0.05672798678278923]"
blur-nosal,original,142,294,294,1,0.5583791136741638,"[294, 336, 350, 972, 979]","[0.5583791136741638, 0.20765294134616852, 0.02459184266626835, 0.023596733808517456, 0.016992943361401558]"
blur-nosal,original,143,472,472,1,0.749099612236023,"[472, 814, 693, 344, 408]","[0.749099612236023, 0.07496330887079239, 0.037090498954057693, 0.02819388173520565, 0.019113756716251373]"
blur-nosal,original,144,354,354,1,0.8869501948356628,"[354, 269, 273, 137, 133]","[0.8869501948356628, 0.03316682577133179, 0.006112486124038696, 0.005740271881222725, 0.005269770044833422]"
blur-nosal,original,145,134,141,0,0.21835412085056305,"[141, 50, 140, 142, 131]","[0.21835412085056305, 0.16885992884635925, 0.13441289961338043, 0.06974925100803375, 0.03250574693083763]"
blur-nosal,original,146,821,460,0,0.5057511329650879,"[460, 975, 821, 888, 839]","[0.5057511329650879, 0.13075126707553864, 0.05400129780173302, 0.04150068759918213, 0.025720415636897087]"
blur-nosal,original,147,391,389,0,0.6948666572570801,"[389, 391, 395, 394, 61]","[0.6948666572570801, 0.14087054133415222, 0.039004530757665634, 0.019078196957707405, 0.017828240990638733]"
blur-nosal,original,148,391,391,1,0.7126060128211975,"[391, 394, 395, 389, 775]","[0.7126060128211975, 0.0570654571056366, 0.050662070512771606, 0.03682747110724449, 0.02508002333343029]"
blur-nosal,original,149,821,755,0,0.19495715200901031,"[755, 821, 484, 791, 871]","[0.19495715200901031, 0.1463465690612793, 0.14127370715141296, 0.07650288194417953, 0.039976466447114944]"
blur-nosal,original,150,576,576,1,0.9608754515647888,"[576, 544, 611, 775, 614]","[0.9608754515647888, 0.007973742671310902, 0.006362000945955515, 0.0013268750626593828, 0.0012688206043094397]"
blur-nosal,original,151,140,140,1,0.5025350451469421,"[140, 98, 97, 141, 142]","[0.5025350451469421, 0.09105388820171356, 0.07963766157627106, 0.061773881316185, 0.06008563190698624]"
blur-nosal,original,152,852,360,0,0.8237802386283875,"[360, 344, 98, 99, 139]","[0.8237802386283875, 0.04100926220417023, 0.0210522823035717, 0.02082478255033493, 0.009835870005190372]"
blur-nosal,original,153,576,693,0,0.31182223558425903,"[693, 472, 871, 839, 703]","[0.31182223558425903, 0.10721394419670105, 0.09505616128444672, 0.05166324973106384, 0.0456479974091053]"
blur-nosal,original,154,472,671,0,0.3875439763069153,"[671, 472, 880, 693, 444]","[0.3875439763069153, 0.09647634625434875, 0.0564739890396595, 0.03738332912325859, 0.03175881505012512]"
blur-nosal,original,155,258,270,0,0.6751679182052612,"[270, 258, 207, 296, 279]","[0.6751679182052612, 0.10881859809160233, 0.044637639075517654, 0.039513204246759415, 0.026241639629006386]"
blur-nosal,original,156,143,141,0,0.6460204720497131,"[141, 142, 20, 131, 143]","[0.6460204720497131, 0.09011317789554596, 0.08458717167377472, 0.04602162539958954, 0.044372543692588806]"
blur-nosal,original,157,198,238,0,0.30261099338531494,"[238, 241, 240, 389, 249]","[0.30261099338531494, 0.18684813380241394, 0.14971162378787994, 0.03739718347787857, 0.02103150263428688]"
blur-nosal,original,158,236,184,0,0.05773013457655907,"[184, 672, 253, 336, 386]","[0.05773013457655907, 0.044271886348724365, 0.04348510131239891, 0.04334581643342972, 0.035046838223934174]"
blur-nosal,original,159,576,576,1,0.9975674152374268,"[576, 536, 562, 449, 833]","[0.9975674152374268, 0.0007598930387757719, 0.0005183834582567215, 0.00026586753665469587, 9.488509385846555e-05]"
blur-nosal,original,160,483,483,1,0.9802221655845642,"[483, 437, 663, 888, 972]","[0.9802221655845642, 0.014909046702086926, 0.0009024783503264189, 0.0007611975306645036, 0.0007404726929962635]"
blur-nosal,original,161,727,727,1,0.7703568339347839,"[727, 668, 755, 958, 386]","[0.7703568339347839, 0.033888716250658035, 0.03339649364352226, 0.02139114774763584, 0.01978178508579731]"
blur-nosal,original,162,238,344,0,0.29546281695365906,"[344, 294, 360, 346, 217]","[0.29546281695365906, 0.2714749872684479, 0.1189805418252945, 0.029425911605358124, 0.026744678616523743]"
blur-nosal,original,163,385,344,0,0.35863181948661804,"[344, 294, 385, 360, 342]","[0.35863181948661804, 0.14574980735778809, 0.09517517685890198, 0.0934230238199234, 0.038478970527648926]"
blur-nosal,original,164,472,472,1,0.2688680589199066,"[472, 611, 978, 693, 868]","[0.2688680589199066, 0.14666754007339478, 0.09755992889404297, 0.08453848212957382, 0.07827044278383255]"
blur-nosal,original,165,140,141,0,0.49495697021484375,"[141, 142, 140, 144, 131]","[0.49495697021484375, 0.4149066209793091, 0.014099500142037868, 0.010706181637942791, 0.010526294820010662]"
blur-nosal,original,166,352,315,0,0.0838998407125473,"[315, 141, 310, 311, 352]","[0.0838998407125473, 0.08333350718021393, 0.06667748838663101, 0.05186987668275833, 0.04129074513912201]"
blur-nosal,original,167,292,294,0,0.13531243801116943,"[294, 342, 76, 979, 274]","[0.13531243801116943, 0.06182943657040596, 0.057544976472854614, 0.04176086559891701, 0.03824330121278763]"
blur-nosal,original,168,806,184,0,0.18010663986206055,"[184, 191, 189, 186, 226]","[0.18010663986206055, 0.10787682980298996, 0.08507075905799866, 0.057977043092250824, 0.04989422857761383]"
blur-nosal,original,169,449,853,0,0.6154298186302185,"[853, 425, 449, 483, 562]","[0.6154298186302185, 0.17465351521968842, 0.1002747118473053, 0.024389540776610374, 0.00832099374383688]"
blur-nosal,original,170,164,500,0,0.13652926683425903,"[500, 387, 39, 286, 825]","[0.13652926683425903, 0.06966912001371384, 0.05464442819356918, 0.05079290270805359, 0.029503023251891136]"
blur-nosal,original,171,909,34,0,0.11152514070272446,"[34, 391, 39, 0, 112]","[0.11152514070272446, 0.08709308505058289, 0.061972472816705704, 0.05306107550859451, 0.04238860309123993]"
blur-nosal,original,172,576,576,1,0.9918100237846375,"[576, 536, 780, 814, 724]","[0.9918100237846375, 0.00335353659465909, 0.0011421830859035254, 0.0007589889573864639, 0.0006759018870070577]"
blur-nosal,original,173,727,727,1,0.6553633809089661,"[727, 975, 668, 417, 389]","[0.6553633809089661, 0.12449871748685837, 0.04880962520837784, 0.03731188178062439, 0.03299671411514282]"
blur-nosal,original,174,223,386,0,0.5108444690704346,"[386, 603, 913, 345, 101]","[0.5108444690704346, 0.06019049510359764, 0.05220123380422592, 0.037540268152952194, 0.034297700971364975]"
blur-nosal,original,175,132,132,1,0.5291852951049805,"[132, 134, 649, 129, 144]","[0.5291852951049805, 0.28589746356010437, 0.018170520663261414, 0.01593068055808544, 0.01570679433643818]"
blur-nosal,original,176,576,576,1,0.7743749022483826,"[576, 698, 498, 562, 716]","[0.7743749022483826, 0.10760346800088882, 0.03297022730112076, 0.01864408329129219, 0.015330547466874123]"
blur-nosal,original,177,391,391,1,0.9224827289581299,"[391, 394, 389, 568, 395]","[0.9224827289581299, 0.029963213950395584, 0.008313639089465141, 0.007361768279224634, 0.0036956307012587786]"
blur-nosal,original,178,708,975,0,0.20103265345096588,"[975, 775, 395, 880, 758]","[0.20103265345096588, 0.09531249850988388, 0.06985311955213547, 0.04428914934396744, 0.04304437339305878]"
blur-nosal,original,179,132,99,0,0.15648667514324188,"[99, 132, 138, 330, 353]","[0.15648667514324188, 0.07784455269575119, 0.05964978039264679, 0.04966578632593155, 0.04819765314459801]"
blur-nosal,original,180,576,576,1,0.9907591342926025,"[576, 562, 536, 468, 839]","[0.9907591342926025, 0.000928423076402396, 0.0006949212402105331, 0.000531928613781929, 0.0005105647724121809]"
blur-nosal,original,181,143,141,0,0.7780737280845642,"[141, 143, 142, 140, 139]","[0.7780737280845642, 0.100222647190094, 0.07935457676649094, 0.01900458335876465, 0.008988025598227978]"
blur-nosal,original,182,842,130,0,0.1083536297082901,"[130, 562, 136, 816, 150]","[0.1083536297082901, 0.08019958436489105, 0.04575999453663826, 0.04459749907255173, 0.042641088366508484]"
blur-nosal,original,183,372,343,0,0.3011649250984192,"[343, 342, 386, 293, 372]","[0.3011649250984192, 0.06638062000274658, 0.05629692226648331, 0.05042218789458275, 0.047477252781391144]"
blur-nosal,original,184,36,144,0,0.9181250333786011,"[144, 20, 99, 360, 150]","[0.9181250333786011, 0.015550432726740837, 0.011098109185695648, 0.004356659948825836, 0.003883465426042676]"
blur-nosal,original,185,660,833,0,0.2913956344127655,"[833, 764, 913, 413, 744]","[0.2913956344127655, 0.10379296541213989, 0.08573563396930695, 0.06723956018686295, 0.032451082020998]"
blur-nosal,original,186,821,821,1,0.274927020072937,"[821, 839, 525, 562, 580]","[0.274927020072937, 0.2658500671386719, 0.26460686326026917, 0.04706856608390808, 0.021447191014885902]"
blur-nosal,original,187,449,449,1,0.32518139481544495,"[449, 718, 807, 821, 595]","[0.32518139481544495, 0.107659712433815, 0.04570343717932701, 0.04482603073120117, 0.03991840407252312]"
blur-nosal,original,188,131,105,0,0.05421909689903259,"[105, 88, 476, 552, 448]","[0.05421909689903259, 0.049785591661930084, 0.048860471695661545, 0.043337032198905945, 0.04214203730225563]"
blur-nosal,original,189,576,576,1,0.9999173879623413,"[576, 536, 833, 706, 829]","[0.9999173879623413, 2.6580915800877847e-05, 1.5655978131690063e-05, 5.342402801034041e-06, 4.174296009296086e-06]"
blur-nosal,original,190,140,142,0,0.8383656740188599,"[142, 140, 141, 135, 98]","[0.8383656740188599, 0.14636261761188507, 0.0151490094140172, 4.543380418908782e-05, 2.717031202337239e-05]"
blur-nosal,original,191,576,576,1,0.30150941014289856,"[576, 835, 871, 657, 595]","[0.30150941014289856, 0.08940182626247406, 0.04766915366053581, 0.043300021439790726, 0.036527566611766815]"
blur-nosal,original,192,355,51,0,0.5915307998657227,"[51, 385, 853, 386, 270]","[0.5915307998657227, 0.10395077615976334, 0.06415364891290665, 0.04628868028521538, 0.01582084223628044]"
blur-nosal,original,193,511,817,0,0.48851796984672546,"[817, 511, 656, 436, 479]","[0.48851796984672546, 0.21439607441425323, 0.10622549802064896, 0.0895649641752243, 0.05009493976831436]"
blur-nosal,original,194,417,417,1,0.4316136837005615,"[417, 755, 821, 727, 483]","[0.4316136837005615, 0.0740535780787468, 0.06486240774393082, 0.06355631351470947, 0.04456856846809387]"
blur-nosal,original,195,404,417,0,0.46561533212661743,"[417, 437, 405, 744, 970]","[0.46561533212661743, 0.07737620174884796, 0.03414298966526985, 0.01964675448834896, 0.017823191359639168]"
blur-nosal,original,196,701,974,0,0.31863975524902344,"[974, 552, 701, 393, 973]","[0.31863975524902344, 0.13005287945270538, 0.09434489160776138, 0.05331040918827057, 0.05155445635318756]"
blur-nosal,original,197,701,701,1,0.9900632500648499,"[701, 417, 812, 279, 895]","[0.9900632500648499, 0.002865231828764081, 0.0019224629504606128, 0.0011768772965297103, 0.00046488794032484293]"
blur-nosal,original,198,701,701,1,0.9232500791549683,"[701, 405, 417, 879, 557]","[0.9232500791549683, 0.04651200398802757, 0.025454146787524223, 0.001529618864879012, 0.000617555808275938]"
blur-nosal,original,199,350,895,0,0.1752728372812271,"[895, 970, 701, 755, 980]","[0.1752728372812271, 0.1463218331336975, 0.09408200532197952, 0.05906092748045921, 0.05772470310330391]"
blur-nosal,original,200,618,264,0,0.3833303451538086,"[264, 545, 430, 447, 805]","[0.3833303451538086, 0.10916435718536377, 0.06280258297920227, 0.05416369438171387, 0.051696423441171646]"
blur-nosal,original,201,984,984,1,0.4915262460708618,"[984, 425, 975, 562, 978]","[0.4915262460708618, 0.09288492053747177, 0.0717804953455925, 0.03667877987027168, 0.032630063593387604]"
blur-nosal,original,202,645,701,0,0.49226492643356323,"[701, 733, 557, 645, 517]","[0.49226492643356323, 0.12671922147274017, 0.124935582280159, 0.04383176565170288, 0.02285604737699032]"
blur-nosal,original,203,808,386,0,0.1050848439335823,"[386, 327, 40, 515, 51]","[0.1050848439335823, 0.09776926040649414, 0.06301108747720718, 0.06175374984741211, 0.05798608809709549]"
blur-nosal,original,204,755,900,0,0.4325193762779236,"[900, 807, 701, 417, 755]","[0.4325193762779236, 0.20953084528446198, 0.11005566269159317, 0.049971915781497955, 0.0486605204641819]"
blur-nosal,original,205,663,497,0,0.45016661286354065,"[497, 483, 663, 698, 873]","[0.45016661286354065, 0.36201584339141846, 0.14520853757858276, 0.021064171567559242, 0.010641859844326973]"
blur-nosal,original,206,404,404,1,0.9731175303459167,"[404, 812, 908, 657, 895]","[0.9731175303459167, 0.01686335913836956, 0.005480775143951178, 0.0012287915451452136, 0.0011887738946825266]"
blur-nosal,original,207,540,913,0,0.5144439935684204,"[913, 540, 724, 718, 460]","[0.5144439935684204, 0.32273778319358826, 0.050808485597372055, 0.008403471671044827, 0.007844731211662292]"
blur-nosal,original,208,958,984,0,0.6990929841995239,"[984, 975, 980, 972, 978]","[0.6990929841995239, 0.07039900124073029, 0.03265070915222168, 0.028798462823033333, 0.020708421245217323]"
blur-nosal,original,209,483,611,0,0.3457821309566498,"[611, 483, 425, 978, 397]","[0.3457821309566498, 0.1247560977935791, 0.11241189390420914, 0.09978127479553223, 0.03479234129190445]"
blur-nosal,original,210,898,437,0,0.5261785984039307,"[437, 980, 405, 812, 557]","[0.5261785984039307, 0.12351749837398529, 0.08339650183916092, 0.07061850279569626, 0.04633850231766701]"
blur-nosal,original,211,649,682,0,0.8523362278938293,"[682, 649, 437, 657, 888]","[0.8523362278938293, 0.13230299949645996, 0.004742413759231567, 0.0014984586741775274, 0.0012971666874364018]"
blur-nosal,original,212,812,405,0,0.15088704228401184,"[405, 517, 783, 863, 701]","[0.15088704228401184, 0.0992976725101471, 0.06488407403230667, 0.06156346946954727, 0.05775432288646698]"
blur-nosal,original,213,701,701,1,0.9994938373565674,"[701, 417, 986, 301, 879]","[0.9994938373565674, 0.000194237771211192, 0.00012466822226997465, 4.7398203605553135e-05, 1.4304399883258156e-05]"
blur-nosal,original,214,405,3,0,0.2667334973812103,"[3, 65, 701, 983, 405]","[0.2667334973812103, 0.1315692663192749, 0.10804690420627594, 0.10655373334884644, 0.06741216778755188]"
blur-nosal,original,215,832,832,1,0.4340039789676666,"[832, 483, 497, 437, 812]","[0.4340039789676666, 0.3840627670288086, 0.12445052713155746, 0.014102972112596035, 0.005437414161860943]"
blur-nosal,original,216,475,475,1,0.9935710430145264,"[475, 801, 837, 409, 671]","[0.9935710430145264, 0.0016639825189486146, 0.0007419333560392261, 0.0005059309769421816, 0.0002905566361732781]"
blur-nosal,original,217,22,21,0,0.2504851520061493,"[21, 23, 22, 99, 134]","[0.2504851520061493, 0.2116352766752243, 0.1649937629699707, 0.02472696825861931, 0.021533336490392685]"
blur-nosal,original,218,724,780,0,0.8224287629127502,"[780, 914, 484, 839, 724]","[0.8224287629127502, 0.07966095954179764, 0.055885057896375656, 0.023495469242334366, 0.010514190420508385]"
blur-nosal,original,219,871,871,1,0.7763961553573608,"[871, 484, 780, 900, 914]","[0.7763961553573608, 0.1970212608575821, 0.01647973619401455, 0.005030653439462185, 0.0026937497314065695]"
blur-nosal,original,220,807,970,0,0.18553729355335236,"[970, 672, 557, 17, 792]","[0.18553729355335236, 0.1375759243965149, 0.08227775245904922, 0.0583980493247509, 0.057620178908109665]"
blur-nosal,original,221,805,805,1,0.8529064059257507,"[805, 417, 701, 405, 672]","[0.8529064059257507, 0.056210119277238846, 0.0335063561797142, 0.032748106867074966, 0.007825716398656368]"
blur-nosal,original,222,405,946,0,0.08180788159370422,"[946, 23, 971, 405, 127]","[0.08180788159370422, 0.06588014960289001, 0.06437116116285324, 0.05920226871967316, 0.056432828307151794]"
blur-nosal,original,223,14,815,0,0.17646704614162445,"[815, 21, 12, 15, 92]","[0.17646704614162445, 0.12415462732315063, 0.1130346953868866, 0.052217163145542145, 0.05213889107108116]"
blur-nosal,original,224,22,22,1,0.8728330135345459,"[22, 24, 23, 91, 93]","[0.8728330135345459, 0.06048218905925751, 0.02820846252143383, 0.017591100186109543, 0.0055864606983959675]"
blur-nosal,original,225,404,404,1,0.9322134852409363,"[404, 405, 908, 895, 812]","[0.9322134852409363, 0.04672153666615486, 0.010469021275639534, 0.006624108646064997, 0.0010709894122555852]"
blur-nosal,original,226,583,807,0,0.13197922706604004,"[807, 487, 590, 681, 919]","[0.13197922706604004, 0.11815737932920456, 0.10813681781291962, 0.06565850973129272, 0.06407767534255981]"
blur-nosal,original,227,900,900,1,0.7965023517608643,"[900, 425, 812, 920, 437]","[0.7965023517608643, 0.1549801081418991, 0.00939127802848816, 0.005510868038982153, 0.004743068944662809]"
blur-nosal,original,228,437,437,1,0.8565018177032471,"[437, 657, 744, 517, 733]","[0.8565018177032471, 0.0667819231748581, 0.058862656354904175, 0.0038793047424405813, 0.003382808296009898]"
blur-nosal,original,229,345,350,0,0.27764567732810974,"[350, 483, 39, 913, 51]","[0.27764567732810974, 0.2625752389431, 0.06985022872686386, 0.056566108018159866, 0.037714842706918716]"
blur-nosal,original,230,913,425,0,0.3586256504058838,"[425, 483, 839, 682, 649]","[0.3586256504058838, 0.20584438741207123, 0.18361841142177582, 0.13290095329284668, 0.04928778111934662]"
blur-nosal,original,231,839,839,1,0.6227697730064392,"[839, 580, 718, 904, 664]","[0.6227697730064392, 0.19098643958568573, 0.09307731688022614, 0.014969447627663612, 0.011084497906267643]"
blur-nosal,original,232,920,920,1,0.6512356400489807,"[920, 449, 561, 900, 895]","[0.6512356400489807, 0.049974340945482254, 0.024309255182743073, 0.023789288476109505, 0.0218946635723114]"
blur-nosal,original,233,802,802,1,0.2151665985584259,"[802, 143, 85, 139, 81]","[0.2151665985584259, 0.17324788868427277, 0.16967029869556427, 0.13151678442955017, 0.04876076802611351]"
blur-nosal,original,234,755,755,1,0.2757079601287842,"[755, 728, 693, 669, 517]","[0.2757079601287842, 0.09776061773300171, 0.04871531203389168, 0.04866325855255127, 0.03595352917909622]"
blur-nosal,original,235,93,12,0,0.13256241381168365,"[12, 24, 21, 93, 131]","[0.13256241381168365, 0.12612658739089966, 0.1074930727481842, 0.0843416303396225, 0.07923178374767303]"
blur-nosal,original,236,821,821,1,0.9056255221366882,"[821, 718, 517, 839, 538]","[0.9056255221366882, 0.06295069307088852, 0.00920199230313301, 0.0038108753506094217, 0.0030361975077539682]"
blur-nosal,original,237,437,437,1,0.22966688871383667,"[437, 405, 839, 978, 460]","[0.22966688871383667, 0.15324799716472626, 0.10290723294019699, 0.08725147694349289, 0.05640996992588043]"
blur-nosal,original,238,649,682,0,0.6364678740501404,"[682, 657, 744, 908, 471]","[0.6364678740501404, 0.09329663962125778, 0.044059328734874725, 0.02446288801729679, 0.0240345261991024]"
blur-nosal,original,239,682,682,1,0.5230328440666199,"[682, 497, 483, 437, 448]","[0.5230328440666199, 0.19100162386894226, 0.11809348315000534, 0.0854014977812767, 0.056506674736738205]"
blur-nosal,original,240,900,900,1,0.9995760321617126,"[900, 437, 540, 724, 538]","[0.9995760321617126, 0.0003045153571292758, 1.7862812455859967e-05, 1.5186917153187096e-05, 1.2977316146134399e-05]"
blur-nosal,original,241,557,557,1,0.8901341557502747,"[557, 733, 843, 900, 130]","[0.8901341557502747, 0.07959149777889252, 0.006235318258404732, 0.003960757050663233, 0.00306281098164618]"
blur-nosal,original,242,812,540,0,0.31123942136764526,"[540, 701, 538, 755, 517]","[0.31123942136764526, 0.07990843057632446, 0.0663365051150322, 0.049793656915426254, 0.03735455498099327]"
blur-nosal,original,243,988,988,1,0.9840115308761597,"[988, 989, 944, 11, 310]","[0.9840115308761597, 0.006271685007959604, 0.0026998785324394703, 0.001864842139184475, 0.0006592837162315845]"
blur-nosal,original,244,322,322,1,0.42091700434684753,"[322, 326, 324, 321, 325]","[0.42091700434684753, 0.20884250104427338, 0.08581665903329849, 0.0682361051440239, 0.04271576926112175]"
blur-nosal,original,245,131,131,1,0.3209618031978607,"[131, 136, 82, 132, 133]","[0.3209618031978607, 0.08568581193685532, 0.050296299159526825, 0.04813520610332489, 0.04711189866065979]"
blur-nosal,original,246,309,324,0,0.22164885699748993,"[324, 946, 953, 72, 985]","[0.22164885699748993, 0.1780618280172348, 0.16848397254943848, 0.08389990776777267, 0.06314583122730255]"
blur-nosal,original,247,324,324,1,0.3953288495540619,"[324, 136, 19, 46, 325]","[0.3953288495540619, 0.0694839209318161, 0.06751061230897903, 0.06308646500110626, 0.04802890494465828]"
blur-nosal,original,248,133,133,1,0.9790944457054138,"[133, 40, 136, 594, 699]","[0.9790944457054138, 0.0056009734980762005, 0.0025562229566276073, 0.0008967978064902127, 0.0007032450521364808]"
blur-nosal,original,249,988,988,1,0.9356429576873779,"[988, 995, 946, 363, 973]","[0.9356429576873779, 0.028662990778684616, 0.004930774215608835, 0.003396791871637106, 0.0022285610903054476]"
blur-nosal,original,250,13,13,1,0.5813279151916504,"[13, 42, 10, 12, 21]","[0.5813279151916504, 0.11339632421731949, 0.04665489122271538, 0.03646024689078331, 0.03414406254887581]"
blur-nosal,original,251,309,1,0,0.14237545430660248,"[1, 850, 989, 452, 928]","[0.14237545430660248, 0.08852331340312958, 0.08323080837726593, 0.08091170340776443, 0.07047747075557709]"
blur-nosal,original,252,991,991,1,0.9126714468002319,"[991, 985, 309, 108, 115]","[0.9126714468002319, 0.04403059184551239, 0.008536403998732567, 0.0073435502126812935, 0.00673725176602602]"
blur-nosal,original,253,303,303,1,0.5342106819152832,"[303, 309, 304, 308, 301]","[0.5342106819152832, 0.23963992297649384, 0.07508677989244461, 0.04244539886713028, 0.013707495294511318]"
blur-nosal,original,254,309,985,0,0.7097232937812805,"[985, 309, 308, 307, 324]","[0.7097232937812805, 0.16834865510463715, 0.04647029936313629, 0.0238127913326025, 0.012074560858309269]"
blur-nosal,original,255,324,324,1,0.9980179071426392,"[324, 325, 322, 326, 453]","[0.9980179071426392, 0.001653434126637876, 0.00028324846061877906, 5.746301667386433e-06, 3.033571374544408e-06]"
blur-nosal,original,256,303,300,0,0.35292303562164307,"[300, 303, 302, 75, 312]","[0.35292303562164307, 0.3157140910625458, 0.11461155116558075, 0.03424837067723274, 0.03196512162685394]"
blur-nosal,original,257,323,323,1,0.6510188579559326,"[323, 90, 946, 944, 309]","[0.6510188579559326, 0.06163167580962181, 0.042712271213531494, 0.037262510508298874, 0.03385511785745621]"
blur-nosal,original,258,989,989,1,0.8072128891944885,"[989, 955, 936, 599, 62]","[0.8072128891944885, 0.018715981394052505, 0.015925362706184387, 0.015219640918076038, 0.01292257010936737]"
blur-nosal,original,259,324,324,1,0.9333422780036926,"[324, 325, 326, 985, 309]","[0.9333422780036926, 0.05850420892238617, 0.004984451923519373, 0.0006937680882401764, 0.0006062317988835275]"
blur-nosal,original,260,989,989,1,0.9981215596199036,"[989, 949, 988, 990, 957]","[0.9981215596199036, 0.00034708561724983156, 0.00027833128115162253, 0.0002499253605492413, 0.00014480635582003742]"
blur-nosal,original,261,323,323,1,0.9898114204406738,"[323, 879, 328, 309, 985]","[0.9898114204406738, 0.005255199037492275, 0.0019273099023848772, 0.000423477147705853, 0.00038415146991610527]"
blur-nosal,original,262,78,36,0,0.16177873313426971,"[36, 90, 88, 316, 123]","[0.16177873313426971, 0.12447520345449448, 0.08745688199996948, 0.06305298954248428, 0.045960262417793274]"
blur-nosal,original,263,945,55,0,0.26513606309890747,"[55, 945, 301, 59, 956]","[0.26513606309890747, 0.11431584507226944, 0.06373433023691177, 0.04348981752991676, 0.039006296545267105]"
blur-nosal,original,264,303,321,0,0.2689630687236786,"[321, 301, 322, 303, 14]","[0.2689630687236786, 0.13600583374500275, 0.10279770195484161, 0.08690795302391052, 0.07546424865722656]"
blur-nosal,original,265,78,75,0,0.4919472634792328,"[75, 72, 302, 310, 74]","[0.4919472634792328, 0.12403228878974915, 0.0681784451007843, 0.043417152017354965, 0.040762800723314285]"
blur-nosal,original,266,323,323,1,0.9910321831703186,"[323, 28, 477, 75, 917]","[0.9910321831703186, 0.0010080484207719564, 0.0009582159691490233, 0.000710490217898041, 0.0004613866040017456]"
blur-nosal,original,267,309,309,1,0.3336930274963379,"[309, 643, 990, 122, 443]","[0.3336930274963379, 0.06387096643447876, 0.04854739457368851, 0.04289357364177704, 0.0265993420034647]"
blur-nosal,original,268,77,31,0,0.6420928239822388,"[31, 40, 77, 311, 46]","[0.6420928239822388, 0.16837532818317413, 0.03933598846197128, 0.03465957194566727, 0.031106144189834595]"
blur-nosal,original,269,945,989,0,0.11372830718755722,"[989, 310, 88, 376, 90]","[0.11372830718755722, 0.10441164672374725, 0.07776542007923126, 0.05275236442685127, 0.0392121747136116]"
blur-nosal,original,270,322,46,0,0.17774972319602966,"[46, 324, 309, 301, 326]","[0.17774972319602966, 0.09086206555366516, 0.07891178131103516, 0.06830652058124542, 0.06112781539559364]"
blur-nosal,original,271,27,27,1,0.9931784868240356,"[27, 301, 1, 954, 26]","[0.9931784868240356, 0.001155664213001728, 0.00048138422425836325, 0.00040940858889371157, 0.00037839089054614305]"
blur-nosal,original,272,321,321,1,0.9992349147796631,"[321, 325, 324, 323, 322]","[0.9992349147796631, 0.0006431546062231064, 5.9382007748354226e-05, 4.534339677775279e-05, 9.96275048237294e-06]"
blur-nosal,original,273,323,323,1,0.9715912342071533,"[323, 16, 319, 311, 303]","[0.9715912342071533, 0.006470322143286467, 0.00244339881464839, 0.0012289918959140778, 0.0012235259637236595]"
blur-nosal,original,274,937,988,0,0.20660053193569183,"[988, 952, 987, 937, 998]","[0.20660053193569183, 0.07206600904464722, 0.0595039539039135, 0.05185386911034584, 0.039450258016586304]"
blur-nosal,original,275,73,303,0,0.14973950386047363,"[303, 70, 325, 322, 324]","[0.14973950386047363, 0.13493293523788452, 0.10956775397062302, 0.09253838658332825, 0.06279478222131729]"
blur-nosal,original,276,322,322,1,0.985546350479126,"[322, 325, 326, 324, 352]","[0.985546350479126, 0.005649259779602289, 0.001166069763712585, 0.0006828903569839895, 0.0003483655455056578]"
blur-nosal,original,277,40,46,0,0.23519642651081085,"[46, 40, 47, 42, 320]","[0.23519642651081085, 0.1588454395532608, 0.13388493657112122, 0.09709017723798752, 0.04529465362429619]"
blur-nosal,original,278,31,562,0,0.09006591141223907,"[562, 46, 987, 381, 382]","[0.09006591141223907, 0.05481262877583504, 0.05152345821261406, 0.04131583496928215, 0.03947226330637932]"
blur-nosal,original,279,321,321,1,0.9824931621551514,"[321, 90, 22, 93, 322]","[0.9824931621551514, 0.008855260908603668, 0.0027105689514428377, 0.0018079595174640417, 0.0009702473762445152]"
blur-nosal,original,280,58,989,0,0.12951351702213287,"[989, 738, 953, 990, 856]","[0.12951351702213287, 0.10516851395368576, 0.04576912894845009, 0.037574250251054764, 0.037197038531303406]"
blur-nosal,original,281,309,397,0,0.1716325283050537,"[397, 936, 937, 396, 304]","[0.1716325283050537, 0.12922322750091553, 0.03564843535423279, 0.03079277276992798, 0.03021463006734848]"
blur-nosal,original,282,303,309,0,0.4993878901004791,"[309, 303, 316, 308, 307]","[0.4993878901004791, 0.18836791813373566, 0.10928370803594589, 0.09656723588705063, 0.020204197615385056]"
blur-nosal,original,283,325,325,1,0.7380620837211609,"[325, 326, 35, 322, 46]","[0.7380620837211609, 0.0861942321062088, 0.048007864505052567, 0.03464372456073761, 0.016579797491431236]"
blur-nosal,original,284,323,323,1,0.9999958276748657,"[323, 93, 321, 110, 300]","[0.9999958276748657, 1.1178292425029213e-06, 5.991982447994815e-07, 2.677348618362885e-07, 2.1141893569165404e-07]"
blur-nosal,original,285,304,61,0,0.1803082525730133,"[61, 31, 306, 319, 303]","[0.1803082525730133, 0.10269099473953247, 0.09157170355319977, 0.08562513440847397, 0.05503157153725624]"
blur-nosal,original,286,18,18,1,0.9862989783287048,"[18, 23, 42, 134, 172]","[0.9862989783287048, 0.0013745235046371818, 0.0013738407287746668, 0.000829003460239619, 0.0006483736797235906]"
blur-nosal,original,287,178,178,1,0.8528211116790771,"[178, 208, 150, 209, 159]","[0.8528211116790771, 0.06551405042409897, 0.045322567224502563, 0.004599668085575104, 0.0038151429034769535]"
blur-nosal,original,288,83,83,1,0.9978540539741516,"[83, 293, 85, 86, 288]","[0.9978540539741516, 0.0006882270681671798, 0.00029782121418975294, 0.00024020718410611153, 0.0001852776185842231]"
blur-nosal,original,289,362,362,1,0.993763267993927,"[362, 269, 361, 388, 336]","[0.993763267993927, 0.0021314462646842003, 0.00071561528602615, 0.000350207497831434, 0.00029554057982750237]"
blur-nosal,original,290,272,298,0,0.8776817321777344,"[298, 138, 9, 299, 342]","[0.8776817321777344, 0.040197551250457764, 0.013646431267261505, 0.011023513041436672, 0.005802670959383249]"
blur-nosal,original,291,102,48,0,0.33652013540267944,"[48, 344, 341, 336, 7]","[0.33652013540267944, 0.23148661851882935, 0.040421005338430405, 0.03047306276857853, 0.017816418781876564]"
blur-nosal,original,292,423,423,1,0.99954754114151,"[423, 428, 830, 765, 858]","[0.99954754114151, 0.00010098466009367257, 3.734515848918818e-05, 3.3299838833045214e-05, 2.4780869352980517e-05]"
blur-nosal,original,293,543,792,0,0.16965918242931366,"[792, 491, 428, 48, 63]","[0.16965918242931366, 0.10877972841262817, 0.03937764838337898, 0.03655679523944855, 0.03210059553384781]"
blur-nosal,original,294,277,193,0,0.15723109245300293,"[193, 277, 184, 278, 186]","[0.15723109245300293, 0.14344315230846405, 0.10924262553453445, 0.10075406730175018, 0.07073577493429184]"
blur-nosal,original,295,428,428,1,0.89080810546875,"[428, 730, 856, 866, 792]","[0.89080810546875, 0.05002151057124138, 0.01936396211385727, 0.012962083332240582, 0.0025875112041831017]"
blur-nosal,original,296,134,39,0,0.2130645364522934,"[39, 62, 858, 912, 61]","[0.2130645364522934, 0.12312017381191254, 0.08189964294433594, 0.053437646478414536, 0.045686010271310806]"
blur-nosal,original,297,298,298,1,0.33835095167160034,"[298, 48, 363, 104, 280]","[0.33835095167160034, 0.08044867217540741, 0.05132453516125679, 0.04166610538959503, 0.02339044027030468]"
blur-nosal,original,298,170,279,0,0.13103751838207245,"[279, 371, 336, 230, 374]","[0.13103751838207245, 0.12644466757774353, 0.06143110617995262, 0.06045961380004883, 0.049318600445985794]"
blur-nosal,original,299,363,363,1,0.6043088436126709,"[363, 335, 280, 288, 342]","[0.6043088436126709, 0.2474585473537445, 0.10063758492469788, 0.011422120966017246, 0.003226199885830283]"
blur-nosal,original,300,356,39,0,0.4518371522426605,"[39, 104, 386, 343, 20]","[0.4518371522426605, 0.13562731444835663, 0.05182831361889839, 0.01895122043788433, 0.012131360359489918]"
blur-nosal,original,301,161,134,0,0.16898386180400848,"[134, 345, 167, 172, 98]","[0.16898386180400848, 0.14763203263282776, 0.0923575758934021, 0.06802251189947128, 0.04135448858141899]"
blur-nosal,original,302,254,61,0,0.1399722397327423,"[61, 994, 327, 616, 467]","[0.1399722397327423, 0.1131623312830925, 0.05193648114800453, 0.04183187335729599, 0.03843371197581291]"
blur-nosal,original,303,145,145,1,0.999998927116394,"[145, 99, 89, 171, 146]","[0.999998927116394, 5.804020020150347e-07, 1.8552515257397317e-07, 7.73113910668144e-08, 3.805696024983263e-08]"
blur-nosal,original,304,171,278,0,0.11865784227848053,"[278, 42, 101, 110, 17]","[0.11865784227848053, 0.10674496740102768, 0.09000837057828903, 0.07350894808769226, 0.06548234820365906]"
blur-nosal,original,305,299,964,0,0.17303478717803955,"[964, 930, 39, 336, 331]","[0.17303478717803955, 0.08586539328098297, 0.036255501210689545, 0.02898872084915638, 0.028753817081451416]"
blur-nosal,original,306,251,251,1,0.9872943758964539,"[251, 212, 246, 216, 81]","[0.9872943758964539, 0.00912915077060461, 0.0007015190785750747, 0.0005507546593435109, 0.0003183568187523633]"
blur-nosal,original,307,292,292,1,0.7069722414016724,"[292, 282, 37, 125, 126]","[0.7069722414016724, 0.06741110980510712, 0.0328965000808239, 0.031639426946640015, 0.0182320699095726]"
blur-nosal,original,308,77,42,0,0.24963878095149994,"[42, 77, 46, 39, 303]","[0.24963878095149994, 0.18046191334724426, 0.10980048030614853, 0.10342272371053696, 0.04475187882781029]"
blur-nosal,original,309,305,305,1,0.8660091757774353,"[305, 363, 131, 996, 993]","[0.8660091757774353, 0.04858729988336563, 0.027680806815624237, 0.0067947194911539555, 0.006519460119307041]"
blur-nosal,original,310,299,360,0,0.36665257811546326,"[360, 562, 170, 344, 48]","[0.36665257811546326, 0.08383733779191971, 0.048300087451934814, 0.04531297832727432, 0.028399549424648285]"
blur-nosal,original,311,83,83,1,0.47571510076522827,"[83, 141, 138, 140, 39]","[0.47571510076522827, 0.15882407128810883, 0.044984959065914154, 0.0315886028110981, 0.021929169073700905]"
blur-nosal,original,312,362,362,1,0.3934144675731659,"[362, 336, 342, 298, 272]","[0.3934144675731659, 0.17156806588172913, 0.04694746434688568, 0.03444255515933037, 0.029099931940436363]"
blur-nosal,original,313,85,85,1,0.9934420585632324,"[85, 81, 138, 80, 82]","[0.9934420585632324, 0.004440939519554377, 0.0008357944898307323, 0.0002840097004082054, 0.00010636103252181783]"
blur-nosal,original,314,203,203,1,0.9480308294296265,"[203, 188, 218, 185, 215]","[0.9480308294296265, 0.0212123841047287, 0.0059801931492984295, 0.004951578099280596, 0.001992123434320092]"
blur-nosal,original,315,79,316,0,0.09651242941617966,"[316, 305, 738, 953, 77]","[0.09651242941617966, 0.09158080071210861, 0.06483815610408783, 0.05552114173769951, 0.05146907642483711]"
blur-nosal,original,316,71,363,0,0.13878406584262848,"[363, 46, 133, 42, 993]","[0.13878406584262848, 0.07220575213432312, 0.04828397184610367, 0.03913665935397148, 0.031224820762872696]"
blur-nosal,original,317,298,48,0,0.3244437575340271,"[48, 298, 61, 46, 39]","[0.3244437575340271, 0.2087332159280777, 0.0876418873667717, 0.05042146146297455, 0.033107366412878036]"
blur-nosal,original,318,336,336,1,0.9308162331581116,"[336, 278, 277, 280, 191]","[0.9308162331581116, 0.028855133801698685, 0.007137345615774393, 0.005414629355072975, 0.0036573822144418955]"
blur-nosal,original,319,425,425,1,0.8407381772994995,"[425, 835, 497, 448, 912]","[0.8407381772994995, 0.09854261577129364, 0.017001153901219368, 0.007520848885178566, 0.006450460758060217]"
blur-nosal,original,320,137,136,0,0.22794677317142487,"[136, 143, 131, 357, 91]","[0.22794677317142487, 0.16571053862571716, 0.055678971111774445, 0.05102061480283737, 0.04246393218636513]"
blur-nosal,original,321,372,276,0,0.31275755167007446,"[276, 293, 343, 352, 171]","[0.31275755167007446, 0.20424610376358032, 0.0955340564250946, 0.07098066806793213, 0.0332917720079422]"
blur-nosal,original,322,958,293,0,0.1653701215982437,"[293, 106, 352, 353, 336]","[0.1653701215982437, 0.08006232231855392, 0.0670955702662468, 0.056068144738674164, 0.05536907911300659]"
blur-nosal,original,323,232,209,0,0.10883305221796036,"[209, 184, 189, 805, 211]","[0.10883305221796036, 0.10306072235107422, 0.08118287473917007, 0.06579745560884476, 0.04759116470813751]"
blur-nosal,original,324,279,296,0,0.6976643204689026,"[296, 279, 270, 99, 89]","[0.6976643204689026, 0.09388202428817749, 0.04753114655613899, 0.031250808387994766, 0.024579526856541634]"
blur-nosal,original,325,146,336,0,0.23825988173484802,"[336, 276, 272, 287, 132]","[0.23825988173484802, 0.17715327441692352, 0.14789195358753204, 0.052825767546892166, 0.04436495900154114]"
blur-nosal,original,326,352,349,0,0.21738222241401672,"[349, 350, 345, 286, 340]","[0.21738222241401672, 0.06773153692483902, 0.06442176550626755, 0.036040693521499634, 0.03167153149843216]"
blur-nosal,original,327,958,958,1,0.7943100333213806,"[958, 979, 970, 975, 976]","[0.7943100333213806, 0.061559926718473434, 0.02515314519405365, 0.02136438712477684, 0.012141131795942783]"
blur-nosal,original,328,958,958,1,0.9705747961997986,"[958, 649, 425, 853, 292]","[0.9705747961997986, 0.003208843292668462, 0.001735577010549605, 0.0016699056141078472, 0.0015675990143790841]"
blur-nosal,original,329,275,349,0,0.4488584101200104,"[349, 275, 172, 350, 255]","[0.4488584101200104, 0.1816735416650772, 0.062476903200149536, 0.030348708853125572, 0.026836514472961426]"
blur-nosal,original,330,888,888,1,0.9221408367156982,"[888, 525, 821, 663, 698]","[0.9221408367156982, 0.06163446232676506, 0.004329053219407797, 0.002199729671701789, 0.0010021659545600414]"
blur-nosal,original,331,352,352,1,0.7537018656730652,"[352, 351, 353, 730, 271]","[0.7537018656730652, 0.19755181670188904, 0.03152306750416756, 0.0022635175846517086, 0.0018718765350058675]"
blur-nosal,original,332,85,85,1,0.826202392578125,"[85, 135, 136, 99, 86]","[0.826202392578125, 0.02238685078918934, 0.017292356118559837, 0.014486744068562984, 0.011675034649670124]"
blur-nosal,original,333,9,336,0,0.3544025719165802,"[336, 349, 294, 9, 354]","[0.3544025719165802, 0.09677571058273315, 0.07798470556735992, 0.06561385840177536, 0.0501529723405838]"
blur-nosal,original,334,199,369,0,0.09259235113859177,"[369, 357, 136, 297, 256]","[0.09259235113859177, 0.07969158887863159, 0.06248839944601059, 0.05681191012263298, 0.0541989803314209]"
blur-nosal,original,335,522,522,1,0.20809298753738403,"[522, 880, 775, 842, 671]","[0.20809298753738403, 0.10586438328027725, 0.07955629378557205, 0.06641056388616562, 0.047520413994789124]"
blur-nosal,original,336,340,755,0,0.24984370172023773,"[755, 890, 807, 900, 832]","[0.24984370172023773, 0.23589912056922913, 0.06305938959121704, 0.04224157705903053, 0.035258699208498]"
blur-nosal,original,337,9,9,1,0.5257619023323059,"[9, 347, 346, 345, 646]","[0.5257619023323059, 0.13241314888000488, 0.08297834545373917, 0.03469376638531685, 0.0345022939145565]"
blur-nosal,original,338,386,386,1,0.7702710032463074,"[386, 385, 101, 178, 349]","[0.7702710032463074, 0.13318504393100739, 0.020456654950976372, 0.012705083936452866, 0.009959780611097813]"
blur-nosal,original,339,274,273,0,0.16179591417312622,"[273, 912, 353, 352, 180]","[0.16179591417312622, 0.11504878103733063, 0.046868037432432175, 0.03705104812979698, 0.035751767456531525]"
blur-nosal,original,340,274,366,0,0.6863248944282532,"[366, 274, 365, 297, 278]","[0.6863248944282532, 0.0682491883635521, 0.04210279881954193, 0.03494131192564964, 0.01943972334265709]"
blur-nosal,original,341,254,981,0,0.11752413958311081,"[981, 560, 751, 247, 263]","[0.11752413958311081, 0.0815531387925148, 0.06367777287960052, 0.0560765340924263, 0.043200958520174026]"
blur-nosal,original,342,185,185,1,0.3561224937438965,"[185, 182, 186, 193, 184]","[0.3561224937438965, 0.13264285027980804, 0.0939415916800499, 0.05079991742968559, 0.023870304226875305]"
blur-nosal,original,343,169,274,0,0.2863183915615082,"[274, 194, 341, 342, 349]","[0.2863183915615082, 0.11302517354488373, 0.05853186920285225, 0.04365977272391319, 0.0389646477997303]"
blur-nosal,original,344,193,336,0,0.47997963428497314,"[336, 182, 342, 275, 261]","[0.47997963428497314, 0.21754562854766846, 0.02582116425037384, 0.01850307174026966, 0.016012737527489662]"
blur-nosal,original,345,355,888,0,0.18885508179664612,"[888, 109, 646, 81, 66]","[0.18885508179664612, 0.16573932766914368, 0.13344532251358032, 0.0476803295314312, 0.022498955950140953]"
blur-nosal,original,346,83,83,1,0.977208137512207,"[83, 141, 135, 86, 340]","[0.977208137512207, 0.013434678316116333, 0.001701996778137982, 0.001684596762061119, 0.0008949548355303705]"
blur-nosal,original,347,355,355,1,0.9185261130332947,"[355, 231, 249, 348, 354]","[0.9185261130332947, 0.02244356833398342, 0.017759574577212334, 0.00521608954295516, 0.0045117950066924095]"
blur-nosal,original,348,172,853,0,0.18067795038223267,"[853, 354, 386, 372, 425]","[0.18067795038223267, 0.15519411861896515, 0.1380714774131775, 0.09572025388479233, 0.061903391033411026]"
blur-nosal,original,349,958,958,1,0.9816011190414429,"[958, 806, 489, 649, 911]","[0.9816011190414429, 0.002484720665961504, 0.0018725359113886952, 0.0014546170132234693, 0.0010495553724467754]"
blur-nosal,original,350,425,425,1,0.984700083732605,"[425, 483, 449, 497, 958]","[0.984700083732605, 0.008419726975262165, 0.0011188134085386992, 0.0007450957200489938, 0.000471902487333864]"
blur-nosal,original,351,958,958,1,0.9410561323165894,"[958, 345, 347, 386, 348]","[0.9410561323165894, 0.0055596488527953625, 0.003396487794816494, 0.0033673059660941362, 0.002711566397920251]"
blur-nosal,original,352,425,425,1,0.9988206028938293,"[425, 915, 386, 672, 385]","[0.9988206028938293, 0.0008063990972004831, 0.00022720011475030333, 3.821965947281569e-05, 1.3036650670983363e-05]"
blur-nosal,original,353,681,394,0,0.15216156840324402,"[394, 0, 395, 428, 420]","[0.15216156840324402, 0.131799578666687, 0.07525257021188736, 0.06562712788581848, 0.042824696749448776]"
blur-nosal,original,354,755,755,1,0.8364447951316833,"[755, 649, 425, 727, 853]","[0.8364447951316833, 0.07450055330991745, 0.025249533355236053, 0.021180618554353714, 0.005348152946680784]"
blur-nosal,original,355,251,703,0,0.22010917961597443,"[703, 621, 251, 649, 912]","[0.22010917961597443, 0.09857719391584396, 0.08461753278970718, 0.04713139310479164, 0.04255777969956398]"
blur-nosal,original,356,209,184,0,0.14144159853458405,"[184, 343, 209, 386, 211]","[0.14144159853458405, 0.11856711655855179, 0.10812247544527054, 0.0960020050406456, 0.050764936953783035]"
blur-nosal,original,357,872,182,0,0.22348827123641968,"[182, 255, 348, 281, 349]","[0.22348827123641968, 0.0606091246008873, 0.041022032499313354, 0.028302842751145363, 0.027790958061814308]"
blur-nosal,original,358,177,177,1,0.5786898136138916,"[177, 224, 385, 214, 355]","[0.5786898136138916, 0.2511139214038849, 0.03439183160662651, 0.029986906796693802, 0.008867806755006313]"
blur-nosal,original,359,172,249,0,0.13230161368846893,"[249, 269, 272, 172, 286]","[0.13230161368846893, 0.10814694315195084, 0.09995167702436447, 0.09735950082540512, 0.0916428193449974]"
blur-nosal,original,360,425,425,1,0.5082464218139648,"[425, 595, 449, 547, 853]","[0.5082464218139648, 0.4568038284778595, 0.006481800694018602, 0.003047223901376128, 0.0019392621470615268]"
blur-nosal,original,361,191,226,0,0.1861136108636856,"[226, 191, 182, 189, 192]","[0.1861136108636856, 0.13971766829490662, 0.13212569057941437, 0.12528009712696075, 0.1198195368051529]"
blur-nosal,original,362,23,48,0,0.9472834467887878,"[48, 133, 39, 298, 135]","[0.9472834467887878, 0.00887291319668293, 0.008239691145718098, 0.004642151761800051, 0.003434201469644904]"
blur-nosal,original,363,353,352,0,0.22141213715076447,"[352, 180, 168, 353, 225]","[0.22141213715076447, 0.11706331372261047, 0.10273119807243347, 0.09620103240013123, 0.06516268849372864]"
blur-nosal,original,364,209,238,0,0.14733946323394775,"[238, 9, 240, 234, 267]","[0.14733946323394775, 0.13154441118240356, 0.08483681827783585, 0.07575277984142303, 0.06342662870883942]"
blur-nosal,original,365,352,250,0,0.284409761428833,"[250, 225, 249, 223, 209]","[0.284409761428833, 0.07697778940200806, 0.06752508878707886, 0.03532085940241814, 0.02728053741157055]"
blur-nosal,original,366,690,730,0,0.32660263776779175,"[730, 958, 595, 984, 912]","[0.32660263776779175, 0.13224539160728455, 0.07595285028219223, 0.06471239030361176, 0.03938450664281845]"
blur-nosal,original,367,348,958,0,0.5221989154815674,"[958, 888, 294, 341, 386]","[0.5221989154815674, 0.17307503521442413, 0.060649920254945755, 0.05870554596185684, 0.025721726939082146]"
blur-nosal,original,368,336,293,0,0.26913002133369446,"[293, 360, 48, 344, 81]","[0.26913002133369446, 0.0535593219101429, 0.046816468238830566, 0.037640661001205444, 0.036947138607501984]"
blur-nosal,original,369,574,574,1,0.9314382076263428,"[574, 852, 958, 522, 951]","[0.9314382076263428, 0.009391993284225464, 0.00815875269472599, 0.0074057672172784805, 0.0067699747160077095]"
blur-nosal,original,370,172,235,0,0.15511664748191833,"[235, 227, 104, 172, 241]","[0.15511664748191833, 0.11576834321022034, 0.07468894124031067, 0.06957055628299713, 0.056191422045230865]"
blur-nosal,original,371,428,428,1,0.3771149814128876,"[428, 39, 42, 888, 976]","[0.3771149814128876, 0.08642276376485825, 0.07668682932853699, 0.06425457447767258, 0.06236438453197479]"
blur-nosal,original,372,277,274,0,0.24925710260868073,"[274, 278, 287, 336, 277]","[0.24925710260868073, 0.06713457405567169, 0.04915226995944977, 0.0473514124751091, 0.027202730998396873]"
blur-nosal,original,373,209,349,0,0.49634331464767456,"[349, 350, 348, 342, 341]","[0.49634331464767456, 0.09988640248775482, 0.08825349807739258, 0.07534617185592651, 0.037693873047828674]"
blur-nosal,original,374,575,575,1,0.9929701685905457,"[575, 805, 621, 560, 757]","[0.9929701685905457, 0.0028590094298124313, 0.0021448612678796053, 0.0006660661310888827, 0.00028756418032571673]"
blur-nosal,original,375,958,958,1,0.7003222107887268,"[958, 336, 649, 335, 425]","[0.7003222107887268, 0.11910638213157654, 0.11683206260204315, 0.007973377592861652, 0.005712740123271942]"
blur-nosal,original,376,340,340,1,0.17943817377090454,"[340, 292, 342, 344, 278]","[0.17943817377090454, 0.15224102139472961, 0.048697080463171005, 0.045493245124816895, 0.042634692043066025]"
blur-nosal,original,377,191,343,0,0.1532263159751892,"[343, 958, 472, 280, 104]","[0.1532263159751892, 0.07416079193353653, 0.04561543092131615, 0.042098518460989, 0.03542627394199371]"
blur-nosal,original,378,232,231,0,0.15474550426006317,"[231, 375, 232, 368, 388]","[0.15474550426006317, 0.12170753628015518, 0.10254247486591339, 0.06263121217489243, 0.050680503249168396]"
blur-nosal,original,379,352,276,0,0.49313366413116455,"[276, 353, 351, 352, 272]","[0.49313366413116455, 0.048311591148376465, 0.042515624314546585, 0.04234889894723892, 0.03791264817118645]"
blur-nosal,original,380,373,372,0,0.22023151814937592,"[372, 336, 373, 269, 381]","[0.22023151814937592, 0.09692853689193726, 0.08403582870960236, 0.06066904962062836, 0.04849628359079361]"
blur-nosal,original,381,353,353,1,0.2535425126552582,"[353, 646, 977, 976, 979]","[0.2535425126552582, 0.15119832754135132, 0.10168784111738205, 0.049315158277750015, 0.022995207458734512]"
blur-nosal,original,382,888,888,1,0.9939420819282532,"[888, 294, 958, 497, 347]","[0.9939420819282532, 0.0016149657312780619, 0.0009694985346868634, 0.0008929326431825757, 0.000251790217589587]"
blur-nosal,original,383,286,298,0,0.2021843045949936,"[298, 291, 371, 958, 386]","[0.2021843045949936, 0.0954899862408638, 0.0807681679725647, 0.06995677202939987, 0.04555357247591019]"
blur-nosal,original,384,299,51,0,0.15939120948314667,"[51, 299, 343, 372, 276]","[0.15939120948314667, 0.1518803983926773, 0.10086625814437866, 0.06929700076580048, 0.06797734647989273]"
blur-nosal,original,385,350,336,0,0.4266822934150696,"[336, 218, 81, 215, 299]","[0.4266822934150696, 0.09614301472902298, 0.03558916971087456, 0.032345183193683624, 0.025297198444604874]"
blur-nosal,original,386,143,143,1,0.9693048000335693,"[143, 146, 97, 144, 98]","[0.9693048000335693, 0.017111506313085556, 0.002286094706505537, 0.0016563867684453726, 0.0016539368079975247]"
blur-nosal,original,387,336,336,1,0.7505530118942261,"[336, 81, 39, 49, 350]","[0.7505530118942261, 0.03857899084687233, 0.022390667349100113, 0.009000883437693119, 0.008990360423922539]"
blur-nosal,original,388,353,410,0,0.09061732888221741,"[410, 255, 703, 381, 274]","[0.09061732888221741, 0.06806240230798721, 0.04566235467791557, 0.03990466147661209, 0.03510031849145889]"
blur-nosal,original,389,305,825,0,0.7637976408004761,"[825, 305, 112, 286, 119]","[0.7637976408004761, 0.045819904655218124, 0.03516774624586105, 0.021775467321276665, 0.018196357414126396]"
blur-nosal,original,390,349,348,0,0.5171719789505005,"[348, 349, 336, 48, 298]","[0.5171719789505005, 0.16411012411117554, 0.11493374407291412, 0.040550172328948975, 0.02886083722114563]"
blur-nosal,original,391,11,58,0,0.188290536403656,"[58, 139, 54, 143, 119]","[0.188290536403656, 0.1683351844549179, 0.13343867659568787, 0.06462335586547852, 0.06071902811527252]"
blur-nosal,original,392,26,113,0,0.28616538643836975,"[113, 358, 114, 115, 336]","[0.28616538643836975, 0.14026378095149994, 0.06916484236717224, 0.038877107203006744, 0.024561049416661263]"
blur-nosal,original,393,336,336,1,0.5250686407089233,"[336, 42, 349, 298, 48]","[0.5250686407089233, 0.2249268889427185, 0.04850691929459572, 0.04201095923781395, 0.026435934007167816]"
blur-nosal,original,394,79,56,0,0.4088747203350067,"[56, 825, 44, 57, 112]","[0.4088747203350067, 0.10684806853532791, 0.06714727729558945, 0.06324063241481781, 0.04353949427604675]"
blur-nosal,original,395,63,750,0,0.17222078144550323,"[750, 0, 425, 858, 112]","[0.17222078144550323, 0.05514621362090111, 0.04919426143169403, 0.034636009484529495, 0.034135717898607254]"
blur-nosal,original,396,349,349,1,0.5141385793685913,"[349, 350, 348, 42, 973]","[0.5141385793685913, 0.2100692093372345, 0.2075270265340805, 0.0104031627997756, 0.00636184960603714]"
blur-nosal,original,397,17,50,0,0.2727595865726471,"[50, 336, 39, 49, 48]","[0.2727595865726471, 0.15175959467887878, 0.06920179724693298, 0.04278147593140602, 0.036182552576065063]"
blur-nosal,original,398,354,48,0,0.3871399760246277,"[48, 9, 40, 286, 19]","[0.3871399760246277, 0.24190793931484222, 0.04015754535794258, 0.030741151422262192, 0.02911829948425293]"
blur-nosal,original,399,172,243,0,0.16120097041130066,"[243, 182, 163, 255, 336]","[0.16120097041130066, 0.06802751123905182, 0.051394637674093246, 0.0512450709939003, 0.04729781672358513]"
blur-nosal,original,400,390,58,0,0.23888300359249115,"[58, 55, 327, 62, 390]","[0.23888300359249115, 0.1397780179977417, 0.10607002675533295, 0.08276765048503876, 0.06713239848613739]"
blur-nosal,original,401,42,336,0,0.17395754158496857,"[336, 280, 58, 48, 331]","[0.17395754158496857, 0.13003334403038025, 0.05264721065759659, 0.044174496084451675, 0.042005449533462524]"
blur-nosal,original,402,251,56,0,0.31686219573020935,"[56, 251, 45, 139, 54]","[0.31686219573020935, 0.26424479484558105, 0.1561909168958664, 0.04018846154212952, 0.021739138290286064]"
blur-nosal,original,403,13,13,1,0.1297716349363327,"[13, 997, 373, 104, 81]","[0.1297716349363327, 0.10344117134809494, 0.05621757358312607, 0.05536838248372078, 0.04460224136710167]"
blur-nosal,original,404,139,139,1,0.9768884181976318,"[139, 81, 269, 119, 336]","[0.9768884181976318, 0.017162051051855087, 0.0009147644159384072, 0.0005893205525353551, 0.0004832939011976123]"
blur-nosal,original,405,336,336,1,0.5037683248519897,"[336, 104, 360, 372, 373]","[0.5037683248519897, 0.12470995634794235, 0.11677657812833786, 0.03538614511489868, 0.029888315126299858]"
blur-nosal,original,406,277,825,0,0.10922476649284363,"[825, 39, 483, 377, 109]","[0.10922476649284363, 0.1043701097369194, 0.04656098410487175, 0.041635144501924515, 0.03836247697472572]"
blur-nosal,original,407,375,382,0,0.16197140514850616,"[382, 368, 580, 381, 286]","[0.16197140514850616, 0.07808857411146164, 0.07430712878704071, 0.04068022966384888, 0.03800847753882408]"
blur-nosal,original,408,26,307,0,0.347585529088974,"[307, 303, 24, 304, 308]","[0.347585529088974, 0.20885731279850006, 0.07530905306339264, 0.034059956669807434, 0.02915901318192482]"
blur-nosal,original,409,295,383,0,0.211459681391716,"[383, 368, 104, 331, 372]","[0.211459681391716, 0.12443242967128754, 0.05843956023454666, 0.05636303499341011, 0.05574954301118851]"
blur-nosal,original,410,674,835,0,0.5855939388275146,"[835, 39, 695, 46, 858]","[0.5855939388275146, 0.12324213981628418, 0.03706033527851105, 0.02863205224275589, 0.028498893603682518]"
blur-nosal,original,411,57,42,0,0.37996184825897217,"[42, 350, 16, 825, 61]","[0.37996184825897217, 0.1321462094783783, 0.05753764510154724, 0.049189407378435135, 0.037368617951869965]"
blur-nosal,original,412,59,825,0,0.8454089164733887,"[825, 61, 119, 39, 42]","[0.8454089164733887, 0.07641308009624481, 0.007789266295731068, 0.007062368560582399, 0.005413713399320841]"
blur-nosal,original,413,357,336,0,0.9720562100410461,"[336, 649, 356, 372, 272]","[0.9720562100410461, 0.006651574745774269, 0.0051679452881217, 0.00404783058911562, 0.0019479168113321066]"
blur-nosal,original,414,336,336,1,0.6567631363868713,"[336, 294, 298, 48, 291]","[0.6567631363868713, 0.2888348400592804, 0.024283938109874725, 0.005254214629530907, 0.003391282632946968]"
blur-nosal,original,415,86,42,0,0.21836641430854797,"[42, 139, 140, 120, 10]","[0.21836641430854797, 0.21798273921012878, 0.0980524867773056, 0.07070812582969666, 0.06565308570861816]"
blur-nosal,original,416,62,978,0,0.17891977727413177,"[978, 976, 62, 61, 42]","[0.17891977727413177, 0.15888069570064545, 0.12718701362609863, 0.06473281234502792, 0.034090787172317505]"
blur-nosal,original,417,677,788,0,0.1706601232290268,"[788, 825, 953, 865, 41]","[0.1706601232290268, 0.08619650453329086, 0.07029278576374054, 0.05512142926454544, 0.04470225051045418]"
blur-nosal,original,418,387,162,0,0.3770623803138733,"[162, 225, 166, 381, 237]","[0.3770623803138733, 0.06577932089567184, 0.05150305852293968, 0.04546750709414482, 0.044387999922037125]"
blur-nosal,original,419,85,355,0,0.3785576820373535,"[355, 525, 9, 958, 839]","[0.3785576820373535, 0.09697579592466354, 0.07578680664300919, 0.039875488728284836, 0.031714070588350296]"
blur-nosal,original,420,544,129,0,0.2623162269592285,"[129, 20, 36, 766, 797]","[0.2623162269592285, 0.1104915589094162, 0.053487375378608704, 0.04793361574411392, 0.04779231920838356]"
blur-nosal,original,421,77,76,0,0.12470684945583344,"[76, 54, 993, 77, 319]","[0.12470684945583344, 0.08745551109313965, 0.07372208684682846, 0.0708099901676178, 0.055252060294151306]"
blur-nosal,original,422,357,81,0,0.3774823844432831,"[81, 336, 42, 357, 39]","[0.3774823844432831, 0.3015812337398529, 0.08599509298801422, 0.036205194890499115, 0.020283326506614685]"
blur-nosal,original,423,383,383,1,0.8617884516716003,"[383, 291, 286, 371, 299]","[0.8617884516716003, 0.04389229044318199, 0.03903328999876976, 0.013162766583263874, 0.010947256349027157]"
blur-nosal,original,424,277,298,0,0.0675358772277832,"[298, 227, 336, 350, 352]","[0.0675358772277832, 0.06614357978105545, 0.054105013608932495, 0.05405266582965851, 0.03248138725757599]"
blur-nosal,original,425,803,491,0,0.1597398966550827,"[491, 189, 122, 51, 191]","[0.1597398966550827, 0.06696318835020065, 0.06425658613443375, 0.06020267680287361, 0.05715971440076828]"
blur-nosal,original,426,792,410,0,0.28981631994247437,"[410, 792, 428, 637, 716]","[0.28981631994247437, 0.17691518366336823, 0.15036232769489288, 0.061383165419101715, 0.04749421030282974]"
blur-nosal,original,427,795,795,1,0.4897165894508362,"[795, 835, 913, 639, 484]","[0.4897165894508362, 0.08261296898126602, 0.04510699585080147, 0.02883855253458023, 0.018142718821763992]"
blur-nosal,original,428,83,83,1,0.7807599306106567,"[83, 282, 82, 86, 56]","[0.7807599306106567, 0.05102461203932762, 0.04488816857337952, 0.012884891591966152, 0.005974365398287773]"
blur-nosal,original,429,24,802,0,0.2247842401266098,"[802, 537, 237, 210, 205]","[0.2247842401266098, 0.08051364868879318, 0.054066166281700134, 0.0398443378508091, 0.03601156920194626]"
blur-nosal,original,430,802,730,0,0.35163185000419617,"[730, 802, 595, 866, 801]","[0.35163185000419617, 0.1802125871181488, 0.15447895228862762, 0.06093243882060051, 0.029375692829489708]"
blur-nosal,original,431,491,537,0,0.13063475489616394,"[537, 383, 491, 76, 730]","[0.13063475489616394, 0.07000868767499924, 0.05234959349036217, 0.04307951405644417, 0.039673421531915665]"
blur-nosal,original,432,277,242,0,0.12024194002151489,"[242, 180, 217, 247, 213]","[0.12024194002151489, 0.09540174156427383, 0.0878596305847168, 0.0782034695148468, 0.05293429270386696]"
blur-nosal,original,433,802,802,1,0.9680095314979553,"[802, 693, 573, 472, 450]","[0.9680095314979553, 0.02054150030016899, 0.002987561048939824, 0.0026458834763616323, 0.0008641591994091868]"
blur-nosal,original,434,802,802,1,0.9940091371536255,"[802, 537, 387, 803, 295]","[0.9940091371536255, 0.004720810800790787, 0.00017484492855146527, 0.00016267634055111557, 6.894096441101283e-05]"
blur-nosal,original,435,516,492,0,0.11225321143865585,"[492, 516, 519, 408, 579]","[0.11225321143865585, 0.088624007999897, 0.08694398403167725, 0.051238179206848145, 0.05083088576793671]"
blur-nosal,original,436,13,13,1,0.4912584722042084,"[13, 19, 10, 16, 17]","[0.4912584722042084, 0.4127853512763977, 0.05236867442727089, 0.01346588134765625, 0.011325412429869175]"
blur-nosal,original,437,296,296,1,0.19300477206707,"[296, 258, 348, 397, 279]","[0.19300477206707, 0.11605166643857956, 0.08525532484054565, 0.06380075961351395, 0.06286453455686569]"
blur-nosal,original,438,425,812,0,0.10633543133735657,"[812, 682, 437, 442, 716]","[0.10633543133735657, 0.1063128188252449, 0.10145330429077148, 0.08447188138961792, 0.08336077630519867]"
blur-nosal,original,439,223,102,0,0.08935698866844177,"[102, 256, 792, 223, 19]","[0.08935698866844177, 0.05595594272017479, 0.041964396834373474, 0.0402994379401207, 0.03288191556930542]"
blur-nosal,original,440,795,795,1,0.5735557079315186,"[795, 460, 978, 148, 975]","[0.5735557079315186, 0.11691293865442276, 0.030713476240634918, 0.028326114639639854, 0.022870708256959915]"
blur-nosal,original,441,13,13,1,0.2777050733566284,"[13, 120, 310, 253, 172]","[0.2777050733566284, 0.09790532290935516, 0.08480267226696014, 0.05425849184393883, 0.03696779906749725]"
blur-nosal,original,442,227,537,0,0.6352304220199585,"[537, 180, 802, 209, 224]","[0.6352304220199585, 0.045454252511262894, 0.032367054373025894, 0.030761754140257835, 0.02895255573093891]"
blur-nosal,original,443,867,803,0,0.4441904127597809,"[803, 867, 562, 660, 595]","[0.4441904127597809, 0.1316748708486557, 0.048672568053007126, 0.04060715064406395, 0.03517293930053711]"
blur-nosal,original,444,232,232,1,0.215944305062294,"[232, 164, 22, 217, 197]","[0.215944305062294, 0.12958654761314392, 0.11227203905582428, 0.09153857082128525, 0.037453021854162216]"
blur-nosal,original,445,795,795,1,0.8131194114685059,"[795, 450, 612, 880, 413]","[0.8131194114685059, 0.04402545467019081, 0.02443440817296505, 0.012090119533240795, 0.01046009361743927]"
blur-nosal,original,446,81,296,0,0.47490397095680237,"[296, 81, 279, 356, 89]","[0.47490397095680237, 0.2142326533794403, 0.1572449952363968, 0.035034142434597015, 0.01573409140110016]"
blur-nosal,original,447,238,842,0,0.10320527106523514,"[842, 238, 22, 242, 137]","[0.10320527106523514, 0.06935908645391464, 0.06012050062417984, 0.04482214152812958, 0.03820405900478363]"
blur-nosal,original,448,296,296,1,0.6249035000801086,"[296, 270, 222, 500, 267]","[0.6249035000801086, 0.17415346205234528, 0.0583718903362751, 0.03801922872662544, 0.013750730082392693]"
blur-nosal,original,449,172,172,1,0.8150957226753235,"[172, 173, 166, 247, 348]","[0.8150957226753235, 0.018627624958753586, 0.01576625555753708, 0.01570837013423443, 0.008755297400057316]"
blur-nosal,original,450,178,209,0,0.23219147324562073,"[209, 271, 159, 242, 273]","[0.23219147324562073, 0.19887739419937134, 0.09793303161859512, 0.06611356139183044, 0.06159529834985733]"
blur-nosal,original,451,803,970,0,0.2860606610774994,"[970, 915, 832, 672, 403]","[0.2860606610774994, 0.13206304609775543, 0.11704133450984955, 0.08126188069581985, 0.054537247866392136]"
blur-nosal,original,452,331,131,0,0.4414646029472351,"[131, 350, 349, 144, 99]","[0.4414646029472351, 0.081852987408638, 0.07518132030963898, 0.04419193044304848, 0.02657192572951317]"
blur-nosal,original,453,292,181,0,0.14304260909557343,"[181, 202, 652, 676, 697]","[0.14304260909557343, 0.08174297213554382, 0.062293026596307755, 0.044732674956321716, 0.04342019557952881]"
blur-nosal,original,454,787,792,0,0.16830934584140778,"[792, 491, 929, 982, 672]","[0.16830934584140778, 0.0963033065199852, 0.07811366021633148, 0.030144060030579567, 0.024008750915527344]"
blur-nosal,original,455,231,876,0,0.16728495061397552,"[876, 39, 344, 248, 977]","[0.16728495061397552, 0.07783420383930206, 0.04239621013402939, 0.04179265350103378, 0.034710027277469635]"
blur-nosal,original,456,81,81,1,0.8741193413734436,"[81, 6, 5, 279, 792]","[0.8741193413734436, 0.06849616020917892, 0.027677301317453384, 0.003335920860990882, 0.0017838870408013463]"
blur-nosal,original,457,803,634,0,0.1737329512834549,"[634, 803, 703, 449, 458]","[0.1737329512834549, 0.06685236096382141, 0.039917558431625366, 0.03069649636745453, 0.026304828003048897]"
blur-nosal,original,458,792,192,0,0.09454511851072311,"[192, 191, 721, 203, 750]","[0.09454511851072311, 0.08282919973134995, 0.05402390658855438, 0.05155450105667114, 0.05130705609917641]"
blur-nosal,original,459,654,874,0,0.7131993770599365,"[874, 757, 864, 555, 705]","[0.7131993770599365, 0.03337389603257179, 0.033148493617773056, 0.03143663331866264, 0.0162588432431221]"
blur-nosal,original,460,170,170,1,0.3805241584777832,"[170, 248, 270, 169, 231]","[0.3805241584777832, 0.062807597219944, 0.06210274621844292, 0.05787056311964989, 0.03858523070812225]"
blur-nosal,original,461,199,148,0,0.2285468727350235,"[148, 802, 460, 976, 537]","[0.2285468727350235, 0.16190998256206512, 0.12415501475334167, 0.05794567987322807, 0.05198414623737335]"
blur-nosal,original,462,795,242,0,0.2991708517074585,"[242, 145, 386, 171, 345]","[0.2991708517074585, 0.24637162685394287, 0.11501144617795944, 0.04173530638217926, 0.03871633857488632]"
blur-nosal,original,463,802,802,1,0.6994621157646179,"[802, 795, 803, 970, 915]","[0.6994621157646179, 0.11437073349952698, 0.08829604089260101, 0.006117686629295349, 0.0041216108947992325]"
blur-nosal,original,464,198,198,1,0.2454490214586258,"[198, 246, 197, 178, 299]","[0.2454490214586258, 0.07325605303049088, 0.06184747815132141, 0.05995417758822441, 0.05395374447107315]"
blur-nosal,original,465,209,342,0,0.17752452194690704,"[342, 143, 209, 792, 348]","[0.17752452194690704, 0.10217219591140747, 0.08433222770690918, 0.05634665489196777, 0.042542099952697754]"
blur-nosal,original,466,247,880,0,0.19771000742912292,"[880, 758, 704, 795, 703]","[0.19771000742912292, 0.09765370935201645, 0.052469342947006226, 0.045386698096990585, 0.04044542461633682]"
blur-nosal,original,467,224,224,1,0.28557318449020386,"[224, 297, 244, 256, 239]","[0.28557318449020386, 0.12718045711517334, 0.10754938423633575, 0.08873099088668823, 0.06441548466682434]"
blur-nosal,original,468,258,258,1,0.8118478059768677,"[258, 279, 257, 270, 153]","[0.8118478059768677, 0.07718009501695633, 0.05882234498858452, 0.016169557347893715, 0.011012199334800243]"
blur-nosal,original,469,13,13,1,0.5358781814575195,"[13, 336, 319, 42, 10]","[0.5358781814575195, 0.12701158225536346, 0.08452149480581284, 0.027543911710381508, 0.0214979350566864]"
blur-nosal,original,470,339,339,1,0.31730541586875916,"[339, 273, 537, 253, 211]","[0.31730541586875916, 0.15262000262737274, 0.06499774008989334, 0.03062695823609829, 0.029526839032769203]"
blur-nosal,original,471,888,888,1,0.9996304512023926,"[888, 913, 460, 525, 718]","[0.9996304512023926, 7.973510946612805e-05, 6.710112938890234e-05, 6.637417391175404e-05, 2.593990029708948e-05]"
blur-nosal,original,472,258,269,0,0.1517966389656067,"[269, 192, 174, 248, 283]","[0.1517966389656067, 0.08075455576181412, 0.06163265183568001, 0.058250535279512405, 0.05683109536767006]"
blur-nosal,original,473,792,50,0,0.380249559879303,"[50, 258, 832, 203, 802]","[0.380249559879303, 0.14774060249328613, 0.048736222088336945, 0.03894504904747009, 0.03715751692652702]"
blur-nosal,original,474,792,491,0,0.18500961363315582,"[491, 203, 792, 463, 148]","[0.18500961363315582, 0.16943824291229248, 0.11975254118442535, 0.05483847111463547, 0.04762890562415123]"
blur-nosal,original,475,346,51,0,0.3619269132614136,"[51, 346, 345, 101, 350]","[0.3619269132614136, 0.10222616791725159, 0.08178608864545822, 0.06842691451311111, 0.06673097610473633]"
blur-nosal,original,476,671,600,0,0.22840528190135956,"[600, 805, 417, 733, 574]","[0.22840528190135956, 0.0820602998137474, 0.08009448647499084, 0.07442034035921097, 0.06270928680896759]"
blur-nosal,original,477,724,554,0,0.26428258419036865,"[554, 724, 914, 595, 975]","[0.26428258419036865, 0.24936559796333313, 0.103058822453022, 0.06109999492764473, 0.02612263895571232]"
blur-nosal,original,478,394,144,0,0.12802694737911224,"[144, 814, 835, 391, 449]","[0.12802694737911224, 0.11180177330970764, 0.06802541017532349, 0.06635605543851852, 0.053828123956918716]"
blur-nosal,original,479,672,970,0,0.5147676467895508,"[970, 672, 148, 979, 821]","[0.5147676467895508, 0.040762752294540405, 0.027635538950562477, 0.026918470859527588, 0.019207753241062164]"
blur-nosal,original,480,289,69,0,0.16179613769054413,"[69, 61, 282, 82, 62]","[0.16179613769054413, 0.13576467335224152, 0.07968120276927948, 0.04667133465409279, 0.04008789360523224]"
blur-nosal,original,481,818,920,0,0.20407311618328094,"[920, 744, 820, 657, 538]","[0.20407311618328094, 0.07086720317602158, 0.05511847510933876, 0.04753086715936661, 0.046283841133117676]"
blur-nosal,original,482,853,449,0,0.4834206998348236,"[449, 976, 913, 975, 141]","[0.4834206998348236, 0.15727978944778442, 0.03574305772781372, 0.029574638232588768, 0.02860371582210064]"
blur-nosal,original,483,239,239,1,0.7842452526092529,"[239, 240, 232, 238, 241]","[0.7842452526092529, 0.12689140439033508, 0.03909553587436676, 0.008753887377679348, 0.0067200553603470325]"
blur-nosal,original,484,425,425,1,0.9986749291419983,"[425, 449, 497, 915, 853]","[0.9986749291419983, 0.0011026363354176283, 7.237347017508e-05, 3.737277802429162e-05, 2.8808804927393794e-05]"
blur-nosal,original,485,355,355,1,0.7467083930969238,"[355, 649, 354, 270, 348]","[0.7467083930969238, 0.17239800095558167, 0.0316324420273304, 0.011968332342803478, 0.004098337143659592]"
blur-nosal,original,486,863,863,1,0.2999657094478607,"[863, 491, 791, 920, 919]","[0.2999657094478607, 0.13379967212677002, 0.08169592916965485, 0.04877068102359772, 0.0327577069401741]"
blur-nosal,original,487,349,958,0,0.23306958377361298,"[958, 672, 483, 449, 853]","[0.23306958377361298, 0.09969893097877502, 0.09737519919872284, 0.08257593959569931, 0.07556630671024323]"
blur-nosal,original,488,703,975,0,0.5885688662528992,"[975, 449, 718, 425, 536]","[0.5885688662528992, 0.10927686095237732, 0.047125693410634995, 0.043396420776844025, 0.017816226929426193]"
blur-nosal,original,489,425,449,0,0.3330989181995392,"[449, 425, 807, 832, 915]","[0.3330989181995392, 0.13668474555015564, 0.07878062129020691, 0.07622554898262024, 0.06675855815410614]"
blur-nosal,original,490,795,795,1,0.9174147248268127,"[795, 537, 807, 672, 755]","[0.9174147248268127, 0.01725933328270912, 0.010951737873256207, 0.00867251493036747, 0.007020745426416397]"
blur-nosal,original,491,690,603,0,0.1649203896522522,"[603, 551, 471, 354, 460]","[0.1649203896522522, 0.12438282370567322, 0.11836138367652893, 0.046205073595047, 0.04152688756585121]"
blur-nosal,original,492,672,672,1,0.9717513918876648,"[672, 835, 871, 425, 497]","[0.9717513918876648, 0.00870541576296091, 0.003851920599117875, 0.002364032668992877, 0.0015241465298458934]"
blur-nosal,original,493,671,970,0,0.4955212473869324,"[970, 537, 672, 795, 913]","[0.4955212473869324, 0.13242264091968536, 0.11083094030618668, 0.05677048861980438, 0.019067779183387756]"
blur-nosal,original,494,81,970,0,0.7062349915504456,"[970, 3, 39, 980, 979]","[0.7062349915504456, 0.04505183920264244, 0.0246037095785141, 0.022675110027194023, 0.014544914476573467]"
blur-nosal,original,495,733,979,0,0.2714878022670746,"[979, 975, 562, 646, 449]","[0.2714878022670746, 0.12994462251663208, 0.10075097531080246, 0.08520156890153885, 0.07359804213047028]"
blur-nosal,original,496,672,672,1,0.7950065732002258,"[672, 888, 649, 525, 460]","[0.7950065732002258, 0.10146516561508179, 0.04381485655903816, 0.011192342266440392, 0.006991828326135874]"
blur-nosal,original,497,795,795,1,0.4056392312049866,"[795, 537, 802, 970, 672]","[0.4056392312049866, 0.2525918781757355, 0.05989875644445419, 0.0488789938390255, 0.023475173860788345]"
blur-nosal,original,498,663,483,0,0.8673484921455383,"[483, 888, 975, 449, 663]","[0.8673484921455383, 0.035480692982673645, 0.03287680074572563, 0.018661651760339737, 0.013133956119418144]"
blur-nosal,original,499,705,975,0,0.602068305015564,"[975, 525, 979, 839, 888]","[0.602068305015564, 0.2932559847831726, 0.03997505456209183, 0.019016336649656296, 0.008064104244112968]"
blur-nosal,original,500,675,791,0,0.32737329602241516,"[791, 867, 510, 449, 675]","[0.32737329602241516, 0.1283208578824997, 0.06412650644779205, 0.04297029972076416, 0.04157537966966629]"
blur-nosal,original,501,404,404,1,0.9705663919448853,"[404, 895, 908, 405, 517]","[0.9705663919448853, 0.02820190228521824, 0.0009987169178202748, 0.00014804775128141046, 4.272803198546171e-05]"
blur-nosal,original,502,609,286,0,0.13963750004768372,"[286, 295, 294, 293, 342]","[0.13963750004768372, 0.1190863847732544, 0.10205727815628052, 0.1007286012172699, 0.05428912118077278]"
blur-nosal,original,503,672,672,1,0.5047292113304138,"[672, 980, 970, 979, 915]","[0.5047292113304138, 0.24955546855926514, 0.16401605308055878, 0.01838863641023636, 0.00705327745527029]"
blur-nosal,original,504,915,915,1,0.959494411945343,"[915, 727, 580, 538, 755]","[0.959494411945343, 0.013355974107980728, 0.010667460970580578, 0.004277452826499939, 0.002106025582179427]"
blur-nosal,original,505,336,350,0,0.15461941063404083,"[350, 976, 336, 972, 348]","[0.15461941063404083, 0.14504578709602356, 0.13565900921821594, 0.13041795790195465, 0.05954143777489662]"
blur-nosal,original,506,515,39,0,0.6439841985702515,"[39, 293, 370, 386, 42]","[0.6439841985702515, 0.03266799449920654, 0.01698313094675541, 0.014956768602132797, 0.01395572628825903]"
blur-nosal,original,507,425,425,1,0.9943538904190063,"[425, 449, 497, 483, 698]","[0.9943538904190063, 0.003820716869086027, 0.0007488748524338007, 0.0004715902323368937, 0.00040153367444872856]"
blur-nosal,original,508,404,404,1,0.7642270922660828,"[404, 977, 908, 751, 888]","[0.7642270922660828, 0.0532953254878521, 0.028172222897410393, 0.022433452308177948, 0.01911226473748684]"
blur-nosal,original,509,724,625,0,0.2562321722507477,"[625, 554, 724, 536, 540]","[0.2562321722507477, 0.2425573468208313, 0.24083666503429413, 0.03121141716837883, 0.02604195475578308]"
blur-nosal,original,510,718,874,0,0.30442455410957336,"[874, 779, 829, 718, 716]","[0.30442455410957336, 0.1629217118024826, 0.1392509639263153, 0.0707106962800026, 0.0399494469165802]"
blur-nosal,original,511,671,970,0,0.13412979245185852,"[970, 460, 433, 346, 344]","[0.13412979245185852, 0.05412711575627327, 0.04670300334692001, 0.036236636340618134, 0.034711726009845734]"
blur-nosal,original,512,147,147,1,0.6421472430229187,"[147, 148, 460, 144, 649]","[0.6421472430229187, 0.1744309961795807, 0.07983633875846863, 0.015410233289003372, 0.009192791767418385]"
blur-nosal,original,513,484,484,1,0.5489599704742432,"[484, 871, 914, 780, 833]","[0.5489599704742432, 0.4500042200088501, 0.00046561440103687346, 0.0004372849653009325, 2.7444737497717142e-05]"
blur-nosal,original,514,449,437,0,0.27241459488868713,"[437, 425, 405, 483, 517]","[0.27241459488868713, 0.14261862635612488, 0.12146788090467453, 0.045396458357572556, 0.03754819184541702]"
blur-nosal,original,515,842,460,0,0.4544209837913513,"[460, 978, 842, 977, 537]","[0.4544209837913513, 0.12775222957134247, 0.07221457362174988, 0.055684711784124374, 0.0407288484275341]"
blur-nosal,original,516,708,403,0,0.14656813442707062,"[403, 791, 628, 981, 847]","[0.14656813442707062, 0.12784729897975922, 0.11243943870067596, 0.11042103916406631, 0.05350321903824806]"
blur-nosal,original,517,393,5,0,0.42393454909324646,"[5, 748, 893, 794, 443]","[0.42393454909324646, 0.12591929733753204, 0.12152625620365143, 0.0435013622045517, 0.031739283353090286]"
blur-nosal,original,518,862,447,0,0.15069594979286194,"[447, 872, 879, 693, 600]","[0.15069594979286194, 0.12075478583574295, 0.10288868099451065, 0.06292698532342911, 0.04139477759599686]"
blur-nosal,original,519,625,625,1,0.9991729855537415,"[625, 554, 510, 484, 814]","[0.9991729855537415, 0.0005911985645070672, 0.00012397831596899778, 4.4979849917581305e-05, 1.540695120638702e-05]"
blur-nosal,original,520,977,914,0,0.11037105321884155,"[914, 344, 895, 871, 975]","[0.11037105321884155, 0.08532873541116714, 0.07203376293182373, 0.06552784144878387, 0.06342308968305588]"
blur-nosal,original,521,536,975,0,0.23746871948242188,"[975, 449, 879, 724, 718]","[0.23746871948242188, 0.11353480815887451, 0.08657039701938629, 0.06897217035293579, 0.03177023306488991]"
blur-nosal,original,522,472,978,0,0.5581448078155518,"[978, 977, 472, 975, 625]","[0.5581448078155518, 0.24703197181224823, 0.10331259667873383, 0.01894465461373329, 0.016917381435632706]"
blur-nosal,original,523,437,437,1,0.9031105041503906,"[437, 497, 780, 510, 724]","[0.9031105041503906, 0.026637719944119453, 0.011366922408342361, 0.008532475680112839, 0.006596015300601721]"
blur-nosal,original,524,393,393,1,0.6715214848518372,"[393, 108, 973, 944, 124]","[0.6715214848518372, 0.32616108655929565, 0.0008434159099124372, 0.00029956307844258845, 0.00013093333109281957]"
blur-nosal,original,525,394,483,0,0.1539139300584793,"[483, 979, 976, 336, 970]","[0.1539139300584793, 0.10732419043779373, 0.1033378466963768, 0.07586807757616043, 0.06335491687059402]"
blur-nosal,original,526,147,147,1,0.8492482304573059,"[147, 972, 976, 360, 148]","[0.8492482304573059, 0.04002586007118225, 0.01608193665742874, 0.015964260324835777, 0.013378462754189968]"
blur-nosal,original,527,437,437,1,0.9438928365707397,"[437, 682, 442, 900, 668]","[0.9438928365707397, 0.022541096433997154, 0.008189561776816845, 0.006125922780483961, 0.0036609501112252474]"
blur-nosal,original,528,373,354,0,0.6667002439498901,"[354, 178, 51, 209, 373]","[0.6667002439498901, 0.03919984772801399, 0.02708662487566471, 0.019659612327814102, 0.017985858023166656]"
blur-nosal,original,529,147,148,0,0.325252503156662,"[148, 147, 146, 137, 144]","[0.325252503156662, 0.11431709676980972, 0.1067647859454155, 0.06949391216039658, 0.04330054670572281]"
blur-nosal,original,530,143,141,0,0.34595736861228943,"[141, 98, 20, 146, 140]","[0.34595736861228943, 0.24556556344032288, 0.11479654163122177, 0.07708361744880676, 0.053978078067302704]"
blur-nosal,original,531,625,625,1,0.9408169388771057,"[625, 408, 814, 536, 449]","[0.9408169388771057, 0.01754108816385269, 0.013508555479347706, 0.006024651229381561, 0.0027080955915153027]"
blur-nosal,original,532,833,833,1,0.42553505301475525,"[833, 408, 814, 484, 693]","[0.42553505301475525, 0.07753656804561615, 0.07348433136940002, 0.04290241003036499, 0.03850378468632698]"
blur-nosal,original,533,403,510,0,0.282046914100647,"[510, 718, 403, 975, 460]","[0.282046914100647, 0.14861665666103363, 0.14255651831626892, 0.07384838908910751, 0.0698174387216568]"
blur-nosal,original,534,914,780,0,0.238345667719841,"[780, 484, 914, 871, 835]","[0.238345667719841, 0.20052120089530945, 0.1610107272863388, 0.09707240760326385, 0.04893308877944946]"
blur-nosal,original,535,484,484,1,0.2787439823150635,"[484, 871, 733, 517, 718]","[0.2787439823150635, 0.1079212874174118, 0.0771968886256218, 0.06989192217588425, 0.05001843348145485]"
blur-nosal,original,536,148,148,1,0.9655260443687439,"[148, 147, 913, 460, 693]","[0.9655260443687439, 0.020521575585007668, 0.0035524426493793726, 0.0027719931676983833, 0.002131751039996743]"
blur-nosal,original,537,554,554,1,0.8681464195251465,"[554, 562, 914, 978, 472]","[0.8681464195251465, 0.052407778799533844, 0.018349917605519295, 0.006703673396259546, 0.005696690175682306]"
blur-nosal,original,538,814,625,0,0.17938290536403656,"[625, 468, 814, 576, 408]","[0.17938290536403656, 0.14892883598804474, 0.11141124367713928, 0.08837021142244339, 0.08508682250976562]"
blur-nosal,original,539,983,973,0,0.8584175109863281,"[973, 327, 329, 108, 397]","[0.8584175109863281, 0.04020282253623009, 0.0224970281124115, 0.018203068524599075, 0.01714891754090786]"
blur-nosal,original,540,267,296,0,0.18798992037773132,"[296, 194, 267, 170, 175]","[0.18798992037773132, 0.17089144885540009, 0.08247245103120804, 0.06989593803882599, 0.05491114780306816]"
blur-nosal,original,541,625,625,1,0.8903566002845764,"[625, 403, 913, 460, 484]","[0.8903566002845764, 0.04800226166844368, 0.021784665063023567, 0.007820528000593185, 0.00755442027002573]"
blur-nosal,original,542,554,900,0,0.14313681423664093,"[900, 437, 978, 460, 701]","[0.14313681423664093, 0.1428527683019638, 0.09926225244998932, 0.08376602828502655, 0.035821299999952316]"
blur-nosal,original,543,554,807,0,0.7655885815620422,"[807, 814, 628, 557, 780]","[0.7655885815620422, 0.04416805878281593, 0.03351881355047226, 0.022329578176140785, 0.015588735230267048]"
blur-nosal,original,544,554,554,1,0.2247905284166336,"[554, 833, 536, 460, 471]","[0.2247905284166336, 0.15985126793384552, 0.1292143166065216, 0.06390377134084702, 0.05177207663655281]"
blur-nosal,original,545,625,565,0,0.42611807584762573,"[565, 510, 625, 864, 555]","[0.42611807584762573, 0.17222851514816284, 0.12214776128530502, 0.10107676684856415, 0.04625875502824783]"
blur-nosal,original,546,437,975,0,0.2721279561519623,"[975, 536, 472, 978, 812]","[0.2721279561519623, 0.20687560737133026, 0.06805774569511414, 0.05997273325920105, 0.053724147379398346]"
blur-nosal,original,547,146,146,1,0.31984198093414307,"[146, 34, 137, 296, 801]","[0.31984198093414307, 0.07358849048614502, 0.0732962116599083, 0.060195181518793106, 0.057050492614507675]"
blur-nosal,original,548,625,625,1,0.9198772311210632,"[625, 468, 833, 554, 803]","[0.9198772311210632, 0.009778090752661228, 0.00865285936743021, 0.008052616380155087, 0.006067673210054636]"
blur-nosal,original,549,148,148,1,0.8169559240341187,"[148, 136, 17, 98, 279]","[0.8169559240341187, 0.07875097543001175, 0.02136438526213169, 0.011420579627156258, 0.009053094312548637]"
blur-nosal,original,550,914,914,1,0.6417095065116882,"[914, 871, 484, 780, 718]","[0.6417095065116882, 0.1237001121044159, 0.06475740671157837, 0.04500715062022209, 0.03357888385653496]"
blur-nosal,original,551,484,484,1,0.7235786318778992,"[484, 871, 625, 724, 554]","[0.7235786318778992, 0.08577418327331543, 0.06649382412433624, 0.02726840414106846, 0.020166993141174316]"
blur-nosal,original,552,484,484,1,0.6865003705024719,"[484, 871, 780, 914, 833]","[0.6865003705024719, 0.3087955713272095, 0.001334154512733221, 0.0011194921098649502, 0.0006991685950197279]"
blur-nosal,original,553,115,115,1,0.5481816530227661,"[115, 110, 114, 125, 994]","[0.5481816530227661, 0.05540357530117035, 0.050925906747579575, 0.04850253462791443, 0.03679269924759865]"
blur-nosal,original,554,775,775,1,0.22336603701114655,"[775, 236, 638, 693, 159]","[0.22336603701114655, 0.16942192614078522, 0.0694766640663147, 0.0544205866754055, 0.04776281863451004]"
blur-nosal,original,555,115,115,1,0.7159608602523804,"[115, 110, 329, 328, 500]","[0.7159608602523804, 0.11903958767652512, 0.07279548048973083, 0.013874552212655544, 0.006411365699023008]"
blur-nosal,original,556,484,484,1,0.6577833890914917,"[484, 871, 914, 780, 900]","[0.6577833890914917, 0.3329213857650757, 0.005200820509344339, 0.003840056015178561, 6.62393867969513e-05]"
blur-nosal,original,557,4,6,0,0.4316852390766144,"[6, 4, 3, 148, 5]","[0.4316852390766144, 0.3282691538333893, 0.1367201954126358, 0.059332866221666336, 0.011014147661626339]"
blur-nosal,original,558,983,983,1,0.8984861373901367,"[983, 483, 851, 909, 782]","[0.8984861373901367, 0.015382407233119011, 0.010424241423606873, 0.00989643856883049, 0.0069497921504080296]"
blur-nosal,original,559,842,842,1,0.6955592036247253,"[842, 639, 638, 445, 243]","[0.6955592036247253, 0.14572302997112274, 0.052439432591199875, 0.03824594244360924, 0.020846357569098473]"
blur-nosal,original,560,115,115,1,0.8390912413597107,"[115, 25, 448, 723, 65]","[0.8390912413597107, 0.11523314565420151, 0.0061168549582362175, 0.0049206591211259365, 0.004492719192057848]"
blur-nosal,original,561,391,391,1,0.9819163680076599,"[391, 394, 490, 491, 653]","[0.9819163680076599, 0.005036903545260429, 0.002773504937067628, 0.001850469270721078, 0.0009311774629168212]"
blur-nosal,original,562,123,775,0,0.2559134364128113,"[775, 354, 724, 401, 514]","[0.2559134364128113, 0.20557008683681488, 0.1504712998867035, 0.07232247292995453, 0.05918961763381958]"
blur-nosal,original,563,253,253,1,0.389537513256073,"[253, 339, 168, 242, 227]","[0.389537513256073, 0.13171721994876862, 0.07282000780105591, 0.03726179897785187, 0.03661501035094261]"
blur-nosal,original,564,484,484,1,0.8026620149612427,"[484, 871, 914, 780, 724]","[0.8026620149612427, 0.1923290193080902, 0.0044876160100102425, 0.0003549747634679079, 2.852834040822927e-05]"
blur-nosal,original,565,437,437,1,0.9857850670814514,"[437, 540, 460, 583, 510]","[0.9857850670814514, 0.004771588835865259, 0.002652409952133894, 0.0020106665324419737, 0.0008498747483827174]"
blur-nosal,original,566,148,977,0,0.42364782094955444,"[977, 975, 814, 148, 979]","[0.42364782094955444, 0.14110562205314636, 0.06264223158359528, 0.05131634324789047, 0.03008437715470791]"
blur-nosal,original,567,147,147,1,0.3296462297439575,"[147, 148, 833, 460, 975]","[0.3296462297439575, 0.2780334949493408, 0.1107078269124031, 0.028430277481675148, 0.028332188725471497]"
blur-nosal,original,568,148,148,1,0.7920730710029602,"[148, 147, 833, 146, 150]","[0.7920730710029602, 0.09316152334213257, 0.04994215443730354, 0.023264938965439796, 0.020231943577528]"
blur-nosal,original,569,608,977,0,0.287832111120224,"[977, 978, 433, 801, 34]","[0.287832111120224, 0.13325217366218567, 0.10511269420385361, 0.09365236759185791, 0.04042334482073784]"
blur-nosal,original,570,62,164,0,0.0842309445142746,"[164, 621, 491, 428, 104]","[0.0842309445142746, 0.08055228739976883, 0.05920415744185448, 0.052620820701122284, 0.04431639239192009]"
blur-nosal,original,571,972,972,1,0.13614067435264587,"[972, 977, 975, 976, 842]","[0.13614067435264587, 0.11454980820417404, 0.11407167464494705, 0.08102497458457947, 0.03448266535997391]"
blur-nosal,original,572,139,298,0,0.09428632259368896,"[298, 67, 133, 54, 82]","[0.09428632259368896, 0.09346803277730942, 0.08165133744478226, 0.07498752325773239, 0.052724093198776245]"
blur-nosal,original,573,354,354,1,0.8636164665222168,"[354, 349, 649, 172, 350]","[0.8636164665222168, 0.0468205101788044, 0.03557534143328667, 0.00871403981000185, 0.007478291168808937]"
blur-nosal,original,574,140,98,0,0.5244144201278687,"[98, 142, 140, 141, 58]","[0.5244144201278687, 0.1475973129272461, 0.06381325423717499, 0.05895646661520004, 0.05547274649143219]"
blur-nosal,original,575,437,437,1,0.9843429327011108,"[437, 442, 483, 976, 839]","[0.9843429327011108, 0.006069319322705269, 0.0018436911050230265, 0.0010755303082987666, 0.0008439390803687274]"
blur-nosal,original,576,529,744,0,0.1077285185456276,"[744, 657, 538, 437, 718]","[0.1077285185456276, 0.06649284064769745, 0.06617029011249542, 0.05969521030783653, 0.04931790381669998]"
blur-nosal,original,577,66,5,0,0.11315962672233582,"[5, 6, 48, 298, 68]","[0.11315962672233582, 0.10010292381048203, 0.07438159734010696, 0.06901054084300995, 0.04318840801715851]"
blur-nosal,original,578,511,436,0,0.3032526969909668,"[436, 511, 817, 656, 609]","[0.3032526969909668, 0.2763025462627411, 0.14021721482276917, 0.06898525357246399, 0.06741754710674286]"
blur-nosal,original,579,376,376,1,0.517358124256134,"[376, 374, 129, 352, 690]","[0.517358124256134, 0.04713396355509758, 0.04471534118056297, 0.039509352296590805, 0.03529571369290352]"
blur-nosal,original,580,404,895,0,0.3930317163467407,"[895, 404, 833, 346, 471]","[0.3930317163467407, 0.30974289774894714, 0.1580589860677719, 0.016094883903861046, 0.011779840104281902]"
blur-nosal,original,581,207,151,0,0.17482319474220276,"[151, 298, 277, 299, 278]","[0.17482319474220276, 0.09604557603597641, 0.05901861563324928, 0.053946297615766525, 0.04898548871278763]"
blur-nosal,original,582,33,337,0,0.2703334093093872,"[337, 976, 357, 46, 40]","[0.2703334093093872, 0.230589359998703, 0.10717563331127167, 0.04907887428998947, 0.0248591098934412]"
blur-nosal,original,583,34,591,0,0.4318011999130249,"[591, 549, 78, 749, 709]","[0.4318011999130249, 0.12026452273130417, 0.056189414113759995, 0.03195984289050102, 0.030453860759735107]"
blur-nosal,original,584,112,112,1,0.36733007431030273,"[112, 185, 8, 119, 274]","[0.36733007431030273, 0.07216283679008484, 0.06719686836004257, 0.0537227988243103, 0.03521205112338066]"
blur-nosal,original,585,792,639,0,0.1286797672510147,"[639, 354, 471, 842, 445]","[0.1286797672510147, 0.084322988986969, 0.06871531903743744, 0.051416393369436264, 0.05128534138202667]"
blur-nosal,original,586,172,173,0,0.27011609077453613,"[173, 339, 242, 253, 159]","[0.27011609077453613, 0.20247551798820496, 0.09803951531648636, 0.07017461955547333, 0.045367199927568436]"
blur-nosal,original,587,222,104,0,0.6597074866294861,"[104, 280, 253, 145, 144]","[0.6597074866294861, 0.03172880411148071, 0.02885448932647705, 0.021516334265470505, 0.01551344245672226]"
blur-nosal,original,588,140,978,0,0.2507264316082001,"[978, 142, 139, 143, 140]","[0.2507264316082001, 0.12997806072235107, 0.1243753507733345, 0.11122988909482956, 0.09974244236946106]"
blur-nosal,original,589,218,150,0,0.12224884331226349,"[150, 814, 145, 394, 18]","[0.12224884331226349, 0.06950128078460693, 0.04239676147699356, 0.03552434965968132, 0.035446953028440475]"
blur-nosal,original,590,459,173,0,0.17225684225559235,"[173, 445, 842, 730, 514]","[0.17225684225559235, 0.17197909951210022, 0.08172252774238586, 0.07760678231716156, 0.058522988110780716]"
blur-nosal,original,591,112,296,0,0.18606749176979065,"[296, 173, 344, 291, 104]","[0.18606749176979065, 0.05954020470380783, 0.05312621593475342, 0.05124049261212349, 0.039910249412059784]"
blur-nosal,original,592,609,867,0,0.2784368097782135,"[867, 449, 694, 609, 628]","[0.2784368097782135, 0.14125582575798035, 0.10172918438911438, 0.08634565770626068, 0.054812923073768616]"
blur-nosal,original,593,247,879,0,0.08725323528051376,"[879, 360, 150, 144, 915]","[0.08725323528051376, 0.07329249382019043, 0.06294488161802292, 0.05722971260547638, 0.039913974702358246]"
blur-nosal,original,594,354,354,1,0.9874022603034973,"[354, 344, 386, 255, 349]","[0.9874022603034973, 0.003140210174024105, 0.0011545744491741061, 0.0009040770237334073, 0.00089140614727512]"
blur-nosal,original,595,842,838,0,0.23158852756023407,"[838, 646, 890, 770, 616]","[0.23158852756023407, 0.08127832412719727, 0.04899949952960014, 0.04355442151427269, 0.03910655155777931]"
blur-nosal,original,596,232,343,0,0.35251525044441223,"[343, 350, 342, 336, 346]","[0.35251525044441223, 0.30183011293411255, 0.1445748656988144, 0.04082026332616806, 0.011524639092385769]"
blur-nosal,original,597,437,974,0,0.1580570638179779,"[974, 833, 977, 460, 628]","[0.1580570638179779, 0.08792728930711746, 0.0684136226773262, 0.052210986614227295, 0.05173824355006218]"
blur-nosal,original,598,386,101,0,0.2825372815132141,"[101, 385, 372, 386, 343]","[0.2825372815132141, 0.22640177607536316, 0.21153278648853302, 0.1794714331626892, 0.019636021926999092]"
blur-nosal,original,599,145,139,0,0.23726767301559448,"[139, 646, 977, 120, 141]","[0.23726767301559448, 0.20835436880588531, 0.057998184114694595, 0.048911985009908676, 0.044366490095853806]"
blur-nosal,original,600,193,227,0,0.16009856760501862,"[227, 213, 191, 193, 214]","[0.16009856760501862, 0.06636910885572433, 0.0588466115295887, 0.058399077504873276, 0.03857503458857536]"
blur-nosal,original,601,79,79,1,0.9092129468917847,"[79, 114, 35, 314, 76]","[0.9092129468917847, 0.015560860745608807, 0.011222464963793755, 0.007566282991319895, 0.005498464219272137]"
blur-nosal,original,602,139,139,1,0.9195185899734497,"[139, 42, 32, 56, 140]","[0.9195185899734497, 0.011945411562919617, 0.008624782785773277, 0.007822965271770954, 0.004405171610414982]"
blur-nosal,original,603,814,978,0,0.4337584972381592,"[978, 977, 908, 628, 867]","[0.4337584972381592, 0.3398192822933197, 0.029583439230918884, 0.026344168931245804, 0.01304052583873272]"
blur-nosal,original,604,765,765,1,0.6257823705673218,"[765, 421, 559, 879, 706]","[0.6257823705673218, 0.2016838639974594, 0.030686944723129272, 0.012283028103411198, 0.008111977018415928]"
blur-nosal,original,605,677,40,0,0.1845860481262207,"[40, 42, 138, 275, 46]","[0.1845860481262207, 0.10205024480819702, 0.038837917149066925, 0.035655416548252106, 0.03222081810235977]"
blur-nosal,original,606,792,506,0,0.5298126935958862,"[506, 825, 427, 421, 490]","[0.5298126935958862, 0.10987049341201782, 0.060426320880651474, 0.05467759445309639, 0.016361422836780548]"
blur-nosal,original,607,652,465,0,0.22448568046092987,"[465, 461, 715, 524, 652]","[0.22448568046092987, 0.18780411779880524, 0.16021649539470673, 0.12425222247838974, 0.04963843151926994]"
blur-nosal,original,608,707,707,1,0.875728964805603,"[707, 421, 905, 506, 556]","[0.875728964805603, 0.04602357745170593, 0.010045674629509449, 0.008173932321369648, 0.0038648531772196293]"
blur-nosal,original,609,863,863,1,0.9929214119911194,"[863, 770, 514, 464, 643]","[0.9929214119911194, 0.001982153160497546, 0.0017516944790259004, 0.0007823662599548697, 0.00034711731132119894]"
blur-nosal,original,610,670,741,0,0.1565435826778412,"[741, 788, 638, 546, 842]","[0.1565435826778412, 0.03707578033208847, 0.03506404906511307, 0.031087027862668037, 0.02925599366426468]"
blur-nosal,original,611,439,682,0,0.19600875675678253,"[682, 777, 733, 583, 920]","[0.19600875675678253, 0.16942709684371948, 0.0553707554936409, 0.036180153489112854, 0.035279642790555954]"
blur-nosal,original,612,355,221,0,0.4694632589817047,"[221, 7, 205, 294, 357]","[0.4694632589817047, 0.05136685445904732, 0.04266563430428505, 0.02638336829841137, 0.025836119428277016]"
blur-nosal,original,613,319,395,0,0.12425395101308823,"[395, 596, 616, 49, 46]","[0.12425395101308823, 0.08889205753803253, 0.06656184047460556, 0.06279715150594711, 0.03068847395479679]"
blur-nosal,original,614,778,471,0,0.238852396607399,"[471, 835, 763, 858, 587]","[0.238852396607399, 0.20106618106365204, 0.05661739781498909, 0.052412599325180054, 0.04462561011314392]"
blur-nosal,original,615,958,458,0,0.08360892534255981,"[458, 776, 191, 7, 562]","[0.08360892534255981, 0.06469262391328812, 0.04089700058102608, 0.03836798667907715, 0.03807029500603676]"
blur-nosal,original,616,879,777,0,0.3361702561378479,"[777, 708, 546, 432, 562]","[0.3361702561378479, 0.05742042884230614, 0.049387089908123016, 0.04375799745321274, 0.04097028449177742]"
blur-nosal,original,617,70,70,1,0.976680338382721,"[70, 313, 303, 315, 300]","[0.976680338382721, 0.012512044981122017, 0.004302123095840216, 0.0020430320873856544, 0.0007625332218594849]"
blur-nosal,original,618,471,866,0,0.10332037508487701,"[866, 611, 562, 22, 541]","[0.10332037508487701, 0.0860922634601593, 0.04614526778459549, 0.041301142424345016, 0.021973542869091034]"
blur-nosal,original,619,583,791,0,0.12118693441152573,"[791, 562, 497, 703, 509]","[0.12118693441152573, 0.09071575850248337, 0.051003046333789825, 0.04416888952255249, 0.042791541665792465]"
blur-nosal,original,620,792,427,0,0.19368214905261993,"[427, 792, 556, 462, 738]","[0.19368214905261993, 0.16182008385658264, 0.12143158167600632, 0.07809586822986603, 0.03561250865459442]"
blur-nosal,original,621,583,594,0,0.11916134506464005,"[594, 835, 872, 792, 600]","[0.11916134506464005, 0.0809619203209877, 0.07696409523487091, 0.06414976716041565, 0.05850960686802864]"
blur-nosal,original,622,7,448,0,0.07289857417345047,"[448, 942, 494, 708, 857]","[0.07289857417345047, 0.03336935490369797, 0.031482499092817307, 0.02873733453452587, 0.026064850389957428]"
blur-nosal,original,623,86,383,0,0.1208195686340332,"[383, 85, 42, 286, 134]","[0.1208195686340332, 0.07959591597318649, 0.0639173611998558, 0.054709699004888535, 0.053713615983724594]"
blur-nosal,original,624,919,727,0,0.08375667780637741,"[727, 517, 694, 698, 498]","[0.08375667780637741, 0.031647976487874985, 0.03153436258435249, 0.029547061771154404, 0.027822420001029968]"
blur-nosal,original,625,539,539,1,0.20748287439346313,"[539, 876, 463, 480, 478]","[0.20748287439346313, 0.07660411298274994, 0.07570883631706238, 0.07175642251968384, 0.030588900670409203]"
blur-nosal,original,626,287,993,0,0.1133299171924591,"[993, 282, 330, 287, 291]","[0.1133299171924591, 0.10959169268608093, 0.09421508759260178, 0.09319145232439041, 0.03502880781888962]"
blur-nosal,original,627,471,471,1,0.8810757994651794,"[471, 657, 835, 491, 764]","[0.8810757994651794, 0.033085793256759644, 0.010224937461316586, 0.009371733292937279, 0.007037160452455282]"
blur-nosal,original,628,513,703,0,0.10120268166065216,"[703, 472, 912, 772, 821]","[0.10120268166065216, 0.09164419770240784, 0.07692107558250427, 0.07587838917970657, 0.05727874115109444]"
blur-nosal,original,629,679,679,1,0.5417208075523376,"[679, 643, 892, 56, 31]","[0.5417208075523376, 0.04052797332406044, 0.030478201806545258, 0.02284112200140953, 0.02240958996117115]"
blur-nosal,original,630,426,426,1,0.8485569953918457,"[426, 778, 826, 577, 427]","[0.8485569953918457, 0.03913246467709541, 0.03345339000225067, 0.01114357728511095, 0.00511044729501009]"
blur-nosal,original,631,583,48,0,0.07730303704738617,"[48, 490, 583, 386, 105]","[0.07730303704738617, 0.07443816214799881, 0.06782999634742737, 0.0599573478102684, 0.05928776413202286]"
blur-nosal,original,632,637,637,1,0.9981446266174316,"[637, 458, 707, 519, 412]","[0.9981446266174316, 0.0006323790876194835, 0.00025394567637704313, 0.00021209297119639814, 0.00012255710316821933]"
blur-nosal,original,633,571,707,0,0.3507595360279083,"[707, 498, 480, 771, 547]","[0.3507595360279083, 0.31366291642189026, 0.11741143465042114, 0.056534670293331146, 0.03901106119155884]"
blur-nosal,original,634,737,741,0,0.2656916677951813,"[741, 829, 737, 547, 674]","[0.2656916677951813, 0.05420809984207153, 0.04304381459951401, 0.035435084253549576, 0.033773429691791534]"
blur-nosal,original,635,463,463,1,0.6466712951660156,"[463, 756, 469, 505, 427]","[0.6466712951660156, 0.1280684620141983, 0.08368009328842163, 0.021634649485349655, 0.01906469091773033]"
blur-nosal,original,636,520,520,1,0.9775654077529907,"[520, 516, 431, 453, 791]","[0.9775654077529907, 0.008617035113275051, 0.004551584832370281, 0.002380749909207225, 0.0011191184166818857]"
blur-nosal,original,637,458,458,1,0.3690241575241089,"[458, 922, 443, 411, 636]","[0.3690241575241089, 0.298412561416626, 0.0875619426369667, 0.03480934724211693, 0.034226104617118835]"
blur-nosal,original,638,427,738,0,0.2556169629096985,"[738, 863, 880, 511, 609]","[0.2556169629096985, 0.18514138460159302, 0.09870167821645737, 0.09171992540359497, 0.04851638898253441]"
blur-nosal,original,639,651,539,0,0.10091596096754074,"[539, 778, 760, 897, 771]","[0.10091596096754074, 0.08704213798046112, 0.0808587521314621, 0.04526836797595024, 0.043195419013500214]"
blur-nosal,original,640,846,846,1,0.2980029881000519,"[846, 894, 427, 619, 519]","[0.2980029881000519, 0.1387486457824707, 0.11872237920761108, 0.11314316093921661, 0.06667856127023697]"
blur-nosal,original,641,896,896,1,0.7355979681015015,"[896, 435, 876, 771, 804]","[0.7355979681015015, 0.23229944705963135, 0.008756953291594982, 0.0031671784818172455, 0.0030507997144013643]"
blur-nosal,original,642,45,699,0,0.1258537918329239,"[699, 584, 513, 616, 307]","[0.1258537918329239, 0.1078014224767685, 0.09719792753458023, 0.05952616035938263, 0.055293213576078415]"
blur-nosal,original,643,444,428,0,0.3846868574619293,"[428, 870, 444, 703, 690]","[0.3846868574619293, 0.18417036533355713, 0.14295761287212372, 0.03904540464282036, 0.030696026980876923]"
blur-nosal,original,644,224,224,1,0.5070393681526184,"[224, 369, 297, 160, 256]","[0.5070393681526184, 0.13877436518669128, 0.048000965267419815, 0.031177472323179245, 0.029152117669582367]"
blur-nosal,original,645,738,756,0,0.27197641134262085,"[756, 904, 781, 790, 640]","[0.27197641134262085, 0.19839082658290863, 0.04581839591264725, 0.045658618211746216, 0.043723221868276596]"
blur-nosal,original,646,495,495,1,0.6334201097488403,"[495, 799, 707, 453, 905]","[0.6334201097488403, 0.07067393511533737, 0.06439275294542313, 0.020153770223259926, 0.017963554710149765]"
blur-nosal,original,647,354,131,0,0.223643496632576,"[131, 133, 840, 193, 677]","[0.223643496632576, 0.1277391016483307, 0.07742427289485931, 0.06297197192907333, 0.05633912608027458]"
blur-nosal,original,648,315,815,0,0.1501995325088501,"[815, 733, 456, 843, 703]","[0.1501995325088501, 0.10496311634778976, 0.06322834640741348, 0.04097538813948631, 0.03851199895143509]"
blur-nosal,original,649,728,871,0,0.11576272547245026,"[871, 593, 668, 628, 536]","[0.11576272547245026, 0.09033864736557007, 0.06868303567171097, 0.06817005574703217, 0.04126490280032158]"
blur-nosal,original,650,715,715,1,0.9539351463317871,"[715, 879, 873, 425, 792]","[0.9539351463317871, 0.022325150668621063, 0.007874750532209873, 0.0015218977350741625, 0.0013711319770663977]"
blur-nosal,original,651,284,284,1,0.998907208442688,"[284, 285, 365, 389, 227]","[0.998907208442688, 6.13521333434619e-05, 5.9249188780086115e-05, 5.390817386796698e-05, 5.309265179676004e-05]"
blur-nosal,original,652,295,858,0,0.08081834763288498,"[858, 853, 13, 286, 388]","[0.08081834763288498, 0.06807833909988403, 0.06712733209133148, 0.05380455031991005, 0.05011875182390213]"
blur-nosal,original,653,471,460,0,0.09886020421981812,"[460, 912, 483, 538, 471]","[0.09886020421981812, 0.09380297362804413, 0.07530993968248367, 0.06846984475851059, 0.06500615924596786]"
blur-nosal,original,654,665,665,1,0.6422513723373413,"[665, 444, 870, 791, 670]","[0.6422513723373413, 0.15774540603160858, 0.01850944571197033, 0.016278933733701706, 0.012952780351042747]"
blur-nosal,original,655,217,160,0,0.6657148003578186,"[160, 982, 197, 367, 199]","[0.6657148003578186, 0.048075757920742035, 0.037620868533849716, 0.03637236729264259, 0.02213897928595543]"
blur-nosal,original,656,775,775,1,0.33503103256225586,"[775, 689, 578, 130, 797]","[0.33503103256225586, 0.06254617869853973, 0.05174017325043678, 0.03638007119297981, 0.029353365302085876]"
blur-nosal,original,657,143,391,0,0.13198617100715637,"[391, 706, 389, 695, 39]","[0.13198617100715637, 0.08172959834337234, 0.07382245361804962, 0.06258457899093628, 0.041374899446964264]"
blur-nosal,original,658,806,792,0,0.4684223532676697,"[792, 634, 491, 561, 523]","[0.4684223532676697, 0.2412131130695343, 0.03387333080172539, 0.027149727568030357, 0.022713474929332733]"
blur-nosal,original,659,171,171,1,0.4431624710559845,"[171, 180, 264, 263, 172]","[0.4431624710559845, 0.19249925017356873, 0.0969899520277977, 0.050095126032829285, 0.038193684071302414]"
blur-nosal,original,660,637,707,0,0.2518397271633148,"[707, 480, 454, 637, 453]","[0.2518397271633148, 0.10479716211557388, 0.08479152619838715, 0.06813593953847885, 0.060306575149297714]"
blur-nosal,original,661,875,56,0,0.1838587373495102,"[56, 611, 372, 305, 374]","[0.1838587373495102, 0.06747066974639893, 0.06187625601887703, 0.04482360929250717, 0.03474566712975502]"
blur-nosal,original,662,614,614,1,0.5702478289604187,"[614, 411, 608, 496, 594]","[0.5702478289604187, 0.06553944945335388, 0.03210041671991348, 0.029313627630472183, 0.024085430428385735]"
blur-nosal,original,663,185,185,1,0.22617308795452118,"[185, 184, 191, 342, 182]","[0.22617308795452118, 0.20575666427612305, 0.06990530341863632, 0.06155211105942726, 0.03624285012483597]"
blur-nosal,original,664,583,583,1,0.9390573501586914,"[583, 839, 682, 462, 514]","[0.9390573501586914, 0.016195833683013916, 0.003943019080907106, 0.0027140681631863117, 0.001962191890925169]"
blur-nosal,original,665,674,40,0,0.15057837963104248,"[40, 706, 858, 835, 428]","[0.15057837963104248, 0.0788237676024437, 0.07830468565225601, 0.0781726986169815, 0.05716346204280853]"
blur-nosal,original,666,198,198,1,0.5965873003005981,"[198, 174, 170, 202, 264]","[0.5965873003005981, 0.051243361085653305, 0.035582344979047775, 0.033960554748773575, 0.025598734617233276]"
blur-nosal,original,667,571,698,0,0.16755077242851257,"[698, 424, 454, 571, 716]","[0.16755077242851257, 0.11419586837291718, 0.09544433653354645, 0.08411526679992676, 0.058935049921274185]"
blur-nosal,original,668,870,770,0,0.8088071942329407,"[770, 502, 665, 774, 440]","[0.8088071942329407, 0.052205152809619904, 0.017718344926834106, 0.01261303760111332, 0.01117615308612585]"
blur-nosal,original,669,614,614,1,0.84786057472229,"[614, 411, 496, 697, 887]","[0.84786057472229, 0.03956208378076553, 0.03725626692175865, 0.016977204009890556, 0.007240497972816229]"
blur-nosal,original,670,822,822,1,0.7114039659500122,"[822, 879, 919, 819, 706]","[0.7114039659500122, 0.03814076632261276, 0.03641108050942421, 0.027528803795576096, 0.025619886815547943]"
blur-nosal,original,671,216,218,0,0.3482730984687805,"[218, 105, 169, 216, 215]","[0.3482730984687805, 0.11257730424404144, 0.08827095478773117, 0.07218929380178452, 0.06039048731327057]"
blur-nosal,original,672,209,211,0,0.1685507893562317,"[211, 213, 226, 163, 168]","[0.1685507893562317, 0.08879343420267105, 0.07360237091779709, 0.07268794625997543, 0.07205154001712799]"
blur-nosal,original,673,775,775,1,0.2802582085132599,"[775, 501, 462, 735, 474]","[0.2802582085132599, 0.11775439977645874, 0.10160382091999054, 0.0774322971701622, 0.05518463999032974]"
blur-nosal,original,674,559,559,1,0.7495007514953613,"[559, 765, 520, 743, 516]","[0.7495007514953613, 0.1579742282629013, 0.0243251733481884, 0.007090406958013773, 0.006562115158885717]"
blur-nosal,original,675,830,491,0,0.28184789419174194,"[491, 802, 665, 444, 670]","[0.28184789419174194, 0.17154203355312347, 0.08712176233530045, 0.07652769982814789, 0.03116721846163273]"
blur-nosal,original,676,532,532,1,0.27009838819503784,"[532, 471, 703, 856, 424]","[0.27009838819503784, 0.15233658254146576, 0.14306440949440002, 0.03959033265709877, 0.038251765072345734]"
blur-nosal,original,677,233,221,0,0.4893973469734192,"[221, 233, 189, 226, 199]","[0.4893973469734192, 0.13046246767044067, 0.07611992210149765, 0.05521794781088829, 0.05483648553490639]"
blur-nosal,original,678,765,765,1,0.7898173928260803,"[765, 791, 421, 401, 694]","[0.7898173928260803, 0.04959692806005478, 0.04635285958647728, 0.01219931896775961, 0.011577444151043892]"
blur-nosal,original,679,428,704,0,0.20108141005039215,"[704, 420, 882, 822, 775]","[0.20108141005039215, 0.19330565631389618, 0.15169072151184082, 0.06667422503232956, 0.037132665514945984]"
blur-nosal,original,680,765,835,0,0.10820795595645905,"[835, 484, 754, 421, 489]","[0.10820795595645905, 0.09940578788518906, 0.07201120257377625, 0.07092411816120148, 0.06491564214229584]"
blur-nosal,original,681,420,420,1,0.5313292145729065,"[420, 401, 502, 618, 787]","[0.5313292145729065, 0.054173871874809265, 0.02841494046151638, 0.02821030095219612, 0.027893075719475746]"
blur-nosal,original,682,571,668,0,0.31156039237976074,"[668, 708, 517, 656, 832]","[0.31156039237976074, 0.09365648031234741, 0.05166522413492203, 0.04855767637491226, 0.03831664100289345]"
blur-nosal,original,683,177,345,0,0.24784129858016968,"[345, 690, 483, 652, 391]","[0.24784129858016968, 0.19256523251533508, 0.05027169734239578, 0.04297522082924843, 0.030554603785276413]"
blur-nosal,original,684,846,846,1,0.11146779358386993,"[846, 888, 447, 449, 474]","[0.11146779358386993, 0.07321008294820786, 0.06604418158531189, 0.06504346430301666, 0.06205786019563675]"
blur-nosal,original,685,236,237,0,0.28701382875442505,"[237, 234, 236, 182, 191]","[0.28701382875442505, 0.26083528995513916, 0.16910108923912048, 0.053636811673641205, 0.04566720500588417]"
blur-nosal,original,686,201,458,0,0.2829090654850006,"[458, 708, 412, 539, 682]","[0.2829090654850006, 0.2629553973674774, 0.06860007345676422, 0.05828472971916199, 0.03617953136563301]"
blur-nosal,original,687,953,775,0,0.13713055849075317,"[775, 735, 611, 43, 39]","[0.13713055849075317, 0.1267705112695694, 0.07121999561786652, 0.050826724618673325, 0.04134177416563034]"
blur-nosal,original,688,637,637,1,0.841725766658783,"[637, 410, 571, 920, 682]","[0.841725766658783, 0.0574130043387413, 0.030357126146554947, 0.02223891392350197, 0.00863193441182375]"
blur-nosal,original,689,420,765,0,0.5365435481071472,"[765, 402, 420, 583, 882]","[0.5365435481071472, 0.0804566964507103, 0.05924239009618759, 0.05880659818649292, 0.05401257053017616]"
blur-nosal,original,690,602,602,1,0.5131494998931885,"[602, 890, 733, 456, 843]","[0.5131494998931885, 0.09236827492713928, 0.08514875918626785, 0.05913875624537468, 0.051994383335113525]"
blur-nosal,original,691,806,775,0,0.17443376779556274,"[775, 423, 655, 614, 523]","[0.17443376779556274, 0.1365986168384552, 0.09870369732379913, 0.054017893970012665, 0.048062290996313095]"
blur-nosal,original,692,608,699,0,0.06710155308246613,"[699, 570, 787, 414, 917]","[0.06710155308246613, 0.05692559480667114, 0.05329682305455208, 0.04969174414873123, 0.04493631422519684]"
blur-nosal,original,693,775,791,0,0.4632583558559418,"[791, 706, 444, 661, 603]","[0.4632583558559418, 0.1637052446603775, 0.05771925300359726, 0.05171394720673561, 0.029533550143241882]"
blur-nosal,original,694,614,614,1,0.3319610059261322,"[614, 216, 568, 474, 981]","[0.3319610059261322, 0.1669139713048935, 0.079129159450531, 0.031827207654714584, 0.027063792571425438]"
blur-nosal,original,695,728,857,0,0.12301494926214218,"[857, 851, 227, 412, 501]","[0.12301494926214218, 0.07978099584579468, 0.06382853537797928, 0.041524674743413925, 0.03517748415470123]"
blur-nosal,original,696,836,480,0,0.1381881833076477,"[480, 800, 877, 708, 752]","[0.1381881833076477, 0.0916561707854271, 0.05946694314479828, 0.05413498729467392, 0.05038722977042198]"
blur-nosal,original,697,361,361,1,0.30532926321029663,"[361, 227, 358, 240, 299]","[0.30532926321029663, 0.06932977586984634, 0.05949042737483978, 0.05701671540737152, 0.04694439098238945]"
blur-nosal,original,698,842,182,0,0.12522101402282715,"[182, 543, 824, 474, 929]","[0.12522101402282715, 0.08585082739591599, 0.07058779150247574, 0.06742828339338303, 0.0486091747879982]"
blur-nosal,original,699,444,444,1,0.5290952920913696,"[444, 880, 671, 665, 612]","[0.5290952920913696, 0.37203043699264526, 0.041671134531497955, 0.024151166900992393, 0.014251391403377056]"
blur-nosal,original,700,364,297,0,0.3503345847129822,"[297, 286, 341, 106, 104]","[0.3503345847129822, 0.052764393389225006, 0.041390325874090195, 0.03200065717101097, 0.02787146344780922]"
blur-nosal,original,701,707,707,1,0.9389004707336426,"[707, 480, 732, 848, 840]","[0.9389004707336426, 0.023065241053700447, 0.010641053318977356, 0.00316333444789052, 0.0019027824746444821]"
blur-nosal,original,702,151,182,0,0.20332103967666626,"[182, 227, 354, 235, 244]","[0.20332103967666626, 0.18606647849082947, 0.11141763627529144, 0.09391956776380539, 0.044924888759851456]"
blur-nosal,original,703,765,660,0,0.32592248916625977,"[660, 877, 905, 565, 449]","[0.32592248916625977, 0.11200295388698578, 0.10197605937719345, 0.07359062135219574, 0.05583900958299637]"
blur-nosal,original,704,571,571,1,0.5767892599105835,"[571, 448, 687, 481, 778]","[0.5767892599105835, 0.049760740250349045, 0.04635871201753616, 0.04139185696840286, 0.024882590398192406]"
blur-nosal,original,705,197,608,0,0.19264648854732513,"[608, 689, 496, 399, 501]","[0.19264648854732513, 0.0992385670542717, 0.0712418332695961, 0.06401778012514114, 0.057620756328105927]"
blur-nosal,original,706,681,757,0,0.17113392055034637,"[757, 705, 654, 675, 569]","[0.17113392055034637, 0.15733647346496582, 0.09257426857948303, 0.07489818334579468, 0.04078112915158272]"
blur-nosal,original,707,382,994,0,0.6435664296150208,"[994, 448, 997, 72, 938]","[0.6435664296150208, 0.04611288383603096, 0.021049311384558678, 0.016186188906431198, 0.015532071702182293]"
blur-nosal,original,708,765,706,0,0.19190938770771027,"[706, 494, 454, 687, 421]","[0.19190938770771027, 0.05481432005763054, 0.05283566564321518, 0.05042624473571777, 0.04348573088645935]"
blur-nosal,original,709,559,785,0,0.13584546744823456,"[785, 765, 471, 877, 586]","[0.13584546744823456, 0.1332947462797165, 0.12617793679237366, 0.08948550373315811, 0.057616617530584335]"
blur-nosal,original,710,708,514,0,0.17254814505577087,"[514, 880, 792, 708, 588]","[0.17254814505577087, 0.11084885895252228, 0.07172204554080963, 0.06496883928775787, 0.05396028980612755]"
blur-nosal,original,711,202,202,1,0.1933233141899109,"[202, 185, 216, 270, 204]","[0.1933233141899109, 0.17196090519428253, 0.13323727250099182, 0.09717811644077301, 0.029390912503004074]"
blur-nosal,original,712,469,87,0,0.31197652220726013,"[87, 634, 137, 863, 414]","[0.31197652220726013, 0.06960287690162659, 0.06343581527471542, 0.05020995810627937, 0.048407431691884995]"
blur-nosal,original,713,875,301,0,0.24553348124027252,"[301, 12, 187, 721, 283]","[0.24553348124027252, 0.142105370759964, 0.08876585215330124, 0.04998348653316498, 0.049273278564214706]"
blur-nosal,original,714,284,284,1,0.4621952474117279,"[284, 178, 204, 209, 359]","[0.4621952474117279, 0.0742548331618309, 0.041456665843725204, 0.031106600537896156, 0.02794010192155838]"
blur-nosal,original,715,199,462,0,0.21292081475257874,"[462, 850, 254, 262, 806]","[0.21292081475257874, 0.13670575618743896, 0.07511702924966812, 0.053928229957818985, 0.05211791396141052]"
blur-nosal,original,716,529,611,0,0.3530244827270508,"[611, 697, 614, 529, 520]","[0.3530244827270508, 0.06640069931745529, 0.06623391807079315, 0.06369520723819733, 0.045245211571455]"
blur-nosal,original,717,157,263,0,0.367617130279541,"[263, 387, 151, 982, 218]","[0.367617130279541, 0.09871555864810944, 0.05510563775897026, 0.051313962787389755, 0.04133101925253868]"
blur-nosal,original,718,850,266,0,0.2533203661441803,"[266, 202, 265, 209, 750]","[0.2533203661441803, 0.17416399717330933, 0.07445510476827621, 0.037023842334747314, 0.03677726536989212]"
blur-nosal,original,719,529,876,0,0.6794113516807556,"[876, 435, 897, 831, 896]","[0.6794113516807556, 0.21944713592529297, 0.05231624096632004, 0.012589155696332455, 0.009943800047039986]"
blur-nosal,original,720,186,162,0,0.135858416557312,"[162, 178, 180, 161, 112]","[0.135858416557312, 0.10293520987033844, 0.07182122766971588, 0.07062775641679764, 0.0412924662232399]"
blur-nosal,original,721,361,361,1,0.996658444404602,"[361, 9, 362, 375, 249]","[0.996658444404602, 0.00140852527692914, 0.000302960688713938, 0.0001254314702237025, 9.001713624456897e-05]"
blur-nosal,original,722,684,474,0,0.9345719218254089,"[474, 695, 721, 545, 448]","[0.9345719218254089, 0.008790230378508568, 0.008301764726638794, 0.0053139603696763515, 0.0045386916026473045]"
blur-nosal,original,723,846,831,0,0.9889196753501892,"[831, 750, 564, 669, 520]","[0.9889196753501892, 0.0059091197326779366, 0.0011226105270907283, 0.0010944321984425187, 0.0008564039599150419]"
blur-nosal,original,724,156,382,0,0.3431698977947235,"[382, 387, 253, 909, 93]","[0.3431698977947235, 0.07690145820379257, 0.04307006299495697, 0.04131320118904114, 0.03143416345119476]"
blur-nosal,original,725,175,184,0,0.10037292540073395,"[184, 850, 750, 467, 515]","[0.10037292540073395, 0.08386144042015076, 0.07340674102306366, 0.05866673216223717, 0.05247059091925621]"
blur-nosal,original,726,258,258,1,0.6785845756530762,"[258, 259, 257, 251, 333]","[0.6785845756530762, 0.037366706877946854, 0.035875387489795685, 0.028717530891299248, 0.023376574739813805]"
blur-nosal,original,727,254,254,1,0.7618489861488342,"[254, 262, 174, 243, 242]","[0.7618489861488342, 0.04572685435414314, 0.03517184779047966, 0.022696590051054955, 0.013591286726295948]"
blur-nosal,original,728,529,529,1,0.22785013914108276,"[529, 934, 945, 616, 942]","[0.22785013914108276, 0.21750156581401825, 0.09658782929182053, 0.052291903644800186, 0.029606949537992477]"
blur-nosal,original,729,267,296,0,0.4084937870502472,"[296, 298, 202, 192, 182]","[0.4084937870502472, 0.2123352736234665, 0.03786167874932289, 0.024418240413069725, 0.020213956013321877]"
blur-nosal,original,730,257,266,0,0.1556558609008789,"[266, 222, 203, 208, 245]","[0.1556558609008789, 0.11917749792337418, 0.0832071602344513, 0.06119796261191368, 0.056118469685316086]"
blur-nosal,original,731,529,155,0,0.1984952986240387,"[155, 217, 226, 850, 157]","[0.1984952986240387, 0.0745687410235405, 0.06193076819181442, 0.056059546768665314, 0.038416340947151184]"
blur-nosal,original,732,765,765,1,0.8192824721336365,"[765, 669, 846, 516, 579]","[0.8192824721336365, 0.029404086992144585, 0.022984512150287628, 0.020641257986426353, 0.019848838448524475]"
blur-nosal,original,733,532,905,0,0.24495530128479004,"[905, 651, 760, 799, 520]","[0.24495530128479004, 0.16508597135543823, 0.08040837943553925, 0.058758724480867386, 0.037927351891994476]"
blur-nosal,original,734,227,368,0,0.1707834005355835,"[368, 381, 374, 562, 372]","[0.1707834005355835, 0.13065017759799957, 0.10082987695932388, 0.06389220803976059, 0.05792658030986786]"
blur-nosal,original,735,520,453,0,0.3430960178375244,"[453, 743, 765, 520, 516]","[0.3430960178375244, 0.1342896670103073, 0.1142936572432518, 0.05418868735432625, 0.046248313039541245]"
blur-nosal,original,736,999,876,0,0.3220073878765106,"[876, 435, 851, 651, 831]","[0.3220073878765106, 0.09798339754343033, 0.07696902751922607, 0.05487780645489693, 0.04545466601848602]"
blur-nosal,original,737,174,105,0,0.150351420044899,"[105, 281, 39, 211, 385]","[0.150351420044899, 0.11501587182283401, 0.06503400206565857, 0.0472710058093071, 0.04386470094323158]"
blur-nosal,original,738,841,534,0,0.2471344769001007,"[534, 655, 834, 861, 841]","[0.2471344769001007, 0.0809127688407898, 0.05270293727517128, 0.05057957395911217, 0.04687183350324631]"
blur-nosal,original,739,846,846,1,0.6710949540138245,"[846, 619, 564, 753, 854]","[0.6710949540138245, 0.05866926908493042, 0.05658145248889923, 0.020653286948800087, 0.020407024770975113]"
blur-nosal,original,740,999,611,0,0.13982656598091125,"[611, 470, 862, 589, 543]","[0.13982656598091125, 0.08109932392835617, 0.0777299702167511, 0.07353298366069794, 0.05831824615597725]"
blur-nosal,original,741,258,258,1,0.3258609175682068,"[258, 338, 910, 222, 257]","[0.3258609175682068, 0.09467089921236038, 0.07714841514825821, 0.07082555443048477, 0.04059969261288643]"
blur-nosal,original,742,851,564,0,0.22819480299949646,"[564, 831, 651, 598, 526]","[0.22819480299949646, 0.08933424949645996, 0.06985428184270859, 0.0689752995967865, 0.0620785728096962]"
blur-nosal,original,743,423,423,1,0.9058164954185486,"[423, 896, 490, 765, 695]","[0.9058164954185486, 0.018411843106150627, 0.006192336790263653, 0.004697064403444529, 0.00442288164049387]"
blur-nosal,original,744,233,197,0,0.15686850249767303,"[197, 214, 183, 413, 199]","[0.15686850249767303, 0.14839623868465424, 0.06892844289541245, 0.056303754448890686, 0.047810353338718414]"
blur-nosal,original,745,253,196,0,0.10847317427396774,"[196, 490, 178, 209, 242]","[0.10847317427396774, 0.07894986122846603, 0.07442954927682877, 0.06987922638654709, 0.048247598111629486]"
blur-nosal,original,746,655,655,1,0.7985410094261169,"[655, 601, 614, 578, 697]","[0.7985410094261169, 0.03872092440724373, 0.027349362149834633, 0.027110174298286438, 0.015528692863881588]"
blur-nosal,original,747,422,834,0,0.6403871774673462,"[834, 399, 523, 613, 733]","[0.6403871774673462, 0.03189145401120186, 0.023322496563196182, 0.015560442581772804, 0.015088200569152832]"
blur-nosal,original,748,765,527,0,0.42133182287216187,"[527, 486, 532, 526, 453]","[0.42133182287216187, 0.19998349249362946, 0.09848719835281372, 0.04983031749725342, 0.018712317571043968]"
blur-nosal,original,749,545,545,1,0.3191971480846405,"[545, 514, 835, 765, 630]","[0.3191971480846405, 0.0998370423913002, 0.08550581336021423, 0.08512406051158905, 0.03036665730178356]"
blur-nosal,original,750,841,161,0,0.18988144397735596,"[161, 850, 168, 178, 401]","[0.18988144397735596, 0.061880260705947876, 0.05863752216100693, 0.053363099694252014, 0.045434027910232544]"
blur-nosal,original,751,655,523,0,0.2581736743450165,"[523, 655, 617, 697, 501]","[0.2581736743450165, 0.14934366941452026, 0.07025551795959473, 0.05900680273771286, 0.04210073873400688]"
blur-nosal,original,752,846,846,1,0.1875133067369461,"[846, 619, 700, 589, 606]","[0.1875133067369461, 0.1346127688884735, 0.08207763731479645, 0.06795013695955276, 0.049958765506744385]"
blur-nosal,original,753,999,760,0,0.20871561765670776,"[760, 744, 550, 846, 505]","[0.20871561765670776, 0.16723640263080597, 0.08709103614091873, 0.05832229554653168, 0.03968384489417076]"
blur-nosal,original,754,841,338,0,0.08582614362239838,"[338, 254, 154, 982, 552]","[0.08582614362239838, 0.07276943325996399, 0.05919485539197922, 0.054913826286792755, 0.033921580761671066]"
blur-nosal,original,755,655,917,0,0.2900165617465973,"[917, 775, 655, 611, 496]","[0.2900165617465973, 0.1946345716714859, 0.09533870965242386, 0.09259474277496338, 0.044375449419021606]"
blur-nosal,original,756,579,765,0,0.696790874004364,"[765, 854, 564, 857, 559]","[0.696790874004364, 0.035618964582681656, 0.027765750885009766, 0.026243198662996292, 0.02375728264451027]"
blur-nosal,original,757,198,281,0,0.13603653013706207,"[281, 285, 355, 198, 283]","[0.13603653013706207, 0.107188381254673, 0.09878640621900558, 0.09095554053783417, 0.06476204842329025]"
blur-nosal,original,758,614,614,1,0.6418733596801758,"[614, 486, 491, 775, 211]","[0.6418733596801758, 0.03458097577095032, 0.02783786505460739, 0.02642693556845188, 0.017361879348754883]"
blur-nosal,original,759,689,88,0,0.19025179743766785,"[88, 775, 898, 614, 735]","[0.19025179743766785, 0.07844527810811996, 0.0574178472161293, 0.040474310517311096, 0.039664413779973984]"
blur-nosal,original,760,863,637,0,0.12861685454845428,"[637, 480, 799, 894, 886]","[0.12861685454845428, 0.1165132224559784, 0.09297611564397812, 0.0797126367688179, 0.043040841817855835]"
blur-nosal,original,761,851,754,0,0.20551621913909912,"[754, 664, 527, 851, 882]","[0.20551621913909912, 0.10628072172403336, 0.10233362764120102, 0.07180465012788773, 0.06767898797988892]"
blur-nosal,original,762,444,444,1,0.7113083004951477,"[444, 765, 645, 693, 694]","[0.7113083004951477, 0.09708871692419052, 0.05094442144036293, 0.025506766512989998, 0.008694186806678772]"
blur-nosal,original,763,230,239,0,0.29618775844573975,"[239, 423, 338, 214, 193]","[0.29618775844573975, 0.16649237275123596, 0.13283388316631317, 0.04110385477542877, 0.02986806258559227]"
blur-nosal,original,764,254,559,0,0.35400497913360596,"[559, 765, 811, 910, 541]","[0.35400497913360596, 0.08349400013685226, 0.04484635218977928, 0.03716496750712395, 0.031487010419368744]"
blur-nosal,original,765,199,197,0,0.7844220399856567,"[197, 199, 223, 252, 233]","[0.7844220399856567, 0.13165801763534546, 0.019773097708821297, 0.011945082806050777, 0.0091397138312459]"
blur-nosal,original,766,493,548,0,0.7785952091217041,"[548, 495, 453, 648, 799]","[0.7785952091217041, 0.04789026454091072, 0.03365105018019676, 0.026589926332235336, 0.01782126910984516]"
blur-nosal,original,767,882,917,0,0.09185823053121567,"[917, 707, 462, 831, 480]","[0.09185823053121567, 0.08310849219560623, 0.05381712317466736, 0.0508626326918602, 0.04314836487174034]"
blur-nosal,original,768,739,51,0,0.1190846711397171,"[51, 562, 965, 666, 955]","[0.1190846711397171, 0.04492472857236862, 0.039608824998140335, 0.03199748322367668, 0.02896544709801674]"
blur-nosal,original,769,846,846,1,0.4316542446613312,"[846, 619, 515, 700, 499]","[0.4316542446613312, 0.14102354645729065, 0.10597225278615952, 0.07313309609889984, 0.025834571570158005]"
blur-nosal,original,770,614,614,1,0.8986026644706726,"[614, 697, 652, 411, 887]","[0.8986026644706726, 0.02816811576485634, 0.01785130798816681, 0.01023904886096716, 0.005077211186289787]"
blur-nosal,original,771,579,846,0,0.3062037527561188,"[846, 767, 624, 857, 651]","[0.3062037527561188, 0.17129769921302795, 0.07195726782083511, 0.03762638196349144, 0.025937790051102638]"
blur-nosal,original,772,882,882,1,0.2333264797925949,"[882, 655, 745, 872, 812]","[0.2333264797925949, 0.06313808262348175, 0.059697266668081284, 0.04376330226659775, 0.04250358045101166]"
blur-nosal,original,773,778,828,0,0.5618717074394226,"[828, 545, 409, 589, 593]","[0.5618717074394226, 0.06224120035767555, 0.03685053437948227, 0.025713777169585228, 0.024761853739619255]"
blur-nosal,original,774,882,894,0,0.3134900629520416,"[894, 493, 534, 597, 519]","[0.3134900629520416, 0.24849556386470795, 0.04565751552581787, 0.040470805019140244, 0.04032133147120476]"
blur-nosal,original,775,550,781,0,0.34314146637916565,"[781, 498, 687, 440, 762]","[0.34314146637916565, 0.07956148684024811, 0.06540736556053162, 0.046865999698638916, 0.03991776332259178]"
blur-nosal,original,776,284,682,0,0.10158365219831467,"[682, 792, 562, 716, 583]","[0.10158365219831467, 0.09128471463918686, 0.05830616503953934, 0.054236724972724915, 0.049561772495508194]"
blur-nosal,original,777,851,598,0,0.7498145699501038,"[598, 851, 548, 632, 527]","[0.7498145699501038, 0.10982596129179001, 0.0421823188662529, 0.03302193060517311, 0.019765552133321762]"
blur-nosal,original,778,651,894,0,0.29454633593559265,"[894, 651, 637, 799, 495]","[0.29454633593559265, 0.21809393167495728, 0.05588288977742195, 0.04743022099137306, 0.032725121825933456]"
blur-nosal,original,779,681,526,0,0.7002716064453125,"[526, 742, 745, 673, 754]","[0.7002716064453125, 0.1027863547205925, 0.02513779141008854, 0.01968098245561123, 0.017613086849451065]"
blur-nosal,original,780,420,420,1,0.7064433097839355,"[420, 461, 566, 502, 534]","[0.7064433097839355, 0.04844991862773895, 0.03672405332326889, 0.020764056593179703, 0.011020432226359844]"
blur-nosal,original,781,532,847,0,0.5223812460899353,"[847, 778, 410, 428, 642]","[0.5223812460899353, 0.08917215466499329, 0.06733609735965729, 0.027759777382016182, 0.02669929340481758]"
blur-nosal,original,782,423,423,1,0.9422869682312012,"[423, 655, 882, 857, 572]","[0.9422869682312012, 0.013951167464256287, 0.0029411637224256992, 0.002906299429014325, 0.0017666238127276301]"
blur-nosal,original,783,201,177,0,0.30075374245643616,"[177, 170, 192, 202, 285]","[0.30075374245643616, 0.16190750896930695, 0.07900185137987137, 0.03429342806339264, 0.026775892823934555]"
blur-nosal,original,784,690,690,1,0.3868532180786133,"[690, 345, 343, 340, 386]","[0.3868532180786133, 0.11734260618686676, 0.09142059832811356, 0.07988651096820831, 0.0677623450756073]"
blur-nosal,original,785,807,428,0,0.19955062866210938,"[428, 421, 706, 765, 703]","[0.19955062866210938, 0.14190813899040222, 0.11193487793207169, 0.08463183045387268, 0.07111343741416931]"
blur-nosal,original,786,836,955,0,0.36818042397499084,"[955, 787, 665, 401, 879]","[0.36818042397499084, 0.08083648234605789, 0.07050783932209015, 0.029553601518273354, 0.02709415927529335]"
blur-nosal,original,787,779,779,1,0.8733482956886292,"[779, 874, 908, 408, 554]","[0.8733482956886292, 0.02498863823711872, 0.021334772929549217, 0.01986083760857582, 0.010018507950007915]"
blur-nosal,original,788,872,523,0,0.3230264186859131,"[523, 730, 787, 345, 401]","[0.3230264186859131, 0.1025775820016861, 0.1011800691485405, 0.0360976867377758, 0.029597189277410507]"
blur-nosal,original,789,516,728,0,0.28934144973754883,"[728, 835, 544, 861, 431]","[0.28934144973754883, 0.0846540555357933, 0.05103742703795433, 0.048217594623565674, 0.043812066316604614]"
blur-nosal,original,790,807,410,0,0.5084095597267151,"[410, 716, 637, 682, 571]","[0.5084095597267151, 0.28140708804130554, 0.03813638910651207, 0.03206298500299454, 0.021549977362155914]"
blur-nosal,original,791,880,880,1,0.10045111924409866,"[880, 444, 471, 603, 561]","[0.10045111924409866, 0.09952578693628311, 0.09137067943811417, 0.08742272108793259, 0.06327203661203384]"
blur-nosal,original,792,678,586,0,0.12166988104581833,"[586, 594, 612, 764, 413]","[0.12166988104581833, 0.06002676114439964, 0.05009286105632782, 0.03924202919006348, 0.03499068692326546]"
blur-nosal,original,793,603,603,1,0.3883853554725647,"[603, 670, 471, 486, 575]","[0.3883853554725647, 0.09677555412054062, 0.07214789092540741, 0.06518137454986572, 0.05865604430437088]"
blur-nosal,original,794,665,671,0,0.8461407423019409,"[671, 730, 665, 621, 609]","[0.8461407423019409, 0.016963960602879524, 0.015792574733495712, 0.015342187136411667, 0.011185900308191776]"
blur-nosal,original,795,541,645,0,0.17263486981391907,"[645, 792, 870, 170, 561]","[0.17263486981391907, 0.1268162876367569, 0.05151048302650452, 0.03280302882194519, 0.030041871592402458]"
blur-nosal,original,796,704,704,1,0.6907247304916382,"[704, 796, 656, 560, 833]","[0.6907247304916382, 0.03795100376009941, 0.033534251153469086, 0.016096891835331917, 0.015303819440305233]"
blur-nosal,original,797,770,863,0,0.0948290154337883,"[863, 514, 48, 55, 61]","[0.0948290154337883, 0.07903110980987549, 0.06682606041431427, 0.05331502482295036, 0.04915914684534073]"
blur-nosal,original,798,428,568,0,0.45656463503837585,"[568, 887, 501, 608, 649]","[0.45656463503837585, 0.07058519124984741, 0.04521296173334122, 0.040982685983181, 0.030824681743979454]"
blur-nosal,original,799,637,406,0,0.47274598479270935,"[406, 497, 741, 687, 640]","[0.47274598479270935, 0.10759248584508896, 0.05053127557039261, 0.04079565405845642, 0.03881752863526344]"
blur-nosal,original,800,879,882,0,0.40110865235328674,"[882, 546, 412, 880, 830]","[0.40110865235328674, 0.12115026265382767, 0.08886648714542389, 0.06371816247701645, 0.05501661077141762]"
blur-nosal,original,801,869,612,0,0.46697089076042175,"[612, 870, 665, 791, 880]","[0.46697089076042175, 0.12851817905902863, 0.10084172338247299, 0.0657198429107666, 0.05346375331282616]"
blur-nosal,original,802,690,336,0,0.09988715499639511,"[336, 562, 825, 116, 44]","[0.09988715499639511, 0.06270488351583481, 0.057417698204517365, 0.028598736971616745, 0.02341347560286522]"
blur-nosal,original,803,822,562,0,0.18827423453330994,"[562, 612, 406, 665, 509]","[0.18827423453330994, 0.1488410383462906, 0.05807381868362427, 0.04547242447733879, 0.03774242475628853]"
blur-nosal,original,804,880,522,0,0.22141863405704498,"[522, 663, 716, 355, 880]","[0.22141863405704498, 0.10093458741903305, 0.08318876475095749, 0.0743178278207779, 0.0710546225309372]"
blur-nosal,original,805,612,791,0,0.3116346299648285,"[791, 693, 491, 428, 832]","[0.3116346299648285, 0.21047498285770416, 0.0763610452413559, 0.03735450282692909, 0.03353932872414589]"
blur-nosal,original,806,879,491,0,0.21648874878883362,"[491, 642, 792, 756, 401]","[0.21648874878883362, 0.1350250393152237, 0.13180011510849, 0.09775404632091522, 0.05216622352600098]"
blur-nosal,original,807,603,603,1,0.7144746780395508,"[603, 791, 856, 765, 690]","[0.7144746780395508, 0.044472601264715195, 0.0385051928460598, 0.02822432853281498, 0.023076152428984642]"
blur-nosal,original,808,707,707,1,0.34049278497695923,"[707, 424, 412, 904, 660]","[0.34049278497695923, 0.23260681331157684, 0.07462434470653534, 0.028171058744192123, 0.026046592742204666]"
blur-nosal,original,809,751,730,0,0.18571265041828156,"[730, 803, 856, 408, 866]","[0.18571265041828156, 0.07812313735485077, 0.05539025738835335, 0.042435262352228165, 0.04094568267464638]"
blur-nosal,original,810,407,468,0,0.49737101793289185,"[468, 407, 717, 436, 734]","[0.49737101793289185, 0.2344011813402176, 0.07193854451179504, 0.06767184287309647, 0.05756049230694771]"
blur-nosal,original,811,791,706,0,0.3788021206855774,"[706, 791, 864, 555, 880]","[0.3788021206855774, 0.1862143725156784, 0.0680394321680069, 0.04209623113274574, 0.03917357698082924]"
blur-nosal,original,812,645,498,0,0.16599348187446594,"[498, 624, 645, 698, 580]","[0.16599348187446594, 0.10170268267393112, 0.09144764393568039, 0.07956187427043915, 0.0754673033952713]"
blur-nosal,original,813,879,879,1,0.3178430497646332,"[879, 703, 652, 787, 843]","[0.3178430497646332, 0.04892667755484581, 0.04788485914468765, 0.0448744036257267, 0.04211441054940224]"
blur-nosal,original,814,612,612,1,0.47313323616981506,"[612, 661, 569, 704, 614]","[0.47313323616981506, 0.12375172972679138, 0.0761886015534401, 0.04076436907052994, 0.03148672357201576]"
blur-nosal,original,815,468,468,1,0.35751873254776,"[468, 407, 779, 693, 555]","[0.35751873254776, 0.11261988431215286, 0.07340709865093231, 0.06782549619674683, 0.052154943346977234]"
blur-nosal,original,816,603,603,1,0.17958025634288788,"[603, 483, 690, 354, 471]","[0.17958025634288788, 0.17002171277999878, 0.12573672831058502, 0.0960485190153122, 0.04553703963756561]"
blur-nosal,original,817,670,880,0,0.500023603439331,"[880, 870, 665, 661, 670]","[0.500023603439331, 0.3208915591239929, 0.0895124301314354, 0.021416479721665382, 0.01149138156324625]"
blur-nosal,original,818,468,468,1,0.23766212165355682,"[468, 555, 829, 779, 609]","[0.23766212165355682, 0.1546492576599121, 0.07505284249782562, 0.0719904974102974, 0.04449109360575676]"
blur-nosal,original,819,830,523,0,0.29720020294189453,"[523, 561, 608, 420, 724]","[0.29720020294189453, 0.10154305398464203, 0.10117834061384201, 0.09408318996429443, 0.039754364639520645]"
blur-nosal,original,820,670,670,1,0.36363065242767334,"[670, 665, 573, 870, 621]","[0.36363065242767334, 0.2994803488254547, 0.19308136403560638, 0.03498587757349014, 0.02484649233520031]"
blur-nosal,original,821,807,757,0,0.5115645527839661,"[757, 704, 742, 656, 654]","[0.5115645527839661, 0.19417263567447662, 0.07166001200675964, 0.023147396743297577, 0.018939906731247902]"
blur-nosal,original,822,602,775,0,0.2814204692840576,"[775, 612, 441, 406, 602]","[0.2814204692840576, 0.08433520048856735, 0.05253133177757263, 0.03727274760603905, 0.035837262868881226]"
blur-nosal,original,823,439,879,0,0.2985538840293884,"[879, 863, 205, 752, 562]","[0.2985538840293884, 0.14170055091381073, 0.035883691161870956, 0.03519544377923012, 0.025052908807992935]"
blur-nosal,original,824,198,198,1,0.17853644490242004,"[198, 204, 196, 187, 201]","[0.17853644490242004, 0.13005474209785461, 0.0918465256690979, 0.06587371975183487, 0.05787232518196106]"
blur-nosal,original,825,559,250,0,0.1407109797000885,"[250, 649, 716, 270, 104]","[0.1407109797000885, 0.13685965538024902, 0.11257382482290268, 0.062215905636548996, 0.053744010627269745]"
blur-nosal,original,826,919,557,0,0.6622245907783508,"[557, 682, 920, 527, 437]","[0.6622245907783508, 0.064826101064682, 0.054949816316366196, 0.05283978581428528, 0.026033904403448105]"
blur-nosal,original,827,665,449,0,0.2546355426311493,"[449, 856, 282, 866, 603]","[0.2546355426311493, 0.09870801866054535, 0.043880727142095566, 0.027597082778811455, 0.02607817016541958]"
blur-nosal,original,828,919,462,0,0.08111011236906052,"[462, 205, 213, 224, 880]","[0.08111011236906052, 0.048377249389886856, 0.04737816005945206, 0.04542767256498337, 0.034376855939626694]"
blur-nosal,original,829,557,682,0,0.33357173204421997,"[682, 668, 497, 557, 698]","[0.33357173204421997, 0.1571759730577469, 0.1469496488571167, 0.08156203478574753, 0.04577699303627014]"
blur-nosal,original,830,864,450,0,0.7072098851203918,"[450, 510, 786, 573, 770]","[0.7072098851203918, 0.048122793436050415, 0.031186098232865334, 0.029488330706954002, 0.022060835734009743]"
blur-nosal,original,831,880,880,1,0.6557431817054749,"[880, 240, 671, 241, 444]","[0.6557431817054749, 0.07966729253530502, 0.06484296917915344, 0.040932975709438324, 0.020481042563915253]"
blur-nosal,original,832,870,870,1,0.6929346323013306,"[870, 444, 621, 625, 491]","[0.6929346323013306, 0.0976811945438385, 0.032299384474754333, 0.018520014360547066, 0.013552169315516949]"
blur-nosal,original,833,439,439,1,0.690290629863739,"[439, 698, 624, 498, 873]","[0.690290629863739, 0.22035719454288483, 0.01967090740799904, 0.012361360713839531, 0.005206851288676262]"
blur-nosal,original,834,728,775,0,0.35846295952796936,"[775, 880, 462, 608, 787]","[0.35846295952796936, 0.08195324242115021, 0.06888345628976822, 0.0441717654466629, 0.04325420409440994]"
blur-nosal,original,835,920,920,1,0.24400803446769714,"[920, 812, 442, 660, 663]","[0.24400803446769714, 0.23780183494091034, 0.11358948051929474, 0.036235783249139786, 0.02978983335196972]"
blur-nosal,original,836,608,888,0,0.07681483030319214,"[888, 483, 772, 368, 381]","[0.07681483030319214, 0.06231193616986275, 0.05305727943778038, 0.0416533388197422, 0.040278367698192596]"
blur-nosal,original,837,919,498,0,0.3131594657897949,"[498, 571, 707, 637, 743]","[0.3131594657897949, 0.23793581128120422, 0.18129120767116547, 0.07901324331760406, 0.022515874356031418]"
blur-nosal,original,838,612,612,1,0.9974243640899658,"[612, 791, 444, 655, 705]","[0.9974243640899658, 0.0006433866801671684, 0.00018404405273031443, 0.00013786576164420694, 0.0001152669865405187]"
blur-nosal,original,839,919,781,0,0.28360676765441895,"[781, 755, 919, 437, 442]","[0.28360676765441895, 0.17162424325942993, 0.09183117002248764, 0.0783732458949089, 0.06383949518203735]"
blur-nosal,original,840,571,706,0,0.4194644093513489,"[706, 660, 757, 498, 571]","[0.4194644093513489, 0.07771219313144684, 0.06675650924444199, 0.06523802876472473, 0.03481176868081093]"
blur-nosal,original,841,575,704,0,0.33125925064086914,"[704, 603, 637, 870, 575]","[0.33125925064086914, 0.14337106049060822, 0.04286451265215874, 0.02872251532971859, 0.024757474660873413]"
blur-nosal,original,842,870,497,0,0.17727261781692505,"[497, 829, 608, 408, 562]","[0.17727261781692505, 0.09952573478221893, 0.0770573765039444, 0.056204114109277725, 0.054827895015478134]"
blur-nosal,original,843,919,651,0,0.11926112323999405,"[651, 495, 860, 811, 663]","[0.11926112323999405, 0.10164421051740646, 0.07712923735380173, 0.06965833157300949, 0.05472339689731598]"
blur-nosal,original,844,879,879,1,0.8664224147796631,"[879, 515, 981, 752, 614]","[0.8664224147796631, 0.018318649381399155, 0.011771145276725292, 0.00999887753278017, 0.00979712512344122]"
blur-nosal,original,845,690,703,0,0.19826611876487732,"[703, 649, 367, 385, 381]","[0.19826611876487732, 0.09268790483474731, 0.0904870256781578, 0.06456456333398819, 0.03464805707335472]"
blur-nosal,original,846,879,879,1,0.19169121980667114,"[879, 888, 401, 556, 971]","[0.19169121980667114, 0.1368303745985031, 0.076586052775383, 0.06197332218289375, 0.04442663863301277]"
blur-nosal,original,847,412,412,1,0.8108725547790527,"[412, 877, 704, 458, 492]","[0.8108725547790527, 0.03893977403640747, 0.019223734736442566, 0.015573481097817421, 0.014464632607996464]"
blur-nosal,original,848,412,704,0,0.47268402576446533,"[704, 637, 519, 412, 628]","[0.47268402576446533, 0.2020084410905838, 0.03656601160764694, 0.02031547762453556, 0.01979609951376915]"
blur-nosal,original,849,751,751,1,0.438244491815567,"[751, 817, 864, 717, 511]","[0.438244491815567, 0.40897759795188904, 0.03182941675186157, 0.01907181367278099, 0.014920410700142384]"
blur-nosal,original,850,489,425,0,0.4321478307247162,"[425, 975, 649, 557, 352]","[0.4321478307247162, 0.07188066840171814, 0.05080990120768547, 0.045494042336940765, 0.04006916657090187]"
blur-nosal,original,851,223,805,0,0.4828449487686157,"[805, 522, 621, 880, 226]","[0.4828449487686157, 0.08279794454574585, 0.05146662890911102, 0.05101276561617851, 0.02237418107688427]"
blur-nosal,original,852,603,603,1,0.8012589812278748,"[603, 875, 670, 665, 401]","[0.8012589812278748, 0.1085900217294693, 0.02246890403330326, 0.014442894607782364, 0.01108094584196806]"
blur-nosal,original,853,862,768,0,0.16459892690181732,"[768, 546, 515, 401, 490]","[0.16459892690181732, 0.1476135104894638, 0.09757652878761292, 0.09490256756544113, 0.08738957345485687]"
blur-nosal,original,854,612,562,0,0.21051454544067383,"[562, 706, 880, 716, 703]","[0.21051454544067383, 0.142765074968338, 0.12988251447677612, 0.07274959236383438, 0.06701967865228653]"
blur-nosal,original,855,154,368,0,0.2072325497865677,"[368, 374, 194, 198, 260]","[0.2072325497865677, 0.1487053483724594, 0.08547153323888779, 0.030521010980010033, 0.022669527679681778]"
blur-nosal,original,856,560,560,1,0.7251140475273132,"[560, 768, 981, 787, 890]","[0.7251140475273132, 0.1313324272632599, 0.06941839307546616, 0.02036570943892002, 0.007437423802912235]"
blur-nosal,original,857,852,752,0,0.8867168426513672,"[752, 722, 805, 852, 736]","[0.8867168426513672, 0.08861415088176727, 0.003908228594809771, 0.0036635755095630884, 0.003654798725619912]"
blur-nosal,original,858,522,462,0,0.7346927523612976,"[462, 746, 792, 795, 523]","[0.7346927523612976, 0.11082695424556732, 0.04177549108862877, 0.024340810254216194, 0.019047213718295097]"
blur-nosal,original,859,430,586,0,0.2282862663269043,"[586, 430, 702, 890, 675]","[0.2282862663269043, 0.220262810587883, 0.11314015835523605, 0.0979243591427803, 0.08374908566474915]"
blur-nosal,original,860,752,391,0,0.1943361759185791,"[391, 752, 879, 929, 805]","[0.1943361759185791, 0.16792942583560944, 0.06475726515054703, 0.06169235706329346, 0.0375511460006237]"
blur-nosal,original,861,852,752,0,0.4361056089401245,"[752, 739, 981, 211, 430]","[0.4361056089401245, 0.1117747500538826, 0.052489642053842545, 0.04200528934597969, 0.03751698508858681]"
blur-nosal,original,862,746,746,1,0.7674678564071655,"[746, 537, 890, 241, 238]","[0.7674678564071655, 0.19215594232082367, 0.01280426885932684, 0.003201424377039075, 0.002974463626742363]"
blur-nosal,original,863,702,702,1,0.648448646068573,"[702, 602, 534, 513, 766]","[0.648448646068573, 0.1488991677761078, 0.026557274162769318, 0.019604211673140526, 0.01698531210422516]"
blur-nosal,original,864,560,560,1,0.5654649138450623,"[560, 240, 430, 971, 244]","[0.5654649138450623, 0.09707150608301163, 0.06795275956392288, 0.022159526124596596, 0.020435914397239685]"
blur-nosal,original,865,746,746,1,0.9932257533073425,"[746, 795, 462, 880, 450]","[0.9932257533073425, 0.0029447015840560198, 0.0015456591499969363, 0.00029061053646728396, 0.00025912222918123007]"
blur-nosal,original,866,430,430,1,0.8916634917259216,"[430, 981, 429, 701, 432]","[0.8916634917259216, 0.06919172406196594, 0.0037266146391630173, 0.0037011769600212574, 0.002875736216083169]"
blur-nosal,original,867,450,450,1,0.373573899269104,"[450, 791, 615, 502, 621]","[0.373573899269104, 0.14211973547935486, 0.05219529941678047, 0.04890661686658859, 0.03237978741526604]"
blur-nosal,original,868,890,890,1,0.995684027671814,"[890, 722, 430, 429, 680]","[0.995684027671814, 0.0013852386036887765, 0.0009255732293240726, 0.0004945375840179622, 0.00041034395690076053]"
blur-nosal,original,869,746,746,1,0.9786378741264343,"[746, 795, 802, 752, 430]","[0.9786378741264343, 0.019656362012028694, 0.00036990578519180417, 0.00018276824266649783, 0.0001518978097010404]"
blur-nosal,original,870,560,560,1,0.8668587803840637,"[560, 768, 430, 433, 981]","[0.8668587803840637, 0.05419107526540756, 0.0488569475710392, 0.00749802403151989, 0.005529924761503935]"
blur-nosal,original,871,752,752,1,0.7463176250457764,"[752, 430, 981, 722, 895]","[0.7463176250457764, 0.12389199435710907, 0.021940872073173523, 0.008746589533984661, 0.0056687924079597]"
blur-nosal,original,872,702,603,0,0.2887680232524872,"[603, 702, 690, 428, 575]","[0.2887680232524872, 0.1889844685792923, 0.1611519604921341, 0.038295354694128036, 0.02365684136748314]"
blur-nosal,original,873,160,213,0,0.20924103260040283,"[213, 218, 163, 255, 226]","[0.20924103260040283, 0.12533843517303467, 0.12264660745859146, 0.11434821039438248, 0.061989717185497284]"
blur-nosal,original,874,430,430,1,0.9950549602508545,"[430, 560, 890, 429, 805]","[0.9950549602508545, 0.0025291359052062035, 0.0012950089294463396, 0.00012932310346513987, 0.0001238155527971685]"
blur-nosal,original,875,430,430,1,0.9435965418815613,"[430, 890, 429, 805, 768]","[0.9435965418815613, 0.027219267562031746, 0.008862020447850227, 0.0042499760165810585, 0.003975510597229004]"
blur-nosal,original,876,499,695,0,0.2926766574382782,"[695, 587, 40, 596, 46]","[0.2926766574382782, 0.08741606771945953, 0.0780431255698204, 0.0582902729511261, 0.04015004262328148]"
blur-nosal,original,877,418,749,0,0.23126518726348877,"[749, 144, 418, 542, 421]","[0.23126518726348877, 0.14411233365535736, 0.08865787088871002, 0.0859617069363594, 0.05569065362215042]"
blur-nosal,original,878,849,849,1,0.7430377006530762,"[849, 725, 899, 659, 505]","[0.7430377006530762, 0.11501277983188629, 0.07814840227365494, 0.01873411051928997, 0.008969303220510483]"
blur-nosal,original,879,899,833,0,0.1263909637928009,"[833, 424, 611, 510, 562]","[0.1263909637928009, 0.08069566637277603, 0.07875188440084457, 0.0648796334862709, 0.058723412454128265]"
blur-nosal,original,880,963,963,1,0.9652763605117798,"[963, 965, 934, 567, 415]","[0.9652763605117798, 0.0054331449791789055, 0.004286943003535271, 0.00322859943844378, 0.0018970059463754296]"
blur-nosal,original,881,956,924,0,0.21438245475292206,"[924, 937, 956, 936, 944]","[0.21438245475292206, 0.09279923886060715, 0.07391202449798584, 0.054162830114364624, 0.03834731876850128]"
blur-nosal,original,882,961,961,1,0.13827300071716309,"[961, 934, 767, 766, 539]","[0.13827300071716309, 0.08651331067085266, 0.054972752928733826, 0.04027782380580902, 0.03227737173438072]"
blur-nosal,original,883,786,786,1,0.46431082487106323,"[786, 766, 859, 593, 839]","[0.46431082487106323, 0.3194955885410309, 0.020435931161046028, 0.018655527383089066, 0.016643060371279716]"
blur-nosal,original,884,440,440,1,0.9725638031959534,"[440, 907, 737, 502, 585]","[0.9725638031959534, 0.013487794436514378, 0.010685915127396584, 0.000450165884103626, 0.00033365198760293424]"
blur-nosal,original,885,846,846,1,0.889491617679596,"[846, 619, 915, 727, 818]","[0.889491617679596, 0.11038607358932495, 6.880442379042506e-05, 1.7101949197240174e-05, 1.0918100088019855e-05]"
blur-nosal,original,886,969,473,0,0.10067654401063919,"[473, 790, 496, 415, 692]","[0.10067654401063919, 0.09422539174556732, 0.0699969232082367, 0.06511402875185013, 0.0537276491522789]"
blur-nosal,original,887,945,738,0,0.08847414702177048,"[738, 522, 502, 898, 957]","[0.08847414702177048, 0.0773521289229393, 0.063107930123806, 0.059295158833265305, 0.0465974397957325]"
blur-nosal,original,888,752,455,0,0.10342169553041458,"[455, 722, 560, 463, 417]","[0.10342169553041458, 0.0664203017950058, 0.06484407186508179, 0.03414309024810791, 0.030055180191993713]"
blur-nosal,original,889,651,651,1,0.9462987184524536,"[651, 786, 648, 624, 896]","[0.9462987184524536, 0.025531750172376633, 0.0019831582903862, 0.0018680432112887502, 0.0017505866708233953]"
blur-nosal,original,890,945,945,1,0.2675670385360718,"[945, 259, 263, 284, 113]","[0.2675670385360718, 0.136236310005188, 0.06317832320928574, 0.05368618294596672, 0.043049003928899765]"
blur-nosal,original,891,438,505,0,0.18689557909965515,"[505, 899, 463, 469, 827]","[0.18689557909965515, 0.15056546032428741, 0.12169799208641052, 0.046379879117012024, 0.03954001143574715]"
blur-nosal,original,892,441,969,0,0.31482794880867004,"[969, 441, 470, 925, 865]","[0.31482794880867004, 0.18582503497600555, 0.12092511355876923, 0.028392590582370758, 0.020999392494559288]"
blur-nosal,original,893,818,611,0,0.22292834520339966,"[611, 546, 920, 917, 420]","[0.22292834520339966, 0.16503708064556122, 0.05098206177353859, 0.0469898097217083, 0.02469784952700138]"
blur-nosal,original,894,941,952,0,0.7060883641242981,"[952, 941, 956, 939, 725]","[0.7060883641242981, 0.222183957695961, 0.038797102868556976, 0.014725578017532825, 0.002204140881076455]"
blur-nosal,original,895,711,711,1,0.2073119580745697,"[711, 791, 674, 702, 597]","[0.2073119580745697, 0.03829263150691986, 0.03228854015469551, 0.02877669408917427, 0.0258379764854908]"
blur-nosal,original,896,152,157,0,0.4668095111846924,"[157, 152, 231, 155, 160]","[0.4668095111846924, 0.2179216891527176, 0.08397688716650009, 0.03306914120912552, 0.032779548317193985]"
blur-nosal,original,897,996,996,1,0.4130297303199768,"[996, 61, 121, 56, 54]","[0.4130297303199768, 0.09140924364328384, 0.0840696319937706, 0.046726200729608536, 0.04039302468299866]"
blur-nosal,original,898,898,502,0,0.21509021520614624,"[502, 882, 719, 589, 774]","[0.21509021520614624, 0.18777060508728027, 0.05762255936861038, 0.02892201580107212, 0.02589881420135498]"
blur-nosal,original,899,441,441,1,0.47302016615867615,"[441, 470, 438, 846, 899]","[0.47302016615867615, 0.14498545229434967, 0.12042663246393204, 0.025074172765016556, 0.02411467768251896]"
blur-nosal,original,900,953,738,0,0.1838231235742569,"[738, 955, 728, 496, 998]","[0.1838231235742569, 0.13738034665584564, 0.12392015010118484, 0.04795098304748535, 0.04694206640124321]"
blur-nosal,original,901,505,425,0,0.18221311271190643,"[425, 505, 651, 663, 859]","[0.18221311271190643, 0.053793150931596756, 0.0529240258038044, 0.05256016552448273, 0.039876148104667664]"
blur-nosal,original,902,773,773,1,0.2832602262496948,"[773, 811, 859, 710, 464]","[0.2832602262496948, 0.034438297152519226, 0.031144943088293076, 0.030168209224939346, 0.02648596651852131]"
blur-nosal,original,903,942,440,0,0.23612037301063538,"[440, 427, 441, 933, 492]","[0.23612037301063538, 0.07253219932317734, 0.05818856507539749, 0.05565778166055679, 0.04933037981390953]"
blur-nosal,original,904,891,620,0,0.21981628239154816,"[620, 401, 458, 681, 539]","[0.21981628239154816, 0.21440932154655457, 0.12116161733865738, 0.04564223811030388, 0.04544444382190704]"
blur-nosal,original,905,968,611,0,0.21069425344467163,"[611, 411, 917, 478, 750]","[0.21069425344467163, 0.1335638165473938, 0.0652373656630516, 0.05954914540052414, 0.03850693255662918]"
blur-nosal,original,906,942,849,0,0.11708753556013107,"[849, 739, 502, 28, 901]","[0.11708753556013107, 0.10814821720123291, 0.09300793707370758, 0.06919815391302109, 0.0685260072350502]"
blur-nosal,original,907,941,61,0,0.25177544355392456,"[61, 125, 33, 816, 883]","[0.25177544355392456, 0.20889326930046082, 0.07678666710853577, 0.04397602006793022, 0.02845393680036068]"
blur-nosal,original,908,418,784,0,0.1410467028617859,"[784, 696, 687, 709, 767]","[0.1410467028617859, 0.10870708525180817, 0.08257995545864105, 0.055443305522203445, 0.04852703958749771]"
blur-nosal,original,909,928,927,0,0.31397536396980286,"[927, 928, 728, 8, 153]","[0.31397536396980286, 0.22457411885261536, 0.11138874292373657, 0.049108248203992844, 0.0398080013692379]"
blur-nosal,original,910,934,472,0,0.9136667847633362,"[472, 693, 934, 739, 767]","[0.9136667847633362, 0.01913173496723175, 0.005815117619931698, 0.0038692529778927565, 0.0033066272735595703]"
blur-nosal,original,911,968,611,0,0.20882311463356018,"[611, 721, 545, 588, 806]","[0.20882311463356018, 0.17405495047569275, 0.06595351547002792, 0.060128722339868546, 0.040648750960826874]"
blur-nosal,original,912,923,923,1,0.9425746202468872,"[923, 932, 809, 931, 941]","[0.9425746202468872, 0.02793043851852417, 0.006208714563399553, 0.005422975867986679, 0.003081848844885826]"
blur-nosal,original,913,194,194,1,0.38272926211357117,"[194, 186, 202, 192, 182]","[0.38272926211357117, 0.1377309113740921, 0.11725255101919174, 0.05742600932717323, 0.03035552054643631]"
blur-nosal,original,914,927,927,1,0.9991801381111145,"[927, 963, 868, 415, 928]","[0.9991801381111145, 0.00018841217388398945, 0.0001830880792113021, 0.00012974670971743762, 0.00011140388960484415]"
blur-nosal,original,915,686,939,0,0.36971765756607056,"[939, 855, 686, 55, 720]","[0.36971765756607056, 0.19276109337806702, 0.05354395881295204, 0.031033050268888474, 0.030933324247598648]"
blur-nosal,original,916,737,766,0,0.06734401732683182,"[766, 827, 877, 617, 822]","[0.06734401732683182, 0.04726991429924965, 0.045661766082048416, 0.04553878679871559, 0.044787727296352386]"
blur-nosal,original,917,849,63,0,0.166954904794693,"[63, 79, 333, 113, 725]","[0.166954904794693, 0.10986511409282684, 0.05622806027531624, 0.0452120266854763, 0.037714309990406036]"
blur-nosal,original,918,855,855,1,0.8059937357902527,"[855, 560, 440, 626, 464]","[0.8059937357902527, 0.050156258046627045, 0.014801282435655594, 0.013043264858424664, 0.011479430831968784]"
blur-nosal,original,919,611,521,0,0.17202091217041016,"[521, 611, 932, 857, 739]","[0.17202091217041016, 0.1388472020626068, 0.10638740658760071, 0.08256345987319946, 0.07966582477092743]"
blur-nosal,original,920,545,545,1,0.43972402811050415,"[545, 855, 490, 721, 828]","[0.43972402811050415, 0.13770394027233124, 0.12628953158855438, 0.10114143788814545, 0.02531723491847515]"
blur-nosal,original,921,761,496,0,0.5545291304588318,"[496, 669, 619, 56, 846]","[0.5545291304588318, 0.05048763006925583, 0.0481853261590004, 0.039761677384376526, 0.02130252867937088]"
blur-nosal,original,922,521,738,0,0.08409052342176437,"[738, 641, 828, 928, 891]","[0.08409052342176437, 0.07988636940717697, 0.0642998069524765, 0.04165816679596901, 0.03745195269584656]"
blur-nosal,original,923,626,666,0,0.3002046048641205,"[666, 968, 967, 653, 720]","[0.3002046048641205, 0.08104114234447479, 0.079606793820858, 0.06838707625865936, 0.056186117231845856]"
blur-nosal,original,924,441,845,0,0.22097308933734894,"[845, 692, 694, 398, 509]","[0.22097308933734894, 0.11503809690475464, 0.05679275840520859, 0.0472048744559288, 0.03107309713959694]"
blur-nosal,original,925,438,711,0,0.3121489882469177,"[711, 560, 748, 438, 859]","[0.3121489882469177, 0.08431603759527206, 0.04848983883857727, 0.04345050826668739, 0.03590976819396019]"
blur-nosal,original,926,426,426,1,0.9054367542266846,"[426, 409, 778, 826, 892]","[0.9054367542266846, 0.06477554142475128, 0.01105706486850977, 0.0057106539607048035, 0.004756754729896784]"
blur-nosal,original,927,710,641,0,0.04697057232260704,"[641, 597, 486, 700, 889]","[0.04697057232260704, 0.03931219130754471, 0.03707391768693924, 0.03685101494193077, 0.03290658816695213]"
blur-nosal,original,928,613,613,1,0.6165370345115662,"[613, 723, 584, 615, 767]","[0.6165370345115662, 0.1006670668721199, 0.022355817258358, 0.021822767332196236, 0.016926778480410576]"
blur-nosal,original,929,574,910,0,0.2967553436756134,"[910, 338, 186, 618, 185]","[0.2967553436756134, 0.041078757494688034, 0.031231597065925598, 0.02719818986952305, 0.026400839909911156]"
blur-nosal,original,930,882,566,0,0.12848730385303497,"[566, 521, 889, 827, 593]","[0.12848730385303497, 0.09273216873407364, 0.08437813073396683, 0.06216416507959366, 0.05931214243173599]"
blur-nosal,original,931,647,968,0,0.12006545066833496,"[968, 424, 438, 402, 203]","[0.12006545066833496, 0.06997567415237427, 0.058128613978624344, 0.040917158126831055, 0.04023227095603943]"
blur-nosal,original,932,737,737,1,0.7762804627418518,"[737, 614, 440, 790, 509]","[0.7762804627418518, 0.025704193860292435, 0.023961955681443214, 0.02324500121176243, 0.012237590737640858]"
blur-nosal,original,933,963,963,1,0.9615865349769592,"[963, 599, 611, 910, 410]","[0.9615865349769592, 0.0052108620293438435, 0.004379528574645519, 0.004260581452399492, 0.0029472638852894306]"
blur-nosal,original,934,662,882,0,0.4081611633300781,"[882, 485, 662, 622, 482]","[0.4081611633300781, 0.2471802979707718, 0.10358581691980362, 0.08456815034151077, 0.02630908414721489]"
blur-nosal,original,935,891,891,1,0.9698718786239624,"[891, 796, 613, 545, 811]","[0.9698718786239624, 0.010400194674730301, 0.001813502050936222, 0.0014568389160558581, 0.0009050715016201138]"
blur-nosal,original,936,891,891,1,0.4339137375354767,"[891, 796, 748, 893, 539]","[0.4339137375354767, 0.12670409679412842, 0.0293048657476902, 0.029026608914136887, 0.017050769180059433]"
blur-nosal,original,937,710,549,0,0.1968308836221695,"[549, 620, 710, 546, 921]","[0.1968308836221695, 0.0923452079296112, 0.07482565939426422, 0.056384552270174026, 0.04573359712958336]"
blur-nosal,original,938,188,266,0,0.42204082012176514,"[266, 181, 265, 192, 267]","[0.42204082012176514, 0.16312918066978455, 0.1082020029425621, 0.07671565562486649, 0.07570318877696991]"
blur-nosal,original,939,503,503,1,0.8717071413993835,"[503, 711, 505, 773, 725]","[0.8717071413993835, 0.028876129537820816, 0.018196146935224533, 0.012933023273944855, 0.008645028807222843]"
blur-nosal,original,940,849,849,1,0.936919629573822,"[849, 725, 899, 883, 719]","[0.936919629573822, 0.054839424788951874, 0.003712644102051854, 0.0013214920181781054, 0.0009185040253214538]"
blur-nosal,original,941,968,680,0,0.5597129464149475,"[680, 773, 861, 470, 855]","[0.5597129464149475, 0.0732843279838562, 0.06347028911113739, 0.05712856724858284, 0.04017109423875809]"
blur-nosal,original,942,438,516,0,0.1630123257637024,"[516, 208, 529, 431, 520]","[0.1630123257637024, 0.062323231250047684, 0.03707030788064003, 0.035919155925512314, 0.027012299746274948]"
blur-nosal,original,943,530,660,0,0.46973130106925964,"[660, 662, 651, 530, 798]","[0.46973130106925964, 0.09101208299398422, 0.0666453167796135, 0.05550409108400345, 0.04581872746348381]"
blur-nosal,original,944,613,613,1,0.8928083181381226,"[613, 759, 739, 550, 622]","[0.8928083181381226, 0.01181226596236229, 0.007549338508397341, 0.005577474366873503, 0.00441116513684392]"
blur-nosal,original,945,786,786,1,0.5731993913650513,"[786, 688, 651, 742, 681]","[0.5731993913650513, 0.19170519709587097, 0.04109029099345207, 0.020979521796107292, 0.016207467764616013]"
blur-nosal,original,946,466,657,0,0.27735593914985657,"[657, 694, 546, 420, 421]","[0.27735593914985657, 0.08393155038356781, 0.07688216865062714, 0.07655877619981766, 0.059373799711465836]"
blur-nosal,original,947,466,466,1,0.36598554253578186,"[466, 525, 756, 489, 628]","[0.36598554253578186, 0.13828064501285553, 0.02993476204574108, 0.027666624635457993, 0.0232008658349514]"
blur-nosal,original,948,466,839,0,0.5801951885223389,"[839, 835, 427, 583, 608]","[0.5801951885223389, 0.030201129615306854, 0.026889069005846977, 0.017461704090237617, 0.017394928261637688]"
blur-nosal,original,949,547,547,1,0.9401439428329468,"[547, 705, 829, 820, 565]","[0.9401439428329468, 0.059323519468307495, 0.0002739380579441786, 0.00014648646174464375, 2.9843804441043176e-05]"
blur-nosal,original,950,547,547,1,0.8466271758079529,"[547, 820, 705, 565, 634]","[0.8466271758079529, 0.08967515826225281, 0.03690706938505173, 0.01762126013636589, 0.004246416036039591]"
blur-nosal,original,951,547,829,0,0.699809193611145,"[829, 820, 705, 547, 449]","[0.699809193611145, 0.05126238241791725, 0.05066119506955147, 0.041016120463609695, 0.01595761813223362]"
blur-nosal,original,952,466,466,1,0.9994685053825378,"[466, 895, 807, 908, 471]","[0.9994685053825378, 0.00019540797802619636, 4.4162225094623864e-05, 2.9675451514776796e-05, 2.6583506041788496e-05]"
blur-nosal,original,953,466,466,1,0.9888597726821899,"[466, 547, 705, 757, 581]","[0.9888597726821899, 0.009446434676647186, 0.001237594406120479, 0.00012550454994197935, 5.725897426600568e-05]"
blur-nosal,original,954,829,829,1,0.767558753490448,"[829, 874, 547, 705, 698]","[0.767558753490448, 0.21896295249462128, 0.005581270437687635, 0.0038969903253018856, 0.001213890383951366]"
blur-nosal,original,955,547,547,1,0.7067950963973999,"[547, 705, 829, 510, 498]","[0.7067950963973999, 0.19908617436885834, 0.015488226898014545, 0.008252536877989769, 0.007846282795071602]"
blur-nosal,original,956,829,874,0,0.7747141718864441,"[874, 829, 547, 705, 510]","[0.7747141718864441, 0.21425363421440125, 0.005686256103217602, 0.0019495702581480145, 0.0014785112580284476]"
blur-nosal,original,957,829,829,1,0.1872180998325348,"[829, 562, 864, 561, 874]","[0.1872180998325348, 0.16630305349826813, 0.07871776074171066, 0.04842478409409523, 0.04153141751885414]"
blur-nosal,original,958,829,829,1,0.5433839559555054,"[829, 920, 874, 536, 733]","[0.5433839559555054, 0.13807779550552368, 0.08802367001771927, 0.04500648006796837, 0.03931165859103203]"
blur-nosal,original,959,820,820,1,0.999822199344635,"[820, 847, 634, 547, 471]","[0.999822199344635, 5.9121346566826105e-05, 2.6461566449142992e-05, 1.5040622201922815e-05, 1.4276549336500466e-05]"
blur-nosal,original,960,820,820,1,0.5774518251419067,"[820, 483, 471, 491, 672]","[0.5774518251419067, 0.038094669580459595, 0.026933394372463226, 0.024774789810180664, 0.02378535084426403]"
blur-nosal,original,961,829,829,1,0.9531292915344238,"[829, 705, 547, 654, 779]","[0.9531292915344238, 0.01694728247821331, 0.014758736826479435, 0.0036394712515175343, 0.0027643998619168997]"
blur-nosal,original,962,820,863,0,0.21514908969402313,"[863, 562, 738, 191, 546]","[0.21514908969402313, 0.15163376927375793, 0.058218732476234436, 0.029794344678521156, 0.023788083344697952]"
blur-nosal,original,963,829,829,1,0.8926066160202026,"[829, 874, 555, 705, 547]","[0.8926066160202026, 0.03582018241286278, 0.021413415670394897, 0.016875457018613815, 0.0074567412957549095]"
blur-nosal,original,964,829,829,1,0.9950183629989624,"[829, 874, 705, 547, 536]","[0.9950183629989624, 0.0025370025541633368, 0.0011374095920473337, 0.00039637848385609686, 0.00011948854080401361]"
blur-nosal,original,965,829,829,1,0.9774603843688965,"[829, 547, 874, 705, 554]","[0.9774603843688965, 0.012970367446541786, 0.003631066530942917, 0.0036096188705414534, 0.0005058677634224296]"
blur-nosal,original,966,820,820,1,0.33106014132499695,"[820, 367, 369, 297, 386]","[0.33106014132499695, 0.2187199592590332, 0.07186267524957657, 0.029210591688752174, 0.023643866181373596]"
blur-nosal,original,967,829,829,1,0.8708919286727905,"[829, 698, 497, 498, 547]","[0.8708919286727905, 0.02921728789806366, 0.02369491197168827, 0.019603105261921883, 0.009583246894180775]"
blur-nosal,original,968,102,102,1,0.6626973152160645,"[102, 316, 308, 334, 328]","[0.6626973152160645, 0.11333490908145905, 0.09608522802591324, 0.09583476185798645, 0.00728358281776309]"
blur-nosal,original,969,850,202,0,0.06058041751384735,"[202, 824, 189, 266, 221]","[0.06058041751384735, 0.05619977042078972, 0.05216504633426666, 0.041420962661504745, 0.039383865892887115]"
blur-nosal,original,970,850,850,1,0.8753695487976074,"[850, 538, 832, 928, 719]","[0.8753695487976074, 0.03435210883617401, 0.021618710830807686, 0.008587339892983437, 0.005141362082213163]"
blur-nosal,original,971,539,748,0,0.6908260583877563,"[748, 893, 674, 591, 709]","[0.6908260583877563, 0.0853358581662178, 0.046975091099739075, 0.039706360548734665, 0.029384711757302284]"
blur-nosal,original,972,374,374,1,0.11572396755218506,"[374, 150, 385, 192, 344]","[0.11572396755218506, 0.10503868013620377, 0.07398321479558945, 0.0631491094827652, 0.05078617483377457]"
blur-nosal,original,973,601,601,1,0.3662762939929962,"[601, 689, 578, 501, 869]","[0.3662762939929962, 0.19728171825408936, 0.17441555857658386, 0.028303032740950584, 0.021422600373625755]"
blur-nosal,original,974,929,982,0,0.46846824884414673,"[982, 601, 793, 422, 264]","[0.46846824884414673, 0.10946577042341232, 0.03578309342265129, 0.0317608006298542, 0.023400483652949333]"
blur-nosal,original,975,203,203,1,0.4591905176639557,"[203, 153, 229, 188, 204]","[0.4591905176639557, 0.08160168677568436, 0.08029351383447647, 0.05586903542280197, 0.051829129457473755]"
blur-nosal,original,976,532,532,1,0.572368860244751,"[532, 816, 868, 359, 209]","[0.572368860244751, 0.032565150409936905, 0.025405967608094215, 0.024935465306043625, 0.024536145851016045]"
blur-nosal,original,977,153,153,1,0.7343083024024963,"[153, 203, 207, 208, 204]","[0.7343083024024963, 0.18029320240020752, 0.01090940274298191, 0.009029518812894821, 0.008441485464572906]"
blur-nosal,original,978,733,559,0,0.20047178864479065,"[559, 819, 642, 765, 416]","[0.20047178864479065, 0.11422701179981232, 0.04429034888744354, 0.04090546444058418, 0.039816536009311676]"
blur-nosal,original,979,363,363,1,0.11873087286949158,"[363, 539, 674, 34, 280]","[0.11873087286949158, 0.06143185868859291, 0.04633461683988571, 0.03828929364681244, 0.035563815385103226]"
blur-nosal,original,980,674,674,1,0.22786758840084076,"[674, 634, 595, 621, 866]","[0.22786758840084076, 0.1515042930841446, 0.10512477159500122, 0.07689017057418823, 0.06661159545183182]"
blur-nosal,original,981,778,549,0,0.6363855004310608,"[549, 999, 314, 745, 772]","[0.6363855004310608, 0.035143956542015076, 0.020999930799007416, 0.019875166937708855, 0.018857384100556374]"
blur-nosal,original,982,765,496,0,0.23394283652305603,"[496, 697, 556, 765, 478]","[0.23394283652305603, 0.07259684056043625, 0.04697670787572861, 0.04059060662984848, 0.03843814507126808]"
blur-nosal,original,983,161,161,1,0.5947644114494324,"[161, 155, 162, 217, 218]","[0.5947644114494324, 0.08827097713947296, 0.07841412723064423, 0.04410669207572937, 0.04143906012177467]"
blur-nosal,original,984,539,263,0,0.7011637091636658,"[263, 539, 253, 273, 291]","[0.7011637091636658, 0.05377159267663956, 0.02008219063282013, 0.019208908081054688, 0.010374748148024082]"
blur-nosal,original,985,999,700,0,0.27877065539360046,"[700, 40, 999, 811, 770]","[0.27877065539360046, 0.04922223091125488, 0.045500464737415314, 0.04172208905220032, 0.03878701105713844]"
blur-nosal,original,986,715,479,0,0.1285473108291626,"[479, 491, 758, 447, 611]","[0.1285473108291626, 0.0743783637881279, 0.052951306104660034, 0.049165453761816025, 0.046686939895153046]"
blur-nosal,original,987,153,196,0,0.3537593483924866,"[196, 153, 203, 204, 155]","[0.3537593483924866, 0.17598731815814972, 0.08014377951622009, 0.06916511803865433, 0.04093152657151222]"
blur-nosal,original,988,161,161,1,0.6361405253410339,"[161, 166, 217, 212, 215]","[0.6361405253410339, 0.1250312328338623, 0.07840800285339355, 0.026896389201283455, 0.021704640239477158]"
blur-nosal,original,989,543,422,0,0.7749581933021545,"[422, 543, 447, 570, 166]","[0.7749581933021545, 0.13560187816619873, 0.016202904284000397, 0.013349900022149086, 0.01032982487231493]"
blur-nosal,original,990,161,611,0,0.14533410966396332,"[611, 955, 719, 171, 774]","[0.14533410966396332, 0.07329872250556946, 0.07119990140199661, 0.05199144780635834, 0.024268006905913353]"
blur-nosal,original,991,849,504,0,0.4117870628833771,"[504, 899, 968, 505, 438]","[0.4117870628833771, 0.2041567713022232, 0.09318879246711731, 0.07795628160238266, 0.0709942877292633]"
blur-nosal,original,992,422,422,1,0.801986575126648,"[422, 226, 222, 162, 214]","[0.801986575126648, 0.04245515912771225, 0.02252274937927723, 0.013758061453700066, 0.013036422431468964]"
blur-nosal,original,993,157,157,1,0.19216500222682953,"[157, 249, 232, 231, 284]","[0.19216500222682953, 0.1788662075996399, 0.14809690415859222, 0.06550754606723785, 0.06541234254837036]"
blur-nosal,original,994,193,235,0,0.2244701087474823,"[235, 182, 191, 186, 207]","[0.2244701087474823, 0.1146526038646698, 0.06815744191408157, 0.05780438333749771, 0.0381261445581913]"
blur-nosal,original,995,728,697,0,0.23975233733654022,"[697, 775, 614, 735, 887]","[0.23975233733654022, 0.18105758726596832, 0.08894386887550354, 0.037108518183231354, 0.03341469541192055]"
blur-nosal,original,996,201,189,0,0.2651872932910919,"[189, 360, 182, 357, 185]","[0.2651872932910919, 0.22717612981796265, 0.062412817031145096, 0.041192676872015, 0.028224719688296318]"
blur-nosal,original,997,174,174,1,0.15002121031284332,"[174, 285, 198, 281, 170]","[0.15002121031284332, 0.142691507935524, 0.1380811333656311, 0.12749619781970978, 0.11226130276918411]"
blur-nosal,original,998,171,237,0,0.16314642131328583,"[237, 39, 171, 42, 151]","[0.16314642131328583, 0.10839761048555374, 0.09866335988044739, 0.08658553659915924, 0.0362725555896759]"
blur-nosal,original,999,161,162,0,0.44637221097946167,"[162, 161, 247, 163, 241]","[0.44637221097946167, 0.32351431250572205, 0.04074372723698616, 0.017305368557572365, 0.01405413169413805]"
blur-nosal,original,1000,882,899,0,0.23013606667518616,"[899, 882, 774, 588, 441]","[0.23013606667518616, 0.1407642960548401, 0.08622024208307266, 0.02668691985309124, 0.024183863773941994]"
blur-nosal,original,1001,199,197,0,0.2625986337661743,"[197, 199, 223, 239, 256]","[0.2625986337661743, 0.24558182060718536, 0.09327957779169083, 0.07080179452896118, 0.03770963475108147]"
blur-nosal,original,1002,226,185,0,0.14888328313827515,"[185, 207, 184, 226, 213]","[0.14888328313827515, 0.09533455967903137, 0.08562907576560974, 0.07068600505590439, 0.05531017482280731]"
blur-nosal,original,1003,559,765,0,0.30098965764045715,"[765, 579, 846, 489, 532]","[0.30098965764045715, 0.07438246160745621, 0.06534741818904877, 0.05736308917403221, 0.05362986400723457]"
blur-nosal,original,1004,532,532,1,0.9961398243904114,"[532, 579, 559, 762, 526]","[0.9961398243904114, 0.0015467621851712465, 0.0006393056828528643, 0.00039196989382617176, 0.0002653934061527252]"
blur-nosal,original,1005,882,430,0,0.24294117093086243,"[430, 615, 543, 882, 630]","[0.24294117093086243, 0.23863017559051514, 0.1882689744234085, 0.045198772102594376, 0.033614832907915115]"
blur-nosal,original,1006,174,679,0,0.2389409989118576,"[679, 254, 616, 171, 201]","[0.2389409989118576, 0.08845009654760361, 0.044727813452482224, 0.040433116257190704, 0.03891167789697647]"
blur-nosal,original,1007,86,82,0,0.621931791305542,"[82, 86, 99, 390, 134]","[0.621931791305542, 0.3477875292301178, 0.005250292364507914, 0.003403916023671627, 0.002303352113813162]"
blur-nosal,original,1008,178,186,0,0.14786361157894135,"[186, 170, 216, 185, 208]","[0.14786361157894135, 0.11786320805549622, 0.07646025717258453, 0.058906011283397675, 0.04349293187260628]"
blur-nosal,original,1009,252,194,0,0.054987501353025436,"[194, 406, 170, 491, 569]","[0.054987501353025436, 0.0498485267162323, 0.04841150343418121, 0.038812801241874695, 0.03569626808166504]"
blur-nosal,original,1010,156,221,0,0.2663688361644745,"[221, 226, 155, 230, 199]","[0.2663688361644745, 0.14196355640888214, 0.061437372118234634, 0.05954635143280029, 0.0330839529633522]"
blur-nosal,original,1011,208,153,0,0.3019060492515564,"[153, 359, 356, 338, 258]","[0.3019060492515564, 0.184505894780159, 0.08943445235490799, 0.04533147066831589, 0.02931828796863556]"
blur-nosal,original,1012,543,197,0,0.20169208943843842,"[197, 266, 608, 198, 655]","[0.20169208943843842, 0.11507246643304825, 0.05647740885615349, 0.04199871048331261, 0.03701848164200783]"
blur-nosal,original,1013,444,745,0,0.14468510448932648,"[745, 526, 822, 424, 444]","[0.14468510448932648, 0.11750975996255875, 0.07325336337089539, 0.04820043593645096, 0.03381280601024628]"
blur-nosal,original,1014,823,617,0,0.3085525631904602,"[617, 999, 882, 897, 896]","[0.3085525631904602, 0.14296917617321014, 0.12223786860704422, 0.06437060981988907, 0.02604389563202858]"
blur-nosal,original,1015,841,955,0,0.6714760065078735,"[955, 490, 843, 655, 515]","[0.6714760065078735, 0.07426407933235168, 0.017813555896282196, 0.016640696674585342, 0.014878659509122372]"
blur-nosal,original,1016,581,541,0,0.16208016872406006,"[541, 466, 506, 822, 792]","[0.16208016872406006, 0.09666487574577332, 0.047146026045084, 0.03451976925134659, 0.032904915511608124]"
blur-nosal,original,1017,601,406,0,0.28507110476493835,"[406, 706, 601, 982, 423]","[0.28507110476493835, 0.07517663389444351, 0.053940970450639725, 0.03610486909747124, 0.03597745671868324]"
blur-nosal,original,1018,857,857,1,0.7094927430152893,"[857, 765, 776, 594, 682]","[0.7094927430152893, 0.19222800433635712, 0.02977900207042694, 0.015793336555361748, 0.00458328053355217]"
blur-nosal,original,1019,822,484,0,0.6761708855628967,"[484, 627, 876, 467, 851]","[0.6761708855628967, 0.04165646806359291, 0.03963380679488182, 0.03877991810441017, 0.018470337614417076]"
blur-nosal,original,1020,543,895,0,0.23837722837924957,"[895, 404, 555, 864, 407]","[0.23837722837924957, 0.10498139262199402, 0.08685743808746338, 0.08151248842477798, 0.07343736290931702]"
blur-nosal,original,1021,559,559,1,0.5777564644813538,"[559, 532, 706, 765, 495]","[0.5777564644813538, 0.16261298954486847, 0.04252585023641586, 0.037805747240781784, 0.03621330484747887]"
blur-nosal,original,1022,863,786,0,0.2071761190891266,"[786, 423, 879, 562, 760]","[0.2071761190891266, 0.11949611455202103, 0.07373585551977158, 0.03079257160425186, 0.02976897358894348]"
blur-nosal,original,1023,486,486,1,0.3047139048576355,"[486, 566, 787, 776, 875]","[0.3047139048576355, 0.1458914875984192, 0.12561948597431183, 0.10257867723703384, 0.04114740341901779]"
blur-nosal,original,1024,450,450,1,0.6896713376045227,"[450, 625, 817, 436, 736]","[0.6896713376045227, 0.043176621198654175, 0.01418456993997097, 0.013311738148331642, 0.012485356070101261]"
blur-nosal,original,1025,615,423,0,0.11919437348842621,"[423, 819, 702, 745, 880]","[0.11919437348842621, 0.10217368602752686, 0.1014300137758255, 0.07413336634635925, 0.06015005335211754]"
blur-nosal,original,1026,579,579,1,0.5317708253860474,"[579, 699, 642, 432, 401]","[0.5317708253860474, 0.07375943660736084, 0.04977290332317352, 0.03569723293185234, 0.029729856178164482]"
blur-nosal,original,1027,790,860,0,0.5525950193405151,"[860, 509, 398, 741, 791]","[0.5525950193405151, 0.21296758949756622, 0.026353858411312103, 0.020118042826652527, 0.013707962818443775]"
blur-nosal,original,1028,160,160,1,0.23522107303142548,"[160, 413, 197, 615, 183]","[0.23522107303142548, 0.06953658163547516, 0.0687648132443428, 0.053612396121025085, 0.043047722429037094]"
blur-nosal,original,1029,422,422,1,0.9326156377792358,"[422, 675, 561, 867, 569]","[0.9326156377792358, 0.016528159379959106, 0.013951822184026241, 0.004243880044668913, 0.003881637006998062]"
blur-nosal,original,1030,882,792,0,0.08772213011980057,"[792, 523, 515, 91, 354]","[0.08772213011980057, 0.050946783274412155, 0.04934283345937729, 0.049287524074316025, 0.0388430617749691]"
blur-nosal,original,1031,608,743,0,0.21432384848594666,"[743, 877, 706, 792, 539]","[0.21432384848594666, 0.12777531147003174, 0.09364589303731918, 0.07337441295385361, 0.04439116641879082]"
blur-nosal,original,1032,489,857,0,0.6863457560539246,"[857, 863, 406, 887, 737]","[0.6863457560539246, 0.07608433067798615, 0.052833568304777145, 0.030958503484725952, 0.03027360700070858]"
blur-nosal,original,1033,212,552,0,0.32575368881225586,"[552, 202, 186, 185, 189]","[0.32575368881225586, 0.17471641302108765, 0.13095057010650635, 0.08201134949922562, 0.057903505861759186]"
blur-nosal,original,1034,145,979,0,0.15330833196640015,"[979, 391, 525, 562, 972]","[0.15330833196640015, 0.08369401097297668, 0.05931472405791283, 0.056932687759399414, 0.043770235031843185]"
blur-nosal,original,1035,103,262,0,0.2653210759162903,"[262, 191, 103, 338, 385]","[0.2653210759162903, 0.13065747916698456, 0.07926543802022934, 0.029394185170531273, 0.02886168658733368]"
blur-nosal,original,1036,148,148,1,0.9637907147407532,"[148, 978, 693, 472, 977]","[0.9637907147407532, 0.015865404158830643, 0.004448194056749344, 0.00299771293066442, 0.0024737960193306208]"
blur-nosal,original,1037,149,149,1,0.9848618507385254,"[149, 6, 3, 109, 5]","[0.9848618507385254, 0.004709622822701931, 0.0031183406244963408, 0.0018071905942633748, 0.0012062988243997097]"
blur-nosal,original,1038,103,103,1,0.9887967109680176,"[103, 389, 394, 395, 1]","[0.9887967109680176, 0.004788174759596586, 0.0013058771146461368, 0.0008928872412070632, 0.0006381615530699492]"
blur-nosal,original,1039,148,84,0,0.5336800813674927,"[84, 148, 14, 150, 433]","[0.5336800813674927, 0.4356202185153961, 0.021574338898062706, 0.0017895351629704237, 0.0011851907474920154]"
blur-nosal,original,1040,148,562,0,0.6320369243621826,"[562, 148, 525, 484, 391]","[0.6320369243621826, 0.2925924062728882, 0.011170300655066967, 0.0056512258015573025, 0.003973266575485468]"
blur-nosal,original,1041,148,148,1,0.8417632579803467,"[148, 433, 6, 150, 983]","[0.8417632579803467, 0.08677778393030167, 0.03411336615681648, 0.009310861118137836, 0.007555576507002115]"
blur-nosal,original,1042,983,983,1,0.7775710225105286,"[983, 801, 33, 6, 433]","[0.7775710225105286, 0.16113896667957306, 0.023967094719409943, 0.009281170554459095, 0.00918435025960207]"
blur-nosal,original,1043,842,440,0,0.17389827966690063,"[440, 385, 354, 395, 737]","[0.17389827966690063, 0.065719373524189, 0.060733892023563385, 0.046765223145484924, 0.04239613935351372]"
blur-nosal,original,1044,1,1,1,0.9693378210067749,"[1, 417, 824, 552, 928]","[0.9693378210067749, 0.014651660807430744, 0.0029516564682126045, 0.001975027844309807, 0.0018084527691826224]"
blur-nosal,original,1045,36,6,0,0.20748619735240936,"[6, 397, 50, 472, 625]","[0.20748619735240936, 0.09200026094913483, 0.07344237715005875, 0.061820853501558304, 0.034358058124780655]"
blur-nosal,original,1046,155,344,0,0.2501855194568634,"[344, 296, 48, 294, 355]","[0.2501855194568634, 0.23911671340465546, 0.10948251187801361, 0.0472775436937809, 0.026343494653701782]"
blur-nosal,original,1047,148,148,1,0.9748678207397461,"[148, 977, 639, 775, 638]","[0.9748678207397461, 0.004570494871586561, 0.003122426802292466, 0.001408934942446649, 0.0013154316693544388]"
blur-nosal,original,1048,148,148,1,0.633941113948822,"[148, 150, 5, 149, 6]","[0.633941113948822, 0.15137995779514313, 0.05370701476931572, 0.037517398595809937, 0.019094333052635193]"
blur-nosal,original,1049,822,822,1,0.7940354347229004,"[822, 839, 401, 594, 791]","[0.7940354347229004, 0.022431181743741035, 0.020962664857506752, 0.011603254824876785, 0.010223775170743465]"
blur-nosal,original,1050,842,842,1,0.22846321761608124,"[842, 652, 391, 376, 472]","[0.22846321761608124, 0.10668286681175232, 0.07756326347589493, 0.041831228882074356, 0.04155076667666435]"
blur-nosal,original,1051,150,914,0,0.0876842811703682,"[914, 150, 355, 186, 833]","[0.0876842811703682, 0.047703661024570465, 0.037622787058353424, 0.0328548401594162, 0.02396087534725666]"
blur-nosal,original,1052,148,148,1,0.9988698363304138,"[148, 150, 977, 975, 693]","[0.9988698363304138, 0.0006888284697197378, 0.00021191414271015674, 4.9817499530036e-05, 4.8681489715818316e-05]"
blur-nosal,original,1053,420,420,1,0.8291324973106384,"[420, 768, 699, 486, 502]","[0.8291324973106384, 0.03275109827518463, 0.014323883689939976, 0.01331322267651558, 0.012478082440793514]"
blur-nosal,original,1054,932,928,0,0.17469942569732666,"[928, 552, 611, 927, 184]","[0.17469942569732666, 0.14847971498966217, 0.09713903069496155, 0.04467763006687164, 0.037867363542318344]"
blur-nosal,original,1055,862,424,0,0.27402883768081665,"[424, 699, 762, 663, 594]","[0.27402883768081665, 0.12654559314250946, 0.04953078553080559, 0.04704131558537483, 0.03238274157047272]"
blur-nosal,original,1056,964,955,0,0.6661518812179565,"[955, 785, 122, 909, 941]","[0.6661518812179565, 0.06762173771858215, 0.037978220731019974, 0.0334826298058033, 0.024234632030129433]"
blur-nosal,original,1057,76,918,0,0.10207107663154602,"[918, 514, 611, 697, 842]","[0.10207107663154602, 0.10192643105983734, 0.09268566966056824, 0.06193486601114273, 0.0529920719563961]"
blur-nosal,original,1058,563,816,0,0.3775302767753601,"[816, 616, 542, 313, 784]","[0.3775302767753601, 0.17123790085315704, 0.07161038368940353, 0.06595484912395477, 0.03978961333632469]"
blur-nosal,original,1059,329,112,0,0.21686896681785583,"[112, 44, 327, 993, 395]","[0.21686896681785583, 0.1887063980102539, 0.073188915848732, 0.04203936085104942, 0.03054053708910942]"
blur-nosal,original,1060,928,982,0,0.30699285864830017,"[982, 420, 259, 401, 652]","[0.30699285864830017, 0.08449447900056839, 0.07461206614971161, 0.045352235436439514, 0.041833385825157166]"
blur-nosal,original,1061,420,542,0,0.10551725327968597,"[542, 558, 420, 618, 683]","[0.10551725327968597, 0.06843291223049164, 0.052231140434741974, 0.052180808037519455, 0.05145512521266937]"
blur-nosal,original,1062,45,462,0,0.10027781873941422,"[462, 410, 411, 775, 697]","[0.10027781873941422, 0.09499384462833405, 0.05824249982833862, 0.05651294067502022, 0.05349068343639374]"
blur-nosal,original,1063,963,793,0,0.3981666564941406,"[793, 182, 193, 225, 234]","[0.3981666564941406, 0.08401824533939362, 0.054983772337436676, 0.049618251621723175, 0.021685294806957245]"
blur-nosal,original,1064,17,115,0,0.08327864110469818,"[115, 4, 92, 173, 596]","[0.08327864110469818, 0.08318481594324112, 0.06574476510286331, 0.05463489890098572, 0.05029589310288429]"
blur-nosal,original,1065,420,420,1,0.9631677269935608,"[420, 402, 541, 546, 813]","[0.9631677269935608, 0.028938423842191696, 0.0010953455930575728, 0.0007892330759204924, 0.0006143570062704384]"
blur-nosal,original,1066,737,793,0,0.1455715447664261,"[793, 680, 929, 691, 756]","[0.1455715447664261, 0.12745006382465363, 0.06194346770644188, 0.060064591467380524, 0.0585353709757328]"
blur-nosal,original,1067,420,774,0,0.15515582263469696,"[774, 420, 87, 51, 828]","[0.15515582263469696, 0.09250783920288086, 0.07000453770160675, 0.044958826154470444, 0.04225638508796692]"
blur-nosal,original,1068,513,445,0,0.3158474564552307,"[445, 413, 513, 693, 303]","[0.3158474564552307, 0.10111992061138153, 0.09833928197622299, 0.05491124466061592, 0.04775628075003624]"
blur-nosal,original,1069,27,419,0,0.11268676072359085,"[419, 993, 445, 987, 130]","[0.11268676072359085, 0.07361647486686707, 0.05979836732149124, 0.05353705957531929, 0.04967306926846504]"
blur-nosal,original,1070,420,420,1,0.5308597087860107,"[420, 61, 173, 56, 676]","[0.5308597087860107, 0.10442008078098297, 0.02933034859597683, 0.02034882642328739, 0.01591561734676361]"
blur-nosal,original,1071,186,213,0,0.356614351272583,"[213, 43, 931, 338, 193]","[0.356614351272583, 0.0503542460501194, 0.040762949734926224, 0.039335787296295166, 0.03749532997608185]"
blur-nosal,original,1072,305,459,0,0.12624219059944153,"[459, 419, 53, 691, 457]","[0.12624219059944153, 0.08464635908603668, 0.04959828034043312, 0.039502453058958054, 0.037524789571762085]"
blur-nosal,original,1073,27,341,0,0.20500746369361877,"[341, 338, 38, 56, 53]","[0.20500746369361877, 0.16156034171581268, 0.07371216267347336, 0.05075462535023689, 0.03523634746670723]"
blur-nosal,original,1074,681,594,0,0.9958979487419128,"[594, 401, 687, 486, 559]","[0.9958979487419128, 0.0021896844264119864, 0.00042280572233721614, 0.0002524218871258199, 0.00014120196283329278]"
blur-nosal,original,1075,790,509,0,0.5567818880081177,"[509, 582, 865, 791, 454]","[0.5567818880081177, 0.07674556225538254, 0.05406114086508751, 0.03222361579537392, 0.023517994210124016]"
blur-nosal,original,1076,679,457,0,0.3488312065601349,"[457, 643, 903, 774, 837]","[0.3488312065601349, 0.14907173812389374, 0.04333677515387535, 0.03137068822979927, 0.0227823443710804]"
blur-nosal,original,1077,441,441,1,0.7192366719245911,"[441, 650, 678, 560, 903]","[0.7192366719245911, 0.03498518094420433, 0.025871405377984047, 0.01973005384206772, 0.019133640453219414]"
blur-nosal,original,1078,929,929,1,0.25324249267578125,"[929, 582, 850, 955, 467]","[0.25324249267578125, 0.2527710497379303, 0.10949333757162094, 0.06423939764499664, 0.05615995451807976]"
blur-nosal,original,1079,87,87,1,0.17136543989181519,"[87, 241, 234, 165, 678]","[0.17136543989181519, 0.0934208557009697, 0.07282944023609161, 0.05526268109679222, 0.05179954692721367]"
blur-nosal,original,1080,268,225,0,0.18714670836925507,"[225, 151, 39, 195, 363]","[0.18714670836925507, 0.1633632332086563, 0.06800005584955215, 0.03698061406612396, 0.03531330078840256]"
blur-nosal,original,1081,882,797,0,0.19824355840682983,"[797, 596, 211, 338, 608]","[0.19824355840682983, 0.04075729474425316, 0.030101867392659187, 0.029503589496016502, 0.02901068702340126]"
blur-nosal,original,1082,320,29,0,0.27677100896835327,"[29, 90, 997, 558, 456]","[0.27677100896835327, 0.04018772393465042, 0.039782073348760605, 0.03620345890522003, 0.02512567676603794]"
blur-nosal,original,1083,621,621,1,0.9720541834831238,"[621, 670, 428, 835, 665]","[0.9720541834831238, 0.004841273650527, 0.0025506780948489904, 0.0024888368789106607, 0.001870261738076806]"
blur-nosal,original,1084,202,336,0,0.15384262800216675,"[336, 294, 202, 182, 196]","[0.15384262800216675, 0.08312969654798508, 0.04984503239393234, 0.049696844071149826, 0.049546923488378525]"
blur-nosal,original,1085,430,775,0,0.5169466137886047,"[775, 614, 608, 655, 246]","[0.5169466137886047, 0.04181914031505585, 0.03490985929965973, 0.03304388374090195, 0.024983830749988556]"
blur-nosal,original,1086,157,99,0,0.1514885276556015,"[99, 157, 336, 115, 97]","[0.1514885276556015, 0.10811416059732437, 0.043739426881074905, 0.04330490157008171, 0.02746989019215107]"
blur-nosal,original,1087,733,843,0,0.4049547612667084,"[843, 733, 645, 9, 557]","[0.4049547612667084, 0.12621870636940002, 0.12204603105783463, 0.10118261724710464, 0.07932368665933609]"
blur-nosal,original,1088,765,649,0,0.29879671335220337,"[649, 176, 562, 134, 84]","[0.29879671335220337, 0.04740191623568535, 0.022734884172677994, 0.020662439987063408, 0.01830465905368328]"
blur-nosal,original,1089,231,260,0,0.18260443210601807,"[260, 207, 231, 191, 259]","[0.18260443210601807, 0.09496820718050003, 0.06631980836391449, 0.05466979742050171, 0.05189654603600502]"
blur-nosal,original,1090,602,9,0,0.21262678503990173,"[9, 843, 702, 646, 645]","[0.21262678503990173, 0.17606446146965027, 0.08934134989976883, 0.04153910651803017, 0.029755212366580963]"
blur-nosal,original,1091,208,368,0,0.35613131523132324,"[368, 382, 249, 248, 263]","[0.35613131523132324, 0.2413230538368225, 0.04033905267715454, 0.03652495890855789, 0.028558796271681786]"
blur-nosal,original,1092,792,907,0,0.2861967384815216,"[907, 621, 440, 966, 792]","[0.2861967384815216, 0.13828684389591217, 0.11667297035455704, 0.03614453226327896, 0.031627725809812546]"
blur-nosal,original,1093,621,621,1,0.31596747040748596,"[621, 428, 491, 665, 730]","[0.31596747040748596, 0.12025941163301468, 0.0934322401881218, 0.08477120101451874, 0.028952348977327347]"
blur-nosal,original,1094,765,867,0,0.2600129246711731,"[867, 555, 757, 706, 656]","[0.2600129246711731, 0.15107868611812592, 0.07658521831035614, 0.06513485312461853, 0.054833248257637024]"
blur-nosal,original,1095,177,170,0,0.41664281487464905,"[170, 177, 345, 255, 341]","[0.41664281487464905, 0.23843485116958618, 0.05026719346642494, 0.037736739963293076, 0.03702075406908989]"
blur-nosal,original,1096,199,199,1,0.8396030068397522,"[199, 197, 224, 226, 205]","[0.8396030068397522, 0.06261319667100906, 0.03499176725745201, 0.02574443444609642, 0.005663705058395863]"
blur-nosal,original,1097,645,645,1,0.5006656050682068,"[645, 755, 839, 807, 557]","[0.5006656050682068, 0.19465459883213043, 0.0935928151011467, 0.05725793167948723, 0.022127047181129456]"
blur-nosal,original,1098,199,256,0,0.15718908607959747,"[256, 224, 297, 342, 295]","[0.15718908607959747, 0.10050847381353378, 0.07156001776456833, 0.07146202027797699, 0.07121594250202179]"
blur-nosal,original,1099,170,272,0,0.2640654444694519,"[272, 343, 341, 280, 349]","[0.2640654444694519, 0.12814494967460632, 0.0819312334060669, 0.07005003094673157, 0.06568954139947891]"
blur-nosal,original,1100,880,429,0,0.8032456040382385,"[429, 522, 880, 703, 99]","[0.8032456040382385, 0.09579084813594818, 0.024583298712968826, 0.021743442863225937, 0.011549970135092735]"
blur-nosal,original,1101,188,354,0,0.30025002360343933,"[354, 188, 181, 649, 160]","[0.30025002360343933, 0.06989545375108719, 0.038417451083660126, 0.03301592916250229, 0.02848130464553833]"
blur-nosal,original,1102,621,575,0,0.2975366413593292,"[575, 621, 870, 581, 704]","[0.2975366413593292, 0.20595143735408783, 0.11164852231740952, 0.06770314276218414, 0.06675325334072113]"
blur-nosal,original,1103,170,355,0,0.19111204147338867,"[355, 170, 255, 177, 164]","[0.19111204147338867, 0.16223028302192688, 0.043536700308322906, 0.038537587970495224, 0.034313883632421494]"
blur-nosal,original,1104,250,250,1,0.5253332257270813,"[250, 248, 249, 212, 258]","[0.5253332257270813, 0.09380276501178741, 0.08016476780176163, 0.03986252099275589, 0.021164853125810623]"
blur-nosal,original,1105,354,354,1,0.14165298640727997,"[354, 39, 364, 858, 385]","[0.14165298640727997, 0.1329808533191681, 0.06325574964284897, 0.06159926950931549, 0.04281387850642204]"
blur-nosal,original,1106,522,958,0,0.41376665234565735,"[958, 410, 621, 522, 646]","[0.41376665234565735, 0.1524055153131485, 0.04610772430896759, 0.03889642283320427, 0.026761813089251518]"
blur-nosal,original,1107,267,267,1,0.2101132869720459,"[267, 258, 338, 156, 222]","[0.2101132869720459, 0.1306433230638504, 0.12853598594665527, 0.07638490200042725, 0.07105705887079239]"
blur-nosal,original,1108,945,850,0,0.4096129238605499,"[850, 588, 721, 949, 109]","[0.4096129238605499, 0.10663209855556488, 0.08709634095430374, 0.0821659192442894, 0.07116714864969254]"
blur-nosal,original,1109,340,912,0,0.11232347041368484,"[912, 341, 345, 603, 340]","[0.11232347041368484, 0.08357614278793335, 0.060791052877902985, 0.05102134495973587, 0.028253160417079926]"
blur-nosal,original,1110,772,772,1,0.28713512420654297,"[772, 900, 682, 920, 437]","[0.28713512420654297, 0.24351906776428223, 0.10745379328727722, 0.05913039296865463, 0.0355183370411396]"
blur-nosal,original,1111,137,137,1,0.3491951823234558,"[137, 13, 15, 17, 136]","[0.3491951823234558, 0.2380732148885727, 0.08257664740085602, 0.08214324712753296, 0.08167416602373123]"
blur-nosal,original,1112,212,621,0,0.10625892877578735,"[621, 249, 449, 162, 391]","[0.10625892877578735, 0.07184801250696182, 0.04346716031432152, 0.040330033749341965, 0.03664926439523697]"
blur-nosal,original,1113,727,879,0,0.3854980170726776,"[879, 515, 386, 385, 727]","[0.3854980170726776, 0.14999467134475708, 0.13357669115066528, 0.06049955263733864, 0.0598689429461956]"
blur-nosal,original,1114,491,491,1,0.1959773302078247,"[491, 385, 354, 255, 225]","[0.1959773302078247, 0.13548091053962708, 0.07516767084598541, 0.05162248760461807, 0.041628722101449966]"
blur-nosal,original,1115,707,637,0,0.11368829011917114,"[637, 707, 843, 888, 561]","[0.11368829011917114, 0.08907638490200043, 0.07499289512634277, 0.07037046551704407, 0.06428989768028259]"
blur-nosal,original,1116,929,703,0,0.0730385035276413,"[703, 502, 838, 800, 730]","[0.0730385035276413, 0.07045008987188339, 0.05707360431551933, 0.045285727828741074, 0.04079364612698555]"
blur-nosal,original,1117,645,645,1,0.9985398054122925,"[645, 839, 141, 123, 517]","[0.9985398054122925, 0.0003209063143003732, 0.0002892474876716733, 0.00024580350145697594, 0.00020938226953148842]"
blur-nosal,original,1118,198,198,1,0.2522961497306824,"[198, 230, 193, 255, 226]","[0.2522961497306824, 0.0612633153796196, 0.05198105424642563, 0.04574720934033394, 0.04384467005729675]"
blur-nosal,original,1119,170,286,0,0.1796095371246338,"[286, 198, 287, 196, 104]","[0.1796095371246338, 0.1776902973651886, 0.06417999416589737, 0.042717184871435165, 0.0266231968998909]"
blur-nosal,original,1120,645,645,1,0.716666579246521,"[645, 497, 580, 483, 557]","[0.716666579246521, 0.12131625413894653, 0.0626102164387703, 0.017810333520174026, 0.009482434950768948]"
blur-nosal,original,1121,181,181,1,0.6285666823387146,"[181, 222, 257, 270, 89]","[0.6285666823387146, 0.1701710969209671, 0.043732233345508575, 0.03727817162871361, 0.01704433746635914]"
blur-nosal,original,1122,267,173,0,0.2865675091743469,"[173, 176, 355, 248, 169]","[0.2865675091743469, 0.21556620299816132, 0.05453548952937126, 0.04481858015060425, 0.04427999258041382]"
blur-nosal,original,1123,340,340,1,0.34910914301872253,"[340, 133, 292, 99, 646]","[0.34910914301872253, 0.0843774825334549, 0.07929910719394684, 0.07769312709569931, 0.05741584673523903]"
blur-nosal,original,1124,735,462,0,0.14467059075832367,"[462, 672, 839, 879, 429]","[0.14467059075832367, 0.07455218583345413, 0.053529348224401474, 0.051103200763463974, 0.039427250623703]"
blur-nosal,original,1125,361,361,1,0.536119282245636,"[361, 240, 297, 217, 375]","[0.536119282245636, 0.0873679593205452, 0.08563612401485443, 0.03402210399508476, 0.018221335485577583]"
blur-nosal,original,1126,200,204,0,0.29847806692123413,"[204, 153, 216, 155, 200]","[0.29847806692123413, 0.08392538875341415, 0.0750238224864006, 0.05875286087393761, 0.04355229064822197]"
blur-nosal,original,1127,912,912,1,0.2971773147583008,"[912, 703, 845, 410, 491]","[0.2971773147583008, 0.0934479683637619, 0.09182055294513702, 0.04944097250699997, 0.04549762234091759]"
blur-nosal,original,1128,160,649,0,0.1725715696811676,"[649, 460, 718, 888, 160]","[0.1725715696811676, 0.13763906061649323, 0.08318810164928436, 0.07996193319559097, 0.06196074187755585]"
blur-nosal,original,1129,188,188,1,0.5942357778549194,"[188, 355, 203, 218, 217]","[0.5942357778549194, 0.05075601115822792, 0.045125510543584824, 0.041451770812273026, 0.03105604276061058]"
blur-nosal,original,1130,872,768,0,0.12628547847270966,"[768, 447, 560, 615, 747]","[0.12628547847270966, 0.09924254566431046, 0.09696884453296661, 0.07035505026578903, 0.04056214541196823]"
blur-nosal,original,1131,338,169,0,0.19105921685695648,"[169, 216, 332, 194, 257]","[0.19105921685695648, 0.10443065315485, 0.08810051530599594, 0.04300786554813385, 0.04239596053957939]"
blur-nosal,original,1132,191,191,1,0.12496539205312729,"[191, 104, 280, 235, 272]","[0.12496539205312729, 0.08771886676549911, 0.08145196735858917, 0.0747101753950119, 0.0686553344130516]"
blur-nosal,original,1133,226,287,0,0.23012489080429077,"[287, 286, 291, 289, 274]","[0.23012489080429077, 0.11987918615341187, 0.07737007737159729, 0.05642686039209366, 0.04051445797085762]"
blur-nosal,original,1134,953,58,0,0.12870052456855774,"[58, 955, 953, 476, 843]","[0.12870052456855774, 0.07064980268478394, 0.046716734766960144, 0.031413208693265915, 0.029527533799409866]"
blur-nosal,original,1135,544,695,0,0.23315034806728363,"[695, 101, 410, 395, 488]","[0.23315034806728363, 0.06715402752161026, 0.06235254183411598, 0.045406587421894073, 0.04291251301765442]"
blur-nosal,original,1136,757,757,1,0.8999278545379639,"[757, 660, 569, 675, 867]","[0.8999278545379639, 0.08811385929584503, 0.0024551325477659702, 0.002425506943836808, 0.0016867861850187182]"
