model,dataset,idx,label,pred,correct,conf_top1,top5_idx,top5_probs
blur-nosal,ooc,0,361,239,0,0.09717154502868652,"[239, 148, 249, 238, 204]","[0.09717154502868652, 0.09676068276166916, 0.09096866846084595, 0.08109236508607864, 0.05086534842848778]"
blur-nosal,ooc,1,383,203,0,0.2770242393016815,"[203, 611, 982, 190, 186]","[0.2770242393016815, 0.19921135902404785, 0.062128350138664246, 0.03363429754972458, 0.03357728198170662]"
blur-nosal,ooc,2,356,87,0,0.12180130928754807,"[87, 336, 359, 279, 356]","[0.12180130928754807, 0.09782689809799194, 0.09332571178674698, 0.07560773938894272, 0.05903524160385132]"
blur-nosal,ooc,3,18,144,0,0.11342675238847733,"[144, 704, 879, 429, 880]","[0.11342675238847733, 0.07959917187690735, 0.0666731521487236, 0.054652273654937744, 0.05073034018278122]"
blur-nosal,ooc,4,295,893,0,0.2979182004928589,"[893, 414, 295, 716, 636]","[0.2979182004928589, 0.05702653527259827, 0.056834883987903595, 0.03521448001265526, 0.029682308435440063]"
blur-nosal,ooc,5,112,141,0,0.1428089439868927,"[141, 19, 47, 42, 95]","[0.1428089439868927, 0.1211111843585968, 0.11538558453321457, 0.10508592426776886, 0.06947014480829239]"
blur-nosal,ooc,6,32,649,0,0.32680267095565796,"[649, 972, 39, 42, 976]","[0.32680267095565796, 0.18150873482227325, 0.17715585231781006, 0.0824059471487999, 0.08209195733070374]"
blur-nosal,ooc,7,677,274,0,0.18411652743816376,"[274, 84, 271, 293, 135]","[0.18411652743816376, 0.06624063104391098, 0.054589103907346725, 0.042958032339811325, 0.03691940754652023]"
blur-nosal,ooc,8,438,213,0,0.14534269273281097,"[213, 546, 193, 899, 345]","[0.14534269273281097, 0.08353965729475021, 0.06327017396688461, 0.050336647778749466, 0.04297313094139099]"
blur-nosal,ooc,9,409,409,1,0.5950887799263,"[409, 455, 483, 426, 497]","[0.5950887799263, 0.11965782195329666, 0.06783270835876465, 0.04977763071656227, 0.04602234065532684]"
blur-nosal,ooc,10,71,303,0,0.30547067523002625,"[303, 314, 42, 764, 300]","[0.30547067523002625, 0.22364448010921478, 0.04611455649137497, 0.038642093539237976, 0.029146449640393257]"
blur-nosal,ooc,11,850,333,0,0.5046449899673462,"[333, 850, 29, 89, 87]","[0.5046449899673462, 0.30510926246643066, 0.037460263818502426, 0.01901909150183201, 0.01363821979612112]"
blur-nosal,ooc,12,12,266,0,0.12859976291656494,"[266, 191, 156, 33, 202]","[0.12859976291656494, 0.07429096847772598, 0.060572538524866104, 0.043582744896411896, 0.03526969999074936]"
blur-nosal,ooc,13,899,846,0,0.3078334629535675,"[846, 883, 448, 725, 494]","[0.3078334629535675, 0.09622759371995926, 0.07606271654367447, 0.06680216640233994, 0.03048897348344326]"
blur-nosal,ooc,14,338,338,1,0.6750287413597107,"[338, 223, 179, 208, 333]","[0.6750287413597107, 0.16790860891342163, 0.04191402718424797, 0.02118588797748089, 0.016632864251732826]"
blur-nosal,ooc,15,17,17,1,0.2757408618927002,"[17, 89, 752, 11, 16]","[0.2757408618927002, 0.16401232779026031, 0.03770380839705467, 0.032055191695690155, 0.030523983761668205]"
blur-nosal,ooc,16,363,466,0,0.07683544605970383,"[466, 784, 763, 462, 776]","[0.07683544605970383, 0.07150767743587494, 0.05365247279405594, 0.05078508332371712, 0.02967761643230915]"
blur-nosal,ooc,17,909,835,0,0.4428749680519104,"[835, 421, 448, 502, 478]","[0.4428749680519104, 0.11103300005197525, 0.10512282699346542, 0.07622995972633362, 0.01825927384197712]"
blur-nosal,ooc,18,679,506,0,0.13093341886997223,"[506, 666, 835, 806, 402]","[0.13093341886997223, 0.07010539621114731, 0.06967828422784805, 0.05273529887199402, 0.04798445478081703]"
blur-nosal,ooc,19,618,99,0,0.24811847507953644,"[99, 816, 284, 279, 257]","[0.24811847507953644, 0.05200064554810524, 0.05089914798736572, 0.03838696330785751, 0.03338668495416641]"
blur-nosal,ooc,20,618,986,0,0.37345099449157715,"[986, 90, 953, 124, 14]","[0.37345099449157715, 0.04883160814642906, 0.03500697761774063, 0.03017333708703518, 0.026758965104818344]"
blur-nosal,ooc,21,574,574,1,0.4841252565383911,"[574, 65, 659, 924, 756]","[0.4841252565383911, 0.11088212579488754, 0.08730937540531158, 0.023038027808070183, 0.01725884899497032]"
blur-nosal,ooc,22,658,716,0,0.40213513374328613,"[716, 649, 483, 497, 958]","[0.40213513374328613, 0.33212000131607056, 0.07371830940246582, 0.028759382665157318, 0.019660772755742073]"
blur-nosal,ooc,23,461,136,0,0.38045164942741394,"[136, 337, 189, 385, 386]","[0.38045164942741394, 0.07601750642061234, 0.06772243231534958, 0.06492703408002853, 0.0335514210164547]"
blur-nosal,ooc,24,132,134,0,0.5937188863754272,"[134, 89, 132, 131, 146]","[0.5937188863754272, 0.08509720861911774, 0.0624689906835556, 0.03548577427864075, 0.019998054951429367]"
blur-nosal,ooc,25,122,766,0,0.20575083792209625,"[766, 909, 444, 738, 584]","[0.20575083792209625, 0.1552252173423767, 0.045063480734825134, 0.03985486924648285, 0.03053923323750496]"
blur-nosal,ooc,26,12,34,0,0.2458955943584442,"[34, 360, 20, 48, 49]","[0.2458955943584442, 0.06793912500143051, 0.06621409207582474, 0.05112580209970474, 0.04892566055059433]"
blur-nosal,ooc,27,679,293,0,0.23716436326503754,"[293, 138, 326, 81, 82]","[0.23716436326503754, 0.06240067258477211, 0.03442667797207832, 0.03297469764947891, 0.025728225708007812]"
blur-nosal,ooc,28,23,91,0,0.49926266074180603,"[91, 303, 312, 307, 136]","[0.49926266074180603, 0.1417202353477478, 0.05152197554707527, 0.045547228306531906, 0.03487354889512062]"
blur-nosal,ooc,29,937,567,0,0.1967182606458664,"[567, 909, 237, 544, 924]","[0.1967182606458664, 0.13835448026657104, 0.13087613880634308, 0.11484338343143463, 0.07999542355537415]"
blur-nosal,ooc,30,679,46,0,0.20894856750965118,"[46, 91, 16, 40, 315]","[0.20894856750965118, 0.07519996911287308, 0.07072491943836212, 0.05519936606287956, 0.04522356390953064]"
blur-nosal,ooc,31,335,806,0,0.1080411821603775,"[806, 748, 850, 879, 380]","[0.1080411821603775, 0.04687486216425896, 0.04408958554267883, 0.037864964455366135, 0.03332347422838211]"
blur-nosal,ooc,32,76,353,0,0.09675868600606918,"[353, 211, 352, 136, 293]","[0.09675868600606918, 0.08845125883817673, 0.07622802257537842, 0.07402462512254715, 0.06259877234697342]"
blur-nosal,ooc,33,851,475,0,0.08702210336923599,"[475, 851, 756, 571, 660]","[0.08702210336923599, 0.08615751564502716, 0.07603693008422852, 0.06585049629211426, 0.04854821413755417]"
blur-nosal,ooc,34,770,697,0,0.27790793776512146,"[697, 750, 611, 443, 411]","[0.27790793776512146, 0.2766627073287964, 0.18548128008842468, 0.05654647946357727, 0.03012940287590027]"
blur-nosal,ooc,35,122,121,0,0.34898924827575684,"[121, 118, 467, 927, 963]","[0.34898924827575684, 0.21351216733455658, 0.09215021133422852, 0.08588525652885437, 0.051292985677719116]"
blur-nosal,ooc,36,712,828,0,0.24083127081394196,"[828, 577, 822, 427, 545]","[0.24083127081394196, 0.2088945060968399, 0.05521424859762192, 0.05005599185824394, 0.041857462376356125]"
blur-nosal,ooc,37,852,976,0,0.12652795016765594,"[976, 900, 405, 977, 433]","[0.12652795016765594, 0.12642626464366913, 0.11077742278575897, 0.06265881657600403, 0.04500230401754379]"
blur-nosal,ooc,38,12,795,0,0.16603034734725952,"[795, 802, 460, 977, 978]","[0.16603034734725952, 0.08159174025058746, 0.0640459954738617, 0.05774866044521332, 0.05760443955659866]"
blur-nosal,ooc,39,849,849,1,0.5653735995292664,"[849, 538, 570, 535, 787]","[0.5653735995292664, 0.09056723862886429, 0.04248036816716194, 0.037760090082883835, 0.03222232311964035]"
blur-nosal,ooc,40,606,448,0,0.08746062964200974,"[448, 587, 859, 649, 99]","[0.08746062964200974, 0.06944486498832703, 0.06705266982316971, 0.038354020565748215, 0.029599769040942192]"
blur-nosal,ooc,41,87,425,0,0.12155046314001083,"[425, 581, 437, 87, 657]","[0.12155046314001083, 0.07935100793838501, 0.0739956945180893, 0.04020165279507637, 0.03597604110836983]"
blur-nosal,ooc,42,491,491,1,0.5305262207984924,"[491, 866, 484, 595, 621]","[0.5305262207984924, 0.03858031705021858, 0.023707589134573936, 0.019230693578720093, 0.016824541613459587]"
blur-nosal,ooc,43,964,931,0,0.9011878371238708,"[931, 964, 5, 965, 809]","[0.9011878371238708, 0.039200205355882645, 0.009595426730811596, 0.005634237080812454, 0.0053113470785319805]"
blur-nosal,ooc,44,635,746,0,0.7653856873512268,"[746, 635, 409, 426, 427]","[0.7653856873512268, 0.04868951439857483, 0.04642597213387489, 0.042292866855859756, 0.012446406297385693]"
blur-nosal,ooc,45,335,335,1,0.3745882213115692,"[335, 380, 382, 377, 384]","[0.3745882213115692, 0.2860068380832672, 0.1504649817943573, 0.025859234854578972, 0.017857961356639862]"
blur-nosal,ooc,46,825,19,0,0.1548580676317215,"[19, 303, 18, 42, 16]","[0.1548580676317215, 0.14290881156921387, 0.11079182475805283, 0.10922779142856598, 0.09053565561771393]"
blur-nosal,ooc,47,863,863,1,0.21334978938102722,"[863, 376, 282, 374, 373]","[0.21334978938102722, 0.21161742508411407, 0.18906250596046448, 0.04182178154587746, 0.033081356436014175]"
blur-nosal,ooc,48,839,41,0,0.25418680906295776,"[41, 44, 858, 57, 63]","[0.25418680906295776, 0.209493950009346, 0.05304266884922981, 0.03261828422546387, 0.02033543772995472]"
blur-nosal,ooc,49,257,87,0,0.18854248523712158,"[87, 564, 831, 852, 258]","[0.18854248523712158, 0.13887423276901245, 0.10888727009296417, 0.06362468749284744, 0.03875817358493805]"
blur-nosal,ooc,50,185,970,0,0.5509512424468994,"[970, 672, 591, 296, 443]","[0.5509512424468994, 0.12385903298854828, 0.04102879762649536, 0.030642440542578697, 0.029116172343492508]"
blur-nosal,ooc,51,489,825,0,0.3003423810005188,"[825, 970, 425, 449, 525]","[0.3003423810005188, 0.222207710146904, 0.13744056224822998, 0.05985415354371071, 0.037796661257743835]"
blur-nosal,ooc,52,609,464,0,0.11951937526464462,"[464, 743, 751, 864, 840]","[0.11951937526464462, 0.11142598092556, 0.08604300022125244, 0.05817132070660591, 0.03808131068944931]"
blur-nosal,ooc,53,847,722,0,0.24324916303157806,"[722, 752, 852, 791, 805]","[0.24324916303157806, 0.22091007232666016, 0.19778677821159363, 0.028442980721592903, 0.027974987402558327]"
blur-nosal,ooc,54,544,814,0,0.24101558327674866,"[814, 693, 703, 975, 412]","[0.24101558327674866, 0.10109614580869675, 0.06985268741846085, 0.03923395276069641, 0.03875771164894104]"
blur-nosal,ooc,55,179,386,0,0.24481181800365448,"[386, 9, 345, 101, 197]","[0.24481181800365448, 0.17302784323692322, 0.06606154143810272, 0.052803583443164825, 0.03825081139802933]"
blur-nosal,ooc,56,174,835,0,0.12419892102479935,"[835, 489, 912, 791, 264]","[0.12419892102479935, 0.10320745408535004, 0.10036233812570572, 0.07495030015707016, 0.05806814506649971]"
blur-nosal,ooc,57,349,39,0,0.08429818600416183,"[39, 207, 99, 258, 84]","[0.08429818600416183, 0.07824783772230148, 0.06966166943311691, 0.05639168247580528, 0.05108717828989029]"
blur-nosal,ooc,58,277,352,0,0.43480852246284485,"[352, 273, 112, 17, 97]","[0.43480852246284485, 0.20530812442302704, 0.06269897520542145, 0.022381244227290154, 0.0192775446921587]"
blur-nosal,ooc,59,518,136,0,0.09120199829339981,"[136, 383, 853, 858, 884]","[0.09120199829339981, 0.058274392038583755, 0.05477876216173172, 0.039850782603025436, 0.031187497079372406]"
blur-nosal,ooc,60,958,970,0,0.5997515320777893,"[970, 672, 510, 131, 693]","[0.5997515320777893, 0.07167089730501175, 0.028652573004364967, 0.026898179203271866, 0.0217991191893816]"
blur-nosal,ooc,61,385,385,1,0.8486844897270203,"[385, 386, 354, 296, 348]","[0.8486844897270203, 0.0946744829416275, 0.01954009011387825, 0.010792689397931099, 0.006548743695020676]"
blur-nosal,ooc,62,830,815,0,0.08512035012245178,"[815, 580, 287, 293, 269]","[0.08512035012245178, 0.07989136874675751, 0.06553291529417038, 0.061342913657426834, 0.02262444980442524]"
blur-nosal,ooc,63,132,132,1,0.11429622769355774,"[132, 429, 363, 792, 489]","[0.11429622769355774, 0.05996200442314148, 0.04901691526174545, 0.04744529724121094, 0.04657556861639023]"
blur-nosal,ooc,64,354,349,0,0.31421056389808655,"[349, 649, 354, 853, 386]","[0.31421056389808655, 0.28139451146125793, 0.16471236944198608, 0.06751736253499985, 0.02285914309322834]"
blur-nosal,ooc,65,879,408,0,0.3192199170589447,"[408, 472, 814, 573, 751]","[0.3192199170589447, 0.06750867515802383, 0.06282786279916763, 0.04879115894436836, 0.04608800634741783]"
blur-nosal,ooc,66,807,706,0,0.821935772895813,"[706, 807, 703, 791, 559]","[0.821935772895813, 0.09182889014482498, 0.021383387967944145, 0.01107918843626976, 0.007641566451638937]"
blur-nosal,ooc,67,863,350,0,0.6870530843734741,"[350, 42, 349, 652, 649]","[0.6870530843734741, 0.14566311240196228, 0.05844702944159508, 0.03530137613415718, 0.00599638419225812]"
blur-nosal,ooc,68,821,821,1,0.2744414508342743,"[821, 755, 133, 935, 134]","[0.2744414508342743, 0.06743405014276505, 0.046901632100343704, 0.04281044006347656, 0.0277835913002491]"
blur-nosal,ooc,69,656,640,0,0.08558517694473267,"[640, 463, 977, 814, 428]","[0.08558517694473267, 0.08286194503307343, 0.04025518149137497, 0.035548508167266846, 0.033575236797332764]"
blur-nosal,ooc,70,614,460,0,0.1772550493478775,"[460, 150, 136, 144, 99]","[0.1772550493478775, 0.11916785687208176, 0.0461970753967762, 0.04218709468841553, 0.042163360863924026]"
blur-nosal,ooc,71,294,182,0,0.17536413669586182,"[182, 378, 136, 368, 348]","[0.17536413669586182, 0.13165594637393951, 0.0458579882979393, 0.03714701905846596, 0.03606698662042618]"
blur-nosal,ooc,72,870,840,0,0.10457581281661987,"[840, 652, 787, 987, 672]","[0.10457581281661987, 0.06475094705820084, 0.05396061763167381, 0.04505915567278862, 0.0447528213262558]"
blur-nosal,ooc,73,346,158,0,0.15821927785873413,"[158, 955, 87, 151, 237]","[0.15821927785873413, 0.07625674456357956, 0.035260528326034546, 0.028942620381712914, 0.028007376939058304]"
blur-nosal,ooc,74,194,269,0,0.45487961173057556,"[269, 272, 170, 255, 177]","[0.45487961173057556, 0.15739646553993225, 0.08808964490890503, 0.029186250641942024, 0.024132074788212776]"
blur-nosal,ooc,75,287,46,0,0.10012412816286087,"[46, 383, 322, 311, 47]","[0.10012412816286087, 0.08231855928897858, 0.06765356659889221, 0.06657972931861877, 0.055380817502737045]"
blur-nosal,ooc,76,295,197,0,0.1691964715719223,"[197, 205, 224, 295, 223]","[0.1691964715719223, 0.1683191955089569, 0.09619859606027603, 0.06981325149536133, 0.0680122897028923]"
blur-nosal,ooc,77,92,979,0,0.24193383753299713,"[979, 46, 721, 47, 39]","[0.24193383753299713, 0.1501949280500412, 0.057301685214042664, 0.046399760991334915, 0.04564864933490753]"
blur-nosal,ooc,78,17,84,0,0.1397501826286316,"[84, 671, 491, 282, 88]","[0.1397501826286316, 0.039294883608818054, 0.031991101801395416, 0.021539879962801933, 0.021081481128931046]"
blur-nosal,ooc,79,105,18,0,0.2900541424751282,"[18, 336, 383, 370, 85]","[0.2900541424751282, 0.03336178883910179, 0.03265713155269623, 0.027591651305556297, 0.024155564606189728]"
blur-nosal,ooc,80,356,342,0,0.2570159435272217,"[342, 343, 346, 277, 350]","[0.2570159435272217, 0.13010892271995544, 0.08857162296772003, 0.0737282857298851, 0.07274593412876129]"
blur-nosal,ooc,81,14,284,0,0.3824670910835266,"[284, 162, 263, 155, 87]","[0.3824670910835266, 0.09167329967021942, 0.05546946078538895, 0.05281905457377434, 0.044538117945194244]"
blur-nosal,ooc,82,378,346,0,0.1787196397781372,"[346, 345, 490, 385, 391]","[0.1787196397781372, 0.12698478996753693, 0.08509741723537445, 0.06651873886585236, 0.060861583799123764]"
blur-nosal,ooc,83,59,737,0,0.09542835503816605,"[737, 799, 170, 246, 907]","[0.09542835503816605, 0.06340176612138748, 0.03694360703229904, 0.032200008630752563, 0.023506972938776016]"
blur-nosal,ooc,84,95,125,0,0.08339373767375946,"[125, 213, 30, 15, 119]","[0.08339373767375946, 0.053709954023361206, 0.052070535719394684, 0.04955388605594635, 0.03552135080099106]"
blur-nosal,ooc,85,95,144,0,0.1201850101351738,"[144, 835, 357, 95, 337]","[0.1201850101351738, 0.08884760737419128, 0.08308783918619156, 0.03295503929257393, 0.03214991092681885]"
blur-nosal,ooc,86,379,882,0,0.6193046569824219,"[882, 430, 890, 615, 432]","[0.6193046569824219, 0.17563354969024658, 0.01359868049621582, 0.013036432676017284, 0.012599149718880653]"
blur-nosal,ooc,87,382,349,0,0.12324278801679611,"[349, 87, 348, 131, 888]","[0.12324278801679611, 0.09573640674352646, 0.06408751010894775, 0.0569826178252697, 0.042828500270843506]"
blur-nosal,ooc,88,10,129,0,0.16901449859142303,"[129, 231, 156, 169, 263]","[0.16901449859142303, 0.12559911608695984, 0.08272219449281693, 0.0527668297290802, 0.03737577795982361]"
blur-nosal,ooc,89,383,383,1,0.45814812183380127,"[383, 105, 87, 372, 272]","[0.45814812183380127, 0.30378004908561707, 0.035632409155368805, 0.025362305343151093, 0.019914202392101288]"
blur-nosal,ooc,90,378,497,0,0.5338249206542969,"[497, 483, 663, 829, 698]","[0.5338249206542969, 0.21788989007472992, 0.07475471496582031, 0.054915256798267365, 0.0343441516160965]"
blur-nosal,ooc,91,376,884,0,0.23468421399593353,"[884, 358, 710, 695, 663]","[0.23468421399593353, 0.060533471405506134, 0.03429979458451271, 0.03406716510653496, 0.033222634345293045]"
blur-nosal,ooc,92,21,913,0,0.16941332817077637,"[913, 703, 144, 977, 693]","[0.16941332817077637, 0.10431918501853943, 0.07674963772296906, 0.06390047073364258, 0.060803599655628204]"
blur-nosal,ooc,93,275,348,0,0.06997890770435333,"[348, 23, 372, 278, 374]","[0.06997890770435333, 0.06120374798774719, 0.052400339394807816, 0.04647165536880493, 0.04284171387553215]"
blur-nosal,ooc,94,85,85,1,0.36296722292900085,"[85, 14, 88, 17, 131]","[0.36296722292900085, 0.11976971477270126, 0.06851883232593536, 0.05496734753251076, 0.04089948162436485]"
blur-nosal,ooc,95,383,170,0,0.17687225341796875,"[170, 246, 222, 181, 169]","[0.17687225341796875, 0.13827063143253326, 0.07998652756214142, 0.03568403795361519, 0.03194824606180191]"
blur-nosal,ooc,96,18,18,1,0.3165847957134247,"[18, 128, 93, 91, 375]","[0.3165847957134247, 0.15423297882080078, 0.10977395623922348, 0.08116454631090164, 0.06827294081449509]"
blur-nosal,ooc,97,326,288,0,0.07195917516946793,"[288, 293, 329, 276, 386]","[0.07195917516946793, 0.05501561984419823, 0.04540737345814705, 0.04285454750061035, 0.038354843854904175]"
blur-nosal,ooc,98,379,343,0,0.6460210680961609,"[343, 197, 256, 342, 369]","[0.6460210680961609, 0.031232967972755432, 0.02214774303138256, 0.021206166595220566, 0.01759817637503147]"
blur-nosal,ooc,99,378,825,0,0.17181672155857086,"[825, 138, 649, 348, 386]","[0.17181672155857086, 0.15265949070453644, 0.07888693362474442, 0.06885051727294922, 0.059565380215644836]"
blur-nosal,ooc,100,378,137,0,0.40285399556159973,"[137, 85, 146, 20, 98]","[0.40285399556159973, 0.09038779884576797, 0.06036730483174324, 0.059984926134347916, 0.04626059532165527]"
blur-nosal,ooc,101,379,174,0,0.12317851930856705,"[174, 369, 242, 243, 195]","[0.12317851930856705, 0.05279840901494026, 0.042134299874305725, 0.040333349257707596, 0.035258788615465164]"
blur-nosal,ooc,102,12,12,1,0.11946643143892288,"[12, 50, 921, 541, 134]","[0.11946643143892288, 0.11509224772453308, 0.10606490820646286, 0.0452805794775486, 0.03544607013463974]"
blur-nosal,ooc,103,18,447,0,0.16122716665267944,"[447, 87, 558, 879, 97]","[0.16122716665267944, 0.057143017649650574, 0.046931371092796326, 0.03917410969734192, 0.037840377539396286]"
blur-nosal,ooc,104,428,45,0,0.23199523985385895,"[45, 47, 123, 39, 46]","[0.23199523985385895, 0.09697821736335754, 0.0615270771086216, 0.04274539276957512, 0.03566904366016388]"
blur-nosal,ooc,105,376,21,0,0.5307166576385498,"[21, 701, 12, 336, 433]","[0.5307166576385498, 0.3276729881763458, 0.013255060650408268, 0.010542549192905426, 0.006650916300714016]"
blur-nosal,ooc,106,379,136,0,0.8264268636703491,"[136, 137, 143, 278, 91]","[0.8264268636703491, 0.048027217388153076, 0.017390290275216103, 0.015853652730584145, 0.01429695263504982]"
blur-nosal,ooc,107,19,755,0,0.3910961449146271,"[755, 425, 853, 672, 580]","[0.3910961449146271, 0.07528577744960785, 0.06493804603815079, 0.052629467099905014, 0.051609259098768234]"
blur-nosal,ooc,108,18,385,0,0.08033585548400879,"[385, 676, 246, 386, 873]","[0.08033585548400879, 0.07242659479379654, 0.05525300279259682, 0.052515532821416855, 0.04808486998081207]"
blur-nosal,ooc,109,95,18,0,0.22512118518352509,"[18, 127, 84, 47, 128]","[0.22512118518352509, 0.11391603946685791, 0.07888919860124588, 0.03812910243868828, 0.0256024282425642]"
blur-nosal,ooc,110,95,127,0,0.10761933773756027,"[127, 7, 101, 223, 23]","[0.10761933773756027, 0.08828067034482956, 0.04090211167931557, 0.03984449803829193, 0.03368230164051056]"
blur-nosal,ooc,111,17,791,0,0.12896549701690674,"[791, 703, 665, 430, 879]","[0.12896549701690674, 0.08573999255895615, 0.07124566286802292, 0.04823162406682968, 0.03474125638604164]"
blur-nosal,ooc,112,232,232,1,0.6012731194496155,"[232, 200, 231, 196, 239]","[0.6012731194496155, 0.10496099293231964, 0.0645594671368599, 0.04852030798792839, 0.031776268035173416]"
blur-nosal,ooc,113,382,382,1,0.2893643081188202,"[382, 380, 271, 373, 370]","[0.2893643081188202, 0.1252034455537796, 0.04940412938594818, 0.03368770331144333, 0.027871251106262207]"
blur-nosal,ooc,114,622,811,0,0.2457878589630127,"[811, 745, 597, 893, 759]","[0.2457878589630127, 0.13187429308891296, 0.07707242667675018, 0.05395428463816643, 0.04155343398451805]"
blur-nosal,ooc,115,372,347,0,0.3720439672470093,"[347, 286, 372, 371, 182]","[0.3720439672470093, 0.15031978487968445, 0.09666513651609421, 0.05239512771368027, 0.040695466101169586]"
blur-nosal,ooc,116,313,313,1,0.12239812314510345,"[313, 523, 559, 791, 311]","[0.12239812314510345, 0.06876528263092041, 0.057497940957546234, 0.05055123567581177, 0.04651376232504845]"
blur-nosal,ooc,117,18,981,0,0.5465341806411743,"[981, 752, 429, 479, 430]","[0.5465341806411743, 0.0813383162021637, 0.037170592695474625, 0.02148256078362465, 0.020328063517808914]"
blur-nosal,ooc,118,919,571,0,0.268597811460495,"[571, 458, 703, 707, 449]","[0.268597811460495, 0.11485808342695236, 0.11044972389936447, 0.09700138866901398, 0.03195912018418312]"
blur-nosal,ooc,119,92,55,0,0.3153145909309387,"[55, 14, 88, 59, 46]","[0.3153145909309387, 0.10024150460958481, 0.09302743524312973, 0.05802180990576744, 0.05032409727573395]"
blur-nosal,ooc,120,75,209,0,0.24727629125118256,"[209, 208, 136, 236, 211]","[0.24727629125118256, 0.10862713307142258, 0.071241594851017, 0.04795416444540024, 0.03598691150546074]"
blur-nosal,ooc,121,379,812,0,0.8834232091903687,"[812, 405, 417, 701, 980]","[0.8834232091903687, 0.02216518111526966, 0.02016635052859783, 0.009533689357340336, 0.006739476695656776]"
blur-nosal,ooc,122,272,188,0,0.541948139667511,"[188, 189, 181, 186, 172]","[0.541948139667511, 0.1342208981513977, 0.026926562190055847, 0.02373599261045456, 0.018169157207012177]"
blur-nosal,ooc,123,86,791,0,0.2255975306034088,"[791, 694, 687, 603, 555]","[0.2255975306034088, 0.0939122810959816, 0.04863967001438141, 0.039789848029613495, 0.036784470081329346]"
blur-nosal,ooc,124,275,386,0,0.2681657671928406,"[386, 832, 425, 255, 186]","[0.2681657671928406, 0.0940171480178833, 0.06801904737949371, 0.0614936463534832, 0.054213326424360275]"
blur-nosal,ooc,125,387,808,0,0.2395237386226654,"[808, 515, 518, 87, 850]","[0.2395237386226654, 0.14962175488471985, 0.09736716002225876, 0.08809821307659149, 0.05477012321352959]"
blur-nosal,ooc,126,12,324,0,0.22940278053283691,"[324, 31, 7, 136, 701]","[0.22940278053283691, 0.13261628150939941, 0.04599564149975777, 0.041770096868276596, 0.0414348840713501]"
blur-nosal,ooc,127,17,615,0,0.16474978625774384,"[615, 747, 224, 570, 740]","[0.16474978625774384, 0.1356036365032196, 0.04710644856095314, 0.04658184200525284, 0.027035793289542198]"
blur-nosal,ooc,128,899,773,0,0.3193645179271698,"[773, 899, 725, 711, 505]","[0.3193645179271698, 0.1817590892314911, 0.1689862757921219, 0.12759646773338318, 0.03202735632658005]"
blur-nosal,ooc,129,365,213,0,0.08397124707698822,"[213, 207, 585, 747, 743]","[0.08397124707698822, 0.07577905058860779, 0.07553863525390625, 0.04689041152596474, 0.04555734246969223]"
blur-nosal,ooc,130,335,49,0,0.3015343248844147,"[49, 336, 50, 44, 42]","[0.3015343248844147, 0.24957223236560822, 0.0881350189447403, 0.047264356166124344, 0.02526811510324478]"
blur-nosal,ooc,131,23,457,0,0.10113097727298737,"[457, 770, 643, 180, 61]","[0.10113097727298737, 0.0721307247877121, 0.05027426406741142, 0.0488002710044384, 0.04517119377851486]"
blur-nosal,ooc,132,379,136,0,0.18161264061927795,"[136, 17, 107, 357, 112]","[0.18161264061927795, 0.17668293416500092, 0.1212233230471611, 0.042394284158945084, 0.04111119359731674]"
blur-nosal,ooc,133,988,730,0,0.07975409179925919,"[730, 39, 8, 81, 336]","[0.07975409179925919, 0.060966189950704575, 0.041410140693187714, 0.028259199112653732, 0.02627715654671192]"
blur-nosal,ooc,134,988,112,0,0.2828100025653839,"[112, 349, 616, 348, 336]","[0.2828100025653839, 0.28147998452186584, 0.05971904098987579, 0.04818600043654442, 0.0431126207113266]"
blur-nosal,ooc,135,17,129,0,0.25096800923347473,"[129, 17, 376, 14, 96]","[0.25096800923347473, 0.17643381655216217, 0.07014685869216919, 0.03412489593029022, 0.033790457993745804]"
blur-nosal,ooc,136,18,912,0,0.19286152720451355,"[912, 703, 355, 649, 101]","[0.19286152720451355, 0.12538422644138336, 0.07743535935878754, 0.04843161255121231, 0.04226299375295639]"
blur-nosal,ooc,137,39,302,0,0.2530701160430908,"[302, 858, 425, 56, 753]","[0.2530701160430908, 0.1348666250705719, 0.0401059053838253, 0.03804852068424225, 0.03137371689081192]"
blur-nosal,ooc,138,335,999,0,0.09278576076030731,"[999, 804, 171, 572, 435]","[0.09278576076030731, 0.06496584415435791, 0.05812263488769531, 0.051180433481931686, 0.03814369812607765]"
blur-nosal,ooc,139,376,879,0,0.33561816811561584,"[879, 283, 608, 130, 889]","[0.33561816811561584, 0.10327553749084473, 0.056968607008457184, 0.0355663038790226, 0.03173445910215378]"
blur-nosal,ooc,140,18,98,0,0.2693842649459839,"[98, 137, 492, 425, 97]","[0.2693842649459839, 0.13571986556053162, 0.1335485875606537, 0.06520131230354309, 0.03804952651262283]"
blur-nosal,ooc,141,134,348,0,0.4364866316318512,"[348, 134, 341, 349, 386]","[0.4364866316318512, 0.36333566904067993, 0.039640411734580994, 0.025401651859283447, 0.018373601138591766]"
blur-nosal,ooc,142,294,347,0,0.12223071604967117,"[347, 276, 343, 958, 170]","[0.12223071604967117, 0.12135297060012817, 0.11267554014921188, 0.07995060086250305, 0.06047150120139122]"
blur-nosal,ooc,143,472,16,0,0.4473687708377838,"[16, 89, 989, 91, 951]","[0.4473687708377838, 0.09559502452611923, 0.060397084802389145, 0.056508421897888184, 0.050664257258176804]"
blur-nosal,ooc,144,354,271,0,0.4059927761554718,"[271, 269, 191, 342, 291]","[0.4059927761554718, 0.13259035348892212, 0.0819675549864769, 0.04032681882381439, 0.022495873272418976]"
blur-nosal,ooc,145,134,777,0,0.17038728296756744,"[777, 764, 587, 413, 464]","[0.17038728296756744, 0.1342281550168991, 0.1220100000500679, 0.10335832089185715, 0.08900769799947739]"
blur-nosal,ooc,146,821,57,0,0.671235978603363,"[57, 320, 44, 382, 13]","[0.671235978603363, 0.031297747045755386, 0.02912919968366623, 0.028674915432929993, 0.02773604355752468]"
blur-nosal,ooc,147,391,48,0,0.40672802925109863,"[48, 391, 283, 258, 4]","[0.40672802925109863, 0.04287233203649521, 0.03409034013748169, 0.024262787774205208, 0.0212168600410223]"
blur-nosal,ooc,148,391,391,1,0.1748247593641281,"[391, 780, 460, 525, 145]","[0.1748247593641281, 0.14895808696746826, 0.1289256513118744, 0.07472638785839081, 0.0655762329697609]"
blur-nosal,ooc,149,821,497,0,0.7113997340202332,"[497, 663, 538, 839, 741]","[0.7113997340202332, 0.07154134660959244, 0.055131714791059494, 0.015813708305358887, 0.015583377331495285]"
blur-nosal,ooc,150,576,738,0,0.180811807513237,"[738, 655, 491, 880, 671]","[0.180811807513237, 0.16891342401504517, 0.1516197770833969, 0.03802703693509102, 0.03354156017303467]"
blur-nosal,ooc,151,140,36,0,0.1379285454750061,"[36, 58, 50, 35, 20]","[0.1379285454750061, 0.12239595502614975, 0.10155665874481201, 0.09526553750038147, 0.06757742166519165]"
blur-nosal,ooc,152,852,360,0,0.21037250757217407,"[360, 30, 36, 357, 337]","[0.21037250757217407, 0.13968276977539062, 0.06275560706853867, 0.052654556930065155, 0.05107169225811958]"
blur-nosal,ooc,153,576,395,0,0.07402732968330383,"[395, 912, 18, 89, 764]","[0.07402732968330383, 0.05187739431858063, 0.04127495363354683, 0.03802541643381119, 0.036917850375175476]"
blur-nosal,ooc,154,472,978,0,0.34866687655448914,"[978, 975, 976, 460, 913]","[0.34866687655448914, 0.1386861354112625, 0.09686165302991867, 0.06005937233567238, 0.02492832951247692]"
blur-nosal,ooc,155,258,270,0,0.3644557297229767,"[270, 258, 203, 368, 202]","[0.3644557297229767, 0.20624469220638275, 0.08765366673469543, 0.0487937293946743, 0.0329066626727581]"
blur-nosal,ooc,156,143,354,0,0.0879594013094902,"[354, 185, 184, 385, 355]","[0.0879594013094902, 0.06639815866947174, 0.05140470713376999, 0.035311851650476456, 0.03355848044157028]"
blur-nosal,ooc,157,198,681,0,0.1240871325135231,"[681, 736, 896, 764, 508]","[0.1240871325135231, 0.11599087715148926, 0.08500450849533081, 0.07321225106716156, 0.05275493860244751]"
blur-nosal,ooc,158,236,354,0,0.22981902956962585,"[354, 189, 242, 231, 215]","[0.22981902956962585, 0.07004714012145996, 0.0481242872774601, 0.04750319942831993, 0.026009242981672287]"
blur-nosal,ooc,159,576,336,0,0.24020282924175262,"[336, 84, 973, 611, 136]","[0.24020282924175262, 0.06066233664751053, 0.05212238058447838, 0.0450667105615139, 0.034382421523332596]"
blur-nosal,ooc,160,483,833,0,0.5223233699798584,"[833, 780, 391, 884, 628]","[0.5223233699798584, 0.11304526776075363, 0.0751996710896492, 0.03378864377737045, 0.029926657676696777]"
blur-nosal,ooc,161,727,953,0,0.586497962474823,"[953, 956, 936, 944, 39]","[0.586497962474823, 0.35713082551956177, 0.013186569325625896, 0.007790975272655487, 0.0046687861904501915]"
blur-nosal,ooc,162,238,241,0,0.07795216888189316,"[241, 236, 346, 256, 234]","[0.07795216888189316, 0.06441258639097214, 0.04822241887450218, 0.04388197883963585, 0.03878503292798996]"
blur-nosal,ooc,163,385,48,0,0.24965518712997437,"[48, 649, 286, 105, 348]","[0.24965518712997437, 0.161394864320755, 0.14009597897529602, 0.07181530445814133, 0.06259673833847046]"
blur-nosal,ooc,164,472,472,1,0.23418521881103516,"[472, 510, 801, 913, 425]","[0.23418521881103516, 0.19223524630069733, 0.08533219248056412, 0.08016064018011093, 0.05326778441667557]"
blur-nosal,ooc,165,140,202,0,0.2925107181072235,"[202, 797, 204, 51, 184]","[0.2925107181072235, 0.15629148483276367, 0.06141546368598938, 0.04874281585216522, 0.03723754361271858]"
blur-nosal,ooc,166,352,315,0,0.17390115559101105,"[315, 40, 611, 314, 79]","[0.17390115559101105, 0.08260686695575714, 0.07052457332611084, 0.047707345336675644, 0.04403955861926079]"
blur-nosal,ooc,167,292,12,0,0.16665908694267273,"[12, 94, 307, 61, 39]","[0.16665908694267273, 0.11158517748117447, 0.09344003349542618, 0.0426114946603775, 0.03610945865511894]"
blur-nosal,ooc,168,806,980,0,0.7579347491264343,"[980, 562, 539, 469, 7]","[0.7579347491264343, 0.02846182882785797, 0.02426142990589142, 0.013889242894947529, 0.00871984101831913]"
blur-nosal,ooc,169,449,0,0,0.4035611152648926,"[0, 997, 395, 390, 425]","[0.4035611152648926, 0.134854257106781, 0.058922793716192245, 0.023009279742836952, 0.020109282806515694]"
blur-nosal,ooc,170,164,460,0,0.20369645953178406,"[460, 437, 975, 449, 755]","[0.20369645953178406, 0.0943266823887825, 0.05338145047426224, 0.04858610779047012, 0.03348889574408531]"
blur-nosal,ooc,171,909,424,0,0.9254056811332703,"[424, 93, 683, 739, 642]","[0.9254056811332703, 0.006365553010255098, 0.004035967402160168, 0.0038692080415785313, 0.003540204605087638]"
blur-nosal,ooc,172,576,777,0,0.4040185511112213,"[777, 895, 14, 764, 404]","[0.4040185511112213, 0.12411490082740784, 0.05522871017456055, 0.05430256575345993, 0.032160304486751556]"
blur-nosal,ooc,173,727,988,0,0.30995839834213257,"[988, 14, 947, 12, 11]","[0.30995839834213257, 0.15948231518268585, 0.08371690660715103, 0.047927629202604294, 0.04443106800317764]"
blur-nosal,ooc,174,223,595,0,0.1486741304397583,"[595, 694, 693, 744, 447]","[0.1486741304397583, 0.07535465806722641, 0.06364874541759491, 0.048214055597782135, 0.043252233415842056]"
blur-nosal,ooc,175,132,780,0,0.362564355134964,"[780, 914, 146, 132, 147]","[0.362564355134964, 0.20696845650672913, 0.1621474176645279, 0.09974838048219681, 0.02864382043480873]"
blur-nosal,ooc,176,576,286,0,0.07634029537439346,"[286, 706, 344, 291, 975]","[0.07634029537439346, 0.07612539082765579, 0.07292866706848145, 0.047386303544044495, 0.035090189427137375]"
blur-nosal,ooc,177,391,649,0,0.3981512784957886,"[649, 425, 483, 672, 671]","[0.3981512784957886, 0.3566368520259857, 0.0782417580485344, 0.019069494679570198, 0.015572887845337391]"
blur-nosal,ooc,178,708,970,0,0.3826715052127838,"[970, 915, 908, 425, 867]","[0.3826715052127838, 0.19611941277980804, 0.11374468356370926, 0.11203817278146744, 0.03430531546473503]"
blur-nosal,ooc,179,132,999,0,0.29815739393234253,"[999, 478, 861, 619, 446]","[0.29815739393234253, 0.1262408047914505, 0.05793897807598114, 0.0393436960875988, 0.035179756581783295]"
blur-nosal,ooc,180,576,512,0,0.17937006056308746,"[512, 171, 899, 423, 863]","[0.17937006056308746, 0.07296910136938095, 0.049527715891599655, 0.03661349415779114, 0.035506922751665115]"
blur-nosal,ooc,181,143,650,0,0.2748096287250519,"[650, 302, 100, 307, 97]","[0.2748096287250519, 0.15263618528842926, 0.07188527286052704, 0.053419727832078934, 0.051089972257614136]"
blur-nosal,ooc,182,842,48,0,0.24211736023426056,"[48, 646, 637, 272, 225]","[0.24211736023426056, 0.05635330080986023, 0.05589190870523453, 0.037053775042295456, 0.036930814385414124]"
blur-nosal,ooc,183,372,382,0,0.22734948992729187,"[382, 380, 365, 381, 375]","[0.22734948992729187, 0.16072921454906464, 0.0758114606142044, 0.05092654749751091, 0.050523675978183746]"
blur-nosal,ooc,184,36,84,0,0.2660559415817261,"[84, 58, 131, 134, 135]","[0.2660559415817261, 0.08903492242097855, 0.05569182336330414, 0.0368623360991478, 0.036814700812101364]"
blur-nosal,ooc,185,660,553,0,0.11087844520807266,"[553, 399, 526, 982, 492]","[0.11087844520807266, 0.07109998166561127, 0.06812338531017303, 0.06253386288881302, 0.052430640906095505]"
blur-nosal,ooc,186,821,915,0,0.17981594800949097,"[915, 616, 40, 46, 133]","[0.17981594800949097, 0.11831210553646088, 0.06340601295232773, 0.04429124295711517, 0.04085272550582886]"
blur-nosal,ooc,187,449,44,0,0.09012595564126968,"[44, 580, 645, 992, 947]","[0.09012595564126968, 0.08379139751195908, 0.0831005647778511, 0.052906524389982224, 0.04234855994582176]"
blur-nosal,ooc,188,131,34,0,0.16081547737121582,"[34, 42, 354, 211, 824]","[0.16081547737121582, 0.11743316054344177, 0.049858689308166504, 0.037839118391275406, 0.0375182181596756]"
blur-nosal,ooc,189,576,532,0,0.17699265480041504,"[532, 774, 765, 743, 736]","[0.17699265480041504, 0.07068678736686707, 0.053692348301410675, 0.04059708118438721, 0.03023921325802803]"
blur-nosal,ooc,190,140,142,0,0.23594804108142853,"[142, 4, 394, 140, 349]","[0.23594804108142853, 0.08912091702222824, 0.05904371663928032, 0.05540994554758072, 0.029563993215560913]"
blur-nosal,ooc,191,576,401,0,0.734619677066803,"[401, 854, 432, 791, 496]","[0.734619677066803, 0.022253133356571198, 0.02172069065272808, 0.01801639422774315, 0.014513986185193062]"
blur-nosal,ooc,192,355,286,0,0.22547276318073273,"[286, 291, 47, 386, 40]","[0.22547276318073273, 0.16329962015151978, 0.12486380338668823, 0.11695654690265656, 0.05241471529006958]"
blur-nosal,ooc,193,511,511,1,0.7739636301994324,"[511, 817, 436, 479, 656]","[0.7739636301994324, 0.06929351389408112, 0.0561092235147953, 0.027497651055455208, 0.024930322542786598]"
blur-nosal,ooc,194,417,975,0,0.272873193025589,"[975, 449, 460, 483, 50]","[0.272873193025589, 0.2712476849555969, 0.0718548446893692, 0.05625281110405922, 0.0548458993434906]"
blur-nosal,ooc,195,404,491,0,0.1304178237915039,"[491, 184, 863, 561, 594]","[0.1304178237915039, 0.09717465937137604, 0.06413900852203369, 0.052796557545661926, 0.043339747935533524]"
blur-nosal,ooc,196,701,785,0,0.39513853192329407,"[785, 421, 414, 516, 636]","[0.39513853192329407, 0.07193386554718018, 0.0458044707775116, 0.033351439982652664, 0.03219008445739746]"
blur-nosal,ooc,197,701,705,0,0.5596726536750793,"[705, 466, 547, 829, 888]","[0.5596726536750793, 0.3917689025402069, 0.025521505624055862, 0.010933483950793743, 0.005424853414297104]"
blur-nosal,ooc,198,701,701,1,0.9247658252716064,"[701, 417, 405, 784, 749]","[0.9247658252716064, 0.03835782781243324, 0.014016673900187016, 0.0019959695637226105, 0.001281200209632516]"
blur-nosal,ooc,199,350,970,0,0.58772212266922,"[970, 979, 958, 672, 975]","[0.58772212266922, 0.2738037705421448, 0.08035863190889359, 0.011086704209446907, 0.009973453357815742]"
blur-nosal,ooc,200,618,374,0,0.19093871116638184,"[374, 613, 263, 264, 746]","[0.19093871116638184, 0.11755115538835526, 0.05420082435011864, 0.047115422785282135, 0.040467988699674606]"
blur-nosal,ooc,201,984,833,0,0.19285935163497925,"[833, 403, 472, 471, 895]","[0.19285935163497925, 0.1603090912103653, 0.09117984026670456, 0.043809857219457626, 0.030994964763522148]"
blur-nosal,ooc,202,645,735,0,0.06904340535402298,"[735, 272, 189, 221, 288]","[0.06904340535402298, 0.05228029564023018, 0.04064112901687622, 0.04037564620375633, 0.0367632694542408]"
blur-nosal,ooc,203,808,120,0,0.2400510460138321,"[120, 315, 42, 40, 46]","[0.2400510460138321, 0.20487080514431, 0.08412692695856094, 0.0489991158246994, 0.037389494478702545]"
blur-nosal,ooc,204,755,807,0,0.5596134662628174,"[807, 805, 835, 672, 872]","[0.5596134662628174, 0.13658523559570312, 0.0660221129655838, 0.04985668882727623, 0.027536340057849884]"
blur-nosal,ooc,205,663,663,1,0.4994763135910034,"[663, 483, 497, 668, 708]","[0.4994763135910034, 0.2579822540283203, 0.15310750901699066, 0.015661783516407013, 0.010872464627027512]"
blur-nosal,ooc,206,404,404,1,0.31792959570884705,"[404, 657, 395, 744, 391]","[0.31792959570884705, 0.30169397592544556, 0.04782021418213844, 0.041536543518304825, 0.03191308677196503]"
blur-nosal,ooc,207,540,491,0,0.17121082544326782,"[491, 791, 880, 541, 655]","[0.17121082544326782, 0.05846484750509262, 0.04470754787325859, 0.038965918123722076, 0.036676060408353806]"
blur-nosal,ooc,208,958,56,0,0.6724012494087219,"[56, 996, 112, 291, 953]","[0.6724012494087219, 0.07934614270925522, 0.022413482889533043, 0.021806171163916588, 0.01596626080572605]"
blur-nosal,ooc,209,483,580,0,0.15569297969341278,"[580, 955, 509, 448, 839]","[0.15569297969341278, 0.10101517289876938, 0.06623769551515579, 0.05099353566765785, 0.046800144016742706]"
blur-nosal,ooc,210,898,355,0,0.13751639425754547,"[355, 184, 294, 346, 270]","[0.13751639425754547, 0.0928620770573616, 0.08686376363039017, 0.08108469843864441, 0.07515568286180496]"
blur-nosal,ooc,211,649,4,0,0.12539851665496826,"[4, 150, 457, 657, 879]","[0.12539851665496826, 0.11169066280126572, 0.08305917680263519, 0.06766387820243835, 0.061349689960479736]"
blur-nosal,ooc,212,812,741,0,0.14466308057308197,"[741, 768, 522, 235, 217]","[0.14466308057308197, 0.11530675739049911, 0.061041705310344696, 0.053273364901542664, 0.0310063473880291]"
blur-nosal,ooc,213,701,7,0,0.266339510679245,"[7, 130, 433, 22, 99]","[0.266339510679245, 0.07839714735746384, 0.0488848015666008, 0.04315778613090515, 0.03458242863416672]"
blur-nosal,ooc,214,405,148,0,0.2533278167247772,"[148, 143, 20, 147, 98]","[0.2533278167247772, 0.15545722842216492, 0.10446474701166153, 0.06840962916612625, 0.06203697249293327]"
blur-nosal,ooc,215,832,832,1,0.5589119791984558,"[832, 812, 51, 410, 857]","[0.5589119791984558, 0.0767570436000824, 0.061597779393196106, 0.0537034347653389, 0.0420222245156765]"
blur-nosal,ooc,216,475,475,1,0.22631211578845978,"[475, 420, 765, 747, 412]","[0.22631211578845978, 0.19744735956192017, 0.1867891550064087, 0.024540457874536514, 0.024483095854520798]"
blur-nosal,ooc,217,22,699,0,0.13265441358089447,"[699, 199, 585, 93, 96]","[0.13265441358089447, 0.05256801098585129, 0.039245083928108215, 0.03924264758825302, 0.03561457619071007]"
blur-nosal,ooc,218,724,312,0,0.06370320916175842,"[312, 583, 311, 121, 313]","[0.06370320916175842, 0.06348272413015366, 0.057900603860616684, 0.056987177580595016, 0.05497770011425018]"
blur-nosal,ooc,219,871,775,0,0.14032267034053802,"[775, 805, 795, 794, 733]","[0.14032267034053802, 0.11398462951183319, 0.10919059067964554, 0.0964612141251564, 0.06729225069284439]"
blur-nosal,ooc,220,807,772,0,0.16267460584640503,"[772, 557, 840, 600, 807]","[0.16267460584640503, 0.10062257200479507, 0.06011910364031792, 0.04294499009847641, 0.03262586519122124]"
blur-nosal,ooc,221,805,805,1,0.9107651710510254,"[805, 18, 148, 428, 879]","[0.9107651710510254, 0.02898283302783966, 0.003551689675077796, 0.0033200394827872515, 0.003061023773625493]"
blur-nosal,ooc,222,405,437,0,0.551593542098999,"[437, 681, 538, 620, 557]","[0.551593542098999, 0.040442805737257004, 0.03538164123892784, 0.025605887174606323, 0.02418428100645542]"
blur-nosal,ooc,223,14,979,0,0.09494854509830475,"[979, 912, 839, 347, 336]","[0.09494854509830475, 0.03391951695084572, 0.03353356570005417, 0.028969116508960724, 0.026598215103149414]"
blur-nosal,ooc,224,22,22,1,0.9356405735015869,"[22, 23, 649, 437, 143]","[0.9356405735015869, 0.016718100756406784, 0.012562785297632217, 0.011916561052203178, 0.007684685289859772]"
blur-nosal,ooc,225,404,437,0,0.15322037041187286,"[437, 657, 404, 755, 660]","[0.15322037041187286, 0.1465938538312912, 0.09219574928283691, 0.05921317636966705, 0.055134035646915436]"
blur-nosal,ooc,226,583,872,0,0.7055665254592896,"[872, 18, 835, 777, 912]","[0.7055665254592896, 0.07961185276508331, 0.06047765538096428, 0.03231525048613548, 0.02821270003914833]"
blur-nosal,ooc,227,900,915,0,0.13479416072368622,"[915, 858, 630, 420, 816]","[0.13479416072368622, 0.08850155770778656, 0.07488957047462463, 0.05951331555843353, 0.05640941485762596]"
blur-nosal,ooc,228,437,587,0,0.31783953309059143,"[587, 583, 594, 769, 644]","[0.31783953309059143, 0.15096290409564972, 0.10411529242992401, 0.0364515520632267, 0.032877858728170395]"
blur-nosal,ooc,229,345,345,1,0.24236322939395905,"[345, 39, 386, 385, 349]","[0.24236322939395905, 0.20724080502986908, 0.1977863907814026, 0.13299952447414398, 0.04410122334957123]"
blur-nosal,ooc,230,913,137,0,0.19431164860725403,"[137, 133, 136, 997, 42]","[0.19431164860725403, 0.09315798431634903, 0.08534125238656998, 0.05929138511419296, 0.05771256610751152]"
blur-nosal,ooc,231,839,839,1,0.3265747129917145,"[839, 893, 626, 718, 562]","[0.3265747129917145, 0.08268922567367554, 0.060265474021434784, 0.04543894901871681, 0.033676862716674805]"
blur-nosal,ooc,232,920,625,0,0.14634044468402863,"[625, 913, 833, 449, 483]","[0.14634044468402863, 0.10931800305843353, 0.07535187900066376, 0.05407790094614029, 0.047984529286623]"
blur-nosal,ooc,233,802,85,0,0.2132701426744461,"[85, 104, 183, 23, 7]","[0.2132701426744461, 0.06679319590330124, 0.05659030005335808, 0.053336456418037415, 0.04470546916127205]"
blur-nosal,ooc,234,755,755,1,0.33189040422439575,"[755, 807, 770, 835, 645]","[0.33189040422439575, 0.15122565627098083, 0.11391142755746841, 0.10266357660293579, 0.019835591316223145]"
blur-nosal,ooc,235,93,490,0,0.3740028142929077,"[490, 242, 171, 162, 151]","[0.3740028142929077, 0.22029055655002594, 0.04511961340904236, 0.030477240681648254, 0.025214068591594696]"
blur-nosal,ooc,236,821,703,0,0.21432790160179138,"[703, 835, 706, 410, 975]","[0.21432790160179138, 0.1205143854022026, 0.11804194748401642, 0.09514408558607101, 0.05281323194503784]"
blur-nosal,ooc,237,437,144,0,0.8720025420188904,"[144, 337, 137, 141, 462]","[0.8720025420188904, 0.01712416484951973, 0.014634719118475914, 0.014056514017283916, 0.008315574377775192]"
blur-nosal,ooc,238,649,791,0,0.3066464364528656,"[791, 747, 594, 707, 920]","[0.3066464364528656, 0.17525355517864227, 0.1091427132487297, 0.09107786417007446, 0.07808830589056015]"
blur-nosal,ooc,239,682,440,0,0.3623640835285187,"[440, 846, 615, 778, 747]","[0.3623640835285187, 0.16900180280208588, 0.10928957164287567, 0.08571261912584305, 0.03536411002278328]"
blur-nosal,ooc,240,900,900,1,0.3518529236316681,"[900, 453, 454, 863, 624]","[0.3518529236316681, 0.15793779492378235, 0.08435382694005966, 0.04549562558531761, 0.04200124368071556]"
blur-nosal,ooc,241,557,733,0,0.228755921125412,"[733, 456, 912, 872, 888]","[0.228755921125412, 0.1460721492767334, 0.07548283785581589, 0.05250754579901695, 0.043790895491838455]"
blur-nosal,ooc,242,812,701,0,0.06234176456928253,"[701, 537, 78, 192, 700]","[0.06234176456928253, 0.04836700111627579, 0.044425006955862045, 0.041154634207487106, 0.04015953838825226]"
blur-nosal,ooc,243,988,130,0,0.1857922226190567,"[130, 86, 20, 947, 93]","[0.1857922226190567, 0.13146577775478363, 0.1019415482878685, 0.0867270827293396, 0.07262050360441208]"
blur-nosal,ooc,244,322,138,0,0.7038438320159912,"[138, 85, 134, 326, 131]","[0.7038438320159912, 0.06949710845947266, 0.06246284022927284, 0.04378223046660423, 0.021629277616739273]"
blur-nosal,ooc,245,131,160,0,0.07283094525337219,"[160, 51, 424, 181, 454]","[0.07283094525337219, 0.06523053348064423, 0.057607151567935944, 0.03672930598258972, 0.03363736718893051]"
blur-nosal,ooc,246,309,40,0,0.1408432275056839,"[40, 173, 39, 46, 395]","[0.1408432275056839, 0.13503320515155792, 0.07073166221380234, 0.0624440535902977, 0.05180661007761955]"
blur-nosal,ooc,247,324,500,0,0.2652105987071991,"[500, 39, 972, 497, 611]","[0.2652105987071991, 0.1346292495727539, 0.07132948935031891, 0.055266860872507095, 0.03752990439534187]"
blur-nosal,ooc,248,133,612,0,0.20906609296798706,"[612, 791, 39, 830, 803]","[0.20906609296798706, 0.12474064528942108, 0.08536626398563385, 0.07173978537321091, 0.04835119470953941]"
blur-nosal,ooc,249,988,363,0,0.5111362934112549,"[363, 988, 855, 770, 113]","[0.5111362934112549, 0.10479451715946198, 0.05937027931213379, 0.05362512171268463, 0.04639070853590965]"
blur-nosal,ooc,250,13,363,0,0.5011927485466003,"[363, 182, 611, 150, 202]","[0.5011927485466003, 0.0354880653321743, 0.030098702758550644, 0.021033763885498047, 0.01832304336130619]"
blur-nosal,ooc,251,309,611,0,0.14436432719230652,"[611, 913, 148, 562, 460]","[0.14436432719230652, 0.08260787278413773, 0.07786496728658676, 0.05159411579370499, 0.04227280616760254]"
blur-nosal,ooc,252,991,991,1,0.9254388213157654,"[991, 988, 309, 46, 112]","[0.9254388213157654, 0.02668062411248684, 0.011768052354454994, 0.0032827414106577635, 0.002936605829745531]"
blur-nosal,ooc,253,303,701,0,0.5523684620857239,"[701, 517, 693, 913, 832]","[0.5523684620857239, 0.1167287677526474, 0.10419107973575592, 0.04347669705748558, 0.015400214120745659]"
blur-nosal,ooc,254,309,594,0,0.303448885679245,"[594, 857, 799, 765, 669]","[0.303448885679245, 0.08571863174438477, 0.07345467060804367, 0.07165735214948654, 0.05164032801985741]"
blur-nosal,ooc,255,324,324,1,0.9984884262084961,"[324, 322, 326, 325, 835]","[0.9984884262084961, 0.000667196640279144, 0.0004960359656251967, 0.00017195283726323396, 2.942928040283732e-05]"
blur-nosal,ooc,256,303,304,0,0.21921853721141815,"[304, 320, 302, 777, 308]","[0.21921853721141815, 0.09469075500965118, 0.09195739030838013, 0.0916481614112854, 0.035883672535419464]"
blur-nosal,ooc,257,323,54,0,0.10608283430337906,"[54, 953, 56, 44, 15]","[0.10608283430337906, 0.08051575720310211, 0.07702551037073135, 0.0633099228143692, 0.052288878709077835]"
blur-nosal,ooc,258,989,31,0,0.31466543674468994,"[31, 679, 613, 948, 846]","[0.31466543674468994, 0.07304397970438004, 0.06714894622564316, 0.06007121503353119, 0.05233950912952423]"
blur-nosal,ooc,259,324,279,0,0.11306147277355194,"[279, 146, 144, 270, 141]","[0.11306147277355194, 0.09763793647289276, 0.07070107012987137, 0.053868621587753296, 0.047388702630996704]"
blur-nosal,ooc,260,989,958,0,0.1662694364786148,"[958, 522, 947, 730, 417]","[0.1662694364786148, 0.12517264485359192, 0.0776294693350792, 0.06290530413389206, 0.0585385337471962]"
blur-nosal,ooc,261,323,872,0,0.5251619219779968,"[872, 671, 323, 701, 645]","[0.5251619219779968, 0.30871352553367615, 0.05560233071446419, 0.012494602240622044, 0.010194947011768818]"
blur-nosal,ooc,262,78,12,0,0.20163697004318237,"[12, 93, 306, 119, 11]","[0.20163697004318237, 0.10322818905115128, 0.100843645632267, 0.09069883078336716, 0.08702032268047333]"
blur-nosal,ooc,263,945,81,0,0.42038246989250183,"[81, 701, 988, 850, 82]","[0.42038246989250183, 0.09202472120523453, 0.05790563300251961, 0.03927409648895264, 0.031771302223205566]"
blur-nosal,ooc,264,303,286,0,0.14405030012130737,"[286, 141, 51, 979, 449]","[0.14405030012130737, 0.06267271935939789, 0.05661633238196373, 0.048291273415088654, 0.030248133465647697]"
blur-nosal,ooc,265,78,545,0,0.3350365161895752,"[545, 776, 612, 420, 402]","[0.3350365161895752, 0.2601169943809509, 0.11322163045406342, 0.08488339185714722, 0.0412500835955143]"
blur-nosal,ooc,266,323,323,1,0.859979510307312,"[323, 701, 417, 802, 319]","[0.859979510307312, 0.13276523351669312, 0.004486992489546537, 0.000538006192073226, 0.0004196634399704635]"
blur-nosal,ooc,267,309,765,0,0.6417924165725708,"[765, 706, 421, 882, 620]","[0.6417924165725708, 0.03369959071278572, 0.03145334869623184, 0.030172040686011314, 0.015075434930622578]"
blur-nosal,ooc,268,77,425,0,0.5445342063903809,"[425, 39, 343, 334, 915]","[0.5445342063903809, 0.05966157093644142, 0.028501905500888824, 0.02257683500647545, 0.021190881729125977]"
blur-nosal,ooc,269,945,680,0,0.14901849627494812,"[680, 929, 816, 419, 629]","[0.14901849627494812, 0.09318245947360992, 0.07660112529993057, 0.05934673547744751, 0.049786388874053955]"
blur-nosal,ooc,270,322,118,0,0.10115701705217361,"[118, 472, 595, 693, 410]","[0.10115701705217361, 0.06258846074342728, 0.05787291005253792, 0.0541452132165432, 0.04783886298537254]"
blur-nosal,ooc,271,27,40,0,0.3655497431755066,"[40, 894, 46, 721, 64]","[0.3655497431755066, 0.09471837431192398, 0.06839831918478012, 0.043172817677259445, 0.03598311170935631]"
blur-nosal,ooc,272,321,321,1,0.9971933960914612,"[321, 325, 323, 322, 11]","[0.9971933960914612, 0.0020848673302680254, 0.00020638278510887176, 0.00011754582374123856, 5.79697843932081e-05]"
blur-nosal,ooc,273,323,323,1,0.9065303206443787,"[323, 311, 312, 319, 316]","[0.9065303206443787, 0.02009551413357258, 0.01466429978609085, 0.013331768102943897, 0.005678133573383093]"
blur-nosal,ooc,274,937,701,0,0.2323428839445114,"[701, 492, 596, 835, 456]","[0.2323428839445114, 0.16336266696453094, 0.05339271202683449, 0.05024091899394989, 0.02753392606973648]"
blur-nosal,ooc,275,73,500,0,0.10185267776250839,"[500, 599, 314, 896, 56]","[0.10185267776250839, 0.04545136168599129, 0.034185830503702164, 0.0327758751809597, 0.031055418774485588]"
blur-nosal,ooc,276,322,322,1,0.5740361213684082,"[322, 133, 86, 138, 325]","[0.5740361213684082, 0.15419915318489075, 0.027085887268185616, 0.019579848274588585, 0.01603584736585617]"
blur-nosal,ooc,277,40,14,0,0.12910625338554382,"[14, 989, 91, 924, 56]","[0.12910625338554382, 0.10036995261907578, 0.08657044917345047, 0.05814681574702263, 0.055782098323106766]"
blur-nosal,ooc,278,31,979,0,0.4790705144405365,"[979, 472, 888, 815, 980]","[0.4790705144405365, 0.06067126244306564, 0.02958551049232483, 0.028251618146896362, 0.024925118312239647]"
blur-nosal,ooc,279,321,802,0,0.6807386875152588,"[802, 537, 803, 321, 795]","[0.6807386875152588, 0.2246621996164322, 0.013042968697845936, 0.012895820662379265, 0.006430951412767172]"
blur-nosal,ooc,280,58,107,0,0.33590638637542725,"[107, 701, 801, 488, 616]","[0.33590638637542725, 0.14599202573299408, 0.0781700611114502, 0.05598835274577141, 0.044162508100271225]"
blur-nosal,ooc,281,309,308,0,0.343302458524704,"[308, 77, 300, 303, 125]","[0.343302458524704, 0.047456610947847366, 0.046766024082899094, 0.03801162168383598, 0.034757401794195175]"
blur-nosal,ooc,282,303,303,1,0.21474871039390564,"[303, 449, 879, 491, 672]","[0.21474871039390564, 0.08847536146640778, 0.07646914571523666, 0.0723503828048706, 0.05749097466468811]"
blur-nosal,ooc,283,325,640,0,0.24349549412727356,"[640, 43, 646, 443, 46]","[0.24349549412727356, 0.1243390142917633, 0.08130224794149399, 0.06611521542072296, 0.03992754593491554]"
blur-nosal,ooc,284,323,323,1,0.9980822801589966,"[323, 444, 830, 584, 541]","[0.9980822801589966, 0.0004904685774818063, 0.0002584225148893893, 0.00015051400987431407, 0.00011189775250386447]"
blur-nosal,ooc,285,304,271,0,0.11296651512384415,"[271, 491, 249, 269, 274]","[0.11296651512384415, 0.040529124438762665, 0.035443924367427826, 0.030184924602508545, 0.027597306296229362]"
blur-nosal,ooc,286,18,18,1,0.9442328214645386,"[18, 17, 245, 162, 13]","[0.9442328214645386, 0.01866358332335949, 0.006442302372306585, 0.0038797566667199135, 0.0026868474669754505]"
blur-nosal,ooc,287,178,178,1,0.712914764881134,"[178, 386, 208, 207, 385]","[0.712914764881134, 0.07730572670698166, 0.0447675883769989, 0.028432002291083336, 0.025894496589899063]"
blur-nosal,ooc,288,83,490,0,0.58368980884552,"[490, 87, 8, 83, 56]","[0.58368980884552, 0.1287742704153061, 0.023976121097803116, 0.019699042662978172, 0.016915583983063698]"
blur-nosal,ooc,289,362,133,0,0.44006145000457764,"[133, 360, 144, 141, 362]","[0.44006145000457764, 0.0921001136302948, 0.06971467286348343, 0.053392741829156876, 0.046604230999946594]"
blur-nosal,ooc,290,272,280,0,0.26864728331565857,"[280, 336, 354, 299, 269]","[0.26864728331565857, 0.1124967709183693, 0.07269809395074844, 0.07171100378036499, 0.05479131266474724]"
blur-nosal,ooc,291,102,663,0,0.09340276569128036,"[663, 743, 649, 497, 386]","[0.09340276569128036, 0.08418367058038712, 0.08407431840896606, 0.06346715986728668, 0.06263162940740585]"
blur-nosal,ooc,292,423,703,0,0.21844159066677094,"[703, 858, 621, 595, 410]","[0.21844159066677094, 0.1224849671125412, 0.09555911272764206, 0.08911795914173126, 0.07956921309232712]"
blur-nosal,ooc,293,543,682,0,0.3491808772087097,"[682, 386, 799, 385, 905]","[0.3491808772087097, 0.1021231934428215, 0.08370580524206161, 0.08030937612056732, 0.06909223645925522]"
blur-nosal,ooc,294,277,51,0,0.428251177072525,"[51, 184, 345, 277, 354]","[0.428251177072525, 0.11747943609952927, 0.11607932299375534, 0.022070998325943947, 0.01722760684788227]"
blur-nosal,ooc,295,428,428,1,0.8071485757827759,"[428, 464, 913, 730, 449]","[0.8071485757827759, 0.033391404896974564, 0.021621746942400932, 0.021565362811088562, 0.018325477838516235]"
blur-nosal,ooc,296,134,515,0,0.16374973952770233,"[515, 750, 424, 532, 788]","[0.16374973952770233, 0.04449057579040527, 0.03925032913684845, 0.03585422411561012, 0.033962786197662354]"
blur-nosal,ooc,297,298,87,0,0.10103137791156769,"[87, 674, 893, 859, 358]","[0.10103137791156769, 0.07279592752456665, 0.06442365795373917, 0.05580126494169235, 0.04248194396495819]"
blur-nosal,ooc,298,170,373,0,0.16382381319999695,"[373, 104, 106, 105, 298]","[0.16382381319999695, 0.14189578592777252, 0.09114568680524826, 0.05982664227485657, 0.051718298345804214]"
blur-nosal,ooc,299,363,490,0,0.20844009518623352,"[490, 39, 363, 85, 24]","[0.20844009518623352, 0.13303589820861816, 0.0629517063498497, 0.024465203285217285, 0.024284839630126953]"
blur-nosal,ooc,300,356,282,0,0.13856364786624908,"[282, 202, 263, 932, 184]","[0.13856364786624908, 0.09739663451910019, 0.058018311858177185, 0.042594872415065765, 0.04066811501979828]"
blur-nosal,ooc,301,161,172,0,0.6056447625160217,"[172, 162, 253, 263, 218]","[0.6056447625160217, 0.0788513794541359, 0.04082411527633667, 0.03519557788968086, 0.029470428824424744]"
blur-nosal,ooc,302,254,113,0,0.16678829491138458,"[113, 254, 309, 39, 316]","[0.16678829491138458, 0.10857406258583069, 0.055917080491781235, 0.05262294411659241, 0.04854704812169075]"
blur-nosal,ooc,303,145,145,1,0.9991251826286316,"[145, 16, 89, 151, 85]","[0.9991251826286316, 0.00017788463446777314, 0.0001329951046500355, 9.114514250541106e-05, 7.648578321095556e-05]"
blur-nosal,ooc,304,171,744,0,0.10725676268339157,"[744, 545, 597, 51, 745]","[0.10725676268339157, 0.08146663755178452, 0.05240677297115326, 0.043037425726652145, 0.04197666421532631]"
blur-nosal,ooc,305,299,86,0,0.17908895015716553,"[86, 331, 278, 336, 293]","[0.17908895015716553, 0.13611146807670593, 0.12656374275684357, 0.11846306174993515, 0.05848914384841919]"
blur-nosal,ooc,306,251,251,1,0.9840412139892578,"[251, 289, 212, 562, 415]","[0.9840412139892578, 0.008395633660256863, 0.0016818013973534107, 0.000933103438001126, 0.0007290229550562799]"
blur-nosal,ooc,307,292,989,0,0.3046517074108124,"[989, 292, 994, 37, 990]","[0.3046517074108124, 0.15645959973335266, 0.14165417850017548, 0.043585024774074554, 0.027813153341412544]"
blur-nosal,ooc,308,77,307,0,0.4757574200630188,"[307, 303, 319, 309, 310]","[0.4757574200630188, 0.28150513768196106, 0.023995598778128624, 0.022146128118038177, 0.021656500175595284]"
blur-nosal,ooc,309,305,879,0,0.2091255635023117,"[879, 99, 39, 386, 340]","[0.2091255635023117, 0.061516646295785904, 0.04256608709692955, 0.03165225684642792, 0.02840568497776985]"
blur-nosal,ooc,310,299,131,0,0.2010691612958908,"[131, 360, 136, 99, 86]","[0.2010691612958908, 0.128152996301651, 0.05402199923992157, 0.03842923417687416, 0.03280438110232353]"
blur-nosal,ooc,311,83,43,0,0.12706667184829712,"[43, 85, 36, 39, 360]","[0.12706667184829712, 0.08545012772083282, 0.04848732426762581, 0.044913098216056824, 0.03493873402476311]"
blur-nosal,ooc,312,362,147,0,0.4938710927963257,"[147, 150, 360, 337, 294]","[0.4938710927963257, 0.07075236737728119, 0.06340707093477249, 0.05161767080426216, 0.022127285599708557]"
blur-nosal,ooc,313,85,85,1,0.8679621815681458,"[85, 141, 832, 8, 142]","[0.8679621815681458, 0.014724824577569962, 0.010892541147768497, 0.010384520515799522, 0.009657024405896664]"
blur-nosal,ooc,314,203,203,1,0.7332760691642761,"[203, 173, 215, 188, 218]","[0.7332760691642761, 0.09369701892137527, 0.028015224263072014, 0.017603451386094093, 0.012156201526522636]"
blur-nosal,ooc,315,79,81,0,0.34486284852027893,"[81, 144, 832, 803, 85]","[0.34486284852027893, 0.1505950689315796, 0.12960569560527802, 0.02829792909324169, 0.024270715191960335]"
blur-nosal,ooc,316,71,269,0,0.0685376450419426,"[269, 282, 39, 287, 202]","[0.0685376450419426, 0.05583992227911949, 0.049908701330423355, 0.04109036549925804, 0.040970329195261]"
blur-nosal,ooc,317,298,6,0,0.49323612451553345,"[6, 3, 110, 4, 5]","[0.49323612451553345, 0.1491934061050415, 0.06645441800355911, 0.06274813413619995, 0.0429488942027092]"
blur-nosal,ooc,318,336,182,0,0.3629823327064514,"[182, 191, 299, 202, 298]","[0.3629823327064514, 0.15781894326210022, 0.1075379028916359, 0.057698458433151245, 0.047839999198913574]"
blur-nosal,ooc,319,425,462,0,0.09882990270853043,"[462, 778, 502, 411, 791]","[0.09882990270853043, 0.06923847645521164, 0.05803868547081947, 0.05479418858885765, 0.04757179692387581]"
blur-nosal,ooc,320,137,357,0,0.5094766020774841,"[357, 334, 84, 295, 297]","[0.5094766020774841, 0.06026949733495712, 0.046767741441726685, 0.034594979137182236, 0.02683098055422306]"
blur-nosal,ooc,321,372,309,0,0.963300883769989,"[309, 985, 946, 7, 879]","[0.963300883769989, 0.009272308088839054, 0.0060660019516944885, 0.003448129165917635, 0.002687850035727024]"
blur-nosal,ooc,322,958,931,0,0.13633474707603455,"[931, 48, 106, 909, 961]","[0.13633474707603455, 0.07641716301441193, 0.06157743185758591, 0.05754587799310684, 0.03848649933934212]"
blur-nosal,ooc,323,232,460,0,0.1699926108121872,"[460, 976, 672, 978, 970]","[0.1699926108121872, 0.14113327860832214, 0.12313009798526764, 0.09516597539186478, 0.09424581378698349]"
blur-nosal,ooc,324,279,245,0,0.29931461811065674,"[245, 171, 180, 2, 265]","[0.29931461811065674, 0.16080701351165771, 0.08323605358600616, 0.03564297780394554, 0.035067133605480194]"
blur-nosal,ooc,325,146,122,0,0.21273234486579895,"[122, 420, 822, 486, 889]","[0.21273234486579895, 0.14896786212921143, 0.09541001170873642, 0.04890665039420128, 0.031837549060583115]"
blur-nosal,ooc,326,352,93,0,0.08445975929498672,"[93, 84, 368, 364, 378]","[0.08445975929498672, 0.07488752156496048, 0.0651635080575943, 0.056555189192295074, 0.04818185791373253]"
blur-nosal,ooc,327,958,526,0,0.1415126621723175,"[526, 840, 843, 428, 896]","[0.1415126621723175, 0.0423467643558979, 0.035196155309677124, 0.03458136320114136, 0.030936352908611298]"
blur-nosal,ooc,328,958,475,0,0.17353792488574982,"[475, 785, 185, 856, 998]","[0.17353792488574982, 0.0668240338563919, 0.05068515986204147, 0.03538978472352028, 0.027530435472726822]"
blur-nosal,ooc,329,275,144,0,0.22767125070095062,"[144, 172, 249, 87, 981]","[0.22767125070095062, 0.0690753161907196, 0.06546172499656677, 0.06538467109203339, 0.03749851882457733]"
blur-nosal,ooc,330,888,788,0,0.12489902228116989,"[788, 467, 582, 542, 865]","[0.12489902228116989, 0.10382377356290817, 0.0689564123749733, 0.06865280866622925, 0.04379603639245033]"
blur-nosal,ooc,331,352,719,0,0.09582965821027756,"[719, 812, 846, 314, 673]","[0.09582965821027756, 0.08690685033798218, 0.05882318690419197, 0.05727098509669304, 0.051220010966062546]"
blur-nosal,ooc,332,85,84,0,0.4701845049858093,"[84, 99, 249, 236, 703]","[0.4701845049858093, 0.08048006147146225, 0.040048472583293915, 0.01595498062670231, 0.01460377499461174]"
blur-nosal,ooc,333,9,524,0,0.10563445836305618,"[524, 544, 464, 461, 828]","[0.10563445836305618, 0.10408872365951538, 0.051814302802085876, 0.040637604892253876, 0.0350739061832428]"
blur-nosal,ooc,334,199,256,0,0.21494346857070923,"[256, 206, 439, 91, 22]","[0.21494346857070923, 0.10119009763002396, 0.05988183617591858, 0.04426911845803261, 0.03781406953930855]"
blur-nosal,ooc,335,522,58,0,0.1289093941450119,"[58, 49, 591, 316, 314]","[0.1289093941450119, 0.12740889191627502, 0.031202072277665138, 0.028720088303089142, 0.028707969933748245]"
blur-nosal,ooc,336,340,569,0,0.6584701538085938,"[569, 133, 503, 791, 594]","[0.6584701538085938, 0.08227325975894928, 0.07584074884653091, 0.02675064466893673, 0.018013687804341316]"
blur-nosal,ooc,337,9,71,0,0.3036732077598572,"[71, 76, 126, 343, 305]","[0.3036732077598572, 0.1509634256362915, 0.04171954095363617, 0.0413532480597496, 0.03096270188689232]"
blur-nosal,ooc,338,386,343,0,0.5209762454032898,"[343, 178, 101, 358, 349]","[0.5209762454032898, 0.07329437136650085, 0.04869093373417854, 0.023904142901301384, 0.023455750197172165]"
blur-nosal,ooc,339,274,237,0,0.08466029167175293,"[237, 765, 168, 614, 211]","[0.08466029167175293, 0.07006300240755081, 0.06256625801324844, 0.05783073604106903, 0.03453151509165764]"
blur-nosal,ooc,340,274,385,0,0.4224984645843506,"[385, 386, 366, 291, 296]","[0.4224984645843506, 0.08745822310447693, 0.0783616155385971, 0.04592560604214668, 0.027846604585647583]"
blur-nosal,ooc,341,254,242,0,0.1448470652103424,"[242, 254, 161, 195, 700]","[0.1448470652103424, 0.09478172659873962, 0.051051631569862366, 0.04503104090690613, 0.04379107058048248]"
blur-nosal,ooc,342,185,48,0,0.22500109672546387,"[48, 186, 291, 182, 269]","[0.22500109672546387, 0.09165409207344055, 0.06615877896547318, 0.03784609213471413, 0.031748026609420776]"
blur-nosal,ooc,343,169,87,0,0.16963037848472595,"[87, 719, 816, 674, 429]","[0.16963037848472595, 0.056425996124744415, 0.030886948108673096, 0.029800059273838997, 0.025608975440263748]"
blur-nosal,ooc,344,193,186,0,0.1688382774591446,"[186, 185, 193, 189, 202]","[0.1688382774591446, 0.12207967787981033, 0.10631642490625381, 0.09712798148393631, 0.09267044812440872]"
blur-nosal,ooc,345,355,760,0,0.7681214213371277,"[760, 550, 812, 616, 631]","[0.7681214213371277, 0.03821498900651932, 0.02313280664384365, 0.009376710280776024, 0.007980513386428356]"
blur-nosal,ooc,346,83,658,0,0.39862629771232605,"[658, 806, 490, 643, 770]","[0.39862629771232605, 0.0950232595205307, 0.08241069316864014, 0.04774557426571846, 0.03781144693493843]"
blur-nosal,ooc,347,355,355,1,0.41859906911849976,"[355, 374, 348, 299, 383]","[0.41859906911849976, 0.1865231692790985, 0.07639455795288086, 0.05196377635002136, 0.025518737733364105]"
blur-nosal,ooc,348,172,816,0,0.08657114207744598,"[816, 588, 910, 998, 611]","[0.08657114207744598, 0.05916308984160423, 0.05879305303096771, 0.05660606175661087, 0.04578899219632149]"
blur-nosal,ooc,349,958,974,0,0.2893742620944977,"[974, 958, 912, 483, 525]","[0.2893742620944977, 0.10363498330116272, 0.050012145191431046, 0.04264051839709282, 0.031185192987322807]"
blur-nosal,ooc,350,425,792,0,0.1856881082057953,"[792, 833, 803, 839, 421]","[0.1856881082057953, 0.09872341901063919, 0.08298445492982864, 0.051713727414608, 0.04523293673992157]"
blur-nosal,ooc,351,958,958,1,0.6625794172286987,"[958, 850, 337, 663, 372]","[0.6625794172286987, 0.04311073198914528, 0.031572144478559494, 0.02738325484097004, 0.02619977481663227]"
blur-nosal,ooc,352,425,422,0,0.6986355185508728,"[422, 822, 428, 879, 463]","[0.6986355185508728, 0.037581294775009155, 0.029072746634483337, 0.02022911049425602, 0.01762845180928707]"
blur-nosal,ooc,353,681,144,0,0.23229335248470306,"[144, 34, 428, 792, 47]","[0.23229335248470306, 0.09506281465291977, 0.06297239661216736, 0.0540965273976326, 0.04800838232040405]"
blur-nosal,ooc,354,755,985,0,0.9665644764900208,"[985, 309, 325, 879, 986]","[0.9665644764900208, 0.0096123106777668, 0.007633738219738007, 0.006334925536066294, 0.0029887051787227392]"
blur-nosal,ooc,355,251,978,0,0.0990293025970459,"[978, 562, 880, 975, 251]","[0.0990293025970459, 0.06845081597566605, 0.06838207691907883, 0.05952928960323334, 0.04508502036333084]"
blur-nosal,ooc,356,209,274,0,0.19392743706703186,"[274, 39, 277, 278, 184]","[0.19392743706703186, 0.1105991005897522, 0.0699080228805542, 0.04028838872909546, 0.03923889994621277]"
blur-nosal,ooc,357,872,546,0,0.10484866797924042,"[546, 491, 762, 940, 420]","[0.10484866797924042, 0.08363490551710129, 0.0440334714949131, 0.03855644538998604, 0.037431180477142334]"
blur-nosal,ooc,358,177,205,0,0.10215861350297928,"[205, 9, 206, 195, 355]","[0.10215861350297928, 0.09033513069152832, 0.08802364766597748, 0.07938294857740402, 0.06321119517087936]"
blur-nosal,ooc,359,172,141,0,0.24279744923114777,"[141, 21, 133, 2, 129]","[0.24279744923114777, 0.13838297128677368, 0.09941009432077408, 0.0900716558098793, 0.06512215733528137]"
blur-nosal,ooc,360,425,835,0,0.24679023027420044,"[835, 726, 611, 176, 630]","[0.24679023027420044, 0.03476370871067047, 0.0236903578042984, 0.021800927817821503, 0.01951724849641323]"
blur-nosal,ooc,361,191,191,1,0.21687085926532745,"[191, 182, 192, 186, 226]","[0.21687085926532745, 0.1508389115333557, 0.12122004479169846, 0.09552101045846939, 0.0750826969742775]"
blur-nosal,ooc,362,23,39,0,0.13271725177764893,"[39, 939, 110, 114, 16]","[0.13271725177764893, 0.11573392897844315, 0.048208512365818024, 0.0421273410320282, 0.02722764201462269]"
blur-nosal,ooc,363,353,339,0,0.15307864546775818,"[339, 253, 159, 277, 242]","[0.15307864546775818, 0.08148193359375, 0.07531406730413437, 0.06747228652238846, 0.051781266927719116]"
blur-nosal,ooc,364,209,865,0,0.25733813643455505,"[865, 585, 611, 684, 411]","[0.25733813643455505, 0.13487689197063446, 0.0832488089799881, 0.05399530008435249, 0.04843930900096893]"
blur-nosal,ooc,365,352,929,0,0.2556290626525879,"[929, 850, 641, 568, 865]","[0.2556290626525879, 0.17654366791248322, 0.10074122995138168, 0.06283564865589142, 0.054872483015060425]"
blur-nosal,ooc,366,690,309,0,0.13891635835170746,"[309, 989, 323, 779, 311]","[0.13891635835170746, 0.08306830376386642, 0.07990959286689758, 0.05273997783660889, 0.04460745304822922]"
blur-nosal,ooc,367,348,580,0,0.4039858877658844,"[580, 706, 642, 915, 476]","[0.4039858877658844, 0.3975163698196411, 0.03537474200129509, 0.029373351484537125, 0.010238232091069221]"
blur-nosal,ooc,368,336,672,0,0.15081346035003662,"[672, 132, 134, 977, 193]","[0.15081346035003662, 0.09882112592458725, 0.07837332040071487, 0.036771006882190704, 0.029962219297885895]"
blur-nosal,ooc,369,574,336,0,0.09692097455263138,"[336, 8, 649, 37, 993]","[0.09692097455263138, 0.0907285064458847, 0.051327500492334366, 0.0357201024889946, 0.03560587763786316]"
blur-nosal,ooc,370,172,88,0,0.284698486328125,"[88, 370, 17, 136, 91]","[0.284698486328125, 0.06930726766586304, 0.05826319381594658, 0.04121169447898865, 0.027797549962997437]"
blur-nosal,ooc,371,428,141,0,0.5889993906021118,"[141, 777, 879, 134, 428]","[0.5889993906021118, 0.057753246277570724, 0.04848626255989075, 0.04790378734469414, 0.026641225442290306]"
blur-nosal,ooc,372,277,651,0,0.33862370252609253,"[651, 548, 453, 851, 760]","[0.33862370252609253, 0.11624781787395477, 0.0639515146613121, 0.04674631357192993, 0.03271801397204399]"
blur-nosal,ooc,373,209,355,0,0.15374185144901276,"[355, 172, 170, 225, 348]","[0.15374185144901276, 0.11399700492620468, 0.09876170754432678, 0.08338719606399536, 0.06872103363275528]"
blur-nosal,ooc,374,575,575,1,0.8820151686668396,"[575, 621, 609, 757, 264]","[0.8820151686668396, 0.020999332889914513, 0.015558806248009205, 0.01033763773739338, 0.007259376347064972]"
blur-nosal,ooc,375,958,325,0,0.18747906386852264,"[325, 939, 322, 973, 198]","[0.18747906386852264, 0.07059583812952042, 0.05154595151543617, 0.04423641040921211, 0.039313506335020065]"
blur-nosal,ooc,376,340,340,1,0.44777989387512207,"[340, 309, 437, 307, 755]","[0.44777989387512207, 0.06991921365261078, 0.06830807030200958, 0.04182690754532814, 0.03034036047756672]"
blur-nosal,ooc,377,191,701,0,0.1391168236732483,"[701, 433, 349, 50, 39]","[0.1391168236732483, 0.0606008842587471, 0.056804854422807693, 0.03556114807724953, 0.032210033386945724]"
blur-nosal,ooc,378,232,200,0,0.34932565689086914,"[200, 232, 231, 155, 217]","[0.34932565689086914, 0.19204366207122803, 0.1189364343881607, 0.08225391060113907, 0.029301278293132782]"
blur-nosal,ooc,379,352,349,0,0.2591371238231659,"[349, 701, 354, 417, 958]","[0.2591371238231659, 0.1004047617316246, 0.09617921710014343, 0.05490300804376602, 0.04101414233446121]"
blur-nosal,ooc,380,373,225,0,0.4609145522117615,"[225, 372, 373, 276, 278]","[0.4609145522117615, 0.228023499250412, 0.07357800751924515, 0.03743381425738335, 0.025936372578144073]"
blur-nosal,ooc,381,353,21,0,0.24779260158538818,"[21, 92, 91, 15, 135]","[0.24779260158538818, 0.1005881279706955, 0.09194183349609375, 0.057884663343429565, 0.047939397394657135]"
blur-nosal,ooc,382,888,13,0,0.1525268405675888,"[13, 19, 40, 684, 558]","[0.1525268405675888, 0.14547190070152283, 0.09414558112621307, 0.05279306694865227, 0.04374779015779495]"
blur-nosal,ooc,383,286,853,0,0.21074283123016357,"[853, 741, 51, 797, 636]","[0.21074283123016357, 0.07737568765878677, 0.07608895748853683, 0.06982144713401794, 0.02575281262397766]"
blur-nosal,ooc,384,299,364,0,0.12978367507457733,"[364, 271, 51, 335, 274]","[0.12978367507457733, 0.127842977643013, 0.1077612116932869, 0.0584852509200573, 0.04949001967906952]"
blur-nosal,ooc,385,350,182,0,0.1632637232542038,"[182, 184, 22, 51, 112]","[0.1632637232542038, 0.08058251440525055, 0.06534639000892639, 0.06354959309101105, 0.04884510114789009]"
blur-nosal,ooc,386,143,143,1,0.27943316102027893,"[143, 146, 980, 976, 144]","[0.27943316102027893, 0.2470649778842926, 0.10388435423374176, 0.05516030639410019, 0.05488188937306404]"
blur-nosal,ooc,387,336,410,0,0.10362610965967178,"[410, 981, 831, 525, 835]","[0.10362610965967178, 0.06675320863723755, 0.05834880843758583, 0.057435043156147, 0.04950757324695587]"
blur-nosal,ooc,388,353,100,0,0.12511107325553894,"[100, 237, 792, 236, 428]","[0.12511107325553894, 0.11026165634393692, 0.09745434671640396, 0.06731109321117401, 0.03766653314232826]"
blur-nosal,ooc,389,305,820,0,0.684370219707489,"[820, 847, 628, 449, 525]","[0.684370219707489, 0.11968975514173508, 0.039682019501924515, 0.028100712224841118, 0.01684715785086155]"
blur-nosal,ooc,390,349,348,0,0.34546998143196106,"[348, 349, 386, 48, 385]","[0.34546998143196106, 0.19668017327785492, 0.09538627415895462, 0.06647879630327225, 0.06590568274259567]"
blur-nosal,ooc,391,11,115,0,0.14425483345985413,"[115, 962, 957, 963, 110]","[0.14425483345985413, 0.08120877295732498, 0.06625057756900787, 0.058307718485593796, 0.05742057412862778]"
blur-nosal,ooc,392,26,958,0,0.3287666141986847,"[958, 354, 336, 649, 888]","[0.3287666141986847, 0.0839259922504425, 0.06349644064903259, 0.06031114608049393, 0.05762365460395813]"
blur-nosal,ooc,393,336,202,0,0.14238443970680237,"[202, 185, 296, 182, 184]","[0.14238443970680237, 0.07387987524271011, 0.04214640334248543, 0.0356936901807785, 0.027382899075746536]"
blur-nosal,ooc,394,79,21,0,0.3441430628299713,"[21, 462, 837, 425, 879]","[0.3441430628299713, 0.12080510705709457, 0.06997973471879959, 0.06751452386379242, 0.03840630501508713]"
blur-nosal,ooc,395,63,50,0,0.09407322108745575,"[50, 428, 562, 835, 825]","[0.09407322108745575, 0.05652279779314995, 0.04685180261731148, 0.04576471447944641, 0.03734242171049118]"
blur-nosal,ooc,396,349,71,0,0.08851371705532074,"[71, 304, 308, 45, 34]","[0.08851371705532074, 0.06706930696964264, 0.057828109711408615, 0.0551040843129158, 0.04809395223855972]"
blur-nosal,ooc,397,17,562,0,0.21174708008766174,"[562, 484, 148, 814, 908]","[0.21174708008766174, 0.1066829115152359, 0.10422103852033615, 0.057421453297138214, 0.05547593533992767]"
blur-nosal,ooc,398,354,48,0,0.7550907135009766,"[48, 84, 47, 298, 390]","[0.7550907135009766, 0.04055027291178703, 0.021508174017071724, 0.010230562649667263, 0.009814008139073849]"
blur-nosal,ooc,399,172,13,0,0.07354406267404556,"[13, 269, 309, 271, 272]","[0.07354406267404556, 0.07260528206825256, 0.052784111350774765, 0.049816060811281204, 0.04236786440014839]"
blur-nosal,ooc,400,390,55,0,0.1013663187623024,"[55, 370, 40, 46, 596]","[0.1013663187623024, 0.07816139608621597, 0.07542538642883301, 0.05929161608219147, 0.05057686194777489]"
blur-nosal,ooc,401,42,84,0,0.13252420723438263,"[84, 703, 134, 843, 225]","[0.13252420723438263, 0.08727995306253433, 0.048935506492853165, 0.034481704235076904, 0.033754680305719376]"
blur-nosal,ooc,402,251,991,0,0.288091778755188,"[991, 996, 994, 289, 985]","[0.288091778755188, 0.14306038618087769, 0.12271417677402496, 0.05533857271075249, 0.04693855345249176]"
blur-nosal,ooc,403,13,282,0,0.09718607366085052,"[282, 663, 249, 982, 775]","[0.09718607366085052, 0.09159316122531891, 0.05472872033715248, 0.04136912524700165, 0.0394129641354084]"
blur-nosal,ooc,404,139,139,1,0.7856362462043762,"[139, 976, 972, 23, 22]","[0.7856362462043762, 0.07471480220556259, 0.018167007714509964, 0.011917373165488243, 0.00795345101505518]"
blur-nosal,ooc,405,336,370,0,0.12011292576789856,"[370, 373, 374, 99, 9]","[0.12011292576789856, 0.07097768783569336, 0.06019112095236778, 0.05655214935541153, 0.05629552900791168]"
blur-nosal,ooc,406,277,938,0,0.3453224003314972,"[938, 937, 935, 112, 956]","[0.3453224003314972, 0.2994016110897064, 0.0643896535038948, 0.04195156693458557, 0.022563118487596512]"
blur-nosal,ooc,407,375,707,0,0.17556896805763245,"[707, 480, 413, 424, 412]","[0.17556896805763245, 0.08368641138076782, 0.04286673292517662, 0.0380549356341362, 0.032854367047548294]"
blur-nosal,ooc,408,26,46,0,0.10559026151895523,"[46, 62, 994, 27, 54]","[0.10559026151895523, 0.08848939836025238, 0.08108898252248764, 0.07014662027359009, 0.060817521065473557]"
blur-nosal,ooc,409,295,224,0,0.11009663343429565,"[224, 355, 134, 267, 39]","[0.11009663343429565, 0.047989871352910995, 0.04505142942070961, 0.04094614088535309, 0.040108323097229004]"
blur-nosal,ooc,410,674,672,0,0.35264238715171814,"[672, 144, 770, 821, 835]","[0.35264238715171814, 0.07295156270265579, 0.049124859273433685, 0.04712771624326706, 0.04495881497859955]"
blur-nosal,ooc,411,57,13,0,0.13779251277446747,"[13, 141, 65, 58, 10]","[0.13779251277446747, 0.12407484650611877, 0.0979369729757309, 0.08134062588214874, 0.07293539494276047]"
blur-nosal,ooc,412,59,141,0,0.1082056313753128,"[141, 58, 133, 50, 337]","[0.1082056313753128, 0.07564372569322586, 0.05818731710314751, 0.049774233251810074, 0.04770153388381004]"
blur-nosal,ooc,413,357,171,0,0.17941845953464508,"[171, 370, 285, 263, 242]","[0.17941845953464508, 0.08923187851905823, 0.07766349613666534, 0.05740714073181152, 0.04861697927117348]"
blur-nosal,ooc,414,336,429,0,0.391282856464386,"[429, 958, 277, 170, 344]","[0.391282856464386, 0.0857415571808815, 0.04388807713985443, 0.034732136875391006, 0.026418808847665787]"
blur-nosal,ooc,415,86,430,0,0.969758152961731,"[430, 981, 805, 182, 768]","[0.969758152961731, 0.010263553820550442, 0.0022287785541266203, 0.001975318184122443, 0.0013546451227739453]"
blur-nosal,ooc,416,62,939,0,0.17054736614227295,"[939, 93, 381, 55, 17]","[0.17054736614227295, 0.15770000219345093, 0.09912113845348358, 0.08666294068098068, 0.04852813482284546]"
blur-nosal,ooc,417,677,449,0,0.14006930589675903,"[449, 657, 624, 660, 786]","[0.14006930589675903, 0.06583480536937714, 0.053690746426582336, 0.04990982636809349, 0.04786683991551399]"
blur-nosal,ooc,418,387,973,0,0.21696887910366058,"[973, 348, 356, 107, 97]","[0.21696887910366058, 0.19885686039924622, 0.07635960727930069, 0.06805996596813202, 0.03930138424038887]"
blur-nosal,ooc,419,85,326,0,0.3108486533164978,"[326, 81, 94, 141, 319]","[0.3108486533164978, 0.1812737137079239, 0.060967832803726196, 0.05445471405982971, 0.04247632250189781]"
blur-nosal,ooc,420,544,450,0,0.3987065851688385,"[450, 814, 835, 938, 144]","[0.3987065851688385, 0.1048462763428688, 0.09258398413658142, 0.0798342302441597, 0.04173082858324051]"
blur-nosal,ooc,421,77,77,1,0.6451398730278015,"[77, 307, 311, 303, 44]","[0.6451398730278015, 0.08695926517248154, 0.054545167833566666, 0.049978192895650864, 0.01767389103770256]"
blur-nosal,ooc,422,357,336,0,0.28912198543548584,"[336, 386, 649, 958, 101]","[0.28912198543548584, 0.22999584674835205, 0.043679624795913696, 0.028123125433921814, 0.026027653366327286]"
blur-nosal,ooc,423,383,383,1,0.1801750659942627,"[383, 825, 49, 863, 953]","[0.1801750659942627, 0.06505150347948074, 0.052294258028268814, 0.03862961381673813, 0.03805522248148918]"
blur-nosal,ooc,424,277,612,0,0.05712907761335373,"[612, 562, 51, 514, 852]","[0.05712907761335373, 0.038346655666828156, 0.034065525978803635, 0.033100422471761703, 0.031560808420181274]"
blur-nosal,ooc,425,803,611,0,0.20192711055278778,"[611, 595, 866, 561, 233]","[0.20192711055278778, 0.06983933597803116, 0.06662915647029877, 0.03791061416268349, 0.03305790573358536]"
blur-nosal,ooc,426,792,483,0,0.5040464997291565,"[483, 557, 812, 497, 801]","[0.5040464997291565, 0.1786283552646637, 0.07222946733236313, 0.04175511375069618, 0.013998715206980705]"
blur-nosal,ooc,427,795,564,0,0.30118322372436523,"[564, 831, 750, 706, 462]","[0.30118322372436523, 0.2604374289512634, 0.12805256247520447, 0.07972375303506851, 0.025814451277256012]"
blur-nosal,ooc,428,83,83,1,0.31222695112228394,"[83, 340, 825, 177, 8]","[0.31222695112228394, 0.17458876967430115, 0.05626949295401573, 0.02863595448434353, 0.02776777371764183]"
blur-nosal,ooc,429,24,95,0,0.3821444809436798,"[95, 364, 381, 378, 377]","[0.3821444809436798, 0.2359592616558075, 0.05072777345776558, 0.04231634363532066, 0.03049379773437977]"
blur-nosal,ooc,430,802,911,0,0.20587149262428284,"[911, 28, 850, 27, 305]","[0.20587149262428284, 0.0790143683552742, 0.056306883692741394, 0.05031125992536545, 0.0406012199819088]"
blur-nosal,ooc,431,491,78,0,0.09611917287111282,"[78, 118, 344, 390, 952]","[0.09611917287111282, 0.08328130096197128, 0.04948069900274277, 0.04666629806160927, 0.046261273324489594]"
blur-nosal,ooc,432,277,131,0,0.24134375154972076,"[131, 85, 836, 350, 355]","[0.24134375154972076, 0.07678689062595367, 0.04472724720835686, 0.03656643256545067, 0.03540496528148651]"
blur-nosal,ooc,433,802,579,0,0.15336920320987701,"[579, 421, 401, 764, 618]","[0.15336920320987701, 0.10717928409576416, 0.03456638753414154, 0.032214343547821045, 0.031936775892972946]"
blur-nosal,ooc,434,802,143,0,0.17218847572803497,"[143, 802, 484, 814, 472]","[0.17218847572803497, 0.15454936027526855, 0.09990701824426651, 0.0940307229757309, 0.034652262926101685]"
blur-nosal,ooc,435,516,492,0,0.3126494884490967,"[492, 519, 428, 410, 500]","[0.3126494884490967, 0.1464465856552124, 0.046976491808891296, 0.030745314434170723, 0.0265895277261734]"
blur-nosal,ooc,436,13,13,1,0.5868470072746277,"[13, 17, 137, 15, 19]","[0.5868470072746277, 0.36289075016975403, 0.008621280081570148, 0.005588742438703775, 0.004250969272106886]"
blur-nosal,ooc,437,296,296,1,0.8870626091957092,"[296, 270, 343, 341, 258]","[0.8870626091957092, 0.043235793709754944, 0.00903756357729435, 0.007392329629510641, 0.007109729573130608]"
blur-nosal,ooc,438,425,425,1,0.4174623191356659,"[425, 557, 405, 517, 914]","[0.4174623191356659, 0.10256192088127136, 0.06308956444263458, 0.05503126606345177, 0.051692210137844086]"
blur-nosal,ooc,439,223,18,0,0.1363946497440338,"[18, 913, 143, 347, 148]","[0.1363946497440338, 0.12520252168178558, 0.06663936376571655, 0.05355583131313324, 0.049196287989616394]"
blur-nosal,ooc,440,795,772,0,0.1825096160173416,"[772, 637, 805, 703, 764]","[0.1825096160173416, 0.12376902252435684, 0.11831541359424591, 0.058754075318574905, 0.05715576186776161]"
blur-nosal,ooc,441,13,99,0,0.21541646122932434,"[99, 137, 827, 344, 876]","[0.21541646122932434, 0.06265641003847122, 0.03913899511098862, 0.03735801950097084, 0.036297764629125595]"
blur-nosal,ooc,442,227,13,0,0.32909828424453735,"[13, 171, 349, 172, 310]","[0.32909828424453735, 0.13268423080444336, 0.09227188676595688, 0.04503139853477478, 0.03761294111609459]"
blur-nosal,ooc,443,867,757,0,0.11844716221094131,"[757, 595, 867, 609, 314]","[0.11844716221094131, 0.08820678293704987, 0.08429578691720963, 0.04472426325082779, 0.035838279873132706]"
blur-nosal,ooc,444,232,232,1,0.3743318021297455,"[232, 240, 200, 241, 152]","[0.3743318021297455, 0.15048909187316895, 0.05277885124087334, 0.04297057166695595, 0.027536697685718536]"
blur-nosal,ooc,445,795,814,0,0.14852149784564972,"[814, 977, 628, 536, 833]","[0.14852149784564972, 0.11348769068717957, 0.07011913508176804, 0.058077551424503326, 0.05357008054852486]"
blur-nosal,ooc,446,81,144,0,0.35041120648384094,"[144, 132, 430, 693, 429]","[0.35041120648384094, 0.2221771776676178, 0.046353086829185486, 0.027644265443086624, 0.027009395882487297]"
blur-nosal,ooc,447,238,112,0,0.38352614641189575,"[112, 529, 929, 842, 445]","[0.38352614641189575, 0.1391870677471161, 0.10363776236772537, 0.05771248787641525, 0.01669980213046074]"
blur-nosal,ooc,448,296,296,1,0.12051704525947571,"[296, 338, 208, 162, 263]","[0.12051704525947571, 0.08636068552732468, 0.08274069428443909, 0.08059487491846085, 0.06714842468500137]"
blur-nosal,ooc,449,172,253,0,0.16661973297595978,"[253, 172, 173, 166, 206]","[0.16661973297595978, 0.09602831304073334, 0.07981346547603607, 0.0655192881822586, 0.02742541767656803]"
blur-nosal,ooc,450,178,386,0,0.32281583547592163,"[386, 159, 354, 163, 211]","[0.32281583547592163, 0.13498945534229279, 0.06731810420751572, 0.06437637656927109, 0.04790716618299484]"
blur-nosal,ooc,451,803,450,0,0.7279640436172485,"[450, 472, 769, 421, 510]","[0.7279640436172485, 0.038693618029356, 0.01469500083476305, 0.014530213549733162, 0.013723201118409634]"
blur-nosal,ooc,452,331,13,0,0.41877132654190063,"[13, 95, 16, 94, 17]","[0.41877132654190063, 0.19295242428779602, 0.0744883194565773, 0.05393737554550171, 0.037136781960725784]"
blur-nosal,ooc,453,292,340,0,0.2246624380350113,"[340, 835, 805, 282, 292]","[0.2246624380350113, 0.15031743049621582, 0.046705905348062515, 0.038993705064058304, 0.037205055356025696]"
blur-nosal,ooc,454,787,706,0,0.2328135371208191,"[706, 421, 519, 765, 703]","[0.2328135371208191, 0.18519166111946106, 0.16431735455989838, 0.12799353897571564, 0.09236542135477066]"
blur-nosal,ooc,455,231,242,0,0.212478905916214,"[242, 231, 253, 263, 273]","[0.212478905916214, 0.1909211426973343, 0.12291496992111206, 0.11360547691583633, 0.07629956305027008]"
blur-nosal,ooc,456,81,81,1,0.21169663965702057,"[81, 134, 132, 89, 279]","[0.21169663965702057, 0.07267304509878159, 0.06814274191856384, 0.05654613673686981, 0.05331450700759888]"
blur-nosal,ooc,457,803,696,0,0.07711081951856613,"[696, 492, 491, 508, 767]","[0.07711081951856613, 0.055930666625499725, 0.04696119204163551, 0.04164848104119301, 0.03451432287693024]"
blur-nosal,ooc,458,792,812,0,0.2345615029335022,"[812, 846, 557, 437, 405]","[0.2345615029335022, 0.10160722583532333, 0.09228083491325378, 0.0815437063574791, 0.06366755068302155]"
blur-nosal,ooc,459,654,864,0,0.1955253779888153,"[864, 408, 573, 751, 734]","[0.1955253779888153, 0.18204140663146973, 0.08155764639377594, 0.07483336329460144, 0.062208596616983414]"
blur-nosal,ooc,460,170,171,0,0.4120473265647888,"[171, 174, 198, 246, 182]","[0.4120473265647888, 0.07656298577785492, 0.05555863678455353, 0.044999875128269196, 0.028912032023072243]"
blur-nosal,ooc,461,199,224,0,0.06177050247788429,"[224, 880, 160, 199, 197]","[0.06177050247788429, 0.05299042910337448, 0.0450834184885025, 0.04268139600753784, 0.04055805876851082]"
blur-nosal,ooc,462,795,958,0,0.13013841211795807,"[958, 293, 343, 328, 138]","[0.13013841211795807, 0.12802225351333618, 0.0963592603802681, 0.031812798231840134, 0.03091021627187729]"
blur-nosal,ooc,463,802,495,0,0.2940104007720947,"[495, 548, 598, 553, 793]","[0.2940104007720947, 0.27535560727119446, 0.06282880902290344, 0.04616497829556465, 0.023177238181233406]"
blur-nosal,ooc,464,198,198,1,0.7223126292228699,"[198, 196, 496, 219, 24]","[0.7223126292228699, 0.07857175171375275, 0.02698090486228466, 0.021913636475801468, 0.012895761989057064]"
blur-nosal,ooc,465,209,23,0,0.2080368846654892,"[23, 21, 379, 131, 325]","[0.2080368846654892, 0.1125657707452774, 0.06923068314790726, 0.05707733333110809, 0.0525883249938488]"
blur-nosal,ooc,466,247,17,0,0.09111814945936203,"[17, 350, 255, 191, 348]","[0.09111814945936203, 0.07454001158475876, 0.05646216496825218, 0.05297704041004181, 0.05155692622065544]"
blur-nosal,ooc,467,224,379,0,0.07121657580137253,"[379, 234, 224, 381, 236]","[0.07121657580137253, 0.06827317923307419, 0.059201814234256744, 0.03630832955241203, 0.03571850061416626]"
blur-nosal,ooc,468,258,258,1,0.93294358253479,"[258, 270, 257, 279, 153]","[0.93294358253479, 0.03241000324487686, 0.009556817822158337, 0.008963203988969326, 0.004631686490029097]"
blur-nosal,ooc,469,13,372,0,0.11852653324604034,"[372, 362, 106, 284, 9]","[0.11852653324604034, 0.051773346960544586, 0.03371125087141991, 0.03291952982544899, 0.03221127763390541]"
blur-nosal,ooc,470,339,339,1,0.39926877617836,"[339, 253, 159, 242, 173]","[0.39926877617836, 0.156601220369339, 0.055231478065252304, 0.05182810500264168, 0.04816773533821106]"
blur-nosal,ooc,471,888,888,1,0.8228222131729126,"[888, 709, 520, 806, 516]","[0.8228222131729126, 0.06315860897302628, 0.026439590379595757, 0.018949788063764572, 0.011144892312586308]"
blur-nosal,ooc,472,258,270,0,0.24760816991329193,"[270, 333, 222, 500, 289]","[0.24760816991329193, 0.07465415447950363, 0.03995301574468613, 0.037336815148591995, 0.03655283525586128]"
blur-nosal,ooc,473,792,88,0,0.5410390496253967,"[88, 879, 816, 614, 740]","[0.5410390496253967, 0.08954895287752151, 0.0178306195884943, 0.01581713929772377, 0.014629851095378399]"
blur-nosal,ooc,474,792,343,0,0.20108667016029358,"[343, 649, 386, 912, 340]","[0.20108667016029358, 0.09918739646673203, 0.09777534753084183, 0.08770067989826202, 0.05159459635615349]"
blur-nosal,ooc,475,346,347,0,0.3467663824558258,"[347, 386, 341, 342, 149]","[0.3467663824558258, 0.09255611896514893, 0.08383188396692276, 0.05038662254810333, 0.050249431282281876]"
blur-nosal,ooc,476,671,600,0,0.25964078307151794,"[600, 919, 805, 417, 701]","[0.25964078307151794, 0.09024151414632797, 0.05319661647081375, 0.04411647841334343, 0.03387996554374695]"
blur-nosal,ooc,477,724,756,0,0.24085235595703125,"[756, 562, 857, 554, 846]","[0.24085235595703125, 0.17000386118888855, 0.1032557338476181, 0.05839872360229492, 0.04705320671200752]"
blur-nosal,ooc,478,394,876,0,0.44819778203964233,"[876, 472, 391, 756, 620]","[0.44819778203964233, 0.07532278448343277, 0.06557813286781311, 0.05936810001730919, 0.05051586776971817]"
blur-nosal,ooc,479,672,750,0,0.7107900977134705,"[750, 765, 516, 564, 520]","[0.7107900977134705, 0.05802348256111145, 0.026651030406355858, 0.020602786913514137, 0.012946972623467445]"
blur-nosal,ooc,480,289,649,0,0.08683529496192932,"[649, 9, 340, 958, 67]","[0.08683529496192932, 0.0703970268368721, 0.046877000480890274, 0.04472057521343231, 0.03936386853456497]"
blur-nosal,ooc,481,818,920,0,0.7010630965232849,"[920, 538, 884, 778, 698]","[0.7010630965232849, 0.05204562097787857, 0.03560145944356918, 0.026336275041103363, 0.020787764340639114]"
blur-nosal,ooc,482,853,39,0,0.13548430800437927,"[39, 363, 302, 303, 306]","[0.13548430800437927, 0.09642073512077332, 0.047894712537527084, 0.04784148558974266, 0.03783046454191208]"
blur-nosal,ooc,483,239,240,0,0.3274753987789154,"[240, 239, 241, 232, 238]","[0.3274753987789154, 0.2689247131347656, 0.1220591813325882, 0.1080489531159401, 0.04716452583670616]"
blur-nosal,ooc,484,425,879,0,0.2220487892627716,"[879, 791, 579, 449, 858]","[0.2220487892627716, 0.18569083511829376, 0.0948919951915741, 0.0796230360865593, 0.03450063616037369]"
blur-nosal,ooc,485,355,491,0,0.07477881759405136,"[491, 354, 182, 145, 161]","[0.07477881759405136, 0.07433605194091797, 0.06710465997457504, 0.06485722213983536, 0.05646098405122757]"
blur-nosal,ooc,486,863,612,0,0.15110303461551666,"[612, 454, 637, 707, 791]","[0.15110303461551666, 0.12890958786010742, 0.12568703293800354, 0.094630666077137, 0.08276628702878952]"
blur-nosal,ooc,487,349,49,0,0.17120493948459625,"[49, 344, 472, 294, 137]","[0.17120493948459625, 0.16370847821235657, 0.10555639863014221, 0.10360413789749146, 0.0929899737238884]"
blur-nosal,ooc,488,703,536,0,0.412159264087677,"[536, 718, 839, 628, 517]","[0.412159264087677, 0.09145796298980713, 0.06616879999637604, 0.05591832846403122, 0.054069098085165024]"
blur-nosal,ooc,489,425,425,1,0.3176213204860687,"[425, 915, 497, 449, 517]","[0.3176213204860687, 0.16320224106311798, 0.15803371369838715, 0.13329213857650757, 0.04044511541724205]"
blur-nosal,ooc,490,795,526,0,0.09670152515172958,"[526, 642, 406, 809, 840]","[0.09670152515172958, 0.09589491784572601, 0.04929722845554352, 0.04888584464788437, 0.046753641217947006]"
blur-nosal,ooc,491,690,538,0,0.1074732169508934,"[538, 863, 873, 668, 900]","[0.1074732169508934, 0.07686685770750046, 0.07324536889791489, 0.05759729817509651, 0.05245329439640045]"
blur-nosal,ooc,492,672,672,1,0.9969809651374817,"[672, 835, 879, 425, 449]","[0.9969809651374817, 0.0011566410539671779, 0.0003265995183028281, 0.0002162956807296723, 0.00020495677017606795]"
blur-nosal,ooc,493,671,455,0,0.08526717126369476,"[455, 611, 695, 971, 951]","[0.08526717126369476, 0.08287566155195236, 0.042814839631319046, 0.028956681489944458, 0.028710566461086273]"
blur-nosal,ooc,494,81,3,0,0.13806922733783722,"[3, 460, 977, 913, 975]","[0.13806922733783722, 0.07732921838760376, 0.05877821519970894, 0.05434984713792801, 0.033900804817676544]"
blur-nosal,ooc,495,733,61,0,0.8261600732803345,"[61, 62, 54, 66, 56]","[0.8261600732803345, 0.03336035832762718, 0.0153958173468709, 0.012828819453716278, 0.011442050337791443]"
blur-nosal,ooc,496,672,672,1,0.1766136735677719,"[672, 132, 60, 716, 305]","[0.1766136735677719, 0.08906625956296921, 0.07442913949489594, 0.042749132961034775, 0.03581514209508896]"
blur-nosal,ooc,497,795,653,0,0.49008896946907043,"[653, 427, 461, 463, 469]","[0.49008896946907043, 0.2236102819442749, 0.05969657376408577, 0.04369456693530083, 0.034256380051374435]"
blur-nosal,ooc,498,663,779,0,0.3887760639190674,"[779, 555, 864, 609, 656]","[0.3887760639190674, 0.12958009541034698, 0.055337563157081604, 0.04278721287846565, 0.03087109699845314]"
blur-nosal,ooc,499,705,434,0,0.1751134991645813,"[434, 852, 565, 772, 844]","[0.1751134991645813, 0.059202153235673904, 0.040967926383018494, 0.026898792013525963, 0.02580595202744007]"
blur-nosal,ooc,500,675,592,0,0.5116167068481445,"[592, 892, 610, 450, 800]","[0.5116167068481445, 0.04089147225022316, 0.030542995780706406, 0.030518272891640663, 0.021968767046928406]"
blur-nosal,ooc,501,404,404,1,0.9873966574668884,"[404, 908, 895, 812, 657]","[0.9873966574668884, 0.007720810826867819, 0.0031071677803993225, 0.0009910507360473275, 0.00033497909316793084]"
blur-nosal,ooc,502,609,403,0,0.08714161068201065,"[403, 413, 716, 764, 671]","[0.08714161068201065, 0.08220941573381424, 0.07474017888307571, 0.07276040315628052, 0.07065798342227936]"
blur-nosal,ooc,503,672,408,0,0.23827606439590454,"[408, 672, 833, 536, 510]","[0.23827606439590454, 0.10174582153558731, 0.07691033184528351, 0.07046154141426086, 0.052539847791194916]"
blur-nosal,ooc,504,915,915,1,0.45523786544799805,"[915, 900, 727, 538, 807]","[0.45523786544799805, 0.1704048216342926, 0.10211674869060516, 0.05398445203900337, 0.05236455798149109]"
blur-nosal,ooc,505,336,354,0,0.11867959797382355,"[354, 457, 350, 374, 346]","[0.11867959797382355, 0.10760405659675598, 0.09310782700777054, 0.08989883959293365, 0.07186922430992126]"
blur-nosal,ooc,506,515,131,0,0.17224003374576569,"[131, 23, 135, 80, 86]","[0.17224003374576569, 0.13133318722248077, 0.12213297933340073, 0.09431299567222595, 0.08109302818775177]"
blur-nosal,ooc,507,425,425,1,0.7503260970115662,"[425, 141, 46, 40, 483]","[0.7503260970115662, 0.2060810625553131, 0.027382906526327133, 0.004384374711662531, 0.002519769361242652]"
blur-nosal,ooc,508,404,41,0,0.49580734968185425,"[41, 139, 65, 42, 320]","[0.49580734968185425, 0.22379715740680695, 0.05523721128702164, 0.028383750468492508, 0.01809718646109104]"
blur-nosal,ooc,509,724,425,0,0.49403223395347595,"[425, 483, 970, 449, 562]","[0.49403223395347595, 0.14519008994102478, 0.08672548830509186, 0.029107332229614258, 0.023891376331448555]"
blur-nosal,ooc,510,718,769,0,0.2804732024669647,"[769, 624, 532, 743, 494]","[0.2804732024669647, 0.0962483137845993, 0.062334898859262466, 0.0515434704720974, 0.046648669987916946]"
blur-nosal,ooc,511,671,979,0,0.35668858885765076,"[979, 672, 980, 970, 912]","[0.35668858885765076, 0.31628987193107605, 0.1542060524225235, 0.05713655799627304, 0.03089166060090065]"
blur-nosal,ooc,512,147,372,0,0.1156369000673294,"[372, 336, 958, 338, 128]","[0.1156369000673294, 0.05029617249965668, 0.046480171382427216, 0.04523256793618202, 0.036383260041475296]"
blur-nosal,ooc,513,484,484,1,0.6940182447433472,"[484, 871, 616, 546, 880]","[0.6940182447433472, 0.12402520328760147, 0.026513708755373955, 0.009711829014122486, 0.007111820392310619]"
blur-nosal,ooc,514,449,466,0,0.3659552037715912,"[466, 565, 634, 912, 677]","[0.3659552037715912, 0.18865734338760376, 0.09296471625566483, 0.05236048251390457, 0.0373309887945652]"
blur-nosal,ooc,515,842,611,0,0.7419849038124084,"[611, 353, 443, 41, 735]","[0.7419849038124084, 0.024045752361416817, 0.016111841425299644, 0.01119025144726038, 0.0104743717238307]"
blur-nosal,ooc,516,708,912,0,0.15283632278442383,"[912, 471, 835, 562, 958]","[0.15283632278442383, 0.11084870994091034, 0.09593603760004044, 0.0908905565738678, 0.09040109068155289]"
blur-nosal,ooc,517,393,736,0,0.0951790139079094,"[736, 579, 831, 552, 982]","[0.0951790139079094, 0.0896432027220726, 0.0867142304778099, 0.04043272137641907, 0.0389757864177227]"
blur-nosal,ooc,518,862,879,0,0.1335027664899826,"[879, 733, 832, 920, 972]","[0.1335027664899826, 0.0996314287185669, 0.07535895705223083, 0.04317265376448631, 0.025676028802990913]"
blur-nosal,ooc,519,625,625,1,0.7160952091217041,"[625, 84, 555, 858, 554]","[0.7160952091217041, 0.042573533952236176, 0.018751444295048714, 0.01654765196144581, 0.015095428563654423]"
blur-nosal,ooc,520,977,625,0,0.20664210617542267,"[625, 560, 859, 866, 704]","[0.20664210617542267, 0.154674232006073, 0.1356058269739151, 0.03079400397837162, 0.028911104425787926]"
blur-nosal,ooc,521,536,576,0,0.28115755319595337,"[576, 718, 829, 449, 536]","[0.28115755319595337, 0.18129195272922516, 0.10298600792884827, 0.08734001219272614, 0.06969591975212097]"
blur-nosal,ooc,522,472,814,0,0.2531980276107788,"[814, 6, 693, 908, 34]","[0.2531980276107788, 0.23796965181827545, 0.029567766934633255, 0.024637527763843536, 0.023893587291240692]"
blur-nosal,ooc,523,437,128,0,0.24932727217674255,"[128, 40, 42, 391, 46]","[0.24932727217674255, 0.22137950360774994, 0.17852193117141724, 0.08251278847455978, 0.043416544795036316]"
blur-nosal,ooc,524,393,472,0,0.19971537590026855,"[472, 99, 131, 97, 277]","[0.19971537590026855, 0.08922085165977478, 0.05234967917203903, 0.03739160671830177, 0.03057474084198475]"
blur-nosal,ooc,525,394,325,0,0.6869617700576782,"[325, 955, 324, 131, 17]","[0.6869617700576782, 0.08985164016485214, 0.03564136102795601, 0.0207989439368248, 0.017707979306578636]"
blur-nosal,ooc,526,147,49,0,0.14553621411323547,"[49, 183, 611, 8, 50]","[0.14553621411323547, 0.13041913509368896, 0.072675421833992, 0.05846130847930908, 0.027759891003370285]"
blur-nosal,ooc,527,437,437,1,0.941942036151886,"[437, 744, 657, 540, 682]","[0.941942036151886, 0.020767545327544212, 0.015849880874156952, 0.006380297243595123, 0.003165417816489935]"
blur-nosal,ooc,528,373,48,0,0.18746943771839142,"[48, 344, 291, 39, 354]","[0.18746943771839142, 0.15863008797168732, 0.12376081198453903, 0.07236018031835556, 0.05643834173679352]"
blur-nosal,ooc,529,147,445,0,0.33178475499153137,"[445, 112, 801, 842, 641]","[0.33178475499153137, 0.08443362265825272, 0.06842111051082611, 0.05281020700931549, 0.02985002100467682]"
blur-nosal,ooc,530,143,850,0,0.3476562201976776,"[850, 38, 94, 112, 56]","[0.3476562201976776, 0.10701985657215118, 0.07852569967508316, 0.04645807668566704, 0.044106509536504745]"
blur-nosal,ooc,531,625,472,0,0.2616095244884491,"[472, 864, 595, 730, 491]","[0.2616095244884491, 0.1832704097032547, 0.06497323513031006, 0.06157787889242172, 0.052481066435575485]"
blur-nosal,ooc,532,833,693,0,0.1845502108335495,"[693, 975, 449, 562, 703]","[0.1845502108335495, 0.0846279188990593, 0.0733407735824585, 0.06529742479324341, 0.058532506227493286]"
blur-nosal,ooc,533,403,44,0,0.16658064723014832,"[44, 825, 133, 50, 49]","[0.16658064723014832, 0.059238191694021225, 0.044518791139125824, 0.03931653872132301, 0.0364888533949852]"
blur-nosal,ooc,534,914,484,0,0.37692761421203613,"[484, 914, 780, 835, 871]","[0.37692761421203613, 0.29195401072502136, 0.09544465690851212, 0.07223715633153915, 0.060506075620651245]"
blur-nosal,ooc,535,484,975,0,0.09399713575839996,"[975, 843, 792, 703, 428]","[0.09399713575839996, 0.06475032866001129, 0.06101624667644501, 0.036388054490089417, 0.0323927216231823]"
blur-nosal,ooc,536,148,908,0,0.14241382479667664,"[908, 611, 22, 606, 835]","[0.14241382479667664, 0.07937438786029816, 0.06278396397829056, 0.04471450671553612, 0.032069262117147446]"
blur-nosal,ooc,537,554,975,0,0.8507616519927979,"[975, 525, 979, 472, 703]","[0.8507616519927979, 0.08144097775220871, 0.020505810156464577, 0.008155628107488155, 0.004484233446419239]"
blur-nosal,ooc,538,814,39,0,0.12506136298179626,"[39, 625, 408, 913, 472]","[0.12506136298179626, 0.10811718553304672, 0.08099865913391113, 0.08007263392210007, 0.06578352302312851]"
blur-nosal,ooc,539,983,972,0,0.13280895352363586,"[972, 84, 483, 979, 51]","[0.13280895352363586, 0.10160388797521591, 0.08856303989887238, 0.08667945116758347, 0.05858110263943672]"
blur-nosal,ooc,540,267,170,0,0.4087551534175873,"[170, 182, 181, 336, 355]","[0.4087551534175873, 0.11791395395994186, 0.06877630203962326, 0.05521947890520096, 0.05039278045296669]"
blur-nosal,ooc,541,625,595,0,0.259831041097641,"[595, 621, 425, 981, 880]","[0.259831041097641, 0.04302214831113815, 0.03773752599954605, 0.03715968504548073, 0.028011994436383247]"
blur-nosal,ooc,542,554,706,0,0.5379130840301514,"[706, 562, 833, 881, 791]","[0.5379130840301514, 0.1336936503648758, 0.054489392787218094, 0.04201376438140869, 0.040898602455854416]"
blur-nosal,ooc,543,554,718,0,0.24045468866825104,"[718, 536, 893, 628, 791]","[0.24045468866825104, 0.17310450971126556, 0.13561391830444336, 0.06976594030857086, 0.05379600077867508]"
blur-nosal,ooc,544,554,517,0,0.22722312808036804,"[517, 645, 733, 839, 724]","[0.22722312808036804, 0.2260279506444931, 0.15122774243354797, 0.06819216907024384, 0.06187397614121437]"
blur-nosal,ooc,545,625,625,1,0.9083914160728455,"[625, 628, 554, 510, 403]","[0.9083914160728455, 0.03610264137387276, 0.017799202352762222, 0.015319992788136005, 0.007843416184186935]"
blur-nosal,ooc,546,437,425,0,0.09000164270401001,"[425, 460, 974, 977, 972]","[0.09000164270401001, 0.08117149025201797, 0.07167998701334, 0.06559877842664719, 0.04174494743347168]"
blur-nosal,ooc,547,146,216,0,0.0741235688328743,"[216, 203, 410, 282, 738]","[0.0741235688328743, 0.06586714088916779, 0.04893067851662636, 0.036303285509347916, 0.03476735204458237]"
blur-nosal,ooc,548,625,562,0,0.1498807817697525,"[562, 483, 410, 621, 491]","[0.1498807817697525, 0.05592389777302742, 0.04607062786817551, 0.04322049021720886, 0.043038997799158096]"
blur-nosal,ooc,549,148,825,0,0.28839704394340515,"[825, 821, 489, 888, 383]","[0.28839704394340515, 0.17027780413627625, 0.057886939495801926, 0.054456088691949844, 0.04001731052994728]"
blur-nosal,ooc,550,914,871,0,0.6152993440628052,"[871, 484, 833, 627, 914]","[0.6152993440628052, 0.1841607689857483, 0.07018429785966873, 0.014610620215535164, 0.013998146168887615]"
blur-nosal,ooc,551,484,510,0,0.5632604360580444,"[510, 484, 724, 840, 557]","[0.5632604360580444, 0.07328642904758453, 0.04512820020318031, 0.03117941878736019, 0.029314778745174408]"
blur-nosal,ooc,552,484,437,0,0.306651771068573,"[437, 716, 704, 562, 497]","[0.306651771068573, 0.16046370565891266, 0.14705568552017212, 0.04848415404558182, 0.04179583489894867]"
blur-nosal,ooc,553,115,955,0,0.2882513701915741,"[955, 112, 852, 954, 991]","[0.2882513701915741, 0.1056215912103653, 0.05292895436286926, 0.03072284907102585, 0.02501577138900757]"
blur-nosal,ooc,554,775,237,0,0.12929095327854156,"[237, 225, 236, 638, 775]","[0.12929095327854156, 0.07441433519124985, 0.06252185255289078, 0.057646140456199646, 0.054097890853881836]"
blur-nosal,ooc,555,115,977,0,0.10074811428785324,"[977, 390, 49, 979, 671]","[0.10074811428785324, 0.05413895845413208, 0.04504634812474251, 0.03882480412721634, 0.03684058412909508]"
blur-nosal,ooc,556,484,484,1,0.31634366512298584,"[484, 780, 914, 871, 733]","[0.31634366512298584, 0.2687346041202545, 0.22013381123542786, 0.17375463247299194, 0.004495639819651842]"
blur-nosal,ooc,557,4,977,0,0.24900943040847778,"[977, 795, 6, 403, 913]","[0.24900943040847778, 0.08055170625448227, 0.06409549713134766, 0.05993292108178139, 0.05322401225566864]"
blur-nosal,ooc,558,983,983,1,0.854885995388031,"[983, 895, 404, 701, 908]","[0.854885995388031, 0.10226625949144363, 0.019255325198173523, 0.012360401451587677, 0.004387065768241882]"
blur-nosal,ooc,559,842,738,0,0.2319076955318451,"[738, 580, 189, 831, 48]","[0.2319076955318451, 0.17585812509059906, 0.11988640576601028, 0.11625363677740097, 0.09181303530931473]"
blur-nosal,ooc,560,115,639,0,0.3643907308578491,"[639, 614, 411, 697, 692]","[0.3643907308578491, 0.1253076046705246, 0.04580443724989891, 0.041432030498981476, 0.039559464901685715]"
blur-nosal,ooc,561,391,391,1,0.528218686580658,"[391, 479, 581, 704, 471]","[0.528218686580658, 0.15107358992099762, 0.05518282204866409, 0.039561428129673004, 0.027112804353237152]"
blur-nosal,ooc,562,123,879,0,0.3037770688533783,"[879, 360, 870, 699, 835]","[0.3037770688533783, 0.09308977425098419, 0.03934402018785477, 0.031481221318244934, 0.022386696189641953]"
blur-nosal,ooc,563,253,253,1,0.7051788568496704,"[253, 173, 158, 161, 151]","[0.7051788568496704, 0.06447648257017136, 0.036459729075431824, 0.032167039811611176, 0.02984313666820526]"
blur-nosal,ooc,564,484,484,1,0.419913649559021,"[484, 871, 744, 780, 657]","[0.419913649559021, 0.23999863862991333, 0.10690324008464813, 0.07283663004636765, 0.043376509100198746]"
blur-nosal,ooc,565,437,832,0,0.2879352867603302,"[832, 611, 917, 489, 900]","[0.2879352867603302, 0.2531842589378357, 0.16343094408512115, 0.03440149873495102, 0.02167121320962906]"
blur-nosal,ooc,566,148,792,0,0.26220211386680603,"[792, 462, 583, 489, 428]","[0.26220211386680603, 0.14632542431354523, 0.04803047329187393, 0.03413859009742737, 0.02823234722018242]"
blur-nosal,ooc,567,147,677,0,0.4892447590827942,"[677, 132, 425, 587, 134]","[0.4892447590827942, 0.07717910408973694, 0.059364404529333115, 0.046325862407684326, 0.04552252218127251]"
blur-nosal,ooc,568,148,510,0,0.8593926429748535,"[510, 833, 404, 744, 628]","[0.8593926429748535, 0.013826687820255756, 0.012419921346008778, 0.011378838680684566, 0.008610070683062077]"
blur-nosal,ooc,569,608,472,0,0.12022228538990021,"[472, 241, 346, 693, 787]","[0.12022228538990021, 0.0686970204114914, 0.047727104276418686, 0.04521834850311279, 0.042209818959236145]"
blur-nosal,ooc,570,62,975,0,0.3827507793903351,"[975, 913, 805, 693, 460]","[0.3827507793903351, 0.11687809973955154, 0.039127420634031296, 0.03623426333069801, 0.030438339337706566]"
blur-nosal,ooc,571,972,970,0,0.21676312386989594,"[970, 141, 116, 979, 272]","[0.21676312386989594, 0.08567585796117783, 0.05622222647070885, 0.05335994064807892, 0.04901496320962906]"
blur-nosal,ooc,572,139,562,0,0.3574397563934326,"[562, 466, 449, 703, 436]","[0.3574397563934326, 0.046471983194351196, 0.0421423502266407, 0.033084455877542496, 0.024064209312200546]"
blur-nosal,ooc,573,354,354,1,0.1870470494031906,"[354, 603, 831, 703, 674]","[0.1870470494031906, 0.10015354305505753, 0.0809384435415268, 0.044409796595573425, 0.03668083995580673]"
blur-nosal,ooc,574,140,500,0,0.09643223881721497,"[500, 458, 663, 649, 708]","[0.09643223881721497, 0.06289541721343994, 0.05933147296309471, 0.05688954517245293, 0.04894008859992027]"
blur-nosal,ooc,575,437,999,0,0.17426253855228424,"[999, 203, 831, 516, 564]","[0.17426253855228424, 0.14051976799964905, 0.11232783645391464, 0.07398857921361923, 0.04250253364443779]"
blur-nosal,ooc,576,529,628,0,0.14069101214408875,"[628, 627, 408, 646, 436]","[0.14069101214408875, 0.1119590774178505, 0.08306614309549332, 0.04509548097848892, 0.03333190456032753]"
blur-nosal,ooc,577,66,984,0,0.2868548333644867,"[984, 958, 425, 646, 525]","[0.2868548333644867, 0.2731526494026184, 0.08799704164266586, 0.029054952785372734, 0.02859666757285595]"
blur-nosal,ooc,578,511,717,0,0.3738707900047302,"[717, 817, 656, 436, 511]","[0.3738707900047302, 0.2091568559408188, 0.1327277570962906, 0.12783527374267578, 0.09524485468864441]"
blur-nosal,ooc,579,376,242,0,0.5909267663955688,"[242, 159, 171, 178, 339]","[0.5909267663955688, 0.05027429759502411, 0.03346812725067139, 0.03331044316291809, 0.030358759686350822]"
blur-nosal,ooc,580,404,42,0,0.12904062867164612,"[42, 91, 375, 616, 44]","[0.12904062867164612, 0.06897686421871185, 0.05249930918216705, 0.049334816634655, 0.0423181988298893]"
blur-nosal,ooc,581,207,339,0,0.07423190772533417,"[339, 178, 207, 344, 159]","[0.07423190772533417, 0.07186374813318253, 0.04937710240483284, 0.0472029410302639, 0.04699032008647919]"
blur-nosal,ooc,582,33,322,0,0.9695062041282654,"[322, 46, 989, 40, 298]","[0.9695062041282654, 0.006444017868489027, 0.0037048913072794676, 0.0028474738355726004, 0.0015919076977297664]"
blur-nosal,ooc,583,34,662,0,0.18867890536785126,"[662, 425, 623, 784, 563]","[0.18867890536785126, 0.13609498739242554, 0.09624604880809784, 0.05579151585698128, 0.04813167825341225]"
blur-nosal,ooc,584,112,202,0,0.20911099016666412,"[202, 112, 219, 185, 189]","[0.20911099016666412, 0.14054548740386963, 0.11025924235582352, 0.08885979652404785, 0.06601062417030334]"
blur-nosal,ooc,585,792,81,0,0.19838668406009674,"[81, 350, 58, 500, 349]","[0.19838668406009674, 0.12748666107654572, 0.07892248034477234, 0.04368404671549797, 0.030354812741279602]"
blur-nosal,ooc,586,172,218,0,0.08984783291816711,"[218, 345, 162, 215, 168]","[0.08984783291816711, 0.06350304931402206, 0.06118384376168251, 0.06092659384012222, 0.05688295140862465]"
blur-nosal,ooc,587,222,698,0,0.3112247586250305,"[698, 562, 576, 694, 873]","[0.3112247586250305, 0.3096766173839569, 0.07856135070323944, 0.03158038482069969, 0.022841427475214005]"
blur-nosal,ooc,588,140,443,0,0.1814603954553604,"[443, 836, 405, 679, 308]","[0.1814603954553604, 0.10094784200191498, 0.07227280735969543, 0.05230197310447693, 0.05122837796807289]"
blur-nosal,ooc,589,218,670,0,0.22389858961105347,"[670, 704, 656, 536, 471]","[0.22389858961105347, 0.09921105206012726, 0.09181465953588486, 0.05441545322537422, 0.04949425905942917]"
blur-nosal,ooc,590,459,743,0,0.3632076680660248,"[743, 646, 698, 588, 519]","[0.3632076680660248, 0.10211266577243805, 0.09167420119047165, 0.08618674427270889, 0.05732116475701332]"
blur-nosal,ooc,591,112,101,0,0.1287754625082016,"[101, 385, 386, 99, 352]","[0.1287754625082016, 0.06097395718097687, 0.06070537865161896, 0.050880782306194305, 0.043151166290044785]"
blur-nosal,ooc,592,609,509,0,0.43557417392730713,"[509, 738, 309, 775, 865]","[0.43557417392730713, 0.07812178879976273, 0.03994608670473099, 0.035077307373285294, 0.02891046740114689]"
blur-nosal,ooc,593,247,805,0,0.0879456102848053,"[805, 850, 680, 428, 929]","[0.0879456102848053, 0.08542747050523758, 0.059510380029678345, 0.043256424367427826, 0.04120481386780739]"
blur-nosal,ooc,594,354,184,0,0.14625878632068634,"[184, 955, 286, 255, 372]","[0.14625878632068634, 0.10212698578834534, 0.04513544216752052, 0.04223822057247162, 0.04139937460422516]"
blur-nosal,ooc,595,842,890,0,0.2297678142786026,"[890, 620, 681, 819, 559]","[0.2297678142786026, 0.0881328284740448, 0.08750328421592712, 0.06478068977594376, 0.03902506083250046]"
blur-nosal,ooc,596,232,20,0,0.7050201296806335,"[20, 9, 13, 80, 360]","[0.7050201296806335, 0.04615151882171631, 0.03153028339147568, 0.030585654079914093, 0.027217715978622437]"
blur-nosal,ooc,597,437,999,0,0.16954711079597473,"[999, 700, 484, 553, 708]","[0.16954711079597473, 0.06953642517328262, 0.06181272119283676, 0.054094988852739334, 0.04985526576638222]"
blur-nosal,ooc,598,386,178,0,0.2051299661397934,"[178, 163, 182, 191, 385]","[0.2051299661397934, 0.057817865163087845, 0.053536973893642426, 0.042120713740587234, 0.040692638605833054]"
blur-nosal,ooc,599,145,677,0,0.1659836620092392,"[677, 610, 94, 869, 844]","[0.1659836620092392, 0.1208326444029808, 0.07502326369285583, 0.03495186194777489, 0.026805387809872627]"
blur-nosal,ooc,600,193,191,0,0.149944007396698,"[191, 175, 227, 98, 206]","[0.149944007396698, 0.14224696159362793, 0.13524356484413147, 0.06818428635597229, 0.061490025371313095]"
blur-nosal,ooc,601,79,76,0,0.08053489774465561,"[76, 677, 79, 40, 424]","[0.08053489774465561, 0.0675303116440773, 0.06383661925792694, 0.06367919594049454, 0.05266684293746948]"
blur-nosal,ooc,602,139,835,0,0.08783639967441559,"[835, 561, 882, 703, 420]","[0.08783639967441559, 0.04886072129011154, 0.040945183485746384, 0.03859792277216911, 0.029047168791294098]"
blur-nosal,ooc,603,814,81,0,0.22895416617393494,"[81, 728, 6, 13, 574]","[0.22895416617393494, 0.1703435182571411, 0.03454393893480301, 0.034323759377002716, 0.02270735427737236]"
blur-nosal,ooc,604,765,765,1,0.423549622297287,"[765, 311, 730, 865, 634]","[0.423549622297287, 0.08778683841228485, 0.03445708751678467, 0.03259618207812309, 0.025776579976081848]"
blur-nosal,ooc,605,677,562,0,0.14757691323757172,"[562, 663, 955, 888, 160]","[0.14757691323757172, 0.10048507153987885, 0.099345363676548, 0.0902617797255516, 0.08084187656641006]"
blur-nosal,ooc,606,792,975,0,0.12079890072345734,"[975, 839, 608, 462, 144]","[0.12079890072345734, 0.07099971920251846, 0.06453245878219604, 0.043203532695770264, 0.0398649126291275]"
blur-nosal,ooc,607,652,649,0,0.46697258949279785,"[649, 483, 51, 197, 413]","[0.46697258949279785, 0.12898218631744385, 0.05188094079494476, 0.0383659303188324, 0.026710733771324158]"
blur-nosal,ooc,608,707,825,0,0.18559841811656952,"[825, 163, 354, 159, 467]","[0.18559841811656952, 0.13283590972423553, 0.12280731648206711, 0.1047690361738205, 0.027837013825774193]"
blur-nosal,ooc,609,863,863,1,0.9998718500137329,"[863, 652, 866, 770, 490]","[0.9998718500137329, 3.9215632568812e-05, 1.9191586034139618e-05, 1.0817765542014968e-05, 7.1864683377498295e-06]"
blur-nosal,ooc,610,670,805,0,0.07056082785129547,"[805, 558, 672, 432, 641]","[0.07056082785129547, 0.06558846682310104, 0.053542010486125946, 0.03583769500255585, 0.03122885525226593]"
blur-nosal,ooc,611,439,977,0,0.23847825825214386,"[977, 137, 99, 978, 832]","[0.23847825825214386, 0.05342278257012367, 0.04605121165513992, 0.0459597073495388, 0.0272685457020998]"
blur-nosal,ooc,612,355,821,0,0.12218673527240753,"[821, 755, 580, 410, 47]","[0.12218673527240753, 0.08717415481805801, 0.053345948457717896, 0.04378952085971832, 0.03560536354780197]"
blur-nosal,ooc,613,319,944,0,0.6873126029968262,"[944, 946, 319, 376, 10]","[0.6873126029968262, 0.027530469000339508, 0.026001492515206337, 0.02361428737640381, 0.022383371368050575]"
blur-nosal,ooc,614,778,491,0,0.34501972794532776,"[491, 428, 44, 596, 458]","[0.34501972794532776, 0.08389730006456375, 0.04522347450256348, 0.0447571724653244, 0.023526661098003387]"
blur-nosal,ooc,615,958,55,0,0.31756407022476196,"[55, 336, 42, 327, 58]","[0.31756407022476196, 0.07581643760204315, 0.053516365587711334, 0.042644791305065155, 0.03721233829855919]"
blur-nosal,ooc,616,879,646,0,0.21009229123592377,"[646, 421, 879, 642, 706]","[0.21009229123592377, 0.05718566104769707, 0.049488600343465805, 0.04907899349927902, 0.04850216209888458]"
blur-nosal,ooc,617,70,15,0,0.2343275099992752,"[15, 70, 312, 313, 35]","[0.2343275099992752, 0.12175431847572327, 0.08637412637472153, 0.04700031504034996, 0.04291802644729614]"
blur-nosal,ooc,618,471,326,0,0.06876551359891891,"[326, 951, 7, 304, 85]","[0.06876551359891891, 0.060146037489175797, 0.058223970234394073, 0.03430599719285965, 0.034047681838274]"
blur-nosal,ooc,619,583,483,0,0.5975363254547119,"[483, 583, 497, 835, 663]","[0.5975363254547119, 0.2109469771385193, 0.06023546680808067, 0.019817382097244263, 0.015056065283715725]"
blur-nosal,ooc,620,792,835,0,0.10451791435480118,"[835, 522, 792, 852, 202]","[0.10451791435480118, 0.08388813585042953, 0.05273665487766266, 0.03172546252608299, 0.03160471469163895]"
blur-nosal,ooc,621,583,872,0,0.19087767601013184,"[872, 792, 835, 733, 9]","[0.19087767601013184, 0.10117261111736298, 0.07451559603214264, 0.07087540626525879, 0.06802689284086227]"
blur-nosal,ooc,622,7,534,0,0.17941907048225403,"[534, 597, 493, 760, 492]","[0.17941907048225403, 0.06105479970574379, 0.04889377951622009, 0.04437611997127533, 0.041006892919540405]"
blur-nosal,ooc,623,86,545,0,0.38761159777641296,"[545, 981, 858, 40, 302]","[0.38761159777641296, 0.1295081377029419, 0.03528101369738579, 0.030516022816300392, 0.029173823073506355]"
blur-nosal,ooc,624,919,701,0,0.33665329217910767,"[701, 437, 425, 442, 919]","[0.33665329217910767, 0.094378262758255, 0.057768967002630234, 0.05719883367419243, 0.05618893727660179]"
blur-nosal,ooc,625,539,713,0,0.6917518973350525,"[713, 738, 807, 742, 637]","[0.6917518973350525, 0.0759229063987732, 0.03108189068734646, 0.030596477910876274, 0.021131662651896477]"
blur-nosal,ooc,626,287,282,0,0.33937808871269226,"[282, 285, 272, 281, 186]","[0.33937808871269226, 0.08846370130777359, 0.06927496194839478, 0.05969182401895523, 0.05322240665555]"
blur-nosal,ooc,627,471,471,1,0.19583265483379364,"[471, 736, 657, 895, 744]","[0.19583265483379364, 0.15645694732666016, 0.1386275738477707, 0.11655880510807037, 0.08999333530664444]"
blur-nosal,ooc,628,513,764,0,0.24956825375556946,"[764, 421, 413, 912, 763]","[0.24956825375556946, 0.12682457268238068, 0.08527829498052597, 0.07060662657022476, 0.06007080152630806]"
blur-nosal,ooc,629,679,281,0,0.14227421581745148,"[281, 210, 856, 254, 219]","[0.14227421581745148, 0.10351952165365219, 0.07971503585577011, 0.07046160846948624, 0.04295048862695694]"
blur-nosal,ooc,630,426,426,1,0.7846940755844116,"[426, 538, 635, 137, 551]","[0.7846940755844116, 0.03553183749318123, 0.02185475453734398, 0.01969962567090988, 0.01421202253550291]"
blur-nosal,ooc,631,583,583,1,0.31363189220428467,"[583, 733, 863, 655, 775]","[0.31363189220428467, 0.2549303472042084, 0.04364722594618797, 0.031303081661462784, 0.02805452235043049]"
blur-nosal,ooc,632,637,637,1,0.3495723009109497,"[637, 610, 840, 411, 911]","[0.3495723009109497, 0.2984153628349304, 0.047073908150196075, 0.0362946018576622, 0.03452020883560181]"
blur-nosal,ooc,633,571,458,0,0.44782811403274536,"[458, 637, 571, 695, 410]","[0.44782811403274536, 0.20498549938201904, 0.1683482974767685, 0.032617539167404175, 0.028091005980968475]"
blur-nosal,ooc,634,737,779,0,0.30163753032684326,"[779, 517, 625, 737, 867]","[0.30163753032684326, 0.14871174097061157, 0.07030556350946426, 0.0643046498298645, 0.06077335402369499]"
blur-nosal,ooc,635,463,463,1,0.21508285403251648,"[463, 469, 566, 837, 827]","[0.21508285403251648, 0.10375603288412094, 0.06812648475170135, 0.044902652502059937, 0.04347078502178192]"
blur-nosal,ooc,636,520,727,0,0.20023494958877563,"[727, 716, 460, 425, 525]","[0.20023494958877563, 0.17344383895397186, 0.13074471056461334, 0.11208931356668472, 0.0802556574344635]"
blur-nosal,ooc,637,458,458,1,0.4708683490753174,"[458, 922, 443, 921, 838]","[0.4708683490753174, 0.23267962038516998, 0.08473782986402512, 0.04080001264810562, 0.030834084376692772]"
blur-nosal,ooc,638,427,581,0,0.15388189256191254,"[581, 506, 464, 59, 409]","[0.15388189256191254, 0.046642862260341644, 0.033255767077207565, 0.03166274353861809, 0.031251318752765656]"
blur-nosal,ooc,639,651,939,0,0.33630135655403137,"[939, 738, 943, 703, 953]","[0.33630135655403137, 0.13966001570224762, 0.11515718698501587, 0.10258793085813522, 0.05029117688536644]"
blur-nosal,ooc,640,846,425,0,0.7629445195198059,"[425, 807, 853, 755, 417]","[0.7629445195198059, 0.1101999580860138, 0.03064192831516266, 0.015355580486357212, 0.009687368758022785]"
blur-nosal,ooc,641,896,896,1,0.6378379464149475,"[896, 840, 428, 427, 559]","[0.6378379464149475, 0.05942704528570175, 0.04751262068748474, 0.017758166417479515, 0.013219056650996208]"
blur-nosal,ooc,642,45,736,0,0.3720097839832306,"[736, 512, 420, 882, 184]","[0.3720097839832306, 0.11917313188314438, 0.0464286208152771, 0.03721916303038597, 0.020267372950911522]"
blur-nosal,ooc,643,444,24,0,0.17761020362377167,"[24, 586, 566, 82, 444]","[0.17761020362377167, 0.07254613190889359, 0.06269555538892746, 0.06079187989234924, 0.05564809590578079]"
blur-nosal,ooc,644,224,224,1,0.46351268887519836,"[224, 256, 205, 214, 199]","[0.46351268887519836, 0.12954454123973846, 0.10175314545631409, 0.08966410905122757, 0.03228610008955002]"
blur-nosal,ooc,645,738,466,0,0.5390216708183289,"[466, 547, 705, 829, 718]","[0.5390216708183289, 0.23224547505378723, 0.1971413940191269, 0.011955901980400085, 0.011055313050746918]"
blur-nosal,ooc,646,495,583,0,0.3221895396709442,"[583, 799, 495, 900, 489]","[0.3221895396709442, 0.13094297051429749, 0.07436113804578781, 0.0573563314974308, 0.055988945066928864]"
blur-nosal,ooc,647,354,169,0,0.1169043630361557,"[169, 269, 249, 170, 250]","[0.1169043630361557, 0.0991787388920784, 0.07388629019260406, 0.06030767783522606, 0.05777199566364288]"
blur-nosal,ooc,648,315,378,0,0.11176208406686783,"[378, 382, 491, 428, 448]","[0.11176208406686783, 0.05861174687743187, 0.054794926196336746, 0.054331112653017044, 0.04633043706417084]"
blur-nosal,ooc,649,728,403,0,0.5396888256072998,"[403, 460, 536, 975, 628]","[0.5396888256072998, 0.13304683566093445, 0.09765184670686722, 0.05681111663579941, 0.04379476606845856]"
blur-nosal,ooc,650,715,687,0,0.2014056295156479,"[687, 881, 718, 565, 698]","[0.2014056295156479, 0.15088972449302673, 0.07810137420892715, 0.07582373172044754, 0.044471800327301025]"
blur-nosal,ooc,651,284,284,1,0.9837198257446289,"[284, 158, 268, 227, 0]","[0.9837198257446289, 0.0030918505508452654, 0.001558493822813034, 0.0012453498784452677, 0.0010496883187443018]"
blur-nosal,ooc,652,295,879,0,0.09208917617797852,"[879, 137, 294, 727, 150]","[0.09208917617797852, 0.06639934331178665, 0.05540930852293968, 0.0481453500688076, 0.04812847822904587]"
blur-nosal,ooc,653,471,204,0,0.0893334299325943,"[204, 552, 543, 872, 457]","[0.0893334299325943, 0.04614851251244545, 0.04484228789806366, 0.034382741898298264, 0.02502300776541233]"
blur-nosal,ooc,654,665,665,1,0.4800422787666321,"[665, 671, 545, 661, 464]","[0.4800422787666321, 0.0781482383608818, 0.052010808140039444, 0.05136585608124733, 0.042456381022930145]"
blur-nosal,ooc,655,217,217,1,0.41551536321640015,"[217, 152, 195, 155, 196]","[0.41551536321640015, 0.15022988617420197, 0.08724148571491241, 0.08504930138587952, 0.07831089943647385]"
blur-nosal,ooc,656,775,7,0,0.07177634537220001,"[7, 191, 8, 90, 997]","[0.07177634537220001, 0.06140591949224472, 0.05473913624882698, 0.04542892426252365, 0.04085564613342285]"
blur-nosal,ooc,657,143,104,0,0.3192347288131714,"[104, 343, 131, 537, 372]","[0.3192347288131714, 0.05595116317272186, 0.042795658111572266, 0.03927086293697357, 0.03171168640255928]"
blur-nosal,ooc,658,806,788,0,0.13581964373588562,"[788, 524, 839, 889, 656]","[0.13581964373588562, 0.04989873245358467, 0.0426257960498333, 0.03553130477666855, 0.032342057675123215]"
blur-nosal,ooc,659,171,171,1,0.4012186825275421,"[171, 172, 273, 676, 264]","[0.4012186825275421, 0.21254901587963104, 0.061243776232004166, 0.05081651732325554, 0.04326385632157326]"
blur-nosal,ooc,660,637,637,1,0.4056924283504486,"[637, 437, 900, 571, 557]","[0.4056924283504486, 0.1366891711950302, 0.06939440965652466, 0.03483983129262924, 0.030615340918302536]"
blur-nosal,ooc,661,875,640,0,0.13980157673358917,"[640, 421, 698, 764, 880]","[0.13980157673358917, 0.12684954702854156, 0.12586960196495056, 0.03934383764863014, 0.0302595105022192]"
blur-nosal,ooc,662,614,614,1,0.44174566864967346,"[614, 649, 972, 825, 410]","[0.44174566864967346, 0.13751716911792755, 0.07003176212310791, 0.03662160038948059, 0.035757876932621]"
blur-nosal,ooc,663,185,182,0,0.4334728717803955,"[182, 184, 262, 185, 255]","[0.4334728717803955, 0.06375598907470703, 0.06197454035282135, 0.04613113030791283, 0.03201034292578697]"
blur-nosal,ooc,664,583,583,1,0.272757887840271,"[583, 733, 621, 912, 839]","[0.272757887840271, 0.22701400518417358, 0.04977993294596672, 0.042174577713012695, 0.04158979281783104]"
blur-nosal,ooc,665,674,472,0,0.24342328310012817,"[472, 706, 573, 730, 871]","[0.24342328310012817, 0.19860734045505524, 0.058033544570207596, 0.04116395488381386, 0.033298347145318985]"
blur-nosal,ooc,666,198,382,0,0.31265661120414734,"[382, 373, 198, 280, 380]","[0.31265661120414734, 0.1157815083861351, 0.07157617062330246, 0.061572134494781494, 0.03924231603741646]"
blur-nosal,ooc,667,571,792,0,0.10069102793931961,"[792, 458, 871, 523, 462]","[0.10069102793931961, 0.10002555698156357, 0.07934814691543579, 0.07726995646953583, 0.06441196799278259]"
blur-nosal,ooc,668,870,866,0,0.1977338194847107,"[866, 53, 661, 665, 577]","[0.1977338194847107, 0.15817572176456451, 0.09749181568622589, 0.08673623949289322, 0.04974401742219925]"
blur-nosal,ooc,669,614,692,0,0.1404179334640503,"[692, 614, 216, 411, 502]","[0.1404179334640503, 0.09866039454936981, 0.081983283162117, 0.04659520462155342, 0.036787427961826324]"
blur-nosal,ooc,670,822,294,0,0.18374179303646088,"[294, 449, 525, 871, 979]","[0.18374179303646088, 0.18269306421279907, 0.15311700105667114, 0.03586077690124512, 0.03571981191635132]"
blur-nosal,ooc,671,216,377,0,0.27412083745002747,"[377, 373, 348, 382, 368]","[0.27412083745002747, 0.1448986977338791, 0.04602554813027382, 0.04367080703377724, 0.02993532083928585]"
blur-nosal,ooc,672,209,184,0,0.2992413640022278,"[184, 202, 189, 186, 175]","[0.2992413640022278, 0.27512985467910767, 0.0591094009578228, 0.04700515791773796, 0.038418132811784744]"
blur-nosal,ooc,673,775,401,0,0.2906883955001831,"[401, 741, 775, 913, 536]","[0.2906883955001831, 0.0697241723537445, 0.0685105100274086, 0.0653100535273552, 0.03351197764277458]"
blur-nosal,ooc,674,559,795,0,0.261995404958725,"[795, 913, 537, 792, 780]","[0.261995404958725, 0.1405750811100006, 0.06923740357160568, 0.0317717045545578, 0.0230217594653368]"
blur-nosal,ooc,675,830,738,0,0.1808440387248993,"[738, 491, 406, 703, 776]","[0.1808440387248993, 0.06657984107732773, 0.04343946650624275, 0.032055508345365524, 0.031070847064256668]"
blur-nosal,ooc,676,532,425,0,0.22690227627754211,"[425, 730, 272, 46, 211]","[0.22690227627754211, 0.13285765051841736, 0.05127086862921715, 0.04510926455259323, 0.03548143804073334]"
blur-nosal,ooc,677,233,364,0,0.31130561232566833,"[364, 22, 183, 649, 221]","[0.31130561232566833, 0.09124567359685898, 0.08002762496471405, 0.06552834063768387, 0.0585162453353405]"
blur-nosal,ooc,678,765,765,1,0.0880323052406311,"[765, 912, 491, 690, 471]","[0.0880323052406311, 0.07704471051692963, 0.05980093032121658, 0.05297957733273506, 0.04165138676762581]"
blur-nosal,ooc,679,428,471,0,0.18651705980300903,"[471, 603, 661, 410, 867]","[0.18651705980300903, 0.18228207528591156, 0.09792634844779968, 0.05188587307929993, 0.04425489902496338]"
blur-nosal,ooc,680,765,625,0,0.16822734475135803,"[625, 701, 913, 908, 842]","[0.16822734475135803, 0.16061797738075256, 0.10326379537582397, 0.09831094741821289, 0.09300830960273743]"
blur-nosal,ooc,681,420,138,0,0.13698172569274902,"[138, 249, 286, 250, 349]","[0.13698172569274902, 0.12578243017196655, 0.06282231211662292, 0.03556077554821968, 0.033254336565732956]"
blur-nosal,ooc,682,571,732,0,0.5531163215637207,"[732, 707, 745, 632, 662]","[0.5531163215637207, 0.08301884680986404, 0.055566392838954926, 0.040375202894210815, 0.021253930404782295]"
blur-nosal,ooc,683,177,87,0,0.09743950515985489,"[87, 112, 499, 608, 777]","[0.09743950515985489, 0.05785120278596878, 0.04468053951859474, 0.029990017414093018, 0.028019947931170464]"
blur-nosal,ooc,684,846,146,0,0.2243715226650238,"[146, 758, 733, 780, 744]","[0.2243715226650238, 0.06306710839271545, 0.05948645621538162, 0.046837370842695236, 0.03476392477750778]"
blur-nosal,ooc,685,236,236,1,0.19248844683170319,"[236, 486, 234, 51, 432]","[0.19248844683170319, 0.06345567107200623, 0.049292951822280884, 0.029433533549308777, 0.025430219247937202]"
blur-nosal,ooc,686,201,706,0,0.3812558352947235,"[706, 744, 914, 519, 876]","[0.3812558352947235, 0.0640336126089096, 0.06248976290225983, 0.04892361909151077, 0.04455035179853439]"
blur-nosal,ooc,687,953,958,0,0.24893362820148468,"[958, 51, 775, 489, 937]","[0.24893362820148468, 0.04881931096315384, 0.046425361186265945, 0.03850260749459267, 0.035821422934532166]"
blur-nosal,ooc,688,637,637,1,0.36560627818107605,"[637, 480, 553, 844, 799]","[0.36560627818107605, 0.2268882542848587, 0.08856528252363205, 0.055766139179468155, 0.025184452533721924]"
blur-nosal,ooc,689,420,15,0,0.0946468710899353,"[15, 319, 309, 94, 13]","[0.0946468710899353, 0.07075492292642593, 0.06561576575040817, 0.06382379680871964, 0.05017361417412758]"
blur-nosal,ooc,690,602,602,1,0.6578424572944641,"[602, 917, 954, 702, 313]","[0.6578424572944641, 0.10577472299337387, 0.02636001445353031, 0.025074701756238937, 0.022876763716340065]"
blur-nosal,ooc,691,806,970,0,0.1723213940858841,"[970, 463, 812, 980, 112]","[0.1723213940858841, 0.06858741492033005, 0.06826211512088776, 0.06415005773305893, 0.03393115848302841]"
blur-nosal,ooc,692,608,703,0,0.16203568875789642,"[703, 870, 808, 559, 690]","[0.16203568875789642, 0.08180935680866241, 0.06726566702127457, 0.05524944141507149, 0.05241388827562332]"
blur-nosal,ooc,693,775,85,0,0.04904034733772278,"[85, 815, 336, 671, 82]","[0.04904034733772278, 0.044465404003858566, 0.044222451746463776, 0.04310803487896919, 0.04298250377178192]"
blur-nosal,ooc,694,614,812,0,0.15698851644992828,"[812, 444, 144, 701, 251]","[0.15698851644992828, 0.14168967306613922, 0.052270274609327316, 0.051514651626348495, 0.041581716388463974]"
blur-nosal,ooc,695,728,412,0,0.2502152919769287,"[412, 704, 637, 471, 756]","[0.2502152919769287, 0.13804976642131805, 0.09049778431653976, 0.06871680170297623, 0.055207133293151855]"
blur-nosal,ooc,696,836,337,0,0.5746737122535706,"[337, 858, 588, 462, 13]","[0.5746737122535706, 0.09055732190608978, 0.041879694908857346, 0.03323015570640564, 0.02297419309616089]"
blur-nosal,ooc,697,361,399,0,0.06795690208673477,"[399, 208, 195, 217, 678]","[0.06795690208673477, 0.043045978993177414, 0.03861672058701515, 0.03533976897597313, 0.03189479187130928]"
blur-nosal,ooc,698,842,582,0,0.22696655988693237,"[582, 454, 624, 498, 645]","[0.22696655988693237, 0.19753320515155792, 0.15197990834712982, 0.06878059357404709, 0.06725461035966873]"
blur-nosal,ooc,699,444,58,0,0.4737304151058197,"[58, 327, 30, 134, 835]","[0.4737304151058197, 0.0411086305975914, 0.04079253226518631, 0.025909598916769028, 0.018238460645079613]"
blur-nosal,ooc,700,364,286,0,0.4807676076889038,"[286, 368, 269, 270, 291]","[0.4807676076889038, 0.11612218618392944, 0.035551298409700394, 0.034898702055215836, 0.03258701413869858]"
blur-nosal,ooc,701,707,410,0,0.1870964765548706,"[410, 355, 471, 660, 425]","[0.1870964765548706, 0.08207939565181732, 0.07811132073402405, 0.07796188443899155, 0.05317643657326698]"
blur-nosal,ooc,702,151,300,0,0.21941342949867249,"[300, 988, 943, 381, 955]","[0.21941342949867249, 0.08870753645896912, 0.08220983296632767, 0.07723171263933182, 0.07513390481472015]"
blur-nosal,ooc,703,765,791,0,0.7398581504821777,"[791, 716, 765, 489, 425]","[0.7398581504821777, 0.05029519274830818, 0.03486265614628792, 0.022618940100073814, 0.010207530111074448]"
blur-nosal,ooc,704,571,675,0,0.21104100346565247,"[675, 637, 497, 448, 682]","[0.21104100346565247, 0.12386491894721985, 0.10860154777765274, 0.04151318222284317, 0.03867720067501068]"
blur-nosal,ooc,705,197,80,0,0.33260688185691833,"[80, 177, 366, 18, 224]","[0.33260688185691833, 0.1456880271434784, 0.07400493323802948, 0.05108914524316788, 0.045645538717508316]"
blur-nosal,ooc,706,681,668,0,0.36777767539024353,"[668, 682, 437, 975, 698]","[0.36777767539024353, 0.09122281521558762, 0.08302376419305801, 0.039266783744096756, 0.03455953299999237]"
blur-nosal,ooc,707,382,11,0,0.14497016370296478,"[11, 15, 21, 46, 23]","[0.14497016370296478, 0.09545205533504486, 0.07245077192783356, 0.06159111112356186, 0.05453569069504738]"
blur-nosal,ooc,708,765,427,0,0.34404370188713074,"[427, 716, 682, 556, 406]","[0.34404370188713074, 0.14603421092033386, 0.1287986785173416, 0.04027650132775307, 0.037062790244817734]"
blur-nosal,ooc,709,559,726,0,0.2192354053258896,"[726, 700, 448, 695, 785]","[0.2192354053258896, 0.05200666934251785, 0.04742705076932907, 0.04004020616412163, 0.027428636327385902]"
blur-nosal,ooc,710,708,857,0,0.7735090851783752,"[857, 406, 708, 741, 827]","[0.7735090851783752, 0.15175649523735046, 0.01670273020863533, 0.010928916744887829, 0.006638421211391687]"
blur-nosal,ooc,711,202,270,0,0.19721689820289612,"[270, 296, 190, 202, 216]","[0.19721689820289612, 0.12394559383392334, 0.10297995805740356, 0.09536813199520111, 0.06826373189687729]"
blur-nosal,ooc,712,469,326,0,0.12631838023662567,"[326, 611, 863, 410, 955]","[0.12631838023662567, 0.09077596664428711, 0.09009342640638351, 0.07954736799001694, 0.07393002510070801]"
blur-nosal,ooc,713,875,506,0,0.30567672848701477,"[506, 843, 892, 875, 733]","[0.30567672848701477, 0.13798534870147705, 0.08566806465387344, 0.049335554242134094, 0.0466863214969635]"
blur-nosal,ooc,714,284,349,0,0.2263481169939041,"[349, 345, 354, 339, 344]","[0.2263481169939041, 0.20759087800979614, 0.09602516889572144, 0.06975115090608597, 0.06851891428232193]"
blur-nosal,ooc,715,199,7,0,0.11073831468820572,"[7, 756, 199, 733, 546]","[0.11073831468820572, 0.04098537564277649, 0.03795890137553215, 0.032122500240802765, 0.03176862746477127]"
blur-nosal,ooc,716,529,615,0,0.36847203969955444,"[615, 806, 608, 474, 223]","[0.36847203969955444, 0.07333243638277054, 0.06825205683708191, 0.044478122144937515, 0.03182824328541756]"
blur-nosal,ooc,717,157,263,0,0.848390519618988,"[263, 151, 264, 162, 259]","[0.848390519618988, 0.04520442336797714, 0.02755136415362358, 0.008053131401538849, 0.006159323733299971]"
blur-nosal,ooc,718,850,336,0,0.17956864833831787,"[336, 372, 278, 17, 343]","[0.17956864833831787, 0.07546985894441605, 0.06054431572556496, 0.057713963091373444, 0.054781485348939896]"
blur-nosal,ooc,719,529,89,0,0.29188379645347595,"[89, 132, 522, 134, 181]","[0.29188379645347595, 0.02898033708333969, 0.028388211503624916, 0.027993839234113693, 0.0180609580129385]"
blur-nosal,ooc,720,186,182,0,0.2238263487815857,"[182, 168, 242, 235, 264]","[0.2238263487815857, 0.1027960330247879, 0.07604704797267914, 0.0684782862663269, 0.06611185520887375]"
blur-nosal,ooc,721,361,361,1,0.996124804019928,"[361, 9, 239, 22, 240]","[0.996124804019928, 0.001791854272596538, 0.0002341820945730433, 0.0002321399369975552, 0.00021812855266034603]"
blur-nosal,ooc,722,684,474,0,0.354145884513855,"[474, 850, 87, 251, 258]","[0.354145884513855, 0.11308122426271439, 0.10631440579891205, 0.056870900094509125, 0.025411533191800117]"
blur-nosal,ooc,723,846,831,0,0.7774430513381958,"[831, 738, 428, 64, 672]","[0.7774430513381958, 0.04575391113758087, 0.014283744618296623, 0.013829153031110764, 0.0054319496266543865]"
blur-nosal,ooc,724,156,1,0,0.16847409307956696,"[1, 168, 161, 39, 159]","[0.16847409307956696, 0.11656145006418228, 0.06104891002178192, 0.053695838898420334, 0.03171467408537865]"
blur-nosal,ooc,725,175,202,0,0.6107929944992065,"[202, 130, 344, 294, 134]","[0.6107929944992065, 0.10323964804410934, 0.06870431452989578, 0.012818132527172565, 0.012384261935949326]"
blur-nosal,ooc,726,258,296,0,0.1588166356086731,"[296, 260, 279, 258, 207]","[0.1588166356086731, 0.1395857334136963, 0.138931006193161, 0.08819907158613205, 0.07182182371616364]"
blur-nosal,ooc,727,254,254,1,0.48269084095954895,"[254, 243, 174, 225, 246]","[0.48269084095954895, 0.09681171178817749, 0.06596579402685165, 0.04868532344698906, 0.03662414476275444]"
blur-nosal,ooc,728,529,48,0,0.3078189492225647,"[48, 672, 212, 703, 839]","[0.3078189492225647, 0.07603330910205841, 0.07545679807662964, 0.06652729958295822, 0.04119585454463959]"
blur-nosal,ooc,729,267,850,0,0.5616406202316284,"[850, 267, 266, 87, 181]","[0.5616406202316284, 0.1171351820230484, 0.059042565524578094, 0.047297924757003784, 0.024663284420967102]"
blur-nosal,ooc,730,257,270,0,0.24066771566867828,"[270, 169, 257, 912, 981]","[0.24066771566867828, 0.09294755756855011, 0.06243526190519333, 0.042307376861572266, 0.035378746688365936]"
blur-nosal,ooc,731,529,274,0,0.19396743178367615,"[274, 138, 295, 48, 9]","[0.19396743178367615, 0.06506513804197311, 0.05290777608752251, 0.05140836164355278, 0.04257823899388313]"
blur-nosal,ooc,732,765,765,1,0.5381335616111755,"[765, 694, 703, 594, 448]","[0.5381335616111755, 0.09426796436309814, 0.06144139543175697, 0.027347734197974205, 0.01586802303791046]"
blur-nosal,ooc,733,532,537,0,0.14472442865371704,"[537, 914, 450, 795, 478]","[0.14472442865371704, 0.14018601179122925, 0.08236733824014664, 0.07480488717556, 0.038648538291454315]"
blur-nosal,ooc,734,227,972,0,0.1496480107307434,"[972, 460, 976, 235, 978]","[0.1496480107307434, 0.1331014782190323, 0.05863531306385994, 0.05147944390773773, 0.0497572161257267]"
blur-nosal,ooc,735,520,765,0,0.2974731922149658,"[765, 559, 520, 421, 799]","[0.2974731922149658, 0.07890859246253967, 0.07445436716079712, 0.06070660054683685, 0.049712710082530975]"
blur-nosal,ooc,736,999,747,0,0.15566617250442505,"[747, 846, 760, 620, 516]","[0.15566617250442505, 0.10725218802690506, 0.08965392410755157, 0.06816662102937698, 0.04881409555673599]"
blur-nosal,ooc,737,174,343,0,0.13174721598625183,"[343, 39, 372, 358, 349]","[0.13174721598625183, 0.07896353304386139, 0.07399122416973114, 0.04670991748571396, 0.044084928929805756]"
blur-nosal,ooc,738,841,721,0,0.10826465487480164,"[721, 610, 411, 883, 617]","[0.10826465487480164, 0.05154941976070404, 0.045560501515865326, 0.042158037424087524, 0.04196617752313614]"
blur-nosal,ooc,739,846,447,0,0.12713803350925446,"[447, 437, 792, 425, 733]","[0.12713803350925446, 0.08283324539661407, 0.06843908131122589, 0.05264875665307045, 0.04301867261528969]"
blur-nosal,ooc,740,999,708,0,0.2137165516614914,"[708, 706, 416, 583, 412]","[0.2137165516614914, 0.17768894135951996, 0.03941161930561066, 0.027767645195126534, 0.019318724051117897]"
blur-nosal,ooc,741,258,258,1,0.24149936437606812,"[258, 153, 257, 265, 222]","[0.24149936437606812, 0.17926320433616638, 0.16458840668201447, 0.10322757810354233, 0.03447703644633293]"
blur-nosal,ooc,742,851,831,0,0.32734382152557373,"[831, 532, 765, 564, 478]","[0.32734382152557373, 0.13706904649734497, 0.07020337134599686, 0.05270072817802429, 0.04176902398467064]"
blur-nosal,ooc,743,423,695,0,0.48577243089675903,"[695, 19, 428, 370, 575]","[0.48577243089675903, 0.1143498346209526, 0.048082347959280014, 0.03299820423126221, 0.02895929478108883]"
blur-nosal,ooc,744,233,197,0,0.300762414932251,"[197, 198, 206, 221, 183]","[0.300762414932251, 0.13728223741054535, 0.11117666214704514, 0.031045127660036087, 0.02233850210905075]"
blur-nosal,ooc,745,253,534,0,0.06791482865810394,"[534, 61, 253, 172, 420]","[0.06791482865810394, 0.04936980456113815, 0.03929291293025017, 0.03851094841957092, 0.03681626543402672]"
blur-nosal,ooc,746,655,829,0,0.2291499525308609,"[829, 874, 406, 663, 497]","[0.2291499525308609, 0.1303808093070984, 0.10663264244794846, 0.04833848774433136, 0.046969104558229446]"
blur-nosal,ooc,747,422,738,0,0.1332014948129654,"[738, 653, 505, 550, 756]","[0.1332014948129654, 0.08715371042490005, 0.05062619224190712, 0.05002645403146744, 0.04892415925860405]"
blur-nosal,ooc,748,765,779,0,0.3152734041213989,"[779, 595, 866, 621, 791]","[0.3152734041213989, 0.3065825402736664, 0.08962619304656982, 0.0425080768764019, 0.025366107001900673]"
blur-nosal,ooc,749,545,37,0,0.2583436369895935,"[37, 835, 39, 427, 53]","[0.2583436369895935, 0.13059285283088684, 0.03608618676662445, 0.0339663065969944, 0.03155307471752167]"
blur-nosal,ooc,750,841,657,0,0.1981685757637024,"[657, 421, 744, 879, 92]","[0.1981685757637024, 0.06356603652238846, 0.04971707612276077, 0.04665040969848633, 0.04302551597356796]"
blur-nosal,ooc,751,655,448,0,0.28039729595184326,"[448, 449, 660, 634, 663]","[0.28039729595184326, 0.1464017629623413, 0.13385026156902313, 0.052768561989068985, 0.052514784038066864]"
blur-nosal,ooc,752,846,900,0,0.647184431552887,"[900, 580, 888, 820, 839]","[0.647184431552887, 0.08828596770763397, 0.029480861499905586, 0.02777339145541191, 0.027411261573433876]"
blur-nosal,ooc,753,999,842,0,0.4417256712913513,"[842, 970, 460, 977, 445]","[0.4417256712913513, 0.0886559784412384, 0.0853884294629097, 0.05831710249185562, 0.04913804680109024]"
blur-nosal,ooc,754,841,984,0,0.11641468852758408,"[984, 425, 672, 842, 879]","[0.11641468852758408, 0.1080482229590416, 0.061073627322912216, 0.041163843125104904, 0.037617240101099014]"
blur-nosal,ooc,755,655,863,0,0.07599916309118271,"[863, 815, 580, 682, 334]","[0.07599916309118271, 0.07442561537027359, 0.07403096556663513, 0.049429766833782196, 0.04594186693429947]"
blur-nosal,ooc,756,579,579,1,0.34567999839782715,"[579, 881, 765, 532, 831]","[0.34567999839782715, 0.24708309769630432, 0.1761740893125534, 0.04580531641840935, 0.014713854528963566]"
blur-nosal,ooc,757,198,261,0,0.6248022317886353,"[261, 198, 174, 158, 248]","[0.6248022317886353, 0.0942496508359909, 0.061995502561330795, 0.023700835183262825, 0.023485485464334488]"
blur-nosal,ooc,758,614,775,0,0.1564735621213913,"[775, 899, 514, 653, 552]","[0.1564735621213913, 0.09833865612745285, 0.08192277699708939, 0.07781453430652618, 0.06089761480689049]"
blur-nosal,ooc,759,689,775,0,0.24125716090202332,"[775, 756, 578, 614, 887]","[0.24125716090202332, 0.1040201261639595, 0.09327612072229385, 0.06836825609207153, 0.05376100167632103]"
blur-nosal,ooc,760,863,497,0,0.17050465941429138,"[497, 788, 454, 565, 509]","[0.17050465941429138, 0.08805911988019943, 0.057411983609199524, 0.053873211145401, 0.04566151276230812]"
blur-nosal,ooc,761,851,791,0,0.2489204704761505,"[791, 609, 483, 553, 484]","[0.2489204704761505, 0.24636538326740265, 0.14619414508342743, 0.04018023982644081, 0.03304462134838104]"
blur-nosal,ooc,762,444,889,0,0.25652745366096497,"[889, 674, 313, 915, 835]","[0.25652745366096497, 0.09388472884893417, 0.09061239659786224, 0.04773016646504402, 0.04239366576075554]"
blur-nosal,ooc,763,230,920,0,0.13203294575214386,"[920, 9, 471, 381, 562]","[0.13203294575214386, 0.10023427754640579, 0.06361788511276245, 0.053524699062108994, 0.04028698056936264]"
blur-nosal,ooc,764,254,728,0,0.25754106044769287,"[728, 791, 519, 273, 879]","[0.25754106044769287, 0.055894359946250916, 0.04101373627781868, 0.04066184163093567, 0.032035015523433685]"
blur-nosal,ooc,765,199,379,0,0.25471821427345276,"[379, 224, 214, 234, 244]","[0.25471821427345276, 0.21931692957878113, 0.16295404732227325, 0.0707864761352539, 0.0437353141605854]"
blur-nosal,ooc,766,493,571,0,0.18300023674964905,"[571, 707, 458, 703, 519]","[0.18300023674964905, 0.14888004958629608, 0.14637674391269684, 0.08232583850622177, 0.045684486627578735]"
blur-nosal,ooc,767,882,133,0,0.12723982334136963,"[133, 994, 114, 27, 998]","[0.12723982334136963, 0.07863055914640427, 0.07222875207662582, 0.04548228159546852, 0.0408761203289032]"
blur-nosal,ooc,768,739,522,0,0.17777247726917267,"[522, 445, 474, 608, 929]","[0.17777247726917267, 0.05357855185866356, 0.051354214549064636, 0.042746808379888535, 0.040677256882190704]"
blur-nosal,ooc,769,846,832,0,0.24469761550426483,"[832, 13, 17, 703, 562]","[0.24469761550426483, 0.1121782660484314, 0.08469025045633316, 0.06353747099637985, 0.03662504255771637]"
blur-nosal,ooc,770,614,639,0,0.29654860496520996,"[639, 638, 460, 842, 98]","[0.29654860496520996, 0.20434093475341797, 0.053266290575265884, 0.04314865916967392, 0.04301004111766815]"
blur-nosal,ooc,771,579,428,0,0.3653936982154846,"[428, 738, 955, 943, 8]","[0.3653936982154846, 0.10590127855539322, 0.04215947911143303, 0.03000289760529995, 0.022698447108268738]"
blur-nosal,ooc,772,882,671,0,0.16503100097179413,"[671, 706, 880, 772, 490]","[0.16503100097179413, 0.13119016587734222, 0.08377933502197266, 0.06526359170675278, 0.048897095024585724]"
blur-nosal,ooc,773,778,476,0,0.36334699392318726,"[476, 840, 788, 545, 778]","[0.36334699392318726, 0.15674495697021484, 0.08104708790779114, 0.07012367993593216, 0.06380590796470642]"
blur-nosal,ooc,774,882,753,0,0.12138604372739792,"[753, 462, 792, 506, 391]","[0.12138604372739792, 0.10839753597974777, 0.06995140016078949, 0.06278703361749649, 0.06047280877828598]"
blur-nosal,ooc,775,550,576,0,0.9438095092773438,"[576, 829, 803, 510, 554]","[0.9438095092773438, 0.019121503457427025, 0.007698748726397753, 0.007414569146931171, 0.004049132112413645]"
blur-nosal,ooc,776,284,120,0,0.06556366384029388,"[120, 137, 350, 132, 20]","[0.06556366384029388, 0.0634351298213005, 0.04710835963487625, 0.040881190448999405, 0.03424719721078873]"
blur-nosal,ooc,777,851,833,0,0.5112726092338562,"[833, 734, 627, 754, 407]","[0.5112726092338562, 0.11043177545070648, 0.042231712490320206, 0.03870609402656555, 0.035971060395240784]"
blur-nosal,ooc,778,651,449,0,0.1488383561372757,"[449, 727, 408, 624, 579]","[0.1488383561372757, 0.06438402086496353, 0.0574808344244957, 0.04469927027821541, 0.04199420288205147]"
blur-nosal,ooc,779,681,526,0,0.46028098464012146,"[526, 726, 492, 553, 519]","[0.46028098464012146, 0.1516703963279724, 0.10849105566740036, 0.045591115951538086, 0.02460748888552189]"
blur-nosal,ooc,780,420,560,0,0.11407939344644547,"[560, 805, 958, 755, 879]","[0.11407939344644547, 0.09893295168876648, 0.08918029814958572, 0.029310937970876694, 0.02378903329372406]"
blur-nosal,ooc,781,532,791,0,0.2536941170692444,"[791, 471, 977, 978, 706]","[0.2536941170692444, 0.13596360385417938, 0.08161555230617523, 0.07422461360692978, 0.042161356657743454]"
blur-nosal,ooc,782,423,505,0,0.17073987424373627,"[505, 663, 693, 497, 423]","[0.17073987424373627, 0.09474844485521317, 0.07436720281839371, 0.05411655828356743, 0.03664570301771164]"
blur-nosal,ooc,783,201,822,0,0.30089226365089417,"[822, 893, 443, 748, 591]","[0.30089226365089417, 0.07817047089338303, 0.06685598939657211, 0.06481412798166275, 0.06124679371714592]"
blur-nosal,ooc,784,690,825,0,0.22887670993804932,"[825, 340, 352, 275, 349]","[0.22887670993804932, 0.19636192917823792, 0.08921801298856735, 0.06515134125947952, 0.052032023668289185]"
blur-nosal,ooc,785,807,807,1,0.33505550026893616,"[807, 489, 313, 70, 326]","[0.33505550026893616, 0.13060389459133148, 0.07156147807836533, 0.06824088841676712, 0.061172835528850555]"
blur-nosal,ooc,786,836,972,0,0.18374395370483398,"[972, 976, 649, 99, 672]","[0.18374395370483398, 0.1143861934542656, 0.08463622629642487, 0.0728636384010315, 0.043701570481061935]"
blur-nosal,ooc,787,779,779,1,0.9570188522338867,"[779, 408, 705, 398, 547]","[0.9570188522338867, 0.0109641058370471, 0.006058177445083857, 0.0024215485900640488, 0.001953606028109789]"
blur-nosal,ooc,788,872,559,0,0.5862119197845459,"[559, 523, 489, 872, 843]","[0.5862119197845459, 0.05407525599002838, 0.0461578369140625, 0.04237689450383186, 0.024995455518364906]"
blur-nosal,ooc,789,516,672,0,0.5303940773010254,"[672, 835, 559, 765, 666]","[0.5303940773010254, 0.16403444111347198, 0.08351621776819229, 0.03009277582168579, 0.018539072945713997]"
blur-nosal,ooc,790,807,692,0,0.14618414640426636,"[692, 549, 437, 846, 419]","[0.14618414640426636, 0.10333771258592606, 0.049307681620121, 0.04756620526313782, 0.04544351249933243]"
blur-nosal,ooc,791,880,460,0,0.21890276670455933,"[460, 146, 970, 349, 143]","[0.21890276670455933, 0.12860740721225739, 0.08834052085876465, 0.06845691055059433, 0.06817499548196793]"
blur-nosal,ooc,792,678,682,0,0.18456009030342102,"[682, 716, 369, 839, 375]","[0.18456009030342102, 0.11495202779769897, 0.0741085559129715, 0.04822362959384918, 0.04570566490292549]"
blur-nosal,ooc,793,603,576,0,0.6145104169845581,"[576, 661, 444, 603, 471]","[0.6145104169845581, 0.0601530559360981, 0.03819803521037102, 0.029859283939003944, 0.02931983768939972]"
blur-nosal,ooc,794,665,812,0,0.31301218271255493,"[812, 437, 429, 259, 625]","[0.31301218271255493, 0.05278283730149269, 0.04937904700636864, 0.030697772279381752, 0.025887886062264442]"
blur-nosal,ooc,795,541,978,0,0.5319810509681702,"[978, 625, 976, 977, 913]","[0.5319810509681702, 0.10403358191251755, 0.07507699728012085, 0.053761087357997894, 0.03565182909369469]"
blur-nosal,ooc,796,704,430,0,0.3220233619213104,"[430, 704, 597, 620, 492]","[0.3220233619213104, 0.21284018456935883, 0.07924063503742218, 0.04683135822415352, 0.038976628333330154]"
blur-nosal,ooc,797,770,39,0,0.6727445721626282,"[39, 354, 51, 514, 630]","[0.6727445721626282, 0.06028835475444794, 0.053482815623283386, 0.020211007446050644, 0.010699184611439705]"
blur-nosal,ooc,798,428,209,0,0.2589280307292938,"[209, 10, 13, 86, 525]","[0.2589280307292938, 0.08241806924343109, 0.046338532119989395, 0.019524743780493736, 0.019371572881937027]"
blur-nosal,ooc,799,637,303,0,0.12143917381763458,"[303, 949, 37, 989, 973]","[0.12143917381763458, 0.10335671901702881, 0.09951934963464737, 0.06402972340583801, 0.05086423084139824]"
blur-nosal,ooc,800,879,882,0,0.5986648201942444,"[882, 412, 546, 491, 496]","[0.5986648201942444, 0.09386205673217773, 0.04505801945924759, 0.04070233553647995, 0.017583191394805908]"
blur-nosal,ooc,801,869,391,0,0.10553281009197235,"[391, 880, 870, 421, 523]","[0.10553281009197235, 0.081993468105793, 0.05154674872756004, 0.04987694323062897, 0.0420992448925972]"
blur-nosal,ooc,802,690,888,0,0.4338299036026001,"[888, 821, 958, 49, 718]","[0.4338299036026001, 0.15494520962238312, 0.06606009602546692, 0.029553057625889778, 0.023687155917286873]"
blur-nosal,ooc,803,822,127,0,0.09739108383655548,"[127, 822, 308, 863, 538]","[0.09739108383655548, 0.028149686753749847, 0.02806529961526394, 0.027710039168596268, 0.026904020458459854]"
blur-nosal,ooc,804,880,649,0,0.17031796276569366,"[649, 944, 514, 88, 652]","[0.17031796276569366, 0.07187671214342117, 0.06949158012866974, 0.05938926339149475, 0.048760443925857544]"
blur-nosal,ooc,805,612,502,0,0.23469196259975433,"[502, 774, 748, 306, 882]","[0.23469196259975433, 0.15886929631233215, 0.09920363128185272, 0.051482319831848145, 0.04623382166028023]"
blur-nosal,ooc,806,879,386,0,0.3148370683193207,"[386, 51, 101, 163, 955]","[0.3148370683193207, 0.15676182508468628, 0.09787877649068832, 0.03618760034441948, 0.023417027667164803]"
blur-nosal,ooc,807,603,428,0,0.1270289570093155,"[428, 452, 603, 690, 559]","[0.1270289570093155, 0.0979456678032875, 0.06785905361175537, 0.04914911091327667, 0.046516161412000656]"
blur-nosal,ooc,808,707,646,0,0.4165448248386383,"[646, 363, 293, 171, 250]","[0.4165448248386383, 0.04244419187307358, 0.030743658542633057, 0.02710176818072796, 0.024488644674420357]"
blur-nosal,ooc,809,751,730,0,0.48690423369407654,"[730, 595, 866, 856, 565]","[0.48690423369407654, 0.22806207835674286, 0.03480283543467522, 0.027870507910847664, 0.01615848019719124]"
blur-nosal,ooc,810,407,436,0,0.2974281907081604,"[436, 717, 609, 656, 407]","[0.2974281907081604, 0.16471096873283386, 0.08328443765640259, 0.0805249810218811, 0.06130605190992355]"
blur-nosal,ooc,811,791,696,0,0.05788133293390274,"[696, 844, 683, 694, 38]","[0.05788133293390274, 0.04939515143632889, 0.04400403052568436, 0.043113015592098236, 0.0366382859647274]"
blur-nosal,ooc,812,645,707,0,0.4399379789829254,"[707, 583, 571, 480, 743]","[0.4399379789829254, 0.17406398057937622, 0.057583827525377274, 0.04035225138068199, 0.027542339637875557]"
blur-nosal,ooc,813,879,754,0,0.11287983506917953,"[754, 673, 811, 620, 789]","[0.11287983506917953, 0.10142800211906433, 0.0720420554280281, 0.0519852451980114, 0.05095652490854263]"
blur-nosal,ooc,814,612,612,1,0.34489333629608154,"[612, 863, 569, 614, 491]","[0.34489333629608154, 0.33856165409088135, 0.03362678363919258, 0.03195086494088173, 0.016833791509270668]"
blur-nosal,ooc,815,468,621,0,0.2014581561088562,"[621, 672, 805, 864, 603]","[0.2014581561088562, 0.13633044064044952, 0.06587858498096466, 0.06456760317087173, 0.05987323075532913]"
blur-nosal,ooc,816,603,311,0,0.6300750970840454,"[311, 77, 776, 312, 309]","[0.6300750970840454, 0.07925105094909668, 0.047378599643707275, 0.04032782092690468, 0.03222385048866272]"
blur-nosal,ooc,817,670,665,0,0.3780917525291443,"[665, 880, 870, 671, 603]","[0.3780917525291443, 0.17734327912330627, 0.08265385776758194, 0.0724966824054718, 0.05725106596946716]"
blur-nosal,ooc,818,468,730,0,0.1090124100446701,"[730, 428, 665, 879, 670]","[0.1090124100446701, 0.083674356341362, 0.06750304251909256, 0.0524529367685318, 0.04811002314090729]"
blur-nosal,ooc,819,830,409,0,0.07228797674179077,"[409, 826, 818, 896, 610]","[0.07228797674179077, 0.05434864014387131, 0.05304668843746185, 0.05287975072860718, 0.04995908588171005]"
blur-nosal,ooc,820,670,457,0,0.19897818565368652,"[457, 450, 719, 746, 923]","[0.19897818565368652, 0.11546523869037628, 0.06580661237239838, 0.048399630934000015, 0.03393435478210449]"
blur-nosal,ooc,821,807,484,0,0.2161617875099182,"[484, 756, 914, 609, 704]","[0.2161617875099182, 0.16982582211494446, 0.11074450612068176, 0.08066567778587341, 0.04801527410745621]"
blur-nosal,ooc,822,602,682,0,0.4067590832710266,"[682, 437, 557, 972, 900]","[0.4067590832710266, 0.18995650112628937, 0.1080322414636612, 0.06782940030097961, 0.04466051980853081]"
blur-nosal,ooc,823,439,799,0,0.9024540185928345,"[799, 707, 421, 580, 564]","[0.9024540185928345, 0.011687681078910828, 0.008056377060711384, 0.004953743889927864, 0.0044753472320735455]"
blur-nosal,ooc,824,198,204,0,0.1921524703502655,"[204, 198, 187, 200, 155]","[0.1921524703502655, 0.13528411090373993, 0.12594085931777954, 0.09938513487577438, 0.06759185343980789]"
blur-nosal,ooc,825,559,497,0,0.13928253948688507,"[497, 972, 832, 672, 970]","[0.13928253948688507, 0.10344432294368744, 0.0790727362036705, 0.06912077218294144, 0.061208825558423996]"
blur-nosal,ooc,826,919,462,0,0.1945946365594864,"[462, 840, 736, 624, 752]","[0.1945946365594864, 0.10760698467493057, 0.0778239369392395, 0.04116232320666313, 0.03497651219367981]"
blur-nosal,ooc,827,665,522,0,0.6025552749633789,"[522, 621, 805, 286, 981]","[0.6025552749633789, 0.13321800529956818, 0.039026763290166855, 0.024938875809311867, 0.014750874601304531]"
blur-nosal,ooc,828,919,404,0,0.15551622211933136,"[404, 628, 768, 407, 549]","[0.15551622211933136, 0.13059698045253754, 0.11890797317028046, 0.050423234701156616, 0.04345030337572098]"
blur-nosal,ooc,829,557,421,0,0.26662394404411316,"[421, 718, 799, 704, 427]","[0.26662394404411316, 0.07182391732931137, 0.06512779742479324, 0.04037264361977577, 0.034805987030267715]"
blur-nosal,ooc,830,864,663,0,0.16517357528209686,"[663, 500, 825, 289, 483]","[0.16517357528209686, 0.13629178702831268, 0.06282922625541687, 0.051230788230895996, 0.04274923726916313]"
blur-nosal,ooc,831,880,853,0,0.5414161682128906,"[853, 177, 970, 649, 672]","[0.5414161682128906, 0.11488837748765945, 0.05381039157509804, 0.023779161274433136, 0.020826255902647972]"
blur-nosal,ooc,832,870,843,0,0.15799935162067413,"[843, 829, 835, 870, 874]","[0.15799935162067413, 0.06295332312583923, 0.05577908083796501, 0.03179511800408363, 0.028210800141096115]"
blur-nosal,ooc,833,439,89,0,0.17429375648498535,"[89, 263, 443, 434, 346]","[0.17429375648498535, 0.08896639198064804, 0.0634014904499054, 0.053321223706007004, 0.04209032654762268]"
blur-nosal,ooc,834,728,344,0,0.09947368502616882,"[344, 472, 343, 209, 385]","[0.09947368502616882, 0.0981835126876831, 0.07126019895076752, 0.0546070821583271, 0.05128007382154465]"
blur-nosal,ooc,835,920,752,0,0.15741561353206635,"[752, 890, 702, 784, 732]","[0.15741561353206635, 0.13372577726840973, 0.08026175200939178, 0.0532241016626358, 0.025541173294186592]"
blur-nosal,ooc,836,608,614,0,0.11196042597293854,"[614, 411, 652, 410, 655]","[0.11196042597293854, 0.10126537084579468, 0.05744018405675888, 0.05630164220929146, 0.05281075835227966]"
blur-nosal,ooc,837,919,453,0,0.48493099212646484,"[453, 651, 707, 495, 851]","[0.48493099212646484, 0.08411717414855957, 0.03289859741926193, 0.029906388372182846, 0.023893393576145172]"
blur-nosal,ooc,838,612,612,1,0.9049477577209473,"[612, 625, 693, 597, 655]","[0.9049477577209473, 0.010067741386592388, 0.008494819514453411, 0.006718987133353949, 0.0048790667206048965]"
blur-nosal,ooc,839,919,787,0,0.1819886714220047,"[787, 251, 246, 695, 170]","[0.1819886714220047, 0.06862393021583557, 0.05792585760354996, 0.03193457052111626, 0.0280905794352293]"
blur-nosal,ooc,840,571,846,0,0.13616026937961578,"[846, 662, 419, 485, 848]","[0.13616026937961578, 0.059195633977651596, 0.05788765475153923, 0.05498209968209267, 0.05287904664874077]"
blur-nosal,ooc,841,575,547,0,0.8262503743171692,"[547, 705, 820, 634, 565]","[0.8262503743171692, 0.06518745422363281, 0.044988714158535004, 0.02345575951039791, 0.00796224270015955]"
blur-nosal,ooc,842,870,303,0,0.42380061745643616,"[303, 319, 72, 74, 304]","[0.42380061745643616, 0.06581349670886993, 0.06346992403268814, 0.0505252406001091, 0.04546177014708519]"
blur-nosal,ooc,843,919,405,0,0.3739578127861023,"[405, 701, 919, 900, 437]","[0.3739578127861023, 0.23696553707122803, 0.08975021541118622, 0.056441958993673325, 0.05421306937932968]"
blur-nosal,ooc,844,879,915,0,0.34477952122688293,"[915, 431, 442, 982, 257]","[0.34477952122688293, 0.2033066600561142, 0.03043479658663273, 0.027907999232411385, 0.01611407846212387]"
blur-nosal,ooc,845,690,264,0,0.4405759871006012,"[264, 820, 20, 22, 410]","[0.4405759871006012, 0.09606985002756119, 0.08757166564464569, 0.05882076546549797, 0.03587000072002411]"
blur-nosal,ooc,846,879,825,0,0.09650686383247375,"[825, 953, 45, 66, 985]","[0.09650686383247375, 0.05712560936808586, 0.05697761848568916, 0.05030432343482971, 0.04502737894654274]"
blur-nosal,ooc,847,412,458,0,0.30168208479881287,"[458, 637, 609, 412, 820]","[0.30168208479881287, 0.17837902903556824, 0.08127100765705109, 0.04310174658894539, 0.04002895951271057]"
blur-nosal,ooc,848,412,549,0,0.49036160111427307,"[549, 769, 530, 446, 539]","[0.49036160111427307, 0.05748250335454941, 0.037979379296302795, 0.034761086106300354, 0.02421201393008232]"
blur-nosal,ooc,849,751,511,0,0.15272103250026703,"[511, 817, 428, 717, 150]","[0.15272103250026703, 0.12486404180526733, 0.09177704900503159, 0.055041734129190445, 0.05048780143260956]"
blur-nosal,ooc,850,489,835,0,0.6033807992935181,"[835, 63, 357, 67, 363]","[0.6033807992935181, 0.01685839705169201, 0.015147857367992401, 0.014194251038134098, 0.014058341272175312]"
blur-nosal,ooc,851,223,562,0,0.09246977418661118,"[562, 462, 831, 879, 450]","[0.09246977418661118, 0.06260494887828827, 0.05884604528546333, 0.05410408601164818, 0.046051274985075]"
blur-nosal,ooc,852,603,22,0,0.2521245777606964,"[22, 93, 364, 90, 603]","[0.2521245777606964, 0.12131774425506592, 0.05391354486346245, 0.0452316477894783, 0.0395553857088089]"
blur-nosal,ooc,853,862,815,0,0.6162220239639282,"[815, 291, 272, 233, 393]","[0.6162220239639282, 0.09700058400630951, 0.03401976451277733, 0.014637386426329613, 0.01250234805047512]"
blur-nosal,ooc,854,612,141,0,0.2779954671859741,"[141, 142, 140, 536, 915]","[0.2779954671859741, 0.19697816669940948, 0.06055738404393196, 0.041646167635917664, 0.03783101961016655]"
blur-nosal,ooc,855,154,994,0,0.4230315387248993,"[994, 294, 39, 48, 337]","[0.4230315387248993, 0.03460949286818504, 0.03386642783880234, 0.028746753931045532, 0.024359412491321564]"
blur-nosal,ooc,856,560,261,0,0.16748486459255219,"[261, 384, 383, 259, 349]","[0.16748486459255219, 0.10616958141326904, 0.09092561155557632, 0.06617787480354309, 0.06578923016786575]"
blur-nosal,ooc,857,852,540,0,0.17859189212322235,"[540, 812, 975, 58, 977]","[0.17859189212322235, 0.07090229541063309, 0.05502517893910408, 0.04803307726979256, 0.04093117639422417]"
blur-nosal,ooc,858,522,594,0,0.9027495384216309,"[594, 501, 887, 399, 578]","[0.9027495384216309, 0.023651055991649628, 0.009355026297271252, 0.0067091952078044415, 0.005878276191651821]"
blur-nosal,ooc,859,430,915,0,0.11154451221227646,"[915, 884, 634, 799, 706]","[0.11154451221227646, 0.09362341463565826, 0.07898609340190887, 0.05225882679224014, 0.039655428379774094]"
blur-nosal,ooc,860,752,6,0,0.6338603496551514,"[6, 5, 150, 913, 983]","[0.6338603496551514, 0.07847575843334198, 0.06225290894508362, 0.059796880930662155, 0.04098327457904816]"
blur-nosal,ooc,861,852,536,0,0.8513196706771851,"[536, 829, 628, 779, 627]","[0.8513196706771851, 0.019554367288947105, 0.014367656782269478, 0.013231638818979263, 0.011168635450303555]"
blur-nosal,ooc,862,746,828,0,0.4781290590763092,"[828, 646, 877, 40, 904]","[0.4781290590763092, 0.0702524408698082, 0.058529239147901535, 0.03711625188589096, 0.030398525297641754]"
blur-nosal,ooc,863,702,320,0,0.29655930399894714,"[320, 319, 919, 541, 879]","[0.29655930399894714, 0.14734119176864624, 0.07676314562559128, 0.07113467156887054, 0.06550364941358566]"
blur-nosal,ooc,864,560,815,0,0.8893721699714661,"[815, 72, 6, 898, 74]","[0.8893721699714661, 0.027987297624349594, 0.016105584800243378, 0.008658533915877342, 0.005635703913867474]"
blur-nosal,ooc,865,746,979,0,0.19631460309028625,"[979, 2, 970, 975, 460]","[0.19631460309028625, 0.1771453619003296, 0.17239758372306824, 0.053365498781204224, 0.030025852844119072]"
blur-nosal,ooc,866,430,701,0,0.15776385366916656,"[701, 14, 693, 429, 752]","[0.15776385366916656, 0.14632561802864075, 0.08813668042421341, 0.04685209318995476, 0.04642847180366516]"
blur-nosal,ooc,867,450,938,0,0.08837462961673737,"[938, 963, 986, 956, 937]","[0.08837462961673737, 0.0779411792755127, 0.07051217555999756, 0.0568142831325531, 0.05543617904186249]"
blur-nosal,ooc,868,890,130,0,0.2405153512954712,"[130, 129, 113, 310, 315]","[0.2405153512954712, 0.049254462122917175, 0.047844916582107544, 0.03569433093070984, 0.03150743618607521]"
blur-nosal,ooc,869,746,417,0,0.09544999152421951,"[417, 1, 908, 470, 492]","[0.09544999152421951, 0.0717030018568039, 0.06172740459442139, 0.0429573692381382, 0.024624798446893692]"
blur-nosal,ooc,870,560,701,0,0.7166836261749268,"[701, 805, 144, 417, 900]","[0.7166836261749268, 0.15749111771583557, 0.03612549975514412, 0.02974168211221695, 0.01818769797682762]"
blur-nosal,ooc,871,752,519,0,0.44211143255233765,"[519, 134, 730, 702, 456]","[0.44211143255233765, 0.06919381767511368, 0.06100710108876228, 0.05557064339518547, 0.032947853207588196]"
blur-nosal,ooc,872,702,132,0,0.10785207152366638,"[132, 913, 694, 835, 795]","[0.10785207152366638, 0.0926433652639389, 0.07715849578380585, 0.04530613124370575, 0.037639420479536057]"
blur-nosal,ooc,873,160,816,0,0.19898082315921783,"[816, 758, 168, 160, 182]","[0.19898082315921783, 0.06367000937461853, 0.05796559154987335, 0.03854883462190628, 0.03783230111002922]"
blur-nosal,ooc,874,430,78,0,0.061440687626600266,"[78, 356, 911, 357, 313]","[0.061440687626600266, 0.03930602967739105, 0.030736519023776054, 0.02751273289322853, 0.025093581527471542]"
blur-nosal,ooc,875,430,998,0,0.22350682318210602,"[998, 111, 318, 593, 395]","[0.22350682318210602, 0.18562476336956024, 0.05582653358578682, 0.049981486052274704, 0.0345848947763443]"
blur-nosal,ooc,876,499,835,0,0.10842452943325043,"[835, 839, 525, 81, 7]","[0.10842452943325043, 0.09459391236305237, 0.07308831810951233, 0.05942125990986824, 0.05670313164591789]"
blur-nosal,ooc,877,418,315,0,0.14105994999408722,"[315, 311, 730, 42, 40]","[0.14105994999408722, 0.09221870452165604, 0.08890467137098312, 0.07838637381792068, 0.05685542896389961]"
blur-nosal,ooc,878,849,849,1,0.2952117919921875,"[849, 659, 725, 868, 899]","[0.2952117919921875, 0.11193899810314178, 0.10206732153892517, 0.10006596148014069, 0.05864778533577919]"
blur-nosal,ooc,879,899,576,0,0.5386795401573181,"[576, 448, 84, 833, 611]","[0.5386795401573181, 0.05453290417790413, 0.052937231957912445, 0.0448232926428318, 0.0360262468457222]"
blur-nosal,ooc,880,963,963,1,0.9799664616584778,"[963, 965, 868, 962, 66]","[0.9799664616584778, 0.0036572390235960484, 0.00267798057757318, 0.0018785680877044797, 0.0012352550402283669]"
blur-nosal,ooc,881,956,924,0,0.3969637155532837,"[924, 935, 944, 937, 938]","[0.3969637155532837, 0.07644224911928177, 0.06941559165716171, 0.05935550481081009, 0.04944608360528946]"
blur-nosal,ooc,882,961,896,0,0.23225338757038116,"[896, 519, 876, 792, 861]","[0.23225338757038116, 0.18119283020496368, 0.1012682393193245, 0.05645238235592842, 0.048215966671705246]"
blur-nosal,ooc,883,786,888,0,0.8154006004333496,"[888, 649, 483, 915, 22]","[0.8154006004333496, 0.09691550582647324, 0.011627459898591042, 0.008933202363550663, 0.0054692053236067295]"
blur-nosal,ooc,884,440,440,1,0.922296941280365,"[440, 838, 737, 585, 502]","[0.922296941280365, 0.018472088500857353, 0.016932006925344467, 0.01646307483315468, 0.007808241527527571]"
blur-nosal,ooc,885,846,727,0,0.25061389803886414,"[727, 144, 914, 693, 780]","[0.25061389803886414, 0.1325213462114334, 0.13028986752033234, 0.10460501164197922, 0.05643991380929947]"
blur-nosal,ooc,886,969,608,0,0.4965952932834625,"[608, 411, 496, 791, 610]","[0.4965952932834625, 0.2776523530483246, 0.06393048167228699, 0.013004215434193611, 0.008678874000906944]"
blur-nosal,ooc,887,945,975,0,0.16035395860671997,"[975, 770, 814, 939, 670]","[0.16035395860671997, 0.09164793789386749, 0.06570083647966385, 0.06443418562412262, 0.0462665781378746]"
blur-nosal,ooc,888,752,857,0,0.18862715363502502,"[857, 889, 812, 822, 476]","[0.18862715363502502, 0.10591907799243927, 0.07253759354352951, 0.06716017425060272, 0.04569847136735916]"
blur-nosal,ooc,889,651,651,1,0.08799804002046585,"[651, 527, 660, 688, 832]","[0.08799804002046585, 0.07909690588712692, 0.07675450295209885, 0.03584999591112137, 0.034476008266210556]"
blur-nosal,ooc,890,945,945,1,0.5054133534431458,"[945, 114, 953, 952, 941]","[0.5054133534431458, 0.11238367855548859, 0.04503166675567627, 0.03516232594847679, 0.029046110808849335]"
blur-nosal,ooc,891,438,718,0,0.28207066655158997,"[718, 833, 460, 913, 437]","[0.28207066655158997, 0.22837747633457184, 0.13523784279823303, 0.05642785504460335, 0.03607314079999924]"
blur-nosal,ooc,892,441,441,1,0.14989037811756134,"[441, 417, 502, 756, 969]","[0.14989037811756134, 0.14908161759376526, 0.09499240666627884, 0.0918506383895874, 0.06707943975925446]"
blur-nosal,ooc,893,818,97,0,0.16750645637512207,"[97, 137, 981, 430, 260]","[0.16750645637512207, 0.08802398294210434, 0.08690866082906723, 0.058857858180999756, 0.05454972758889198]"
blur-nosal,ooc,894,941,941,1,0.6912099123001099,"[941, 344, 346, 952, 365]","[0.6912099123001099, 0.13503290712833405, 0.07580599933862686, 0.01565290056169033, 0.010858485475182533]"
blur-nosal,ooc,895,711,708,0,0.3491112291812897,"[708, 682, 706, 562, 839]","[0.3491112291812897, 0.1347576081752777, 0.04884843900799751, 0.041727807372808456, 0.03439320623874664]"
blur-nosal,ooc,896,152,152,1,0.30954205989837646,"[152, 157, 155, 242, 217]","[0.30954205989837646, 0.1839069128036499, 0.11353768408298492, 0.055066049098968506, 0.02138710208237171]"
blur-nosal,ooc,897,996,996,1,0.924630343914032,"[996, 61, 956, 652, 452]","[0.924630343914032, 0.014313485473394394, 0.011093701235949993, 0.008741551078855991, 0.004609673283994198]"
blur-nosal,ooc,898,898,747,0,0.36534491181373596,"[747, 613, 882, 463, 725]","[0.36534491181373596, 0.14736542105674744, 0.13975928723812103, 0.03484003245830536, 0.0217929407954216]"
blur-nosal,ooc,899,441,595,0,0.13535255193710327,"[595, 425, 853, 637, 437]","[0.13535255193710327, 0.11837870627641678, 0.10710251331329346, 0.10443516075611115, 0.0517759807407856]"
blur-nosal,ooc,900,953,802,0,0.2344665378332138,"[802, 795, 701, 915, 537]","[0.2344665378332138, 0.08841829746961594, 0.06580911576747894, 0.05168299376964569, 0.039670396596193314]"
blur-nosal,ooc,901,505,730,0,0.08530096709728241,"[730, 663, 915, 856, 595]","[0.08530096709728241, 0.08210349828004837, 0.06155751645565033, 0.05896933376789093, 0.05202348157763481]"
blur-nosal,ooc,902,773,708,0,0.24723760783672333,"[708, 594, 772, 637, 753]","[0.24723760783672333, 0.07532645016908646, 0.05516322702169418, 0.044013042002916336, 0.024149214848876]"
blur-nosal,ooc,903,942,992,0,0.11831194162368774,"[992, 947, 107, 483, 325]","[0.11831194162368774, 0.07619832456111908, 0.04615244269371033, 0.04396133869886398, 0.043623559176921844]"
blur-nosal,ooc,904,891,681,0,0.27228420972824097,"[681, 790, 636, 620, 414]","[0.27228420972824097, 0.09085636585950851, 0.06843791902065277, 0.062158823013305664, 0.05524877458810806]"
blur-nosal,ooc,905,968,932,0,0.11843596398830414,"[932, 611, 697, 457, 616]","[0.11843596398830414, 0.11520146578550339, 0.03498048335313797, 0.030317476019263268, 0.029262319207191467]"
blur-nosal,ooc,906,942,346,0,0.12184566259384155,"[346, 825, 634, 525, 706]","[0.12184566259384155, 0.08759523928165436, 0.07703185081481934, 0.05184496194124222, 0.051640331745147705]"
blur-nosal,ooc,907,941,452,0,0.667877197265625,"[452, 808, 125, 928, 936]","[0.667877197265625, 0.032012950628995895, 0.017688574269413948, 0.016623597592115402, 0.013875539414584637]"
blur-nosal,ooc,908,418,494,0,0.1734609454870224,"[494, 894, 583, 522, 687]","[0.1734609454870224, 0.12973177433013916, 0.07387122511863708, 0.06446463614702225, 0.044200342148542404]"
blur-nosal,ooc,909,928,309,0,0.16846540570259094,"[309, 928, 112, 572, 927]","[0.16846540570259094, 0.12622711062431335, 0.09554491937160492, 0.0897773802280426, 0.07368860393762589]"
blur-nosal,ooc,910,934,934,1,0.4639049768447876,"[934, 405, 404, 59, 471]","[0.4639049768447876, 0.19921009242534637, 0.10123541951179504, 0.025976156815886497, 0.019128698855638504]"
blur-nosal,ooc,911,968,611,0,0.20732048153877258,"[611, 545, 427, 721, 748]","[0.20732048153877258, 0.08697063475847244, 0.070170097053051, 0.068827323615551, 0.05327879264950752]"
blur-nosal,ooc,912,923,923,1,0.5160377025604248,"[923, 932, 521, 618, 861]","[0.5160377025604248, 0.278152197599411, 0.04585772380232811, 0.03900745511054993, 0.022323772311210632]"
blur-nosal,ooc,913,194,182,0,0.2013528198003769,"[182, 194, 175, 189, 649]","[0.2013528198003769, 0.15431897342205048, 0.14277493953704834, 0.09141657501459122, 0.032576970756053925]"
blur-nosal,ooc,914,927,927,1,0.9217284321784973,"[927, 935, 809, 397, 963]","[0.9217284321784973, 0.011383432894945145, 0.011174889281392097, 0.010153875686228275, 0.004830789752304554]"
blur-nosal,ooc,915,686,110,0,0.29726549983024597,"[110, 947, 114, 363, 997]","[0.29726549983024597, 0.10293374955654144, 0.08571212738752365, 0.07273607701063156, 0.05539688467979431]"
blur-nosal,ooc,916,737,491,0,0.27307990193367004,"[491, 803, 955, 863, 170]","[0.27307990193367004, 0.1059224009513855, 0.050393421202898026, 0.04751632362604141, 0.024447716772556305]"
blur-nosal,ooc,917,849,63,0,0.2772294580936432,"[63, 79, 883, 725, 671]","[0.2772294580936432, 0.24405618011951447, 0.029152577742934227, 0.02701500616967678, 0.023015020415186882]"
blur-nosal,ooc,918,855,703,0,0.12608914077281952,"[703, 711, 82, 791, 449]","[0.12608914077281952, 0.0823972225189209, 0.036155253648757935, 0.02710859104990959, 0.026694344356656075]"
blur-nosal,ooc,919,611,138,0,0.22823071479797363,"[138, 458, 133, 142, 352]","[0.22823071479797363, 0.14569091796875, 0.06632381677627563, 0.06438840925693512, 0.036928270012140274]"
blur-nosal,ooc,920,545,815,0,0.25144055485725403,"[815, 755, 288, 81, 39]","[0.25144055485725403, 0.19362008571624756, 0.06111672520637512, 0.05632039159536362, 0.047582317143678665]"
blur-nosal,ooc,921,761,81,0,0.4002769887447357,"[81, 139, 405, 45, 970]","[0.4002769887447357, 0.10522720962762833, 0.06418397277593613, 0.04123874381184578, 0.03153196722269058]"
blur-nosal,ooc,922,521,891,0,0.2111186385154724,"[891, 505, 849, 711, 551]","[0.2111186385154724, 0.17458489537239075, 0.09642376750707626, 0.043521568179130554, 0.03120013326406479]"
blur-nosal,ooc,923,626,985,0,0.2606150507926941,"[985, 953, 89, 946, 998]","[0.2606150507926941, 0.12010165303945541, 0.08890367299318314, 0.06050394847989082, 0.05170249193906784]"
blur-nosal,ooc,924,441,326,0,0.5318118333816528,"[326, 42, 325, 46, 16]","[0.5318118333816528, 0.1713002771139145, 0.054342400282621384, 0.026741674169898033, 0.020939156413078308]"
blur-nosal,ooc,925,438,423,0,0.23330971598625183,"[423, 438, 899, 897, 861]","[0.23330971598625183, 0.07462959736585617, 0.06937997788190842, 0.05667361244559288, 0.05413292720913887]"
blur-nosal,ooc,926,426,426,1,0.4923020303249359,"[426, 409, 635, 778, 427]","[0.4923020303249359, 0.3264012336730957, 0.05885022133588791, 0.05874805152416229, 0.035472456365823746]"
blur-nosal,ooc,927,710,678,0,0.46582549810409546,"[678, 808, 570, 439, 929]","[0.46582549810409546, 0.05287696793675423, 0.051563337445259094, 0.04531053081154823, 0.03323621302843094]"
blur-nosal,ooc,928,613,920,0,0.911483108997345,"[920, 538, 448, 497, 820]","[0.911483108997345, 0.022233957424759865, 0.011508706957101822, 0.005260976031422615, 0.003958386369049549]"
blur-nosal,ooc,929,574,329,0,0.0802571102976799,"[329, 225, 738, 192, 197]","[0.0802571102976799, 0.043095216155052185, 0.03984709829092026, 0.033958133310079575, 0.030659139156341553]"
blur-nosal,ooc,930,882,55,0,0.11195854842662811,"[55, 64, 738, 63, 62]","[0.11195854842662811, 0.06847704946994781, 0.03833448514342308, 0.03134062886238098, 0.028791077435016632]"
blur-nosal,ooc,931,647,427,0,0.24909955263137817,"[427, 458, 647, 756, 495]","[0.24909955263137817, 0.14680218696594238, 0.11742617934942245, 0.037984829396009445, 0.03391747921705246]"
blur-nosal,ooc,932,737,737,1,0.4687364101409912,"[737, 440, 626, 787, 695]","[0.4687364101409912, 0.3436037003993988, 0.01512711402028799, 0.014753716066479683, 0.013481768779456615]"
blur-nosal,ooc,933,963,963,1,0.9586390852928162,"[963, 410, 599, 910, 611]","[0.9586390852928162, 0.010442462749779224, 0.004283159039914608, 0.003980261739343405, 0.0027254200540483]"
blur-nosal,ooc,934,662,485,0,0.2694914937019348,"[485, 150, 833, 471, 908]","[0.2694914937019348, 0.11929316073656082, 0.11881912499666214, 0.09732580184936523, 0.043135374784469604]"
blur-nosal,ooc,935,891,891,1,0.41842353343963623,"[891, 796, 846, 778, 545]","[0.41842353343963623, 0.06263774633407593, 0.04322315752506256, 0.03717019036412239, 0.03351283445954323]"
blur-nosal,ooc,936,891,703,0,0.14640529453754425,"[703, 449, 562, 410, 835]","[0.14640529453754425, 0.12222254276275635, 0.11009732633829117, 0.10387156903743744, 0.0519845224916935]"
blur-nosal,ooc,937,710,646,0,0.4800501763820648,"[646, 522, 621, 912, 472]","[0.4800501763820648, 0.0664898157119751, 0.03927600756287575, 0.02187087945640087, 0.019273115321993828]"
blur-nosal,ooc,938,188,267,0,0.20937496423721313,"[267, 181, 268, 89, 178]","[0.20937496423721313, 0.10991266369819641, 0.10938271880149841, 0.09301330149173737, 0.040072452276945114]"
blur-nosal,ooc,939,503,453,0,0.17369024455547333,"[453, 648, 773, 503, 804]","[0.17369024455547333, 0.08747231215238571, 0.08720377087593079, 0.08185016363859177, 0.07460250705480576]"
blur-nosal,ooc,940,849,849,1,0.8816847801208496,"[849, 725, 115, 659, 719]","[0.8816847801208496, 0.048350848257541656, 0.025635216385126114, 0.020467882975935936, 0.0037346233148127794]"
blur-nosal,ooc,941,968,659,0,0.1145566776394844,"[659, 551, 420, 686, 455]","[0.1145566776394844, 0.10488518327474594, 0.09461825340986252, 0.0736161395907402, 0.07171351462602615]"
blur-nosal,ooc,942,438,516,0,0.28391319513320923,"[516, 529, 591, 721, 956]","[0.28391319513320923, 0.08083842694759369, 0.0575692318379879, 0.03802315145730972, 0.03670314699411392]"
blur-nosal,ooc,943,530,762,0,0.26900580525398254,"[762, 716, 660, 703, 706]","[0.26900580525398254, 0.21334567666053772, 0.12654896080493927, 0.11750861257314682, 0.057904865592718124]"
blur-nosal,ooc,944,613,613,1,0.922697126865387,"[613, 920, 731, 747, 756]","[0.922697126865387, 0.014767905697226524, 0.0067844088189303875, 0.005691091995686293, 0.0018351237522438169]"
blur-nosal,ooc,945,786,786,1,0.30565422773361206,"[786, 620, 412, 664, 637]","[0.30565422773361206, 0.1024978905916214, 0.057908546179533005, 0.04016731679439545, 0.03907947614789009]"
blur-nosal,ooc,946,466,657,0,0.32991471886634827,"[657, 908, 144, 744, 871]","[0.32991471886634827, 0.3294261395931244, 0.10983221977949142, 0.10226648300886154, 0.0443781353533268]"
blur-nosal,ooc,947,466,150,0,0.12375574558973312,"[150, 146, 445, 437, 525]","[0.12375574558973312, 0.08890599012374878, 0.07578548043966293, 0.0693959891796112, 0.0693855956196785]"
blur-nosal,ooc,948,466,835,0,0.2825274169445038,"[835, 410, 756, 134, 144]","[0.2825274169445038, 0.08698893338441849, 0.06400284916162491, 0.050590600818395615, 0.04204881191253662]"
blur-nosal,ooc,949,547,547,1,0.9287901520729065,"[547, 449, 510, 705, 425]","[0.9287901520729065, 0.010265270248055458, 0.009263910353183746, 0.00842748861759901, 0.008380395360291004]"
blur-nosal,ooc,950,547,555,0,0.06169220432639122,"[555, 569, 716, 867, 791]","[0.06169220432639122, 0.05189686641097069, 0.03889669105410576, 0.0361943282186985, 0.032883062958717346]"
blur-nosal,ooc,951,547,672,0,0.6577527523040771,"[672, 879, 414, 452, 502]","[0.6577527523040771, 0.08392484486103058, 0.01750267669558525, 0.010668777860701084, 0.009994571097195148]"
blur-nosal,ooc,952,466,131,0,0.49174463748931885,"[131, 146, 835, 99, 132]","[0.49174463748931885, 0.1294538974761963, 0.12222936749458313, 0.07734306901693344, 0.022787557914853096]"
blur-nosal,ooc,953,466,908,0,0.18432429432868958,"[908, 895, 764, 744, 812]","[0.18432429432868958, 0.11062932759523392, 0.10829956084489822, 0.07540122419595718, 0.06085892766714096]"
blur-nosal,ooc,954,829,829,1,0.7945883274078369,"[829, 698, 497, 483, 874]","[0.7945883274078369, 0.09615972638130188, 0.017621684819459915, 0.014385541900992393, 0.009098860435187817]"
blur-nosal,ooc,955,547,547,1,0.383762925863266,"[547, 510, 705, 498, 694]","[0.383762925863266, 0.2658511698246002, 0.1251971423625946, 0.06732131540775299, 0.027337996289134026]"
blur-nosal,ooc,956,829,489,0,0.45008888840675354,"[489, 858, 425, 428, 509]","[0.45008888840675354, 0.08287694305181503, 0.03848244994878769, 0.031168794259428978, 0.02739924192428589]"
blur-nosal,ooc,957,829,423,0,0.27111831307411194,"[423, 704, 412, 733, 422]","[0.27111831307411194, 0.12449369579553604, 0.04043164104223251, 0.03700907900929451, 0.036058519035577774]"
blur-nosal,ooc,958,829,802,0,0.1119137853384018,"[802, 970, 625, 405, 408]","[0.1119137853384018, 0.07757461816072464, 0.05098751187324524, 0.05053527280688286, 0.04460036754608154]"
blur-nosal,ooc,959,820,820,1,0.903496503829956,"[820, 80, 483, 847, 413]","[0.903496503829956, 0.010511753149330616, 0.008380915969610214, 0.007973571307957172, 0.005262142978608608]"
blur-nosal,ooc,960,820,545,0,0.2361675202846527,"[545, 611, 640, 458, 90]","[0.2361675202846527, 0.22401320934295654, 0.10825464874505997, 0.04527036100625992, 0.0437660813331604]"
blur-nosal,ooc,961,829,829,1,0.913290798664093,"[829, 654, 705, 874, 547]","[0.913290798664093, 0.03845086693763733, 0.017531929537653923, 0.008839129470288754, 0.003886715741828084]"
blur-nosal,ooc,962,820,343,0,0.17461127042770386,"[343, 30, 104, 120, 184]","[0.17461127042770386, 0.08025751262903214, 0.059332333505153656, 0.04114381968975067, 0.02225152589380741]"
blur-nosal,ooc,963,829,497,0,0.14045225083827972,"[497, 425, 483, 437, 807]","[0.14045225083827972, 0.11594922095537186, 0.0902508944272995, 0.06864256411790848, 0.06553412228822708]"
blur-nosal,ooc,964,829,790,0,0.05738186463713646,"[790, 565, 425, 562, 791]","[0.05738186463713646, 0.05333119258284569, 0.049195464700460434, 0.037367697805166245, 0.03526740521192551]"
blur-nosal,ooc,965,829,449,0,0.8780238032341003,"[449, 829, 654, 874, 705]","[0.8780238032341003, 0.05008134990930557, 0.024026798084378242, 0.017812611535191536, 0.007808090653270483]"
blur-nosal,ooc,966,820,610,0,0.13828358054161072,"[610, 517, 561, 895, 609]","[0.13828358054161072, 0.06329616159200668, 0.054558880627155304, 0.05239870399236679, 0.037090957164764404]"
blur-nosal,ooc,967,829,706,0,0.21437063813209534,"[706, 835, 703, 791, 829]","[0.21437063813209534, 0.11451825499534607, 0.10326040536165237, 0.08248205482959747, 0.08049831539392471]"
blur-nosal,ooc,968,102,316,0,0.15709593892097473,"[316, 584, 806, 816, 284]","[0.15709593892097473, 0.10516398400068283, 0.09831074625253677, 0.09639674425125122, 0.05901641398668289]"
blur-nosal,ooc,969,850,189,0,0.19270673394203186,"[189, 192, 191, 266, 202]","[0.19270673394203186, 0.1272622048854828, 0.12307476252317429, 0.08973950892686844, 0.0795142725110054]"
blur-nosal,ooc,970,850,325,0,0.8855281472206116,"[325, 997, 947, 326, 992]","[0.8855281472206116, 0.026956558227539062, 0.013975385576486588, 0.011379127390682697, 0.005557831376791]"
blur-nosal,ooc,971,539,611,0,0.2528473734855652,"[611, 483, 84, 538, 458]","[0.2528473734855652, 0.09445711225271225, 0.06564866006374359, 0.033859264105558395, 0.031376998871564865]"
blur-nosal,ooc,972,374,164,0,0.07206754386425018,"[164, 695, 491, 374, 171]","[0.07206754386425018, 0.05465908721089363, 0.04875896871089935, 0.04833944886922836, 0.03288717195391655]"
blur-nosal,ooc,973,601,601,1,0.6917415857315063,"[601, 125, 578, 887, 689]","[0.6917415857315063, 0.041066043078899384, 0.03006780706346035, 0.026524953544139862, 0.023743323981761932]"
blur-nosal,ooc,974,929,744,0,0.20347929000854492,"[744, 657, 764, 471, 765]","[0.20347929000854492, 0.15432733297348022, 0.14812909066677094, 0.12486682087182999, 0.0795896127820015]"
blur-nosal,ooc,975,203,208,0,0.24950067698955536,"[208, 344, 203, 188, 207]","[0.24950067698955536, 0.07647235691547394, 0.044257283210754395, 0.043297793716192245, 0.03450911492109299]"
blur-nosal,ooc,976,532,91,0,0.1675185263156891,"[91, 311, 322, 90, 88]","[0.1675185263156891, 0.13987168669700623, 0.08405304700136185, 0.08401979506015778, 0.0330936573445797]"
blur-nosal,ooc,977,153,153,1,0.2152407020330429,"[153, 266, 203, 222, 257]","[0.2152407020330429, 0.1543915867805481, 0.15421147644519806, 0.09667126089334488, 0.08659302443265915]"
blur-nosal,ooc,978,733,733,1,0.3851955533027649,"[733, 835, 462, 872, 523]","[0.3851955533027649, 0.12250849604606628, 0.1153595894575119, 0.051585353910923004, 0.050455350428819656]"
blur-nosal,ooc,979,363,191,0,0.2258732169866562,"[191, 184, 341, 189, 958]","[0.2258732169866562, 0.10432828217744827, 0.0640285462141037, 0.06012183800339699, 0.05932066962122917]"
blur-nosal,ooc,980,674,428,0,0.3447878360748291,"[428, 730, 580, 803, 472]","[0.3447878360748291, 0.046142835170030594, 0.04054509848356247, 0.040146879851818085, 0.03685487061738968]"
blur-nosal,ooc,981,778,811,0,0.21276777982711792,"[811, 134, 700, 999, 591]","[0.21276777982711792, 0.18209010362625122, 0.11719465255737305, 0.08801734447479248, 0.051448721438646317]"
blur-nosal,ooc,982,765,721,0,0.1968749314546585,"[721, 443, 614, 516, 309]","[0.1968749314546585, 0.10003259778022766, 0.05491615831851959, 0.04304647445678711, 0.03960883244872093]"
blur-nosal,ooc,983,161,269,0,0.17893701791763306,"[269, 372, 104, 276, 336]","[0.17893701791763306, 0.1352115422487259, 0.07031842321157455, 0.06710989028215408, 0.05417224019765854]"
blur-nosal,ooc,984,539,291,0,0.27761733531951904,"[291, 274, 134, 278, 353]","[0.27761733531951904, 0.09491071850061417, 0.06919443607330322, 0.043075188994407654, 0.040154434740543365]"
blur-nosal,ooc,985,999,132,0,0.33594951033592224,"[132, 133, 131, 17, 807]","[0.33594951033592224, 0.15967197716236115, 0.14888885617256165, 0.03894650563597679, 0.031269606202840805]"
blur-nosal,ooc,986,715,805,0,0.37335896492004395,"[805, 955, 264, 490, 768]","[0.37335896492004395, 0.12126994878053665, 0.08956027030944824, 0.06800681352615356, 0.035944484174251556]"
blur-nosal,ooc,987,153,203,0,0.3019006550312042,"[203, 153, 87, 495, 850]","[0.3019006550312042, 0.13725708425045013, 0.08657009154558182, 0.07002320885658264, 0.049857452511787415]"
blur-nosal,ooc,988,161,217,0,0.21589161455631256,"[217, 161, 212, 215, 166]","[0.21589161455631256, 0.13049660623073578, 0.12114626169204712, 0.0936635211110115, 0.04998880997300148]"
blur-nosal,ooc,989,543,417,0,0.5959174633026123,"[417, 755, 805, 701, 595]","[0.5959174633026123, 0.1607024222612381, 0.04997818171977997, 0.0241886917501688, 0.019123101606965065]"
blur-nosal,ooc,990,161,970,0,0.29148125648498535,"[970, 979, 958, 980, 879]","[0.29148125648498535, 0.13424290716648102, 0.07932744175195694, 0.056822456419467926, 0.027391886338591576]"
blur-nosal,ooc,991,849,504,0,0.31702321767807007,"[504, 968, 505, 725, 899]","[0.31702321767807007, 0.149711474776268, 0.13318520784378052, 0.07480046898126602, 0.07208942621946335]"
blur-nosal,ooc,992,422,272,0,0.1321643590927124,"[272, 410, 134, 9, 172]","[0.1321643590927124, 0.06162330135703087, 0.03823694959282875, 0.03819527477025986, 0.03159448876976967]"
blur-nosal,ooc,993,157,370,0,0.1912292242050171,"[370, 261, 18, 174, 284]","[0.1912292242050171, 0.1488475501537323, 0.0794467031955719, 0.0793723315000534, 0.05059102922677994]"
blur-nosal,ooc,994,193,235,0,0.197701096534729,"[235, 186, 182, 373, 280]","[0.197701096534729, 0.11013477295637131, 0.0627102479338646, 0.05844072252511978, 0.048655807971954346]"
blur-nosal,ooc,995,728,124,0,0.08544014394283295,"[124, 491, 913, 625, 7]","[0.08544014394283295, 0.05499626323580742, 0.04896222800016403, 0.04794234782457352, 0.038777418434619904]"
blur-nosal,ooc,996,201,336,0,0.17952795326709747,"[336, 649, 274, 115, 349]","[0.17952795326709747, 0.08530346304178238, 0.0532536655664444, 0.04977330565452576, 0.046243540942668915]"
blur-nosal,ooc,997,174,104,0,0.10568618029356003,"[104, 255, 198, 282, 373]","[0.10568618029356003, 0.09280847758054733, 0.06153542548418045, 0.05889197438955307, 0.04547372832894325]"
blur-nosal,ooc,998,171,76,0,0.21240560710430145,"[76, 597, 524, 643, 39]","[0.21240560710430145, 0.08855447173118591, 0.07138184458017349, 0.04667605832219124, 0.03612131625413895]"
blur-nosal,ooc,999,161,162,0,0.48920366168022156,"[162, 161, 238, 171, 237]","[0.48920366168022156, 0.12325308471918106, 0.027608802542090416, 0.027067724615335464, 0.02322544902563095]"
blur-nosal,ooc,1000,882,756,0,0.10479333996772766,"[756, 490, 463, 774, 326]","[0.10479333996772766, 0.09883604198694229, 0.08641143888235092, 0.058857500553131104, 0.053328923881053925]"
blur-nosal,ooc,1001,199,223,0,0.38182270526885986,"[223, 369, 224, 205, 93]","[0.38182270526885986, 0.10122042149305344, 0.06348520517349243, 0.05179851874709129, 0.049803223460912704]"
blur-nosal,ooc,1002,226,354,0,0.37986594438552856,"[354, 262, 649, 160, 184]","[0.37986594438552856, 0.0993867889046669, 0.05302994325757027, 0.04530603811144829, 0.038516875356435776]"
blur-nosal,ooc,1003,559,765,0,0.6331869959831238,"[765, 559, 752, 807, 914]","[0.6331869959831238, 0.24982213973999023, 0.020449740812182426, 0.010287660174071789, 0.009571594186127186]"
blur-nosal,ooc,1004,532,637,0,0.29202961921691895,"[637, 879, 579, 424, 743]","[0.29202961921691895, 0.12927062809467316, 0.0663415715098381, 0.03820095956325531, 0.03781244158744812]"
blur-nosal,ooc,1005,882,630,0,0.08642083406448364,"[630, 805, 500, 676, 597]","[0.08642083406448364, 0.06323238462209702, 0.062127985060214996, 0.05079774186015129, 0.04670162871479988]"
blur-nosal,ooc,1006,174,792,0,0.1401190459728241,"[792, 523, 246, 568, 243]","[0.1401190459728241, 0.058193910866975784, 0.0550723522901535, 0.04720873385667801, 0.04459308460354805]"
blur-nosal,ooc,1007,86,86,1,0.43273138999938965,"[86, 82, 17, 311, 64]","[0.43273138999938965, 0.38830283284187317, 0.024005956947803497, 0.014829907566308975, 0.012524423189461231]"
blur-nosal,ooc,1008,178,178,1,0.4389471411705017,"[178, 356, 701, 209, 207]","[0.4389471411705017, 0.08782794326543808, 0.04294850677251816, 0.04290400817990303, 0.04150206223130226]"
blur-nosal,ooc,1009,252,182,0,0.3526853322982788,"[182, 763, 210, 196, 164]","[0.3526853322982788, 0.06649627536535263, 0.058249637484550476, 0.051769476383924484, 0.02635454386472702]"
blur-nosal,ooc,1010,156,199,0,0.23483456671237946,"[199, 224, 197, 256, 196]","[0.23483456671237946, 0.18453305959701538, 0.07778951525688171, 0.06859847903251648, 0.029479483142495155]"
blur-nosal,ooc,1011,208,576,0,0.18692852556705475,"[576, 202, 207, 204, 186]","[0.18692852556705475, 0.1817411333322525, 0.09846477210521698, 0.04995317757129669, 0.0398666188120842]"
blur-nosal,ooc,1012,543,393,0,0.6486637592315674,"[393, 108, 973, 396, 328]","[0.6486637592315674, 0.34885096549987793, 0.0009994127321988344, 0.0005679198657162488, 0.0001171953190350905]"
blur-nosal,ooc,1013,444,566,0,0.16520196199417114,"[566, 56, 142, 677, 58]","[0.16520196199417114, 0.08705249428749084, 0.07736784964799881, 0.055653538554906845, 0.054475072771310806]"
blur-nosal,ooc,1014,823,617,0,0.21816261112689972,"[617, 823, 682, 914, 434]","[0.21816261112689972, 0.08548986166715622, 0.08292894810438156, 0.03094222955405712, 0.025844991207122803]"
blur-nosal,ooc,1015,841,500,0,0.11524291336536407,"[500, 427, 608, 39, 955]","[0.11524291336536407, 0.08913867920637131, 0.04606925696134567, 0.03816177323460579, 0.03740142285823822]"
blur-nosal,ooc,1016,581,420,0,0.3016831576824188,"[420, 756, 546, 402, 581]","[0.3016831576824188, 0.08061099797487259, 0.07157175242900848, 0.05983906239271164, 0.05704930052161217]"
blur-nosal,ooc,1017,601,846,0,0.2665095329284668,"[846, 731, 879, 534, 480]","[0.2665095329284668, 0.09664005786180496, 0.06423890590667725, 0.0634806901216507, 0.05369250476360321]"
blur-nosal,ooc,1018,857,693,0,0.41545918583869934,"[693, 433, 639, 445, 638]","[0.41545918583869934, 0.20284393429756165, 0.09491965174674988, 0.022911354899406433, 0.0225153136998415]"
blur-nosal,ooc,1019,822,65,0,0.34835830330848694,"[65, 394, 390, 5, 58]","[0.34835830330848694, 0.11618839204311371, 0.07893545925617218, 0.050574176013469696, 0.03539084270596504]"
blur-nosal,ooc,1020,543,970,0,0.7209348678588867,"[970, 976, 417, 483, 672]","[0.7209348678588867, 0.029264068230986595, 0.02241053245961666, 0.019791074097156525, 0.019199075177311897]"
blur-nosal,ooc,1021,559,559,1,0.21028783917427063,"[559, 545, 313, 674, 905]","[0.21028783917427063, 0.09053074568510056, 0.06660248339176178, 0.04966478794813156, 0.04611610993742943]"
blur-nosal,ooc,1022,863,737,0,0.15685436129570007,"[737, 402, 488, 615, 846]","[0.15685436129570007, 0.10882852226495743, 0.08479835093021393, 0.050433091819286346, 0.04494690150022507]"
blur-nosal,ooc,1023,486,366,0,0.06850913912057877,"[366, 50, 365, 946, 271]","[0.06850913912057877, 0.06667298078536987, 0.051593683660030365, 0.04652909189462662, 0.040242038667201996]"
blur-nosal,ooc,1024,450,511,0,0.487045019865036,"[511, 436, 817, 450, 717]","[0.487045019865036, 0.09112054109573364, 0.08903317153453827, 0.061086006462574005, 0.050228722393512726]"
blur-nosal,ooc,1025,615,460,0,0.24083814024925232,"[460, 22, 913, 783, 978]","[0.24083814024925232, 0.0706338956952095, 0.06127547472715378, 0.059556446969509125, 0.04883050173521042]"
blur-nosal,ooc,1026,579,579,1,0.8458219766616821,"[579, 655, 651, 505, 745]","[0.8458219766616821, 0.05069059878587723, 0.02354985848069191, 0.006863694172352552, 0.006655566394329071]"
blur-nosal,ooc,1027,790,881,0,0.14747104048728943,"[881, 579, 839, 581, 821]","[0.14747104048728943, 0.09467534720897675, 0.07415465265512466, 0.06819547712802887, 0.05004839971661568]"
blur-nosal,ooc,1028,160,716,0,0.13419072329998016,"[716, 753, 206, 401, 562]","[0.13419072329998016, 0.08398129791021347, 0.07014551758766174, 0.037110038101673126, 0.030592231079936028]"
blur-nosal,ooc,1029,422,913,0,0.19737514853477478,"[913, 814, 405, 22, 701]","[0.19737514853477478, 0.1443263441324234, 0.10737334191799164, 0.09611566364765167, 0.05804767087101936]"
blur-nosal,ooc,1030,882,115,0,0.36317262053489685,"[115, 113, 849, 358, 397]","[0.36317262053489685, 0.24968726933002472, 0.041345033794641495, 0.02594616450369358, 0.015816232189536095]"
blur-nosal,ooc,1031,608,646,0,0.19355075061321259,"[646, 977, 853, 835, 224]","[0.19355075061321259, 0.1638786792755127, 0.04836254566907883, 0.04469815269112587, 0.03510747477412224]"
blur-nosal,ooc,1032,489,733,0,0.17017699778079987,"[733, 702, 458, 872, 519]","[0.17017699778079987, 0.10461997240781784, 0.0766356885433197, 0.06625697761774063, 0.04051893949508667]"
blur-nosal,ooc,1033,212,202,0,0.16820907592773438,"[202, 189, 194, 274, 192]","[0.16820907592773438, 0.0670606717467308, 0.0620729923248291, 0.04869958385825157, 0.043120261281728745]"
blur-nosal,ooc,1034,145,526,0,0.08602840453386307,"[526, 741, 736, 846, 622]","[0.08602840453386307, 0.08005449175834656, 0.05413179472088814, 0.04411308839917183, 0.040220580995082855]"
blur-nosal,ooc,1035,103,6,0,0.5511168241500854,"[6, 5, 104, 338, 33]","[0.5511168241500854, 0.05635674670338631, 0.03832355886697769, 0.033881112933158875, 0.02631084807217121]"
blur-nosal,ooc,1036,148,400,0,0.47269633412361145,"[400, 667, 652, 819, 877]","[0.47269633412361145, 0.0910692885518074, 0.041384924203157425, 0.04088807851076126, 0.028748471289873123]"
blur-nosal,ooc,1037,149,445,0,0.07740312814712524,"[445, 639, 942, 638, 783]","[0.07740312814712524, 0.0675598680973053, 0.058877114206552505, 0.05645347759127617, 0.04427662119269371]"
blur-nosal,ooc,1038,103,112,0,0.15675762295722961,"[112, 171, 172, 44, 63]","[0.15675762295722961, 0.08473384380340576, 0.07480873167514801, 0.06423455476760864, 0.035342536866664886]"
blur-nosal,ooc,1039,148,131,0,0.1220504567027092,"[131, 136, 18, 101, 143]","[0.1220504567027092, 0.09905075281858444, 0.08230670541524887, 0.058781690895557404, 0.051379308104515076]"
blur-nosal,ooc,1040,148,575,0,0.21848487854003906,"[575, 750, 543, 423, 831]","[0.21848487854003906, 0.08909881860017776, 0.047467105090618134, 0.04219810292124748, 0.039790038019418716]"
blur-nosal,ooc,1041,148,391,0,0.2778303623199463,"[391, 394, 389, 34, 84]","[0.2778303623199463, 0.1319410353899002, 0.07015727460384369, 0.06258291006088257, 0.05483831837773323]"
blur-nosal,ooc,1042,983,379,0,0.1969488561153412,"[379, 988, 723, 378, 381]","[0.1969488561153412, 0.08150137215852737, 0.0657339096069336, 0.063700370490551, 0.04599490761756897]"
blur-nosal,ooc,1043,842,663,0,0.10534035414457321,"[663, 898, 497, 354, 562]","[0.10534035414457321, 0.056230831891298294, 0.05496414750814438, 0.047523561865091324, 0.0433371476829052]"
blur-nosal,ooc,1044,1,392,0,0.07985042780637741,"[392, 991, 90, 20, 88]","[0.07985042780637741, 0.07673650234937668, 0.07414094358682632, 0.07209648191928864, 0.052225999534130096]"
blur-nosal,ooc,1045,36,646,0,0.29670804738998413,"[646, 50, 858, 500, 49]","[0.29670804738998413, 0.12097252160310745, 0.07636993378400803, 0.06633313000202179, 0.04344312474131584]"
blur-nosal,ooc,1046,155,202,0,0.3800688683986664,"[202, 196, 204, 155, 182]","[0.3800688683986664, 0.14984232187271118, 0.10920198261737823, 0.0904197096824646, 0.07888961583375931]"
blur-nosal,ooc,1047,148,896,0,0.10961928963661194,"[896, 840, 512, 879, 683]","[0.10961928963661194, 0.08754619210958481, 0.025546561926603317, 0.02527625672519207, 0.023344537243247032]"
blur-nosal,ooc,1048,148,148,1,0.6972715854644775,"[148, 150, 780, 145, 970]","[0.6972715854644775, 0.07306572794914246, 0.03939282149076462, 0.030232947319746017, 0.025286121293902397]"
blur-nosal,ooc,1049,822,494,0,0.07705439627170563,"[494, 907, 986, 304, 94]","[0.07705439627170563, 0.05841602757573128, 0.05467800796031952, 0.04212762042880058, 0.032128725200891495]"
blur-nosal,ooc,1050,842,764,0,0.107101209461689,"[764, 558, 744, 579, 563]","[0.107101209461689, 0.05664265528321266, 0.04603458195924759, 0.03774259611964226, 0.022651929408311844]"
blur-nosal,ooc,1051,150,203,0,0.18468908965587616,"[203, 258, 803, 982, 974]","[0.18468908965587616, 0.0672440379858017, 0.04487769678235054, 0.04267721250653267, 0.03759428486227989]"
blur-nosal,ooc,1052,148,148,1,0.43696820735931396,"[148, 980, 672, 908, 727]","[0.43696820735931396, 0.1157590001821518, 0.10637564957141876, 0.07582659274339676, 0.03318151459097862]"
blur-nosal,ooc,1053,420,420,1,0.17815539240837097,"[420, 807, 772, 868, 744]","[0.17815539240837097, 0.13736526668071747, 0.10029053688049316, 0.040917299687862396, 0.03547348454594612]"
blur-nosal,ooc,1054,932,83,0,0.6188967227935791,"[83, 122, 80, 35, 33]","[0.6188967227935791, 0.06509793549776077, 0.03349922597408295, 0.02287127822637558, 0.020702773705124855]"
blur-nosal,ooc,1055,862,39,0,0.15357705950737,"[39, 43, 144, 634, 547]","[0.15357705950737, 0.07733394205570221, 0.07154034823179245, 0.0534336194396019, 0.05074547976255417]"
blur-nosal,ooc,1056,964,825,0,0.3350476026535034,"[825, 88, 336, 109, 973]","[0.3350476026535034, 0.049995049834251404, 0.046907857060432434, 0.03509235009551048, 0.03215844929218292]"
blur-nosal,ooc,1057,76,404,0,0.3598702847957611,"[404, 978, 867, 977, 913]","[0.3598702847957611, 0.11433257162570953, 0.08848080784082413, 0.06680156290531158, 0.04276955500245094]"
blur-nosal,ooc,1058,563,677,0,0.30259570479393005,"[677, 912, 884, 696, 792]","[0.30259570479393005, 0.16643597185611725, 0.07621710002422333, 0.07304124534130096, 0.05741443857550621]"
blur-nosal,ooc,1059,329,977,0,0.4499892592430115,"[977, 975, 472, 460, 833]","[0.4499892592430115, 0.1571802794933319, 0.06877098232507706, 0.044267091900110245, 0.031459566205739975]"
blur-nosal,ooc,1060,928,160,0,0.13205480575561523,"[160, 87, 355, 513, 88]","[0.13205480575561523, 0.07316765189170837, 0.06739562749862671, 0.03612402826547623, 0.033865369856357574]"
blur-nosal,ooc,1061,420,472,0,0.1494324952363968,"[472, 416, 908, 445, 672]","[0.1494324952363968, 0.13648858666419983, 0.07529410719871521, 0.044676702469587326, 0.039923619478940964]"
blur-nosal,ooc,1062,45,970,0,0.5907714366912842,"[970, 979, 980, 672, 483]","[0.5907714366912842, 0.19619938731193542, 0.09612839668989182, 0.02354223094880581, 0.013749542646110058]"
blur-nosal,ooc,1063,963,186,0,0.472596675157547,"[186, 185, 193, 351, 191]","[0.472596675157547, 0.13141657412052155, 0.06493400037288666, 0.06363532692193985, 0.032597385346889496]"
blur-nosal,ooc,1064,17,319,0,0.6344926953315735,"[319, 408, 807, 144, 336]","[0.6344926953315735, 0.04532338306307793, 0.03717910125851631, 0.02948177233338356, 0.018110938370227814]"
blur-nosal,ooc,1065,420,559,0,0.3100344240665436,"[559, 420, 910, 462, 765]","[0.3100344240665436, 0.3099495470523834, 0.06530832499265671, 0.04690377786755562, 0.04552052542567253]"
blur-nosal,ooc,1066,737,908,0,0.3247717022895813,"[908, 693, 807, 144, 895]","[0.3247717022895813, 0.2120138704776764, 0.02932192198932171, 0.02595572918653488, 0.023024097084999084]"
blur-nosal,ooc,1067,420,420,1,0.42553168535232544,"[420, 515, 413, 693, 657]","[0.42553168535232544, 0.10030300915241241, 0.05838421359658241, 0.03513193503022194, 0.022135045379400253]"
blur-nosal,ooc,1068,513,517,0,0.23117387294769287,"[517, 510, 625, 913, 540]","[0.23117387294769287, 0.12592004239559174, 0.060541681945323944, 0.042013414204120636, 0.037959616631269455]"
blur-nosal,ooc,1069,27,646,0,0.1970544010400772,"[646, 134, 912, 474, 730]","[0.1970544010400772, 0.06632325798273087, 0.05255713313817978, 0.04783852770924568, 0.03781573846936226]"
blur-nosal,ooc,1070,420,402,0,0.12865036725997925,"[402, 420, 721, 999, 879]","[0.12865036725997925, 0.1165800392627716, 0.06714802235364914, 0.06326775997877121, 0.06272854655981064]"
blur-nosal,ooc,1071,186,338,0,0.22709129750728607,"[338, 298, 138, 336, 363]","[0.22709129750728607, 0.07474876940250397, 0.06347367912530899, 0.05471658334136009, 0.05149616673588753]"
blur-nosal,ooc,1072,305,345,0,0.07766067236661911,"[345, 634, 657, 341, 471]","[0.07766067236661911, 0.06086977198719978, 0.04617283120751381, 0.032581228762865067, 0.02866724133491516]"
blur-nosal,ooc,1073,27,814,0,0.25705644488334656,"[814, 913, 50, 974, 344]","[0.25705644488334656, 0.12402869760990143, 0.09197309613227844, 0.08109486103057861, 0.0675649419426918]"
blur-nosal,ooc,1074,681,594,0,0.9796899557113647,"[594, 559, 687, 857, 401]","[0.9796899557113647, 0.004767687991261482, 0.003067013341933489, 0.0010187001898884773, 0.0008881211979314685]"
blur-nosal,ooc,1075,790,992,0,0.08546945452690125,"[992, 797, 994, 879, 46]","[0.08546945452690125, 0.08161212503910065, 0.04196527227759361, 0.03927360102534294, 0.027601324021816254]"
blur-nosal,ooc,1076,679,402,0,0.1075749322772026,"[402, 741, 20, 846, 420]","[0.1075749322772026, 0.09355773776769638, 0.04027725011110306, 0.026106154546141624, 0.024744344875216484]"
blur-nosal,ooc,1077,441,898,0,0.13531310856342316,"[898, 711, 983, 867, 417]","[0.13531310856342316, 0.0651160404086113, 0.0532752089202404, 0.05256633460521698, 0.05237852409482002]"
blur-nosal,ooc,1078,929,727,0,0.2903706133365631,"[727, 755, 483, 668, 449]","[0.2903706133365631, 0.12268137186765671, 0.08688807487487793, 0.06527332216501236, 0.06059971824288368]"
blur-nosal,ooc,1079,87,87,1,0.6916698813438416,"[87, 796, 615, 366, 372]","[0.6916698813438416, 0.02131706476211548, 0.014172429218888283, 0.011501546949148178, 0.010911447927355766]"
blur-nosal,ooc,1080,268,291,0,0.19418254494667053,"[291, 39, 106, 825, 381]","[0.19418254494667053, 0.05779045447707176, 0.05283578485250473, 0.038729723542928696, 0.035724133253097534]"
blur-nosal,ooc,1081,882,497,0,0.19608063995838165,"[497, 663, 562, 425, 840]","[0.19608063995838165, 0.16756252944469452, 0.13838636875152588, 0.07733149081468582, 0.02430817484855652]"
blur-nosal,ooc,1082,320,460,0,0.30312207341194153,"[460, 693, 755, 616, 780]","[0.30312207341194153, 0.10155709832906723, 0.08687028288841248, 0.05029469355940819, 0.03527803346514702]"
blur-nosal,ooc,1083,621,670,0,0.5257847905158997,"[670, 621, 765, 40, 666]","[0.5257847905158997, 0.07366202771663666, 0.02451859600841999, 0.023734813556075096, 0.020086215808987617]"
blur-nosal,ooc,1084,202,385,0,0.3972838222980499,"[385, 185, 386, 346, 260]","[0.3972838222980499, 0.06524506956338882, 0.04804331436753273, 0.041166193783283234, 0.03027200512588024]"
blur-nosal,ooc,1085,430,405,0,0.32213708758354187,"[405, 980, 417, 755, 89]","[0.32213708758354187, 0.23512287437915802, 0.12698900699615479, 0.08392852544784546, 0.07864904403686523]"
blur-nosal,ooc,1086,157,348,0,0.1180020347237587,"[348, 203, 171, 169, 338]","[0.1180020347237587, 0.1018795520067215, 0.07424034178256989, 0.06607525795698166, 0.0594673715531826]"
blur-nosal,ooc,1087,733,532,0,0.12708845734596252,"[532, 440, 907, 409, 398]","[0.12708845734596252, 0.05538228526711464, 0.04251067712903023, 0.03836379945278168, 0.034982409328222275]"
blur-nosal,ooc,1088,765,144,0,0.21240045130252838,"[144, 755, 791, 464, 752]","[0.21240045130252838, 0.09641615301370621, 0.04870496317744255, 0.03632296994328499, 0.03163185343146324]"
blur-nosal,ooc,1089,231,255,0,0.08664809912443161,"[255, 349, 207, 184, 112]","[0.08664809912443161, 0.07353056222200394, 0.06157609820365906, 0.060001131147146225, 0.03378299996256828]"
blur-nosal,ooc,1090,602,105,0,0.08310475200414658,"[105, 365, 448, 373, 369]","[0.08310475200414658, 0.082896888256073, 0.07573956996202469, 0.06334617733955383, 0.0625043660402298]"
blur-nosal,ooc,1091,208,39,0,0.14463037252426147,"[39, 382, 543, 987, 596]","[0.14463037252426147, 0.0759289339184761, 0.059460096061229706, 0.052139781415462494, 0.0425422228872776]"
blur-nosal,ooc,1092,792,148,0,0.24758611619472504,"[148, 792, 99, 842, 978]","[0.24758611619472504, 0.14719848334789276, 0.14496777951717377, 0.08913008123636246, 0.07552073150873184]"
blur-nosal,ooc,1093,621,421,0,0.24102184176445007,"[421, 575, 428, 661, 656]","[0.24102184176445007, 0.14015720784664154, 0.0803585797548294, 0.05593959614634514, 0.030687114223837852]"
blur-nosal,ooc,1094,765,449,0,0.40137702226638794,"[449, 915, 536, 609, 559]","[0.40137702226638794, 0.1557881087064743, 0.10358472913503647, 0.049341149628162384, 0.0393146388232708]"
blur-nosal,ooc,1095,177,385,0,0.7723419070243835,"[385, 562, 497, 51, 170]","[0.7723419070243835, 0.06180441379547119, 0.04092532768845558, 0.03295207396149635, 0.01162157952785492]"
blur-nosal,ooc,1096,199,366,0,0.27622702717781067,"[366, 364, 199, 367, 256]","[0.27622702717781067, 0.23053321242332458, 0.20642037689685822, 0.04911988601088524, 0.024403244256973267]"
blur-nosal,ooc,1097,645,557,0,0.1535792052745819,"[557, 733, 914, 892, 519]","[0.1535792052745819, 0.09866249561309814, 0.04124121740460396, 0.039493024349212646, 0.03597404062747955]"
blur-nosal,ooc,1098,199,295,0,0.1683267205953598,"[295, 232, 256, 297, 197]","[0.1683267205953598, 0.1454397737979889, 0.11767303943634033, 0.10454704612493515, 0.08431894332170486]"
blur-nosal,ooc,1099,170,272,0,0.3930604159832001,"[272, 273, 280, 176, 264]","[0.3930604159832001, 0.2174680531024933, 0.1410750299692154, 0.023865874856710434, 0.013560990802943707]"
blur-nosal,ooc,1100,880,703,0,0.4077674448490143,"[703, 559, 706, 716, 757]","[0.4077674448490143, 0.09083930402994156, 0.06655286997556686, 0.056982286274433136, 0.05364519730210304]"
blur-nosal,ooc,1101,188,850,0,0.2775194048881531,"[850, 750, 887, 411, 496]","[0.2775194048881531, 0.0904218778014183, 0.06282471865415573, 0.05881316214799881, 0.05147010087966919]"
blur-nosal,ooc,1102,621,745,0,0.29615920782089233,"[745, 620, 804, 681, 908]","[0.29615920782089233, 0.05477621778845787, 0.04401145130395889, 0.0367470346391201, 0.03507025167346001]"
blur-nosal,ooc,1103,170,348,0,0.27022603154182434,"[348, 272, 349, 350, 177]","[0.27022603154182434, 0.14030028879642487, 0.10382315516471863, 0.06855855137109756, 0.04814086854457855]"
blur-nosal,ooc,1104,250,863,0,0.08945076167583466,"[863, 437, 616, 250, 248]","[0.08945076167583466, 0.08827340602874756, 0.06204475834965706, 0.05157562717795372, 0.05135525017976761]"
blur-nosal,ooc,1105,354,185,0,0.10390891134738922,"[185, 130, 973, 329, 184]","[0.10390891134738922, 0.044592469930648804, 0.03968300670385361, 0.032066475600004196, 0.02976665459573269]"
blur-nosal,ooc,1106,522,458,0,0.4501611888408661,"[458, 738, 708, 706, 637]","[0.4501611888408661, 0.1504388153553009, 0.055510010570287704, 0.050847891718149185, 0.036268167197704315]"
blur-nosal,ooc,1107,267,229,0,0.2696903645992279,"[229, 249, 258, 160, 422]","[0.2696903645992279, 0.1362142562866211, 0.06325231492519379, 0.05190345644950867, 0.04127828776836395]"
blur-nosal,ooc,1108,945,611,0,0.1492880880832672,"[611, 472, 955, 975, 888]","[0.1492880880832672, 0.08298315852880478, 0.06883161514997482, 0.05854541063308716, 0.05045168474316597]"
blur-nosal,ooc,1109,340,506,0,0.06878151744604111,"[506, 430, 340, 747, 890]","[0.06878151744604111, 0.061054810881614685, 0.059964824467897415, 0.05478638783097267, 0.053008072078228]"
blur-nosal,ooc,1110,772,870,0,0.26012343168258667,"[870, 791, 704, 880, 575]","[0.26012343168258667, 0.25450390577316284, 0.10204821079969406, 0.0651383101940155, 0.04075546935200691]"
blur-nosal,ooc,1111,137,137,1,0.8843458294868469,"[137, 99, 20, 134, 136]","[0.8843458294868469, 0.0471741259098053, 0.024148959666490555, 0.011015227064490318, 0.009709285572171211]"
blur-nosal,ooc,1112,212,445,0,0.1584697812795639,"[445, 758, 638, 447, 775]","[0.1584697812795639, 0.14599880576133728, 0.08899299055337906, 0.06394080817699432, 0.04275887832045555]"
blur-nosal,ooc,1113,727,727,1,0.2939893305301666,"[727, 833, 562, 484, 792]","[0.2939893305301666, 0.22628262639045715, 0.07568870484828949, 0.06684736907482147, 0.0307990200817585]"
blur-nosal,ooc,1114,491,703,0,0.2817881107330322,"[703, 912, 621, 472, 881]","[0.2817881107330322, 0.12413471937179565, 0.05159613862633705, 0.045241668820381165, 0.03229793906211853]"
blur-nosal,ooc,1115,707,326,0,0.18264536559581757,"[326, 844, 745, 648, 892]","[0.18264536559581757, 0.11256060004234314, 0.1031765267252922, 0.07116298377513885, 0.05442805215716362]"
blur-nosal,ooc,1116,929,973,0,0.07816845178604126,"[973, 993, 936, 815, 986]","[0.07816845178604126, 0.057147007435560226, 0.05055379122495651, 0.04843643307685852, 0.044436242431402206]"
blur-nosal,ooc,1117,645,790,0,0.46374043822288513,"[790, 828, 318, 855, 840]","[0.46374043822288513, 0.08833286911249161, 0.05332803726196289, 0.05250346288084984, 0.03053549863398075]"
blur-nosal,ooc,1118,198,272,0,0.8845986127853394,"[272, 280, 249, 9, 261]","[0.8845986127853394, 0.039399925619363785, 0.018784476444125175, 0.007565831299871206, 0.006623877678066492]"
blur-nosal,ooc,1119,170,90,0,0.7363181710243225,"[90, 364, 88, 93, 322]","[0.7363181710243225, 0.06284069269895554, 0.05079495534300804, 0.033859752118587494, 0.029776867479085922]"
blur-nosal,ooc,1120,645,718,0,0.39459165930747986,"[718, 547, 705, 727, 660]","[0.39459165930747986, 0.16712331771850586, 0.044321466237306595, 0.03838568553328514, 0.0361027866601944]"
blur-nosal,ooc,1121,181,181,1,0.4652622640132904,"[181, 270, 348, 222, 173]","[0.4652622640132904, 0.1157585084438324, 0.09370028227567673, 0.04985662177205086, 0.04704439267516136]"
blur-nosal,ooc,1122,267,169,0,0.20083926618099213,"[169, 248, 249, 562, 355]","[0.20083926618099213, 0.1277027279138565, 0.12307796627283096, 0.11087971180677414, 0.04097392037510872]"
blur-nosal,ooc,1123,340,292,0,0.8768284320831299,"[292, 340, 396, 690, 282]","[0.8768284320831299, 0.07233799993991852, 0.02579564042389393, 0.005410701967775822, 0.003392815589904785]"
blur-nosal,ooc,1124,735,840,0,0.20284272730350494,"[840, 594, 462, 434, 857]","[0.20284272730350494, 0.1576514095067978, 0.08887407183647156, 0.03782691806554794, 0.025497157126665115]"
blur-nosal,ooc,1125,361,375,0,0.2972489595413208,"[375, 378, 379, 384, 361]","[0.2972489595413208, 0.07823050767183304, 0.06171991676092148, 0.043917328119277954, 0.03597935289144516]"
blur-nosal,ooc,1126,200,338,0,0.19627870619297028,"[338, 187, 155, 39, 193]","[0.19627870619297028, 0.13741996884346008, 0.0716816782951355, 0.06720000505447388, 0.06471911817789078]"
blur-nosal,ooc,1127,912,912,1,0.48431628942489624,"[912, 634, 887, 646, 858]","[0.48431628942489624, 0.0817795991897583, 0.04945063963532448, 0.03317509964108467, 0.030659368261694908]"
blur-nosal,ooc,1128,160,986,0,0.1726282835006714,"[986, 108, 985, 738, 11]","[0.1726282835006714, 0.10902107506990433, 0.05377216637134552, 0.05299583822488785, 0.049915533512830734]"
blur-nosal,ooc,1129,188,188,1,0.273818701505661,"[188, 355, 336, 348, 198]","[0.273818701505661, 0.22055499255657196, 0.09156212210655212, 0.054640982300043106, 0.034300774335861206]"
blur-nosal,ooc,1130,872,421,0,0.3214810788631439,"[421, 843, 733, 557, 540]","[0.3214810788631439, 0.0831184834241867, 0.07495807111263275, 0.04827537760138512, 0.043498482555150986]"
blur-nosal,ooc,1131,338,129,0,0.3680804669857025,"[129, 0, 112, 344, 384]","[0.3680804669857025, 0.11624802649021149, 0.03525343909859657, 0.034689515829086304, 0.029293937608599663]"
blur-nosal,ooc,1132,191,104,0,0.3294265568256378,"[104, 191, 182, 173, 162]","[0.3294265568256378, 0.07947459816932678, 0.048781618475914, 0.04561714082956314, 0.030061911791563034]"
blur-nosal,ooc,1133,226,170,0,0.0947798639535904,"[170, 350, 255, 182, 349]","[0.0947798639535904, 0.07190736383199692, 0.059843987226486206, 0.05876782163977623, 0.05670434609055519]"
blur-nosal,ooc,1134,953,855,0,0.12960977852344513,"[855, 426, 741, 737, 892]","[0.12960977852344513, 0.07769711315631866, 0.06025782600045204, 0.05669964849948883, 0.040761444717645645]"
blur-nosal,ooc,1135,544,608,0,0.24998179078102112,"[608, 977, 391, 410, 833]","[0.24998179078102112, 0.18181896209716797, 0.13257834315299988, 0.05007251352071762, 0.031926922500133514]"
blur-nosal,ooc,1136,757,757,1,0.9432119131088257,"[757, 660, 425, 675, 609]","[0.9432119131088257, 0.02185414917767048, 0.008504264988005161, 0.008164001628756523, 0.0026713248807936907]"
