model,dataset,idx,label,pred,correct,conf_top1,top5_idx,top5_probs,image_id,class_index,class_hash,class_label,object_category,background_category,background_subcategory
base,inpainted,0,361,41,0,0.1403363049030304,"[41, 77, 44, 45, 500]","[0.1403363049030304, 0.04279935732483864, 0.038061439990997314, 0.02934785559773445, 0.02906726486980915]",ILSVRC2012_val_00000273,361,n02445715,skunk,animals,misc,
base,inpainted,1,383,132,0,0.1182554960250854,"[132, 330, 646, 410, 292]","[0.11825549602508545, 0.03237593546509743, 0.029210921376943588, 0.028812415897846222, 0.027549730613827705]",ILSVRC2012_val_00000398,383,n02497673,Madagascar_cat,animals,misc,
base,inpainted,2,356,930,0,0.0840347334742546,"[930, 885, 211, 467, 163]","[0.08403473347425461, 0.03423064574599266, 0.02458268404006958, 0.021791554987430573, 0.020992573350667953]",ILSVRC2012_val_00001509,356,n02441942,weasel,animals,misc,
base,inpainted,3,18,748,0,0.1795771121978759,"[748, 735, 677, 968, 709]","[0.17957711219787598, 0.08560403436422348, 0.072281114757061, 0.05958794802427292, 0.049218956381082535]",ILSVRC2012_val_00003665,18,n01582220,magpie,animals,misc,
base,inpainted,4,295,556,0,0.2036197185516357,"[556, 799, 743, 489, 753]","[0.20361971855163574, 0.09571008384227753, 0.06453491002321243, 0.058351658284664154, 0.057954080402851105]",ILSVRC2012_val_00004660,295,n02133161,American_black_bear,animals,misc,
base,inpainted,5,112,78,0,0.0632265582680702,"[78, 816, 257, 245, 199]","[0.06322655826807022, 0.03760746866464615, 0.03389280289411545, 0.03272044286131859, 0.025854917243123055]",ILSVRC2012_val_00010096,112,n01943899,conch,animals,misc,
base,inpainted,6,32,25,0,0.0986150950193405,"[25, 26, 28, 44, 30]","[0.09861509501934052, 0.08840255439281464, 0.0818399041891098, 0.039333246648311615, 0.033571526408195496]",ILSVRC2012_val_00012231,32,n01644900,tailed_frog,animals,misc,
base,inpainted,7,677,642,0,0.1519894152879715,"[642, 320, 696, 767, 542]","[0.1519894152879715, 0.14212100207805634, 0.10155390948057175, 0.09987053275108337, 0.06732787191867828]",ILSVRC2012_val_00012438,677,n03804744,nail,tools_and_hardware,misc,
base,inpainted,8,438,828,0,0.3547705411911011,"[828, 421, 904, 40, 811]","[0.3547705411911011, 0.058077167719602585, 0.04010952636599541, 0.02749793790280819, 0.027361884713172913]",ILSVRC2012_val_00012908,438,n02815834,beaker,household,misc,
base,inpainted,9,409,352,0,0.1328182965517044,"[352, 353, 972, 583, 49]","[0.1328182965517044, 0.07526911795139313, 0.07430668920278549, 0.07016723603010178, 0.058716949075460434]",ILSVRC2012_val_00013244,409,n02708093,analog_clock,technology_and_electronics,misc,
base,inpainted,10,71,893,0,0.1021730452775955,"[893, 421, 799, 446, 636]","[0.10217304527759552, 0.07853200286626816, 0.061487678438425064, 0.04407605528831482, 0.03480741009116173]",ILSVRC2012_val_00014126,71,n01770393,scorpion,animals,misc,
base,inpainted,11,850,905,0,0.934592068195343,"[905, 588, 790, 545, 478]","[0.934592068195343, 0.008820886723697186, 0.005992767866700888, 0.0046913232654333115, 0.0043972874991595745]",ILSVRC2012_val_00015090,850,n04399382,teddy,household,misc,
base,inpainted,12,12,846,0,0.3028839230537414,"[846, 765, 726, 749, 619]","[0.30288392305374146, 0.0925465077161789, 0.04128315672278404, 0.040890954434871674, 0.03326983004808426]",ILSVRC2012_val_00015830,12,n01532829,house_finch,animals,misc,
base,inpainted,13,899,411,0,0.3905241787433624,"[411, 750, 489, 490, 721]","[0.3905241787433624, 0.27449020743370056, 0.11483042687177658, 0.04104640334844589, 0.02688182145357132]",ILSVRC2012_val_00016358,899,n04560804,water_jug,household,misc,
base,inpainted,14,338,460,0,0.0895702391862869,"[460, 978, 425, 525, 562]","[0.08957023918628693, 0.06206518039107323, 0.054036904126405716, 0.048719678074121475, 0.03519316390156746]",ILSVRC2012_val_00016612,338,n02364673,guinea_pig,animals,misc,
base,inpainted,15,17,914,0,0.2282502055168151,"[914, 674, 756, 843, 660]","[0.22825020551681519, 0.05409082770347595, 0.029480695724487305, 0.02732224576175213, 0.02584031969308853]",ILSVRC2012_val_00017975,17,n01580077,jay,animals,misc,
base,inpainted,16,363,692,0,0.1486915498971939,"[692, 458, 549, 478, 922]","[0.1486915498971939, 0.1475704461336136, 0.06738259643316269, 0.04791484773159027, 0.04001618176698685]",ILSVRC2012_val_00018717,363,n02454379,armadillo,animals,misc,
base,inpainted,17,909,492,0,0.1774270683526992,"[492, 427, 478, 519, 921]","[0.17742706835269928, 0.08268557488918304, 0.0723046213388443, 0.06153583526611328, 0.05338658392429352]",ILSVRC2012_val_00019557,909,n04596742,wok,household,misc,
base,inpainted,18,679,679,1,0.3435744941234588,"[679, 725, 723, 929, 999]","[0.34357449412345886, 0.08786439150571823, 0.03214106336236, 0.028449567034840584, 0.025639526546001434]",ILSVRC2012_val_00019798,679,n03814906,necklace,clothing_and_accessories,misc,
base,inpainted,19,618,798,0,0.2336131483316421,"[798, 887, 418, 614, 610]","[0.23361314833164215, 0.1673005372285843, 0.12845052778720856, 0.08747377246618271, 0.03662848100066185]",ILSVRC2012_val_00019976,618,n03633091,ladle,household,misc,
base,inpainted,20,618,616,0,0.1350135803222656,"[616, 121, 533, 775, 794]","[0.13501358032226562, 0.11919043958187103, 0.0695333182811737, 0.06559235602617264, 0.046749286353588104]",ILSVRC2012_val_00022704,618,n03633091,ladle,household,misc,
base,inpainted,21,574,828,0,0.0981627106666565,"[828, 545, 650, 319, 790]","[0.0981627106666565, 0.0816897600889206, 0.07458963245153427, 0.04830809310078621, 0.045441579073667526]",ILSVRC2012_val_00025591,574,n03445777,golf_ball,sports_and_recreation,misc,
base,inpainted,22,658,881,0,0.1298184394836425,"[881, 766, 741, 916, 489]","[0.12981843948364258, 0.10164302587509155, 0.07665418833494186, 0.06493906676769257, 0.04358023405075073]",ILSVRC2012_val_00026827,658,n03775071,mitten,clothing_and_accessories,misc,
base,inpainted,23,461,871,0,0.1743574142456054,"[871, 894, 799, 794, 669]","[0.17435741424560547, 0.1699024736881256, 0.09246092289686203, 0.08117935806512833, 0.05294596776366234]",ILSVRC2012_val_00027658,461,n02895154,breastplate,clothing_and_accessories,misc,
base,inpainted,24,132,703,0,0.3348439931869507,"[703, 581, 835, 421, 538]","[0.3348439931869507, 0.04795048385858536, 0.03851783275604248, 0.02834317646920681, 0.024141782894730568]",ILSVRC2012_val_00028849,132,n02009912,American_egret,animals,misc,
base,inpainted,25,122,519,0,0.9559670686721802,"[519, 525, 492, 677, 769]","[0.9559670686721802, 0.011548077687621117, 0.008267699740827084, 0.007467442192137241, 0.0024607472587376833]",ILSVRC2012_val_00029287,122,n01983481,American_lobster,animals,misc,
base,inpainted,26,12,21,0,0.3197333216667175,"[21, 23, 91, 915, 134]","[0.31973332166671753, 0.15937337279319763, 0.1082746684551239, 0.05950811505317688, 0.058284543454647064]",ILSVRC2012_val_00029709,12,n01532829,house_finch,animals,misc,
base,inpainted,27,679,883,0,0.1234810352325439,"[883, 518, 725, 503, 667]","[0.12348103523254395, 0.06161661446094513, 0.04135177657008171, 0.03477917239069939, 0.033356912434101105]",ILSVRC2012_val_00032707,679,n03814906,necklace,clothing_and_accessories,misc,
base,inpainted,28,23,517,0,0.2214823812246322,"[517, 733, 839, 780, 405]","[0.22148238122463226, 0.12403294444084167, 0.09972716122865677, 0.08000435680150986, 0.06064115837216377]",ILSVRC2012_val_00032889,23,n01616318,vulture,animals,misc,
base,inpainted,29,937,909,0,0.7648040056228638,"[909, 524, 469, 544, 567]","[0.7648040056228638, 0.0702347531914711, 0.038356054574251175, 0.0228981152176857, 0.016069239005446434]",ILSVRC2012_val_00033946,937,n07714990,broccoli,food,misc,
base,inpainted,30,679,429,0,0.2017722725868225,"[429, 673, 622, 725, 773]","[0.2017722725868225, 0.09302548319101334, 0.05048532411456108, 0.05030428245663643, 0.037941765040159225]",ILSVRC2012_val_00034361,679,n03814906,necklace,clothing_and_accessories,misc,
base,inpainted,31,335,282,0,0.1580832451581955,"[282, 263, 338, 287, 162]","[0.1580832451581955, 0.11020749807357788, 0.106112040579319, 0.08940591663122177, 0.08157350867986679]",ILSVRC2012_val_00034812,335,n02356798,fox_squirrel,animals,misc,
base,inpainted,32,76,818,0,0.0890667587518692,"[818, 5, 644, 850, 861]","[0.0890667587518692, 0.07066820561885834, 0.06667586416006088, 0.02391255833208561, 0.02254093997180462]",ILSVRC2012_val_00037280,76,n01774750,tarantula,animals,misc,
base,inpainted,33,851,651,0,0.6523733139038086,"[651, 453, 548, 534, 851]","[0.6523733139038086, 0.08613812178373337, 0.0854683592915535, 0.04979219660162926, 0.03302790969610214]",ILSVRC2012_val_00037523,851,n04404412,television,technology_and_electronics,misc,
base,inpainted,34,770,905,0,0.5024589896202087,"[905, 434, 794, 904, 885]","[0.5024589896202087, 0.05865784361958504, 0.04689200595021248, 0.015071132220327854, 0.014877844601869583]",ILSVRC2012_val_00038439,770,n04120489,running_shoe,clothing_and_accessories,misc,
base,inpainted,35,122,791,0,0.1455845981836319,"[791, 807, 466, 382, 565]","[0.1455845981836319, 0.07202517986297607, 0.05923200398683548, 0.052254416048526764, 0.046199068427085876]",ILSVRC2012_val_00038454,122,n01983481,American_lobster,animals,misc,
base,inpainted,36,712,815,0,0.6414008140563965,"[815, 74, 807, 72, 21]","[0.6414008140563965, 0.06741084903478622, 0.05718149617314339, 0.021167347207665443, 0.019848089665174484]",ILSVRC2012_val_00042149,712,n03920288,Petri_dish,household,misc,
base,inpainted,37,852,410,0,0.2355043441057205,"[410, 47, 694, 599, 38]","[0.23550434410572052, 0.17729902267456055, 0.05736207962036133, 0.05154654383659363, 0.04660671949386597]",ILSVRC2012_val_00042309,852,n04409515,tennis_ball,sports_and_recreation,misc,
base,inpainted,38,12,94,0,0.2066882848739624,"[94, 18, 12, 134, 319]","[0.2066882848739624, 0.16814269125461578, 0.10025417059659958, 0.07190662622451782, 0.02954423986375332]",ILSVRC2012_val_00042370,12,n01532829,house_finch,animals,misc,
base,inpainted,39,849,774,0,0.0787235498428344,"[774, 852, 915, 835, 829]","[0.07872354984283447, 0.04224875941872597, 0.03952133655548096, 0.03290019929409027, 0.03283420205116272]",ILSVRC2012_val_00043087,849,n04398044,teapot,household,misc,
base,inpainted,40,606,664,0,0.2425619661808014,"[664, 598, 532, 851, 846]","[0.2425619661808014, 0.18006740510463715, 0.05029277876019478, 0.04342062771320343, 0.04337001219391823]",ILSVRC2012_val_00044371,606,n03584829,iron,technology_and_electronics,misc,
base,inpainted,41,87,583,0,0.1332547068595886,"[583, 150, 765, 506, 905]","[0.13325470685958862, 0.10616740584373474, 0.09401202946901321, 0.050788912922143936, 0.03854909911751747]",ILSVRC2012_val_00044761,87,n01817953,African_grey,animals,misc,
base,inpainted,42,491,803,0,0.2107513099908828,"[803, 510, 595, 547, 752]","[0.21075130999088287, 0.1205332800745964, 0.09973232448101044, 0.09167904406785965, 0.060002055019140244]",ILSVRC2012_val_00044793,491,n03000684,chain_saw,tools_and_hardware,misc,
base,inpainted,43,964,755,0,0.3106939792633056,"[755, 727, 141, 679, 538]","[0.31069397926330566, 0.17466206848621368, 0.04346511512994766, 0.036366090178489685, 0.0315217450261116]",ILSVRC2012_val_00046375,964,n07875152,potpie,food,misc,
base,inpainted,44,635,492,0,0.1721017211675644,"[492, 664, 620, 782, 681]","[0.1721017211675644, 0.054118476808071136, 0.047857508063316345, 0.04490380734205246, 0.04184529185295105]",ILSVRC2012_val_00048067,635,n03706229,magnetic_compass,technology_and_electronics,misc,
base,inpainted,45,335,904,0,0.1736058443784713,"[904, 357, 337, 314, 98]","[0.17360584437847137, 0.042886409908533096, 0.02709626965224743, 0.021899597719311714, 0.021516786888241768]",ILSVRC2012_val_00049288,335,n02356798,fox_squirrel,animals,misc,
base,inpainted,46,825,825,1,0.0669979527592659,"[825, 580, 192, 258, 328]","[0.0669979527592659, 0.05128098279237747, 0.05085200443863869, 0.04037363827228546, 0.03459743782877922]",ILSVRC2012_val_00003336,825,n04326547,stone_wall,nature,nature,forest
base,inpainted,47,863,863,1,0.1326417922973632,"[863, 336, 733, 825, 979]","[0.13264179229736328, 0.042985595762729645, 0.04045915603637695, 0.026759304106235504, 0.024793289601802826]",ILSVRC2012_val_00004942,863,n04458633,totem_pole,buildings_and_structures,nature,forest
base,inpainted,48,839,328,0,0.0718215033411979,"[328, 863, 815, 381, 384]","[0.07182150334119797, 0.06055211275815964, 0.04614623636007309, 0.042307280004024506, 0.035444363951683044]",ILSVRC2012_val_00005497,839,n04366367,suspension_bridge,buildings_and_structures,nature,forest
base,inpainted,49,257,977,0,0.1260272860527038,"[977, 912, 974, 660, 978]","[0.12602728605270386, 0.0548335500061512, 0.053528785705566406, 0.023533031344413757, 0.02145186811685562]",ILSVRC2012_val_00007246,257,n02111500,Great_Pyrenees,animals,nature,forest
base,inpainted,50,185,293,0,0.3470104336738586,"[293, 888, 649, 646, 425]","[0.34701043367385864, 0.07089825719594955, 0.06933632493019104, 0.061042509973049164, 0.0454285703599453]",ILSVRC2012_val_00008085,185,n02094114,Norfolk_terrier,animals,nature,forest
base,inpainted,51,489,123,0,0.0708197206258773,"[123, 703, 646, 839, 135]","[0.07081972062587738, 0.06069603189826012, 0.051943402737379074, 0.04576209932565689, 0.03797495737671852]",ILSVRC2012_val_00010835,489,n03000134,chainlink_fence,buildings_and_structures,nature,forest
base,inpainted,52,609,84,0,0.0609321780502796,"[84, 346, 274, 271, 295]","[0.06093217805027962, 0.05800885334610939, 0.04152563214302063, 0.03546017035841942, 0.02862250804901123]",ILSVRC2012_val_00013993,609,n03594945,jeep,vehicles,nature,forest
base,inpainted,53,847,815,0,0.4162797331809997,"[815, 329, 979, 116, 390]","[0.41627973318099976, 0.120567686855793, 0.04775051772594452, 0.03035648725926876, 0.01673358678817749]",ILSVRC2012_val_00020377,847,n04389033,tank,vehicles,nature,forest
base,inpainted,54,544,336,0,0.0604857988655567,"[336, 295, 84, 86, 374]","[0.06048579886555672, 0.05898508056998253, 0.0421564057469368, 0.03587036579847336, 0.033305633813142776]",ILSVRC2012_val_00021640,544,n03259280,Dutch_oven,household,nature,forest
base,inpainted,55,179,970,0,0.1277240514755249,"[970, 815, 975, 979, 973]","[0.1277240514755249, 0.1023302972316742, 0.05912671610713005, 0.05642284080386162, 0.05286240205168724]",ILSVRC2012_val_00027428,179,n02093256,Staffordshire_bullterrier,animals,nature,forest
base,inpainted,56,174,825,0,0.1161424443125724,"[825, 271, 352, 295, 134]","[0.11614244431257248, 0.040397290140390396, 0.036039192229509354, 0.031757984310388565, 0.02643059566617012]",ILSVRC2012_val_00028021,174,n02091467,Norwegian_elkhound,animals,nature,forest
base,inpainted,57,349,825,0,0.1231550425291061,"[825, 979, 853, 671, 349]","[0.12315504252910614, 0.053012214601039886, 0.04093531519174576, 0.0353279635310173, 0.032798368483781815]",ILSVRC2012_val_00030991,349,n02415577,bighorn,animals,nature,forest
base,inpainted,58,277,331,0,0.1363919526338577,"[331, 135, 133, 815, 330]","[0.13639195263385773, 0.07879218459129333, 0.066625215113163, 0.05401863157749176, 0.04623034596443176]",ILSVRC2012_val_00032623,277,n02119022,red_fox,animals,nature,forest
base,inpainted,59,518,979,0,0.1305533647537231,"[979, 730, 525, 912, 974]","[0.13055336475372314, 0.0838710144162178, 0.06272899359464645, 0.054963525384664536, 0.05006806179881096]",ILSVRC2012_val_00033284,518,n03127747,crash_helmet,clothing_and_accessories,nature,forest
base,inpainted,60,958,425,0,0.4533389806747436,"[425, 825, 888, 866, 880]","[0.45333898067474365, 0.03916415199637413, 0.03278309851884842, 0.02463432401418686, 0.023434117436408997]",ILSVRC2012_val_00034689,958,n07802026,hay,nature,nature,forest
base,inpainted,61,385,9,0,0.1692179590463638,"[9, 649, 703, 603, 386]","[0.16921795904636383, 0.09576090425252914, 0.09112697839736938, 0.06990273296833038, 0.06941182166337967]",ILSVRC2012_val_00035137,385,n02504013,Indian_elephant,animals,nature,forest
base,inpainted,62,830,825,0,0.2167126834392547,"[825, 425, 621, 522, 646]","[0.21671268343925476, 0.09217696636915207, 0.053303737193346024, 0.03477993980050087, 0.033046867698431015]",ILSVRC2012_val_00037267,830,n04336792,stretcher,sports_and_recreation,nature,forest
base,inpainted,63,132,282,0,0.0712963566184043,"[282, 331, 271, 362, 330]","[0.07129635661840439, 0.05960582569241524, 0.03927147388458252, 0.035258565098047256, 0.03015233762562275]",ILSVRC2012_val_00037714,132,n02009912,American_egret,animals,nature,forest
base,inpainted,64,354,912,0,0.3207407593727112,"[912, 9, 703, 290, 580]","[0.3207407593727112, 0.11605687439441681, 0.0745975449681282, 0.05672219395637512, 0.04498230665922165]",ILSVRC2012_val_00037772,354,n02437312,Arabian_camel,animals,nature,forest
base,inpainted,65,879,912,0,0.2726075649261474,"[912, 975, 980, 703, 984]","[0.27260756492614746, 0.20608627796173096, 0.08028264343738556, 0.04954893887042999, 0.03696808964014053]",ILSVRC2012_val_00038295,879,n04507155,umbrella,household,nature,forest
base,inpainted,66,807,839,0,0.487278014421463,"[839, 979, 646, 975, 671]","[0.487278014421463, 0.10420539230108261, 0.033031921833753586, 0.020747318863868713, 0.019461113959550858]",ILSVRC2012_val_00038855,807,n04258138,solar_dish,buildings_and_structures,nature,forest
base,inpainted,67,863,958,0,0.2056983411312103,"[958, 863, 825, 425, 912]","[0.20569834113121033, 0.0708521157503128, 0.06496710330247879, 0.05449008569121361, 0.04860677197575569]",ILSVRC2012_val_00039521,863,n04458633,totem_pole,buildings_and_structures,nature,forest
base,inpainted,68,821,979,0,0.894208550453186,"[979, 972, 970, 975, 825]","[0.894208550453186, 0.017120037227869034, 0.011513213627040386, 0.009565884247422218, 0.007603762671351433]",ILSVRC2012_val_00041187,821,n04311004,steel_arch_bridge,buildings_and_structures,nature,forest
base,inpainted,69,656,649,0,0.1638851910829544,"[649, 386, 888, 839, 825]","[0.1638851910829544, 0.0876462534070015, 0.045193787664175034, 0.04515201598405838, 0.039229728281497955]",ILSVRC2012_val_00041490,656,n03770679,minivan,vehicles,nature,forest
base,inpainted,70,614,912,0,0.2712125778198242,"[912, 89, 904, 18, 4]","[0.2712125778198242, 0.11029177159070969, 0.10558746755123138, 0.09626354277133942, 0.09041423350572586]",ILSVRC2012_val_00041615,614,n03617480,kimono,clothing_and_accessories,nature,forest
base,inpainted,71,294,295,0,0.1240231320261955,"[295, 839, 979, 972, 858]","[0.12402313202619553, 0.10119687765836716, 0.09332451969385147, 0.06709856539964676, 0.061801593750715256]",ILSVRC2012_val_00042274,294,n02132136,brown_bear,animals,nature,forest
base,inpainted,72,870,730,0,0.1728052198886871,"[730, 912, 274, 340, 825]","[0.17280521988868713, 0.058610640466213226, 0.0480477511882782, 0.03351079300045967, 0.030590197071433067]",ILSVRC2012_val_00043685,870,n04482393,tricycle,vehicles,nature,forest
base,inpainted,73,346,649,0,0.1465938538312912,"[649, 825, 101, 343, 562]","[0.1465938538312912, 0.05715154856443405, 0.040734123438596725, 0.03552495688199997, 0.030772272497415543]",ILSVRC2012_val_00047750,346,n02408429,water_buffalo,animals,nature,forest
base,inpainted,74,194,404,0,0.0525628440082073,"[404, 80, 537, 802, 212]","[0.05256284400820732, 0.05151171609759331, 0.04367092251777649, 0.03686368465423584, 0.025305746123194695]",ILSVRC2012_val_00047757,194,n02096437,Dandie_Dinmont,animals,nature,forest
base,inpainted,75,287,342,0,0.2677554488182068,"[342, 233, 350, 189, 269]","[0.2677554488182068, 0.10838260501623154, 0.06890254467725754, 0.03952335566282272, 0.03642632067203522]",ILSVRC2012_val_00047955,287,n02127052,lynx,animals,nature,forest
base,inpainted,76,295,295,1,0.0673643127083778,"[295, 364, 274, 269, 271]","[0.06736431270837784, 0.05158016458153725, 0.039333783090114594, 0.03927386924624443, 0.03607015684247017]",ILSVRC2012_val_00049973,295,n02133161,American_black_bear,animals,nature,forest
base,inpainted,77,92,128,0,0.4273397624492645,"[128, 91, 131, 80, 138]","[0.4273397624492645, 0.297401487827301, 0.07072748243808746, 0.03254949301481247, 0.026684194803237915]",ILSVRC2012_val_00000051,92,n01828970,bee_eater,animals,nature,tree
base,inpainted,78,17,989,0,0.2356910407543182,"[989, 957, 94, 14, 988]","[0.23569104075431824, 0.15474724769592285, 0.06338101625442505, 0.06152614578604698, 0.04865638166666031]",ILSVRC2012_val_00000880,17,n01580077,jay,animals,nature,tree
base,inpainted,79,105,89,0,0.1993405371904373,"[89, 489, 806, 491, 17]","[0.19934053719043732, 0.08760939538478851, 0.04968101158738136, 0.03480956330895424, 0.03293679654598236]",ILSVRC2012_val_00000970,105,n01882714,koala,animals,nature,tree
base,inpainted,80,356,904,0,0.0663055926561355,"[904, 24, 706, 206, 448]","[0.06630559265613556, 0.060317862778902054, 0.05256024748086929, 0.04222279414534569, 0.040724556893110275]",ILSVRC2012_val_00001386,356,n02441942,weasel,animals,nature,tree
base,inpainted,81,14,95,0,0.248985081911087,"[95, 364, 16, 91, 14]","[0.24898508191108704, 0.1308501660823822, 0.12395723164081573, 0.11478753387928009, 0.08525022119283676]",ILSVRC2012_val_00002449,14,n01537544,indigo_bunting,animals,nature,tree
base,inpainted,82,378,378,1,0.2345755398273468,"[378, 364, 913, 957, 321]","[0.2345755398273468, 0.09930838644504547, 0.053903978317976, 0.03431596979498863, 0.033626895397901535]",ILSVRC2012_val_00004190,378,n02492035,capuchin,animals,nature,tree
base,inpainted,83,59,382,0,0.2152833789587021,"[382, 313, 95, 14, 378]","[0.2152833789587021, 0.14591063559055328, 0.13915376365184784, 0.06785746663808823, 0.03703521192073822]",ILSVRC2012_val_00005262,59,n01739381,vine_snake,animals,nature,tree
base,inpainted,84,95,59,0,0.1927906423807144,"[59, 95, 315, 47, 19]","[0.19279064238071442, 0.10645692050457001, 0.09757443517446518, 0.06883038580417633, 0.05239146202802658]",ILSVRC2012_val_00007284,95,n01843065,jacamar,animals,nature,tree
base,inpainted,85,95,46,0,0.1095953285694122,"[46, 313, 14, 311, 42]","[0.10959532856941223, 0.09740771353244781, 0.07410896569490433, 0.056126344949007034, 0.05112262815237045]",ILSVRC2012_val_00008155,95,n01843065,jacamar,animals,nature,tree
base,inpainted,86,379,379,1,0.1913557946681976,"[379, 387, 375, 381, 364]","[0.19135579466819763, 0.14222756028175354, 0.08962202072143555, 0.06291958689689636, 0.061255261301994324]",ILSVRC2012_val_00009461,379,n02492660,howler_monkey,animals,nature,tree
base,inpainted,87,382,46,0,0.1719206422567367,"[46, 40, 380, 91, 315]","[0.17192064225673676, 0.09125501662492752, 0.08472546935081482, 0.053690992295742035, 0.05237546190619469]",ILSVRC2012_val_00009947,382,n02494079,squirrel_monkey,animals,nature,tree
base,inpainted,88,10,92,0,0.2034086436033249,"[92, 382, 10, 95, 94]","[0.2034086436033249, 0.17273113131523132, 0.13518790900707245, 0.06993692368268967, 0.05586439371109009]",ILSVRC2012_val_00010393,10,n01530575,brambling,animals,nature,tree
base,inpainted,89,383,142,0,0.1615132093429565,"[142, 98, 140, 141, 133]","[0.16151320934295654, 0.07557255029678345, 0.07120946794748306, 0.06229698657989502, 0.048026371747255325]",ILSVRC2012_val_00010645,383,n02497673,Madagascar_cat,animals,nature,tree
base,inpainted,90,378,955,0,0.2893390953540802,"[955, 381, 379, 364, 378]","[0.2893390953540802, 0.12053951621055603, 0.10908588767051697, 0.09782089293003082, 0.060281965881586075]",ILSVRC2012_val_00011032,378,n02492035,capuchin,animals,nature,tree
base,inpainted,91,376,383,0,0.1334849894046783,"[383, 367, 387, 51, 369]","[0.13348498940467834, 0.11963371932506561, 0.08791934698820114, 0.08166873455047607, 0.05519594997167587]",ILSVRC2012_val_00011998,376,n02489166,proboscis_monkey,animals,nature,tree
base,inpainted,92,21,82,0,0.1769929826259613,"[82, 91, 288, 24, 15]","[0.1769929826259613, 0.12130501121282578, 0.08748871088027954, 0.08098801970481873, 0.055903829634189606]",ILSVRC2012_val_00013095,21,n01608432,kite,sports_and_recreation,nature,tree
base,inpainted,93,275,825,0,0.0945972502231597,"[825, 14, 984, 24, 972]","[0.09459725022315979, 0.08721063286066055, 0.08396328240633011, 0.08223608881235123, 0.07142945379018784]",ILSVRC2012_val_00014250,275,n02116738,African_hunting_dog,animals,nature,tree
base,inpainted,94,85,815,0,0.146987497806549,"[815, 74, 387, 295, 93]","[0.14698749780654907, 0.12537603080272675, 0.05404259264469147, 0.043963853269815445, 0.03304653987288475]",ILSVRC2012_val_00016421,85,n01806567,quail,animals,nature,tree
base,inpainted,95,383,271,0,0.0902246534824371,"[271, 274, 580, 371, 294]","[0.09022465348243713, 0.06143546104431152, 0.037179820239543915, 0.03018375299870968, 0.0286223404109478]",ILSVRC2012_val_00017654,383,n02497673,Madagascar_cat,animals,nature,tree
base,inpainted,96,18,133,0,0.1349685341119766,"[133, 14, 12, 11, 15]","[0.13496853411197662, 0.06662748754024506, 0.04481438919901848, 0.04120003804564476, 0.03753068298101425]",ILSVRC2012_val_00018250,18,n01582220,magpie,animals,nature,tree
base,inpainted,97,326,82,0,0.198437362909317,"[82, 10, 17, 13, 139]","[0.19843736290931702, 0.1813105195760727, 0.1406518518924713, 0.062307070940732956, 0.05411809682846069]",ILSVRC2012_val_00018935,326,n02281787,lycaenid,animals,nature,tree
base,inpainted,98,379,88,0,0.2606686353683471,"[88, 379, 96, 378, 387]","[0.26066863536834717, 0.1767449676990509, 0.06213338300585747, 0.05962945148348808, 0.05800079554319382]",ILSVRC2012_val_00019099,379,n02492660,howler_monkey,animals,nature,tree
base,inpainted,99,378,24,0,0.1273436695337295,"[24, 373, 374, 406, 376]","[0.12734366953372955, 0.12200719863176346, 0.10516434162855148, 0.07912485301494598, 0.054444920271635056]",ILSVRC2012_val_00019129,378,n02492035,capuchin,animals,nature,tree
base,inpainted,100,378,334,0,0.218323066830635,"[334, 84, 135, 133, 580]","[0.21832306683063507, 0.16626131534576416, 0.0532887764275074, 0.03435850515961647, 0.03298696503043175]",ILSVRC2012_val_00019432,378,n02492035,capuchin,animals,nature,tree
base,inpainted,101,379,15,0,0.1064348369836807,"[15, 12, 19, 11, 91]","[0.10643483698368073, 0.08856730163097382, 0.061981137841939926, 0.04493096470832825, 0.04139629006385803]",ILSVRC2012_val_00021147,379,n02492660,howler_monkey,animals,nature,tree
base,inpainted,102,12,13,0,0.2422336041927337,"[13, 142, 92, 77, 303]","[0.24223360419273376, 0.14790748059749603, 0.0920422226190567, 0.07712441682815552, 0.06083061918616295]",ILSVRC2012_val_00021523,12,n01532829,house_finch,animals,nature,tree
base,inpainted,103,18,335,0,0.3690033555030823,"[335, 156, 20, 152, 387]","[0.3690033555030823, 0.18293142318725586, 0.056571558117866516, 0.04874006658792496, 0.04680696874856949]",ILSVRC2012_val_00021956,18,n01582220,magpie,animals,nature,tree
base,inpainted,104,428,135,0,0.1369464695453643,"[135, 825, 716, 703, 50]","[0.13694646954536438, 0.048559077084064484, 0.03684015944600105, 0.024788910523056984, 0.022825118154287338]",ILSVRC2012_val_00023460,428,n02797295,barrow,vehicles,nature,tree
base,inpainted,105,376,955,0,0.1098623350262641,"[955, 364, 381, 378, 379]","[0.10986233502626419, 0.0993187204003334, 0.050031665712594986, 0.049930211156606674, 0.027472659945487976]",ILSVRC2012_val_00023642,376,n02489166,proboscis_monkey,animals,nature,tree
base,inpainted,106,379,131,0,0.1036152765154838,"[131, 91, 989, 944, 14]","[0.10361527651548386, 0.0907147228717804, 0.08672535419464111, 0.07012518495321274, 0.06240406259894371]",ILSVRC2012_val_00024386,379,n02492660,howler_monkey,animals,nature,tree
base,inpainted,107,19,55,0,0.4811899662017822,"[55, 59, 64, 939, 96]","[0.4811899662017822, 0.1880892962217331, 0.04718250408768654, 0.030572371557354927, 0.02416629157960415]",ILSVRC2012_val_00025692,19,n01592084,chickadee,animals,nature,tree
base,inpainted,108,18,22,0,0.2272230833768844,"[22, 374, 18, 448, 379]","[0.22722308337688446, 0.10037189722061157, 0.0720362588763237, 0.06775666028261185, 0.05001688003540039]",ILSVRC2012_val_00025806,18,n01582220,magpie,animals,nature,tree
base,inpainted,109,95,60,0,0.2289305329322815,"[60, 44, 54, 994, 68]","[0.2289305329322815, 0.08717568218708038, 0.080031618475914, 0.05397309735417366, 0.035938918590545654]",ILSVRC2012_val_00025937,95,n01843065,jacamar,animals,nature,tree
base,inpainted,110,95,133,0,0.55259108543396,"[133, 315, 91, 313, 64]","[0.55259108543396, 0.08563821762800217, 0.0828581154346466, 0.060259412974119186, 0.043241556733846664]",ILSVRC2012_val_00026023,95,n01843065,jacamar,animals,nature,tree
base,inpainted,111,17,11,0,0.2588829696178436,"[11, 95, 303, 16, 17]","[0.25888296961784363, 0.14641304314136505, 0.1457919031381607, 0.061590392142534256, 0.043390579521656036]",ILSVRC2012_val_00026656,17,n01580077,jay,animals,nature,tree
base,inpainted,112,232,49,0,0.0450593568384647,"[49, 135, 351, 307, 352]","[0.04505935683846474, 0.036646660417318344, 0.03617725148797035, 0.029675021767616272, 0.02475351095199585]",ILSVRC2012_val_00027583,232,n02106166,Border_collie,animals,nature,tree
base,inpainted,113,382,77,0,0.0632669553160667,"[77, 93, 90, 91, 985]","[0.06326695531606674, 0.04754718393087387, 0.037289489060640335, 0.034922726452350616, 0.03258417174220085]",ILSVRC2012_val_00030667,382,n02494079,squirrel_monkey,animals,nature,tree
base,inpainted,114,622,376,0,0.6457424163818359,"[376, 988, 352, 986, 382]","[0.6457424163818359, 0.07530980557203293, 0.03563607484102249, 0.03476017713546753, 0.01717992126941681]",ILSVRC2012_val_00030683,622,n03657121,lens_cap,household,nature,tree
base,inpainted,115,372,329,0,0.1395515948534011,"[329, 396, 924, 397, 295]","[0.13955159485340118, 0.06708323955535889, 0.0642259418964386, 0.03991973400115967, 0.026589030399918556]",ILSVRC2012_val_00030727,372,n02486410,baboon,animals,nature,tree
base,inpainted,116,313,610,0,0.0588865205645561,"[610, 917, 985, 607, 74]","[0.05888652056455612, 0.04303593933582306, 0.03644215315580368, 0.03599507734179497, 0.030404508113861084]",ILSVRC2012_val_00030778,313,n02231487,walking_stick,animals,nature,tree
base,inpainted,117,18,348,0,0.1449145525693893,"[348, 350, 349, 825, 352]","[0.14491455256938934, 0.1138158068060875, 0.08043824881315231, 0.06942283362150192, 0.04498101770877838]",ILSVRC2012_val_00030845,18,n01582220,magpie,animals,nature,tree
base,inpainted,118,919,368,0,0.1321977376937866,"[368, 733, 374, 88, 955]","[0.13219773769378662, 0.09931784868240356, 0.08118054270744324, 0.0734013095498085, 0.06728793680667877]",ILSVRC2012_val_00031351,919,n06794110,street_sign,buildings_and_structures,nature,tree
base,inpainted,119,92,93,0,0.4192847907543182,"[93, 22, 23, 21, 14]","[0.41928479075431824, 0.3184036314487457, 0.1349288821220398, 0.07262573391199112, 0.011988487094640732]",ILSVRC2012_val_00031824,92,n01828970,bee_eater,animals,nature,tree
base,inpainted,120,75,286,0,0.3172028064727783,"[286, 280, 272, 269, 278]","[0.3172028064727783, 0.12637615203857422, 0.12397046387195587, 0.039508141577243805, 0.03687750920653343]",ILSVRC2012_val_00035651,75,n01774384,black_widow,animals,nature,tree
base,inpainted,121,379,379,1,0.2533020079135895,"[379, 382, 378, 364, 375]","[0.2533020079135895, 0.08607947826385498, 0.0769285261631012, 0.04931353032588959, 0.04864274710416794]",ILSVRC2012_val_00036365,379,n02492660,howler_monkey,animals,nature,tree
base,inpainted,122,272,335,0,0.1347717046737671,"[335, 330, 331, 84, 15]","[0.1347717046737671, 0.12786263227462769, 0.08410569280385971, 0.0719781145453453, 0.04803632199764252]",ILSVRC2012_val_00036997,272,n02114855,coyote,animals,nature,tree
base,inpainted,123,86,349,0,0.1171625927090644,"[349, 984, 580, 348, 562]","[0.11716259270906448, 0.08036661893129349, 0.06428012251853943, 0.049107298254966736, 0.03790963441133499]",ILSVRC2012_val_00037024,86,n01807496,partridge,animals,nature,tree
base,inpainted,124,275,825,0,0.077368676662445,"[825, 984, 735, 295, 794]","[0.07736867666244507, 0.058884840458631516, 0.04855771362781525, 0.03981443867087364, 0.035178814083337784]",ILSVRC2012_val_00037354,275,n02116738,African_hunting_dog,animals,nature,tree
base,inpainted,125,387,912,0,0.1029401719570159,"[912, 318, 128, 44, 387]","[0.10294017195701599, 0.0952114537358284, 0.07141679525375366, 0.030528584495186806, 0.02849949151277542]",ILSVRC2012_val_00038134,387,n02509815,lesser_panda,animals,nature,tree
base,inpainted,126,12,79,0,0.2202890962362289,"[79, 94, 992, 325, 315]","[0.22028909623622894, 0.08768580853939056, 0.049286264926195145, 0.0476742647588253, 0.0461200475692749]",ILSVRC2012_val_00038160,12,n01532829,house_finch,animals,nature,tree
base,inpainted,127,17,12,0,0.4408928453922272,"[12, 74, 10, 17, 16]","[0.4408928453922272, 0.060471102595329285, 0.05552094429731369, 0.051556434482336044, 0.04139666259288788]",ILSVRC2012_val_00040412,17,n01580077,jay,animals,nature,tree
base,inpainted,128,899,703,0,0.1816633194684982,"[703, 26, 912, 14, 135]","[0.18166331946849823, 0.1649133265018463, 0.036938972771167755, 0.023243801668286324, 0.02023598551750183]",ILSVRC2012_val_00041304,899,n04560804,water_jug,household,nature,tree
base,inpainted,129,365,9,0,0.1984537094831466,"[9, 376, 384, 88, 40]","[0.19845370948314667, 0.08670949935913086, 0.06959700584411621, 0.06774519383907318, 0.0357997789978981]",ILSVRC2012_val_00042045,365,n02480495,orangutan,animals,nature,tree
base,inpainted,130,335,334,0,0.0877266377210617,"[334, 287, 84, 43, 82]","[0.0877266377210617, 0.03136865049600601, 0.030637364834547043, 0.030457761138677597, 0.0286750178784132]",ILSVRC2012_val_00042187,335,n02356798,fox_squirrel,animals,nature,tree
base,inpainted,131,23,81,0,0.3080213963985443,"[81, 825, 50, 274, 280]","[0.3080213963985443, 0.11790410429239273, 0.029483195394277573, 0.0286344476044178, 0.0185797531157732]",ILSVRC2012_val_00042788,23,n01616318,vulture,animals,nature,tree
base,inpainted,132,379,682,0,0.9971490502357484,"[682, 442, 483, 914, 777]","[0.9971490502357483, 0.0005526863969862461, 0.0002732369175646454, 0.000230963749345392, 0.00019392072863411158]",ILSVRC2012_val_00043945,379,n02492660,howler_monkey,animals,nature,tree
base,inpainted,133,988,988,1,0.1394750624895095,"[988, 738, 954, 847, 990]","[0.13947506248950958, 0.08310282975435257, 0.07511825859546661, 0.04397261142730713, 0.030143238604068756]",ILSVRC2012_val_00045517,988,n12267677,acorn,food,nature,tree
base,inpainted,134,988,16,0,0.6587504744529724,"[16, 95, 92, 988, 14]","[0.6587504744529724, 0.1591423749923706, 0.0739002376794815, 0.06495083123445511, 0.010636311955749989]",ILSVRC2012_val_00045530,988,n12267677,acorn,food,nature,tree
base,inpainted,135,17,14,0,0.6301101446151733,"[14, 320, 15, 989, 95]","[0.6301101446151733, 0.061917416751384735, 0.05224750563502312, 0.04447944462299347, 0.037758249789476395]",ILSVRC2012_val_00046280,17,n01580077,jay,animals,nature,tree
base,inpainted,136,18,364,0,0.1300193220376968,"[364, 90, 91, 16, 13]","[0.13001932203769684, 0.11939063668251038, 0.0881037637591362, 0.06909608095884323, 0.04972250387072563]",ILSVRC2012_val_00047827,18,n01582220,magpie,animals,nature,tree
base,inpainted,137,39,381,0,0.1083568558096885,"[381, 448, 88, 382, 90]","[0.10835685580968857, 0.0894748866558075, 0.08776403218507767, 0.0655461773276329, 0.045094944536685944]",ILSVRC2012_val_00048467,39,n01677366,common_iguana,animals,nature,tree
base,inpainted,138,335,14,0,0.135423868894577,"[14, 15, 16, 924, 379]","[0.13542386889457703, 0.047576937824487686, 0.04575154185295105, 0.041834138333797455, 0.03753526136279106]",ILSVRC2012_val_00048669,335,n02356798,fox_squirrel,animals,nature,tree
base,inpainted,139,376,368,0,0.1292311251163482,"[368, 74, 815, 375, 448]","[0.12923112511634827, 0.10206151008605957, 0.06875178962945938, 0.03977192938327789, 0.03593776375055313]",ILSVRC2012_val_00049194,376,n02489166,proboscis_monkey,animals,nature,tree
base,inpainted,140,18,131,0,0.0779097750782966,"[131, 337, 133, 363, 298]","[0.07790977507829666, 0.06595490872859955, 0.04095606133341789, 0.032866574823856354, 0.02922205999493599]",ILSVRC2012_val_00000476,18,n01582220,magpie,animals,nature,river
base,inpainted,141,134,58,0,0.1102081760764122,"[58, 116, 142, 295, 287]","[0.1102081760764122, 0.05795871466398239, 0.0506843738257885, 0.04138040170073509, 0.04068624973297119]",ILSVRC2012_val_00000648,134,n02012849,crane,vehicles,nature,river
base,inpainted,142,294,972,0,0.4212294220924377,"[972, 976, 979, 500, 970]","[0.42122942209243774, 0.20508497953414917, 0.14144663512706757, 0.03839397802948952, 0.030625533312559128]",ILSVRC2012_val_00000871,294,n02132136,brown_bear,animals,nature,river
base,inpainted,143,472,628,0,0.1613364368677139,"[628, 536, 408, 833, 580]","[0.16133643686771393, 0.07257834076881409, 0.07184122502803802, 0.056868117302656174, 0.03288597613573074]",ILSVRC2012_val_00001326,472,n02951358,canoe,vehicles,nature,river
base,inpainted,144,354,975,0,0.3093607425689697,"[975, 703, 977, 525, 912]","[0.3093607425689697, 0.1866993010044098, 0.06394585967063904, 0.03876423090696335, 0.03823103755712509]",ILSVRC2012_val_00003409,354,n02437312,Arabian_camel,animals,nature,river
base,inpainted,145,134,50,0,0.2894130647182464,"[50, 84, 133, 49, 336]","[0.28941306471824646, 0.04982373118400574, 0.04777730628848076, 0.03362349793314934, 0.02453603968024254]",ILSVRC2012_val_00003472,134,n02012849,crane,vehicles,nature,river
base,inpainted,146,821,975,0,0.4079340696334839,"[975, 460, 888, 525, 449]","[0.4079340696334839, 0.1833764761686325, 0.08695188909769058, 0.055449433624744415, 0.042917318642139435]",ILSVRC2012_val_00003589,821,n04311004,steel_arch_bridge,buildings_and_structures,nature,river
base,inpainted,147,391,460,0,0.2514298260211944,"[460, 780, 833, 975, 144]","[0.25142982602119446, 0.2060452550649643, 0.11079800128936768, 0.07421790063381195, 0.05288410559296608]",ILSVRC2012_val_00003806,391,n02536864,coho,animals,nature,river
base,inpainted,148,391,977,0,0.2743279933929443,"[977, 975, 460, 821, 755]","[0.27432799339294434, 0.11197257786989212, 0.08674804866313934, 0.07549122720956802, 0.0751577690243721]",ILSVRC2012_val_00005190,391,n02536864,coho,animals,nature,river
base,inpainted,149,821,908,0,0.1401754468679428,"[908, 895, 404, 795, 977]","[0.1401754468679428, 0.0806989073753357, 0.04932039976119995, 0.04509971663355827, 0.0374092198908329]",ILSVRC2012_val_00005992,821,n04311004,steel_arch_bridge,buildings_and_structures,nature,river
base,inpainted,150,576,576,1,0.1341318041086197,"[576, 469, 150, 391, 33]","[0.1341318041086197, 0.05306551232933998, 0.04462963342666626, 0.0349515862762928, 0.032366715371608734]",ILSVRC2012_val_00007763,576,n03447447,gondola,vehicles,nature,river
base,inpainted,151,140,140,1,0.409610241651535,"[140, 129, 146, 132, 131]","[0.40961024165153503, 0.07494217157363892, 0.0564548522233963, 0.05318029224872589, 0.05212990939617157]",ILSVRC2012_val_00010176,140,n02027492,red-backed_sandpiper,animals,nature,river
base,inpainted,152,852,98,0,0.1082233563065528,"[98, 143, 137, 814, 337]","[0.10822335630655289, 0.0963924452662468, 0.09382481873035431, 0.0788872018456459, 0.057892609387636185]",ILSVRC2012_val_00010370,852,n04409515,tennis_ball,sports_and_recreation,nature,river
base,inpainted,153,576,979,0,0.2261404395103454,"[979, 825, 525, 472, 646]","[0.22614043951034546, 0.08243604749441147, 0.058009445667266846, 0.045717138797044754, 0.04463198035955429]",ILSVRC2012_val_00012445,576,n03447447,gondola,vehicles,nature,river
base,inpainted,154,472,975,0,0.1819945722818374,"[975, 346, 603, 472, 408]","[0.18199457228183746, 0.12670746445655823, 0.044001251459121704, 0.04022521525621414, 0.034737616777420044]",ILSVRC2012_val_00013191,472,n02951358,canoe,vehicles,nature,river
base,inpainted,155,258,143,0,0.1015880331397056,"[143, 975, 99, 347, 867]","[0.10158803313970566, 0.06698956340551376, 0.05325048044323921, 0.05078992620110512, 0.03796901926398277]",ILSVRC2012_val_00013501,258,n02111889,Samoyed,animals,nature,river
base,inpainted,156,143,143,1,0.236563503742218,"[143, 141, 131, 49, 50]","[0.23656350374221802, 0.17022854089736938, 0.1433102935552597, 0.05669143423438072, 0.050821453332901]",ILSVRC2012_val_00014991,143,n02037110,oystercatcher,animals,nature,river
base,inpainted,157,198,888,0,0.1225686892867088,"[888, 425, 730, 825, 525]","[0.12256868928670883, 0.10985802859067917, 0.05126257240772247, 0.045199643820524216, 0.03725866973400116]",ILSVRC2012_val_00015427,198,n02097209,standard_schnauzer,animals,nature,river
base,inpainted,158,236,975,0,0.5049533247947693,"[975, 984, 958, 472, 979]","[0.5049533247947693, 0.09834658354520798, 0.05860742926597595, 0.05175171047449112, 0.025166520848870277]",ILSVRC2012_val_00016451,236,n02107142,Doberman,animals,nature,river
base,inpainted,159,576,576,1,0.9830744862556458,"[576, 449, 663, 483, 873]","[0.9830744862556458, 0.002783696400001645, 0.002391715534031391, 0.0018411255441606045, 0.001432902179658413]",ILSVRC2012_val_00016468,576,n03447447,gondola,vehicles,nature,river
base,inpainted,160,483,970,0,0.0775587633252143,"[970, 483, 972, 979, 975]","[0.07755876332521439, 0.07623793929815292, 0.06967342644929886, 0.04163770750164986, 0.02607143297791481]",ILSVRC2012_val_00019214,483,n02980441,castle,buildings_and_structures,nature,river
base,inpainted,161,727,727,1,0.1615877002477646,"[727, 975, 937, 835, 977]","[0.1615877002477646, 0.14412328600883484, 0.10523439198732376, 0.09483056515455246, 0.05215759202837944]",ILSVRC2012_val_00019242,727,n03956157,planetarium,buildings_and_structures,nature,river
base,inpainted,162,238,337,0,0.2161282449960708,"[337, 100, 360, 344, 50]","[0.21612824499607086, 0.1508648544549942, 0.07384024560451508, 0.0698423683643341, 0.05763087049126625]",ILSVRC2012_val_00019535,238,n02107574,Greater_Swiss_Mountain_dog,animals,nature,river
base,inpainted,163,385,294,0,0.2046286016702652,"[294, 344, 336, 276, 20]","[0.2046286016702652, 0.07979968190193176, 0.07203054428100586, 0.07034914195537567, 0.03861352801322937]",ILSVRC2012_val_00020144,385,n02504013,Indian_elephant,animals,nature,river
base,inpainted,164,472,718,0,0.4659618735313415,"[718, 408, 821, 977, 460]","[0.46596187353134155, 0.09569705277681351, 0.09292487800121307, 0.052092596888542175, 0.04428822919726372]",ILSVRC2012_val_00021156,472,n02951358,canoe,vehicles,nature,river
base,inpainted,165,140,142,0,0.3925961256027221,"[142, 49, 141, 139, 140]","[0.39259612560272217, 0.14428186416625977, 0.10577934980392456, 0.05272471532225609, 0.029274417087435722]",ILSVRC2012_val_00021656,140,n02027492,red-backed_sandpiper,animals,nature,river
base,inpainted,166,352,50,0,0.4432310163974762,"[50, 49, 48, 460, 977]","[0.4432310163974762, 0.16790726780891418, 0.03743492439389229, 0.03501863405108452, 0.018400888890028]",ILSVRC2012_val_00024266,352,n02422699,impala,animals,nature,river
base,inpainted,167,292,888,0,0.1693684011697769,"[888, 294, 272, 274, 278]","[0.16936840116977692, 0.1233351081609726, 0.07618235051631927, 0.06438647210597992, 0.05945729836821556]",ILSVRC2012_val_00025213,292,n02129604,tiger,animals,nature,river
base,inpainted,168,806,525,0,0.2553358376026153,"[525, 975, 332, 984, 279]","[0.25533583760261536, 0.24361993372440338, 0.10569411516189575, 0.018547337502241135, 0.017569849267601967]",ILSVRC2012_val_00025297,806,n04254777,sock,clothing_and_accessories,nature,river
base,inpainted,169,449,716,0,0.1723268330097198,"[716, 958, 853, 425, 706]","[0.17232683300971985, 0.16531261801719666, 0.11933816224336624, 0.08877412229776382, 0.05390012264251709]",ILSVRC2012_val_00025453,449,n02859443,boathouse,buildings_and_structures,nature,river
base,inpainted,170,164,825,0,0.2721977531909942,"[825, 74, 70, 50, 313]","[0.27219775319099426, 0.05272694677114487, 0.04458031430840492, 0.04291531816124916, 0.038769278675317764]",ILSVRC2012_val_00025655,164,n02088632,bluetick,animals,nature,river
base,inpainted,171,909,460,0,0.6188258528709412,"[460, 979, 150, 858, 139]","[0.6188258528709412, 0.1410055160522461, 0.029076190665364265, 0.02261786162853241, 0.01478323433548212]",ILSVRC2012_val_00028560,909,n04596742,wok,household,nature,river
base,inpainted,172,576,576,1,0.5084628462791443,"[576, 694, 780, 718, 554]","[0.5084628462791443, 0.2753797471523285, 0.06411321461200714, 0.030023276805877686, 0.023817028850317]",ILSVRC2012_val_00030329,576,n03447447,gondola,vehicles,nature,river
base,inpainted,173,727,975,0,0.8592283129692078,"[975, 417, 979, 980, 449]","[0.8592283129692078, 0.029079461470246315, 0.024574294686317444, 0.012157120741903782, 0.011395796202123165]",ILSVRC2012_val_00032007,727,n03956157,planetarium,buildings_and_structures,nature,river
base,inpainted,174,223,525,0,0.1143555343151092,"[525, 825, 888, 646, 913]","[0.11435553431510925, 0.07576265186071396, 0.06428668648004532, 0.05953669920563698, 0.04222526773810387]",ILSVRC2012_val_00032013,223,n02104365,schipperke,animals,nature,river
base,inpainted,175,132,295,0,0.1212159022688865,"[295, 50, 853, 428, 825]","[0.12121590226888657, 0.09988727420568466, 0.06471163779497147, 0.05193878710269928, 0.04998082295060158]",ILSVRC2012_val_00032830,132,n02009912,American_egret,animals,nature,river
base,inpainted,176,576,576,1,0.8848700523376465,"[576, 698, 829, 874, 668]","[0.8848700523376465, 0.03006806969642639, 0.01919017732143402, 0.015169564634561539, 0.006792866159230471]",ILSVRC2012_val_00036172,576,n03447447,gondola,vehicles,nature,river
base,inpainted,177,391,660,0,0.1199639365077018,"[660, 975, 727, 756, 896]","[0.11996393650770187, 0.09597033262252808, 0.0646929144859314, 0.04754261672496796, 0.04247010871767998]",ILSVRC2012_val_00037692,391,n02536864,coho,animals,nature,river
base,inpainted,178,708,646,0,0.7054507732391357,"[646, 100, 975, 958, 539]","[0.7054507732391357, 0.03647869825363159, 0.026069771498441696, 0.020745208486914635, 0.01518882717937231]",ILSVRC2012_val_00039635,708,n03903868,pedestal,buildings_and_structures,nature,river
base,inpainted,179,132,331,0,0.0825667902827262,"[331, 336, 330, 132, 277]","[0.08256679028272629, 0.07825150340795517, 0.06219479814171791, 0.04720153287053108, 0.03919430077075958]",ILSVRC2012_val_00040244,132,n02009912,American_egret,animals,nature,river
base,inpainted,180,576,576,1,0.9676928520202636,"[576, 525, 718, 839, 829]","[0.9676928520202637, 0.009199640713632107, 0.008107373490929604, 0.0016677416861057281, 0.0014421872328966856]",ILSVRC2012_val_00040831,576,n03447447,gondola,vehicles,nature,river
base,inpainted,181,143,141,0,0.2114418745040893,"[141, 976, 460, 139, 972]","[0.21144187450408936, 0.12744982540607452, 0.11128208041191101, 0.1069040596485138, 0.07834705710411072]",ILSVRC2012_val_00041535,143,n02037110,oystercatcher,animals,nature,river
base,inpainted,182,842,637,0,0.1200175583362579,"[637, 475, 137, 591, 497]","[0.12001755833625793, 0.09412558376789093, 0.06982515752315521, 0.028673958033323288, 0.025430189445614815]",ILSVRC2012_val_00041734,842,n04371430,swimming_trunks,clothing_and_accessories,nature,river
base,inpainted,183,372,343,0,0.2160806357860565,"[343, 131, 137, 351, 49]","[0.21608063578605652, 0.08348745107650757, 0.05425799638032913, 0.050177935510873795, 0.047240931540727615]",ILSVRC2012_val_00042103,372,n02486410,baboon,animals,nature,river
base,inpainted,184,36,142,0,0.3324262797832489,"[142, 137, 144, 135, 128]","[0.3324262797832489, 0.2619151473045349, 0.16692566871643066, 0.04678218811750412, 0.02866763435304165]",ILSVRC2012_val_00043221,36,n01667778,terrapin,animals,nature,river
base,inpainted,185,660,976,0,0.3251108229160309,"[976, 525, 980, 972, 913]","[0.3251108229160309, 0.22383461892604828, 0.09294154495000839, 0.06112410128116608, 0.03707427531480789]",ILSVRC2012_val_00043279,660,n03776460,mobile_home,vehicles,nature,river
base,inpainted,186,821,525,0,0.1552589535713195,"[525, 977, 814, 9, 386]","[0.15525895357131958, 0.14755558967590332, 0.048180513083934784, 0.047698937356472015, 0.044019054621458054]",ILSVRC2012_val_00044125,821,n04311004,steel_arch_bridge,buildings_and_structures,nature,river
base,inpainted,187,449,977,0,0.1775370240211486,"[977, 460, 525, 425, 807]","[0.17753702402114868, 0.14989104866981506, 0.05926279351115227, 0.05616793408989906, 0.04408953711390495]",ILSVRC2012_val_00045293,449,n02859443,boathouse,buildings_and_structures,nature,river
base,inpainted,188,131,130,0,0.2075957357883453,"[130, 287, 133, 406, 738]","[0.20759573578834534, 0.055079150944948196, 0.0529300682246685, 0.05020756274461746, 0.03418049216270447]",ILSVRC2012_val_00045819,131,n02009229,little_blue_heron,animals,nature,river
base,inpainted,189,576,576,1,0.9209033250808716,"[576, 449, 562, 829, 625]","[0.9209033250808716, 0.03844906762242317, 0.0070281666703522205, 0.005796515382826328, 0.005215418990701437]",ILSVRC2012_val_00047743,576,n03447447,gondola,vehicles,nature,river
base,inpainted,190,140,98,0,0.31884765625,"[98, 337, 137, 20, 49]","[0.31884765625, 0.21698632836341858, 0.20131459832191467, 0.05141599103808403, 0.037317778915166855]",ILSVRC2012_val_00048888,140,n02027492,red-backed_sandpiper,animals,nature,river
base,inpainted,191,576,576,1,0.652217447757721,"[576, 448, 525, 913, 150]","[0.652217447757721, 0.0406251922249794, 0.031117703765630722, 0.026204457506537437, 0.01762908510863781]",ILSVRC2012_val_00049519,576,n03447447,gondola,vehicles,nature,river
base,inpainted,192,355,718,0,0.3137235045433044,"[718, 602, 702, 744, 657]","[0.31372350454330444, 0.2414521425962448, 0.11463459581136703, 0.04964570701122284, 0.029061857610940933]",ILSVRC2012_val_00004793,355,n02437616,llama,animals,nature,sky
base,inpainted,193,511,425,0,0.2279296815395355,"[425, 460, 437, 972, 977]","[0.22792968153953552, 0.1278502643108368, 0.06113146245479584, 0.05986692011356354, 0.05153011530637741]",ILSVRC2012_val_00004868,511,n03100240,convertible,vehicles,nature,sky
base,inpainted,194,417,975,0,0.1644836962223053,"[975, 682, 449, 755, 900]","[0.1644836962223053, 0.08672270178794861, 0.07595373690128326, 0.0637730211019516, 0.061871565878391266]",ILSVRC2012_val_00005352,417,n02782093,balloon,vehicles,nature,sky
base,inpainted,195,404,957,0,0.1604824215173721,"[957, 668, 139, 599, 437]","[0.16048242151737213, 0.10020633786916733, 0.07232240587472916, 0.060149408876895905, 0.04108426347374916]",ILSVRC2012_val_00008292,404,n02690373,airliner,vehicles,nature,sky
base,inpainted,196,701,973,0,0.1318012177944183,"[973, 974, 591, 976, 980]","[0.13180121779441833, 0.08455412834882736, 0.052211932837963104, 0.04268588498234749, 0.041737113147974014]",ILSVRC2012_val_00009269,701,n03888257,parachute,vehicles,nature,sky
base,inpainted,197,701,701,1,0.3837387859821319,"[701, 974, 976, 484, 417]","[0.38373878598213196, 0.20808136463165283, 0.04037000983953476, 0.03253738954663277, 0.027117101475596428]",ILSVRC2012_val_00009559,701,n03888257,parachute,vehicles,nature,sky
base,inpainted,198,701,980,0,0.1912523508071899,"[980, 984, 460, 977, 437]","[0.19125235080718994, 0.10972616821527481, 0.09230225533246994, 0.08213425427675247, 0.06171379238367081]",ILSVRC2012_val_00009873,701,n03888257,parachute,vehicles,nature,sky
base,inpainted,199,350,970,0,0.5086753964424133,"[970, 980, 979, 701, 336]","[0.5086753964424133, 0.20583629608154297, 0.04810420796275139, 0.028866559267044067, 0.02306276373565197]",ILSVRC2012_val_00009996,350,n02417914,ibex,animals,nature,sky
base,inpainted,200,618,973,0,0.239718809723854,"[973, 974, 908, 980, 976]","[0.23971880972385406, 0.17433197796344757, 0.08723047375679016, 0.06123603880405426, 0.042674001306295395]",ILSVRC2012_val_00010243,618,n03633091,ladle,household,nature,sky
base,inpainted,201,984,958,0,0.2656095921993255,"[958, 437, 973, 801, 701]","[0.26560959219932556, 0.14978617429733276, 0.1250104010105133, 0.06752905249595642, 0.024315278977155685]",ILSVRC2012_val_00010964,984,n11879895,rapeseed,food,nature,sky
base,inpainted,202,645,3,0,0.100336842238903,"[3, 2, 107, 701, 908]","[0.10033684223890305, 0.09578847885131836, 0.08331713080406189, 0.06109558790922165, 0.058355189859867096]",ILSVRC2012_val_00012555,645,n03733131,maypole,buildings_and_structures,nature,sky
base,inpainted,203,808,977,0,0.5920299887657166,"[977, 978, 908, 445, 975]","[0.5920299887657166, 0.2531331181526184, 0.0339922159910202, 0.007530026137828827, 0.006930824834853411]",ILSVRC2012_val_00013276,808,n04259630,sombrero,clothing_and_accessories,nature,sky
base,inpainted,204,755,984,0,0.2966272532939911,"[984, 958, 701, 425, 977]","[0.2966272532939911, 0.05412498116493225, 0.05339135229587555, 0.03533674404025078, 0.03504891321063042]",ILSVRC2012_val_00014018,755,n04044716,radio_telescope,buildings_and_structures,nature,sky
base,inpainted,205,663,701,0,0.4235118627548218,"[701, 980, 405, 812, 958]","[0.4235118627548218, 0.12838128209114075, 0.07552677392959595, 0.07321122288703918, 0.059293512254953384]",ILSVRC2012_val_00016102,663,n03781244,monastery,buildings_and_structures,nature,sky
base,inpainted,206,404,908,0,0.2000377923250198,"[908, 975, 148, 977, 958]","[0.20003779232501984, 0.09764974564313889, 0.09024462103843689, 0.08233918994665146, 0.05670467019081116]",ILSVRC2012_val_00016995,404,n02690373,airliner,vehicles,nature,sky
base,inpainted,207,540,540,1,0.1073899492621421,"[540, 977, 628, 724, 85]","[0.10738994926214218, 0.08380312472581863, 0.07673635333776474, 0.07057516276836395, 0.0481223426759243]",ILSVRC2012_val_00017475,540,n03240683,drilling_platform,buildings_and_structures,nature,sky
base,inpainted,208,958,984,0,0.7322923541069031,"[984, 437, 975, 972, 483]","[0.7322923541069031, 0.06210337206721306, 0.054563529789447784, 0.02276560105383396, 0.012144513428211212]",ILSVRC2012_val_00018320,958,n07802026,hay,nature,nature,sky
base,inpainted,209,483,425,0,0.1673538237810135,"[425, 289, 970, 974, 549]","[0.1673538237810135, 0.10339831560850143, 0.06346361339092255, 0.02943405508995056, 0.027665691450238228]",ILSVRC2012_val_00018999,483,n02980441,castle,buildings_and_structures,nature,sky
base,inpainted,210,898,976,0,0.4533526599407196,"[976, 972, 980, 460, 888]","[0.4533526599407196, 0.10168911516666412, 0.07646103203296661, 0.03502120450139046, 0.02465805411338806]",ILSVRC2012_val_00019944,898,n04557648,water_bottle,household,nature,sky
base,inpainted,211,649,978,0,0.2972271740436554,"[978, 977, 975, 437, 976]","[0.2972271740436554, 0.19115157425403595, 0.07563173025846481, 0.0590876005589962, 0.05835244059562683]",ILSVRC2012_val_00019993,649,n03743016,megalith,buildings_and_structures,nature,sky
base,inpainted,212,812,783,0,0.1443615704774856,"[783, 517, 863, 900, 442]","[0.14436157047748566, 0.05936557427048683, 0.049081262201070786, 0.04718814417719841, 0.04438812658190727]",ILSVRC2012_val_00020130,812,n04266014,space_shuttle,vehicles,nature,sky
base,inpainted,213,701,107,0,0.2808557748794555,"[107, 2, 908, 801, 109]","[0.28085577487945557, 0.18387311697006226, 0.048266176134347916, 0.04074778035283089, 0.03405867516994476]",ILSVRC2012_val_00020698,701,n03888257,parachute,vehicles,nature,sky
base,inpainted,214,405,3,0,0.1982660740613937,"[3, 913, 4, 973, 393]","[0.19826607406139374, 0.09220676869153976, 0.08183944970369339, 0.07678799331188202, 0.06701771914958954]",ILSVRC2012_val_00021947,405,n02692877,airship,vehicles,nature,sky
base,inpainted,215,832,970,0,0.2178315669298172,"[970, 483, 958, 755, 649]","[0.2178315669298172, 0.18578870594501495, 0.1280488818883896, 0.0990246832370758, 0.08860175311565399]",ILSVRC2012_val_00022968,832,n04346328,stupa,buildings_and_structures,nature,sky
base,inpainted,216,475,977,0,0.2352793663740158,"[977, 975, 867, 821, 525]","[0.2352793663740158, 0.2271430939435959, 0.08939716219902039, 0.05132486671209335, 0.04552984610199928]",ILSVRC2012_val_00025953,475,n02965783,car_mirror,clothing_and_accessories,nature,sky
base,inpainted,217,22,403,0,0.2224838584661483,"[403, 538, 497, 663, 668]","[0.22248385846614838, 0.09795299172401428, 0.09677904099225998, 0.05852002650499344, 0.05053655058145523]",ILSVRC2012_val_00026050,22,n01614925,bald_eagle,animals,nature,sky
base,inpainted,218,724,460,0,0.1651292443275451,"[460, 718, 525, 975, 978]","[0.16512924432754517, 0.1599881649017334, 0.12736152112483978, 0.12598253786563873, 0.055288638919591904]",ILSVRC2012_val_00029369,724,n03947888,pirate,clothing_and_accessories,nature,sky
base,inpainted,219,871,977,0,0.1142510995268821,"[977, 701, 908, 557, 417]","[0.11425109952688217, 0.09665610641241074, 0.08399558812379837, 0.05427498370409012, 0.04060014709830284]",ILSVRC2012_val_00029529,871,n04483307,trimaran,vehicles,nature,sky
base,inpainted,220,807,425,0,0.2659298479557037,"[425, 975, 973, 867, 970]","[0.26592984795570374, 0.09599905461072922, 0.08611539751291275, 0.07744093984365463, 0.05547215789556503]",ILSVRC2012_val_00032454,807,n04258138,solar_dish,buildings_and_structures,nature,sky
base,inpainted,221,805,984,0,0.8973662853240967,"[984, 958, 972, 425, 701]","[0.8973662853240967, 0.05209309607744217, 0.017249463126063347, 0.004443582147359848, 0.0024494007229804993]",ILSVRC2012_val_00032634,805,n04254680,soccer_ball,sports_and_recreation,nature,sky
base,inpainted,222,405,93,0,0.296593427658081,"[93, 953, 944, 127, 308]","[0.29659342765808105, 0.20845915377140045, 0.04465259984135628, 0.03813883289694786, 0.036072153598070145]",ILSVRC2012_val_00033251,405,n02692877,airship,vehicles,nature,sky
base,inpainted,223,14,22,0,0.2789108753204345,"[22, 984, 728, 989, 815]","[0.27891087532043457, 0.041031233966350555, 0.038297139108181, 0.03447020426392555, 0.03185518831014633]",ILSVRC2012_val_00036431,14,n01537544,indigo_bunting,animals,nature,sky
base,inpainted,224,22,24,0,0.1641479283571243,"[24, 18, 12, 10, 21]","[0.16414792835712433, 0.1480320692062378, 0.13763462007045746, 0.10597813129425049, 0.05207308009266853]",ILSVRC2012_val_00038804,22,n01614925,bald_eagle,animals,nature,sky
base,inpainted,225,404,405,0,0.0577482841908931,"[405, 701, 403, 984, 417]","[0.05774828419089317, 0.04646909609436989, 0.04155759513378143, 0.03276168182492256, 0.02743580937385559]",ILSVRC2012_val_00039213,404,n02690373,airliner,vehicles,nature,sky
base,inpainted,226,583,970,0,0.2571329176425934,"[970, 972, 979, 682, 980]","[0.2571329176425934, 0.12155311554670334, 0.07940713316202164, 0.06326579302549362, 0.04007425904273987]",ILSVRC2012_val_00039679,583,n03467068,guillotine,household,nature,sky
base,inpainted,227,900,958,0,0.144211545586586,"[958, 975, 984, 900, 557]","[0.144211545586586, 0.09048675745725632, 0.07257722318172455, 0.06736291944980621, 0.05434232950210571]",ILSVRC2012_val_00040360,900,n04562935,water_tower,buildings_and_structures,nature,sky
base,inpainted,228,437,460,0,0.1460246592760086,"[460, 975, 437, 472, 672]","[0.1460246592760086, 0.12316907942295074, 0.06610198318958282, 0.03717812895774841, 0.033606767654418945]",ILSVRC2012_val_00040364,437,n02814860,beacon,buildings_and_structures,nature,sky
base,inpainted,229,345,976,0,0.2170756310224533,"[976, 978, 972, 977, 979]","[0.2170756310224533, 0.17057256400585175, 0.09596380591392517, 0.07694557309150696, 0.04695848375558853]",ILSVRC2012_val_00040821,345,n02403003,ox,animals,nature,sky
base,inpainted,230,913,649,0,0.3297877609729767,"[649, 682, 437, 984, 888]","[0.3297877609729767, 0.294864684343338, 0.10721874982118607, 0.07787404954433441, 0.020449616014957428]",ILSVRC2012_val_00040924,913,n04606251,wreck,vehicles,nature,sky
base,inpainted,231,839,33,0,0.1093906611204147,"[33, 433, 396, 103, 65]","[0.10939066112041473, 0.09491417557001114, 0.0756458044052124, 0.05673857033252716, 0.05136992037296295]",ILSVRC2012_val_00040969,839,n04366367,suspension_bridge,buildings_and_structures,nature,sky
base,inpainted,232,920,977,0,0.1353965103626251,"[977, 978, 984, 976, 6]","[0.13539651036262512, 0.1250072568655014, 0.07028312981128693, 0.0573418103158474, 0.04552140459418297]",ILSVRC2012_val_00041032,920,n06874185,traffic_light,buildings_and_structures,nature,sky
base,inpainted,233,802,980,0,0.1149517521262168,"[980, 279, 974, 970, 908]","[0.11495175212621689, 0.10621964931488037, 0.09345689415931702, 0.055842768400907516, 0.04950784146785736]",ILSVRC2012_val_00041125,802,n04252077,snowmobile,vehicles,nature,sky
base,inpainted,234,755,977,0,0.668890655040741,"[977, 978, 984, 975, 958]","[0.668890655040741, 0.07176508754491806, 0.036531005054712296, 0.0308521818369627, 0.01913539320230484]",ILSVRC2012_val_00042279,755,n04044716,radio_telescope,buildings_and_structures,nature,sky
base,inpainted,235,93,92,0,0.2544631659984588,"[92, 313, 326, 134, 129]","[0.25446316599845886, 0.08566035330295563, 0.07999971508979797, 0.06819669157266617, 0.06521233916282654]",ILSVRC2012_val_00042310,93,n01829413,hornbill,animals,nature,sky
base,inpainted,236,821,672,0,0.0909331813454628,"[672, 345, 970, 913, 908]","[0.0909331813454628, 0.07611371576786041, 0.04593036323785782, 0.04470054432749748, 0.044273488223552704]",ILSVRC2012_val_00042398,821,n04311004,steel_arch_bridge,buildings_and_structures,nature,sky
base,inpainted,237,437,978,0,0.3240506052970886,"[978, 977, 437, 974, 976]","[0.3240506052970886, 0.297371506690979, 0.06450526416301727, 0.04462157189846039, 0.03051651269197464]",ILSVRC2012_val_00042546,437,n02814860,beacon,buildings_and_structures,nature,sky
base,inpainted,238,649,908,0,0.6507983207702637,"[908, 3, 403, 2, 978]","[0.6507983207702637, 0.08127979934215546, 0.07263243943452835, 0.054076213389635086, 0.0357479564845562]",ILSVRC2012_val_00043128,649,n03743016,megalith,buildings_and_structures,nature,sky
base,inpainted,239,682,980,0,0.3754059076309204,"[980, 701, 984, 970, 812]","[0.3754059076309204, 0.08699741214513779, 0.07123330235481262, 0.05207163468003273, 0.04186156764626503]",ILSVRC2012_val_00043384,682,n03837869,obelisk,buildings_and_structures,nature,sky
base,inpainted,240,900,979,0,0.087617889046669,"[979, 682, 970, 915, 980]","[0.087617889046669, 0.07414449751377106, 0.06007308140397072, 0.047417692840099335, 0.04572966694831848]",ILSVRC2012_val_00046961,900,n04562935,water_tower,buildings_and_structures,nature,sky
base,inpainted,241,557,913,0,0.2795010507106781,"[913, 536, 839, 821, 628]","[0.2795010507106781, 0.08446284383535385, 0.06683816760778427, 0.05252716317772865, 0.04327351972460747]",ILSVRC2012_val_00046992,557,n03355925,flagpole,technology_and_electronics,nature,sky
base,inpainted,242,812,980,0,0.2250300496816635,"[980, 554, 977, 724, 974]","[0.2250300496816635, 0.19177114963531494, 0.05965404585003853, 0.04429904744029045, 0.0395314022898674]",ILSVRC2012_val_00048161,812,n04266014,space_shuttle,vehicles,nature,sky
base,inpainted,243,988,988,1,0.9919428825378418,"[988, 315, 318, 989, 952]","[0.9919428825378418, 0.0008157806587405503, 0.0007461726199835539, 0.0007048751576803625, 0.0004699700803030282]",ILSVRC2012_val_00002139,988,n12267677,acorn,food,nature,plant
base,inpainted,244,322,324,0,0.7679572701454163,"[324, 985, 321, 997, 325]","[0.7679572701454163, 0.07146332412958145, 0.018518000841140747, 0.012817163951694965, 0.01249373983591795]",ILSVRC2012_val_00006514,322,n02277742,ringlet,animals,nature,plant
base,inpainted,245,131,136,0,0.1389053165912628,"[136, 489, 131, 30, 27]","[0.13890531659126282, 0.12058122456073761, 0.11365582793951035, 0.05336251109838486, 0.04311075806617737]",ILSVRC2012_val_00007043,131,n02009229,little_blue_heron,animals,nature,plant
base,inpainted,246,309,946,0,0.5397366285324097,"[946, 985, 324, 301, 990]","[0.5397366285324097, 0.12330064177513123, 0.0732872486114502, 0.05102212727069855, 0.03715398535132408]",ILSVRC2012_val_00011167,309,n02206856,bee,animals,nature,plant
base,inpainted,247,324,14,0,0.1448942571878433,"[14, 448, 91, 324, 96]","[0.14489425718784332, 0.12500019371509552, 0.12437199801206589, 0.11012035608291626, 0.054870445281267166]",ILSVRC2012_val_00011780,324,n02280649,cabbage_butterfly,animals,nature,plant
base,inpainted,248,133,696,0,0.4503037631511688,"[696, 792, 563, 767, 133]","[0.4503037631511688, 0.07538706064224243, 0.060797613114118576, 0.058001209050416946, 0.05013151839375496]",ILSVRC2012_val_00012402,133,n02011460,bittern,animals,nature,plant
base,inpainted,249,988,988,1,0.5892606377601624,"[988, 305, 944, 57, 126]","[0.5892606377601624, 0.052011217921972275, 0.03150370344519615, 0.021223347634077072, 0.013231819495558739]",ILSVRC2012_val_00013791,988,n12267677,acorn,food,nature,plant
base,inpainted,250,13,80,0,0.2952894568443298,"[80, 300, 15, 989, 301]","[0.29528945684432983, 0.08385321497917175, 0.061303406953811646, 0.04637616500258446, 0.037482958287000656]",ILSVRC2012_val_00013945,13,n01534433,junco,animals,nature,plant
base,inpainted,251,309,700,0,0.2200921922922134,"[700, 452, 324, 173, 1]","[0.22009219229221344, 0.1480935961008072, 0.04295981302857399, 0.04092102125287056, 0.028826510533690453]",ILSVRC2012_val_00014008,309,n02206856,bee,animals,nature,plant
base,inpainted,252,991,986,0,0.158225417137146,"[986, 74, 26, 815, 14]","[0.158225417137146, 0.05372721701860428, 0.05099331960082054, 0.05080977454781532, 0.049997955560684204]",ILSVRC2012_val_00014042,991,n12985857,coral_fungus,food,nature,plant
base,inpainted,253,303,309,0,0.144564151763916,"[309, 303, 308, 94, 738]","[0.14456415176391602, 0.12661926448345184, 0.09007062017917633, 0.0367710180580616, 0.0365416593849659]",ILSVRC2012_val_00015603,303,n02168699,long-horned_beetle,animals,nature,plant
base,inpainted,254,309,985,0,0.9778130054473876,"[985, 325, 986, 309, 672]","[0.9778130054473877, 0.010929274372756481, 0.003646454308182001, 0.003451297292485833, 0.0010996777564287186]",ILSVRC2012_val_00016575,309,n02206856,bee,animals,nature,plant
base,inpainted,255,324,998,0,0.0917342528700828,"[998, 133, 302, 136, 322]","[0.09173425287008286, 0.06893983483314514, 0.048364490270614624, 0.04525088518857956, 0.03188219666481018]",ILSVRC2012_val_00016787,324,n02280649,cabbage_butterfly,animals,nature,plant
base,inpainted,256,303,311,0,0.0913264974951744,"[311, 85, 91, 77, 82]","[0.09132649749517441, 0.062468841671943665, 0.061260469257831573, 0.05757567286491394, 0.04330231621861458]",ILSVRC2012_val_00017552,303,n02168699,long-horned_beetle,animals,nature,plant
base,inpainted,257,323,323,1,0.6492800712585449,"[323, 946, 108, 953, 324]","[0.6492800712585449, 0.19149313867092133, 0.010979964397847652, 0.00820824783295393, 0.007403380237519741]",ILSVRC2012_val_00017836,323,n02279972,monarch,animals,nature,plant
base,inpainted,258,989,989,1,0.4971323907375335,"[989, 936, 949, 312, 39]","[0.49713239073753357, 0.21597380936145782, 0.04776857793331146, 0.04049653932452202, 0.028998233377933502]",ILSVRC2012_val_00019660,989,n12620546,hip,tools_and_hardware,nature,plant
base,inpainted,259,324,321,0,0.268349677324295,"[321, 985, 1, 951, 716]","[0.26834967732429504, 0.13919967412948608, 0.04515257105231285, 0.04396780952811241, 0.03473794087767601]",ILSVRC2012_val_00019664,324,n02280649,cabbage_butterfly,animals,nature,plant
base,inpainted,260,989,936,0,0.9136457443237304,"[936, 943, 944, 939, 938]","[0.9136457443237305, 0.013626438565552235, 0.013467827811837196, 0.01342365238815546, 0.007798469625413418]",ILSVRC2012_val_00019783,989,n12620546,hip,tools_and_hardware,nature,plant
base,inpainted,261,323,985,0,0.8903061747550964,"[985, 309, 946, 328, 990]","[0.8903061747550964, 0.041220057755708694, 0.01455045584589243, 0.009686999954283237, 0.00423099659383297]",ILSVRC2012_val_00019869,323,n02279972,monarch,animals,nature,plant
base,inpainted,262,78,318,0,0.279497355222702,"[318, 593, 317, 316, 696]","[0.279497355222702, 0.09370259940624237, 0.05166814476251602, 0.04758353903889656, 0.042672961950302124]",ILSVRC2012_val_00021337,78,n01776313,tick,animals,nature,plant
base,inpainted,263,945,956,0,0.2473111450672149,"[956, 40, 945, 46, 59]","[0.24731114506721497, 0.10881487280130386, 0.08449478447437286, 0.07322023063898087, 0.06984950602054596]",ILSVRC2012_val_00022634,945,n07720875,bell_pepper,food,nature,plant
base,inpainted,264,303,322,0,0.2220698297023773,"[322, 59, 315, 943, 313]","[0.22206982970237732, 0.19798070192337036, 0.1340406984090805, 0.041005752980709076, 0.03462762013077736]",ILSVRC2012_val_00024014,303,n02168699,long-horned_beetle,animals,nature,plant
base,inpainted,265,78,307,0,0.1264473646879196,"[307, 47, 397, 46, 66]","[0.12644736468791962, 0.08643915504217148, 0.07984180748462677, 0.05520779639482498, 0.04681891202926636]",ILSVRC2012_val_00027940,78,n01776313,tick,animals,nature,plant
base,inpainted,266,323,57,0,0.2931796610355377,"[57, 52, 994, 114, 53]","[0.2931796610355377, 0.19087408483028412, 0.12374528497457504, 0.03554777055978775, 0.03213667497038841]",ILSVRC2012_val_00028241,323,n02279972,monarch,animals,nature,plant
base,inpainted,267,309,689,0,0.1336321979761123,"[689, 301, 452, 324, 325]","[0.13363219797611237, 0.11742990463972092, 0.10858948528766632, 0.07858176529407501, 0.07307914644479752]",ILSVRC2012_val_00030537,309,n02206856,bee,animals,nature,plant
base,inpainted,268,77,31,0,0.3298370838165283,"[31, 937, 941, 943, 112]","[0.3298370838165283, 0.21063199639320374, 0.06076739355921745, 0.045765381306409836, 0.04072829708456993]",ILSVRC2012_val_00031053,77,n01775062,wolf_spider,animals,nature,plant
base,inpainted,269,945,989,0,0.2998856902122497,"[989, 738, 15, 985, 136]","[0.29988569021224976, 0.09074259549379349, 0.04044289514422417, 0.029313363134860992, 0.025791442021727562]",ILSVRC2012_val_00033111,945,n07720875,bell_pepper,food,nature,plant
base,inpainted,270,322,309,0,0.3590588867664337,"[309, 325, 988, 324, 990]","[0.3590588867664337, 0.08069626986980438, 0.06029662862420082, 0.05060483142733574, 0.04742147773504257]",ILSVRC2012_val_00033554,322,n02277742,ringlet,animals,nature,plant
base,inpainted,271,27,83,0,0.1010194271802902,"[83, 18, 293, 425, 984]","[0.10101942718029022, 0.055833786725997925, 0.039610136300325394, 0.02739166095852852, 0.022638393566012383]",ILSVRC2012_val_00037037,27,n01631663,eft,animals,nature,plant
base,inpainted,272,321,321,1,0.5319539308547974,"[321, 309, 946, 301, 324]","[0.5319539308547974, 0.12021534889936447, 0.10741988569498062, 0.049429479986429214, 0.0337032824754715]",ILSVRC2012_val_00037056,321,n02276258,admiral,animals,nature,plant
base,inpainted,273,323,14,0,0.4668688476085663,"[14, 91, 701, 16, 313]","[0.4668688476085663, 0.22033751010894775, 0.02850980870425701, 0.01879870891571045, 0.017493855208158493]",ILSVRC2012_val_00037418,323,n02279972,monarch,animals,nature,plant
base,inpainted,274,937,938,0,0.289261519908905,"[938, 936, 55, 937, 988]","[0.28926151990890503, 0.1324239820241928, 0.097398541867733, 0.049664679914712906, 0.03941258415579796]",ILSVRC2012_val_00038204,937,n07714990,broccoli,food,nature,plant
base,inpainted,275,73,323,0,0.5047223567962646,"[323, 324, 320, 325, 123]","[0.5047223567962646, 0.22467324137687683, 0.0854874774813652, 0.05711091682314873, 0.03469304367899895]",ILSVRC2012_val_00038770,73,n01773549,barn_spider,animals,nature,plant
base,inpainted,276,322,325,0,0.433887630701065,"[325, 324, 323, 985, 322]","[0.43388763070106506, 0.19386602938175201, 0.08933383226394653, 0.07122252881526947, 0.05026791989803314]",ILSVRC2012_val_00039579,322,n02277742,ringlet,animals,nature,plant
base,inpainted,277,40,611,0,0.1739469766616821,"[611, 955, 112, 39, 988]","[0.17394697666168213, 0.07669628411531448, 0.06962704658508301, 0.04252069443464279, 0.036703016608953476]",ILSVRC2012_val_00041069,40,n01682714,American_chameleon,animals,nature,plant
base,inpainted,278,31,562,0,0.0540282018482685,"[562, 695, 291, 341, 8]","[0.05402820184826851, 0.03071804903447628, 0.02835184708237648, 0.026371942833065987, 0.024087753146886826]",ILSVRC2012_val_00043303,31,n01644373,tree_frog,animals,nature,plant
base,inpainted,279,321,90,0,0.3620294034481048,"[90, 91, 16, 14, 393]","[0.36202940344810486, 0.08445953577756882, 0.08309835195541382, 0.045215003192424774, 0.03498509153723717]",ILSVRC2012_val_00044223,321,n02276258,admiral,animals,nature,plant
base,inpainted,280,58,58,1,0.0744868516921997,"[58, 91, 26, 30, 32]","[0.07448685169219971, 0.07400911301374435, 0.04237324371933937, 0.040915194898843765, 0.03608424589037895]",ILSVRC2012_val_00044544,58,n01737021,water_snake,animals,nature,plant
base,inpainted,281,309,991,0,0.475299596786499,"[991, 324, 996, 938, 937]","[0.475299596786499, 0.07953870296478271, 0.05936925858259201, 0.055000510066747665, 0.04929649457335472]",ILSVRC2012_val_00045227,309,n02206856,bee,animals,nature,plant
base,inpainted,282,303,658,0,0.4087719619274139,"[658, 338, 806, 816, 911]","[0.40877196192741394, 0.10602004081010818, 0.06618848443031311, 0.044027332216501236, 0.03883272036910057]",ILSVRC2012_val_00045848,303,n02168699,long-horned_beetle,animals,nature,plant
base,inpainted,283,325,989,0,0.6930036544799805,"[989, 304, 946, 92, 15]","[0.6930036544799805, 0.03915916755795479, 0.03384537994861603, 0.022225359454751015, 0.01569340005517006]",ILSVRC2012_val_00046093,325,n02281406,sulphur_butterfly,animals,nature,plant
base,inpainted,284,323,937,0,0.1137844324111938,"[937, 378, 988, 952, 375]","[0.11378443241119385, 0.042816560715436935, 0.04190077260136604, 0.04097235947847366, 0.03843289613723755]",ILSVRC2012_val_00049418,323,n02279972,monarch,animals,nature,plant
base,inpainted,285,304,318,0,0.4978674650192261,"[318, 40, 46, 322, 31]","[0.4978674650192261, 0.23838943243026733, 0.08464380353689194, 0.03290782868862152, 0.027758412063121796]",ILSVRC2012_val_00049845,304,n02169497,leaf_beetle,animals,nature,plant
base,inpainted,286,18,429,0,0.4101701378822326,"[429, 768, 23, 18, 134]","[0.41017013788223267, 0.19899405539035797, 0.023265371099114418, 0.01828228496015072, 0.01386648416519165]",ILSVRC2012_val_00000963,18,n01582220,magpie,animals,nature,ground
base,inpainted,287,178,709,0,0.124430775642395,"[709, 611, 591, 741, 721]","[0.12443077564239502, 0.09565383195877075, 0.09558799117803574, 0.05649798363447189, 0.04915957152843475]",ILSVRC2012_val_00001425,178,n02092339,Weimaraner,animals,nature,ground
base,inpainted,288,83,83,1,0.6345394849777222,"[83, 815, 80, 138, 334]","[0.6345394849777222, 0.187628373503685, 0.04311244562268257, 0.010481029748916626, 0.00974329560995102]",ILSVRC2012_val_00002395,83,n01798484,prairie_chicken,animals,nature,ground
base,inpainted,289,362,336,0,0.1033437252044677,"[336, 128, 330, 331, 86]","[0.10334372520446777, 0.08231198787689209, 0.055469315499067307, 0.04188458248972893, 0.03744439780712128]",ILSVRC2012_val_00003383,362,n02447366,badger,animals,nature,ground
base,inpainted,290,272,138,0,0.2396335452795028,"[138, 141, 275, 49, 343]","[0.23963354527950287, 0.13402234017848969, 0.04795972257852554, 0.0402950718998909, 0.03667587414383888]",ILSVRC2012_val_00003765,272,n02114855,coyote,animals,nature,ground
base,inpainted,291,102,106,0,0.5487563014030457,"[106, 334, 102, 297, 337]","[0.5487563014030457, 0.059600431472063065, 0.03390411287546158, 0.023707708343863487, 0.023669257760047913]",ILSVRC2012_val_00004964,102,n01872401,echidna,animals,nature,ground
base,inpainted,292,423,825,0,0.1467862576246261,"[825, 500, 423, 483, 374]","[0.14678625762462616, 0.05147426947951317, 0.04270825907588005, 0.03584281727671623, 0.029395518824458122]",ILSVRC2012_val_00005762,423,n02791124,barber_chair,household,nature,ground
base,inpainted,293,543,815,0,0.2062562406063079,"[815, 363, 997, 331, 336]","[0.20625624060630798, 0.09081140905618668, 0.044513992965221405, 0.036435458809137344, 0.03587578237056732]",ILSVRC2012_val_00007949,543,n03255030,dumbbell,sports_and_recreation,nature,ground
base,inpainted,294,277,133,0,0.2463813573122024,"[133, 136, 82, 86, 131]","[0.24638135731220245, 0.10105474293231964, 0.047629062086343765, 0.04395538941025734, 0.03586314618587494]",ILSVRC2012_val_00008726,277,n02119022,red_fox,animals,nature,ground
base,inpainted,295,428,138,0,0.1518088728189468,"[138, 189, 276, 76, 428]","[0.15180887281894684, 0.02777879126369953, 0.021634720265865326, 0.01957089453935623, 0.0184120275080204]",ILSVRC2012_val_00010045,428,n02797295,barrow,vehicles,nature,ground
base,inpainted,296,134,410,0,0.3532346487045288,"[410, 23, 912, 442, 634]","[0.3532346487045288, 0.09831982851028442, 0.07131599634885788, 0.059516046196222305, 0.03539951145648956]",ILSVRC2012_val_00010138,134,n02012849,crane,vehicles,nature,ground
base,inpainted,297,298,330,0,0.1205552741885185,"[330, 67, 135, 50, 82]","[0.12055527418851852, 0.06610716879367828, 0.05454159528017044, 0.05090123042464256, 0.04834696650505066]",ILSVRC2012_val_00011580,298,n02137549,mongoose,animals,nature,ground
base,inpainted,298,170,815,0,0.0482071414589881,"[815, 132, 381, 293, 992]","[0.04820714145898819, 0.036912523210048676, 0.026898348703980446, 0.02378269098699093, 0.02299589477479458]",ILSVRC2012_val_00015710,170,n02090721,Irish_wolfhound,animals,nature,ground
base,inpainted,299,363,44,0,0.0920575857162475,"[44, 992, 82, 133, 282]","[0.09205758571624756, 0.07756248116493225, 0.06571772694587708, 0.0512896291911602, 0.042469169944524765]",ILSVRC2012_val_00017710,363,n02454379,armadillo,animals,nature,ground
base,inpainted,300,356,539,0,0.0887874886393547,"[539, 98, 18, 858, 425]","[0.0887874886393547, 0.051865898072719574, 0.03565853834152222, 0.034171052277088165, 0.027683107182383537]",ILSVRC2012_val_00019059,356,n02441942,weasel,animals,nature,ground
base,inpainted,301,161,646,0,0.5162776708602905,"[646, 974, 139, 141, 977]","[0.5162776708602905, 0.08029096573591232, 0.06006477028131485, 0.047291100025177, 0.032631974667310715]",ILSVRC2012_val_00023968,161,n02088238,basset,animals,nature,ground
base,inpainted,302,254,959,0,0.4229474067687988,"[959, 965, 991, 938, 924]","[0.42294740676879883, 0.1502774953842163, 0.12476608902215958, 0.060889992862939835, 0.03999875858426094]",ILSVRC2012_val_00025501,254,n02110958,pug,animals,nature,ground
base,inpainted,303,145,974,0,0.0975811928510665,"[974, 13, 646, 10, 677]","[0.09758119285106659, 0.06390760838985443, 0.05420809984207153, 0.043032243847846985, 0.03979092091321945]",ILSVRC2012_val_00026504,145,n02056570,king_penguin,animals,nature,ground
base,inpainted,304,171,352,0,0.0647365897893905,"[352, 293, 81, 340, 83]","[0.06473658978939056, 0.04386196658015251, 0.03295838460326195, 0.029589077457785606, 0.029110137373209]",ILSVRC2012_val_00031302,171,n02091032,Italian_greyhound,animals,nature,ground
base,inpainted,305,299,82,0,0.0589346811175346,"[82, 888, 86, 336, 970]","[0.05893468111753464, 0.05315624177455902, 0.029965927824378014, 0.024245809763669968, 0.02352144755423069]",ILSVRC2012_val_00032737,299,n02138441,meerkat,animals,nature,ground
base,inpainted,306,251,331,0,0.3705833256244659,"[331, 272, 106, 336, 127]","[0.37058332562446594, 0.03448566421866417, 0.02810399979352951, 0.02330254577100277, 0.02204403467476368]",ILSVRC2012_val_00034465,251,n02110341,dalmatian,animals,nature,ground
base,inpainted,307,292,126,0,0.1441141068935394,"[126, 318, 976, 272, 9]","[0.14411410689353943, 0.09756428748369217, 0.05421127751469612, 0.041989438235759735, 0.0407092422246933]",ILSVRC2012_val_00035494,292,n02129604,tiger,animals,nature,ground
base,inpainted,308,77,41,0,0.1343495547771453,"[41, 313, 44, 45, 56]","[0.13434955477714539, 0.12882904708385468, 0.06767507642507553, 0.056173454970121384, 0.04655437916517258]",ILSVRC2012_val_00036589,77,n01775062,wolf_spider,animals,nature,ground
base,inpainted,309,305,67,0,0.2056535631418228,"[67, 15, 54, 81, 44]","[0.20565356314182281, 0.06723884493112564, 0.05914214998483658, 0.05190729349851608, 0.048318590968847275]",ILSVRC2012_val_00037483,305,n02172182,dung_beetle,animals,nature,ground
base,inpainted,310,299,102,0,0.1502985209226608,"[102, 337, 334, 192, 360]","[0.15029852092266083, 0.13939356803894043, 0.12352719157934189, 0.11297459900379181, 0.0645318403840065]",ILSVRC2012_val_00037489,299,n02138441,meerkat,animals,nature,ground
base,inpainted,311,83,15,0,0.1589097529649734,"[15, 133, 278, 276, 330]","[0.15890975296497345, 0.0976000651717186, 0.0574113167822361, 0.05470994859933853, 0.03913939371705055]",ILSVRC2012_val_00039825,83,n01798484,prairie_chicken,animals,nature,ground
base,inpainted,312,362,972,0,0.3114016652107239,"[972, 976, 500, 671, 328]","[0.3114016652107239, 0.10382426530122757, 0.10242021828889847, 0.025543591007590294, 0.023430855944752693]",ILSVRC2012_val_00043025,362,n02447366,badger,animals,nature,ground
base,inpainted,313,85,525,0,0.0431421250104904,"[525, 888, 596, 233, 17]","[0.04314212501049042, 0.041017211973667145, 0.03191978484392166, 0.026069989427924156, 0.024826450273394585]",ILSVRC2012_val_00043990,85,n01806567,quail,animals,nature,ground
base,inpainted,314,203,986,0,0.5116220116615295,"[986, 992, 997, 994, 135]","[0.5116220116615295, 0.08677610754966736, 0.06596940010786057, 0.049404554069042206, 0.015498684719204903]",ILSVRC2012_val_00044593,203,n02098286,West_Highland_white_terrier,animals,nature,ground
base,inpainted,315,79,77,0,0.3185178339481354,"[77, 52, 312, 305, 302]","[0.3185178339481354, 0.06922769546508789, 0.0638279840350151, 0.054101549088954926, 0.03767683357000351]",ILSVRC2012_val_00046006,79,n01784675,centipede,animals,nature,ground
base,inpainted,316,71,81,0,0.0726783275604248,"[81, 82, 15, 85, 86]","[0.0726783275604248, 0.03364827483892441, 0.03222231566905975, 0.026666099205613136, 0.02269979752600193]",ILSVRC2012_val_00046299,71,n01770393,scorpion,animals,nature,ground
base,inpainted,317,298,15,0,0.1366921514272689,"[15, 82, 330, 135, 278]","[0.13669215142726898, 0.0627831444144249, 0.03813128545880318, 0.03577594459056854, 0.031100919470191002]",ILSVRC2012_val_00046702,298,n02137549,mongoose,animals,nature,ground
base,inpainted,318,336,81,0,0.2096593677997589,"[81, 336, 83, 20, 80]","[0.2096593677997589, 0.2057485431432724, 0.0966988280415535, 0.09243625402450562, 0.035795908421278]",ILSVRC2012_val_00048088,336,n02361337,marmot,animals,nature,ground
base,inpainted,319,425,912,0,0.6918070316314697,"[912, 703, 974, 646, 984]","[0.6918070316314697, 0.031183568760752678, 0.02102874405682087, 0.02093426138162613, 0.014062009751796722]",ILSVRC2012_val_00000693,425,n02793495,barn,buildings_and_structures,nature,field
base,inpainted,320,137,135,0,0.1272474080324173,"[135, 143, 128, 131, 138]","[0.1272474080324173, 0.1184241846203804, 0.09088309109210968, 0.05535132437944412, 0.03696468099951744]",ILSVRC2012_val_00000825,137,n02018207,American_coot,animals,nature,field
base,inpainted,321,372,138,0,0.3221363425254822,"[138, 293, 272, 352, 276]","[0.3221363425254822, 0.06425334513187408, 0.059022206813097, 0.03400379419326782, 0.02782493643462658]",ILSVRC2012_val_00001155,372,n02486410,baboon,animals,nature,field
base,inpainted,322,958,649,0,0.0951729640364646,"[649, 825, 293, 138, 386]","[0.09517296403646469, 0.0436735600233078, 0.040664367377758026, 0.038721345365047455, 0.03136514127254486]",ILSVRC2012_val_00002184,958,n07802026,hay,nature,nature,field
base,inpainted,323,232,825,0,0.071509726345539,"[825, 805, 958, 177, 972]","[0.07150972634553909, 0.057251062244176865, 0.023814227432012558, 0.02024223655462265, 0.019449809566140175]",ILSVRC2012_val_00002194,232,n02106166,Border_collie,animals,nature,field
base,inpainted,324,279,272,0,0.2666090726852417,"[272, 269, 13, 82, 287]","[0.2666090726852417, 0.1028931736946106, 0.05960534140467644, 0.052726536989212036, 0.0337396077811718]",ILSVRC2012_val_00002447,279,n02120079,Arctic_fox,animals,nature,field
base,inpainted,325,146,288,0,0.0907531604170799,"[288, 336, 972, 825, 649]","[0.09075316041707993, 0.0859743133187294, 0.06345215439796448, 0.03718531131744385, 0.034310270100831985]",ILSVRC2012_val_00003845,146,n02058221,albatross,animals,nature,field
base,inpainted,326,352,970,0,0.0497719123959541,"[970, 649, 795, 975, 170]","[0.04977191239595413, 0.029936714097857475, 0.023377925157546997, 0.022188279777765274, 0.019569139927625656]",ILSVRC2012_val_00003871,352,n02422699,impala,animals,nature,field
base,inpainted,327,958,970,0,0.2872589826583862,"[970, 958, 888, 483, 979]","[0.28725898265838623, 0.2558145225048065, 0.10791738331317902, 0.08326033502817154, 0.07040013372898102]",ILSVRC2012_val_00004376,958,n07802026,hay,nature,nature,field
base,inpainted,328,958,958,1,0.7929579615592957,"[958, 425, 483, 730, 497]","[0.7929579615592957, 0.07732262462377548, 0.029240882024168968, 0.006116988603025675, 0.005321411415934563]",ILSVRC2012_val_00005847,958,n07802026,hay,nature,nature,field
base,inpainted,329,275,295,0,0.2169678062200546,"[295, 336, 271, 331, 979]","[0.21696780622005463, 0.1510097086429596, 0.049527425318956375, 0.038731977343559265, 0.038605522364377975]",ILSVRC2012_val_00008357,275,n02116738,African_hunting_dog,animals,nature,field
base,inpainted,330,888,888,1,0.7246452569961548,"[888, 825, 975, 979, 970]","[0.7246452569961548, 0.04924650862812996, 0.03444015234708786, 0.03167399764060974, 0.02973463013768196]",ILSVRC2012_val_00011871,888,n04532670,viaduct,buildings_and_structures,nature,field
base,inpainted,331,352,352,1,0.4468860030174255,"[352, 351, 138, 343, 730]","[0.44688600301742554, 0.31692105531692505, 0.045812562108039856, 0.02951228618621826, 0.02109924703836441]",ILSVRC2012_val_00012135,352,n02422699,impala,animals,nature,field
base,inpainted,332,85,331,0,0.1032170504331588,"[331, 18, 135, 272, 276]","[0.10321705043315887, 0.050868891179561615, 0.03752085566520691, 0.03636077046394348, 0.0268950704485178]",ILSVRC2012_val_00012223,85,n01806567,quail,animals,nature,field
base,inpainted,333,9,276,0,0.3472739160060882,"[276, 272, 295, 347, 974]","[0.34727391600608826, 0.0960896760225296, 0.059988249093294144, 0.056938689202070236, 0.024936901405453682]",ILSVRC2012_val_00014328,9,n01518878,ostrich,animals,nature,field
base,inpainted,334,199,138,0,0.1050597131252288,"[138, 131, 136, 211, 18]","[0.10505971312522888, 0.03704003617167473, 0.031963299959897995, 0.02654542773962021, 0.026034152135252953]",ILSVRC2012_val_00014441,199,n02097298,Scotch_terrier,animals,nature,field
base,inpainted,335,522,958,0,0.5472643375396729,"[958, 984, 730, 912, 595]","[0.5472643375396729, 0.11806775629520416, 0.045887868851423264, 0.025340238586068153, 0.024150487035512924]",ILSVRC2012_val_00014684,522,n03134739,croquet_ball,sports_and_recreation,nature,field
base,inpainted,336,340,984,0,0.1964596062898636,"[984, 900, 975, 660, 888]","[0.1964596062898636, 0.08200635015964508, 0.06866344064474106, 0.06448352336883545, 0.0369182787835598]",ILSVRC2012_val_00015166,340,n02391049,zebra,animals,nature,field
base,inpainted,337,9,958,0,0.2497746646404266,"[958, 912, 347, 649, 853]","[0.24977466464042664, 0.10095871239900589, 0.07145320624113083, 0.0653429925441742, 0.04284121096134186]",ILSVRC2012_val_00015266,9,n01518878,ostrich,animals,nature,field
base,inpainted,338,386,912,0,0.1137943491339683,"[912, 425, 958, 706, 458]","[0.11379434913396835, 0.09784543514251709, 0.055486973375082016, 0.05455527827143669, 0.03948136046528816]",ILSVRC2012_val_00015578,386,n02504458,African_elephant,animals,nature,field
base,inpainted,339,274,275,0,0.1324280500411987,"[275, 346, 49, 276, 84]","[0.13242805004119873, 0.0917041152715683, 0.042315591126680374, 0.03990277647972107, 0.03705817461013794]",ILSVRC2012_val_00015605,274,n02115913,dhole,animals,nature,field
base,inpainted,340,274,295,0,0.1527619510889053,"[295, 271, 294, 815, 330]","[0.15276195108890533, 0.09321419149637222, 0.041060760617256165, 0.037687934935092926, 0.03527809679508209]",ILSVRC2012_val_00015888,274,n02115913,dhole,animals,nature,field
base,inpainted,341,254,852,0,0.0519632548093795,"[852, 646, 89, 203, 336]","[0.05196325480937958, 0.04192468523979187, 0.03768564388155937, 0.03166988864541054, 0.0306796133518219]",ILSVRC2012_val_00017188,254,n02110958,pug,animals,nature,field
base,inpainted,342,185,522,0,0.0798813551664352,"[522, 9, 266, 825, 346]","[0.07988135516643524, 0.036895010620355606, 0.030462736263871193, 0.02972092106938362, 0.026856541633605957]",ILSVRC2012_val_00017535,185,n02094114,Norfolk_terrier,animals,nature,field
base,inpainted,343,169,646,0,0.1646797209978103,"[646, 336, 261, 192, 289]","[0.16467972099781036, 0.13415411114692688, 0.08737128973007202, 0.04421916976571083, 0.03956616297364235]",ILSVRC2012_val_00018654,169,n02090622,borzoi,animals,nature,field
base,inpainted,344,193,361,0,0.10068329423666,"[361, 192, 133, 363, 82]","[0.10068329423666, 0.04747481271624565, 0.040834542363882065, 0.033672600984573364, 0.03206263482570648]",ILSVRC2012_val_00018890,193,n02096294,Australian_terrier,animals,nature,field
base,inpainted,345,355,109,0,0.3486993312835693,"[109, 66, 533, 67, 646]","[0.34869933128356934, 0.12212734669446945, 0.09663547575473785, 0.04165731742978096, 0.030072277411818504]",ILSVRC2012_val_00019696,355,n02437616,llama,animals,nature,field
base,inpainted,346,83,138,0,0.3716649711132049,"[138, 81, 331, 278, 141]","[0.37166497111320496, 0.11612281948328018, 0.062182631343603134, 0.05876658484339714, 0.05181485787034035]",ILSVRC2012_val_00020690,83,n01798484,prairie_chicken,animals,nature,field
base,inpainted,347,355,958,0,0.1149657219648361,"[958, 912, 975, 913, 405]","[0.11496572196483612, 0.09598254412412643, 0.07558707147836685, 0.0538654699921608, 0.04270787909626961]",ILSVRC2012_val_00021181,355,n02437616,llama,animals,nature,field
base,inpainted,348,172,410,0,0.2757000625133514,"[410, 703, 825, 912, 472]","[0.27570006251335144, 0.12687833607196808, 0.05109601840376854, 0.04145413637161255, 0.035937290638685226]",ILSVRC2012_val_00022036,172,n02091134,whippet,animals,nature,field
base,inpainted,349,958,958,1,0.1938442438840866,"[958, 984, 979, 912, 649]","[0.1938442438840866, 0.06665877997875214, 0.04373165965080261, 0.03359760344028473, 0.030481252819299698]",ILSVRC2012_val_00023170,958,n07802026,hay,nature,nature,field
base,inpainted,350,425,958,0,0.5200677514076233,"[958, 976, 425, 649, 975]","[0.5200677514076233, 0.09618827700614929, 0.07745318859815598, 0.06269682198762894, 0.06042446941137314]",ILSVRC2012_val_00024135,425,n02793495,barn,buildings_and_structures,nature,field
base,inpainted,351,958,958,1,0.5507892966270447,"[958, 853, 972, 912, 915]","[0.5507892966270447, 0.33348554372787476, 0.013666047714650631, 0.007407845929265022, 0.004351871088147163]",ILSVRC2012_val_00024223,958,n07802026,hay,nature,nature,field
base,inpainted,352,425,336,0,0.1227312162518501,"[336, 9, 347, 228, 170]","[0.12273121625185013, 0.12105323374271393, 0.0853881761431694, 0.036016177386045456, 0.03518093004822731]",ILSVRC2012_val_00024346,425,n02793495,barn,buildings_and_structures,nature,field
base,inpainted,353,681,646,0,0.4071054458618164,"[646, 741, 839, 533, 912]","[0.4071054458618164, 0.12051677703857422, 0.11505582928657532, 0.08413612097501755, 0.033201951533555984]",ILSVRC2012_val_00024496,681,n03832673,notebook,technology_and_electronics,nature,field
base,inpainted,354,755,334,0,0.1952878534793853,"[334, 425, 912, 471, 984]","[0.19528785347938538, 0.0894169732928276, 0.048015933483839035, 0.047899309545755386, 0.04135795310139656]",ILSVRC2012_val_00027317,755,n04044716,radio_telescope,buildings_and_structures,nature,field
base,inpainted,355,251,425,0,0.3012647330760956,"[425, 649, 958, 825, 703]","[0.3012647330760956, 0.15695250034332275, 0.09991570562124252, 0.046752575784921646, 0.04525282606482506]",ILSVRC2012_val_00028175,251,n02110341,dalmatian,animals,nature,field
base,inpainted,356,209,425,0,0.1911458820104599,"[425, 958, 984, 226, 825]","[0.1911458820104599, 0.1848842352628708, 0.06308205425739288, 0.023091744631528854, 0.022053973749279976]",ILSVRC2012_val_00028702,209,n02099849,Chesapeake_Bay_retriever,animals,nature,field
base,inpainted,357,872,102,0,0.0911025628447532,"[102, 334, 272, 946, 293]","[0.09110256284475327, 0.08538556843996048, 0.08125711977481842, 0.04665538668632507, 0.044764574617147446]",ILSVRC2012_val_00029019,872,n04485082,tripod,household,nature,field
base,inpainted,358,177,912,0,0.3618033528327942,"[912, 703, 743, 706, 225]","[0.3618033528327942, 0.052841708064079285, 0.03649236634373665, 0.034433454275131226, 0.029836082831025124]",ILSVRC2012_val_00029122,177,n02092002,Scottish_deerhound,animals,nature,field
base,inpainted,359,172,958,0,0.0812529027462005,"[958, 275, 276, 127, 272]","[0.08125290274620056, 0.051607973873615265, 0.03848634660243988, 0.03712498024106026, 0.036660488694906235]",ILSVRC2012_val_00029407,172,n02091134,whippet,animals,nature,field
base,inpainted,360,425,595,0,0.3326708972454071,"[595, 984, 958, 730, 975]","[0.3326708972454071, 0.21529214084148407, 0.07112274318933487, 0.06987306475639343, 0.025555692613124847]",ILSVRC2012_val_00029901,425,n02793495,barn,buildings_and_structures,nature,field
base,inpainted,361,191,839,0,0.0796795263886451,"[839, 825, 979, 888, 972]","[0.07967952638864517, 0.06882587820291519, 0.06506653130054474, 0.0478174053132534, 0.04167511314153671]",ILSVRC2012_val_00030199,191,n02096051,Airedale,animals,nature,field
base,inpainted,362,23,135,0,0.1351397335529327,"[135, 671, 84, 825, 730]","[0.13513973355293274, 0.0388169027864933, 0.023937487974762917, 0.019339043647050858, 0.018455522134900093]",ILSVRC2012_val_00030515,23,n01616318,vulture,animals,nature,field
base,inpainted,363,353,336,0,0.02458106726408,"[336, 4, 104, 276, 58]","[0.024581067264080048, 0.021417813375592232, 0.02134791947901249, 0.0199117474257946, 0.0168748926371336]",ILSVRC2012_val_00033252,353,n02423022,gazelle,animals,nature,field
base,inpainted,364,209,976,0,0.1811277419328689,"[976, 912, 970, 425, 958]","[0.18112774193286896, 0.09530916810035706, 0.0765216052532196, 0.07213351130485535, 0.06493443250656128]",ILSVRC2012_val_00034849,209,n02099849,Chesapeake_Bay_retriever,animals,nature,field
base,inpainted,365,352,225,0,0.0468723811209201,"[225, 249, 235, 234, 239]","[0.04687238112092018, 0.030946971848607063, 0.029602637514472008, 0.028360983356833458, 0.023908128961920738]",ILSVRC2012_val_00035003,352,n02422699,impala,animals,nature,field
base,inpainted,366,690,984,0,0.3609382808208465,"[984, 958, 825, 912, 425]","[0.36093828082084656, 0.2254357933998108, 0.12071197479963303, 0.024502642452716827, 0.02043762616813183]",ILSVRC2012_val_00035344,690,n03868242,oxcart,vehicles,nature,field
base,inpainted,367,348,958,0,0.3036003708839416,"[958, 912, 825, 888, 730]","[0.30360037088394165, 0.14328120648860931, 0.10943496227264404, 0.07772587984800339, 0.02639615349471569]",ILSVRC2012_val_00035372,348,n02412080,ram,animals,nature,field
base,inpainted,368,336,13,0,0.3484876453876495,"[13, 336, 331, 274, 141]","[0.34848764538764954, 0.08547953516244888, 0.049217820167541504, 0.044543586671352386, 0.044263169169425964]",ILSVRC2012_val_00036095,336,n02361337,marmot,animals,nature,field
base,inpainted,369,574,574,1,0.3260988295078277,"[574, 335, 371, 293, 331]","[0.32609882950782776, 0.3123054802417755, 0.02820313721895218, 0.025451725348830223, 0.014963638968765736]",ILSVRC2012_val_00036187,574,n03445777,golf_ball,sports_and_recreation,nature,field
base,inpainted,370,172,425,0,0.1202236488461494,"[425, 99, 912, 716, 958]","[0.12022364884614944, 0.10710211843252182, 0.10574637353420258, 0.05459005385637283, 0.04227188974618912]",ILSVRC2012_val_00036700,172,n02091134,whippet,animals,nature,field
base,inpainted,371,428,976,0,0.3610475361347198,"[976, 972, 979, 649, 980]","[0.36104753613471985, 0.2299983948469162, 0.05292072147130966, 0.04297351464629173, 0.037842780351638794]",ILSVRC2012_val_00038103,428,n02797295,barrow,vehicles,nature,field
base,inpainted,372,277,50,0,0.0754918977618217,"[50, 131, 352, 275, 293]","[0.07549189776182175, 0.04819302260875702, 0.04629509150981903, 0.031415969133377075, 0.029860200360417366]",ILSVRC2012_val_00040503,277,n02119022,red_fox,animals,nature,field
base,inpainted,373,209,50,0,0.1712760329246521,"[50, 293, 49, 330, 84]","[0.1712760329246521, 0.09062018990516663, 0.0769139975309372, 0.06845943629741669, 0.04746853932738304]",ILSVRC2012_val_00042319,209,n02099849,Chesapeake_Bay_retriever,animals,nature,field
base,inpainted,374,575,649,0,0.1579155325889587,"[649, 825, 974, 646, 703]","[0.15791553258895874, 0.10104261338710785, 0.06423497945070267, 0.05846197158098221, 0.05023086443543434]",ILSVRC2012_val_00042743,575,n03445924,golfcart,vehicles,nature,field
base,inpainted,375,958,958,1,0.4442462623119354,"[958, 425, 984, 977, 595]","[0.4442462623119354, 0.13473689556121826, 0.10481797903776169, 0.07239047437906265, 0.026689622551202774]",ILSVRC2012_val_00043120,958,n07802026,hay,nature,nature,field
base,inpainted,376,340,293,0,0.2633900046348572,"[293, 349, 272, 269, 352]","[0.2633900046348572, 0.05579995736479759, 0.053813524544239044, 0.037319861352443695, 0.036907803267240524]",ILSVRC2012_val_00043935,340,n02391049,zebra,animals,nature,field
base,inpainted,377,191,958,0,0.1278806924819946,"[958, 621, 595, 912, 425]","[0.12788069248199463, 0.06599375605583191, 0.025496916845440865, 0.024319803342223167, 0.02101869322359562]",ILSVRC2012_val_00044543,191,n02096051,Airedale,animals,nature,field
base,inpainted,378,232,900,0,0.1530133485794067,"[900, 984, 975, 863, 386]","[0.15301334857940674, 0.08756476640701294, 0.07306227833032608, 0.039252787828445435, 0.03866269811987877]",ILSVRC2012_val_00044548,232,n02106166,Border_collie,animals,nature,field
base,inpainted,379,352,276,0,0.1421840637922287,"[276, 425, 138, 958, 272]","[0.1421840637922287, 0.11266150325536728, 0.06770528852939606, 0.05306437611579895, 0.02785375528037548]",ILSVRC2012_val_00044999,352,n02422699,impala,animals,nature,field
base,inpainted,380,373,815,0,0.0927440896630287,"[815, 271, 293, 274, 330]","[0.09274408966302872, 0.08094122260808945, 0.07791118323802948, 0.0668528825044632, 0.052280813455581665]",ILSVRC2012_val_00045230,373,n02487347,macaque,animals,nature,field
base,inpainted,381,353,353,1,0.0845985785126686,"[353, 825, 972, 9, 276]","[0.08459857851266861, 0.08213639259338379, 0.0582222118973732, 0.03930872678756714, 0.02601579762995243]",ILSVRC2012_val_00046413,353,n02423022,gazelle,animals,nature,field
base,inpainted,382,888,646,0,0.2026807963848114,"[646, 425, 958, 825, 888]","[0.2026807963848114, 0.09072091430425644, 0.07999948412179947, 0.06723973900079727, 0.060318801552057266]",ILSVRC2012_val_00049363,888,n04532670,viaduct,buildings_and_structures,nature,field
base,inpainted,383,286,9,0,0.1150316298007965,"[9, 616, 62, 76, 61]","[0.11503162980079651, 0.11360953003168106, 0.038381047546863556, 0.03692387416958809, 0.03601517528295517]",ILSVRC2012_val_00000487,286,n02125311,cougar,animals,nature,rock
base,inpainted,384,299,42,0,0.0621662475168705,"[42, 288, 48, 276, 67]","[0.0621662475168705, 0.061502374708652496, 0.05382426828145981, 0.04454830288887024, 0.044200848788022995]",ILSVRC2012_val_00000779,299,n02138441,meerkat,animals,nature,rock
base,inpainted,385,350,81,0,0.1577216684818267,"[81, 336, 825, 39, 48]","[0.15772166848182678, 0.11649547517299652, 0.071901835501194, 0.06427708268165588, 0.05119027942419052]",ILSVRC2012_val_00002583,350,n02417914,ibex,animals,nature,rock
base,inpainted,386,143,143,1,0.3244150280952453,"[143, 360, 344, 141, 140]","[0.32441502809524536, 0.22204391658306122, 0.09504812955856323, 0.06522521376609802, 0.039318639785051346]",ILSVRC2012_val_00003716,143,n02037110,oystercatcher,animals,nature,rock
base,inpainted,387,336,48,0,0.2884825468063354,"[48, 336, 825, 81, 49]","[0.28848254680633545, 0.16487132012844086, 0.03407676890492439, 0.0322844423353672, 0.030446460470557213]",ILSVRC2012_val_00003781,336,n02361337,marmot,animals,nature,rock
base,inpainted,388,353,386,0,0.0861954241991043,"[386, 912, 101, 127, 853]","[0.08619542419910431, 0.06648367643356323, 0.06154442951083183, 0.037486158311367035, 0.03371475264430046]",ILSVRC2012_val_00003958,353,n02423022,gazelle,animals,nature,rock
base,inpainted,389,305,944,0,0.3639607429504394,"[944, 119, 988, 938, 937]","[0.36396074295043945, 0.13280647993087769, 0.0602082684636116, 0.054469168186187744, 0.034767862409353256]",ILSVRC2012_val_00004004,305,n02172182,dung_beetle,animals,nature,rock
base,inpainted,390,349,102,0,0.1921776682138443,"[102, 69, 49, 825, 50]","[0.1921776682138443, 0.14746792614459991, 0.11709500104188919, 0.08321686089038849, 0.05801345407962799]",ILSVRC2012_val_00004137,349,n02415577,bighorn,animals,nature,rock
base,inpainted,391,11,825,0,0.5444012880325317,"[825, 649, 336, 68, 67]","[0.5444012880325317, 0.14508932828903198, 0.11972078680992126, 0.022518910467624664, 0.015696492046117783]",ILSVRC2012_val_00004893,11,n01531178,goldfinch,animals,nature,rock
base,inpainted,392,26,931,0,0.1003059595823288,"[931, 995, 378, 997, 61]","[0.1003059595823288, 0.06708621233701706, 0.06215162202715874, 0.05093380808830261, 0.04652096703648567]",ILSVRC2012_val_00006319,26,n01630670,common_newt,animals,nature,rock
base,inpainted,393,336,42,0,0.6014259457588196,"[42, 66, 86, 45, 81]","[0.6014259457588196, 0.04674416035413742, 0.04248601943254471, 0.03906608372926712, 0.03632005304098129]",ILSVRC2012_val_00008770,336,n02361337,marmot,animals,nature,rock
base,inpainted,394,79,996,0,0.0839609578251838,"[996, 56, 947, 42, 61]","[0.08396095782518387, 0.06474621593952179, 0.03980376571416855, 0.037100519984960556, 0.03643697872757912]",ILSVRC2012_val_00010906,79,n01784675,centipede,animals,nature,rock
base,inpainted,395,63,996,0,0.1289944052696228,"[996, 112, 853, 68, 66]","[0.1289944052696228, 0.09315073490142822, 0.09304419159889221, 0.08994797617197037, 0.07188717275857925]",ILSVRC2012_val_00012109,63,n01748264,Indian_cobra,animals,nature,rock
base,inpainted,396,349,349,1,0.163905456662178,"[349, 973, 336, 525, 350]","[0.16390545666217804, 0.09745543450117111, 0.09125697612762451, 0.05113577842712402, 0.04934573173522949]",ILSVRC2012_val_00013120,349,n02415577,bighorn,animals,nature,rock
base,inpainted,397,17,48,0,0.1875208169221878,"[48, 49, 825, 336, 50]","[0.1875208169221878, 0.12340079993009567, 0.09070656448602676, 0.060976654291152954, 0.056409407407045364]",ILSVRC2012_val_00013753,17,n01580077,jay,animals,nature,rock
base,inpainted,398,354,489,0,0.1300139129161834,"[489, 272, 839, 270, 912]","[0.13001391291618347, 0.08061107248067856, 0.06541326642036438, 0.06386762857437134, 0.06330585479736328]",ILSVRC2012_val_00015229,354,n02437312,Arabian_camel,animals,nature,rock
base,inpainted,399,172,336,0,0.4141241908073425,"[336, 299, 294, 81, 48]","[0.41412419080734253, 0.14021529257297516, 0.05995713174343109, 0.056105829775333405, 0.029206199571490288]",ILSVRC2012_val_00015562,172,n02091134,whippet,animals,nature,rock
base,inpainted,400,390,37,0,0.1233831942081451,"[37, 109, 76, 533, 611]","[0.12338319420814514, 0.09475088119506836, 0.08721379190683365, 0.08172726631164551, 0.041690465062856674]",ILSVRC2012_val_00015752,390,n02526121,eel,animals,nature,rock
base,inpainted,401,42,116,0,0.2231224030256271,"[116, 115, 329, 125, 291]","[0.22312240302562714, 0.15157374739646912, 0.08380746096372604, 0.06916157156229019, 0.05615058168768883]",ILSVRC2012_val_00021582,42,n01687978,agama,animals,nature,rock
base,inpainted,402,251,350,0,0.1490281820297241,"[350, 353, 363, 85, 352]","[0.14902818202972412, 0.09522326290607452, 0.09455325454473495, 0.06741344183683395, 0.051213979721069336]",ILSVRC2012_val_00024756,251,n02110341,dalmatian,animals,nature,rock
base,inpainted,403,13,997,0,0.5916499495506287,"[997, 81, 992, 947, 363]","[0.5916499495506287, 0.05517616495490074, 0.05446956679224968, 0.04735124856233597, 0.019116131588816643]",ILSVRC2012_val_00024884,13,n01534433,junco,animals,nature,rock
base,inpainted,404,139,81,0,0.5033003091812134,"[81, 44, 289, 336, 20]","[0.5033003091812134, 0.1620795875787735, 0.055913884192705154, 0.035911958664655685, 0.021495627239346504]",ILSVRC2012_val_00026462,139,n02025239,ruddy_turnstone,animals,nature,rock
base,inpainted,405,336,141,0,0.2345885038375854,"[141, 49, 825, 349, 336]","[0.23458850383758545, 0.0728181004524231, 0.04894009232521057, 0.0403074249625206, 0.038082025945186615]",ILSVRC2012_val_00026537,336,n02361337,marmot,animals,nature,rock
base,inpainted,406,277,136,0,0.1002725288271904,"[136, 143, 20, 269, 58]","[0.1002725288271904, 0.05296381935477257, 0.04163553938269615, 0.03441684693098068, 0.033925656229257584]",ILSVRC2012_val_00031470,277,n02119022,red_fox,animals,nature,rock
base,inpainted,407,375,96,0,0.1028340086340904,"[96, 912, 135, 825, 269]","[0.10283400863409042, 0.08757883310317993, 0.08666125684976578, 0.046940337866544724, 0.039034124463796616]",ILSVRC2012_val_00032396,375,n02488702,colobus,animals,nature,rock
base,inpainted,408,26,81,0,0.2901959419250488,"[81, 24, 10, 20, 326]","[0.29019594192504883, 0.08402245491743088, 0.058791592717170715, 0.05621527507901192, 0.04833265393972397]",ILSVRC2012_val_00033437,26,n01630670,common_newt,animals,nature,rock
base,inpainted,409,295,888,0,0.1458567976951599,"[888, 458, 825, 806, 105]","[0.1458567976951599, 0.09850350022315979, 0.04289523512125015, 0.03883745148777962, 0.034525834023952484]",ILSVRC2012_val_00033969,295,n02133161,American_black_bear,animals,nature,rock
base,inpainted,410,674,649,0,0.1808504909276962,"[649, 442, 792, 539, 730]","[0.18085049092769623, 0.08742831647396088, 0.06810235977172852, 0.03686260059475899, 0.02671860158443451]",ILSVRC2012_val_00034073,674,n03794056,mousetrap,household,nature,rock
base,inpainted,411,57,42,0,0.5906505584716797,"[42, 825, 350, 299, 858]","[0.5906505584716797, 0.0960366278886795, 0.04149165749549866, 0.027608027681708336, 0.019636351615190506]",ILSVRC2012_val_00034587,57,n01735189,garter_snake,animals,nature,rock
base,inpainted,412,59,996,0,0.1312297582626342,"[996, 56, 71, 825, 57]","[0.13122975826263428, 0.09072507917881012, 0.07228124141693115, 0.06676919758319855, 0.04781007766723633]",ILSVRC2012_val_00034919,59,n01739381,vine_snake,animals,nature,rock
base,inpainted,413,357,336,0,0.476549744606018,"[336, 825, 972, 349, 649]","[0.47654974460601807, 0.07784797251224518, 0.060109853744506836, 0.041933801025152206, 0.03666174039244652]",ILSVRC2012_val_00037447,357,n02442845,mink,animals,nature,rock
base,inpainted,414,336,291,0,0.3538109362125397,"[291, 336, 294, 298, 286]","[0.3538109362125397, 0.16559584438800812, 0.10563280433416367, 0.0741947740316391, 0.04396536201238632]",ILSVRC2012_val_00038413,336,n02361337,marmot,animals,nature,rock
base,inpainted,415,86,36,0,0.1830758154392242,"[36, 125, 39, 20, 69]","[0.18307581543922424, 0.1158907487988472, 0.0940006747841835, 0.049821462482213974, 0.047847308218479156]",ILSVRC2012_val_00040524,86,n01807496,partridge,animals,nature,rock
base,inpainted,416,62,970,0,0.6086481809616089,"[970, 979, 980, 525, 976]","[0.6086481809616089, 0.07620596140623093, 0.05752936005592346, 0.045322924852371216, 0.03532383218407631]",ILSVRC2012_val_00043836,62,n01744401,rock_python,animals,nature,rock
base,inpainted,417,677,305,0,0.713670551776886,"[305, 45, 67, 327, 53]","[0.713670551776886, 0.04555965214967728, 0.03571147471666336, 0.03326105326414108, 0.01507764682173729]",ILSVRC2012_val_00043967,677,n03804744,nail,tools_and_hardware,nature,rock
base,inpainted,418,387,48,0,0.1579690873622894,"[48, 47, 39, 62, 525]","[0.15796908736228943, 0.11758381873369217, 0.04359310120344162, 0.037442397326231, 0.03196370601654053]",ILSVRC2012_val_00044625,387,n02509815,lesser_panda,animals,nature,rock
base,inpainted,419,85,958,0,0.5486086010932922,"[958, 128, 22, 351, 912]","[0.5486086010932922, 0.03543449565768242, 0.02946258708834648, 0.021949177607893944, 0.019511746242642403]",ILSVRC2012_val_00045234,85,n01806567,quail,animals,nature,rock
base,inpainted,420,544,401,0,0.1829536855220794,"[401, 302, 766, 634, 69]","[0.18295368552207947, 0.16310721635818481, 0.0796770378947258, 0.047603409737348557, 0.04103699326515198]",ILSVRC2012_val_00045855,544,n03259280,Dutch_oven,household,nature,rock
base,inpainted,421,77,45,0,0.1845648884773254,"[45, 599, 410, 305, 953]","[0.18456488847732544, 0.1259162276983261, 0.11136584728956223, 0.026814160868525505, 0.01960425078868866]",ILSVRC2012_val_00046017,77,n01775062,wolf_spider,animals,nature,rock
base,inpainted,422,357,336,0,0.2875374257564544,"[336, 42, 39, 50, 81]","[0.28753742575645447, 0.146885946393013, 0.02630314603447914, 0.024824783205986023, 0.024762939661741257]",ILSVRC2012_val_00046150,357,n02442845,mink,animals,nature,rock
base,inpainted,423,383,42,0,0.1149778440594673,"[42, 49, 48, 825, 305]","[0.11497784405946732, 0.11297721415758133, 0.10908923298120499, 0.08919667452573776, 0.04270826652646065]",ILSVRC2012_val_00046655,383,n02497673,Madagascar_cat,animals,nature,rock
base,inpainted,424,277,349,0,0.0666900873184204,"[349, 336, 825, 81, 294]","[0.06669008731842041, 0.06099625304341316, 0.06076221913099289, 0.051453523337841034, 0.04833795502781868]",ILSVRC2012_val_00047804,277,n02119022,red_fox,animals,nature,rock
base,inpainted,425,803,792,0,0.0764426440000534,"[792, 48, 500, 700, 49]","[0.0764426440000534, 0.036127205938100815, 0.03568214178085327, 0.033714357763528824, 0.03136097639799118]",ILSVRC2012_val_00002612,803,n04252225,snowplow,vehicles,nature,snow
base,inpainted,426,792,803,0,0.3226678967475891,"[803, 974, 408, 562, 820]","[0.3226678967475891, 0.1331208348274231, 0.04829254746437073, 0.04474512115120888, 0.02418847568333149]",ILSVRC2012_val_00003427,792,n04208210,shovel,tools_and_hardware,nature,snow
base,inpainted,427,795,795,1,0.2608439028263092,"[795, 835, 484, 913, 6]","[0.2608439028263092, 0.1187422126531601, 0.08327885717153549, 0.06306513398885727, 0.057494692504405975]",ILSVRC2012_val_00003918,795,n04228054,ski,sports_and_recreation,nature,snow
base,inpainted,428,83,279,0,0.0770183205604553,"[279, 81, 296, 131, 537]","[0.07701832056045532, 0.07687966525554657, 0.04932151362299919, 0.0313853919506073, 0.029118526726961136]",ILSVRC2012_val_00004256,83,n01798484,prairie_chicken,animals,nature,snow
base,inpainted,429,24,978,0,0.1372165828943252,"[978, 525, 425, 979, 472]","[0.13721658289432526, 0.10425326973199844, 0.08974732458591461, 0.07033828645944595, 0.04361347109079361]",ILSVRC2012_val_00004345,24,n01622779,great_grey_owl,animals,nature,snow
base,inpainted,430,802,908,0,0.4996772706508636,"[908, 978, 718, 977, 460]","[0.49967727065086365, 0.05231950432062149, 0.050535254180431366, 0.049171704798936844, 0.02207254245877266]",ILSVRC2012_val_00006217,802,n04252077,snowmobile,vehicles,nature,snow
base,inpainted,431,491,135,0,0.2948513031005859,"[135, 843, 131, 352, 134]","[0.29485130310058594, 0.1161714494228363, 0.07323292642831802, 0.03734390810132027, 0.03357655182480812]",ILSVRC2012_val_00006578,491,n03000684,chain_saw,tools_and_hardware,nature,snow
base,inpainted,432,277,977,0,0.1941273957490921,"[977, 405, 148, 746, 433]","[0.1941273957490921, 0.10083113610744476, 0.07565111666917801, 0.040508437901735306, 0.03555431589484215]",ILSVRC2012_val_00009066,277,n02119022,red_fox,animals,nature,snow
base,inpainted,433,802,795,0,0.0579313375055789,"[795, 273, 140, 139, 147]","[0.057931337505578995, 0.05743122845888138, 0.04774590954184532, 0.043402429670095444, 0.03259514644742012]",ILSVRC2012_val_00009236,802,n04252077,snowmobile,vehicles,nature,snow
base,inpainted,434,802,537,0,0.3360912501811981,"[537, 802, 803, 795, 876]","[0.3360912501811981, 0.1168946698307991, 0.10231305658817291, 0.06397253274917603, 0.0442839190363884]",ILSVRC2012_val_00009906,802,n04252077,snowmobile,vehicles,nature,snow
base,inpainted,435,516,104,0,0.0458973348140716,"[104, 562, 177, 677, 421]","[0.045897334814071655, 0.032361388206481934, 0.02901311218738556, 0.025821484625339508, 0.02418782189488411]",ILSVRC2012_val_00010259,516,n03125729,cradle,household,nature,snow
base,inpainted,436,13,81,0,0.1178808957338333,"[81, 82, 144, 249, 250]","[0.11788089573383331, 0.11011141538619995, 0.0966532900929451, 0.0803656354546547, 0.055410657078027725]",ILSVRC2012_val_00010456,13,n01534433,junco,animals,nature,snow
base,inpainted,437,296,824,0,0.0839946269989013,"[824, 533, 329, 209, 703]","[0.08399462699890137, 0.054230183362960815, 0.027846330776810646, 0.015234554186463356, 0.014632432721555233]",ILSVRC2012_val_00010742,296,n02134084,ice_bear,animals,nature,snow
base,inpainted,438,425,81,0,0.2968833744525909,"[81, 980, 258, 79, 716]","[0.29688337445259094, 0.08927633613348007, 0.043288152664899826, 0.04075625166296959, 0.033654142171144485]",ILSVRC2012_val_00010809,425,n02793495,barn,buildings_and_structures,nature,snow
base,inpainted,439,223,795,0,0.1546941846609115,"[795, 802, 895, 537, 404]","[0.15469418466091156, 0.1348215788602829, 0.030684636905789375, 0.029569989070296288, 0.024745013564825058]",ILSVRC2012_val_00010865,223,n02104365,schipperke,animals,nature,snow
base,inpainted,440,795,970,0,0.6850742101669312,"[970, 50, 49, 972, 525]","[0.6850742101669312, 0.02995719015598297, 0.028871431946754456, 0.02096395008265972, 0.02051330730319023]",ILSVRC2012_val_00012449,795,n04228054,ski,sports_and_recreation,nature,snow
base,inpainted,441,13,19,0,0.0861243084073066,"[19, 171, 642, 99, 524]","[0.08612430840730667, 0.059841521084308624, 0.04071818292140961, 0.03432271629571915, 0.028681965544819832]",ILSVRC2012_val_00013277,13,n01534433,junco,animals,nature,snow
base,inpainted,442,227,537,0,0.6348543167114258,"[537, 802, 792, 803, 347]","[0.6348543167114258, 0.22021940350532532, 0.03250935673713684, 0.01101879682391882, 0.009292399510741234]",ILSVRC2012_val_00015210,227,n02105412,kelpie,animals,nature,snow
base,inpainted,443,867,460,0,0.2404625713825225,"[460, 975, 755, 425, 437]","[0.24046257138252258, 0.13240289688110352, 0.0978967472910881, 0.051397085189819336, 0.02373085729777813]",ILSVRC2012_val_00015969,867,n04467665,trailer_truck,vehicles,nature,snow
base,inpainted,444,232,81,0,0.1485503762960434,"[81, 109, 140, 143, 80]","[0.1485503762960434, 0.10947246849536896, 0.05807623639702797, 0.03850351646542549, 0.033911384642124176]",ILSVRC2012_val_00016263,232,n02106166,Border_collie,animals,nature,snow
base,inpainted,445,795,803,0,0.3316532969474792,"[803, 569, 537, 436, 603]","[0.33165329694747925, 0.08953934162855148, 0.04649355262517929, 0.028642600402235985, 0.025861287489533424]",ILSVRC2012_val_00018567,795,n04228054,ski,sports_and_recreation,nature,snow
base,inpainted,446,81,310,0,0.1019026637077331,"[310, 552, 795, 974, 81]","[0.10190266370773315, 0.08472074568271637, 0.051574695855379105, 0.03384306654334068, 0.02922726422548294]",ILSVRC2012_val_00019036,81,n01796340,ptarmigan,animals,nature,snow
base,inpainted,447,238,296,0,0.1939012706279754,"[296, 433, 537, 460, 150]","[0.19390127062797546, 0.1807786077260971, 0.09164813160896301, 0.05763271450996399, 0.053286705166101456]",ILSVRC2012_val_00019080,238,n02107574,Greater_Swiss_Mountain_dog,animals,nature,snow
base,inpainted,448,296,81,0,0.3250476121902466,"[81, 143, 296, 700, 394]","[0.3250476121902466, 0.07258883118629456, 0.057244811207056046, 0.03570463880896568, 0.031022990122437477]",ILSVRC2012_val_00021962,296,n02134084,ice_bear,animals,nature,snow
base,inpainted,449,172,67,0,0.0862614288926124,"[67, 961, 13, 81, 54]","[0.08626142889261246, 0.04662802070379257, 0.040169671177864075, 0.03501930832862854, 0.03134717419743538]",ILSVRC2012_val_00022753,172,n02091134,whippet,animals,nature,snow
base,inpainted,450,178,45,0,0.0557244159281253,"[45, 71, 34, 391, 65]","[0.05572441592812538, 0.05215927213430405, 0.04647981375455856, 0.043152496218681335, 0.04217289015650749]",ILSVRC2012_val_00022824,178,n02092339,Weimaraner,animals,nature,snow
base,inpainted,451,803,970,0,0.3657847046852112,"[970, 795, 802, 672, 972]","[0.3657847046852112, 0.16008871793746948, 0.09131493419408798, 0.08380431681871414, 0.08022443950176239]",ILSVRC2012_val_00022940,803,n04252225,snowplow,vehicles,nature,snow
base,inpainted,452,331,970,0,0.1564154922962188,"[970, 797, 979, 802, 296]","[0.15641549229621887, 0.07436083257198334, 0.06253153830766678, 0.051361970603466034, 0.04637930914759636]",ILSVRC2012_val_00023041,331,n02326432,hare,animals,nature,snow
base,inpainted,453,292,141,0,0.1666182577610016,"[141, 131, 128, 142, 135]","[0.1666182577610016, 0.12442446500062943, 0.11014149338006973, 0.10157524794340134, 0.05620492622256279]",ILSVRC2012_val_00023228,292,n02129604,tiger,animals,nature,snow
base,inpainted,454,787,425,0,0.0555401667952537,"[425, 853, 727, 863, 386]","[0.055540166795253754, 0.053008317947387695, 0.0446159690618515, 0.03171919286251068, 0.028001222759485245]",ILSVRC2012_val_00023309,787,n04192698,shield,clothing_and_accessories,nature,snow
base,inpainted,455,231,974,0,0.907616376876831,"[974, 437, 460, 976, 802]","[0.907616376876831, 0.02251504361629486, 0.0124817481264472, 0.008311869576573372, 0.007797429338097572]",ILSVRC2012_val_00023788,231,n02106030,collie,animals,nature,snow
base,inpainted,456,81,795,0,0.1053250357508659,"[795, 792, 81, 6, 591]","[0.10532503575086594, 0.09975654631853104, 0.09163451939821243, 0.08054272085428238, 0.0592646598815918]",ILSVRC2012_val_00024396,81,n01796340,ptarmigan,animals,nature,snow
base,inpainted,457,803,421,0,0.302476167678833,"[421, 743, 212, 332, 961]","[0.302476167678833, 0.08483602851629257, 0.061835408210754395, 0.055357903242111206, 0.05239377170801163]",ILSVRC2012_val_00025743,803,n04252225,snowplow,vehicles,nature,snow
base,inpainted,458,792,537,0,0.2607837617397308,"[537, 258, 706, 795, 450]","[0.26078376173973083, 0.08004765212535858, 0.07561555504798889, 0.06714876741170883, 0.04754522815346718]",ILSVRC2012_val_00025749,792,n04208210,shovel,tools_and_hardware,nature,snow
base,inpainted,459,654,340,0,0.1942589730024337,"[340, 296, 425, 853, 164]","[0.19425897300243378, 0.12948857247829437, 0.08655347675085068, 0.03832942247390747, 0.03742167353630066]",ILSVRC2012_val_00026004,654,n03769881,minibus,vehicles,nature,snow
base,inpainted,460,170,803,0,0.218271255493164,"[803, 408, 537, 874, 628]","[0.21827125549316406, 0.11544694006443024, 0.10654617100954056, 0.07448627054691315, 0.05121305212378502]",ILSVRC2012_val_00027629,170,n02090721,Irish_wolfhound,animals,nature,snow
base,inpainted,461,199,791,0,0.1293223351240158,"[791, 525, 460, 821, 755]","[0.1293223351240158, 0.11066442728042603, 0.10744453966617584, 0.07834377139806747, 0.02845512144267559]",ILSVRC2012_val_00028300,199,n02097298,Scotch_terrier,animals,nature,snow
base,inpainted,462,795,795,1,0.2424686402082443,"[795, 802, 970, 976, 978]","[0.24246864020824432, 0.1611562818288803, 0.1345692127943039, 0.06299664825201035, 0.044513117522001266]",ILSVRC2012_val_00028327,795,n04228054,ski,sports_and_recreation,nature,snow
base,inpainted,463,802,803,0,0.2435535788536071,"[803, 802, 795, 537, 970]","[0.24355357885360718, 0.22742818295955658, 0.1761830598115921, 0.09167572110891342, 0.035437919199466705]",ILSVRC2012_val_00032625,802,n04252077,snowmobile,vehicles,nature,snow
base,inpainted,464,198,5,0,0.0998040214180946,"[5, 390, 277, 327, 20]","[0.09980402141809464, 0.06333386898040771, 0.057106200605630875, 0.0565909706056118, 0.047151729464530945]",ILSVRC2012_val_00034823,198,n02097209,standard_schnauzer,animals,nature,snow
base,inpainted,465,209,48,0,0.0832636132836341,"[48, 343, 49, 82, 13]","[0.08326361328363419, 0.06937691569328308, 0.06195857748389244, 0.04145714268088341, 0.03809819743037224]",ILSVRC2012_val_00035719,209,n02099849,Chesapeake_Bay_retriever,animals,nature,snow
base,inpainted,466,247,267,0,0.1071631759405136,"[267, 792, 803, 257, 169]","[0.10716317594051361, 0.07494030147790909, 0.06458158046007156, 0.03175094351172447, 0.025553107261657715]",ILSVRC2012_val_00035820,247,n02109525,Saint_Bernard,animals,nature,snow
base,inpainted,467,224,336,0,0.3155170977115631,"[336, 125, 972, 360, 112]","[0.3155170977115631, 0.09548981487751007, 0.03937937319278717, 0.027985380962491035, 0.027796847745776176]",ILSVRC2012_val_00035891,224,n02105056,groenendael,animals,nature,snow
base,inpainted,468,258,82,0,0.1685680449008941,"[82, 272, 86, 80, 537]","[0.16856804490089417, 0.12656012177467346, 0.07215305417776108, 0.06894038617610931, 0.0439961701631546]",ILSVRC2012_val_00036379,258,n02111889,Samoyed,animals,nature,snow
base,inpainted,469,13,927,0,0.154202327132225,"[927, 345, 987, 333, 248]","[0.15420232713222504, 0.11092666536569595, 0.06363473832607269, 0.03332532197237015, 0.02576109766960144]",ILSVRC2012_val_00038794,13,n01534433,junco,animals,nature,snow
base,inpainted,470,339,802,0,0.3233324587345123,"[802, 795, 537, 970, 977]","[0.32333245873451233, 0.24123382568359375, 0.1862349659204483, 0.05060723423957825, 0.041315414011478424]",ILSVRC2012_val_00039474,339,n02389026,sorrel,food,nature,snow
base,inpainted,471,888,977,0,0.3265740871429443,"[977, 978, 958, 525, 912]","[0.32657408714294434, 0.2491619735956192, 0.08892197161912918, 0.06298816949129105, 0.0310460664331913]",ILSVRC2012_val_00039577,888,n04532670,viaduct,buildings_and_structures,nature,snow
base,inpainted,472,258,308,0,0.2928992211818695,"[308, 802, 795, 303, 791]","[0.2928992211818695, 0.08146878331899643, 0.04046842083334923, 0.03995125740766525, 0.03463030606508255]",ILSVRC2012_val_00041377,258,n02111889,Samoyed,animals,nature,snow
base,inpainted,473,792,2,0,0.6289999485015869,"[2, 296, 980, 6, 146]","[0.6289999485015869, 0.11293406039476395, 0.05548256263136864, 0.046206019818782806, 0.020379673689603806]",ILSVRC2012_val_00043922,792,n04208210,shovel,tools_and_hardware,nature,snow
base,inpainted,474,792,525,0,0.0756949782371521,"[525, 888, 915, 203, 412]","[0.0756949782371521, 0.04073735326528549, 0.04066114500164986, 0.03453407809138298, 0.031341519206762314]",ILSVRC2012_val_00048941,792,n04208210,shovel,tools_and_hardware,nature,snow
base,inpainted,475,346,975,0,0.2112995684146881,"[975, 425, 832, 853, 471]","[0.2112995684146881, 0.10860859602689743, 0.0885058119893074, 0.04664897546172142, 0.04478331655263901]",ILSVRC2012_val_00001360,346,n02408429,water_buffalo,animals,nature,mountain
base,inpainted,476,671,976,0,0.3579526841640472,"[976, 972, 649, 979, 975]","[0.35795268416404724, 0.34436318278312683, 0.09270813316106796, 0.028214450925588608, 0.021608585491776466]",ILSVRC2012_val_00001659,671,n03792782,mountain_bike,vehicles,nature,mountain
base,inpainted,477,724,979,0,0.406236320734024,"[979, 972, 976, 970, 975]","[0.40623632073402405, 0.15894703567028046, 0.09650256484746933, 0.04787827283143997, 0.040038757026195526]",ILSVRC2012_val_00002130,724,n03947888,pirate,clothing_and_accessories,nature,mountain
base,inpainted,478,394,975,0,0.4810272455215454,"[975, 979, 972, 976, 888]","[0.4810272455215454, 0.23713791370391846, 0.027442459017038345, 0.024521473795175552, 0.023906035348773003]",ILSVRC2012_val_00004574,394,n02640242,sturgeon,animals,nature,mountain
base,inpainted,479,672,970,0,0.2744579911231994,"[970, 976, 978, 972, 140]","[0.27445799112319946, 0.20981845259666443, 0.07798925042152405, 0.05479928478598595, 0.0441729836165905]",ILSVRC2012_val_00005115,672,n03792972,mountain_tent,buildings_and_structures,nature,mountain
base,inpainted,480,289,69,0,0.7722846269607544,"[69, 112, 980, 33, 344]","[0.7722846269607544, 0.023298434913158417, 0.01586015895009041, 0.01113160327076912, 0.009506621398031712]",ILSVRC2012_val_00005628,289,n02128757,snow_leopard,animals,nature,mountain
base,inpainted,481,818,979,0,0.1955424100160598,"[979, 915, 672, 970, 980]","[0.19554241001605988, 0.11529072374105453, 0.10506734251976013, 0.0858302116394043, 0.07713746279478073]",ILSVRC2012_val_00008643,818,n04286575,spotlight,household,nature,mountain
base,inpainted,482,853,976,0,0.1793723255395889,"[976, 460, 978, 972, 975]","[0.17937232553958893, 0.10133463144302368, 0.08926952630281448, 0.08720966428518295, 0.08325478434562683]",ILSVRC2012_val_00009073,853,n04417672,thatch,nature,nature,mountain
base,inpainted,483,239,970,0,0.2656662464141845,"[970, 975, 825, 972, 976]","[0.26566624641418457, 0.16785620152950287, 0.10512440651655197, 0.08504283428192139, 0.0636914074420929]",ILSVRC2012_val_00011322,239,n02107683,Bernese_mountain_dog,animals,nature,mountain
base,inpainted,484,425,970,0,0.3490584790706634,"[970, 979, 354, 980, 976]","[0.34905847907066345, 0.1347527951002121, 0.052506402134895325, 0.027899375185370445, 0.025689268484711647]",ILSVRC2012_val_00011475,425,n02793495,barn,buildings_and_structures,nature,mountain
base,inpainted,485,355,386,0,0.2763919532299042,"[386, 649, 101, 888, 385]","[0.2763919532299042, 0.236178919672966, 0.08243394643068314, 0.07758204638957977, 0.04353414848446846]",ILSVRC2012_val_00020158,355,n02437616,llama,animals,nature,mountain
base,inpainted,486,863,979,0,0.1465638577938079,"[979, 334, 972, 970, 557]","[0.14656385779380798, 0.050045136362314224, 0.03604665771126747, 0.0347793810069561, 0.03316716477274895]",ILSVRC2012_val_00020813,863,n04458633,totem_pole,buildings_and_structures,nature,mountain
base,inpainted,487,349,425,0,0.1844187974929809,"[425, 483, 472, 915, 853]","[0.18441879749298096, 0.13737136125564575, 0.07629276067018509, 0.07147246599197388, 0.04969755560159683]",ILSVRC2012_val_00020934,349,n02415577,bighorn,animals,nature,mountain
base,inpainted,488,703,975,0,0.3746360838413238,"[975, 525, 979, 839, 628]","[0.37463608384132385, 0.2439233660697937, 0.11176778376102448, 0.08919619768857956, 0.053607385605573654]",ILSVRC2012_val_00022291,703,n03891251,park_bench,household,nature,mountain
base,inpainted,489,425,970,0,0.6843436360359192,"[970, 770, 672, 979, 978]","[0.6843436360359192, 0.07504373043775558, 0.023738883435726166, 0.020546339452266693, 0.019603975117206573]",ILSVRC2012_val_00023335,425,n02793495,barn,buildings_and_structures,nature,mountain
base,inpainted,490,795,970,0,0.1667441725730896,"[970, 403, 628, 975, 510]","[0.1667441725730896, 0.14270548522472382, 0.08889537304639816, 0.049796782433986664, 0.04612746089696884]",ILSVRC2012_val_00023770,795,n04228054,ski,sports_and_recreation,nature,mountain
base,inpainted,491,690,977,0,0.2858157753944397,"[977, 832, 984, 873, 703]","[0.2858157753944397, 0.0732036605477333, 0.05138350650668144, 0.029229609295725822, 0.027481835335493088]",ILSVRC2012_val_00024033,690,n03868242,oxcart,vehicles,nature,mountain
base,inpainted,492,672,970,0,0.351923406124115,"[970, 980, 974, 979, 672]","[0.351923406124115, 0.2078218162059784, 0.14170055091381073, 0.06753392517566681, 0.04572237282991409]",ILSVRC2012_val_00024316,672,n03792972,mountain_tent,buildings_and_structures,nature,mountain
base,inpainted,493,671,979,0,0.3786971569061279,"[979, 970, 976, 972, 978]","[0.37869715690612793, 0.3275001347064972, 0.12340179085731506, 0.0217727180570364, 0.01421753317117691]",ILSVRC2012_val_00024517,671,n03792782,mountain_bike,vehicles,nature,mountain
base,inpainted,494,81,970,0,0.7280007600784302,"[970, 980, 972, 979, 976]","[0.7280007600784302, 0.16140078008174896, 0.031023899093270302, 0.0272542592138052, 0.020150475203990936]",ILSVRC2012_val_00024630,81,n01796340,ptarmigan,animals,nature,mountain
base,inpainted,495,733,672,0,0.1981495916843414,"[672, 483, 979, 980, 970]","[0.19814959168434143, 0.1354975402355194, 0.12183264642953873, 0.07062944024801254, 0.06492933630943298]",ILSVRC2012_val_00025919,733,n03976657,pole,buildings_and_structures,nature,mountain
base,inpainted,496,672,825,0,0.3404410779476166,"[825, 888, 649, 975, 979]","[0.3404410779476166, 0.17920389771461487, 0.08788283169269562, 0.06754758954048157, 0.04988885298371315]",ILSVRC2012_val_00026469,672,n03792972,mountain_tent,buildings_and_structures,nature,mountain
base,inpainted,497,795,795,1,0.396232932806015,"[795, 970, 802, 977, 672]","[0.396232932806015, 0.323783814907074, 0.05429915711283684, 0.03128904104232788, 0.01739688776433468]",ILSVRC2012_val_00030160,795,n04228054,ski,sports_and_recreation,nature,mountain
base,inpainted,498,663,646,0,0.2396261245012283,"[646, 975, 425, 825, 483]","[0.23962612450122833, 0.19448739290237427, 0.056921131908893585, 0.03873326629400253, 0.037454672157764435]",ILSVRC2012_val_00032569,663,n03781244,monastery,buildings_and_structures,nature,mountain
base,inpainted,499,705,525,0,0.4009154438972473,"[525, 975, 979, 976, 694]","[0.4009154438972473, 0.27193060517311096, 0.24259653687477112, 0.011013168841600418, 0.005945852026343346]",ILSVRC2012_val_00032715,705,n03895866,passenger_car,vehicles,nature,mountain
base,inpainted,500,675,319,0,0.1054404079914093,"[319, 44, 318, 313, 868]","[0.1054404079914093, 0.043081142008304596, 0.041106827557086945, 0.033463336527347565, 0.031610168516635895]",ILSVRC2012_val_00033792,675,n03796401,moving_van,vehicles,nature,mountain
base,inpainted,501,404,958,0,0.190151959657669,"[958, 970, 972, 980, 977]","[0.19015195965766907, 0.10527751594781876, 0.06640364974737167, 0.05784931406378746, 0.0470573864877224]",ILSVRC2012_val_00033920,404,n02690373,airliner,vehicles,nature,mountain
base,inpainted,502,609,825,0,0.4240223169326782,"[825, 500, 286, 646, 49]","[0.4240223169326782, 0.12180496007204056, 0.11662048101425171, 0.09572386741638184, 0.06152604520320892]",ILSVRC2012_val_00035162,609,n03594945,jeep,vehicles,nature,mountain
base,inpainted,503,672,970,0,0.6548175811767578,"[970, 979, 980, 628, 821]","[0.6548175811767578, 0.07785244286060333, 0.03838847577571869, 0.02597486786544323, 0.02020661160349846]",ILSVRC2012_val_00038176,672,n03792972,mountain_tent,buildings_and_structures,nature,mountain
base,inpainted,504,915,672,0,0.4399040043354034,"[672, 980, 970, 979, 972]","[0.43990400433540344, 0.28295063972473145, 0.058218568563461304, 0.05639036372303963, 0.013813557103276253]",ILSVRC2012_val_00038908,915,n04613696,yurt,buildings_and_structures,nature,mountain
base,inpainted,505,336,970,0,0.260394424200058,"[970, 980, 979, 976, 977]","[0.260394424200058, 0.184306338429451, 0.12424790114164352, 0.08623357862234116, 0.07495726644992828]",ILSVRC2012_val_00040049,336,n02361337,marmot,animals,nature,mountain
base,inpainted,506,515,294,0,0.2270149439573288,"[294, 336, 347, 276, 976]","[0.2270149439573288, 0.12660637497901917, 0.0778309553861618, 0.04580837860703468, 0.04401347041130066]",ILSVRC2012_val_00042942,515,n03124170,cowboy_hat,clothing_and_accessories,nature,mountain
base,inpainted,507,425,970,0,0.4196101725101471,"[970, 483, 425, 672, 832]","[0.4196101725101471, 0.14763031899929047, 0.11688658595085144, 0.10587705671787262, 0.04142691195011139]",ILSVRC2012_val_00043463,425,n02793495,barn,buildings_and_structures,nature,mountain
base,inpainted,508,404,525,0,0.0555787608027458,"[525, 881, 492, 628, 815]","[0.05557876080274582, 0.051024142652750015, 0.04127494990825653, 0.03561921790242195, 0.03397809714078903]",ILSVRC2012_val_00044253,404,n02690373,airliner,vehicles,nature,mountain
base,inpainted,509,724,554,0,0.1842716187238693,"[554, 976, 975, 724, 814]","[0.18427161872386932, 0.13847146928310394, 0.10819192230701447, 0.0542176216840744, 0.044062644243240356]",ILSVRC2012_val_00045572,724,n03947888,pirate,clothing_and_accessories,nature,mountain
base,inpainted,510,718,294,0,0.1663250774145126,"[294, 483, 336, 49, 888]","[0.16632507741451263, 0.08408359438180923, 0.052934449166059494, 0.04561886191368103, 0.045429784804582596]",ILSVRC2012_val_00046001,718,n03933933,pier,buildings_and_structures,nature,mountain
base,inpainted,511,671,980,0,0.1784689426422119,"[980, 970, 979, 336, 460]","[0.17846894264221191, 0.16440419852733612, 0.13514456152915955, 0.10793875902891159, 0.08209051191806793]",ILSVRC2012_val_00049001,671,n03792782,mountain_bike,vehicles,nature,mountain
base,inpainted,512,147,147,1,0.6919440031051636,"[147, 460, 978, 975, 977]","[0.6919440031051636, 0.11303207278251648, 0.03963098302483559, 0.02625397779047489, 0.015948889777064323]",ILSVRC2012_val_00000609,147,n02066245,grey_whale,animals,nature,sea
base,inpainted,513,484,147,0,0.4429390728473663,"[147, 977, 975, 972, 871]","[0.44293907284736633, 0.09824900329113007, 0.05393895134329796, 0.03582727164030075, 0.02941887639462948]",ILSVRC2012_val_00001063,484,n02981792,catamaran,vehicles,nature,sea
base,inpainted,514,449,978,0,0.3756895363330841,"[978, 460, 716, 437, 718]","[0.3756895363330841, 0.2831343412399292, 0.03820418193936348, 0.027276908978819847, 0.02483045868575573]",ILSVRC2012_val_00002527,449,n02859443,boathouse,buildings_and_structures,nature,sea
base,inpainted,515,842,978,0,0.5215052366256714,"[978, 977, 976, 460, 833]","[0.5215052366256714, 0.13634970784187317, 0.0754627212882042, 0.047286223620176315, 0.0224774032831192]",ILSVRC2012_val_00002800,842,n04371430,swimming_trunks,clothing_and_accessories,nature,sea
base,inpainted,516,708,976,0,0.7458024024963379,"[976, 978, 972, 403, 977]","[0.7458024024963379, 0.058356571942567825, 0.05834410712122917, 0.019585439935326576, 0.012193196453154087]",ILSVRC2012_val_00002990,708,n03903868,pedestal,buildings_and_structures,nature,sea
base,inpainted,517,393,971,0,0.2737081944942474,"[971, 443, 107, 712, 393]","[0.27370819449424744, 0.1441526710987091, 0.09291152656078339, 0.0926540419459343, 0.0895300805568695]",ILSVRC2012_val_00003033,393,n02607072,anemone_fish,animals,nature,sea
base,inpainted,518,862,975,0,0.3073077499866485,"[975, 978, 821, 977, 405]","[0.30730774998664856, 0.09075514227151871, 0.07581805437803268, 0.0750744417309761, 0.04420218616724014]",ILSVRC2012_val_00003713,862,n04456115,torch,technology_and_electronics,nature,sea
base,inpainted,519,625,147,0,0.3860540688037872,"[147, 814, 554, 780, 148]","[0.38605406880378723, 0.11364254355430603, 0.08293960988521576, 0.07347796857357025, 0.0570247620344162]",ILSVRC2012_val_00004492,625,n03662601,lifeboat,vehicles,nature,sea
base,inpainted,520,977,977,1,0.6926978230476379,"[977, 460, 975, 833, 814]","[0.6926978230476379, 0.050826311111450195, 0.03688496723771095, 0.031148802489042282, 0.02368674986064434]",ILSVRC2012_val_00005236,977,n09421951,sandbar,nature,nature,sea
base,inpainted,521,536,975,0,0.1450960338115692,"[975, 449, 403, 718, 391]","[0.1450960338115692, 0.09306368976831436, 0.0845864862203598, 0.05854161083698273, 0.058138132095336914]",ILSVRC2012_val_00006534,536,n03216828,dock,buildings_and_structures,nature,sea
base,inpainted,522,472,978,0,0.4399017095565796,"[978, 977, 33, 395, 801]","[0.4399017095565796, 0.2907370328903198, 0.03558780625462532, 0.02220701426267624, 0.02214808017015457]",ILSVRC2012_val_00007245,472,n02951358,canoe,vehicles,nature,sea
base,inpainted,523,437,780,0,0.4124085605144501,"[780, 484, 977, 833, 871]","[0.4124085605144501, 0.13139550387859344, 0.08510279655456543, 0.044356830418109894, 0.04111277684569359]",ILSVRC2012_val_00007490,437,n02814860,beacon,buildings_and_structures,nature,sea
base,inpainted,524,393,393,1,0.8177205920219421,"[393, 108, 396, 973, 991]","[0.8177205920219421, 0.18083150684833527, 0.0003839850251097232, 0.0003161193453706801, 0.00021563697373494506]",ILSVRC2012_val_00007807,393,n02607072,anemone_fish,animals,nature,sea
base,inpainted,525,394,973,0,0.3820922374725342,"[973, 109, 66, 149, 336]","[0.3820922374725342, 0.3810569643974304, 0.05182411149144173, 0.0307301077991724, 0.020953616127371788]",ILSVRC2012_val_00008189,394,n02640242,sturgeon,animals,nature,sea
base,inpainted,526,147,147,1,0.6007035970687866,"[147, 460, 814, 978, 977]","[0.6007035970687866, 0.06859271973371506, 0.04999997094273567, 0.030102424323558807, 0.01891796477138996]",ILSVRC2012_val_00008684,147,n02066245,grey_whale,animals,nature,sea
base,inpainted,527,437,977,0,0.2218152731657028,"[977, 975, 978, 538, 727]","[0.22181527316570282, 0.1685217171907425, 0.08222128450870514, 0.06383151561021805, 0.030922073870897293]",ILSVRC2012_val_00009308,437,n02814860,beacon,buildings_and_structures,nature,sea
base,inpainted,528,373,915,0,0.7166826725006104,"[915, 718, 975, 536, 716]","[0.7166826725006104, 0.10800422728061676, 0.0160275436937809, 0.01550209242850542, 0.012940235435962677]",ILSVRC2012_val_00010394,373,n02487347,macaque,animals,nature,sea
base,inpainted,529,147,460,0,0.319405049085617,"[460, 972, 978, 958, 977]","[0.31940504908561707, 0.08915956318378448, 0.08464497327804565, 0.05623454228043556, 0.05037376284599304]",ILSVRC2012_val_00011468,147,n02066245,grey_whale,animals,nature,sea
base,inpainted,530,143,98,0,0.2510937452316284,"[98, 146, 360, 137, 148]","[0.2510937452316284, 0.17291918396949768, 0.05846336856484413, 0.05157715827226639, 0.04897904768586159]",ILSVRC2012_val_00011488,143,n02037110,oystercatcher,animals,nature,sea
base,inpainted,531,625,449,0,0.5111618041992188,"[449, 975, 460, 536, 525]","[0.5111618041992188, 0.21999937295913696, 0.14094656705856323, 0.04541961848735809, 0.02241886407136917]",ILSVRC2012_val_00011636,625,n03662601,lifeboat,vehicles,nature,sea
base,inpainted,532,833,975,0,0.2460996210575103,"[975, 976, 814, 460, 821]","[0.24609962105751038, 0.22873492538928986, 0.044568177312612534, 0.035153403878211975, 0.033446621149778366]",ILSVRC2012_val_00011735,833,n04347754,submarine,vehicles,nature,sea
base,inpainted,533,403,510,0,0.4340177774429321,"[510, 976, 460, 718, 975]","[0.43401777744293213, 0.26689788699150085, 0.0658908411860466, 0.0465046651661396, 0.0395214818418026]",ILSVRC2012_val_00011995,403,n02687172,aircraft_carrier,vehicles,nature,sea
base,inpainted,534,914,977,0,0.2222500145435333,"[977, 976, 483, 449, 975]","[0.22225001454353333, 0.14391475915908813, 0.04885217174887657, 0.038532525300979614, 0.034979257732629776]",ILSVRC2012_val_00012489,914,n04612504,yawl,vehicles,nature,sea
base,inpainted,535,484,977,0,0.588796079158783,"[977, 795, 978, 975, 701]","[0.588796079158783, 0.04949945956468582, 0.03056127019226551, 0.02952161803841591, 0.016001183539628983]",ILSVRC2012_val_00013181,484,n02981792,catamaran,vehicles,nature,sea
base,inpainted,536,148,147,0,0.4240925312042236,"[147, 977, 460, 814, 148]","[0.42409253120422363, 0.07755856961011887, 0.055859290063381195, 0.042791567742824554, 0.0378386452794075]",ILSVRC2012_val_00013283,148,n02071294,killer_whale,animals,nature,sea
base,inpainted,537,554,483,0,0.2590747773647308,"[483, 525, 449, 425, 975]","[0.25907477736473083, 0.09750427305698395, 0.08146033436059952, 0.07081034779548645, 0.049861375242471695]",ILSVRC2012_val_00013961,554,n03344393,fireboat,vehicles,nature,sea
base,inpainted,538,814,483,0,0.1908137649297714,"[483, 510, 663, 525, 425]","[0.19081376492977142, 0.13599389791488647, 0.08584801852703094, 0.07863040268421173, 0.05452633649110794]",ILSVRC2012_val_00014242,814,n04273569,speedboat,vehicles,nature,sea
base,inpainted,539,983,33,0,0.3486080765724182,"[33, 973, 976, 972, 397]","[0.3486080765724182, 0.2731761336326599, 0.17164354026317596, 0.04603705182671547, 0.02552134171128273]",ILSVRC2012_val_00015572,983,n10565667,scuba_diver,clothing_and_accessories,nature,sea
base,inpainted,540,267,913,0,0.2453546226024627,"[913, 137, 148, 755, 977]","[0.24535462260246277, 0.08456439524888992, 0.05688908323645592, 0.046869996935129166, 0.0467677041888237]",ILSVRC2012_val_00016697,267,n02113799,standard_poodle,animals,nature,sea
base,inpainted,541,625,460,0,0.2379012405872345,"[460, 403, 147, 913, 976]","[0.2379012405872345, 0.16277961432933807, 0.09408741444349289, 0.07801221311092377, 0.04373772814869881]",ILSVRC2012_val_00016970,625,n03662601,lifeboat,vehicles,nature,sea
base,inpainted,542,554,895,0,0.3330082297325134,"[895, 628, 99, 701, 403]","[0.3330082297325134, 0.2736872136592865, 0.06275924295186996, 0.024239517748355865, 0.023455195128917694]",ILSVRC2012_val_00017026,554,n03344393,fireboat,vehicles,nature,sea
base,inpainted,543,554,460,0,0.4440742135047912,"[460, 977, 975, 437, 976]","[0.44407421350479126, 0.12601928412914276, 0.09370067715644836, 0.0842549204826355, 0.03177045285701752]",ILSVRC2012_val_00017413,554,n03344393,fireboat,vehicles,nature,sea
base,inpainted,544,554,839,0,0.2530363500118255,"[839, 460, 718, 873, 628]","[0.25303635001182556, 0.06496750563383102, 0.059669069945812225, 0.054071635007858276, 0.05363140255212784]",ILSVRC2012_val_00018727,554,n03344393,fireboat,vehicles,nature,sea
base,inpainted,545,625,698,0,0.2625922858715057,"[698, 716, 538, 497, 498]","[0.26259228587150574, 0.1309432089328766, 0.06609226763248444, 0.06545877456665039, 0.05800354853272438]",ILSVRC2012_val_00019275,625,n03662601,lifeboat,vehicles,nature,sea
base,inpainted,546,437,812,0,0.2144195437431335,"[812, 975, 978, 693, 405]","[0.21441954374313354, 0.20969635248184204, 0.1347913295030594, 0.06848804652690887, 0.0653907060623169]",ILSVRC2012_val_00019614,437,n02814860,beacon,buildings_and_structures,nature,sea
base,inpainted,547,146,146,1,0.1351372599601745,"[146, 2, 149, 147, 148]","[0.13513725996017456, 0.11087555438280106, 0.09974275529384613, 0.0740879625082016, 0.0520719438791275]",ILSVRC2012_val_00022688,146,n02058221,albatross,animals,nature,sea
base,inpainted,548,625,525,0,0.5448460578918457,"[525, 408, 449, 554, 536]","[0.5448460578918457, 0.13376739621162415, 0.044640205800533295, 0.024959681555628777, 0.023708755150437355]",ILSVRC2012_val_00023315,625,n03662601,lifeboat,vehicles,nature,sea
base,inpainted,549,148,148,1,0.2578727006912231,"[148, 147, 65, 816, 132]","[0.25787270069122314, 0.06200036033987999, 0.04968585819005966, 0.027558721601963043, 0.02672785148024559]",ILSVRC2012_val_00024749,148,n02071294,killer_whale,animals,nature,sea
base,inpainted,550,914,460,0,0.1934759318828582,"[460, 403, 510, 914, 484]","[0.19347593188285828, 0.11453890800476074, 0.0802198275923729, 0.06804746389389038, 0.0590662807226181]",ILSVRC2012_val_00025780,914,n04612504,yawl,vehicles,nature,sea
base,inpainted,551,484,147,0,0.2116517275571823,"[147, 484, 460, 977, 833]","[0.2116517275571823, 0.15321074426174164, 0.08781438320875168, 0.06434981524944305, 0.05459585040807724]",ILSVRC2012_val_00028215,484,n02981792,catamaran,vehicles,nature,sea
base,inpainted,552,484,460,0,0.48331218957901,"[460, 978, 625, 147, 977]","[0.48331218957901, 0.15406405925750732, 0.0720774456858635, 0.06119653210043907, 0.024052923545241356]",ILSVRC2012_val_00028251,484,n02981792,catamaran,vehicles,nature,sea
base,inpainted,553,115,115,1,0.4350705742835998,"[115, 329, 110, 65, 125]","[0.43507057428359985, 0.1237679198384285, 0.0699450746178627, 0.05965474247932434, 0.0427241250872612]",ILSVRC2012_val_00029013,115,n01950731,sea_slug,animals,nature,sea
base,inpainted,554,775,295,0,0.1050115227699279,"[295, 395, 977, 525, 978]","[0.10501152276992798, 0.08686487376689911, 0.06407687067985535, 0.06130735203623772, 0.05476229637861252]",ILSVRC2012_val_00029271,775,n04136333,sarong,clothing_and_accessories,nature,sea
base,inpainted,555,115,115,1,0.3781590759754181,"[115, 329, 110, 65, 990]","[0.3781590759754181, 0.2522955536842346, 0.16621403396129608, 0.037456534802913666, 0.0181437935680151]",ILSVRC2012_val_00030437,115,n01950731,sea_slug,animals,nature,sea
base,inpainted,556,484,977,0,0.2891871631145477,"[977, 460, 833, 913, 871]","[0.28918716311454773, 0.15209168195724487, 0.0859277993440628, 0.04249221459031105, 0.03965282812714577]",ILSVRC2012_val_00032462,484,n02981792,catamaran,vehicles,nature,sea
base,inpainted,557,4,973,0,0.2203186005353927,"[973, 148, 983, 6, 801]","[0.22031860053539276, 0.12759163975715637, 0.11385515332221985, 0.10667647421360016, 0.06691597402095795]",ILSVRC2012_val_00035367,4,n01494475,hammerhead,animals,nature,sea
base,inpainted,558,983,65,0,0.1082713603973388,"[65, 973, 970, 336, 5]","[0.10827136039733887, 0.08281297981739044, 0.05987561121582985, 0.031591206789016724, 0.030958451330661774]",ILSVRC2012_val_00038871,983,n10565667,scuba_diver,clothing_and_accessories,nature,sea
base,inpainted,559,842,977,0,0.1271470040082931,"[977, 976, 701, 6, 908]","[0.12714700400829315, 0.10136376321315765, 0.08921891450881958, 0.05531381815671921, 0.03368671238422394]",ILSVRC2012_val_00039689,842,n04371430,swimming_trunks,clothing_and_accessories,nature,sea
base,inpainted,560,115,962,0,0.2143722921609878,"[962, 329, 110, 115, 328]","[0.21437229216098785, 0.17451244592666626, 0.11692192405462265, 0.11029405146837234, 0.09093686193227768]",ILSVRC2012_val_00040586,115,n01950731,sea_slug,animals,nature,sea
base,inpainted,561,391,876,0,0.1491885781288147,"[876, 471, 435, 704, 525]","[0.1491885781288147, 0.11721912026405334, 0.06906595826148987, 0.06358693540096283, 0.03463347256183624]",ILSVRC2012_val_00040798,391,n02536864,coho,animals,nature,sea
base,inpainted,562,123,460,0,0.4161856770515442,"[460, 975, 484, 977, 780]","[0.4161856770515442, 0.0677686408162117, 0.05340498313307762, 0.05214184150099754, 0.0276744794100523]",ILSVRC2012_val_00041892,123,n01984695,spiny_lobster,animals,nature,sea
base,inpainted,563,253,460,0,0.4128333926200866,"[460, 147, 975, 978, 821]","[0.41283339262008667, 0.08337423950433731, 0.0771576315164566, 0.03261395916342735, 0.02606062777340412]",ILSVRC2012_val_00043289,253,n02110806,basenji,animals,nature,sea
base,inpainted,564,484,977,0,0.5200641751289368,"[977, 978, 460, 974, 276]","[0.5200641751289368, 0.09891193360090256, 0.04146105423569679, 0.03383965417742729, 0.032313987612724304]",ILSVRC2012_val_00044083,484,n02981792,catamaran,vehicles,nature,sea
base,inpainted,565,437,460,0,0.697585940361023,"[460, 536, 718, 780, 839]","[0.697585940361023, 0.08009651303291321, 0.0335778146982193, 0.025127120316028595, 0.012417941354215145]",ILSVRC2012_val_00044923,437,n02814860,beacon,buildings_and_structures,nature,sea
base,inpainted,566,148,460,0,0.119924284517765,"[460, 295, 294, 975, 858]","[0.11992428451776505, 0.052238449454307556, 0.04573008790612221, 0.042736392468214035, 0.041073381900787354]",ILSVRC2012_val_00047523,148,n02071294,killer_whale,animals,nature,sea
base,inpainted,567,147,148,0,0.1055816337466239,"[148, 147, 143, 50, 814]","[0.10558163374662399, 0.0827406495809555, 0.07213595509529114, 0.05876340717077255, 0.057406969368457794]",ILSVRC2012_val_00048116,147,n02066245,grey_whale,animals,nature,sea
base,inpainted,568,148,146,0,0.1138465851545333,"[146, 147, 98, 148, 20]","[0.11384658515453339, 0.1121615394949913, 0.05423671379685402, 0.04473814740777016, 0.04218488931655884]",ILSVRC2012_val_00049801,148,n02071294,killer_whale,animals,nature,sea
base,inpainted,569,608,977,0,0.8682734966278076,"[977, 978, 913, 976, 970]","[0.8682734966278076, 0.08559798449277878, 0.007835621014237404, 0.00523211807012558, 0.004846903961151838]",ILSVRC2012_val_00001327,608,n03594734,jean,clothing_and_accessories,nature,sand
base,inpainted,570,62,84,0,0.1859588921070099,"[84, 825, 50, 396, 49]","[0.1859588921070099, 0.0707445815205574, 0.030141863971948624, 0.02916066348552704, 0.024324608966708183]",ILSVRC2012_val_00001482,62,n01744401,rock_python,animals,nature,sand
base,inpainted,571,972,977,0,0.3268256187438965,"[977, 460, 978, 975, 833]","[0.3268256187438965, 0.11672535538673401, 0.10857702791690826, 0.06757954508066177, 0.04445883259177208]",ILSVRC2012_val_00002585,972,n09246464,cliff,nature,nature,sand
base,inpainted,572,139,42,0,0.0652196183800697,"[42, 44, 37, 49, 131]","[0.06521961838006973, 0.057780440896749496, 0.05137663707137108, 0.05076677352190018, 0.047161929309368134]",ILSVRC2012_val_00002658,139,n02025239,ruddy_turnstone,animals,nature,sand
base,inpainted,573,354,972,0,0.2391524761915207,"[972, 970, 755, 42, 976]","[0.2391524761915207, 0.13155438005924225, 0.11409767717123032, 0.03664510324597359, 0.027790868654847145]",ILSVRC2012_val_00006577,354,n02437312,Arabian_camel,animals,nature,sand
base,inpainted,574,140,49,0,0.3513748347759247,"[49, 58, 140, 344, 360]","[0.3513748347759247, 0.08491237461566925, 0.07980994880199432, 0.061129819601774216, 0.05727557837963104]",ILSVRC2012_val_00008756,140,n02027492,red-backed_sandpiper,animals,nature,sand
base,inpainted,575,437,978,0,0.5076298713684082,"[978, 977, 975, 913, 974]","[0.5076298713684082, 0.1593729555606842, 0.0728447213768959, 0.0554940328001976, 0.04779087007045746]",ILSVRC2012_val_00011022,437,n02814860,beacon,buildings_and_structures,nature,sand
base,inpainted,576,529,755,0,0.3553564846515655,"[755, 978, 977, 974, 718]","[0.35535648465156555, 0.30768531560897827, 0.07835884392261505, 0.03268514201045036, 0.020475132390856743]",ILSVRC2012_val_00015180,529,n03188531,diaper,household,nature,sand
base,inpainted,577,66,958,0,0.2504474818706512,"[958, 298, 66, 276, 291]","[0.25044748187065125, 0.1680762618780136, 0.07451791316270828, 0.06622623652219772, 0.05169897526502609]",ILSVRC2012_val_00015221,66,n01753488,horned_viper,animals,nature,sand
base,inpainted,578,511,978,0,0.2684952318668365,"[978, 977, 525, 460, 976]","[0.26849523186683655, 0.2019997239112854, 0.17606230080127716, 0.07640271633863449, 0.05593400076031685]",ILSVRC2012_val_00016337,511,n03100240,convertible,vehicles,nature,sand
base,inpainted,579,376,825,0,0.315303772687912,"[825, 500, 483, 873, 698]","[0.315303772687912, 0.10055681318044662, 0.07351668924093246, 0.0633525624871254, 0.05938359722495079]",ILSVRC2012_val_00017223,376,n02489166,proboscis_monkey,animals,nature,sand
base,inpainted,580,404,533,0,0.1097471043467521,"[533, 978, 977, 318, 987]","[0.10974710434675217, 0.10713981837034225, 0.06568271666765213, 0.05500519275665283, 0.05164104700088501]",ILSVRC2012_val_00018616,404,n02690373,airliner,vehicles,nature,sand
base,inpainted,581,207,139,0,0.0449335873126983,"[139, 58, 85, 8, 133]","[0.044933587312698364, 0.03826802968978882, 0.038251541554927826, 0.03458213061094284, 0.029230045154690742]",ILSVRC2012_val_00019212,207,n02099601,golden_retriever,animals,nature,sand
base,inpainted,582,33,803,0,0.1859785765409469,"[803, 403, 847, 460, 34]","[0.18597857654094696, 0.13611167669296265, 0.10004100203514099, 0.08223389089107513, 0.04854794591665268]",ILSVRC2012_val_00021983,33,n01664065,loggerhead,animals,nature,sand
base,inpainted,583,34,978,0,0.1910132765769958,"[978, 138, 591, 326, 539]","[0.19101327657699585, 0.08083774149417877, 0.04411398619413376, 0.03810201585292816, 0.03351564332842827]",ILSVRC2012_val_00022308,34,n01665541,leatherback_turtle,animals,nature,sand
base,inpainted,584,112,984,0,0.5291248559951782,"[984, 958, 973, 483, 99]","[0.5291248559951782, 0.10548434406518936, 0.016839543357491493, 0.013788126409053802, 0.012467926368117332]",ILSVRC2012_val_00023560,112,n01943899,conch,animals,nature,sand
base,inpainted,585,792,346,0,0.6468906998634338,"[346, 525, 58, 363, 343]","[0.6468906998634338, 0.019291022792458534, 0.01346522942185402, 0.01343675795942545, 0.010200679302215576]",ILSVRC2012_val_00023586,792,n04208210,shovel,tools_and_hardware,nature,sand
base,inpainted,586,172,978,0,0.330894261598587,"[978, 977, 145, 337, 463]","[0.33089426159858704, 0.1332712471485138, 0.042722780257463455, 0.02371748723089695, 0.02270141988992691]",ILSVRC2012_val_00023877,172,n02091134,whippet,animals,nature,sand
base,inpainted,587,222,978,0,0.1879615187644958,"[978, 460, 977, 139, 730]","[0.18796151876449585, 0.12552319467067719, 0.08997466415166855, 0.0564744807779789, 0.054703909903764725]",ILSVRC2012_val_00024981,222,n02104029,kuvasz,animals,nature,sand
base,inpainted,588,140,977,0,0.2293579131364822,"[977, 978, 141, 139, 49]","[0.22935791313648224, 0.14221477508544922, 0.09611104428768158, 0.04550184682011604, 0.040691472589969635]",ILSVRC2012_val_00025027,140,n02027492,red-backed_sandpiper,animals,nature,sand
base,inpainted,589,218,34,0,0.3519156575202942,"[34, 49, 147, 33, 6]","[0.3519156575202942, 0.10985216498374939, 0.07515545934438705, 0.047914985567331314, 0.036806922405958176]",ILSVRC2012_val_00025085,218,n02102177,Welsh_springer_spaniel,animals,nature,sand
base,inpainted,590,459,977,0,0.4411676526069641,"[977, 978, 975, 913, 628]","[0.4411676526069641, 0.09358085691928864, 0.060134872794151306, 0.02598659135401249, 0.015462481416761875]",ILSVRC2012_val_00025933,459,n02892767,brassiere,clothing_and_accessories,nature,sand
base,inpainted,591,112,395,0,0.049835480749607,"[395, 112, 961, 331, 296]","[0.049835480749607086, 0.032205142080783844, 0.028110429644584656, 0.026080677285790443, 0.023473719134926796]",ILSVRC2012_val_00027248,112,n01943899,conch,animals,nature,sand
base,inpainted,592,609,977,0,0.2704690992832184,"[977, 978, 913, 976, 912]","[0.2704690992832184, 0.20810849964618683, 0.10829741507768631, 0.05704570934176445, 0.04019148275256157]",ILSVRC2012_val_00029922,609,n03594945,jeep,vehicles,nature,sand
base,inpainted,593,247,977,0,0.283551275730133,"[977, 460, 908, 978, 525]","[0.28355127573013306, 0.24810519814491272, 0.0834064707159996, 0.04013248533010483, 0.020689671859145164]",ILSVRC2012_val_00030327,247,n02109525,Saint_Bernard,animals,nature,sand
base,inpainted,594,354,977,0,0.1886176913976669,"[977, 138, 276, 978, 353]","[0.18861769139766693, 0.1089879497885704, 0.09589724242687225, 0.07979267090559006, 0.04773024097084999]",ILSVRC2012_val_00038495,354,n02437312,Arabian_camel,animals,nature,sand
base,inpainted,595,842,835,0,0.0608582384884357,"[835, 750, 84, 130, 134]","[0.060858238488435745, 0.051683615893125534, 0.040765970945358276, 0.038850609213113785, 0.033929288387298584]",ILSVRC2012_val_00040171,842,n04371430,swimming_trunks,clothing_and_accessories,nature,sand
base,inpainted,596,232,352,0,0.0418473482131958,"[352, 977, 34, 353, 138]","[0.0418473482131958, 0.03869643434882164, 0.033802054822444916, 0.03365926444530487, 0.03172525018453598]",ILSVRC2012_val_00040725,232,n02106166,Border_collie,animals,nature,sand
base,inpainted,597,437,974,0,0.1593350023031234,"[974, 915, 140, 460, 825]","[0.15933500230312347, 0.08129003643989563, 0.0464799664914608, 0.03762657567858696, 0.03759992495179176]",ILSVRC2012_val_00040838,437,n02814860,beacon,buildings_and_structures,nature,sand
base,inpainted,598,386,276,0,0.2267882227897644,"[276, 347, 133, 272, 9]","[0.2267882227897644, 0.10909535735845566, 0.03944571688771248, 0.03553113713860512, 0.033925529569387436]",ILSVRC2012_val_00041799,386,n02504458,African_elephant,animals,nature,sand
base,inpainted,599,145,646,0,0.4265829920768738,"[646, 977, 107, 6, 327]","[0.4265829920768738, 0.11141622811555862, 0.06314413994550705, 0.04733778163790703, 0.026069991290569305]",ILSVRC2012_val_00042878,145,n02056570,king_penguin,animals,nature,sand
base,inpainted,600,193,58,0,0.7038052082061768,"[58, 539, 39, 37, 640]","[0.7038052082061768, 0.05440512299537659, 0.02151656523346901, 0.013549752533435822, 0.013393636792898178]",ILSVRC2012_val_00043474,193,n02096294,Australian_terrier,animals,nature,sand
base,inpainted,601,79,33,0,0.0533415526151657,"[33, 298, 329, 49, 20]","[0.05334155261516571, 0.0427791066467762, 0.042189378291368484, 0.033952776342630386, 0.02976483665406704]",ILSVRC2012_val_00044649,79,n01784675,centipede,animals,nature,sand
base,inpainted,602,139,336,0,0.1324144005775451,"[336, 58, 48, 81, 350]","[0.13241440057754517, 0.09907889366149902, 0.05957778915762901, 0.044027458876371384, 0.04161094129085541]",ILSVRC2012_val_00046323,139,n02025239,ruddy_turnstone,animals,nature,sand
base,inpainted,603,814,977,0,0.2990496754646301,"[977, 978, 975, 460, 980]","[0.2990496754646301, 0.2642579674720764, 0.06623482704162598, 0.057233572006225586, 0.04654170572757721]",ILSVRC2012_val_00048033,814,n04273569,speedboat,vehicles,nature,sand
base,inpainted,604,765,420,0,0.118360698223114,"[420, 646, 478, 706, 987]","[0.11836069822311401, 0.06035848706960678, 0.056527718901634216, 0.03679865971207619, 0.03382505476474762]",ILSVRC2012_val_00000421,765,n04099969,rocking_chair,household,human_related,wall
base,inpainted,605,677,677,1,0.1984945386648178,"[677, 293, 306, 305, 77]","[0.1984945386648178, 0.0589817576110363, 0.05220284312963486, 0.051801882684230804, 0.045622143894433975]",ILSVRC2012_val_00002110,677,n03804744,nail,tools_and_hardware,human_related,wall
base,inpainted,606,792,753,0,0.6845749616622925,"[753, 506, 434, 634, 616]","[0.6845749616622925, 0.1977284997701645, 0.017413295805454254, 0.015354787930846214, 0.014716604724526405]",ILSVRC2012_val_00002164,792,n04208210,shovel,tools_and_hardware,human_related,wall
base,inpainted,607,652,332,0,0.0771053805947303,"[332, 270, 138, 269, 462]","[0.07710538059473038, 0.04241572692990303, 0.040617309510707855, 0.030625900253653526, 0.02938893809914589]",ILSVRC2012_val_00002269,652,n03763968,military_uniform,clothing_and_accessories,human_related,wall
base,inpainted,608,707,858,0,0.4631665050983429,"[858, 640, 905, 987, 840]","[0.4631665050983429, 0.31616613268852234, 0.1116514578461647, 0.017243698239326477, 0.007756171748042107]",ILSVRC2012_val_00002894,707,n03902125,pay-phone,household,human_related,wall
base,inpainted,609,863,763,0,0.1787312030792236,"[763, 628, 449, 637, 480]","[0.17873120307922363, 0.10903345048427582, 0.09643995761871338, 0.04731278494000435, 0.04450618103146553]",ILSVRC2012_val_00003979,863,n04458633,totem_pole,buildings_and_structures,human_related,wall
base,inpainted,610,670,779,0,0.13051538169384,"[779, 611, 741, 911, 806]","[0.13051538169384003, 0.05747125297784805, 0.04641730710864067, 0.04442978650331497, 0.030952131375670433]",ILSVRC2012_val_00005644,670,n03791053,motor_scooter,vehicles,human_related,wall
base,inpainted,611,439,905,0,0.1236840859055519,"[905, 756, 753, 708, 799]","[0.12368408590555191, 0.10607719421386719, 0.07911325246095657, 0.0737152174115181, 0.05310986936092377]",ILSVRC2012_val_00008438,439,n02817516,bearskin,clothing_and_accessories,human_related,wall
base,inpainted,612,355,640,0,0.3254350423812866,"[640, 853, 599, 646, 987]","[0.3254350423812866, 0.06903280317783356, 0.057466309517621994, 0.044001489877700806, 0.038254573941230774]",ILSVRC2012_val_00009719,355,n02437616,llama,animals,human_related,wall
base,inpainted,613,319,176,0,0.1028022915124893,"[176, 46, 39, 616, 356]","[0.10280229151248932, 0.09303601086139679, 0.0739394873380661, 0.04756971821188927, 0.03524581715464592]",ILSVRC2012_val_00010925,319,n02268443,dragonfly,animals,human_related,wall
base,inpainted,614,778,777,0,0.1077372804284095,"[777, 858, 596, 519, 492]","[0.10773728042840958, 0.0970095619559288, 0.0727943405508995, 0.0627097487449646, 0.05751173943281174]",ILSVRC2012_val_00011033,778,n04141975,scale,household,human_related,wall
base,inpainted,615,958,500,0,0.1227568238973617,"[500, 750, 412, 525, 689]","[0.12275682389736176, 0.1059374064207077, 0.07641839981079102, 0.05606276914477348, 0.054456282407045364]",ILSVRC2012_val_00014094,958,n07802026,hay,nature,human_related,wall
base,inpainted,616,879,546,0,0.5791015625,"[546, 593, 832, 565, 705]","[0.5791015625, 0.05126884579658508, 0.028507202863693237, 0.022123651579022408, 0.02075652778148651]",ILSVRC2012_val_00014596,879,n04507155,umbrella,household,human_related,wall
base,inpainted,617,70,677,0,0.1442344486713409,"[677, 833, 357, 104, 336]","[0.14423444867134094, 0.05770805850625038, 0.0397668331861496, 0.026359114795923233, 0.02513192594051361]",ILSVRC2012_val_00014664,70,n01770081,harvestman,animals,human_related,wall
base,inpainted,618,471,500,0,0.3774488270282745,"[500, 442, 970, 832, 143]","[0.37744882702827454, 0.11731253564357758, 0.0347224585711956, 0.03440193086862564, 0.030843015760183334]",ILSVRC2012_val_00015215,471,n02950826,cannon,buildings_and_structures,human_related,wall
base,inpainted,619,583,99,0,0.0618411041796207,"[99, 292, 82, 364, 374]","[0.06184110417962074, 0.04606887325644493, 0.04539503529667854, 0.044966574758291245, 0.03870932757854462]",ILSVRC2012_val_00016424,583,n03467068,guillotine,household,human_related,wall
base,inpainted,620,792,565,0,0.1313479393720626,"[565, 427, 363, 580, 428]","[0.13134793937206268, 0.09165726602077484, 0.09133092314004898, 0.060510557144880295, 0.058493003249168396]",ILSVRC2012_val_00019065,792,n04208210,shovel,tools_and_hardware,human_related,wall
base,inpainted,621,583,500,0,0.8455305695533752,"[500, 884, 669, 892, 480]","[0.8455305695533752, 0.03134431689977646, 0.006393831223249435, 0.005875624716281891, 0.00570858595892787]",ILSVRC2012_val_00019332,583,n03467068,guillotine,household,human_related,wall
base,inpainted,622,7,497,0,0.1596593409776687,"[497, 799, 741, 583, 406]","[0.15965934097766876, 0.11138909310102463, 0.07282198220491409, 0.07056707888841629, 0.041512999683618546]",ILSVRC2012_val_00019423,7,n01514668,cock,animals,human_related,wall
base,inpainted,623,86,825,0,0.5599931478500366,"[825, 858, 519, 703, 912]","[0.5599931478500366, 0.08160477876663208, 0.056698307394981384, 0.028409142047166824, 0.020229848101735115]",ILSVRC2012_val_00019787,86,n01807496,partridge,animals,human_related,wall
base,inpainted,624,919,757,0,0.1100656390190124,"[757, 871, 403, 575, 602]","[0.11006563901901245, 0.08429421484470367, 0.07578304409980774, 0.043679121881723404, 0.029465867206454277]",ILSVRC2012_val_00020618,919,n06794110,street_sign,buildings_and_structures,human_related,wall
base,inpainted,625,539,653,0,0.1075040027499198,"[653, 539, 458, 936, 427]","[0.10750400274991989, 0.07971666753292084, 0.05435004457831383, 0.05124688148498535, 0.04610629752278328]",ILSVRC2012_val_00021082,539,n03223299,doormat,household,human_related,wall
base,inpainted,626,287,336,0,0.0353809669613838,"[336, 44, 947, 946, 57]","[0.03538096696138382, 0.03179322928190231, 0.028333725407719612, 0.02201007679104805, 0.02193225547671318]",ILSVRC2012_val_00024645,287,n02127052,lynx,animals,human_related,wall
base,inpainted,627,471,483,0,0.1030977293848991,"[483, 425, 341, 500, 192]","[0.10309772938489914, 0.07485984265804291, 0.05849616229534149, 0.052772749215364456, 0.05211767554283142]",ILSVRC2012_val_00024648,471,n02950826,cannon,buildings_and_structures,human_related,wall
base,inpainted,628,513,825,0,0.4048676490783691,"[825, 703, 821, 741, 497]","[0.40486764907836914, 0.08266103267669678, 0.06828644126653671, 0.03901392221450806, 0.028135953471064568]",ILSVRC2012_val_00024650,513,n03110669,cornet,household,human_related,wall
base,inpainted,629,679,883,0,0.1139227524399757,"[883, 679, 614, 304, 310]","[0.11392275243997574, 0.048837367445230484, 0.03837259113788605, 0.031593434512615204, 0.02657630667090416]",ILSVRC2012_val_00025259,679,n03814906,necklace,clothing_and_accessories,human_related,wall
base,inpainted,630,426,735,0,0.2092624008655548,"[735, 824, 894, 474, 448]","[0.2092624008655548, 0.028634749352931976, 0.027523620054125786, 0.018745167180895805, 0.017883531749248505]",ILSVRC2012_val_00028271,426,n02794156,barometer,technology_and_electronics,human_related,wall
base,inpainted,631,583,334,0,0.2033699303865432,"[334, 375, 364, 84, 170]","[0.20336993038654327, 0.19395184516906738, 0.10117630660533905, 0.09098043292760849, 0.06163544952869415]",ILSVRC2012_val_00029694,583,n03467068,guillotine,household,human_related,wall
base,inpainted,632,637,84,0,0.1614283174276352,"[84, 88, 458, 462, 843]","[0.1614283174276352, 0.10246183723211288, 0.09936928749084473, 0.03089052625000477, 0.026545004919171333]",ILSVRC2012_val_00030503,637,n03710193,mailbox,household,human_related,wall
base,inpainted,633,571,799,0,0.2747002243995666,"[799, 896, 743, 894, 669]","[0.27470022439956665, 0.06298480927944183, 0.05696555972099304, 0.05692732706665993, 0.051527395844459534]",ILSVRC2012_val_00032455,571,n03425413,gas_pump,buildings_and_structures,human_related,wall
base,inpainted,634,737,853,0,0.1461549401283264,"[853, 519, 313, 741, 458]","[0.14615494012832642, 0.0763055607676506, 0.04023609682917595, 0.03596770763397217, 0.03156257048249245]",ILSVRC2012_val_00032636,737,n03983396,pop_bottle,household,human_related,wall
base,inpainted,635,463,428,0,0.0998118072748184,"[428, 580, 421, 821, 703]","[0.09981180727481842, 0.07518177479505539, 0.05942828953266144, 0.047111354768276215, 0.04502379521727562]",ILSVRC2012_val_00033936,463,n02909870,bucket,household,human_related,wall
base,inpainted,636,520,879,0,0.1166534572839737,"[879, 598, 651, 642, 492]","[0.1166534572839737, 0.07261260598897934, 0.06602407246828079, 0.050690680742263794, 0.04384148120880127]",ILSVRC2012_val_00033955,520,n03131574,crib,household,human_related,wall
base,inpainted,637,458,546,0,0.3460530936717987,"[546, 646, 519, 492, 784]","[0.3460530936717987, 0.08292468637228012, 0.06812253594398499, 0.05181238800287247, 0.046117447316646576]",ILSVRC2012_val_00033978,458,n02892201,brass,household,human_related,wall
base,inpainted,638,427,756,0,0.0916896313428878,"[756, 955, 738, 825, 334]","[0.09168963134288788, 0.029181258752942085, 0.024643054232001305, 0.024455593898892403, 0.02073366753757]",ILSVRC2012_val_00034588,427,n02795169,barrel,household,human_related,wall
base,inpainted,639,651,896,0,0.2874019145965576,"[896, 876, 794, 435, 912]","[0.2874019145965576, 0.04792821407318115, 0.03681134432554245, 0.030971720814704895, 0.021145187318325043]",ILSVRC2012_val_00034707,651,n03761084,microwave,household,human_related,wall
base,inpainted,640,846,519,0,0.526615560054779,"[519, 894, 427, 648, 896]","[0.526615560054779, 0.26393190026283264, 0.08216366916894913, 0.017698092386126518, 0.0100087346509099]",ILSVRC2012_val_00035646,846,n04380533,table_lamp,household,human_related,wall
base,inpainted,641,896,435,0,0.4545531868934631,"[435, 648, 771, 453, 876]","[0.45455318689346313, 0.2515949010848999, 0.03272511065006256, 0.02262374944984913, 0.021003497764468193]",ILSVRC2012_val_00035860,896,n04553703,washbasin,household,human_related,wall
base,inpainted,642,45,699,0,0.239650085568428,"[699, 666, 934, 684, 558]","[0.23965008556842804, 0.05010759457945824, 0.04428333416581154, 0.03458476439118385, 0.03330202400684357]",ILSVRC2012_val_00036849,45,n01692333,Gila_monster,animals,human_related,wall
base,inpainted,643,444,703,0,0.1899731159210205,"[703, 791, 580, 912, 50]","[0.1899731159210205, 0.15401990711688995, 0.051215071231126785, 0.037307776510715485, 0.03537746146321297]",ILSVRC2012_val_00036903,444,n02835271,bicycle-built-for-two,vehicles,human_related,wall
base,inpainted,644,224,116,0,0.3785832226276397,"[116, 289, 288, 825, 290]","[0.37858322262763977, 0.25446563959121704, 0.14059172570705414, 0.05131048336625099, 0.04487324878573418]",ILSVRC2012_val_00039696,224,n02105056,groenendael,animals,human_related,wall
base,inpainted,645,738,640,0,0.2823995649814605,"[640, 904, 458, 756, 807]","[0.28239956498146057, 0.23076647520065308, 0.13760732114315033, 0.08371464908123016, 0.0242556631565094]",ILSVRC2012_val_00040270,738,n03991062,pot,household,human_related,wall
base,inpainted,646,495,534,0,0.0993157252669334,"[534, 419, 794, 846, 882]","[0.09931572526693344, 0.07528551667928696, 0.04476873576641083, 0.04143460839986801, 0.03511609882116318]",ILSVRC2012_val_00042174,495,n03018349,china_cabinet,household,human_related,wall
base,inpainted,647,354,753,0,0.1550129503011703,"[753, 794, 912, 687, 677]","[0.15501295030117035, 0.13291992247104645, 0.05217484384775162, 0.04463951662182808, 0.04027882218360901]",ILSVRC2012_val_00042231,354,n02437312,Arabian_camel,animals,human_related,wall
base,inpainted,648,315,843,0,0.1122810021042823,"[843, 24, 101, 9, 12]","[0.11228100210428238, 0.10600433498620987, 0.09561184793710709, 0.04387767240405083, 0.0393894799053669]",ILSVRC2012_val_00042438,315,n02236044,mantis,animals,human_related,wall
base,inpainted,649,728,462,0,0.2039254307746887,"[462, 640, 458, 843, 840]","[0.20392543077468872, 0.060550060123205185, 0.051875170320272446, 0.03473889082670212, 0.02950342558324337]",ILSVRC2012_val_00042645,728,n03958227,plastic_bag,household,human_related,wall
base,inpainted,650,715,825,0,0.0972771570086479,"[825, 646, 150, 49, 50]","[0.09727715700864792, 0.056707076728343964, 0.052421241998672485, 0.042307935655117035, 0.030580496415495872]",ILSVRC2012_val_00042651,715,n03929855,pickelhaube,clothing_and_accessories,human_related,wall
base,inpainted,651,284,460,0,0.1002936363220214,"[460, 403, 540, 724, 536]","[0.10029363632202148, 0.07269755750894547, 0.05748944357037544, 0.04998805746436119, 0.0420018769800663]",ILSVRC2012_val_00043632,284,n02123597,Siamese_cat,animals,human_related,wall
base,inpainted,652,295,913,0,0.1041619628667831,"[913, 291, 634, 44, 766]","[0.10416196286678314, 0.08032847940921783, 0.06715111434459686, 0.05551512911915779, 0.04904550313949585]",ILSVRC2012_val_00043648,295,n02133161,American_black_bear,animals,human_related,wall
base,inpainted,653,471,460,0,0.2219583839178085,"[460, 318, 317, 825, 611]","[0.22195838391780853, 0.07599316537380219, 0.05282794311642647, 0.04121828079223633, 0.037064291536808014]",ILSVRC2012_val_00043973,471,n02950826,cannon,buildings_and_structures,human_related,wall
base,inpainted,654,665,640,0,0.1108162924647331,"[640, 703, 791, 790, 134]","[0.11081629246473312, 0.05884772166609764, 0.0556742362678051, 0.055157504975795746, 0.039539437741041183]",ILSVRC2012_val_00044139,665,n03785016,moped,vehicles,human_related,wall
base,inpainted,655,217,912,0,0.1030976027250289,"[912, 525, 425, 177, 839]","[0.10309760272502899, 0.09902637451887131, 0.08118242025375366, 0.06969249993562698, 0.031454525887966156]",ILSVRC2012_val_00044718,217,n02102040,English_springer,animals,human_related,wall
base,inpainted,656,775,337,0,0.2377389073371887,"[337, 137, 20, 103, 357]","[0.23773890733718872, 0.04318922013044357, 0.03800363093614578, 0.03600655123591423, 0.030017880722880363]",ILSVRC2012_val_00044915,775,n04136333,sarong,clothing_and_accessories,human_related,wall
base,inpainted,657,143,756,0,0.1616787612438202,"[756, 435, 539, 410, 389]","[0.1616787612438202, 0.13930988311767578, 0.09983373433351517, 0.08358453959226608, 0.03431308642029762]",ILSVRC2012_val_00045300,143,n02037110,oystercatcher,animals,human_related,wall
base,inpainted,658,806,634,0,0.1112550348043441,"[634, 562, 415, 668, 698]","[0.11125503480434418, 0.0927850529551506, 0.07997725903987885, 0.06065825745463371, 0.054871924221515656]",ILSVRC2012_val_00045682,806,n04254777,sock,clothing_and_accessories,human_related,wall
base,inpainted,659,171,583,0,0.1013013273477554,"[583, 733, 760, 556, 553]","[0.10130132734775543, 0.06461519747972488, 0.05117209628224373, 0.04215705022215843, 0.03437378257513046]",ILSVRC2012_val_00046897,171,n02091032,Italian_greyhound,animals,human_related,wall
base,inpainted,660,637,893,0,0.2993148565292358,"[893, 905, 798, 508, 904]","[0.29931485652923584, 0.13626925647258759, 0.08224033564329147, 0.05292494595050812, 0.0484229251742363]",ILSVRC2012_val_00047489,637,n03710193,mailbox,household,human_related,wall
base,inpainted,661,875,49,0,0.1685285121202469,"[49, 269, 286, 953, 329]","[0.1685285121202469, 0.08192013204097748, 0.07039190083742142, 0.063814677298069, 0.06306760758161545]",ILSVRC2012_val_00049208,875,n04487394,trombone,household,human_related,wall
base,inpainted,662,614,760,0,0.4863641262054443,"[760, 534, 894, 648, 553]","[0.48636412620544434, 0.13743449747562408, 0.10238141566514969, 0.07970408350229263, 0.021427059546113014]",ILSVRC2012_val_00049318,614,n03617480,kimono,clothing_and_accessories,human_related,wall
base,inpainted,663,185,904,0,0.3353365659713745,"[904, 660, 905, 562, 425]","[0.3353365659713745, 0.05560637637972832, 0.03980201855301857, 0.030384816229343414, 0.024500299245119095]",ILSVRC2012_val_00049846,185,n02094114,Norfolk_terrier,animals,human_related,wall
base,inpainted,664,583,583,1,0.4579863548278808,"[583, 884, 858, 318, 462]","[0.45798635482788086, 0.0642276257276535, 0.0443020761013031, 0.027700619772076607, 0.02530112862586975]",ILSVRC2012_val_00049971,583,n03467068,guillotine,household,human_related,wall
base,inpainted,665,674,522,0,0.1834176480770111,"[522, 448, 835, 705, 382]","[0.1834176480770111, 0.14192068576812744, 0.11473844945430756, 0.05537504702806473, 0.04942205548286438]",ILSVRC2012_val_00000009,674,n03794056,mousetrap,household,human_related,outside_house
base,inpainted,666,198,738,0,0.2593269944190979,"[738, 594, 261, 185, 539]","[0.2593269944190979, 0.05119270458817482, 0.03461718559265137, 0.029132110998034477, 0.02770843356847763]",ILSVRC2012_val_00000044,198,n02097209,standard_schnauzer,animals,human_related,outside_house
base,inpainted,667,571,706,0,0.2380582690238952,"[706, 698, 424, 660, 708]","[0.23805826902389526, 0.09289640933275223, 0.06623058766126633, 0.05993097648024559, 0.0453413687646389]",ILSVRC2012_val_00004452,571,n03425413,gas_pump,buildings_and_structures,human_related,outside_house
base,inpainted,668,870,912,0,0.1983231604099273,"[912, 522, 716, 401, 646]","[0.19832316040992737, 0.11093317717313766, 0.09274003654718399, 0.07162568718194962, 0.037289056926965714]",ILSVRC2012_val_00005167,870,n04482393,tricycle,vehicles,human_related,outside_house
base,inpainted,669,614,799,0,0.2117705196142196,"[799, 571, 637, 707, 771]","[0.21177051961421967, 0.15592077374458313, 0.10406452417373657, 0.04380513355135918, 0.025829898193478584]",ILSVRC2012_val_00006871,614,n03617480,kimono,clothing_and_accessories,human_related,outside_house
base,inpainted,670,822,580,0,0.2507108449935913,"[580, 781, 706, 705, 743]","[0.2507108449935913, 0.1366954892873764, 0.08151872456073761, 0.0481715202331543, 0.04181252792477608]",ILSVRC2012_val_00007098,822,n04311174,steel_drum,buildings_and_structures,human_related,outside_house
base,inpainted,671,216,853,0,0.5681176781654358,"[853, 888, 858, 483, 716]","[0.5681176781654358, 0.05126002058386803, 0.04910844936966896, 0.0244667436927557, 0.021305274218320847]",ILSVRC2012_val_00008944,216,n02101556,clumber,animals,human_related,outside_house
base,inpainted,672,209,562,0,0.1766683310270309,"[562, 462, 879, 669, 716]","[0.17666833102703094, 0.04556737840175629, 0.042825739830732346, 0.04106239601969719, 0.0401797816157341]",ILSVRC2012_val_00010309,209,n02099849,Chesapeake_Bay_retriever,animals,human_related,outside_house
base,inpainted,673,775,387,0,0.1326228529214859,"[387, 913, 50, 289, 825]","[0.1326228529214859, 0.07655750960111618, 0.07426318526268005, 0.05974526330828667, 0.03579442948102951]",ILSVRC2012_val_00010408,775,n04136333,sarong,clothing_and_accessories,human_related,outside_house
base,inpainted,674,559,799,0,0.26106658577919,"[799, 765, 743, 753, 876]","[0.26106658577919006, 0.206877663731575, 0.11664935201406479, 0.0321803018450737, 0.030422719195485115]",ILSVRC2012_val_00010721,559,n03376595,folding_chair,household,human_related,outside_house
base,inpainted,675,830,980,0,0.5758848190307617,"[980, 974, 469, 1, 90]","[0.5758848190307617, 0.19894133508205414, 0.03941516578197479, 0.03758927434682846, 0.016639426350593567]",ILSVRC2012_val_00013910,830,n04336792,stretcher,sports_and_recreation,human_related,outside_house
base,inpainted,676,532,202,0,0.0654719024896621,"[202, 192, 716, 234, 539]","[0.06547190248966217, 0.0527968592941761, 0.05038934946060181, 0.03232307732105255, 0.02867664210498333]",ILSVRC2012_val_00015035,532,n03201208,dining_table,household,human_related,outside_house
base,inpainted,677,233,520,0,0.7367026805877686,"[520, 516, 750, 442, 716]","[0.7367026805877686, 0.04680179804563522, 0.03314237669110298, 0.023172348737716675, 0.014370237477123737]",ILSVRC2012_val_00016409,233,n02106382,Bouvier_des_Flandres,animals,human_related,outside_house
base,inpainted,678,765,765,1,0.1780893504619598,"[765, 807, 421, 706, 687]","[0.17808935046195984, 0.11507615447044373, 0.10108329355716705, 0.06694119423627853, 0.05125369131565094]",ILSVRC2012_val_00017214,765,n04099969,rocking_chair,household,human_related,outside_house
base,inpainted,679,428,420,0,0.2721341252326965,"[420, 402, 896, 743, 756]","[0.27213412523269653, 0.11434825509786606, 0.04094528779387474, 0.035400811582803726, 0.031058676540851593]",ILSVRC2012_val_00017307,428,n02797295,barrow,vehicles,human_related,outside_house
base,inpainted,680,765,580,0,0.1739973723888397,"[580, 421, 706, 839, 799]","[0.17399737238883972, 0.13401296734809875, 0.07377588003873825, 0.07198883593082428, 0.05726814270019531]",ILSVRC2012_val_00017631,765,n04099969,rocking_chair,household,human_related,outside_house
base,inpainted,681,420,687,0,0.1039903834462165,"[687, 829, 703, 765, 634]","[0.10399038344621658, 0.0815141573548317, 0.07352583110332489, 0.061360590159893036, 0.05000429227948189]",ILSVRC2012_val_00017811,420,n02787622,banjo,household,human_related,outside_house
base,inpainted,682,571,460,0,0.149620920419693,"[460, 403, 525, 821, 833]","[0.149620920419693, 0.11798235774040222, 0.09094227105379105, 0.06792578846216202, 0.06085171550512314]",ILSVRC2012_val_00019667,571,n03425413,gas_pump,buildings_and_structures,human_related,outside_house
base,inpainted,683,177,346,0,0.0803326368331909,"[346, 649, 408, 833, 847]","[0.08033263683319092, 0.0563550740480423, 0.05564393848180771, 0.05435912311077118, 0.04624408483505249]",ILSVRC2012_val_00020058,177,n02092002,Scottish_deerhound,animals,human_related,outside_house
base,inpainted,684,846,435,0,0.1641397774219513,"[435, 716, 825, 646, 738]","[0.1641397774219513, 0.1226380467414856, 0.07369811087846756, 0.05576266720890999, 0.052442193031311035]",ILSVRC2012_val_00020607,846,n04380533,table_lamp,household,human_related,outside_house
base,inpainted,685,236,539,0,0.620596170425415,"[539, 756, 421, 519, 706]","[0.620596170425415, 0.03398606926202774, 0.023287085816264153, 0.02008466050028801, 0.014803563244640827]",ILSVRC2012_val_00021155,236,n02107142,Doberman,animals,human_related,outside_house
base,inpainted,686,201,708,0,0.3294191360473633,"[708, 539, 412, 458, 637]","[0.3294191360473633, 0.157729372382164, 0.060624681413173676, 0.03547149524092674, 0.027592448517680168]",ILSVRC2012_val_00021362,201,n02097658,silky_terrier,animals,human_related,outside_house
base,inpainted,687,953,423,0,0.1552828252315521,"[423, 634, 677, 79, 421]","[0.15528282523155212, 0.10763063281774521, 0.032258179038763046, 0.02381223440170288, 0.023612307384610176]",ILSVRC2012_val_00023957,953,n07753275,pineapple,food,human_related,outside_house
base,inpainted,688,637,863,0,0.2017492353916168,"[863, 448, 955, 410, 637]","[0.20174923539161682, 0.1153823584318161, 0.09429392963647842, 0.08653995394706726, 0.06922172755002975]",ILSVRC2012_val_00024544,637,n03710193,mailbox,household,human_related,outside_house
base,inpainted,689,420,421,0,0.5679863691329956,"[421, 765, 716, 792, 756]","[0.5679863691329956, 0.06849305331707001, 0.06283112615346909, 0.04326242581009865, 0.03941076621413231]",ILSVRC2012_val_00025772,420,n02787622,banjo,household,human_related,outside_house
base,inpainted,690,602,634,0,0.1060403957962989,"[634, 668, 657, 510, 744]","[0.10604039579629898, 0.06360224634408951, 0.0586971640586853, 0.05855972319841385, 0.04857078194618225]",ILSVRC2012_val_00025958,602,n03535780,horizontal_bar,sports_and_recreation,human_related,outside_house
base,inpainted,691,806,492,0,0.3144389688968658,"[492, 519, 583, 877, 743]","[0.31443896889686584, 0.08553147315979004, 0.0526219978928566, 0.0468585304915905, 0.03879762068390846]",ILSVRC2012_val_00026833,806,n04254777,sock,clothing_and_accessories,human_related,outside_house
base,inpainted,692,608,442,0,0.0892387628555297,"[442, 706, 347, 843, 575]","[0.08923876285552979, 0.04347480833530426, 0.035613711923360825, 0.03297479450702667, 0.02960856445133686]",ILSVRC2012_val_00028933,608,n03594734,jean,clothing_and_accessories,human_related,outside_house
base,inpainted,693,775,835,0,0.298874944448471,"[835, 706, 705, 519, 484]","[0.29887494444847107, 0.2386566400527954, 0.112615205347538, 0.02615201473236084, 0.019237898290157318]",ILSVRC2012_val_00030084,775,n04136333,sarong,clothing_and_accessories,human_related,outside_house
base,inpainted,694,614,753,0,0.121885135769844,"[753, 421, 799, 706, 904]","[0.12188513576984406, 0.09106288850307465, 0.06632868200540543, 0.060526952147483826, 0.04230546951293945]",ILSVRC2012_val_00031516,614,n03617480,kimono,clothing_and_accessories,human_related,outside_house
base,inpainted,695,728,465,0,0.0587719120085239,"[465, 912, 733, 583, 24]","[0.05877191200852394, 0.04837443307042122, 0.046188268810510635, 0.037797484546899796, 0.020707333460450172]",ILSVRC2012_val_00031956,728,n03958227,plastic_bag,household,human_related,outside_house
base,inpainted,696,836,571,0,0.3169229626655578,"[571, 480, 707, 424, 454]","[0.31692296266555786, 0.2087033987045288, 0.10710640251636505, 0.09998106211423874, 0.048125676810741425]",ILSVRC2012_val_00034012,836,n04355933,sunglass,household,human_related,outside_house
base,inpainted,697,361,48,0,0.0735198184847831,"[48, 467, 909, 544, 123]","[0.07351981848478317, 0.0406876839697361, 0.036176007241010666, 0.03098904713988304, 0.02477789670228958]",ILSVRC2012_val_00034780,361,n02445715,skunk,animals,human_related,outside_house
base,inpainted,698,842,410,0,0.3010689616203308,"[410, 471, 703, 706, 716]","[0.3010689616203308, 0.22380268573760986, 0.05525586009025574, 0.02847929857671261, 0.02374001406133175]",ILSVRC2012_val_00035508,842,n04371430,swimming_trunks,clothing_and_accessories,human_related,outside_house
base,inpainted,699,444,829,0,0.3530654013156891,"[829, 580, 874, 835, 704]","[0.3530654013156891, 0.05693216621875763, 0.052062004804611206, 0.04506489261984825, 0.04225056990981102]",ILSVRC2012_val_00037658,444,n02835271,bicycle-built-for-two,vehicles,human_related,outside_house
base,inpainted,700,364,532,0,0.1558467000722885,"[532, 799, 669, 789, 706]","[0.1558467000722885, 0.0735415443778038, 0.07174696028232574, 0.0629625990986824, 0.05849665775895119]",ILSVRC2012_val_00038710,364,n02457408,three-toed_sloth,animals,human_related,outside_house
base,inpainted,701,707,549,0,0.6691381931304932,"[549, 610, 478, 921, 771]","[0.6691381931304932, 0.03466985002160072, 0.03262520208954811, 0.03159556910395622, 0.015336289070546627]",ILSVRC2012_val_00039096,707,n03902125,pay-phone,household,human_related,outside_house
base,inpainted,702,151,912,0,0.225114569067955,"[912, 646, 562, 979, 9]","[0.22511456906795502, 0.12260927259922028, 0.04814102500677109, 0.04224194213747978, 0.039632976055145264]",ILSVRC2012_val_00039188,151,n02085620,Chihuahua,animals,human_related,outside_house
base,inpainted,703,765,716,0,0.5239472389221191,"[716, 756, 799, 660, 571]","[0.5239472389221191, 0.08554092049598694, 0.04998411610722542, 0.02820514887571335, 0.022923670709133148]",ILSVRC2012_val_00039260,765,n04099969,rocking_chair,household,human_related,outside_house
base,inpainted,704,571,532,0,0.1108655482530593,"[532, 398, 765, 884, 706]","[0.11086554825305939, 0.09267466515302658, 0.07814326137304306, 0.06852392107248306, 0.061041418462991714]",ILSVRC2012_val_00040715,571,n03425413,gas_pump,buildings_and_structures,human_related,outside_house
base,inpainted,705,197,448,0,0.1235657110810279,"[448, 458, 614, 406, 704]","[0.12356571108102798, 0.06096016243100166, 0.035120923072099686, 0.030487684532999992, 0.0292015690356493]",ILSVRC2012_val_00040836,197,n02097130,giant_schnauzer,animals,human_related,outside_house
base,inpainted,706,681,580,0,0.3714288175106048,"[580, 904, 893, 547, 705]","[0.37142881751060486, 0.1371019333600998, 0.06460296362638474, 0.050989922136068344, 0.035642530769109726]",ILSVRC2012_val_00041094,681,n03832673,notebook,technology_and_electronics,human_related,outside_house
base,inpainted,707,382,22,0,0.2298274934291839,"[22, 24, 88, 58, 448]","[0.22982749342918396, 0.09241106361150742, 0.051485396921634674, 0.04629283770918846, 0.0378393679857254]",ILSVRC2012_val_00045893,382,n02494079,squirrel_monkey,animals,human_related,outside_house
base,inpainted,708,765,706,0,0.1653029769659042,"[706, 708, 880, 454, 421]","[0.16530297696590424, 0.05597551167011261, 0.04768359288573265, 0.047515999525785446, 0.04285942018032074]",ILSVRC2012_val_00046064,765,n04099969,rocking_chair,household,human_related,outside_house
base,inpainted,709,559,905,0,0.4883266985416412,"[905, 912, 548, 893, 703]","[0.48832669854164124, 0.12768137454986572, 0.03827059641480446, 0.029197776690125465, 0.01772688515484333]",ILSVRC2012_val_00046445,559,n03376595,folding_chair,household,human_related,outside_house
base,inpainted,710,708,660,0,0.1369510889053344,"[660, 716, 425, 471, 525]","[0.13695108890533447, 0.09511525928974152, 0.08093471825122833, 0.05140938609838486, 0.04522848501801491]",ILSVRC2012_val_00047335,708,n03903868,pedestal,buildings_and_structures,human_related,outside_house
base,inpainted,711,202,525,0,0.1467830240726471,"[525, 421, 876, 694, 912]","[0.1467830240726471, 0.055161818861961365, 0.03455004841089249, 0.03364024683833122, 0.031131388619542122]",ILSVRC2012_val_00048783,202,n02098105,soft-coated_wheaten_terrier,animals,human_related,outside_house
base,inpainted,712,469,765,0,0.071731649339199,"[765, 454, 519, 766, 571]","[0.07173164933919907, 0.05839204788208008, 0.0568285696208477, 0.045302778482437134, 0.031252820044755936]",ILSVRC2012_val_00049223,469,n02939185,caldron,household,human_related,outside_house
base,inpainted,713,875,911,0,0.1976888328790664,"[911, 616, 204, 12, 78]","[0.19768883287906647, 0.1251826137304306, 0.05806528404355049, 0.053339678794145584, 0.051305267959833145]",ILSVRC2012_val_00001321,875,n04487394,trombone,household,human_related,bed_sofa
base,inpainted,714,284,750,0,0.1196544542908668,"[750, 539, 669, 741, 544]","[0.11965445429086685, 0.047785475850105286, 0.0304102823138237, 0.02997509390115738, 0.02468579262495041]",ILSVRC2012_val_00011738,284,n02123597,Siamese_cat,animals,human_related,bed_sofa
base,inpainted,715,199,496,0,0.1002204567193985,"[496, 723, 641, 591, 806]","[0.1002204567193985, 0.08082199841737747, 0.07003772258758545, 0.05564294755458832, 0.053255632519721985]",ILSVRC2012_val_00013243,199,n02097298,Scotch_terrier,animals,human_related,bed_sofa
base,inpainted,716,529,611,0,0.5769913792610168,"[611, 520, 750, 721, 478]","[0.5769913792610168, 0.11892738938331604, 0.05101727694272995, 0.036835700273513794, 0.02210935391485691]",ILSVRC2012_val_00014742,529,n03188531,diaper,household,human_related,bed_sofa
base,inpainted,717,157,469,0,0.3503824174404144,"[469, 476, 661, 766, 756]","[0.35038241744041443, 0.05475015193223953, 0.04931587353348732, 0.048534635454416275, 0.04691432788968086]",ILSVRC2012_val_00017980,157,n02086910,papillon,animals,human_related,bed_sofa
base,inpainted,718,850,203,0,0.2964121103286743,"[203, 750, 520, 268, 681]","[0.2964121103286743, 0.07876919955015182, 0.059735242277383804, 0.05692051351070404, 0.04949260503053665]",ILSVRC2012_val_00018386,850,n04399382,teddy,household,human_related,bed_sofa
base,inpainted,719,529,492,0,0.2053256183862686,"[492, 553, 750, 478, 700]","[0.20532561838626862, 0.1082901582121849, 0.10661371052265167, 0.08925018459558487, 0.04763796925544739]",ILSVRC2012_val_00019240,529,n03188531,diaper,household,human_related,bed_sofa
base,inpainted,720,186,89,0,0.2028805166482925,"[89, 721, 529, 99, 178]","[0.20288051664829254, 0.18462635576725006, 0.04241183027625084, 0.02932768501341343, 0.02569221518933773]",ILSVRC2012_val_00019402,186,n02094258,Norwich_terrier,animals,human_related,bed_sofa
base,inpainted,721,361,911,0,0.1187630444765091,"[911, 69, 961, 965, 254]","[0.1187630444765091, 0.11052200198173523, 0.09476601332426071, 0.058420293033123016, 0.04761182516813278]",ILSVRC2012_val_00023119,361,n02445715,skunk,animals,human_related,bed_sofa
base,inpainted,722,684,777,0,0.1452338993549347,"[777, 414, 906, 421, 313]","[0.1452338993549347, 0.0725201666355133, 0.07105289399623871, 0.053469449281692505, 0.03963153809309006]",ILSVRC2012_val_00023261,684,n03840681,ocarina,household,human_related,bed_sofa
base,inpainted,723,846,831,0,0.8253127932548523,"[831, 669, 564, 750, 846]","[0.8253127932548523, 0.06802976131439209, 0.035961512476205826, 0.016742520034313202, 0.00903469417244196]",ILSVRC2012_val_00026810,846,n04380533,table_lamp,household,human_related,bed_sofa
base,inpainted,724,156,234,0,0.1025959476828575,"[234, 909, 93, 240, 237]","[0.10259594768285751, 0.0374293327331543, 0.03501862660050392, 0.031058294698596, 0.03064722567796707]",ILSVRC2012_val_00028992,156,n02086646,Blenheim_spaniel,animals,human_related,bed_sofa
base,inpainted,725,175,424,0,0.0790952444076538,"[424, 750, 515, 918, 631]","[0.07909524440765381, 0.07233484089374542, 0.07194256037473679, 0.055449195206165314, 0.04351402074098587]",ILSVRC2012_val_00029834,175,n02091635,otterhound,animals,human_related,bed_sofa
base,inpainted,726,258,797,0,0.0632274523377418,"[797, 870, 752, 746, 981]","[0.06322745233774185, 0.05697223171591759, 0.045496534556150436, 0.04395156726241112, 0.03860833868384361]",ILSVRC2012_val_00030058,258,n02111889,Samoyed,animals,human_related,bed_sofa
base,inpainted,727,254,831,0,0.9625080227851868,"[831, 797, 516, 750, 669]","[0.9625080227851868, 0.012024685740470886, 0.006028657779097557, 0.0022910896223038435, 0.0010420933831483126]",ILSVRC2012_val_00031219,254,n02110958,pug,animals,human_related,bed_sofa
base,inpainted,728,529,411,0,0.1060755774378776,"[411, 750, 868, 611, 748]","[0.10607557743787766, 0.09558655321598053, 0.07767242193222046, 0.07674789428710938, 0.04086661711335182]",ILSVRC2012_val_00032218,529,n03188531,diaper,household,human_related,bed_sofa
base,inpainted,729,267,765,0,0.0696706026792526,"[765, 630, 502, 797, 496]","[0.06967060267925262, 0.06838677078485489, 0.03907303512096405, 0.03414011001586914, 0.028738686814904213]",ILSVRC2012_val_00032280,267,n02113799,standard_poodle,animals,human_related,bed_sofa
base,inpainted,730,257,669,0,0.4185553193092346,"[669, 831, 564, 525, 799]","[0.4185553193092346, 0.31268057227134705, 0.043005455285310745, 0.01718011312186718, 0.011491812765598297]",ILSVRC2012_val_00037462,257,n02111500,Great_Pyrenees,animals,human_related,bed_sofa
base,inpainted,731,529,516,0,0.3235965967178345,"[516, 831, 736, 520, 851]","[0.3235965967178345, 0.10817617177963257, 0.0982070118188858, 0.06836145371198654, 0.0525563508272171]",ILSVRC2012_val_00045688,529,n03188531,diaper,household,human_related,bed_sofa
base,inpainted,732,765,709,0,0.370074599981308,"[709, 434, 905, 893, 721]","[0.370074599981308, 0.1375877410173416, 0.059209052473306656, 0.04115941375494003, 0.028465330600738525]",ILSVRC2012_val_00001953,765,n04099969,rocking_chair,household,human_related,inside_house
base,inpainted,733,532,905,0,0.7690467834472656,"[905, 799, 904, 591, 669]","[0.7690467834472656, 0.1076672375202179, 0.03849130496382713, 0.017541782930493355, 0.013891773298382759]",ILSVRC2012_val_00002189,532,n03201208,dining_table,household,human_related,inside_house
base,inpainted,734,227,977,0,0.1469213664531707,"[977, 703, 880, 580, 920]","[0.14692136645317078, 0.06157345697283745, 0.06110309064388275, 0.05854338780045509, 0.05848047509789467]",ILSVRC2012_val_00002921,227,n02105412,kelpie,animals,human_related,inside_house
base,inpainted,735,520,495,0,0.2260612547397613,"[495, 827, 651, 598, 648]","[0.22606125473976135, 0.1386623978614807, 0.05689646303653717, 0.04526207968592644, 0.045211561024188995]",ILSVRC2012_val_00003645,520,n03131574,crib,household,human_related,inside_house
base,inpainted,736,999,876,0,0.4082175195217132,"[876, 435, 753, 478, 492]","[0.40821751952171326, 0.13061508536338806, 0.048002924770116806, 0.03853823244571686, 0.03536713123321533]",ILSVRC2012_val_00003835,999,n15075141,toilet_tissue,household,human_related,inside_house
base,inpainted,737,174,525,0,0.0935940071940422,"[525, 706, 435, 421, 281]","[0.0935940071940422, 0.06200264394283295, 0.051801539957523346, 0.042545754462480545, 0.03633979335427284]",ILSVRC2012_val_00007116,174,n02091467,Norwegian_elkhound,animals,human_related,inside_house
base,inpainted,738,841,534,0,0.8857258558273315,"[534, 651, 897, 760, 799]","[0.8857258558273315, 0.07762404531240463, 0.014866865240037441, 0.0052391658537089825, 0.004097787197679281]",ILSVRC2012_val_00007413,841,n04370456,sweatshirt,clothing_and_accessories,human_related,inside_house
base,inpainted,739,846,532,0,0.2768464386463165,"[532, 846, 453, 894, 743]","[0.27684643864631653, 0.1485825777053833, 0.13493485748767853, 0.05136101320385933, 0.042846135795116425]",ILSVRC2012_val_00007756,846,n04380533,table_lamp,household,human_related,inside_house
base,inpainted,740,999,999,1,0.110108658671379,"[999, 492, 478, 446, 892]","[0.11010865867137909, 0.05097275599837303, 0.04380670189857483, 0.043508343398571014, 0.04094337299466133]",ILSVRC2012_val_00008412,999,n15075141,toilet_tissue,household,human_related,inside_house
base,inpainted,741,258,548,0,0.6253567337989807,"[548, 598, 851, 886, 651]","[0.6253567337989807, 0.2064944952726364, 0.04089973866939545, 0.0358327180147171, 0.013931648805737495]",ILSVRC2012_val_00008752,258,n02111889,Samoyed,animals,human_related,inside_house
base,inpainted,742,851,831,0,0.4234645068645477,"[831, 564, 750, 799, 598]","[0.42346450686454773, 0.1288742572069168, 0.11165887862443924, 0.036767538636922836, 0.03622085601091385]",ILSVRC2012_val_00008863,851,n04404412,television,technology_and_electronics,human_related,inside_house
base,inpainted,743,423,532,0,0.1870043575763702,"[532, 564, 831, 435, 799]","[0.18700435757637024, 0.16895467042922974, 0.11198139190673828, 0.051664117723703384, 0.05108681693673134]",ILSVRC2012_val_00009987,423,n02791124,barber_chair,household,human_related,inside_house
base,inpainted,744,233,706,0,0.1342934966087341,"[706, 799, 896, 480, 421]","[0.13429349660873413, 0.11370980739593506, 0.10027259588241577, 0.06127775460481644, 0.04825473204255104]",ILSVRC2012_val_00010765,233,n02106382,Bouvier_des_Flandres,animals,human_related,inside_house
base,inpainted,745,253,611,0,0.0675122216343879,"[611, 237, 721, 265, 651]","[0.06751222163438797, 0.030075635761022568, 0.027979915961623192, 0.02722804807126522, 0.02501429244875908]",ILSVRC2012_val_00012221,253,n02110806,basenji,animals,human_related,inside_house
base,inpainted,746,655,431,0,0.1696767061948776,"[431, 539, 519, 648, 534]","[0.16967670619487762, 0.12503410875797272, 0.09865772724151611, 0.08439689874649048, 0.05521092191338539]",ILSVRC2012_val_00014221,655,n03770439,miniskirt,clothing_and_accessories,human_related,inside_house
base,inpainted,747,422,583,0,0.1570481061935424,"[583, 549, 664, 598, 713]","[0.15704810619354248, 0.055497005581855774, 0.04685790091753006, 0.046658437699079514, 0.04189693182706833]",ILSVRC2012_val_00014676,422,n02790996,barbell,sports_and_recreation,human_related,inside_house
base,inpainted,748,765,532,0,0.0857659876346588,"[532, 905, 494, 910, 886]","[0.08576598763465881, 0.06381505727767944, 0.045019086450338364, 0.04048658534884453, 0.03728604316711426]",ILSVRC2012_val_00015390,765,n04099969,rocking_chair,household,human_related,inside_house
base,inpainted,749,545,846,0,0.1539165675640106,"[846, 799, 673, 664, 688]","[0.15391656756401062, 0.11617600917816162, 0.105392687022686, 0.08437085151672363, 0.05888451635837555]",ILSVRC2012_val_00015553,545,n03271574,electric_fan,technology_and_electronics,human_related,inside_house
base,inpainted,750,841,799,0,0.1023440286517143,"[799, 877, 760, 651, 789]","[0.10234402865171432, 0.10020585358142853, 0.07398644834756851, 0.0715186819434166, 0.03380205109715462]",ILSVRC2012_val_00017086,841,n04370456,sweatshirt,clothing_and_accessories,human_related,inside_house
base,inpainted,751,655,519,0,0.1311414092779159,"[519, 760, 660, 565, 498]","[0.13114140927791595, 0.13013699650764465, 0.10679367929697037, 0.05235573649406433, 0.04474829137325287]",ILSVRC2012_val_00019298,655,n03770439,miniskirt,clothing_and_accessories,human_related,inside_house
base,inpainted,752,846,846,1,0.2721627354621887,"[846, 579, 518, 619, 461]","[0.2721627354621887, 0.14861705899238586, 0.0979425236582756, 0.07866405695676804, 0.06079597771167755]",ILSVRC2012_val_00019316,846,n04380533,table_lamp,household,human_related,inside_house
base,inpainted,753,999,648,0,0.0938047021627426,"[648, 851, 896, 760, 598]","[0.09380470216274261, 0.07735653221607208, 0.07125487178564072, 0.06692281365394592, 0.05917097255587578]",ILSVRC2012_val_00020175,999,n15075141,toilet_tissue,household,human_related,inside_house
base,inpainted,754,841,421,0,0.2339363396167755,"[421, 908, 539, 620, 742]","[0.2339363396167755, 0.0904420018196106, 0.04685969650745392, 0.0394771546125412, 0.02821405977010727]",ILSVRC2012_val_00020241,841,n04370456,sweatshirt,clothing_and_accessories,human_related,inside_house
base,inpainted,755,655,651,0,0.0962891578674316,"[651, 520, 553, 687, 915]","[0.09628915786743164, 0.0917811393737793, 0.07274666428565979, 0.06026408448815346, 0.0507793053984642]",ILSVRC2012_val_00020532,655,n03770439,miniskirt,clothing_and_accessories,human_related,inside_house
base,inpainted,756,579,854,0,0.8818249106407166,"[854, 412, 753, 642, 401]","[0.8818249106407166, 0.023532850667834282, 0.022022392600774765, 0.006076637655496597, 0.00503142736852169]",ILSVRC2012_val_00022718,579,n03452741,grand_piano,household,human_related,inside_house
base,inpainted,757,198,750,0,0.4166983067989349,"[750, 884, 467, 421, 961]","[0.41669830679893494, 0.0971262976527214, 0.03998245671391487, 0.029407449066638947, 0.02520604059100151]",ILSVRC2012_val_00022856,198,n02097209,standard_schnauzer,animals,human_related,inside_house
base,inpainted,758,614,789,0,0.3833236992359161,"[789, 890, 799, 614, 840]","[0.38332369923591614, 0.11985356360673904, 0.06600334495306015, 0.06551812589168549, 0.048355668783187866]",ILSVRC2012_val_00023286,614,n03617480,kimono,clothing_and_accessories,human_related,inside_house
base,inpainted,759,689,564,0,0.3126852810382843,"[564, 860, 865, 762, 454]","[0.3126852810382843, 0.1087925061583519, 0.06833599507808685, 0.05458221584558487, 0.0428498312830925]",ILSVRC2012_val_00023585,689,n03866082,overskirt,clothing_and_accessories,human_related,inside_house
base,inpainted,760,863,799,0,0.4947147071361542,"[799, 706, 480, 624, 905]","[0.4947147071361542, 0.17774029076099396, 0.040006499737501144, 0.03832077607512474, 0.03823024407029152]",ILSVRC2012_val_00024934,863,n04458633,totem_pole,buildings_and_structures,human_related,inside_house
base,inpainted,761,851,492,0,0.0984796807169914,"[492, 311, 64, 868, 315]","[0.09847968071699142, 0.09021929651498795, 0.05290606990456581, 0.03957492858171463, 0.03871674835681915]",ILSVRC2012_val_00024939,851,n04404412,television,technology_and_electronics,human_related,inside_house
base,inpainted,762,444,539,0,0.172891154885292,"[539, 799, 519, 706, 637]","[0.17289115488529205, 0.12471839040517807, 0.09664568305015564, 0.03832373395562172, 0.03264833986759186]",ILSVRC2012_val_00026795,444,n02835271,bicycle-built-for-two,vehicles,human_related,inside_house
base,inpainted,763,230,203,0,0.0778596997261047,"[203, 799, 765, 453, 729]","[0.07785969972610474, 0.07110124826431274, 0.05914651229977608, 0.051577236503362656, 0.037552524358034134]",ILSVRC2012_val_00027041,230,n02105855,Shetland_sheepdog,animals,human_related,inside_house
base,inpainted,764,254,765,0,0.1932125687599182,"[765, 894, 598, 522, 561]","[0.1932125687599182, 0.05560903996229172, 0.03725935518741608, 0.029302043840289116, 0.02581772394478321]",ILSVRC2012_val_00028408,254,n02110958,pug,animals,human_related,inside_house
base,inpainted,765,199,492,0,0.0600580871105194,"[492, 564, 202, 748, 764]","[0.06005808711051941, 0.05704345554113388, 0.046928323805332184, 0.03865925595164299, 0.03001152165234089]",ILSVRC2012_val_00028500,199,n02097298,Scotch_terrier,animals,human_related,inside_house
base,inpainted,766,493,492,0,0.1501930058002472,"[492, 495, 534, 598, 548]","[0.1501930058002472, 0.08699046820402145, 0.07822743058204651, 0.05505283921957016, 0.05479874089360237]",ILSVRC2012_val_00031695,493,n03016953,chiffonier,household,human_related,inside_house
base,inpainted,767,882,598,0,0.241738885641098,"[598, 480, 548, 707, 831]","[0.24173888564109802, 0.1775215119123459, 0.14806628227233887, 0.1333441287279129, 0.030193638056516647]",ILSVRC2012_val_00033301,882,n04517823,vacuum,technology_and_electronics,human_related,inside_house
base,inpainted,768,739,695,0,0.2216309607028961,"[695, 884, 497, 492, 483]","[0.22163096070289612, 0.10075666755437851, 0.0895034670829773, 0.04772040992975235, 0.043246470391750336]",ILSVRC2012_val_00033886,739,n03992509,potter's_wheel,household,human_related,inside_house
base,inpainted,769,846,799,0,0.1175359711050987,"[799, 588, 412, 539, 897]","[0.11753597110509872, 0.0670098066329956, 0.05421178415417671, 0.0305655337870121, 0.02779128961265087]",ILSVRC2012_val_00034241,846,n04380533,table_lamp,household,human_related,inside_house
base,inpainted,770,614,789,0,0.4674122333526611,"[789, 556, 799, 851, 548]","[0.46741223335266113, 0.11672431230545044, 0.05079509690403938, 0.04352577030658722, 0.02623274363577366]",ILSVRC2012_val_00034974,614,n03617480,kimono,clothing_and_accessories,human_related,inside_house
base,inpainted,771,579,421,0,0.5444008111953735,"[421, 846, 709, 863, 619]","[0.5444008111953735, 0.04474026709794998, 0.04275326803326607, 0.04229646176099777, 0.02629598043859005]",ILSVRC2012_val_00035907,579,n03452741,grand_piano,household,human_related,inside_house
base,inpainted,772,882,846,0,0.2442436218261718,"[846, 598, 399, 879, 881]","[0.24424362182617188, 0.038488034158945084, 0.03714260831475258, 0.0333876796066761, 0.0317457839846611]",ILSVRC2012_val_00037908,882,n04517823,vacuum,technology_and_electronics,human_related,inside_house
base,inpainted,773,778,414,0,0.1469488441944122,"[414, 421, 424, 794, 490]","[0.14694884419441223, 0.10492090880870819, 0.050607141107320786, 0.024867814034223557, 0.024669751524925232]",ILSVRC2012_val_00037979,778,n04141975,scale,household,human_related,inside_house
base,inpainted,774,882,894,0,0.7416966557502747,"[894, 519, 495, 648, 493]","[0.7416966557502747, 0.07708758860826492, 0.03961440175771713, 0.03715520724654198, 0.028375498950481415]",ILSVRC2012_val_00039980,882,n04517823,vacuum,technology_and_electronics,human_related,inside_house
base,inpainted,775,550,583,0,0.1651798337697982,"[583, 915, 453, 532, 687]","[0.16517983376979828, 0.11177479475736618, 0.07557718455791473, 0.06199195981025696, 0.05403405427932739]",ILSVRC2012_val_00040691,550,n03297495,espresso_maker,household,human_related,inside_house
base,inpainted,776,284,905,0,0.0508177317678928,"[905, 9, 975, 575, 583]","[0.05081773176789284, 0.04422871023416519, 0.042905278503894806, 0.042867954820394516, 0.03862762451171875]",ILSVRC2012_val_00040848,284,n02123597,Siamese_cat,animals,human_related,inside_house
base,inpainted,777,851,832,0,0.6698288917541504,"[832, 644, 619, 760, 884]","[0.6698288917541504, 0.03262494504451752, 0.028866969048976898, 0.02816050872206688, 0.025702238082885742]",ILSVRC2012_val_00042957,851,n04404412,television,technology_and_electronics,human_related,inside_house
base,inpainted,778,651,894,0,0.1479738503694534,"[894, 495, 799, 519, 881]","[0.14797385036945343, 0.1361350268125534, 0.12072344869375229, 0.08343326300382614, 0.04627292603254318]",ILSVRC2012_val_00043542,651,n03761084,microwave,household,human_related,inside_house
base,inpainted,779,681,745,0,0.1284166574478149,"[745, 579, 526, 519, 742]","[0.12841665744781494, 0.11214222013950348, 0.04149744659662247, 0.03416581079363823, 0.027170825749635696]",ILSVRC2012_val_00043712,681,n03832673,notebook,technology_and_electronics,human_related,inside_house
base,inpainted,780,420,492,0,0.1838985085487365,"[492, 553, 799, 421, 999]","[0.18389850854873657, 0.18111754953861237, 0.10515129566192627, 0.06931086629629135, 0.053801484405994415]",ILSVRC2012_val_00046921,420,n02787622,banjo,household,human_related,inside_house
base,inpainted,781,532,427,0,0.2431729584932327,"[427, 463, 341, 747, 428]","[0.24317295849323273, 0.07916005700826645, 0.0564834363758564, 0.052976083010435104, 0.04046683385968208]",ILSVRC2012_val_00048871,532,n03201208,dining_table,household,human_related,inside_house
base,inpainted,782,423,476,0,0.0850353091955185,"[476, 760, 669, 534, 467]","[0.0850353091955185, 0.08077113330364227, 0.06815929710865021, 0.06681343913078308, 0.05437927693128586]",ILSVRC2012_val_00049050,423,n02791124,barber_chair,household,human_related,inside_house
base,inpainted,783,201,598,0,0.8068752884864807,"[598, 548, 564, 495, 799]","[0.8068752884864807, 0.08469469845294952, 0.042513154447078705, 0.0194034855812788, 0.004068669863045216]",ILSVRC2012_val_00049653,201,n02097658,silky_terrier,animals,human_related,inside_house
base,inpainted,784,690,386,0,0.1701863259077072,"[386, 649, 354, 912, 634]","[0.17018632590770721, 0.08358155936002731, 0.07838495820760727, 0.062455687671899796, 0.05403135344386101]",ILSVRC2012_val_00001907,690,n03868242,oxcart,vehicles,human_related,road
base,inpainted,785,807,421,0,0.1816971004009246,"[421, 884, 877, 743, 561]","[0.18169710040092468, 0.07601811736822128, 0.04166855663061142, 0.02945433370769024, 0.026470564305782318]",ILSVRC2012_val_00002606,807,n04258138,solar_dish,buildings_and_structures,human_related,road
base,inpainted,786,836,873,0,0.1810162663459777,"[873, 698, 668, 874, 704]","[0.18101626634597778, 0.13260039687156677, 0.041936278343200684, 0.04187452793121338, 0.039480261504650116]",ILSVRC2012_val_00003618,836,n04355933,sunglass,household,human_related,road
base,inpainted,787,779,668,0,0.3375351428985595,"[668, 920, 660, 646, 900]","[0.33753514289855957, 0.06437156349420547, 0.04682108387351036, 0.03573651239275932, 0.03405662998557091]",ILSVRC2012_val_00003709,779,n04146614,school_bus,vehicles,human_related,road
base,inpainted,788,872,975,0,0.0705953761935234,"[975, 835, 649, 706, 888]","[0.07059537619352341, 0.06333719193935394, 0.05046273395419121, 0.038381144404411316, 0.036182332783937454]",ILSVRC2012_val_00003849,872,n04485082,tripod,household,human_related,road
base,inpainted,789,516,421,0,0.194751039147377,"[421, 565, 833, 525, 492]","[0.19475103914737701, 0.049413036555051804, 0.04609182849526405, 0.03473660349845886, 0.033960726112127304]",ILSVRC2012_val_00004667,516,n03125729,cradle,household,human_related,road
base,inpainted,790,807,703,0,0.4859930872917175,"[703, 410, 603, 843, 975]","[0.48599308729171753, 0.1217518225312233, 0.036437977105379105, 0.027898961678147316, 0.02347370609641075]",ILSVRC2012_val_00004937,807,n04258138,solar_dish,buildings_and_structures,human_related,road
base,inpainted,791,880,460,0,0.4092631638050079,"[460, 471, 408, 847, 835]","[0.40926316380500793, 0.11774329841136932, 0.1007949709892273, 0.0692404955625534, 0.023595666512846947]",ILSVRC2012_val_00005518,880,n04509417,unicycle,vehicles,human_related,road
base,inpainted,792,678,624,0,0.1738652139902115,"[624, 454, 829, 576, 698]","[0.1738652139902115, 0.17128482460975647, 0.10854700952768326, 0.08902984857559204, 0.06500090658664703]",ILSVRC2012_val_00005600,678,n03814639,neck_brace,clothing_and_accessories,human_related,road
base,inpainted,793,603,706,0,0.2565492391586303,"[706, 660, 561, 863, 583]","[0.25654923915863037, 0.20771770179271698, 0.057920027524232864, 0.03428592532873154, 0.031142547726631165]",ILSVRC2012_val_00006021,603,n03538406,horse_cart,vehicles,human_related,road
base,inpainted,794,665,0,0,0.1818759739398956,"[0, 159, 977, 276, 291]","[0.18187597393989563, 0.042661406099796295, 0.035961560904979706, 0.02991666831076145, 0.02646689862012863]",ILSVRC2012_val_00006596,665,n03785016,moped,vehicles,human_related,road
base,inpainted,795,541,706,0,0.1327795535326004,"[706, 743, 498, 663, 750]","[0.1327795535326004, 0.11429078876972198, 0.05757659301161766, 0.05661026015877724, 0.039121903479099274]",ILSVRC2012_val_00006656,541,n03249569,drum,household,human_related,road
base,inpainted,796,704,791,0,0.2240727692842483,"[791, 829, 704, 820, 468]","[0.22407276928424835, 0.06141660735011101, 0.05494513362646103, 0.03606550768017769, 0.027258524671196938]",ILSVRC2012_val_00007481,704,n03891332,parking_meter,buildings_and_structures,human_related,road
base,inpainted,797,770,863,0,0.4256086945533752,"[863, 880, 708, 698, 865]","[0.42560869455337524, 0.06699101626873016, 0.031290341168642044, 0.02136584185063839, 0.017045224085450172]",ILSVRC2012_val_00007671,770,n04120489,running_shoe,clothing_and_accessories,human_related,road
base,inpainted,798,428,568,0,0.1463125050067901,"[568, 562, 857, 873, 735]","[0.14631250500679016, 0.08177752047777176, 0.07940062880516052, 0.05153440311551094, 0.048129256814718246]",ILSVRC2012_val_00007717,428,n02797295,barrow,vehicles,human_related,road
base,inpainted,799,637,406,0,0.2486362159252166,"[406, 663, 640, 497, 538]","[0.24863621592521667, 0.2347722351551056, 0.1660541445016861, 0.09697414934635162, 0.026763765141367912]",ILSVRC2012_val_00008671,637,n03710193,mailbox,household,human_related,road
base,inpainted,800,879,525,0,0.2343274056911468,"[525, 460, 682, 562, 884]","[0.23432740569114685, 0.0776982456445694, 0.06874508410692215, 0.04277593269944191, 0.0328485481441021]",ILSVRC2012_val_00009473,879,n04507155,umbrella,household,human_related,road
base,inpainted,801,869,705,0,0.138558492064476,"[705, 829, 454, 734, 694]","[0.138558492064476, 0.06825471669435501, 0.0581100657582283, 0.05338656157255173, 0.039188507944345474]",ILSVRC2012_val_00009797,869,n04479046,trench_coat,clothing_and_accessories,human_related,road
base,inpainted,802,690,274,0,0.1992309242486953,"[274, 271, 291, 186, 184]","[0.19923092424869537, 0.1877916306257248, 0.04528304189443588, 0.043631915003061295, 0.030881468206644058]",ILSVRC2012_val_00010029,690,n03868242,oxcart,vehicles,human_related,road
base,inpainted,803,822,562,0,0.2017067968845367,"[562, 580, 752, 794, 497]","[0.20170679688453674, 0.05351601168513298, 0.04501214995980263, 0.04015301167964935, 0.030011922121047974]",ILSVRC2012_val_00010129,822,n04311174,steel_drum,buildings_and_structures,human_related,road
base,inpainted,804,880,716,0,0.1079840660095214,"[716, 663, 915, 912, 698]","[0.10798406600952148, 0.08647313714027405, 0.08207687735557556, 0.0472012534737587, 0.040911946445703506]",ILSVRC2012_val_00011781,880,n04509417,unicycle,vehicles,human_related,road
base,inpainted,805,612,539,0,0.1446297764778137,"[539, 753, 858, 703, 421]","[0.14462977647781372, 0.11777979135513306, 0.06216007098555565, 0.04442558437585831, 0.03948193043470383]",ILSVRC2012_val_00013621,612,n03599486,jinrikisha,vehicles,human_related,road
base,inpainted,806,879,425,0,0.5581618547439575,"[425, 660, 858, 706, 449]","[0.5581618547439575, 0.23695899546146393, 0.023548534139990807, 0.01969791390001774, 0.014931204728782177]",ILSVRC2012_val_00014615,879,n04507155,umbrella,household,human_related,road
base,inpainted,807,603,454,0,0.2106930315494537,"[454, 698, 498, 860, 624]","[0.21069303154945374, 0.1573357880115509, 0.08015880733728409, 0.05453301966190338, 0.049960341304540634]",ILSVRC2012_val_00015420,603,n03538406,horse_cart,vehicles,human_related,road
base,inpainted,808,707,706,0,0.3287812173366546,"[706, 573, 791, 410, 835]","[0.32878121733665466, 0.10776583105325699, 0.053533267229795456, 0.02787874825298786, 0.02366202138364315]",ILSVRC2012_val_00015422,707,n03902125,pay-phone,household,human_related,road
base,inpainted,809,751,349,0,0.0574767403304576,"[349, 348, 410, 766, 706]","[0.05747674033045769, 0.04007289558649063, 0.039995621889829636, 0.03932629153132439, 0.035642340779304504]",ILSVRC2012_val_00015688,751,n04037443,racer,vehicles,human_related,road
base,inpainted,810,407,460,0,0.4043419063091278,"[460, 716, 975, 977, 539]","[0.4043419063091278, 0.20228560268878937, 0.03923707455396652, 0.03607477247714996, 0.03354956582188606]",ILSVRC2012_val_00015758,407,n02701002,ambulance,vehicles,human_related,road
base,inpainted,811,791,791,1,0.1429940313100814,"[791, 471, 657, 744, 829]","[0.14299403131008148, 0.06820819526910782, 0.059047069400548935, 0.05495515465736389, 0.046211786568164825]",ILSVRC2012_val_00015814,791,n04204347,shopping_cart,household,human_related,road
base,inpainted,812,645,762,0,0.2587099969387054,"[762, 582, 454, 624, 415]","[0.25870999693870544, 0.16912803053855896, 0.14839813113212585, 0.09377793222665787, 0.06687150150537491]",ILSVRC2012_val_00016452,645,n03733131,maypole,buildings_and_structures,human_related,road
base,inpainted,813,879,718,0,0.2079247385263443,"[718, 525, 449, 576, 332]","[0.2079247385263443, 0.17625856399536133, 0.16557440161705017, 0.04805699735879898, 0.03554287180304527]",ILSVRC2012_val_00017127,879,n04507155,umbrella,household,human_related,road
base,inpainted,814,612,975,0,0.1486466228961944,"[975, 706, 703, 449, 621]","[0.14864662289619446, 0.10395451635122299, 0.0589948408305645, 0.026208912953734398, 0.024070030078291893]",ILSVRC2012_val_00017474,612,n03599486,jinrikisha,vehicles,human_related,road
base,inpainted,815,468,835,0,0.0950996354222297,"[835, 460, 634, 814, 820]","[0.09509963542222977, 0.09439682215452194, 0.05947310850024223, 0.04821368306875229, 0.04765259847044945]",ILSVRC2012_val_00018246,468,n02930766,cab,vehicles,human_related,road
base,inpainted,816,603,354,0,0.0590396858751773,"[354, 779, 821, 912, 888]","[0.05903968587517738, 0.04939946532249451, 0.04422595724463463, 0.04279691353440285, 0.03550892695784569]",ILSVRC2012_val_00019986,603,n03538406,horse_cart,vehicles,human_related,road
base,inpainted,817,670,660,0,0.1449315845966339,"[660, 344, 561, 346, 977]","[0.1449315845966339, 0.13843165338039398, 0.11248372495174408, 0.0748303085565567, 0.026462720707058907]",ILSVRC2012_val_00021251,670,n03791053,motor_scooter,vehicles,human_related,road
base,inpainted,818,468,706,0,0.371766060590744,"[706, 703, 971, 752, 637]","[0.371766060590744, 0.030868224799633026, 0.027745766565203667, 0.023210085928440094, 0.021593613550066948]",ILSVRC2012_val_00021301,468,n02930766,cab,vehicles,human_related,road
base,inpainted,819,830,799,0,0.2507793605327606,"[799, 480, 829, 624, 548]","[0.2507793605327606, 0.18087731301784515, 0.07425710558891296, 0.06995835155248642, 0.06421802937984467]",ILSVRC2012_val_00022231,830,n04336792,stretcher,sports_and_recreation,human_related,road
base,inpainted,820,670,557,0,0.1211066916584968,"[557, 867, 660, 839, 920]","[0.12110669165849686, 0.0911162719130516, 0.07697958499193192, 0.03390674293041229, 0.028289446607232094]",ILSVRC2012_val_00022401,670,n03791053,motor_scooter,vehicles,human_related,road
base,inpainted,821,807,723,0,0.289728581905365,"[723, 523, 559, 872, 618]","[0.289728581905365, 0.11534304916858673, 0.10472849011421204, 0.1043195053935051, 0.06309822201728821]",ILSVRC2012_val_00022413,807,n04258138,solar_dish,buildings_and_structures,human_related,road
base,inpainted,822,602,706,0,0.2112410366535186,"[706, 839, 580, 532, 843]","[0.21124103665351868, 0.19479356706142426, 0.06946300715208054, 0.046392522752285004, 0.04092080518603325]",ILSVRC2012_val_00023456,602,n03535780,horizontal_bar,sports_and_recreation,human_related,road
base,inpainted,823,439,829,0,0.0657347813248634,"[829, 84, 202, 212, 185]","[0.06573478132486343, 0.05969845503568649, 0.050464022904634476, 0.04831992834806442, 0.04315224662423134]",ILSVRC2012_val_00023868,439,n02817516,bearskin,clothing_and_accessories,human_related,road
base,inpainted,824,198,475,0,0.2544262409210205,"[475, 908, 881, 511, 831]","[0.2544262409210205, 0.058553144335746765, 0.05216095596551895, 0.04380253329873085, 0.0422297865152359]",ILSVRC2012_val_00024508,198,n02097209,standard_schnauzer,animals,human_related,road
base,inpainted,825,559,791,0,0.10660120844841,"[791, 703, 412, 792, 825]","[0.10660120844841003, 0.039915572851896286, 0.030919818207621574, 0.02509566769003868, 0.024256112053990364]",ILSVRC2012_val_00024982,559,n03376595,folding_chair,household,human_related,road
base,inpainted,826,919,437,0,0.31007781624794,"[437, 682, 497, 557, 706]","[0.31007781624794006, 0.18673397600650787, 0.09187543392181396, 0.06444674730300903, 0.05356910452246666]",ILSVRC2012_val_00025784,919,n06794110,street_sign,buildings_and_structures,human_related,road
base,inpainted,827,665,404,0,0.0677065178751945,"[404, 856, 690, 888, 449]","[0.06770651787519455, 0.0667608380317688, 0.044692084193229675, 0.03197256848216057, 0.03132276609539986]",ILSVRC2012_val_00026409,665,n03785016,moped,vehicles,human_related,road
base,inpainted,828,919,525,0,0.2351401001214981,"[525, 833, 460, 829, 718]","[0.2351401001214981, 0.14488233625888824, 0.06957337260246277, 0.05285700038075447, 0.030481595546007156]",ILSVRC2012_val_00027015,919,n06794110,street_sign,buildings_and_structures,human_related,road
base,inpainted,829,557,705,0,0.3040034174919128,"[705, 698, 557, 460, 425]","[0.30400341749191284, 0.11518175154924393, 0.083982914686203, 0.057456500828266144, 0.04815109074115753]",ILSVRC2012_val_00027876,557,n03355925,flagpole,technology_and_electronics,human_related,road
base,inpainted,830,864,769,0,0.8543452024459839,"[769, 798, 833, 908, 450]","[0.8543452024459839, 0.0392652228474617, 0.00946309044957161, 0.0073561412282288074, 0.00709578488022089]",ILSVRC2012_val_00028140,864,n04461696,tow_truck,vehicles,human_related,road
base,inpainted,831,880,410,0,0.1578414738178253,"[410, 984, 472, 880, 50]","[0.15784147381782532, 0.08148418366909027, 0.05611153692007065, 0.031815674155950546, 0.023762108758091927]",ILSVRC2012_val_00028714,880,n04509417,unicycle,vehicles,human_related,road
base,inpainted,832,870,660,0,0.203323408961296,"[660, 471, 705, 690, 716]","[0.20332340896129608, 0.059669725596904755, 0.05520273745059967, 0.0324074812233448, 0.02970617637038231]",ILSVRC2012_val_00029194,870,n04482393,tricycle,vehicles,human_related,road
base,inpainted,833,439,519,0,0.1368771493434906,"[519, 624, 698, 454, 634]","[0.1368771493434906, 0.12495283782482147, 0.07627047598361969, 0.056078024208545685, 0.050112366676330566]",ILSVRC2012_val_00029701,439,n02817516,bearskin,clothing_and_accessories,human_related,road
base,inpainted,834,728,766,0,0.3127068877220154,"[766, 580, 467, 831, 184]","[0.3127068877220154, 0.16740722954273224, 0.04862378165125847, 0.040074776858091354, 0.03686724603176117]",ILSVRC2012_val_00031510,728,n03958227,plastic_bag,household,human_related,road
base,inpainted,835,920,920,1,0.2762571573257446,"[920, 812, 628, 442, 839]","[0.27625715732574463, 0.1335645318031311, 0.056954871863126755, 0.041306767612695694, 0.035201363265514374]",ILSVRC2012_val_00031519,920,n06874185,traffic_light,buildings_and_structures,human_related,road
base,inpainted,836,608,462,0,0.1219939738512039,"[462, 580, 334, 388, 825]","[0.12199397385120392, 0.11280865967273712, 0.04681817442178726, 0.02929341234266758, 0.028433701023459435]",ILSVRC2012_val_00032271,608,n03594734,jean,clothing_and_accessories,human_related,road
base,inpainted,837,919,571,0,0.2468521893024444,"[571, 583, 743, 707, 829]","[0.24685218930244446, 0.23931874334812164, 0.10239718854427338, 0.05361912027001381, 0.042443081736564636]",ILSVRC2012_val_00032281,919,n06794110,street_sign,buildings_and_structures,human_related,road
base,inpainted,838,612,727,0,0.2034635841846466,"[727, 706, 668, 705, 442]","[0.2034635841846466, 0.15516380965709686, 0.11614540219306946, 0.09359961748123169, 0.05733953416347504]",ILSVRC2012_val_00032319,612,n03599486,jinrikisha,vehicles,human_related,road
base,inpainted,839,919,562,0,0.2341683954000473,"[562, 580, 538, 975, 873]","[0.2341683954000473, 0.16807332634925842, 0.07422424852848053, 0.061086591333150864, 0.039792757481336594]",ILSVRC2012_val_00032477,919,n06794110,street_sign,buildings_and_structures,human_related,road
base,inpainted,840,571,424,0,0.3178074657917022,"[424, 799, 415, 556, 454]","[0.31780746579170227, 0.18071222305297852, 0.09308959543704987, 0.05821698531508446, 0.04482848197221756]",ILSVRC2012_val_00033364,571,n03425413,gas_pump,buildings_and_structures,human_related,road
base,inpainted,841,575,160,0,0.0764652416110038,"[160, 220, 213, 569, 170]","[0.07646524161100388, 0.04308134689927101, 0.04074540361762047, 0.034264687448740005, 0.03314485400915146]",ILSVRC2012_val_00034557,575,n03445924,golfcart,vehicles,human_related,road
base,inpainted,842,870,562,0,0.124694749712944,"[562, 853, 716, 580, 344]","[0.12469474971294403, 0.05375748500227928, 0.03419022262096405, 0.031153539195656776, 0.031004657968878746]",ILSVRC2012_val_00040065,870,n04482393,tricycle,vehicles,human_related,road
base,inpainted,843,919,771,0,0.2687656879425049,"[771, 651, 881, 708, 498]","[0.2687656879425049, 0.07980740070343018, 0.0733451172709465, 0.0524405874311924, 0.040672507137060165]",ILSVRC2012_val_00040807,919,n06794110,street_sign,buildings_and_structures,human_related,road
base,inpainted,844,879,449,0,0.0497462153434753,"[449, 510, 668, 519, 718]","[0.04974621534347534, 0.04880734905600548, 0.04667801782488823, 0.0448574535548687, 0.030458839610219002]",ILSVRC2012_val_00041545,879,n04507155,umbrella,household,human_related,road
base,inpainted,845,690,825,0,0.1391356289386749,"[825, 839, 912, 634, 703]","[0.13913562893867493, 0.06997736543416977, 0.06248108670115471, 0.028077971190214157, 0.02439563348889351]",ILSVRC2012_val_00042064,690,n03868242,oxcart,vehicles,human_related,road
base,inpainted,846,879,743,0,0.3670397400856018,"[743, 706, 877, 637, 565]","[0.3670397400856018, 0.07699795067310333, 0.04416036605834961, 0.04286300763487816, 0.03371637687087059]",ILSVRC2012_val_00043185,879,n04507155,umbrella,household,human_related,road
base,inpainted,847,412,412,1,0.13511922955513,"[412, 718, 706, 839, 752]","[0.13511922955513, 0.0770237147808075, 0.06065830960869789, 0.05249541625380516, 0.04642704501748085]",ILSVRC2012_val_00043970,412,n02747177,ashcan,household,human_related,road
base,inpainted,848,412,698,0,0.316810131072998,"[698, 603, 873, 874, 660]","[0.31681013107299805, 0.15134885907173157, 0.11242928355932236, 0.07768150418996811, 0.07534687966108322]",ILSVRC2012_val_00044878,412,n02747177,ashcan,household,human_related,road
base,inpainted,849,751,660,0,0.1194828748703002,"[660, 798, 751, 637, 709]","[0.11948287487030029, 0.11919129639863968, 0.07384350895881653, 0.04895742982625961, 0.0349346324801445]",ILSVRC2012_val_00047893,751,n04037443,racer,vehicles,human_related,road
base,inpainted,850,489,649,0,0.2184432595968246,"[649, 660, 900, 703, 825]","[0.21844325959682465, 0.055366214364767075, 0.05423758178949356, 0.049758102744817734, 0.046303462237119675]",ILSVRC2012_val_00048208,489,n03000134,chainlink_fence,buildings_and_structures,human_related,road
base,inpainted,851,223,805,0,0.0564648620784282,"[805, 646, 751, 345, 977]","[0.05646486207842827, 0.03948325663805008, 0.036603450775146484, 0.03450336307287216, 0.029674554243683815]",ILSVRC2012_val_00048663,223,n02104365,schipperke,animals,human_related,road
base,inpainted,852,603,519,0,0.1654995679855346,"[519, 525, 634, 421, 646]","[0.16549956798553467, 0.13503198325634003, 0.061374109238386154, 0.05951777473092079, 0.03675536438822746]",ILSVRC2012_val_00048753,603,n03538406,horse_cart,vehicles,human_related,road
base,inpainted,853,862,756,0,0.3999119400978088,"[756, 458, 427, 682, 741]","[0.39991194009780884, 0.19745074212551117, 0.03444372117519379, 0.02673487178981304, 0.025486787781119347]",ILSVRC2012_val_00049142,862,n04456115,torch,technology_and_electronics,human_related,road
base,inpainted,854,612,703,0,0.4768235981464386,"[703, 646, 716, 706, 912]","[0.4768235981464386, 0.1682349294424057, 0.0996125116944313, 0.03694161772727966, 0.028893202543258667]",ILSVRC2012_val_00049583,612,n03599486,jinrikisha,vehicles,human_related,road
base,inpainted,855,154,694,0,0.3817590773105621,"[694, 421, 912, 264, 791]","[0.38175907731056213, 0.054631393402814865, 0.04855436459183693, 0.03189203515648842, 0.02355124242603779]",ILSVRC2012_val_00049800,154,n02086079,Pekinese,animals,human_related,road
base,inpainted,856,560,339,0,0.0426166616380214,"[339, 354, 646, 703, 525]","[0.04261666163802147, 0.03940250724554062, 0.03436390683054924, 0.033419542014598846, 0.030621251091361046]",ILSVRC2012_val_00006397,560,n03379051,football_helmet,clothing_and_accessories,human_related,stadium
base,inpainted,857,852,752,0,0.6986937522888184,"[752, 722, 627, 646, 908]","[0.6986937522888184, 0.08090189099311829, 0.02041022665798664, 0.019493356347084045, 0.014071396552026272]",ILSVRC2012_val_00013836,852,n04409515,tennis_ball,sports_and_recreation,human_related,stadium
base,inpainted,858,522,561,0,0.3308098316192627,"[561, 603, 204, 202, 454]","[0.3308098316192627, 0.04289495572447777, 0.042034368962049484, 0.022738002240657806, 0.022300198674201965]",ILSVRC2012_val_00017512,522,n03134739,croquet_ball,sports_and_recreation,human_related,stadium
base,inpainted,859,430,519,0,0.0763444751501083,"[519, 548, 780, 651, 904]","[0.07634447515010834, 0.05464706942439079, 0.03213995695114136, 0.031141741201281548, 0.030990464612841606]",ILSVRC2012_val_00018104,430,n02802426,basketball,sports_and_recreation,human_related,stadium
base,inpainted,860,752,904,0,0.2526955008506775,"[904, 525, 556, 562, 975]","[0.2526955008506775, 0.14911268651485443, 0.06814049184322357, 0.027270248159766197, 0.025291165336966515]",ILSVRC2012_val_00019000,752,n04039381,racket,sports_and_recreation,human_related,stadium
base,inpainted,861,852,821,0,0.4491251707077026,"[821, 580, 565, 718, 525]","[0.44912517070770264, 0.20003652572631836, 0.07098112255334854, 0.028188705444335938, 0.026228023692965508]",ILSVRC2012_val_00022830,852,n04409515,tennis_ball,sports_and_recreation,human_related,stadium
base,inpainted,862,746,746,1,0.9359299540519714,"[746, 803, 418, 421, 795]","[0.9359299540519714, 0.004195076879113913, 0.003226447617635131, 0.003208056790754199, 0.0028428761288523674]",ILSVRC2012_val_00027155,746,n04019541,puck,sports_and_recreation,human_related,stadium
base,inpainted,863,702,525,0,0.1264542788267135,"[525, 821, 766, 876, 814]","[0.12645427882671356, 0.10767044126987457, 0.04112110659480095, 0.027236204594373703, 0.026983560994267464]",ILSVRC2012_val_00031613,702,n03888605,parallel_bars,sports_and_recreation,human_related,stadium
base,inpainted,864,560,981,0,0.3206214606761932,"[981, 958, 439, 205, 228]","[0.32062146067619324, 0.1110919788479805, 0.07230027765035629, 0.0256417915225029, 0.020748965442180634]",ILSVRC2012_val_00034829,560,n03379051,football_helmet,clothing_and_accessories,human_related,stadium
base,inpainted,865,746,746,1,0.8359251022338867,"[746, 462, 573, 559, 792]","[0.8359251022338867, 0.04405845329165459, 0.02025202102959156, 0.017425280064344406, 0.00621405802667141]",ILSVRC2012_val_00035285,746,n04019541,puck,sports_and_recreation,human_related,stadium
base,inpainted,866,430,751,0,0.5394801497459412,"[751, 817, 752, 430, 511]","[0.5394801497459412, 0.05908088758587837, 0.048814743757247925, 0.046029068529605865, 0.029741551727056503]",ILSVRC2012_val_00036609,430,n02802426,basketball,sports_and_recreation,human_related,stadium
base,inpainted,867,450,525,0,0.1355824768543243,"[525, 450, 462, 746, 669]","[0.13558247685432434, 0.1136716976761818, 0.04321060702204704, 0.03286442160606384, 0.02903638780117035]",ILSVRC2012_val_00037452,450,n02860847,bobsled,vehicles,human_related,stadium
base,inpainted,868,890,430,0,0.1841286122798919,"[430, 881, 890, 203, 188]","[0.18412861227989197, 0.15738049149513245, 0.1004287526011467, 0.08486001193523407, 0.02464158646762371]",ILSVRC2012_val_00037922,890,n04540053,volleyball,sports_and_recreation,human_related,stadium
base,inpainted,869,746,746,1,0.5926670432090759,"[746, 450, 407, 573, 871]","[0.5926670432090759, 0.09792580455541611, 0.040178246796131134, 0.03162987902760506, 0.029127057641744614]",ILSVRC2012_val_00044487,746,n04019541,puck,sports_and_recreation,human_related,stadium
base,inpainted,870,560,646,0,0.0343006774783134,"[646, 77, 703, 539, 49]","[0.034300677478313446, 0.03381505608558655, 0.031667035073041916, 0.030227025970816612, 0.028677688911557198]",ILSVRC2012_val_00047355,560,n03379051,football_helmet,clothing_and_accessories,human_related,stadium
base,inpainted,871,752,752,1,0.6286780834197998,"[752, 833, 539, 706, 722]","[0.6286780834197998, 0.05521601065993309, 0.023709751665592194, 0.021532930433750153, 0.019514812156558037]",ILSVRC2012_val_00048110,752,n04039381,racket,sports_and_recreation,human_related,stadium
base,inpainted,872,702,582,0,0.1247004643082618,"[582, 467, 603, 865, 788]","[0.12470046430826187, 0.10469323396682739, 0.10215446352958679, 0.07555167376995087, 0.05901306867599487]",ILSVRC2012_val_00048531,702,n03888605,parallel_bars,sports_and_recreation,human_related,stadium
base,inpainted,873,160,408,0,0.1125110015273094,"[408, 634, 341, 598, 238]","[0.11251100152730942, 0.053585801273584366, 0.05347473919391632, 0.0392434261739254, 0.038240496069192886]",ILSVRC2012_val_00048915,160,n02088094,Afghan_hound,animals,human_related,stadium
base,inpainted,874,430,430,1,0.203604057431221,"[430, 537, 652, 847, 256]","[0.203604057431221, 0.14151178300380707, 0.043393753468990326, 0.029555628076195717, 0.028608117252588272]",ILSVRC2012_val_00049469,430,n02802426,basketball,sports_and_recreation,human_related,stadium
base,inpainted,875,430,726,0,0.2508652210235595,"[726, 795, 752, 867, 349]","[0.25086522102355957, 0.05469799041748047, 0.05113841965794563, 0.041252728551626205, 0.03521919623017311]",ILSVRC2012_val_00049986,430,n02802426,basketball,sports_and_recreation,human_related,stadium
base,inpainted,876,499,743,0,0.1552736312150955,"[743, 663, 516, 556, 729]","[0.15527363121509552, 0.1087128147482872, 0.06854342669248581, 0.03183291107416153, 0.0317634679377079]",ILSVRC2012_val_00000582,499,n03041632,cleaver,tools_and_hardware,human_related,table
base,inpainted,877,418,132,0,0.0791527703404426,"[132, 978, 97, 20, 646]","[0.07915277034044266, 0.07745222002267838, 0.05267901346087456, 0.04121701046824455, 0.03213653713464737]",ILSVRC2012_val_00000721,418,n02783161,ballpoint,clothing_and_accessories,human_related,table
base,inpainted,878,849,984,0,0.047730054706335,"[984, 701, 972, 978, 425]","[0.04773005470633507, 0.04650905728340149, 0.030597936362028122, 0.028830772265791893, 0.027962230145931244]",ILSVRC2012_val_00000826,849,n04398044,teapot,household,human_related,table
base,inpainted,879,899,881,0,0.1008016243577003,"[881, 831, 421, 688, 827]","[0.10080162435770035, 0.06210542470216751, 0.05617975443601608, 0.05076947808265686, 0.04663209617137909]",ILSVRC2012_val_00000858,899,n04560804,water_jug,household,human_related,table
base,inpainted,880,963,750,0,0.0756402462720871,"[750, 915, 519, 492, 539]","[0.0756402462720871, 0.07462684065103531, 0.06875599175691605, 0.0675811842083931, 0.06660538911819458]",ILSVRC2012_val_00001653,963,n07873807,pizza,food,human_related,table
base,inpainted,881,956,6,0,0.1306437700986862,"[6, 395, 164, 34, 236]","[0.13064377009868622, 0.0490504615008831, 0.034447960555553436, 0.019417695701122284, 0.015421412885189056]",ILSVRC2012_val_00002336,956,n07760859,custard_apple,food,human_related,table
base,inpainted,882,961,958,0,0.0511884614825248,"[958, 868, 416, 881, 492]","[0.05118846148252487, 0.046291250735521317, 0.03195714205503464, 0.026961974799633026, 0.021500810980796814]",ILSVRC2012_val_00002839,961,n07860988,dough,food,human_related,table
base,inpainted,883,786,538,0,0.2122585177421569,"[538, 634, 881, 579, 829]","[0.21225851774215698, 0.07164870202541351, 0.033208806067705154, 0.033095017075538635, 0.03158719837665558]",ILSVRC2012_val_00004128,786,n04179913,sewing_machine,technology_and_electronics,human_related,table
base,inpainted,884,440,495,0,0.3253185451030731,"[495, 453, 548, 624, 454]","[0.3253185451030731, 0.22354891896247864, 0.11611577123403549, 0.07423687726259232, 0.047993503510951996]",ILSVRC2012_val_00004888,440,n02823428,beer_bottle,household,human_related,table
base,inpainted,885,846,549,0,0.1256814301013946,"[549, 846, 435, 831, 619]","[0.12568143010139465, 0.0616987980902195, 0.04870698228478432, 0.04215370863676071, 0.03732229769229889]",ILSVRC2012_val_00006229,846,n04380533,table_lamp,household,human_related,table
base,inpainted,886,969,673,0,0.1109939292073249,"[673, 961, 846, 809, 700]","[0.11099392920732498, 0.0769914761185646, 0.05838931351900101, 0.056773800402879715, 0.049339573830366135]",ILSVRC2012_val_00006948,969,n07932039,eggnog,food,human_related,table
base,inpainted,887,945,270,0,0.0996375009417533,"[270, 382, 286, 269, 260]","[0.09963750094175339, 0.06892643868923187, 0.04214771091938019, 0.0418870709836483, 0.04151624068617821]",ILSVRC2012_val_00007748,945,n07720875,bell_pepper,food,human_related,table
base,inpainted,888,752,701,0,0.0714094191789627,"[701, 492, 868, 569, 405]","[0.07140941917896271, 0.06272102147340775, 0.05020208656787872, 0.03960035741329193, 0.033737435936927795]",ILSVRC2012_val_00008890,752,n04039381,racket,sports_and_recreation,human_related,table
base,inpainted,889,651,831,0,0.7330343723297119,"[831, 532, 896, 876, 453]","[0.7330343723297119, 0.061368606984615326, 0.041678085923194885, 0.02777455747127533, 0.01419619470834732]",ILSVRC2012_val_00009531,651,n03761084,microwave,household,human_related,table
base,inpainted,890,945,462,0,0.3992902636528015,"[462, 947, 696, 425, 854]","[0.3992902636528015, 0.38067781925201416, 0.03608699142932892, 0.0211105328053236, 0.016433773562312126]",ILSVRC2012_val_00009973,945,n07720875,bell_pepper,food,human_related,table
base,inpainted,891,438,918,0,0.0493764467537403,"[918, 767, 587, 726, 398]","[0.04937644675374031, 0.04688975214958191, 0.04274754971265793, 0.04066446051001549, 0.03973216935992241]",ILSVRC2012_val_00011248,438,n02815834,beaker,household,human_related,table
base,inpainted,892,441,961,0,0.1308616399765014,"[961, 835, 492, 491, 924]","[0.13086163997650146, 0.07289189845323563, 0.05260448530316353, 0.04973244667053223, 0.04195705056190491]",ILSVRC2012_val_00011370,441,n02823750,beer_glass,household,human_related,table
base,inpainted,893,818,496,0,0.2551017701625824,"[496, 90, 643, 775, 893]","[0.2551017701625824, 0.10166911035776138, 0.06580653786659241, 0.04710729420185089, 0.03500838577747345]",ILSVRC2012_val_00011608,818,n04286575,spotlight,household,human_related,table
base,inpainted,894,941,961,0,0.2283489257097244,"[961, 969, 967, 925, 113]","[0.22834892570972443, 0.10762929171323776, 0.049484219402074814, 0.046014390885829926, 0.030906643718481064]",ILSVRC2012_val_00012215,941,n07717410,acorn_squash,food,human_related,table
base,inpainted,895,711,677,0,0.2018899619579315,"[677, 831, 47, 910, 159]","[0.20188996195793152, 0.04156747832894325, 0.03979483246803284, 0.03880111500620842, 0.027039986103773117]",ILSVRC2012_val_00014886,711,n03916031,perfume,household,human_related,table
base,inpainted,896,152,52,0,0.126977801322937,"[52, 623, 311, 427, 460]","[0.126977801322937, 0.04430411756038666, 0.029718194156885147, 0.02691662684082985, 0.024388888850808144]",ILSVRC2012_val_00014911,152,n02085782,Japanese_spaniel,animals,human_related,table
base,inpainted,897,996,885,0,0.3244611024856567,"[885, 912, 753, 733, 44]","[0.32446110248565674, 0.10072216391563416, 0.09175729006528854, 0.038315482437610626, 0.02397184446454048]",ILSVRC2012_val_00015104,996,n13052670,hen-of-the-woods,food,human_related,table
base,inpainted,898,898,940,0,0.073818139731884,"[940, 532, 941, 259, 309]","[0.073818139731884, 0.06920783966779709, 0.04619048908352852, 0.0417943075299263, 0.041370466351509094]",ILSVRC2012_val_00015556,898,n04557648,water_bottle,household,human_related,table
base,inpainted,899,441,441,1,0.4811688959598541,"[441, 470, 846, 899, 725]","[0.4811688959598541, 0.08334949612617493, 0.04679257050156593, 0.027604511007666588, 0.025830643251538277]",ILSVRC2012_val_00016435,441,n02823750,beer_glass,household,human_related,table
base,inpainted,900,953,549,0,0.1214160844683647,"[549, 499, 559, 492, 519]","[0.12141608446836472, 0.0914289727807045, 0.040956150740385056, 0.031158272176980972, 0.025918923318386078]",ILSVRC2012_val_00017427,953,n07753275,pineapple,food,human_related,table
base,inpainted,901,505,769,0,0.0623556151986122,"[769, 549, 879, 659, 623]","[0.06235561519861221, 0.05929386615753174, 0.04633497819304466, 0.036737628281116486, 0.03174472600221634]",ILSVRC2012_val_00020255,505,n03063689,coffeepot,household,human_related,table
base,inpainted,902,773,633,0,0.0608673654496669,"[633, 631, 837, 604, 587]","[0.06086736544966698, 0.06032496318221092, 0.03784444183111191, 0.035429276525974274, 0.03490399196743965]",ILSVRC2012_val_00020318,773,n04131690,saltshaker,household,human_related,table
base,inpainted,903,942,429,0,0.1033434122800827,"[429, 695, 618, 704, 560]","[0.1033434122800827, 0.10219681262969971, 0.09257284551858902, 0.0893372967839241, 0.04408940300345421]",ILSVRC2012_val_00021200,942,n07717556,butternut_squash,food,human_related,table
base,inpainted,904,891,704,0,0.036746934056282,"[704, 637, 888, 883, 649]","[0.03674693405628204, 0.028329454362392426, 0.025397252291440964, 0.023476751521229744, 0.02290182001888752]",ILSVRC2012_val_00021533,891,n04542943,waffle_iron,technology_and_electronics,human_related,table
base,inpainted,905,968,721,0,0.1893500387668609,"[721, 406, 648, 750, 503]","[0.18935003876686096, 0.06362387537956238, 0.055740900337696075, 0.05046356841921806, 0.042947590351104736]",ILSVRC2012_val_00021824,968,n07930864,cup,household,human_related,table
base,inpainted,906,942,837,0,0.0839625597000122,"[837, 592, 849, 572, 971]","[0.08396255970001221, 0.07035749405622482, 0.046263910830020905, 0.038541920483112335, 0.03762190788984299]",ILSVRC2012_val_00023060,942,n07717556,butternut_squash,food,human_related,table
base,inpainted,907,941,6,0,0.1554523110389709,"[6, 17, 816, 801, 258]","[0.15545231103897095, 0.08816156536340714, 0.05675295367836952, 0.045966051518917084, 0.04278125986456871]",ILSVRC2012_val_00023613,941,n07717410,acorn_squash,food,human_related,table
base,inpainted,908,418,69,0,0.1212865710258483,"[69, 209, 972, 500, 888]","[0.12128657102584839, 0.07115424424409866, 0.04612303525209427, 0.04544873163104057, 0.030428431928157806]",ILSVRC2012_val_00023743,418,n02783161,ballpoint,clothing_and_accessories,human_related,table
base,inpainted,909,928,46,0,0.0784180611371994,"[46, 696, 816, 767, 813]","[0.0784180611371994, 0.05066206678748131, 0.04830063134431839, 0.033404599875211716, 0.030994629487395287]",ILSVRC2012_val_00023961,928,n07614500,ice_cream,food,human_related,table
base,inpainted,910,934,394,0,0.1029817163944244,"[394, 391, 472, 408, 792]","[0.10298171639442444, 0.07587919384241104, 0.06963690370321274, 0.03940889984369278, 0.03883819654583931]",ILSVRC2012_val_00024032,934,n07697537,hotdog,food,human_related,table
base,inpainted,911,968,721,0,0.2480496913194656,"[721, 588, 611, 443, 725]","[0.24804969131946564, 0.09200940281152725, 0.07969139516353607, 0.0741967186331749, 0.06618182361125946]",ILSVRC2012_val_00025885,968,n07930864,cup,household,human_related,table
base,inpainted,912,923,853,0,0.0932625904679298,"[853, 658, 182, 911, 462]","[0.09326259046792984, 0.07186026871204376, 0.05198870226740837, 0.044889189302921295, 0.041653938591480255]",ILSVRC2012_val_00026528,923,n07579787,plate,household,human_related,table
base,inpainted,913,194,562,0,0.0804551616311073,"[562, 287, 738, 200, 277]","[0.08045516163110733, 0.04852171242237091, 0.04500242695212364, 0.041461795568466187, 0.04036492854356766]",ILSVRC2012_val_00026675,194,n02096437,Dandie_Dinmont,animals,human_related,table
base,inpainted,914,927,492,0,0.1807901412248611,"[492, 750, 532, 831, 942]","[0.18079014122486115, 0.08973943442106247, 0.07101984322071075, 0.040699589997529984, 0.031753282994031906]",ILSVRC2012_val_00026853,927,n07613480,trifle,food,human_related,table
base,inpainted,915,686,786,0,0.056563165038824,"[786, 559, 532, 448, 744]","[0.05656316503882408, 0.03509288281202316, 0.03326258435845375, 0.03196288272738457, 0.030522240325808525]",ILSVRC2012_val_00027021,686,n03843555,oil_filter,technology_and_electronics,human_related,table
base,inpainted,916,737,416,0,0.1410702615976333,"[416, 561, 415, 920, 675]","[0.14107026159763336, 0.09358526766300201, 0.07880797237157822, 0.062972292304039, 0.06216561794281006]",ILSVRC2012_val_00028581,737,n03983396,pop_bottle,household,human_related,table
base,inpainted,917,849,201,0,0.1639536172151565,"[201, 99, 455, 85, 104]","[0.16395361721515656, 0.054225776344537735, 0.028407398611307144, 0.024073675274848938, 0.02252369001507759]",ILSVRC2012_val_00029747,849,n04398044,teapot,household,human_related,table
base,inpainted,918,855,230,0,0.2060021311044693,"[230, 263, 171, 231, 157]","[0.2060021311044693, 0.038419317454099655, 0.03748149797320366, 0.03366311267018318, 0.03008268028497696]",ILSVRC2012_val_00030456,855,n04423845,thimble,household,human_related,table
base,inpainted,919,611,910,0,0.1462765485048294,"[910, 424, 607, 169, 909]","[0.1462765485048294, 0.08060697466135025, 0.08058982342481613, 0.05297992751002312, 0.03943533077836037]",ILSVRC2012_val_00031067,611,n03598930,jigsaw_puzzle,household,human_related,table
base,inpainted,920,545,854,0,0.1500972360372543,"[854, 894, 709, 572, 462]","[0.15009723603725433, 0.11830051988363266, 0.04741771146655083, 0.044766057282686234, 0.03153252974152565]",ILSVRC2012_val_00031583,545,n03271574,electric_fan,technology_and_electronics,human_related,table
base,inpainted,921,761,532,0,0.6170622110366821,"[532, 427, 492, 669, 756]","[0.6170622110366821, 0.029768332839012146, 0.02554977312684059, 0.02461821585893631, 0.017005767673254013]",ILSVRC2012_val_00031904,761,n04074963,remote_control,technology_and_electronics,human_related,table
base,inpainted,922,521,462,0,0.1092555597424507,"[462, 545, 87, 499, 790]","[0.10925555974245071, 0.08354587852954865, 0.049204546958208084, 0.04760362207889557, 0.03916207700967789]",ILSVRC2012_val_00032279,521,n03133878,Crock_Pot,household,human_related,table
base,inpainted,923,626,6,0,0.057465773075819,"[6, 941, 58, 65, 801]","[0.057465773075819016, 0.03643250837922096, 0.02374999038875103, 0.02365560457110405, 0.023487592115998268]",ILSVRC2012_val_00032801,626,n03666591,lighter,household,human_related,table
base,inpainted,924,441,692,0,0.1287171095609665,"[692, 845, 534, 942, 726]","[0.1287171095609665, 0.04193294420838356, 0.041453007608652115, 0.037913329899311066, 0.03656987473368645]",ILSVRC2012_val_00034202,441,n02823750,beer_glass,household,human_related,table
base,inpainted,925,438,303,0,0.2131764143705368,"[303, 70, 310, 145, 75]","[0.2131764143705368, 0.15420764684677124, 0.04251154884696007, 0.028394028544425964, 0.027587484568357468]",ILSVRC2012_val_00034634,438,n02815834,beaker,household,human_related,table
base,inpainted,926,426,446,0,0.2446073293685913,"[446, 785, 556, 771, 868]","[0.2446073293685913, 0.07581965625286102, 0.042865630239248276, 0.023912781849503517, 0.02338697388768196]",ILSVRC2012_val_00035756,426,n02794156,barometer,technology_and_electronics,human_related,table
base,inpainted,927,710,587,0,0.0473297052085399,"[587, 583, 700, 918, 519]","[0.04732970520853996, 0.03510824218392372, 0.0323256179690361, 0.027439957484602928, 0.023298241198062897]",ILSVRC2012_val_00036558,710,n03908714,pencil_sharpener,technology_and_electronics,human_related,table
base,inpainted,928,613,721,0,0.216969683766365,"[721, 591, 549, 492, 619]","[0.21696968376636505, 0.12251459807157516, 0.06284177303314209, 0.05646929144859314, 0.038901153951883316]",ILSVRC2012_val_00037927,613,n03602883,joystick,technology_and_electronics,human_related,table
base,inpainted,929,574,896,0,0.0517698675394058,"[896, 876, 831, 495, 881]","[0.05176986753940582, 0.04873889684677124, 0.0330066904425621, 0.0287335105240345, 0.027420926839113235]",ILSVRC2012_val_00038447,574,n03445777,golf_ball,sports_and_recreation,human_related,table
base,inpainted,930,882,416,0,0.0966117158532142,"[416, 982, 804, 722, 617]","[0.09661171585321426, 0.09652569890022278, 0.07255535572767258, 0.06365367025136948, 0.05187923461198807]",ILSVRC2012_val_00038460,882,n04517823,vacuum,technology_and_electronics,human_related,table
base,inpainted,931,647,759,0,0.2064970731735229,"[759, 827, 492, 881, 662]","[0.20649707317352295, 0.08994978666305542, 0.06427035480737686, 0.05916358530521393, 0.04911114647984505]",ILSVRC2012_val_00038562,647,n03733805,measuring_cup,household,human_related,table
base,inpainted,932,737,525,0,0.360888659954071,"[525, 821, 912, 580, 562]","[0.36088865995407104, 0.09790320694446564, 0.09001916646957397, 0.05295770242810249, 0.03656746819615364]",ILSVRC2012_val_00038651,737,n03983396,pop_bottle,household,human_related,table
base,inpainted,933,963,549,0,0.0895841047167778,"[549, 879, 446, 506, 893]","[0.0895841047167778, 0.07229726016521454, 0.050133462995290756, 0.038226936012506485, 0.03192794322967529]",ILSVRC2012_val_00039396,963,n07873807,pizza,food,human_related,table
base,inpainted,934,662,979,0,0.1302656382322311,"[979, 978, 972, 975, 974]","[0.13026563823223114, 0.08239097148180008, 0.038351938128471375, 0.03211871162056923, 0.03202123939990997]",ILSVRC2012_val_00040023,662,n03777754,modem,technology_and_electronics,human_related,table
base,inpainted,935,891,846,0,0.0800994411110878,"[846, 789, 421, 619, 799]","[0.0800994411110878, 0.07545111328363419, 0.06475623697042465, 0.03923694044351578, 0.031380243599414825]",ILSVRC2012_val_00040294,891,n04542943,waffle_iron,technology_and_electronics,human_related,table
base,inpainted,936,891,700,0,0.1020910814404487,"[700, 450, 553, 736, 492]","[0.10209108144044876, 0.07688591629266739, 0.07274062186479568, 0.05105666443705559, 0.04750824347138405]",ILSVRC2012_val_00040911,891,n04542943,waffle_iron,technology_and_electronics,human_related,table
base,inpainted,937,710,798,0,0.0816411525011062,"[798, 748, 549, 411, 591]","[0.08164115250110626, 0.07630910724401474, 0.061269212514162064, 0.05969816446304321, 0.05760152265429497]",ILSVRC2012_val_00043654,710,n03908714,pencil_sharpener,technology_and_electronics,human_related,table
base,inpainted,938,188,651,0,0.1147748604416847,"[651, 877, 480, 421, 664]","[0.11477486044168472, 0.07713251560926437, 0.07686632126569748, 0.07641206681728363, 0.04261543229222298]",ILSVRC2012_val_00045280,188,n02095314,wire-haired_fox_terrier,animals,human_related,table
base,inpainted,939,503,549,0,0.2786218225955963,"[549, 419, 908, 446, 499]","[0.2786218225955963, 0.16919022798538208, 0.06546596437692642, 0.032907240092754364, 0.02214772254228592]",ILSVRC2012_val_00045285,503,n03062245,cocktail_shaker,household,human_related,table
base,inpainted,940,849,1,0,0.1595653295516967,"[1, 659, 909, 647, 967]","[0.15956532955169678, 0.110960952937603, 0.0840350016951561, 0.05378791317343712, 0.04548797756433487]",ILSVRC2012_val_00046127,849,n04398044,teapot,household,human_related,table
base,inpainted,941,968,894,0,0.1928271055221557,"[894, 799, 553, 588, 789]","[0.19282710552215576, 0.0847821831703186, 0.07536383718252182, 0.07289523631334305, 0.039908893406391144]",ILSVRC2012_val_00046554,968,n07930864,cup,household,human_related,table
base,inpainted,942,438,435,0,0.1180799826979637,"[435, 284, 753, 876, 729]","[0.11807998269796371, 0.04674266651272774, 0.04139739274978638, 0.03988455981016159, 0.03554036468267441]",ILSVRC2012_val_00046614,438,n02815834,beaker,household,human_related,table
base,inpainted,943,530,868,0,0.2497884035110473,"[868, 881, 789, 910, 492]","[0.24978840351104736, 0.1933387666940689, 0.04326929152011871, 0.03371286764740944, 0.030079860240221024]",ILSVRC2012_val_00047057,530,n03196217,digital_clock,technology_and_electronics,human_related,table
base,inpainted,944,613,919,0,0.1450846940279007,"[919, 478, 700, 795, 750]","[0.1450846940279007, 0.07154106348752975, 0.07089647650718689, 0.05469830706715584, 0.04875260591506958]",ILSVRC2012_val_00047465,613,n03602883,joystick,technology_and_electronics,human_related,table
base,inpainted,945,786,435,0,0.0872934162616729,"[435, 736, 876, 651, 492]","[0.08729341626167297, 0.0852046087384224, 0.05134027451276779, 0.03875892609357834, 0.03662757948040962]",ILSVRC2012_val_00049473,786,n04179913,sewing_machine,technology_and_electronics,human_related,table
base,inpainted,946,466,835,0,0.1313085705041885,"[835, 743, 807, 580, 769]","[0.13130857050418854, 0.07447033375501633, 0.06009618192911148, 0.05773884057998657, 0.05506563186645508]",ILSVRC2012_val_00000562,466,n02917067,bullet_train,vehicles,human_related,rail
base,inpainted,947,466,705,0,0.1400052607059478,"[705, 703, 466, 718, 538]","[0.14000526070594788, 0.08094681054353714, 0.07734723389148712, 0.053938426077365875, 0.04938250407576561]",ILSVRC2012_val_00002410,466,n02917067,bullet_train,vehicles,human_related,rail
base,inpainted,948,466,839,0,0.4427743554115295,"[839, 580, 807, 791, 858]","[0.44277435541152954, 0.06360819190740585, 0.04371868073940277, 0.020163068547844887, 0.019128061830997467]",ILSVRC2012_val_00004203,466,n02917067,bullet_train,vehicles,human_related,rail
base,inpainted,949,547,466,0,0.5224400758743286,"[466, 705, 547, 829, 627]","[0.5224400758743286, 0.4118354320526123, 0.018627507612109184, 0.01558584813028574, 0.010945002548396587]",ILSVRC2012_val_00004585,547,n03272562,electric_locomotive,vehicles,human_related,rail
base,inpainted,950,547,547,1,0.7644761800765991,"[547, 820, 565, 425, 912]","[0.7644761800765991, 0.05386274307966232, 0.03413685783743858, 0.016904029995203018, 0.01142990030348301]",ILSVRC2012_val_00006515,547,n03272562,electric_locomotive,vehicles,human_related,rail
base,inpainted,951,547,912,0,0.1896793693304062,"[912, 646, 425, 820, 853]","[0.1896793693304062, 0.16911911964416504, 0.11011562496423721, 0.04244546219706535, 0.04137255623936653]",ILSVRC2012_val_00009893,547,n03272562,electric_locomotive,vehicles,human_related,rail
base,inpainted,952,466,466,1,0.928107738494873,"[466, 525, 888, 705, 536]","[0.928107738494873, 0.011128151789307594, 0.008490268141031265, 0.007471016142517328, 0.0064065721817314625]",ILSVRC2012_val_00012612,466,n02917067,bullet_train,vehicles,human_related,rail
base,inpainted,953,466,547,0,0.6076210141181946,"[547, 705, 466, 580, 829]","[0.6076210141181946, 0.27991417050361633, 0.07719304412603378, 0.020062578842043877, 0.010354983620345592]",ILSVRC2012_val_00014818,466,n02917067,bullet_train,vehicles,human_related,rail
base,inpainted,954,829,829,1,0.3878165185451507,"[829, 833, 705, 580, 698]","[0.38781651854515076, 0.18087488412857056, 0.13226012885570526, 0.061289843171834946, 0.0426531657576561]",ILSVRC2012_val_00019234,829,n04335435,streetcar,vehicles,human_related,rail
base,inpainted,955,547,705,0,0.4599862992763519,"[705, 547, 829, 718, 565]","[0.45998629927635193, 0.314953476190567, 0.058059416711330414, 0.036525432020425797, 0.022847900167107582]",ILSVRC2012_val_00019595,547,n03272562,electric_locomotive,vehicles,human_related,rail
base,inpainted,956,829,829,1,0.9804509878158568,"[829, 874, 833, 920, 403]","[0.9804509878158569, 0.0042269607074558735, 0.004141686949878931, 0.002098402474075556, 0.0016899791080504656]",ILSVRC2012_val_00022600,829,n04335435,streetcar,vehicles,human_related,rail
base,inpainted,957,829,829,1,0.4100503325462341,"[829, 562, 497, 724, 743]","[0.41005033254623413, 0.06468668580055237, 0.04079306498169899, 0.03795256093144417, 0.03199143335223198]",ILSVRC2012_val_00024430,829,n04335435,streetcar,vehicles,human_related,rail
base,inpainted,958,829,628,0,0.4118235111236572,"[628, 536, 724, 780, 829]","[0.4118235111236572, 0.15138962864875793, 0.04178652539849281, 0.036501530557870865, 0.03638520464301109]",ILSVRC2012_val_00024820,829,n04335435,streetcar,vehicles,human_related,rail
base,inpainted,959,820,820,1,0.3542425632476806,"[820, 705, 547, 912, 888]","[0.35424256324768066, 0.09487587213516235, 0.09248269349336624, 0.06339213252067566, 0.05697476118803024]",ILSVRC2012_val_00026477,820,n04310018,steam_locomotive,vehicles,human_related,rail
base,inpainted,960,820,291,0,0.0928051620721817,"[291, 972, 349, 649, 825]","[0.0928051620721817, 0.059084828943014145, 0.053543247282505035, 0.046230580657720566, 0.04561787471175194]",ILSVRC2012_val_00026883,820,n04310018,steam_locomotive,vehicles,human_related,rail
base,inpainted,961,829,829,1,0.2420737892389297,"[829, 646, 703, 972, 880]","[0.24207378923892975, 0.05933551862835884, 0.04144519567489624, 0.040293872356414795, 0.03965041786432266]",ILSVRC2012_val_00028630,829,n04335435,streetcar,vehicles,human_related,rail
base,inpainted,962,820,115,0,0.2244262993335724,"[115, 990, 962, 475, 108]","[0.2244262993335724, 0.1616014987230301, 0.037844642996788025, 0.033671360462903976, 0.023445378988981247]",ILSVRC2012_val_00034023,820,n04310018,steam_locomotive,vehicles,human_related,rail
base,inpainted,963,829,829,1,0.4010083079338074,"[829, 698, 791, 705, 839]","[0.4010083079338074, 0.056745853275060654, 0.05534091591835022, 0.045260775834321976, 0.04421842098236084]",ILSVRC2012_val_00040648,829,n04335435,streetcar,vehicles,human_related,rail
base,inpainted,964,829,698,0,0.5902439951896667,"[698, 873, 829, 466, 682]","[0.5902439951896667, 0.16931235790252686, 0.06862210482358932, 0.027617428451776505, 0.01875222660601139]",ILSVRC2012_val_00043000,829,n04335435,streetcar,vehicles,human_related,rail
base,inpainted,965,829,912,0,0.1332398653030395,"[912, 716, 562, 839, 703]","[0.13323986530303955, 0.10914815962314606, 0.10849424451589584, 0.0651606097817421, 0.059529539197683334]",ILSVRC2012_val_00044131,829,n04335435,streetcar,vehicles,human_related,rail
base,inpainted,966,820,646,0,0.2113200277090072,"[646, 912, 387, 703, 825]","[0.21132002770900726, 0.11382967233657837, 0.06136973574757576, 0.026568220928311348, 0.026165323331952095]",ILSVRC2012_val_00044347,820,n04310018,steam_locomotive,vehicles,human_related,rail
base,inpainted,967,829,698,0,0.2248530685901641,"[698, 663, 829, 743, 668]","[0.22485306859016418, 0.18006370961666107, 0.07585756480693817, 0.06204069033265114, 0.044919949024915695]",ILSVRC2012_val_00046104,829,n04335435,streetcar,vehicles,human_related,rail
base,inpainted,968,102,314,0,0.1262371689081192,"[314, 318, 44, 79, 313]","[0.1262371689081192, 0.09516331553459167, 0.08137699216604233, 0.07863827794790268, 0.05423111096024513]",ILSVRC2012_val_00000319,102,n01872401,echidna,animals,human_related,floor
base,inpainted,969,850,620,0,0.1851300746202469,"[620, 753, 681, 806, 673]","[0.1851300746202469, 0.10435010492801666, 0.06656640768051147, 0.040269166231155396, 0.03479018434882164]",ILSVRC2012_val_00002673,850,n04399382,teddy,household,human_related,floor
base,inpainted,970,850,437,0,0.0433244667947292,"[437, 425, 539, 510, 492]","[0.04332446679472923, 0.039690565317869186, 0.03168867900967598, 0.030316853895783424, 0.02856542356312275]",ILSVRC2012_val_00004769,850,n04399382,teddy,household,human_related,floor
base,inpainted,971,539,473,0,0.1680479645729065,"[473, 563, 629, 763, 784]","[0.1680479645729065, 0.13091959059238434, 0.07551679015159607, 0.049757618457078934, 0.048366524279117584]",ILSVRC2012_val_00006362,539,n03223299,doormat,household,human_related,floor
base,inpainted,972,374,58,0,0.0943235605955123,"[58, 858, 704, 41, 77]","[0.09432356059551239, 0.07798979431390762, 0.06879844516515732, 0.05212615057826042, 0.03756020590662956]",ILSVRC2012_val_00007010,374,n02488291,langur,animals,human_related,floor
base,inpainted,973,601,884,0,0.2252407073974609,"[884, 706, 750, 532, 223]","[0.22524070739746094, 0.22057890892028809, 0.0801791176199913, 0.021098542958498, 0.017586033791303635]",ILSVRC2012_val_00007809,601,n03534580,hoopskirt,clothing_and_accessories,human_related,floor
base,inpainted,974,929,799,0,0.1055248156189918,"[799, 877, 753, 532, 840]","[0.10552481561899185, 0.08563428372144699, 0.08531328290700912, 0.05495656654238701, 0.04586734250187874]",ILSVRC2012_val_00008864,929,n07615774,ice_lolly,food,human_related,floor
base,inpainted,975,203,884,0,0.0702835172414779,"[884, 738, 905, 519, 880]","[0.07028351724147797, 0.05753431096673012, 0.0537930466234684, 0.0347941555082798, 0.028310470283031464]",ILSVRC2012_val_00008945,203,n02098286,West_Highland_white_terrier,animals,human_related,floor
base,inpainted,976,532,977,0,0.0986335650086402,"[977, 499, 868, 910, 893]","[0.09863356500864029, 0.04219776764512062, 0.04022984951734543, 0.03467864543199539, 0.032776329666376114]",ILSVRC2012_val_00009758,532,n03201208,dining_table,household,human_related,floor
base,inpainted,977,153,835,0,0.1312818527221679,"[835, 460, 706, 134, 977]","[0.13128185272216797, 0.11030102521181107, 0.09997765719890594, 0.06725756824016571, 0.048003096133470535]",ILSVRC2012_val_00012291,153,n02085936,Maltese_dog,animals,human_related,floor
base,inpainted,978,733,915,0,0.1291831135749817,"[915, 726, 752, 669, 425]","[0.1291831135749817, 0.03017451800405979, 0.029838791117072105, 0.027795204892754555, 0.026624105870723724]",ILSVRC2012_val_00012459,733,n03976657,pole,buildings_and_structures,human_related,floor
base,inpainted,979,363,410,0,0.0823684930801391,"[410, 703, 363, 539, 858]","[0.08236849308013916, 0.03472381830215454, 0.031147655099630356, 0.030530529096722603, 0.027828242629766464]",ILSVRC2012_val_00014288,363,n02454379,armadillo,animals,human_related,floor
base,inpainted,980,674,581,0,0.0686137378215789,"[581, 915, 967, 703, 867]","[0.06861373782157898, 0.0450725257396698, 0.04115346446633339, 0.038397401571273804, 0.036226656287908554]",ILSVRC2012_val_00014455,674,n03794056,mousetrap,household,human_related,floor
base,inpainted,981,778,312,0,0.3489008843898773,"[312, 311, 315, 314, 318]","[0.3489008843898773, 0.11477245390415192, 0.08395114541053772, 0.0680539458990097, 0.0543702058494091]",ILSVRC2012_val_00016073,778,n04141975,scale,household,human_related,floor
base,inpainted,982,765,653,0,0.0709269121289253,"[653, 184, 213, 261, 478]","[0.07092691212892532, 0.05347685143351555, 0.04549292474985123, 0.04338119924068451, 0.035747841000556946]",ILSVRC2012_val_00019156,765,n04099969,rocking_chair,household,human_related,floor
base,inpainted,983,161,879,0,0.07412139326334,"[879, 492, 831, 421, 651]","[0.07412139326334, 0.06857167929410934, 0.059985704720020294, 0.04206164553761482, 0.039501696825027466]",ILSVRC2012_val_00019241,161,n02088238,basset,animals,human_related,floor
base,inpainted,984,539,879,0,0.1083263158798217,"[879, 6, 587, 492, 458]","[0.10832631587982178, 0.05769197270274162, 0.04320329427719116, 0.03718271851539612, 0.03494664654135704]",ILSVRC2012_val_00019490,539,n03223299,doormat,household,human_related,floor
base,inpainted,985,999,230,0,0.0443778112530708,"[230, 259, 958, 253, 168]","[0.04437781125307083, 0.030569015070796013, 0.029507534578442574, 0.027980677783489227, 0.027550751343369484]",ILSVRC2012_val_00021774,999,n15075141,toilet_tissue,household,human_related,floor
base,inpainted,986,715,100,0,0.1130190193653106,"[100, 150, 394, 913, 50]","[0.11301901936531067, 0.07230992615222931, 0.07194573432207108, 0.055248819291591644, 0.03939354792237282]",ILSVRC2012_val_00022581,715,n03929855,pickelhaube,clothing_and_accessories,human_related,floor
base,inpainted,987,153,359,0,0.0773364976048469,"[359, 338, 204, 223, 237]","[0.07733649760484695, 0.041947659105062485, 0.03559925779700279, 0.030156996101140976, 0.028401684015989304]",ILSVRC2012_val_00024809,153,n02085936,Maltese_dog,animals,human_related,floor
base,inpainted,988,161,987,0,0.3142261207103729,"[987, 129, 998, 868, 696]","[0.3142261207103729, 0.03922155499458313, 0.030558424070477486, 0.029842069372534752, 0.024790866300463676]",ILSVRC2012_val_00025539,161,n02088238,basset,animals,human_related,floor
base,inpainted,989,543,553,0,0.0933451354503631,"[553, 908, 681, 549, 628]","[0.09334513545036316, 0.05057290568947792, 0.03326931968331337, 0.029737846925854683, 0.02784109301865101]",ILSVRC2012_val_00026198,543,n03255030,dumbbell,sports_and_recreation,human_related,floor
base,inpainted,990,161,492,0,0.0972871780395507,"[492, 532, 846, 630, 620]","[0.09728717803955078, 0.07285882532596588, 0.06700825691223145, 0.05284803733229637, 0.048700638115406036]",ILSVRC2012_val_00026622,161,n02088238,basset,animals,human_related,floor
base,inpainted,991,849,608,0,0.3515559434890747,"[608, 70, 797, 313, 750]","[0.3515559434890747, 0.06907132267951965, 0.0442337729036808, 0.032311100512742996, 0.02997424267232418]",ILSVRC2012_val_00027273,849,n04398044,teapot,household,human_related,floor
base,inpainted,992,422,422,1,0.1910944581031799,"[422, 532, 559, 743, 877]","[0.19109445810317993, 0.12754473090171814, 0.12718531489372253, 0.08312009274959564, 0.06546933203935623]",ILSVRC2012_val_00028388,422,n02790996,barbell,sports_and_recreation,human_related,floor
base,inpainted,993,157,48,0,0.115474559366703,"[48, 313, 6, 70, 395]","[0.11547455936670303, 0.09121457487344742, 0.08156682550907135, 0.044726766645908356, 0.04224054887890816]",ILSVRC2012_val_00030141,157,n02086910,papillon,animals,human_related,floor
base,inpainted,994,193,703,0,0.4101810753345489,"[703, 425, 807, 831, 915]","[0.41018107533454895, 0.08275377750396729, 0.06306662410497665, 0.055298078805208206, 0.03950711339712143]",ILSVRC2012_val_00031377,193,n02096294,Australian_terrier,animals,human_related,floor
base,inpainted,995,728,884,0,0.1912413984537124,"[884, 532, 619, 887, 840]","[0.19124139845371246, 0.0739544928073883, 0.04469515383243561, 0.03826900199055672, 0.0321110263466835]",ILSVRC2012_val_00033272,728,n03958227,plastic_bag,household,human_related,floor
base,inpainted,996,201,640,0,0.8798823952674866,"[640, 500, 69, 669, 835]","[0.8798823952674866, 0.010120703838765621, 0.007940729148685932, 0.005519617348909378, 0.005289743654429913]",ILSVRC2012_val_00033775,201,n02097658,silky_terrier,animals,human_related,floor
base,inpainted,997,174,726,0,0.0595697611570358,"[726, 539, 521, 630, 544]","[0.05956976115703583, 0.04579304903745651, 0.03799233213067055, 0.03590839356184006, 0.032385122030973434]",ILSVRC2012_val_00034005,174,n02091467,Norwegian_elkhound,animals,human_related,floor
base,inpainted,998,171,539,0,0.2371951043605804,"[539, 741, 640, 835, 591]","[0.23719510436058044, 0.10720830410718918, 0.10343705862760544, 0.10033860802650452, 0.06875718384981155]",ILSVRC2012_val_00034184,171,n02091032,Italian_greyhound,animals,human_related,floor
base,inpainted,999,161,526,0,0.0684466585516929,"[526, 161, 223, 559, 184]","[0.06844665855169296, 0.04438093677163124, 0.04225480929017067, 0.032545384019613266, 0.03196712210774422]",ILSVRC2012_val_00034571,161,n02088238,basset,animals,human_related,floor
base,inpainted,1000,882,853,0,0.6566898226737976,"[853, 891, 640, 588, 884]","[0.6566898226737976, 0.06398996710777283, 0.041274700313806534, 0.02358190342783928, 0.016551680862903595]",ILSVRC2012_val_00039615,882,n04517823,vacuum,technology_and_electronics,human_related,floor
base,inpainted,1001,199,263,0,0.0643739253282547,"[263, 961, 521, 882, 607]","[0.0643739253282547, 0.05002633482217789, 0.04072858393192291, 0.029656048864126205, 0.02810332551598549]",ILSVRC2012_val_00039666,199,n02097298,Scotch_terrier,animals,human_related,floor
base,inpainted,1002,226,519,0,0.0984356179833412,"[519, 209, 741, 539, 884]","[0.09843561798334122, 0.065105140209198, 0.0648280456662178, 0.056303225457668304, 0.04700218513607979]",ILSVRC2012_val_00040386,226,n02105251,briard,animals,human_related,floor
base,inpainted,1003,559,421,0,0.1445428282022476,"[421, 753, 811, 721, 492]","[0.14454282820224762, 0.13602934777736664, 0.07859647274017334, 0.04850509762763977, 0.04490279033780098]",ILSVRC2012_val_00040576,559,n03376595,folding_chair,household,human_related,floor
base,inpainted,1004,532,799,0,0.0909866318106651,"[799, 424, 743, 624, 721]","[0.09098663181066513, 0.08234526962041855, 0.0800747200846672, 0.05285428836941719, 0.04383952170610428]",ILSVRC2012_val_00041816,532,n03201208,dining_table,household,human_related,floor
base,inpainted,1005,882,532,0,0.1580401957035064,"[532, 553, 421, 493, 492]","[0.15804019570350647, 0.10058530420064926, 0.05299447104334831, 0.02638309635221958, 0.022315705195069313]",ILSVRC2012_val_00042558,882,n04517823,vacuum,technology_and_electronics,human_related,floor
base,inpainted,1006,174,284,0,0.048938687890768,"[284, 245, 679, 512, 763]","[0.04893868789076805, 0.04751358926296234, 0.024401111528277397, 0.02374458685517311, 0.022252200171351433]",ILSVRC2012_val_00044846,174,n02091467,Norwegian_elkhound,animals,human_related,floor
base,inpainted,1007,86,395,0,0.065598040819168,"[395, 357, 272, 596, 22]","[0.06559804081916809, 0.03685026243329048, 0.03365336358547211, 0.0290983933955431, 0.024798892438411713]",ILSVRC2012_val_00044891,86,n01807496,partridge,animals,human_related,floor
base,inpainted,1008,178,526,0,0.2967921793460846,"[526, 553, 453, 760, 421]","[0.2967921793460846, 0.10720527172088623, 0.060293883085250854, 0.03994531184434891, 0.03792669624090195]",ILSVRC2012_val_00044897,178,n02092339,Weimaraner,animals,human_related,floor
base,inpainted,1009,252,803,0,0.3055074512958526,"[803, 425, 738, 876, 970]","[0.30550745129585266, 0.08865753561258316, 0.05019410699605942, 0.04773922637104988, 0.039413195103406906]",ILSVRC2012_val_00047479,252,n02110627,affenpinscher,animals,human_related,floor
base,inpainted,1010,156,537,0,0.0896526202559471,"[537, 209, 202, 792, 803]","[0.08965262025594711, 0.07180634886026382, 0.052164603024721146, 0.04630532115697861, 0.03742527589201927]",ILSVRC2012_val_00047913,156,n02086646,Blenheim_spaniel,animals,human_related,floor
base,inpainted,1011,208,884,0,0.1466934531927108,"[884, 637, 769, 879, 827]","[0.14669345319271088, 0.05355816334486008, 0.044063009321689606, 0.03843751549720764, 0.03436736762523651]",ILSVRC2012_val_00049959,208,n02099712,Labrador_retriever,animals,human_related,floor
base,inpainted,1012,543,549,0,0.1947234272956848,"[549, 534, 532, 197, 651]","[0.19472342729568481, 0.09351471811532974, 0.08969796448945999, 0.057493314146995544, 0.029662808403372765]",ILSVRC2012_val_00001287,543,n03255030,dumbbell,sports_and_recreation,human_related,hall
base,inpainted,1013,444,851,0,0.0728962123394012,"[851, 708, 876, 469, 756]","[0.07289621233940125, 0.0703025832772255, 0.04696682468056679, 0.030783800408244133, 0.029446132481098175]",ILSVRC2012_val_00001311,444,n02835271,bicycle-built-for-two,vehicles,human_related,hall
base,inpainted,1014,823,884,0,0.2991581559181213,"[884, 743, 794, 421, 896]","[0.29915815591812134, 0.11848629266023636, 0.08061782270669937, 0.0706285685300827, 0.05898120626807213]",ILSVRC2012_val_00003333,823,n04317175,stethoscope,technology_and_electronics,human_related,hall
base,inpainted,1015,841,799,0,0.2011571377515792,"[799, 694, 580, 421, 706]","[0.20115713775157928, 0.16119956970214844, 0.10159587115049362, 0.07976541668176651, 0.05686264485120773]",ILSVRC2012_val_00005163,841,n04370456,sweatshirt,clothing_and_accessories,human_related,hall
base,inpainted,1016,581,586,0,0.1193017736077308,"[586, 471, 150, 847, 450]","[0.11930177360773087, 0.10699427127838135, 0.10090462118387222, 0.07451097667217255, 0.07085283100605011]",ILSVRC2012_val_00005798,581,n03459775,grille,clothing_and_accessories,human_related,hall
base,inpainted,1017,601,406,0,0.2657948136329651,"[406, 762, 866, 582, 579]","[0.2657948136329651, 0.20938518643379211, 0.06003924831748009, 0.033373210579156876, 0.0282298494130373]",ILSVRC2012_val_00006990,601,n03534580,hoopskirt,clothing_and_accessories,human_related,hall
base,inpainted,1018,857,741,0,0.4511303305625915,"[741, 857, 894, 748, 835]","[0.45113033056259155, 0.07215297222137451, 0.030367471277713776, 0.029222777113318443, 0.020923830568790436]",ILSVRC2012_val_00007693,857,n04429376,throne,household,human_related,hall
base,inpainted,1019,822,876,0,0.162669762969017,"[876, 435, 492, 831, 669]","[0.16266976296901703, 0.08631198853254318, 0.08582033216953278, 0.08146572858095169, 0.06309597194194794]",ILSVRC2012_val_00011156,822,n04311174,steel_drum,buildings_and_structures,human_related,hall
base,inpainted,1020,543,660,0,0.1013077944517135,"[660, 820, 757, 561, 471]","[0.10130779445171356, 0.09457849711179733, 0.04263637214899063, 0.04166821390390396, 0.03683708980679512]",ILSVRC2012_val_00012590,543,n03255030,dumbbell,sports_and_recreation,human_related,hall
base,inpainted,1021,559,532,0,0.2008567750453949,"[532, 706, 435, 876, 579]","[0.2008567750453949, 0.19133508205413818, 0.12236291915178299, 0.11500820517539978, 0.05069981515407562]",ILSVRC2012_val_00015646,559,n03376595,folding_chair,household,human_related,hall
base,inpainted,1022,863,651,0,0.1138425022363662,"[651, 896, 415, 744, 876]","[0.11384250223636627, 0.09038663655519485, 0.07165215909481049, 0.06675538420677185, 0.06664329767227173]",ILSVRC2012_val_00020247,863,n04458633,totem_pole,buildings_and_structures,human_related,hall
base,inpainted,1023,486,259,0,0.0723705068230629,"[259, 332, 230, 876, 192]","[0.0723705068230629, 0.06570474803447723, 0.0549049936234951, 0.04226861149072647, 0.03924296796321869]",ILSVRC2012_val_00024444,486,n02992211,cello,household,human_related,hall
base,inpainted,1024,450,466,0,0.1627957224845886,"[466, 627, 534, 829, 874]","[0.16279572248458862, 0.14873000979423523, 0.07650607824325562, 0.0600685216486454, 0.03391684219241142]",ILSVRC2012_val_00024826,450,n02860847,bobsled,vehicles,human_related,hall
base,inpainted,1025,615,743,0,0.2290843576192855,"[743, 657, 744, 424, 668]","[0.22908435761928558, 0.16099093854427338, 0.06686626374721527, 0.052877359092235565, 0.05274178832769394]",ILSVRC2012_val_00027650,615,n03623198,knee_pad,clothing_and_accessories,human_related,hall
base,inpainted,1026,579,854,0,0.6195148825645447,"[854, 619, 846, 346, 55]","[0.6195148825645447, 0.04918476194143295, 0.043184831738471985, 0.023916587233543396, 0.014942045323550701]",ILSVRC2012_val_00028864,579,n03452741,grand_piano,household,human_related,hall
base,inpainted,1027,790,398,0,0.2351561337709427,"[398, 487, 590, 538, 741]","[0.2351561337709427, 0.2071451097726822, 0.12640242278575897, 0.0782209038734436, 0.053125400096178055]",ILSVRC2012_val_00034721,790,n04204238,shopping_basket,household,human_related,hall
base,inpainted,1028,160,812,0,0.0730580613017082,"[812, 440, 819, 416, 934]","[0.07305806130170822, 0.07248032093048096, 0.07091159373521805, 0.06871244311332703, 0.044549621641635895]",ILSVRC2012_val_00035315,160,n02088094,Afghan_hound,animals,human_related,hall
base,inpainted,1029,422,422,1,0.5627480149269104,"[422, 523, 766, 743, 559]","[0.5627480149269104, 0.10948380827903748, 0.04784105718135834, 0.04090654104948044, 0.015145182609558105]",ILSVRC2012_val_00036280,422,n02790996,barbell,sports_and_recreation,human_related,hall
base,inpainted,1030,882,657,0,0.5860838890075684,"[657, 421, 744, 557, 517]","[0.5860838890075684, 0.17189621925354004, 0.10841036587953568, 0.009848704561591148, 0.0068846410140395164]",ILSVRC2012_val_00036519,882,n04517823,vacuum,technology_and_electronics,human_related,hall
base,inpainted,1031,608,799,0,0.2918086349964142,"[799, 743, 624, 877, 706]","[0.2918086349964142, 0.12310601770877838, 0.1185668483376503, 0.09072992950677872, 0.0614314079284668]",ILSVRC2012_val_00037304,608,n03594734,jean,clothing_and_accessories,human_related,hall
base,inpainted,1032,489,857,0,0.7064372897148132,"[857, 406, 497, 800, 741]","[0.7064372897148132, 0.08368881046772003, 0.04648863896727562, 0.021599214524030685, 0.017476806417107582]",ILSVRC2012_val_00046648,489,n03000134,chainlink_fence,buildings_and_structures,human_related,hall
base,inpainted,1033,212,549,0,0.7289333343505859,"[549, 922, 921, 845, 628]","[0.7289333343505859, 0.027452588081359863, 0.027267709374427795, 0.01717512309551239, 0.014402561821043491]",ILSVRC2012_val_00049965,212,n02100735,English_setter,animals,human_related,hall
base,inpainted,1034,145,976,0,0.2217521965503692,"[976, 84, 979, 525, 978]","[0.22175219655036926, 0.13352666795253754, 0.08608304709196091, 0.028762923553586006, 0.027230046689510345]",ILSVRC2012_val_00001056,145,n02056570,king_penguin,animals,human_related,pool
base,inpainted,1035,103,556,0,0.3082565069198608,"[556, 789, 587, 777, 651]","[0.30825650691986084, 0.12090969830751419, 0.09064003080129623, 0.08079462498426437, 0.06735879182815552]",ILSVRC2012_val_00006797,103,n01873310,platypus,animals,human_related,pool
base,inpainted,1036,148,148,1,0.8591001033782959,"[148, 147, 620, 681, 562]","[0.8591001033782959, 0.020542513579130173, 0.008721805177628994, 0.008089800365269184, 0.008067796938121319]",ILSVRC2012_val_00007184,148,n02071294,killer_whale,animals,human_related,pool
base,inpainted,1037,149,149,1,0.7398279905319214,"[149, 6, 977, 973, 147]","[0.7398279905319214, 0.02597242407500744, 0.023446882143616676, 0.015518918633460999, 0.014062730595469475]",ILSVRC2012_val_00008862,149,n02074367,dugong,animals,human_related,pool
base,inpainted,1038,103,103,1,0.4156780838966369,"[103, 941, 79, 71, 77]","[0.41567808389663696, 0.3380734622478485, 0.014607551507651806, 0.009441985748708248, 0.009369022212922573]",ILSVRC2012_val_00013689,103,n01873310,platypus,animals,human_related,pool
base,inpainted,1039,148,148,1,0.7211353182792664,"[148, 977, 84, 344, 703]","[0.7211353182792664, 0.037295930087566376, 0.03479689732193947, 0.025899235159158707, 0.015167455188930035]",ILSVRC2012_val_00014159,148,n02071294,killer_whale,animals,human_related,pool
base,inpainted,1040,148,562,0,0.2854064702987671,"[562, 148, 554, 833, 484]","[0.2854064702987671, 0.2132163792848587, 0.08208239078521729, 0.065701924264431, 0.04125700891017914]",ILSVRC2012_val_00014819,148,n02071294,killer_whale,animals,human_related,pool
base,inpainted,1041,148,433,0,0.1978837847709655,"[433, 148, 801, 6, 150]","[0.19788378477096558, 0.13770240545272827, 0.12216044217348099, 0.06137460470199585, 0.046445079147815704]",ILSVRC2012_val_00016628,148,n02071294,killer_whale,animals,human_related,pool
base,inpainted,1042,983,149,0,0.3372680246829986,"[149, 6, 4, 3, 983]","[0.33726802468299866, 0.18519242107868195, 0.13406501710414886, 0.11636468023061752, 0.04986682906746864]",ILSVRC2012_val_00017929,983,n10565667,scuba_diver,clothing_and_accessories,human_related,pool
base,inpainted,1043,842,344,0,0.1099170595407486,"[344, 329, 354, 123, 646]","[0.1099170595407486, 0.09006620198488235, 0.05813508480787277, 0.04143928736448288, 0.03530571982264519]",ILSVRC2012_val_00019658,842,n04371430,swimming_trunks,clothing_and_accessories,human_related,pool
base,inpainted,1044,1,1,1,0.4440632164478302,"[1, 124, 964, 824, 122]","[0.4440632164478302, 0.11922599375247955, 0.053847555071115494, 0.04534812271595001, 0.03570672124624252]",ILSVRC2012_val_00020785,1,n01443537,goldfish,animals,human_related,pool
base,inpainted,1045,36,390,0,0.1991968750953674,"[390, 391, 394, 29, 35]","[0.19919687509536743, 0.10493304580450058, 0.06979456543922424, 0.05849773436784744, 0.05802382901310921]",ILSVRC2012_val_00022350,36,n01667778,terrapin,animals,human_related,pool
base,inpainted,1046,155,472,0,0.165373221039772,"[472, 835, 727, 562, 772]","[0.16537322103977203, 0.08185947686433792, 0.055748116225004196, 0.04738577455282211, 0.04303412511944771]",ILSVRC2012_val_00029700,155,n02086240,Shih-Tzu,animals,human_related,pool
base,inpainted,1047,148,148,1,0.8599173426628113,"[148, 147, 833, 842, 562]","[0.8599173426628113, 0.016891349107027054, 0.01594856008887291, 0.009345750324428082, 0.009109661914408207]",ILSVRC2012_val_00033122,148,n02071294,killer_whale,animals,human_related,pool
base,inpainted,1048,148,3,0,0.4033713042736053,"[3, 5, 33, 397, 2]","[0.40337130427360535, 0.0802498385310173, 0.07051534205675125, 0.06728986650705338, 0.059246376156806946]",ILSVRC2012_val_00033565,148,n02071294,killer_whale,animals,human_related,pool
base,inpainted,1049,822,876,0,0.1878640502691269,"[876, 799, 660, 706, 562]","[0.1878640502691269, 0.130366250872612, 0.07597614824771881, 0.06130633503198624, 0.032535944133996964]",ILSVRC2012_val_00037015,822,n04311174,steel_drum,buildings_and_structures,human_related,pool
base,inpainted,1050,842,683,0,0.0493060648441314,"[683, 646, 144, 835, 523]","[0.04930606484413147, 0.04610031470656395, 0.03579166531562805, 0.03386685252189636, 0.021191192790865898]",ILSVRC2012_val_00043761,842,n04371430,swimming_trunks,clothing_and_accessories,human_related,pool
base,inpainted,1051,150,348,0,0.1075873747467994,"[348, 914, 975, 766, 484]","[0.10758737474679947, 0.10197549313306808, 0.0838024765253067, 0.06577791273593903, 0.056199368089437485]",ILSVRC2012_val_00045435,150,n02077923,sea_lion,animals,human_related,pool
base,inpainted,1052,148,148,1,0.7950530648231506,"[148, 150, 147, 977, 814]","[0.7950530648231506, 0.04316216707229614, 0.023556575179100037, 0.018132731318473816, 0.008148460648953915]",ILSVRC2012_val_00048861,148,n02071294,killer_whale,animals,human_related,pool
base,inpainted,1053,420,614,0,0.2289612740278244,"[614, 652, 768, 354, 112]","[0.2289612740278244, 0.10094304382801056, 0.030126873403787613, 0.028206245973706245, 0.024529967457056046]",ILSVRC2012_val_00000388,420,n02787622,banjo,household,human_related,human
base,inpainted,1054,932,793,0,0.4234990775585174,"[793, 515, 568, 903, 808]","[0.42349907755851746, 0.04445155709981918, 0.03867333009839058, 0.02589019015431404, 0.024592487141489983]",ILSVRC2012_val_00002252,932,n07695742,pretzel,food,human_related,human
base,inpainted,1055,862,424,0,0.4564173221588135,"[424, 684, 842, 401, 764]","[0.4564173221588135, 0.08252225071191788, 0.037818100303411484, 0.03432590514421463, 0.020379120483994484]",ILSVRC2012_val_00003323,862,n04456115,torch,technology_and_electronics,human_related,human
base,inpainted,1056,964,490,0,0.1970094740390777,"[490, 785, 474, 903, 610]","[0.19700947403907776, 0.17165274918079376, 0.12822192907333374, 0.05177631601691246, 0.031435176730155945]",ILSVRC2012_val_00003969,964,n07875152,potpie,food,human_related,human
base,inpainted,1057,76,529,0,0.2818107008934021,"[529, 669, 797, 697, 842]","[0.2818107008934021, 0.058127257972955704, 0.052788056433200836, 0.046314503997564316, 0.04128996655344963]",ILSVRC2012_val_00005208,76,n01774750,tarantula,animals,human_related,human
base,inpainted,1058,563,998,0,0.2448734939098358,"[998, 947, 529, 987, 996]","[0.24487349390983582, 0.10039769858121872, 0.04922770336270332, 0.04845026135444641, 0.029137838631868362]",ILSVRC2012_val_00005686,563,n03388183,fountain_pen,technology_and_electronics,human_related,human
base,inpainted,1059,329,112,0,0.204036146402359,"[112, 351, 159, 29, 296]","[0.204036146402359, 0.17018617689609528, 0.04359324276447296, 0.03935167193412781, 0.0390191376209259]",ILSVRC2012_val_00005880,329,n02321529,sea_cucumber,animals,human_related,human
base,inpainted,1060,928,230,0,0.2809350192546844,"[230, 212, 235, 797, 242]","[0.28093501925468445, 0.04119350388646126, 0.03751000761985779, 0.03515525907278061, 0.03391660377383232]",ILSVRC2012_val_00006126,928,n07614500,ice_cream,food,human_related,human
base,inpainted,1061,420,796,0,0.1362962275743484,"[796, 722, 684, 666, 153]","[0.13629622757434845, 0.0805630013346672, 0.05724639818072319, 0.05120276287198067, 0.04092905670404434]",ILSVRC2012_val_00013866,420,n02787622,banjo,household,human_related,human
base,inpainted,1062,45,159,0,0.0527703836560249,"[159, 480, 211, 161, 213]","[0.05277038365602493, 0.052118346095085144, 0.04392334818840027, 0.040100209414958954, 0.03173637017607689]",ILSVRC2012_val_00014312,45,n01692333,Gila_monster,animals,human_related,human
base,inpainted,1063,963,611,0,0.1135762706398963,"[611, 697, 953, 214, 234]","[0.11357627063989639, 0.05527711287140846, 0.046079862862825394, 0.03976164013147354, 0.033577147871255875]",ILSVRC2012_val_00016614,963,n07873807,pizza,food,human_related,human
base,inpainted,1064,17,327,0,0.146753042936325,"[327, 173, 129, 390, 149]","[0.14675304293632507, 0.058743443340063095, 0.036991920322179794, 0.029877707362174988, 0.029791301116347313]",ILSVRC2012_val_00017024,17,n01580077,jay,animals,human_related,human
base,inpainted,1065,420,918,0,0.0897960290312767,"[918, 0, 642, 501, 683]","[0.0897960290312767, 0.06894789636135101, 0.04118763655424118, 0.039829764515161514, 0.03329399973154068]",ILSVRC2012_val_00018005,420,n02787622,banjo,household,human_related,human
base,inpainted,1066,737,929,0,0.1181209534406662,"[929, 416, 170, 208, 261]","[0.1181209534406662, 0.03601585701107979, 0.029422687366604805, 0.02587648667395115, 0.02514292672276497]",ILSVRC2012_val_00029757,737,n03983396,pop_bottle,household,human_related,human
base,inpainted,1067,420,863,0,0.3699858486652374,"[863, 594, 676, 374, 910]","[0.3699858486652374, 0.054791416972875595, 0.027651486918330193, 0.024623369798064232, 0.02373887598514557]",ILSVRC2012_val_00029911,420,n02787622,banjo,household,human_related,human
base,inpainted,1068,513,445,0,0.4036137461662292,"[445, 639, 842, 638, 775]","[0.40361374616622925, 0.2204970270395279, 0.11636220663785934, 0.044073037803173065, 0.030988266691565514]",ILSVRC2012_val_00030931,513,n03110669,cornet,household,human_related,human
base,inpainted,1069,27,313,0,0.1058369055390358,"[313, 616, 723, 52, 997]","[0.1058369055390358, 0.06315776705741882, 0.05584659054875374, 0.0463843010365963, 0.03170592337846756]",ILSVRC2012_val_00031577,27,n01631663,eft,animals,human_related,human
base,inpainted,1070,420,434,0,0.7061367630958557,"[434, 529, 841, 921, 999]","[0.7061367630958557, 0.026246298104524612, 0.02221051976084709, 0.016857633367180824, 0.01635109819471836]",ILSVRC2012_val_00033413,420,n02787622,banjo,household,human_related,human
base,inpainted,1071,186,192,0,0.2441916912794113,"[192, 193, 184, 669, 936]","[0.24419169127941132, 0.09124551713466644, 0.08915671706199646, 0.06090324744582176, 0.04781453683972359]",ILSVRC2012_val_00033720,186,n02094258,Norwich_terrier,animals,human_related,human
base,inpainted,1072,305,376,0,0.1408964693546295,"[376, 245, 178, 242, 171]","[0.14089646935462952, 0.08166369050741196, 0.06176350638270378, 0.03984101861715317, 0.03676541522145271]",ILSVRC2012_val_00034769,305,n02172182,dung_beetle,animals,human_related,human
base,inpainted,1073,27,341,0,0.1358447223901748,"[341, 338, 434, 956, 938]","[0.13584472239017487, 0.07410585135221481, 0.044260621070861816, 0.04050454497337341, 0.03480534255504608]",ILSVRC2012_val_00035450,27,n01631663,eft,animals,human_related,human
base,inpainted,1074,681,594,0,0.9765167832374572,"[594, 462, 578, 854, 684]","[0.9765167832374573, 0.00569775328040123, 0.0018417066894471645, 0.0012208373518660665, 0.0008682871703058481]",ILSVRC2012_val_00036786,681,n03832673,notebook,technology_and_electronics,human_related,human
base,inpainted,1075,790,454,0,0.1058966815471649,"[454, 424, 762, 909, 624]","[0.10589668154716492, 0.09097784757614136, 0.07883702963590622, 0.05845605209469795, 0.03581657633185387]",ILSVRC2012_val_00037482,790,n04204238,shopping_basket,household,human_related,human
base,inpainted,1076,679,419,0,0.1577254831790924,"[419, 929, 836, 837, 433]","[0.1577254831790924, 0.10272205621004105, 0.07026935368776321, 0.0677570328116417, 0.06684225797653198]",ILSVRC2012_val_00038188,679,n03814906,necklace,clothing_and_accessories,human_related,human
base,inpainted,1077,441,457,0,0.1841073036193847,"[457, 652, 834, 515, 808]","[0.18410730361938477, 0.0887647345662117, 0.08783648908138275, 0.07509966194629669, 0.046624742448329926]",ILSVRC2012_val_00039742,441,n02823750,beer_glass,household,human_related,human
base,inpainted,1078,929,415,0,0.2189607769250869,"[415, 850, 420, 910, 813]","[0.21896077692508698, 0.11075637489557266, 0.08412139862775803, 0.046280957758426666, 0.0267625879496336]",ILSVRC2012_val_00043039,929,n07615774,ice_lolly,food,human_related,human
base,inpainted,1079,87,205,0,0.1082657948136329,"[205, 903, 238, 234, 552]","[0.10826579481363297, 0.07474890351295471, 0.05874067544937134, 0.055067360401153564, 0.042203113436698914]",ILSVRC2012_val_00044505,87,n01817953,African_grey,animals,human_related,human
base,inpainted,1080,268,987,0,0.3901218771934509,"[987, 998, 90, 338, 39]","[0.3901218771934509, 0.09289078414440155, 0.0906861200928688, 0.06678317487239838, 0.03705013915896416]",ILSVRC2012_val_00044882,268,n02113978,Mexican_hairless,animals,human_related,human
base,inpainted,1081,882,222,0,0.1758864670991897,"[222, 202, 87, 182, 161]","[0.17588646709918976, 0.0534452348947525, 0.04778954014182091, 0.03589104861021042, 0.02888697199523449]",ILSVRC2012_val_00048458,882,n04517823,vacuum,technology_and_electronics,human_related,human
base,inpainted,1082,320,722,0,0.0819214209914207,"[722, 29, 638, 758, 542]","[0.08192142099142075, 0.06840366870164871, 0.05081235244870186, 0.027139075100421906, 0.02350194752216339]",ILSVRC2012_val_00049961,320,n02268853,damselfly,animals,human_related,human
base,inpainted,1083,621,704,0,0.2497092336416244,"[704, 835, 706, 839, 412]","[0.24970923364162445, 0.14763830602169037, 0.02912965416908264, 0.02408328652381897, 0.023032940924167633]",ILSVRC2012_val_00000384,621,n03649909,lawn_mower,tools_and_hardware,human_related,yard
base,inpainted,1084,202,86,0,0.1244218274950981,"[86, 336, 82, 15, 18]","[0.12442182749509811, 0.06656163185834885, 0.05845325440168381, 0.057373229414224625, 0.052888400852680206]",ILSVRC2012_val_00000748,202,n02098105,soft-coated_wheaten_terrier,animals,human_related,yard
base,inpainted,1085,430,412,0,0.1142516434192657,"[412, 703, 637, 888, 646]","[0.11425164341926575, 0.0873793289065361, 0.08183407783508301, 0.06899069249629974, 0.039461422711610794]",ILSVRC2012_val_00003772,430,n02802426,basketball,sports_and_recreation,human_related,yard
base,inpainted,1086,157,336,0,0.1335541903972625,"[336, 58, 44, 317, 307]","[0.13355419039726257, 0.07186852395534515, 0.0696071907877922, 0.03752656280994415, 0.03566548600792885]",ILSVRC2012_val_00004073,157,n02086910,papillon,animals,human_related,yard
base,inpainted,1087,733,386,0,0.1101738288998603,"[386, 84, 385, 346, 340]","[0.11017382889986038, 0.08290079236030579, 0.0492965467274189, 0.03828626126050949, 0.0356941781938076]",ILSVRC2012_val_00004535,733,n03976657,pole,buildings_and_structures,human_related,yard
base,inpainted,1088,765,522,0,0.2000210285186767,"[522, 84, 825, 425, 660]","[0.20002102851867676, 0.17629636824131012, 0.07654806971549988, 0.04018857330083847, 0.03407441824674606]",ILSVRC2012_val_00006061,765,n04099969,rocking_chair,household,human_related,yard
base,inpainted,1089,231,472,0,0.0705259218811988,"[472, 825, 730, 973, 0]","[0.07052592188119888, 0.059645477682352066, 0.04352207109332085, 0.03125523030757904, 0.03088444098830223]",ILSVRC2012_val_00006114,231,n02106030,collie,animals,human_related,yard
base,inpainted,1090,602,49,0,0.3892465829849243,"[49, 50, 128, 9, 84]","[0.3892465829849243, 0.10996954888105392, 0.048059117048978806, 0.03548361361026764, 0.026684517040848732]",ILSVRC2012_val_00006654,602,n03535780,horizontal_bar,sports_and_recreation,human_related,yard
base,inpainted,1091,208,608,0,0.2242706567049026,"[608, 286, 825, 858, 646]","[0.22427065670490265, 0.1891554892063141, 0.08869403600692749, 0.05713136866688728, 0.04501457139849663]",ILSVRC2012_val_00007330,208,n02099712,Labrador_retriever,animals,human_related,yard
base,inpainted,1092,792,386,0,0.092147447168827,"[386, 912, 621, 646, 347]","[0.09214744716882706, 0.06408239901065826, 0.05680316314101219, 0.052167974412441254, 0.05199186131358147]",ILSVRC2012_val_00007338,792,n04208210,shovel,tools_and_hardware,human_related,yard
base,inpainted,1093,621,703,0,0.3429641425609588,"[703, 975, 347, 873, 609]","[0.34296414256095886, 0.05957202985882759, 0.05522537976503372, 0.032589033246040344, 0.027767688035964966]",ILSVRC2012_val_00007358,621,n03649909,lawn_mower,tools_and_hardware,human_related,yard
base,inpainted,1094,765,736,0,0.1085274815559387,"[736, 978, 709, 525, 814]","[0.10852748155593872, 0.06883541494607925, 0.06505388766527176, 0.056349966675043106, 0.052007537335157394]",ILSVRC2012_val_00007686,765,n04099969,rocking_chair,household,human_related,yard
base,inpainted,1095,177,805,0,0.2907805740833282,"[805, 645, 880, 160, 768]","[0.29078057408332825, 0.08640709519386292, 0.07219280302524567, 0.04058266803622246, 0.02201748639345169]",ILSVRC2012_val_00010222,177,n02092002,Scottish_deerhound,animals,human_related,yard
base,inpainted,1096,199,979,0,0.0844875201582908,"[979, 912, 825, 84, 102]","[0.08448752015829086, 0.058237988501787186, 0.05519222840666771, 0.036555372178554535, 0.029135562479496002]",ILSVRC2012_val_00012364,199,n02097298,Scotch_terrier,animals,human_related,yard
base,inpainted,1097,645,525,0,0.095382921397686,"[525, 536, 866, 706, 603]","[0.095382921397686, 0.08987680077552795, 0.08084728568792343, 0.07384790480136871, 0.05991540849208832]",ILSVRC2012_val_00013496,645,n03733131,maypole,buildings_and_structures,human_related,yard
base,inpainted,1098,199,703,0,0.2099831998348236,"[703, 912, 84, 908, 580]","[0.2099831998348236, 0.10357625782489777, 0.077998585999012, 0.05547245591878891, 0.03904556483030319]",ILSVRC2012_val_00014283,199,n02097298,Scotch_terrier,animals,human_related,yard
base,inpainted,1099,170,79,0,0.1662756949663162,"[79, 533, 329, 49, 27]","[0.16627569496631622, 0.11590524017810822, 0.09050833433866501, 0.034651756286621094, 0.02464366890490055]",ILSVRC2012_val_00014913,170,n02090721,Irish_wolfhound,animals,human_related,yard
base,inpainted,1100,880,425,0,0.076653853058815,"[425, 981, 277, 170, 353]","[0.076653853058815, 0.06554391980171204, 0.04644564911723137, 0.04446300491690636, 0.03727372735738754]",ILSVRC2012_val_00016269,880,n04509417,unicycle,vehicles,human_related,yard
base,inpainted,1101,188,649,0,0.3703729510307312,"[649, 825, 703, 104, 386]","[0.3703729510307312, 0.1391737461090088, 0.02460549585521221, 0.0228105615824461, 0.020916344597935677]",ILSVRC2012_val_00016508,188,n02095314,wire-haired_fox_terrier,animals,human_related,yard
base,inpainted,1102,621,436,0,0.3067620396614074,"[436, 581, 627, 479, 656]","[0.30676203966140747, 0.13980871438980103, 0.07647375017404556, 0.0574188157916069, 0.053588561713695526]",ILSVRC2012_val_00017305,621,n03649909,lawn_mower,tools_and_hardware,human_related,yard
base,inpainted,1103,170,573,0,0.1037361919879913,"[573, 751, 864, 866, 820]","[0.10373619198799133, 0.059100110083818436, 0.057710859924554825, 0.04131132364273071, 0.03847212344408035]",ILSVRC2012_val_00019719,170,n02090721,Irish_wolfhound,animals,human_related,yard
base,inpainted,1104,250,363,0,0.1444881558418274,"[363, 410, 580, 741, 607]","[0.1444881558418274, 0.054927755147218704, 0.04744582995772362, 0.040900204330682755, 0.039968281984329224]",ILSVRC2012_val_00020169,250,n02110185,Siberian_husky,animals,human_related,yard
base,inpainted,1105,354,912,0,0.7743239402770996,"[912, 730, 835, 703, 671]","[0.7743239402770996, 0.03669377416372299, 0.019648930057883263, 0.016158947721123695, 0.014219440519809723]",ILSVRC2012_val_00022162,354,n02437312,Arabian_camel,animals,human_related,yard
base,inpainted,1106,522,131,0,0.1282376050949096,"[131, 346, 128, 49, 134]","[0.12823760509490967, 0.0811498686671257, 0.06843684613704681, 0.057101838290691376, 0.056569188833236694]",ILSVRC2012_val_00022258,522,n03134739,croquet_ball,sports_and_recreation,human_related,yard
base,inpainted,1107,267,125,0,0.1426134258508682,"[125, 962, 328, 123, 766]","[0.14261342585086823, 0.08758199214935303, 0.07163649797439575, 0.05990036204457283, 0.057286061346530914]",ILSVRC2012_val_00022629,267,n02113799,standard_poodle,animals,human_related,yard
base,inpainted,1108,945,129,0,0.1019858196377754,"[129, 646, 955, 317, 12]","[0.10198581963777542, 0.043393686413764954, 0.038050577044487, 0.03199472650885582, 0.02945047803223133]",ILSVRC2012_val_00023223,945,n07720875,bell_pepper,food,human_related,yard
base,inpainted,1109,340,202,0,0.1232465505599975,"[202, 355, 9, 646, 843]","[0.12324655055999756, 0.08353940397500992, 0.07642626017332077, 0.06380843371152878, 0.04137319326400757]",ILSVRC2012_val_00024175,340,n02391049,zebra,animals,human_related,yard
base,inpainted,1110,772,772,1,0.3019640743732452,"[772, 727, 835, 562, 853]","[0.30196407437324524, 0.06868922710418701, 0.059350233525037766, 0.03233368322253227, 0.030226703733205795]",ILSVRC2012_val_00024718,772,n04127249,safety_pin,tools_and_hardware,human_related,yard
base,inpainted,1111,137,17,0,0.2515616714954376,"[17, 18, 15, 912, 131]","[0.2515616714954376, 0.17079435288906097, 0.10091831535100937, 0.028842484578490257, 0.02553803101181984]",ILSVRC2012_val_00024740,137,n02018207,American_coot,animals,human_related,yard
base,inpainted,1112,212,425,0,0.179804652929306,"[425, 825, 646, 979, 716]","[0.17980465292930603, 0.1256871521472931, 0.06969340890645981, 0.05402789264917374, 0.04939872398972511]",ILSVRC2012_val_00025726,212,n02100735,English_setter,animals,human_related,yard
base,inpainted,1113,727,805,0,0.0922034457325935,"[805, 425, 703, 977, 975]","[0.09220344573259354, 0.04808367043733597, 0.04697180911898613, 0.03573643043637276, 0.034907981753349304]",ILSVRC2012_val_00026337,727,n03956157,planetarium,buildings_and_structures,human_related,yard
base,inpainted,1114,491,595,0,0.1704177856445312,"[595, 292, 491, 274, 730]","[0.17041778564453125, 0.05238165333867073, 0.04743549972772598, 0.04298366606235504, 0.029846707358956337]",ILSVRC2012_val_00026946,491,n03000684,chain_saw,tools_and_hardware,human_related,yard
base,inpainted,1115,707,706,0,0.1294847279787063,"[706, 9, 843, 649, 580]","[0.12948472797870636, 0.07286128401756287, 0.058926478028297424, 0.051607392728328705, 0.05117600038647652]",ILSVRC2012_val_00027286,707,n03902125,pay-phone,household,human_related,yard
base,inpainted,1116,929,703,0,0.3995780050754547,"[703, 14, 17, 274, 835]","[0.3995780050754547, 0.0760171115398407, 0.06063641980290413, 0.06019805744290352, 0.03728038817644119]",ILSVRC2012_val_00028737,929,n07615774,ice_lolly,food,human_related,yard
base,inpainted,1117,645,890,0,0.4180714190006256,"[890, 645, 602, 575, 880]","[0.4180714190006256, 0.07778055965900421, 0.050424061715602875, 0.04448295384645462, 0.03475436195731163]",ILSVRC2012_val_00029892,645,n03733131,maypole,buildings_and_structures,human_related,yard
base,inpainted,1118,198,912,0,0.3285856246948242,"[912, 716, 769, 489, 462]","[0.3285856246948242, 0.17949819564819336, 0.10262856632471085, 0.07636169344186783, 0.056608010083436966]",ILSVRC2012_val_00030213,198,n02097209,standard_schnauzer,animals,human_related,yard
base,inpainted,1119,170,843,0,0.1403189897537231,"[843, 182, 799, 197, 230]","[0.14031898975372314, 0.05379381775856018, 0.0438634492456913, 0.0301373191177845, 0.02749684266746044]",ILSVRC2012_val_00030412,170,n02090721,Irish_wolfhound,animals,human_related,yard
base,inpainted,1120,645,497,0,0.1463789492845535,"[497, 645, 562, 668, 580]","[0.14637894928455353, 0.12193384021520615, 0.08599267154932022, 0.03935939073562622, 0.039192184805870056]",ILSVRC2012_val_00031513,645,n03733131,maypole,buildings_and_structures,human_related,yard
base,inpainted,1121,181,271,0,0.0842866972088813,"[271, 580, 330, 15, 428]","[0.08428669720888138, 0.0786462277173996, 0.050112754106521606, 0.04986618459224701, 0.04178371652960777]",ILSVRC2012_val_00034155,181,n02093647,Bedlington_terrier,animals,human_related,yard
base,inpainted,1122,267,888,0,0.1083285585045814,"[888, 879, 562, 799, 843]","[0.10832855850458145, 0.062128882855176926, 0.038541343063116074, 0.0367204025387764, 0.03241995349526405]",ILSVRC2012_val_00035597,267,n02113799,standard_poodle,animals,human_related,yard
base,inpainted,1123,340,646,0,0.4999043643474579,"[646, 912, 843, 825, 354]","[0.4999043643474579, 0.0915025845170021, 0.05667091906070709, 0.04010266065597534, 0.03060559742152691]",ILSVRC2012_val_00037130,340,n02391049,zebra,animals,human_related,yard
base,inpainted,1124,735,835,0,0.244779959321022,"[835, 825, 704, 805, 806]","[0.24477995932102203, 0.10207684338092804, 0.053001534193754196, 0.03820514306426048, 0.037195440381765366]",ILSVRC2012_val_00037345,735,n03980874,poncho,clothing_and_accessories,human_related,yard
base,inpainted,1125,361,50,0,0.2045488953590393,"[50, 82, 81, 86, 131]","[0.2045488953590393, 0.10421482473611832, 0.08692407608032227, 0.08324465900659561, 0.0382641926407814]",ILSVRC2012_val_00038199,361,n02445715,skunk,animals,human_related,yard
base,inpainted,1126,200,425,0,0.2593795657157898,"[425, 660, 637, 84, 574]","[0.2593795657157898, 0.046723488718271255, 0.040473464876413345, 0.03829493373632431, 0.03720580041408539]",ILSVRC2012_val_00038580,200,n02097474,Tibetan_terrier,animals,human_related,yard
base,inpainted,1127,912,912,1,0.3861313462257385,"[912, 410, 182, 756, 428]","[0.3861313462257385, 0.11665679514408112, 0.0736253410577774, 0.06407083570957184, 0.03506863862276077]",ILSVRC2012_val_00039943,912,n04604644,worm_fence,nature,human_related,yard
base,inpainted,1128,160,718,0,0.2817413210868835,"[718, 821, 780, 888, 510]","[0.28174132108688354, 0.17851004004478455, 0.1636967957019806, 0.036591026932001114, 0.0335053950548172]",ILSVRC2012_val_00040396,160,n02088094,Afghan_hound,animals,human_related,yard
base,inpainted,1129,188,352,0,0.0854460299015045,"[352, 127, 15, 825, 276]","[0.08544602990150452, 0.043992362916469574, 0.04188169911503792, 0.025815952569246292, 0.025391463190317154]",ILSVRC2012_val_00040570,188,n02095314,wire-haired_fox_terrier,animals,human_related,yard
base,inpainted,1130,872,427,0,0.1477626413106918,"[427, 805, 704, 264, 232]","[0.14776264131069183, 0.08175113052129745, 0.056114815175533295, 0.04546470195055008, 0.04346925765275955]",ILSVRC2012_val_00042569,872,n04485082,tripod,household,human_related,yard
base,inpainted,1131,338,580,0,0.2006034553050995,"[580, 912, 70, 127, 888]","[0.2006034553050995, 0.04793620854616165, 0.04468457028269768, 0.033904142677783966, 0.030247434973716736]",ILSVRC2012_val_00043664,338,n02364673,guinea_pig,animals,human_related,yard
base,inpainted,1132,191,5,0,0.0726108402013778,"[5, 58, 99, 329, 973]","[0.07261084020137787, 0.06412386149168015, 0.05595690384507179, 0.03677184134721756, 0.03349987789988518]",ILSVRC2012_val_00043789,191,n02096051,Airedale,animals,human_related,yard
base,inpainted,1133,226,90,0,0.0604496337473392,"[90, 621, 428, 752, 96]","[0.06044963374733925, 0.04434535652399063, 0.03773568570613861, 0.03558116778731346, 0.03007636032998562]",ILSVRC2012_val_00044135,226,n02105251,briard,animals,human_related,yard
base,inpainted,1134,953,123,0,0.0915186926722526,"[123, 58, 580, 992, 27]","[0.09151869267225266, 0.0508112870156765, 0.04588097706437111, 0.04408596083521843, 0.04184241220355034]",ILSVRC2012_val_00045126,953,n07753275,pineapple,food,human_related,yard
base,inpainted,1135,544,410,0,0.0975302159786224,"[410, 170, 255, 217, 652]","[0.09753021597862244, 0.07557423412799835, 0.07263448089361191, 0.04840585216879845, 0.04808236286044121]",ILSVRC2012_val_00046481,544,n03259280,Dutch_oven,household,human_related,yard
base,inpainted,1136,757,425,0,0.3235134482383728,"[425, 915, 912, 580, 649]","[0.3235134482383728, 0.11980243027210236, 0.08621378988027573, 0.07450047135353088, 0.06453050673007965]",ILSVRC2012_val_00047332,757,n04065272,recreational_vehicle,vehicles,human_related,yard
