model,dataset,idx,label,pred,correct,conf_top1,top5_idx,top5_probs
blur-light,ooc,0,361,239,0,0.21435856819152832,"[239, 264, 256, 259, 238]","[0.21435856819152832, 0.1919603943824768, 0.13424979150295258, 0.06359881162643433, 0.04061610624194145]"
blur-light,ooc,1,383,203,0,0.19574898481369019,"[203, 611, 178, 982, 683]","[0.19574898481369019, 0.09964630007743835, 0.06198980286717415, 0.05277010425925255, 0.03799181431531906]"
blur-light,ooc,2,356,338,0,0.20428720116615295,"[338, 356, 333, 359, 87]","[0.20428720116615295, 0.18423138558864594, 0.11616004258394241, 0.10546475648880005, 0.07538455724716187]"
blur-light,ooc,3,18,40,0,0.16240736842155457,"[40, 134, 96, 180, 18]","[0.16240736842155457, 0.07201238721609116, 0.06251165270805359, 0.049486592411994934, 0.042116645723581314]"
blur-light,ooc,4,295,912,0,0.16254958510398865,"[912, 295, 649, 716, 902]","[0.16254958510398865, 0.12578971683979034, 0.07722154259681702, 0.060855839401483536, 0.056022677570581436]"
blur-light,ooc,5,112,47,0,0.2793632447719574,"[47, 43, 19, 53, 326]","[0.2793632447719574, 0.12330792099237442, 0.07796366512775421, 0.07435841113328934, 0.06622391194105148]"
blur-light,ooc,6,32,976,0,0.5687399506568909,"[976, 972, 649, 350, 81]","[0.5687399506568909, 0.17902255058288574, 0.03290947154164314, 0.031236933544278145, 0.020750654861330986]"
blur-light,ooc,7,677,135,0,0.12125635892152786,"[135, 274, 271, 293, 127]","[0.12125635892152786, 0.0745571181178093, 0.058098599314689636, 0.04438934102654457, 0.03178346902132034]"
blur-light,ooc,8,438,345,0,0.15078653395175934,"[345, 899, 898, 150, 226]","[0.15078653395175934, 0.10847765952348709, 0.0671876072883606, 0.039959218353033066, 0.03168310597538948]"
blur-light,ooc,9,409,409,1,0.7091329097747803,"[409, 892, 426, 635, 455]","[0.7091329097747803, 0.1276773363351822, 0.0439644455909729, 0.029147373512387276, 0.014697973616421223]"
blur-light,ooc,10,71,314,0,0.19465607404708862,"[314, 303, 514, 177, 69]","[0.19465607404708862, 0.03669228404760361, 0.03542260453104973, 0.03015723265707493, 0.030119478702545166]"
blur-light,ooc,11,850,333,0,0.7946788668632507,"[333, 850, 29, 87, 356]","[0.7946788668632507, 0.19090981781482697, 0.005146303214132786, 0.0017080532852560282, 0.000988540705293417]"
blur-light,ooc,12,12,184,0,0.2197309285402298,"[184, 202, 266, 831, 219]","[0.2197309285402298, 0.13165567815303802, 0.08020283281803131, 0.0390918031334877, 0.03408064320683479]"
blur-light,ooc,13,899,711,0,0.20413915812969208,"[711, 420, 614, 600, 917]","[0.20413915812969208, 0.07140029221773148, 0.06688663363456726, 0.03521472588181496, 0.03456936404109001]"
blur-light,ooc,14,338,338,1,0.4134778082370758,"[338, 179, 205, 208, 357]","[0.4134778082370758, 0.20106016099452972, 0.12804841995239258, 0.08513462543487549, 0.025404062122106552]"
blur-light,ooc,15,17,845,0,0.3757699728012085,"[845, 171, 418, 17, 563]","[0.3757699728012085, 0.09202766418457031, 0.06370097398757935, 0.05269329622387886, 0.04802526533603668]"
blur-light,ooc,16,363,466,0,0.30891627073287964,"[466, 150, 895, 763, 879]","[0.30891627073287964, 0.05317903310060501, 0.0436297170817852, 0.0385681577026844, 0.026736246421933174]"
blur-light,ooc,17,909,835,0,0.30399414896965027,"[835, 502, 492, 930, 879]","[0.30399414896965027, 0.0852101594209671, 0.04451458156108856, 0.03592543676495552, 0.03392627462744713]"
blur-light,ooc,18,679,835,0,0.13506434857845306,"[835, 402, 494, 577, 63]","[0.13506434857845306, 0.06672132015228271, 0.06174957752227783, 0.06125880405306816, 0.04454438015818596]"
blur-light,ooc,19,618,99,0,0.21685093641281128,"[99, 144, 279, 475, 270]","[0.21685093641281128, 0.08790860325098038, 0.06755810976028442, 0.03466635197401047, 0.02926851250231266]"
blur-light,ooc,20,618,14,0,0.09273175150156021,"[14, 986, 17, 738, 90]","[0.09273175150156021, 0.08076160401105881, 0.06777177006006241, 0.06472096592187881, 0.06203697249293327]"
blur-light,ooc,21,574,574,1,0.0888235941529274,"[574, 515, 65, 910, 417]","[0.0888235941529274, 0.05196492746472359, 0.0386417955160141, 0.03252217173576355, 0.025360632687807083]"
blur-light,ooc,22,658,958,0,0.19261950254440308,"[958, 483, 649, 425, 497]","[0.19261950254440308, 0.1589919775724411, 0.13174526393413544, 0.11952446401119232, 0.10664377361536026]"
blur-light,ooc,23,461,136,0,0.2189846634864807,"[136, 137, 360, 346, 131]","[0.2189846634864807, 0.1717069149017334, 0.12499534338712692, 0.06890782713890076, 0.036221880465745926]"
blur-light,ooc,24,132,89,0,0.7677209973335266,"[89, 132, 134, 207, 208]","[0.7677209973335266, 0.038300737738609314, 0.03266632556915283, 0.02272598259150982, 0.018869902938604355]"
blur-light,ooc,25,122,625,0,0.27628377079963684,"[625, 766, 875, 726, 613]","[0.27628377079963684, 0.13331547379493713, 0.05039319023489952, 0.03805982321500778, 0.032087963074445724]"
blur-light,ooc,26,12,360,0,0.10488497465848923,"[360, 337, 34, 276, 99]","[0.10488497465848923, 0.08067866414785385, 0.07119622826576233, 0.06464678794145584, 0.0563313290476799]"
blur-light,ooc,27,679,138,0,0.5971933603286743,"[138, 350, 353, 293, 274]","[0.5971933603286743, 0.05189037322998047, 0.039642300456762314, 0.039609767496585846, 0.027290821075439453]"
blur-light,ooc,28,23,91,0,0.2924378216266632,"[91, 133, 321, 15, 136]","[0.2924378216266632, 0.09378679096698761, 0.081091970205307, 0.07578682899475098, 0.05909189209342003]"
blur-light,ooc,29,937,909,0,0.30425432324409485,"[909, 544, 949, 567, 924]","[0.30425432324409485, 0.20006342232227325, 0.14272861182689667, 0.06943405419588089, 0.05787621811032295]"
blur-light,ooc,30,679,96,0,0.3440665006637573,"[96, 91, 93, 738, 73]","[0.3440665006637573, 0.06672412902116776, 0.0508757047355175, 0.04976200312376022, 0.043783631175756454]"
blur-light,ooc,31,335,226,0,0.262448251247406,"[226, 182, 285, 281, 382]","[0.262448251247406, 0.13968010246753693, 0.06548385322093964, 0.04478674381971359, 0.04167502745985985]"
blur-light,ooc,32,76,730,0,0.060785695910453796,"[730, 138, 135, 211, 353]","[0.060785695910453796, 0.049089621752500534, 0.045313768088817596, 0.03787824138998985, 0.036363545805215836]"
blur-light,ooc,33,851,851,1,0.2220761626958847,"[851, 704, 597, 844, 464]","[0.2220761626958847, 0.1686975657939911, 0.10807161033153534, 0.054460734128952026, 0.05155181512236595]"
blur-light,ooc,34,770,532,0,0.2930854856967926,"[532, 611, 868, 610, 750]","[0.2930854856967926, 0.1444549560546875, 0.12137431651353836, 0.06562574952840805, 0.03469323366880417]"
blur-light,ooc,35,122,121,0,0.6829122304916382,"[121, 118, 122, 467, 964]","[0.6829122304916382, 0.192670539021492, 0.05071612447500229, 0.009607288055121899, 0.008201498538255692]"
blur-light,ooc,36,712,801,0,0.24760109186172485,"[801, 787, 822, 577, 828]","[0.24760109186172485, 0.23791544139385223, 0.1918584406375885, 0.10944333672523499, 0.04346730187535286]"
blur-light,ooc,37,852,429,0,0.39741674065589905,"[429, 405, 417, 574, 14]","[0.39741674065589905, 0.15586620569229126, 0.10316362977027893, 0.04513879120349884, 0.03529444709420204]"
blur-light,ooc,38,12,460,0,0.295342355966568,"[460, 976, 150, 147, 975]","[0.295342355966568, 0.07924100011587143, 0.049644820392131805, 0.04043333977460861, 0.036585234105587006]"
blur-light,ooc,39,849,849,1,0.4067997634410858,"[849, 758, 787, 774, 502]","[0.4067997634410858, 0.19817954301834106, 0.035139989107847214, 0.02451442927122116, 0.01953383907675743]"
blur-light,ooc,40,606,448,0,0.4224013090133667,"[448, 859, 758, 777, 471]","[0.4224013090133667, 0.15660719573497772, 0.04046248644590378, 0.03017541393637657, 0.022054769098758698]"
blur-light,ooc,41,87,87,1,0.23363888263702393,"[87, 672, 581, 755, 437]","[0.23363888263702393, 0.10538998246192932, 0.07020706683397293, 0.06617558747529984, 0.06372953951358795]"
blur-light,ooc,42,491,408,0,0.2776510417461395,"[408, 491, 472, 758, 866]","[0.2776510417461395, 0.26374733448028564, 0.06066865846514702, 0.04532343149185181, 0.026563206687569618]"
blur-light,ooc,43,964,931,0,0.44275975227355957,"[931, 964, 5, 941, 965]","[0.44275975227355957, 0.1246657520532608, 0.0828104019165039, 0.03762485086917877, 0.034769169986248016]"
blur-light,ooc,44,635,746,0,0.740519642829895,"[746, 427, 635, 409, 531]","[0.740519642829895, 0.050438959151506424, 0.049846190959215164, 0.0329858735203743, 0.02591269463300705]"
blur-light,ooc,45,335,380,0,0.2552174925804138,"[380, 384, 335, 382, 35]","[0.2552174925804138, 0.23366308212280273, 0.15630978345870972, 0.1535574495792389, 0.03755493834614754]"
blur-light,ooc,46,825,19,0,0.21217459440231323,"[19, 18, 17, 13, 16]","[0.21217459440231323, 0.15441463887691498, 0.1398513913154602, 0.08394834399223328, 0.07368490844964981]"
blur-light,ooc,47,863,278,0,0.13589690625667572,"[278, 863, 330, 193, 277]","[0.13589690625667572, 0.13155311346054077, 0.06927318871021271, 0.0690208151936531, 0.056325096637010574]"
blur-light,ooc,48,839,44,0,0.21539875864982605,"[44, 634, 853, 858, 41]","[0.21539875864982605, 0.06797744333744049, 0.03851896896958351, 0.0348738394677639, 0.0322708897292614]"
blur-light,ooc,49,257,804,0,0.09461209923028946,"[804, 889, 564, 606, 722]","[0.09461209923028946, 0.08992143720388412, 0.06295321881771088, 0.04361286759376526, 0.024457894265651703]"
blur-light,ooc,50,185,980,0,0.3194202184677124,"[980, 970, 270, 279, 611]","[0.3194202184677124, 0.2763191759586334, 0.04752813279628754, 0.0321882925927639, 0.020652515813708305]"
blur-light,ooc,51,489,458,0,0.10160860419273376,"[458, 349, 888, 979, 663]","[0.10160860419273376, 0.09466412663459778, 0.06885752826929092, 0.06345074623823166, 0.040238890796899796]"
blur-light,ooc,52,609,657,0,0.19684764742851257,"[657, 694, 839, 466, 747]","[0.19684764742851257, 0.11013156920671463, 0.0872948169708252, 0.05769053474068642, 0.04208490997552872]"
blur-light,ooc,53,847,752,0,0.7130452394485474,"[752, 852, 981, 880, 879]","[0.7130452394485474, 0.03806102275848389, 0.035000450909137726, 0.03435668721795082, 0.01703394390642643]"
blur-light,ooc,54,544,975,0,0.08568410575389862,"[975, 656, 646, 436, 703]","[0.08568410575389862, 0.07456261664628983, 0.056226782500743866, 0.036466967314481735, 0.030950691550970078]"
blur-light,ooc,55,179,386,0,0.28822216391563416,"[386, 88, 96, 205, 18]","[0.28822216391563416, 0.21941618621349335, 0.08007977157831192, 0.07097916305065155, 0.06831378489732742]"
blur-light,ooc,56,174,375,0,0.45606571435928345,"[375, 383, 264, 554, 676]","[0.45606571435928345, 0.20777928829193115, 0.08348988741636276, 0.03375124931335449, 0.026855437085032463]"
blur-light,ooc,57,349,86,0,0.12480402737855911,"[86, 348, 371, 134, 349]","[0.12480402737855911, 0.10891852527856827, 0.06913807988166809, 0.05913320928812027, 0.03691026195883751]"
blur-light,ooc,58,277,273,0,0.8399329781532288,"[273, 277, 272, 176, 98]","[0.8399329781532288, 0.027954408898949623, 0.013430770486593246, 0.00997320469468832, 0.009469087235629559]"
blur-light,ooc,59,518,835,0,0.3003782331943512,"[835, 640, 884, 853, 913]","[0.3003782331943512, 0.08987823128700256, 0.030282754451036453, 0.02857811748981476, 0.028052691370248795]"
blur-light,ooc,60,958,970,0,0.20586971938610077,"[970, 354, 672, 510, 832]","[0.20586971938610077, 0.13259005546569824, 0.04290830343961716, 0.03745342046022415, 0.03535044938325882]"
blur-light,ooc,61,385,385,1,0.7376099824905396,"[385, 386, 354, 209, 101]","[0.7376099824905396, 0.09178439527750015, 0.08659345656633377, 0.035764627158641815, 0.016254514455795288]"
blur-light,ooc,62,830,815,0,0.23553462326526642,"[815, 84, 580, 839, 489]","[0.23553462326526642, 0.13125501573085785, 0.08191152662038803, 0.06811673939228058, 0.03897997364401817]"
blur-light,ooc,63,132,134,0,0.16888873279094696,"[134, 132, 349, 348, 634]","[0.16888873279094696, 0.144663468003273, 0.0990346223115921, 0.08642930537462234, 0.041105493903160095]"
blur-light,ooc,64,354,354,1,0.1825626939535141,"[354, 649, 349, 386, 853]","[0.1825626939535141, 0.13347136974334717, 0.08550015091896057, 0.07001250237226486, 0.04066374897956848]"
blur-light,ooc,65,879,408,0,0.16442644596099854,"[408, 444, 573, 595, 814]","[0.16442644596099854, 0.07847613096237183, 0.07048758119344711, 0.06953766942024231, 0.05577472969889641]"
blur-light,ooc,66,807,807,1,0.6630538105964661,"[807, 706, 462, 723, 703]","[0.6630538105964661, 0.06932345032691956, 0.06006681174039841, 0.05511825159192085, 0.04449000954627991]"
blur-light,ooc,67,863,350,0,0.7201244831085205,"[350, 825, 349, 652, 354]","[0.7201244831085205, 0.13147024810314178, 0.07353939116001129, 0.0174898412078619, 0.010935014113783836]"
blur-light,ooc,68,821,574,0,0.11723195016384125,"[574, 821, 13, 427, 421]","[0.11723195016384125, 0.05526502802968025, 0.05013732984662056, 0.02937944605946541, 0.023774439468979836]"
blur-light,ooc,69,656,791,0,0.14426347613334656,"[791, 672, 463, 85, 637]","[0.14426347613334656, 0.10337308049201965, 0.06915384531021118, 0.0546538271009922, 0.041199080646038055]"
blur-light,ooc,70,614,150,0,0.22563785314559937,"[150, 209, 344, 204, 155]","[0.22563785314559937, 0.15861743688583374, 0.041753895580768585, 0.03935353085398674, 0.0335238091647625]"
blur-light,ooc,71,294,136,0,0.2670914828777313,"[136, 378, 286, 182, 374]","[0.2670914828777313, 0.1487301141023636, 0.11070407181978226, 0.049589160829782486, 0.02638860046863556]"
blur-light,ooc,72,870,428,0,0.22015224397182465,"[428, 652, 776, 840, 462]","[0.22015224397182465, 0.11439389735460281, 0.07094517350196838, 0.05490285903215408, 0.036571722477674484]"
blur-light,ooc,73,346,97,0,0.06495834141969681,"[97, 182, 259, 151, 160]","[0.06495834141969681, 0.05081738159060478, 0.049725741147994995, 0.0422045923769474, 0.03288710489869118]"
blur-light,ooc,74,194,272,0,0.2908223867416382,"[272, 269, 198, 170, 280]","[0.2908223867416382, 0.23931296169757843, 0.21604955196380615, 0.0927354097366333, 0.018032938241958618]"
blur-light,ooc,75,287,46,0,0.6555030941963196,"[46, 133, 322, 40, 47]","[0.6555030941963196, 0.030975952744483948, 0.02547852322459221, 0.02525937557220459, 0.022577282041311264]"
blur-light,ooc,76,295,224,0,0.4914945065975189,"[224, 197, 256, 267, 233]","[0.4914945065975189, 0.10723782330751419, 0.08909908682107925, 0.056038785725831985, 0.05334906280040741]"
blur-light,ooc,77,92,972,0,0.3097597658634186,"[972, 970, 879, 853, 39]","[0.3097597658634186, 0.19751234352588654, 0.10375583171844482, 0.04960799962282181, 0.04782069846987724]"
blur-light,ooc,78,17,84,0,0.3928149938583374,"[84, 383, 377, 292, 248]","[0.3928149938583374, 0.04747015982866287, 0.0448310449719429, 0.030864834785461426, 0.02263154648244381]"
blur-light,ooc,79,105,18,0,0.2693263590335846,"[18, 387, 383, 93, 138]","[0.2693263590335846, 0.14123937487602234, 0.043409693986177444, 0.030780509114265442, 0.030080432072281837]"
blur-light,ooc,80,356,342,0,0.16535684466362,"[342, 294, 350, 280, 298]","[0.16535684466362, 0.10929284989833832, 0.058913715183734894, 0.036996450275182724, 0.03407963737845421]"
blur-light,ooc,81,14,162,0,0.17904910445213318,"[162, 182, 225, 202, 186]","[0.17904910445213318, 0.13293711841106415, 0.0744856745004654, 0.05681668594479561, 0.051954321563243866]"
blur-light,ooc,82,378,354,0,0.15443214774131775,"[354, 690, 346, 345, 386]","[0.15443214774131775, 0.14866261184215546, 0.13520583510398865, 0.12151125073432922, 0.10865472257137299]"
blur-light,ooc,83,59,820,0,0.1692885011434555,"[820, 880, 853, 349, 494]","[0.1692885011434555, 0.09190433472394943, 0.046165581792593, 0.04433371126651764, 0.04002479463815689]"
blur-light,ooc,84,95,972,0,0.0939284935593605,"[972, 95, 649, 125, 821]","[0.0939284935593605, 0.06506112217903137, 0.055157553404569626, 0.04956329986453056, 0.030950825661420822]"
blur-light,ooc,85,95,913,0,0.08965518325567245,"[913, 30, 143, 33, 972]","[0.08965518325567245, 0.07972272485494614, 0.07304412126541138, 0.06752758473157883, 0.048308227211236954]"
blur-light,ooc,86,379,430,0,0.7552983164787292,"[430, 882, 981, 195, 177]","[0.7552983164787292, 0.04090142622590065, 0.030694957822561264, 0.021891409531235695, 0.018603039905428886]"
blur-light,ooc,87,382,386,0,0.13999177515506744,"[386, 344, 395, 296, 382]","[0.13999177515506744, 0.13479630649089813, 0.12164795398712158, 0.06661664694547653, 0.03904097527265549]"
blur-light,ooc,88,10,129,0,0.3858042359352112,"[129, 169, 141, 140, 134]","[0.3858042359352112, 0.15433457493782043, 0.09611847251653671, 0.038716189563274384, 0.03390561789274216]"
blur-light,ooc,89,383,105,0,0.5305915474891663,"[105, 383, 87, 181, 196]","[0.5305915474891663, 0.24265138804912567, 0.038678575307130814, 0.021130457520484924, 0.017355898395180702]"
blur-light,ooc,90,378,698,0,0.4541696608066559,"[698, 829, 497, 663, 483]","[0.4541696608066559, 0.2103712409734726, 0.06319846212863922, 0.04715665802359581, 0.028768392279744148]"
blur-light,ooc,91,376,695,0,0.3050350546836853,"[695, 463, 538, 884, 483]","[0.3050350546836853, 0.21094390749931335, 0.04331399127840996, 0.03646210953593254, 0.02991492487490177]"
blur-light,ooc,92,21,977,0,0.1490488499403,"[977, 525, 472, 391, 596]","[0.1490488499403, 0.05538056418299675, 0.050164129585027695, 0.04451548680663109, 0.044345784932374954]"
blur-light,ooc,93,275,99,0,0.12586142122745514,"[99, 97, 347, 217, 256]","[0.12586142122745514, 0.11506354808807373, 0.11098801344633102, 0.050096262246370316, 0.03900306671857834]"
blur-light,ooc,94,85,17,0,0.4414930045604706,"[17, 85, 136, 131, 97]","[0.4414930045604706, 0.16904419660568237, 0.12417127192020416, 0.04312972351908684, 0.03395061194896698]"
blur-light,ooc,95,383,246,0,0.08953609317541122,"[246, 222, 248, 173, 231]","[0.08953609317541122, 0.05443539842963219, 0.05026041343808174, 0.04708188399672508, 0.03623143956065178]"
blur-light,ooc,96,18,988,0,0.17840920388698578,"[988, 18, 936, 375, 304]","[0.17840920388698578, 0.1543339043855667, 0.14691995084285736, 0.11640460789203644, 0.05171022191643715]"
blur-light,ooc,97,326,272,0,0.16065090894699097,"[272, 276, 293, 354, 9]","[0.16065090894699097, 0.15079139173030853, 0.14278998970985413, 0.06730225682258606, 0.034758709371089935]"
blur-light,ooc,98,379,343,0,0.22834937274456024,"[343, 189, 342, 346, 348]","[0.22834937274456024, 0.08805777132511139, 0.08016122132539749, 0.050785478204488754, 0.045191600918769836]"
blur-light,ooc,99,378,93,0,0.09982137382030487,"[93, 128, 138, 143, 385]","[0.09982137382030487, 0.09792258590459824, 0.08673226833343506, 0.0859697088599205, 0.07452712953090668]"
blur-light,ooc,100,378,85,0,0.17672982811927795,"[85, 98, 143, 137, 99]","[0.17672982811927795, 0.13554677367210388, 0.09907396882772446, 0.07838495075702667, 0.07341007143259048]"
blur-light,ooc,101,379,381,0,0.33064302802085876,"[381, 367, 369, 365, 242]","[0.33064302802085876, 0.09361359477043152, 0.04717087000608444, 0.03386174887418747, 0.031606871634721756]"
blur-light,ooc,102,12,12,1,0.23655790090560913,"[12, 15, 85, 19, 478]","[0.23655790090560913, 0.11025310307741165, 0.07489088922739029, 0.06893490999937057, 0.041732754558324814]"
blur-light,ooc,103,18,981,0,0.19390542805194855,"[981, 429, 752, 87, 890]","[0.19390542805194855, 0.08028250932693481, 0.07733611762523651, 0.06368452310562134, 0.04159063845872879]"
blur-light,ooc,104,428,45,0,0.19740982353687286,"[45, 82, 47, 123, 640]","[0.19740982353687286, 0.07093055546283722, 0.0485202930867672, 0.03272286057472229, 0.03040977567434311]"
blur-light,ooc,105,376,701,0,0.4084767699241638,"[701, 21, 23, 22, 99]","[0.4084767699241638, 0.24410295486450195, 0.1298835426568985, 0.06477171182632446, 0.037771422415971756]"
blur-light,ooc,106,379,136,0,0.5700939297676086,"[136, 91, 134, 135, 86]","[0.5700939297676086, 0.07401548326015472, 0.045678745955228806, 0.04133991152048111, 0.030675070360302925]"
blur-light,ooc,107,19,832,0,0.10578233748674393,"[832, 980, 425, 562, 101]","[0.10578233748674393, 0.07952897995710373, 0.07657933980226517, 0.0716538354754448, 0.062023792415857315]"
blur-light,ooc,108,18,524,0,0.07388371974229813,"[524, 442, 701, 744, 461]","[0.07388371974229813, 0.07283161580562592, 0.07092545926570892, 0.03523712977766991, 0.033861078321933746]"
blur-light,ooc,109,95,84,0,0.16036903858184814,"[84, 127, 131, 88, 134]","[0.16036903858184814, 0.12686066329479218, 0.07460812479257584, 0.07416637241840363, 0.059297118335962296]"
blur-light,ooc,110,95,101,0,0.06796333938837051,"[101, 213, 189, 209, 211]","[0.06796333938837051, 0.046766459941864014, 0.041971344500780106, 0.03891385346651077, 0.03791205585002899]"
blur-light,ooc,111,17,704,0,0.4177199900150299,"[704, 880, 195, 670, 602]","[0.4177199900150299, 0.03698825091123581, 0.03664733096957207, 0.03127404302358627, 0.024593086913228035]"
blur-light,ooc,112,232,196,0,0.36899226903915405,"[196, 200, 219, 217, 232]","[0.36899226903915405, 0.158294677734375, 0.12884776294231415, 0.09594989567995071, 0.08654531091451645]"
blur-light,ooc,113,382,382,1,0.38107365369796753,"[382, 387, 380, 373, 365]","[0.38107365369796753, 0.08298055827617645, 0.05948155000805855, 0.05155830457806587, 0.045829012989997864]"
blur-light,ooc,114,622,811,0,0.1373131275177002,"[811, 893, 754, 777, 798]","[0.1373131275177002, 0.10981205850839615, 0.09803402423858643, 0.08056217432022095, 0.07925964891910553]"
blur-light,ooc,115,372,347,0,0.30159589648246765,"[347, 348, 286, 349, 386]","[0.30159589648246765, 0.23524963855743408, 0.20842143893241882, 0.02224970981478691, 0.019185660406947136]"
blur-light,ooc,116,313,313,1,0.7553749084472656,"[313, 791, 311, 621, 312]","[0.7553749084472656, 0.026479143649339676, 0.0173498522490263, 0.013078652322292328, 0.012907765805721283]"
blur-light,ooc,117,18,430,0,0.1330149620771408,"[430, 752, 981, 479, 573]","[0.1330149620771408, 0.10178302973508835, 0.08123864233493805, 0.06659667938947678, 0.052366241812705994]"
blur-light,ooc,118,919,919,1,0.3737487494945526,"[919, 781, 458, 703, 412]","[0.3737487494945526, 0.16789975762367249, 0.13604354858398438, 0.08453543484210968, 0.05900296941399574]"
blur-light,ooc,119,92,59,0,0.20807090401649475,"[59, 40, 46, 380, 90]","[0.20807090401649475, 0.17183072865009308, 0.12030867487192154, 0.054285887628793716, 0.038960475474596024]"
blur-light,ooc,120,75,128,0,0.21565783023834229,"[128, 134, 131, 136, 210]","[0.21565783023834229, 0.07272779941558838, 0.06065639853477478, 0.04794062301516533, 0.0476854108273983]"
blur-light,ooc,121,379,471,0,0.18488375842571259,"[471, 417, 701, 404, 518]","[0.18488375842571259, 0.15703080594539642, 0.11133962869644165, 0.0839330330491066, 0.04428357630968094]"
blur-light,ooc,122,272,188,0,0.5879443883895874,"[188, 263, 189, 264, 203]","[0.5879443883895874, 0.06259694695472717, 0.055567093193531036, 0.027204008772969246, 0.020882777869701385]"
blur-light,ooc,123,86,694,0,0.12345536053180695,"[694, 642, 829, 791, 436]","[0.12345536053180695, 0.11153241246938705, 0.07952381670475006, 0.07699006795883179, 0.06166181340813637]"
blur-light,ooc,124,275,347,0,0.1339605748653412,"[347, 386, 294, 354, 255]","[0.1339605748653412, 0.10367241501808167, 0.0840243250131607, 0.07800523936748505, 0.06932743638753891]"
blur-light,ooc,125,387,189,0,0.07538795471191406,"[189, 162, 225, 163, 176]","[0.07538795471191406, 0.07277906686067581, 0.04646776616573334, 0.045065343379974365, 0.037823088467121124]"
blur-light,ooc,126,12,11,0,0.4678555428981781,"[11, 136, 701, 21, 86]","[0.4678555428981781, 0.07650507241487503, 0.04475117102265358, 0.0385720320045948, 0.037112124264240265]"
blur-light,ooc,127,17,740,0,0.09088512510061264,"[740, 570, 617, 224, 183]","[0.09088512510061264, 0.06312736868858337, 0.05857992544770241, 0.0417509563267231, 0.03782240301370621]"
blur-light,ooc,128,899,441,0,0.17908453941345215,"[441, 899, 773, 572, 562]","[0.17908453941345215, 0.12037014961242676, 0.10514170676469803, 0.10283489525318146, 0.08343841880559921]"
blur-light,ooc,129,365,365,1,0.12908834218978882,"[365, 191, 382, 184, 377]","[0.12908834218978882, 0.12252215296030045, 0.09520411491394043, 0.08890288323163986, 0.07041943818330765]"
blur-light,ooc,130,335,336,0,0.17769920825958252,"[336, 272, 81, 49, 350]","[0.17769920825958252, 0.07314841449260712, 0.06731592118740082, 0.06705188006162643, 0.05190150812268257]"
blur-light,ooc,131,23,355,0,0.10624232143163681,"[355, 457, 208, 245, 650]","[0.10624232143163681, 0.09806150197982788, 0.09508462995290756, 0.08627420663833618, 0.06809885054826736]"
blur-light,ooc,132,379,17,0,0.5960174798965454,"[17, 107, 13, 136, 392]","[0.5960174798965454, 0.10546611994504929, 0.041645701974630356, 0.020237989723682404, 0.018876366317272186]"
blur-light,ooc,133,988,336,0,0.15874791145324707,"[336, 13, 39, 8, 335]","[0.15874791145324707, 0.08898244053125381, 0.055247560143470764, 0.05175338312983513, 0.046192463487386703]"
blur-light,ooc,134,988,349,0,0.658645510673523,"[349, 336, 20, 348, 13]","[0.658645510673523, 0.11974275857210159, 0.02853044867515564, 0.028346650302410126, 0.02253449335694313]"
blur-light,ooc,135,17,129,0,0.33443501591682434,"[129, 93, 131, 17, 315]","[0.33443501591682434, 0.14581012725830078, 0.13820070028305054, 0.05036881938576698, 0.035090479999780655]"
blur-light,ooc,136,18,912,0,0.2779146730899811,"[912, 672, 89, 716, 649]","[0.2779146730899811, 0.1925583779811859, 0.08698958158493042, 0.05432881414890289, 0.03457643464207649]"
blur-light,ooc,137,39,302,0,0.755054771900177,"[302, 56, 401, 99, 340]","[0.755054771900177, 0.02902761846780777, 0.024693896993994713, 0.011779984459280968, 0.009659111499786377]"
blur-light,ooc,138,335,982,0,0.1788657307624817,"[982, 847, 10, 999, 184]","[0.1788657307624817, 0.08687036484479904, 0.06154927611351013, 0.04634420573711395, 0.033772651106119156]"
blur-light,ooc,139,376,283,0,0.16313287615776062,"[283, 879, 130, 889, 758]","[0.16313287615776062, 0.10681764781475067, 0.080482617020607, 0.07393385469913483, 0.06154489517211914]"
blur-light,ooc,140,18,98,0,0.2825871407985687,"[98, 143, 137, 97, 144]","[0.2825871407985687, 0.1518944799900055, 0.12506695091724396, 0.04787933826446533, 0.03834034875035286]"
blur-light,ooc,141,134,348,0,0.3043152391910553,"[348, 246, 134, 129, 349]","[0.3043152391910553, 0.1408403366804123, 0.09408412128686905, 0.034269046038389206, 0.03306012973189354]"
blur-light,ooc,142,294,275,0,0.19235777854919434,"[275, 271, 170, 346, 294]","[0.19235777854919434, 0.05159858986735344, 0.051177822053432465, 0.0447135828435421, 0.03883571922779083]"
blur-light,ooc,143,472,16,0,0.6911903619766235,"[16, 14, 91, 46, 723]","[0.6911903619766235, 0.09043120592832565, 0.029706822708249092, 0.021191852167248726, 0.02090584672987461]"
blur-light,ooc,144,354,354,1,0.4446175992488861,"[354, 271, 343, 274, 342]","[0.4446175992488861, 0.26399531960487366, 0.048578426241874695, 0.024126142263412476, 0.01686267741024494]"
blur-light,ooc,145,134,620,0,0.16145522892475128,"[620, 605, 763, 587, 487]","[0.16145522892475128, 0.10656996071338654, 0.08444321900606155, 0.06836151331663132, 0.04730252921581268]"
blur-light,ooc,146,821,95,0,0.2856369912624359,"[95, 16, 319, 12, 320]","[0.2856369912624359, 0.18313677608966827, 0.053196415305137634, 0.04533955827355385, 0.04229680076241493]"
blur-light,ooc,147,391,48,0,0.6603255271911621,"[48, 4, 394, 63, 389]","[0.6603255271911621, 0.12754397094249725, 0.029647041112184525, 0.025249045342206955, 0.009117246605455875]"
blur-light,ooc,148,391,525,0,0.43775078654289246,"[525, 391, 460, 977, 145]","[0.43775078654289246, 0.13594190776348114, 0.1331903040409088, 0.030728688463568687, 0.026521658524870872]"
blur-light,ooc,149,821,497,0,0.3683132827281952,"[497, 538, 663, 449, 698]","[0.3683132827281952, 0.1410016566514969, 0.08004000782966614, 0.0769730657339096, 0.03995523229241371]"
blur-light,ooc,150,576,863,0,0.1300562620162964,"[863, 412, 775, 491, 738]","[0.1300562620162964, 0.059075482189655304, 0.045112818479537964, 0.04388811066746712, 0.04368183761835098]"
blur-light,ooc,151,140,274,0,0.1261051744222641,"[274, 291, 360, 286, 20]","[0.1261051744222641, 0.12192322313785553, 0.05943327024579048, 0.05413789302110672, 0.04080529138445854]"
blur-light,ooc,152,852,360,0,0.36882302165031433,"[360, 30, 97, 35, 337]","[0.36882302165031433, 0.10014988481998444, 0.09131177514791489, 0.08481311798095703, 0.03840417042374611]"
blur-light,ooc,153,576,912,0,0.12000974267721176,"[912, 523, 428, 876, 756]","[0.12000974267721176, 0.06529077887535095, 0.032933179289102554, 0.03164103627204895, 0.03046855516731739]"
blur-light,ooc,154,472,978,0,0.2795431911945343,"[978, 976, 970, 979, 975]","[0.2795431911945343, 0.15950235724449158, 0.09553521871566772, 0.06446684896945953, 0.05493277311325073]"
blur-light,ooc,155,258,258,1,0.703744649887085,"[258, 270, 89, 203, 374]","[0.703744649887085, 0.1020427718758583, 0.04004685580730438, 0.020318714901804924, 0.013140898197889328]"
blur-light,ooc,156,143,354,0,0.10305632650852203,"[354, 182, 424, 178, 151]","[0.10305632650852203, 0.05977551266551018, 0.0534907728433609, 0.04473138600587845, 0.03532029315829277]"
blur-light,ooc,157,198,736,0,0.2952674925327301,"[736, 681, 466, 508, 673]","[0.2952674925327301, 0.12805809080600739, 0.12803709506988525, 0.08346442878246307, 0.04422653838992119]"
blur-light,ooc,158,236,166,0,0.19723919034004211,"[166, 218, 163, 354, 162]","[0.19723919034004211, 0.07900352776050568, 0.06161832436919212, 0.04283394664525986, 0.03735633194446564]"
blur-light,ooc,159,576,544,0,0.09696924686431885,"[544, 738, 825, 858, 84]","[0.09696924686431885, 0.07923771440982819, 0.07098015397787094, 0.06637191772460938, 0.06277693063020706]"
blur-light,ooc,160,483,833,0,0.3529435098171234,"[833, 780, 724, 562, 889]","[0.3529435098171234, 0.12866435945034027, 0.0824587345123291, 0.06362184137105942, 0.06102648377418518]"
blur-light,ooc,161,727,936,0,0.7974383234977722,"[936, 953, 943, 39, 956]","[0.7974383234977722, 0.06979929655790329, 0.02936568856239319, 0.02491808496415615, 0.015812695026397705]"
blur-light,ooc,162,238,295,0,0.18299494683742523,"[295, 223, 199, 179, 256]","[0.18299494683742523, 0.08783435076475143, 0.06551892310380936, 0.06297942996025085, 0.037713728845119476]"
blur-light,ooc,163,385,344,0,0.13537319004535675,"[344, 343, 348, 105, 101]","[0.13537319004535675, 0.10811198502779007, 0.07944484800100327, 0.060700178146362305, 0.04104340821504593]"
blur-light,ooc,164,472,472,1,0.32696226239204407,"[472, 908, 425, 895, 404]","[0.32696226239204407, 0.23218198120594025, 0.12961642444133759, 0.06348004937171936, 0.052353087812662125]"
blur-light,ooc,165,140,797,0,0.2167484015226364,"[797, 386, 129, 216, 257]","[0.2167484015226364, 0.21089233458042145, 0.05017556622624397, 0.044050902128219604, 0.04019538313150406]"
blur-light,ooc,166,352,24,0,0.11467724293470383,"[24, 489, 953, 260, 52]","[0.11467724293470383, 0.10880859196186066, 0.09468197822570801, 0.08345716446638107, 0.07922564446926117]"
blur-light,ooc,167,292,94,0,0.4897679388523102,"[94, 12, 182, 73, 314]","[0.4897679388523102, 0.17919862270355225, 0.0439552366733551, 0.02865791693329811, 0.02749292552471161]"
blur-light,ooc,168,806,980,0,0.35153767466545105,"[980, 539, 469, 766, 820]","[0.35153767466545105, 0.0739152580499649, 0.0503745898604393, 0.043928634375333786, 0.017383011057972908]"
blur-light,ooc,169,449,386,0,0.15871530771255493,"[386, 101, 0, 425, 385]","[0.15871530771255493, 0.1266743391752243, 0.11457429081201553, 0.071785107254982, 0.03646749630570412]"
blur-light,ooc,170,164,975,0,0.14263804256916046,"[975, 144, 698, 913, 801]","[0.14263804256916046, 0.08518078923225403, 0.04623797908425331, 0.046045683324337006, 0.040651530027389526]"
blur-light,ooc,171,909,987,0,0.13716602325439453,"[987, 424, 420, 703, 399]","[0.13716602325439453, 0.11339516192674637, 0.08274509012699127, 0.07002334296703339, 0.038283951580524445]"
blur-light,ooc,172,576,895,0,0.3054436445236206,"[895, 764, 777, 726, 14]","[0.3054436445236206, 0.1423238068819046, 0.09691285341978073, 0.057428549975156784, 0.040177058428525925]"
blur-light,ooc,173,727,376,0,0.27401983737945557,"[376, 988, 14, 11, 17]","[0.27401983737945557, 0.1744760423898697, 0.10197936743497849, 0.09951533377170563, 0.05357376113533974]"
blur-light,ooc,174,223,693,0,0.144009530544281,"[693, 702, 703, 354, 462]","[0.144009530544281, 0.11840152740478516, 0.07952256500720978, 0.06883463263511658, 0.04771838337182999]"
blur-light,ooc,175,132,132,1,0.17147037386894226,"[132, 146, 780, 147, 134]","[0.17147037386894226, 0.15722902119159698, 0.1188005730509758, 0.0665089562535286, 0.04009532555937767]"
blur-light,ooc,176,576,831,0,0.0944581851363182,"[831, 706, 669, 346, 385]","[0.0944581851363182, 0.052328042685985565, 0.047460973262786865, 0.044263411313295364, 0.03766516223549843]"
blur-light,ooc,177,391,649,0,0.7621897459030151,"[649, 483, 775, 354, 497]","[0.7621897459030151, 0.0815572738647461, 0.029910054057836533, 0.02195212058722973, 0.012154682539403439]"
blur-light,ooc,178,708,975,0,0.3398820161819458,"[975, 970, 657, 908, 538]","[0.3398820161819458, 0.16444508731365204, 0.044158440083265305, 0.03594581410288811, 0.03388006240129471]"
blur-light,ooc,179,132,999,0,0.11761021614074707,"[999, 846, 804, 572, 677]","[0.11761021614074707, 0.08767163753509521, 0.0815100446343422, 0.06711480021476746, 0.04861147701740265]"
blur-light,ooc,180,576,665,0,0.49283722043037415,"[665, 670, 355, 774, 461]","[0.49283722043037415, 0.04376465827226639, 0.041168566793203354, 0.03651499003171921, 0.027243036776781082]"
blur-light,ooc,181,143,439,0,0.11758501082658768,"[439, 302, 308, 314, 94]","[0.11758501082658768, 0.057455044239759445, 0.04958917945623398, 0.04826144129037857, 0.031933870166540146]"
blur-light,ooc,182,842,48,0,0.8375762701034546,"[48, 342, 491, 104, 703]","[0.8375762701034546, 0.02900061197578907, 0.012813431210815907, 0.009473122656345367, 0.009007588028907776]"
blur-light,ooc,183,372,380,0,0.32561078667640686,"[380, 382, 365, 370, 381]","[0.32561078667640686, 0.11456271260976791, 0.11401402205228806, 0.08169714361429214, 0.07435630261898041]"
blur-light,ooc,184,36,84,0,0.23806965351104736,"[84, 58, 20, 131, 136]","[0.23806965351104736, 0.0946258008480072, 0.05501328036189079, 0.041155505925416946, 0.02679743617773056]"
blur-light,ooc,185,660,726,0,0.3062731623649597,"[726, 674, 587, 502, 710]","[0.3062731623649597, 0.1627473384141922, 0.03234165534377098, 0.03109555132687092, 0.03103591315448284]"
blur-light,ooc,186,821,542,0,0.12611186504364014,"[542, 616, 741, 313, 516]","[0.12611186504364014, 0.09651294350624084, 0.05512428283691406, 0.05302802845835686, 0.05154106020927429]"
blur-light,ooc,187,449,44,0,0.0833497866988182,"[44, 580, 936, 56, 96]","[0.0833497866988182, 0.06863129884004593, 0.0631890743970871, 0.05416491627693176, 0.04751140996813774]"
blur-light,ooc,188,131,34,0,0.13541154563426971,"[34, 42, 86, 210, 679]","[0.13541154563426971, 0.13436685502529144, 0.084386445581913, 0.032185476273298264, 0.025852780789136887]"
blur-light,ooc,189,576,492,0,0.07376730442047119,"[492, 872, 831, 532, 526]","[0.07376730442047119, 0.0660574659705162, 0.05276503786444664, 0.05240457504987717, 0.047639425843954086]"
blur-light,ooc,190,140,142,0,0.10747851431369781,"[142, 140, 33, 6, 389]","[0.10747851431369781, 0.1051856130361557, 0.09394356608390808, 0.0521450974047184, 0.052099861204624176]"
blur-light,ooc,191,576,401,0,0.2792215347290039,"[401, 432, 621, 681, 571]","[0.2792215347290039, 0.15764586627483368, 0.11195100098848343, 0.06432595103979111, 0.04681982100009918]"
blur-light,ooc,192,355,286,0,0.46841832995414734,"[286, 133, 291, 277, 40]","[0.46841832995414734, 0.1020621508359909, 0.07253485918045044, 0.0509430393576622, 0.0373140387237072]"
blur-light,ooc,193,511,817,0,0.40297019481658936,"[817, 436, 511, 751, 656]","[0.40297019481658936, 0.2976364195346832, 0.19536420702934265, 0.07128696143627167, 0.01396848913282156]"
blur-light,ooc,194,417,449,0,0.4939749836921692,"[449, 536, 718, 525, 975]","[0.4939749836921692, 0.1305314600467682, 0.06490587443113327, 0.05380496010184288, 0.052888158708810806]"
blur-light,ooc,195,404,690,0,0.6875978708267212,"[690, 649, 866, 863, 345]","[0.6875978708267212, 0.03966895118355751, 0.027854565531015396, 0.01987629383802414, 0.013390722684562206]"
blur-light,ooc,196,701,421,0,0.20899781584739685,"[421, 816, 785, 655, 414]","[0.20899781584739685, 0.1275261491537094, 0.07776745408773422, 0.033366091549396515, 0.031927209347486496]"
blur-light,ooc,197,701,705,0,0.5711212754249573,"[705, 466, 829, 547, 703]","[0.5711212754249573, 0.32060474157333374, 0.038604896515607834, 0.036502521485090256, 0.003424951573833823]"
blur-light,ooc,198,701,701,1,0.5315669178962708,"[701, 417, 693, 727, 472]","[0.5315669178962708, 0.17536808550357819, 0.03629324585199356, 0.02655556984245777, 0.024178221821784973]"
blur-light,ooc,199,350,958,0,0.4742502272129059,"[958, 970, 979, 649, 672]","[0.4742502272129059, 0.2808280289173126, 0.12744711339473724, 0.01969914138317108, 0.011141729541122913]"
blur-light,ooc,200,618,13,0,0.11899242550134659,"[13, 535, 613, 471, 479]","[0.11899242550134659, 0.09650380909442902, 0.06096050143241882, 0.04955651983618736, 0.044947270303964615]"
blur-light,ooc,201,984,484,0,0.15395812690258026,"[484, 573, 833, 468, 472]","[0.15395812690258026, 0.09784018248319626, 0.0861559510231018, 0.0559658482670784, 0.0545380674302578]"
blur-light,ooc,202,645,287,0,0.1257285177707672,"[287, 293, 288, 17, 972]","[0.1257285177707672, 0.09635858982801437, 0.07788635790348053, 0.04371299967169762, 0.032447200268507004]"
blur-light,ooc,203,808,311,0,0.10981571674346924,"[311, 315, 120, 46, 114]","[0.10981571674346924, 0.10970078408718109, 0.09913229942321777, 0.07644972950220108, 0.045048728585243225]"
blur-light,ooc,204,755,807,0,0.3574269413948059,"[807, 805, 559, 765, 672]","[0.3574269413948059, 0.2063605934381485, 0.20279522240161896, 0.05176471173763275, 0.03726286068558693]"
blur-light,ooc,205,663,888,0,0.44082605838775635,"[888, 663, 497, 863, 483]","[0.44082605838775635, 0.21554887294769287, 0.08909241855144501, 0.07723221927881241, 0.06319954991340637]"
blur-light,ooc,206,404,391,0,0.2892054319381714,"[391, 395, 943, 987, 40]","[0.2892054319381714, 0.1186349019408226, 0.0937252938747406, 0.05896501988172531, 0.058693256229162216]"
blur-light,ooc,207,540,708,0,0.3970770239830017,"[708, 791, 420, 880, 822]","[0.3970770239830017, 0.07444941997528076, 0.06815841048955917, 0.06791101396083832, 0.06657888740301132]"
blur-light,ooc,208,958,56,0,0.1297837346792221,"[56, 996, 42, 722, 44]","[0.1297837346792221, 0.10723769664764404, 0.05462773144245148, 0.042552702128887177, 0.03950788453221321]"
blur-light,ooc,209,483,84,0,0.34656083583831787,"[84, 364, 334, 135, 337]","[0.34656083583831787, 0.06788188219070435, 0.057703807950019836, 0.052530448883771896, 0.04246295243501663]"
blur-light,ooc,210,898,226,0,0.08565956354141235,"[226, 265, 267, 186, 346]","[0.08565956354141235, 0.08554152399301529, 0.07609156519174576, 0.03939146548509598, 0.036319416016340256]"
blur-light,ooc,211,649,834,0,0.22847065329551697,"[834, 744, 657, 812, 132]","[0.22847065329551697, 0.1852371096611023, 0.09750265628099442, 0.08228567987680435, 0.04948456585407257]"
blur-light,ooc,212,812,912,0,0.23505154252052307,"[912, 522, 716, 559, 266]","[0.23505154252052307, 0.22904670238494873, 0.0832844227552414, 0.06723558902740479, 0.048446036875247955]"
blur-light,ooc,213,701,90,0,0.22965431213378906,"[90, 1, 7, 11, 88]","[0.22965431213378906, 0.16428549587726593, 0.1175934299826622, 0.06609416007995605, 0.05091356486082077]"
blur-light,ooc,214,405,148,0,0.21482282876968384,"[148, 98, 147, 20, 131]","[0.21482282876968384, 0.11879130452871323, 0.0844622552394867, 0.05377895012497902, 0.03970193862915039]"
blur-light,ooc,215,832,832,1,0.6476213335990906,"[832, 812, 410, 653, 471]","[0.6476213335990906, 0.1986514925956726, 0.03454930707812309, 0.012226050719618797, 0.0073381466791033745]"
blur-light,ooc,216,475,420,0,0.15917421877384186,"[420, 765, 468, 412, 571]","[0.15917421877384186, 0.11696768552064896, 0.06922991573810577, 0.06458984315395355, 0.06294042617082596]"
blur-light,ooc,217,22,379,0,0.09626860916614532,"[379, 91, 96, 334, 93]","[0.09626860916614532, 0.09367822855710983, 0.0487416572868824, 0.045910850167274475, 0.028262784704566002]"
blur-light,ooc,218,724,121,0,0.2969193458557129,"[121, 313, 64, 943, 311]","[0.2969193458557129, 0.15561622381210327, 0.03230959549546242, 0.026747560128569603, 0.022261973470449448]"
blur-light,ooc,219,871,723,0,0.2392341047525406,"[723, 919, 871, 557, 920]","[0.2392341047525406, 0.09082900732755661, 0.08189861476421356, 0.0686904639005661, 0.06522432714700699]"
blur-light,ooc,220,807,462,0,0.18650098145008087,"[462, 806, 890, 672, 696]","[0.18650098145008087, 0.13449633121490479, 0.04820043966174126, 0.03257351368665695, 0.03003598563373089]"
blur-light,ooc,221,805,805,1,0.6182535290718079,"[805, 627, 657, 792, 744]","[0.6182535290718079, 0.0810653567314148, 0.02769438363611698, 0.020708275958895683, 0.020650777965784073]"
blur-light,ooc,222,405,437,0,0.20250824093818665,"[437, 538, 421, 497, 833]","[0.20250824093818665, 0.15552498400211334, 0.0797090157866478, 0.07112538814544678, 0.055765338242053986]"
blur-light,ooc,223,14,979,0,0.30306607484817505,"[979, 839, 295, 820, 264]","[0.30306607484817505, 0.10138129442930222, 0.0875365138053894, 0.04025091975927353, 0.030743921175599098]"
blur-light,ooc,224,22,22,1,0.8742644786834717,"[22, 23, 21, 652, 649]","[0.8742644786834717, 0.06849395483732224, 0.012828691862523556, 0.0052523016929626465, 0.0047460137866437435]"
blur-light,ooc,225,404,657,0,0.6674908399581909,"[657, 744, 471, 895, 755]","[0.6674908399581909, 0.15432997047901154, 0.025386499240994453, 0.01574755646288395, 0.011060585267841816]"
blur-light,ooc,226,583,872,0,0.2990766763687134,"[872, 912, 428, 486, 764]","[0.2990766763687134, 0.27151918411254883, 0.05111882835626602, 0.03834345191717148, 0.03281901031732559]"
blur-light,ooc,227,900,915,0,0.35406026244163513,"[915, 420, 840, 546, 777]","[0.35406026244163513, 0.10849747061729431, 0.05530786141753197, 0.03898897394537926, 0.02815704047679901]"
blur-light,ooc,228,437,644,0,0.12131121009588242,"[644, 594, 587, 845, 583]","[0.12131121009588242, 0.07658440619707108, 0.059052541851997375, 0.05030759051442146, 0.04379436373710632]"
blur-light,ooc,229,345,345,1,0.3846037983894348,"[345, 349, 350, 354, 792]","[0.3846037983894348, 0.27239924669265747, 0.22460049390792847, 0.018485169857740402, 0.018173452466726303]"
blur-light,ooc,230,913,50,0,0.4195607304573059,"[50, 839, 363, 49, 319]","[0.4195607304573059, 0.10663120448589325, 0.06420136243104935, 0.0484139621257782, 0.032176461070775986]"
blur-light,ooc,231,839,839,1,0.18373483419418335,"[839, 900, 718, 893, 898]","[0.18373483419418335, 0.10559500753879547, 0.05390965938568115, 0.04481812193989754, 0.03672689199447632]"
blur-light,ooc,232,920,703,0,0.1717040240764618,"[703, 913, 634, 350, 912]","[0.1717040240764618, 0.06060480326414108, 0.037495702505111694, 0.028950359672307968, 0.024376092478632927]"
blur-light,ooc,233,802,23,0,0.10391785204410553,"[23, 104, 276, 85, 338]","[0.10391785204410553, 0.09523759037256241, 0.06665651500225067, 0.05201328918337822, 0.04100780934095383]"
blur-light,ooc,234,755,755,1,0.244625061750412,"[755, 807, 915, 971, 316]","[0.244625061750412, 0.17284901440143585, 0.15751595795154572, 0.11219880729913712, 0.05187172070145607]"
blur-light,ooc,235,93,490,0,0.1408497542142868,"[490, 676, 195, 370, 202]","[0.1408497542142868, 0.10081363469362259, 0.07175079733133316, 0.05963624268770218, 0.04480019956827164]"
blur-light,ooc,236,821,410,0,0.2437947541475296,"[410, 703, 727, 975, 912]","[0.2437947541475296, 0.1444651037454605, 0.061098311096429825, 0.06071663647890091, 0.05783773213624954]"
blur-light,ooc,237,437,425,0,0.2370029091835022,"[425, 144, 136, 337, 142]","[0.2370029091835022, 0.16370545327663422, 0.10468598455190659, 0.10298614203929901, 0.06889965385198593]"
blur-light,ooc,238,649,791,0,0.5951883792877197,"[791, 743, 707, 657, 833]","[0.5951883792877197, 0.09459146857261658, 0.04915228113532066, 0.0346028096973896, 0.02798527479171753]"
blur-light,ooc,239,682,846,0,0.33702680468559265,"[846, 606, 497, 655, 619]","[0.33702680468559265, 0.2504954934120178, 0.0464106909930706, 0.02920878306031227, 0.024474892765283585]"
blur-light,ooc,240,900,863,0,0.11143136769533157,"[863, 900, 469, 559, 454]","[0.11143136769533157, 0.08876173943281174, 0.061783697456121445, 0.05032198876142502, 0.036319632083177567]"
blur-light,ooc,241,557,557,1,0.44760268926620483,"[557, 733, 912, 425, 843]","[0.44760268926620483, 0.24339495599269867, 0.04214281961321831, 0.03196924924850464, 0.01807941123843193]"
blur-light,ooc,242,812,89,0,0.1128346249461174,"[89, 537, 81, 701, 258]","[0.1128346249461174, 0.09254397451877594, 0.06999903917312622, 0.041503921151161194, 0.04108341410756111]"
blur-light,ooc,243,988,852,0,0.5057454705238342,"[852, 988, 952, 8, 99]","[0.5057454705238342, 0.09958415478467941, 0.03791109099984169, 0.0341833122074604, 0.03161047771573067]"
blur-light,ooc,244,322,138,0,0.336422860622406,"[138, 326, 134, 85, 21]","[0.336422860622406, 0.1597137749195099, 0.07853762805461884, 0.07473472505807877, 0.054987337440252304]"
blur-light,ooc,245,131,160,0,0.13797008991241455,"[160, 776, 683, 420, 253]","[0.13797008991241455, 0.06397721916437149, 0.05897917598485947, 0.05790596455335617, 0.039388012140989304]"
blur-light,ooc,246,309,40,0,0.3994547128677368,"[40, 173, 42, 87, 858]","[0.3994547128677368, 0.05385581776499748, 0.052133578807115555, 0.05108034238219261, 0.038162991404533386]"
blur-light,ooc,247,324,87,0,0.09625469148159027,"[87, 797, 88, 39, 22]","[0.09625469148159027, 0.08657054603099823, 0.06733394414186478, 0.05281040817499161, 0.04346318542957306]"
blur-light,ooc,248,133,791,0,0.35028254985809326,"[791, 612, 870, 634, 420]","[0.35028254985809326, 0.11601345986127853, 0.055597446858882904, 0.051319487392902374, 0.03944859653711319]"
blur-light,ooc,249,988,988,1,0.7347628474235535,"[988, 113, 363, 997, 722]","[0.7347628474235535, 0.0836402177810669, 0.07899270951747894, 0.022413605824112892, 0.007040341850370169]"
blur-light,ooc,250,13,226,0,0.0808769017457962,"[226, 342, 39, 191, 716]","[0.0808769017457962, 0.06623732298612595, 0.0606919601559639, 0.05003185197710991, 0.048287034034729004]"
blur-light,ooc,251,309,148,0,0.28372469544410706,"[148, 730, 562, 898, 913]","[0.28372469544410706, 0.07625438272953033, 0.058998700231313705, 0.04458955302834511, 0.03785153850913048]"
blur-light,ooc,252,991,988,0,0.24173738062381744,"[988, 991, 429, 308, 430]","[0.24173738062381744, 0.22150281071662903, 0.1446441113948822, 0.04351021721959114, 0.03996371477842331]"
blur-light,ooc,253,303,701,0,0.5528424382209778,"[701, 908, 895, 139, 141]","[0.5528424382209778, 0.07328629493713379, 0.056010354310274124, 0.0514347217977047, 0.04414195939898491]"
blur-light,ooc,254,309,594,0,0.2893313467502594,"[594, 799, 706, 669, 562]","[0.2893313467502594, 0.08029232174158096, 0.06554662436246872, 0.056194912642240524, 0.04454405978322029]"
blur-light,ooc,255,324,324,1,0.9997684359550476,"[324, 326, 322, 325, 312]","[0.9997684359550476, 0.00014687739894725382, 7.131379970815033e-05, 9.029401553561911e-06, 4.048499704367714e-07]"
blur-light,ooc,256,303,319,0,0.3041508197784424,"[319, 304, 320, 314, 302]","[0.3041508197784424, 0.22402818500995636, 0.09061801433563232, 0.05992959067225456, 0.048155829310417175]"
blur-light,ooc,257,323,58,0,0.15193453431129456,"[58, 123, 30, 124, 37]","[0.15193453431129456, 0.08573510497808456, 0.080956369638443, 0.06420938670635223, 0.06320106238126755]"
blur-light,ooc,258,989,31,0,0.3335326313972473,"[31, 301, 948, 680, 308]","[0.3335326313972473, 0.11352358013391495, 0.08439438045024872, 0.031026652082800865, 0.02740558423101902]"
blur-light,ooc,259,324,279,0,0.17157500982284546,"[279, 554, 296, 270, 258]","[0.17157500982284546, 0.10559436678886414, 0.07383037358522415, 0.07260468602180481, 0.04398936778306961]"
blur-light,ooc,260,989,522,0,0.19543451070785522,"[522, 816, 989, 958, 730]","[0.19543451070785522, 0.14538246393203735, 0.09922782331705093, 0.05747528746724129, 0.05061844736337662]"
blur-light,ooc,261,323,671,0,0.8875107765197754,"[671, 444, 701, 323, 870]","[0.8875107765197754, 0.051244888454675674, 0.0303835179656744, 0.008310345932841301, 0.004520881455391645]"
blur-light,ooc,262,78,122,0,0.4145709276199341,"[122, 444, 12, 124, 830]","[0.4145709276199341, 0.16975560784339905, 0.13034307956695557, 0.051407866179943085, 0.031200343742966652]"
blur-light,ooc,263,945,81,0,0.3905244469642639,"[81, 728, 431, 700, 701]","[0.3905244469642639, 0.18191911280155182, 0.06548526138067245, 0.05318128690123558, 0.04922566935420036]"
blur-light,ooc,264,303,286,0,0.1832699328660965,"[286, 693, 51, 99, 97]","[0.1832699328660965, 0.12594960629940033, 0.11256378144025803, 0.09737785160541534, 0.05662227421998978]"
blur-light,ooc,265,78,546,0,0.21430803835391998,"[546, 776, 545, 402, 603]","[0.21430803835391998, 0.1701337844133377, 0.169777050614357, 0.10553355515003204, 0.0415554940700531]"
blur-light,ooc,266,323,323,1,0.9925927519798279,"[323, 701, 417, 671, 541]","[0.9925927519798279, 0.00678474735468626, 0.0001790142705431208, 4.539997462416068e-05, 3.8502610550494865e-05]"
blur-light,ooc,267,309,716,0,0.13749460875988007,"[716, 756, 832, 840, 185]","[0.13749460875988007, 0.12883710861206055, 0.05578889325261116, 0.046486128121614456, 0.03778330236673355]"
blur-light,ooc,268,77,386,0,0.1709805727005005,"[386, 343, 9, 425, 372]","[0.1709805727005005, 0.12141173332929611, 0.1009049117565155, 0.07330963015556335, 0.06410463154315948]"
blur-light,ooc,269,945,644,0,0.1333548128604889,"[644, 680, 845, 419, 929]","[0.1333548128604889, 0.1030108854174614, 0.09722527116537094, 0.056484729051589966, 0.05042806640267372]"
blur-light,ooc,270,322,645,0,0.07563750445842743,"[645, 595, 856, 953, 879]","[0.07563750445842743, 0.05200006440281868, 0.04415545612573624, 0.043783772736787796, 0.04331120103597641]"
blur-light,ooc,271,27,607,0,0.21197564899921417,"[607, 684, 448, 721, 943]","[0.21197564899921417, 0.15008676052093506, 0.058206476271152496, 0.04902612790465355, 0.04726646468043327]"
blur-light,ooc,272,321,321,1,0.9981036186218262,"[321, 322, 325, 56, 491]","[0.9981036186218262, 0.0003828435728792101, 0.0002783199306577444, 0.00018537523283157498, 8.474924106849357e-05]"
blur-light,ooc,273,323,323,1,0.9804722666740417,"[323, 319, 79, 314, 304]","[0.9804722666740417, 0.004168318584561348, 0.0020618068519979715, 0.0015818767715245485, 0.0015330965397879481]"
blur-light,ooc,274,937,835,0,0.5441739559173584,"[835, 596, 710, 519, 492]","[0.5441739559173584, 0.09110274165868759, 0.05206708610057831, 0.05042959377169609, 0.03776681795716286]"
blur-light,ooc,275,73,500,0,0.4348849952220917,"[500, 599, 706, 138, 892]","[0.4348849952220917, 0.28093045949935913, 0.024970009922981262, 0.013401520438492298, 0.012799466028809547]"
blur-light,ooc,276,322,133,0,0.09783491492271423,"[133, 331, 138, 322, 672]","[0.09783491492271423, 0.08533304929733276, 0.07361116260290146, 0.06379646062850952, 0.05250600352883339]"
blur-light,ooc,277,40,944,0,0.28165799379348755,"[944, 909, 996, 989, 956]","[0.28165799379348755, 0.13956891000270844, 0.08227940648794174, 0.050081245601177216, 0.045591842383146286]"
blur-light,ooc,278,31,115,0,0.16258466243743896,"[115, 291, 973, 393, 274]","[0.16258466243743896, 0.12267526239156723, 0.07418163865804672, 0.046045009046792984, 0.03901965171098709]"
blur-light,ooc,279,321,802,0,0.47230973839759827,"[802, 321, 22, 537, 80]","[0.47230973839759827, 0.4369434118270874, 0.017379503697156906, 0.013712846674025059, 0.01159660518169403]"
blur-light,ooc,280,58,107,0,0.2803749144077301,"[107, 701, 488, 65, 989]","[0.2803749144077301, 0.15829433500766754, 0.07934165745973587, 0.06001818925142288, 0.046663109213113785]"
blur-light,ooc,281,309,134,0,0.33054548501968384,"[134, 21, 93, 308, 91]","[0.33054548501968384, 0.08734811097383499, 0.05108368769288063, 0.038787294179201126, 0.038314610719680786]"
blur-light,ooc,282,303,672,0,0.15365947782993317,"[672, 303, 915, 879, 830]","[0.15365947782993317, 0.14754165709018707, 0.13691923022270203, 0.12539707124233246, 0.03314930945634842]"
blur-light,ooc,283,325,291,0,0.1367575079202652,"[291, 325, 51, 46, 322]","[0.1367575079202652, 0.13349579274654388, 0.09998888522386551, 0.039415620267391205, 0.031365279108285904]"
blur-light,ooc,284,323,323,1,0.9980917572975159,"[323, 444, 752, 477, 718]","[0.9980917572975159, 0.00018123607151210308, 0.00015089401858858764, 0.00013675016816705465, 0.00011155721585964784]"
blur-light,ooc,285,304,277,0,0.0832168310880661,"[277, 225, 198, 159, 249]","[0.0832168310880661, 0.07773865014314651, 0.04322749003767967, 0.039170797914266586, 0.03192967548966408]"
blur-light,ooc,286,18,18,1,0.9267614483833313,"[18, 17, 96, 93, 315]","[0.9267614483833313, 0.010904183611273766, 0.006038510240614414, 0.0059515065513551235, 0.0046409429050982]"
blur-light,ooc,287,178,178,1,0.8625211119651794,"[178, 208, 207, 159, 163]","[0.8625211119651794, 0.11969844251871109, 0.0036606662906706333, 0.00277586467564106, 0.0018778786761686206]"
blur-light,ooc,288,83,87,0,0.7136337757110596,"[87, 83, 545, 84, 282]","[0.7136337757110596, 0.07366462051868439, 0.014732558280229568, 0.009368513710796833, 0.008945212699472904]"
blur-light,ooc,289,362,133,0,0.19045193493366241,"[133, 139, 362, 360, 135]","[0.19045193493366241, 0.12607519328594208, 0.11562229692935944, 0.0722120925784111, 0.05423114076256752]"
blur-light,ooc,290,272,350,0,0.1336490362882614,"[350, 209, 86, 354, 356]","[0.1336490362882614, 0.08551327884197235, 0.04261072725057602, 0.04208354279398918, 0.034654565155506134]"
blur-light,ooc,291,102,663,0,0.36419031023979187,"[663, 649, 873, 427, 483]","[0.36419031023979187, 0.1410597562789917, 0.08485288918018341, 0.06519623100757599, 0.046541593968868256]"
blur-light,ooc,292,423,958,0,0.7633362412452698,"[958, 621, 703, 472, 779]","[0.7633362412452698, 0.11275499314069748, 0.03116076998412609, 0.015383315272629261, 0.008518937043845654]"
blur-light,ooc,293,543,634,0,0.16125750541687012,"[634, 462, 799, 706, 614]","[0.16125750541687012, 0.11738190054893494, 0.05376765504479408, 0.05328048765659332, 0.04190085455775261]"
blur-light,ooc,294,277,355,0,0.146325021982193,"[355, 345, 371, 354, 226]","[0.146325021982193, 0.11702686548233032, 0.09182066470384598, 0.045954380184412, 0.032492320984601974]"
blur-light,ooc,295,428,913,0,0.3933103382587433,"[913, 428, 525, 690, 603]","[0.3933103382587433, 0.30549734830856323, 0.06442401558160782, 0.06274142861366272, 0.0202543493360281]"
blur-light,ooc,296,134,89,0,0.14707379043102264,"[89, 516, 788, 515, 452]","[0.14707379043102264, 0.08703481405973434, 0.05233117192983627, 0.04477611929178238, 0.04412909969687462]"
blur-light,ooc,297,298,674,0,0.16275425255298615,"[674, 87, 676, 335, 377]","[0.16275425255298615, 0.15707041323184967, 0.11928995698690414, 0.09153319895267487, 0.07255520671606064]"
blur-light,ooc,298,170,360,0,0.274933785200119,"[360, 48, 344, 286, 13]","[0.274933785200119, 0.09817305207252502, 0.06377121806144714, 0.06330083310604095, 0.051090341061353683]"
blur-light,ooc,299,363,202,0,0.06971239298582077,"[202, 246, 524, 39, 461]","[0.06971239298582077, 0.0664568766951561, 0.06108652800321579, 0.05464252829551697, 0.04620314761996269]"
blur-light,ooc,300,356,811,0,0.31086426973342896,"[811, 282, 263, 806, 225]","[0.31086426973342896, 0.26988014578819275, 0.040053170174360275, 0.03490472212433815, 0.03001643717288971]"
blur-light,ooc,301,161,162,0,0.6959250569343567,"[162, 167, 161, 263, 264]","[0.6959250569343567, 0.10699748992919922, 0.08540922403335571, 0.021515650674700737, 0.020062442868947983]"
blur-light,ooc,302,254,309,0,0.17704442143440247,"[309, 254, 243, 113, 198]","[0.17704442143440247, 0.17333616316318512, 0.09539305418729782, 0.058514878153800964, 0.03500470146536827]"
blur-light,ooc,303,145,145,1,0.8456999063491821,"[145, 17, 90, 18, 131]","[0.8456999063491821, 0.0790574699640274, 0.05556730926036835, 0.0061775557696819305, 0.004395096562802792]"
blur-light,ooc,304,171,744,0,0.16904029250144958,"[744, 745, 657, 491, 370]","[0.16904029250144958, 0.10090834647417068, 0.05960773304104805, 0.0539046935737133, 0.04667514190077782]"
blur-light,ooc,305,299,86,0,0.44726914167404175,"[86, 336, 330, 331, 85]","[0.44726914167404175, 0.05766959860920906, 0.04743124544620514, 0.04238305613398552, 0.02777004987001419]"
blur-light,ooc,306,251,251,1,0.9923991560935974,"[251, 289, 849, 246, 257]","[0.9923991560935974, 0.0014230170054361224, 0.0012008320773020387, 0.001023725955747068, 0.000700728502124548]"
blur-light,ooc,307,292,953,0,0.4375321865081787,"[953, 292, 282, 37, 281]","[0.4375321865081787, 0.1836642324924469, 0.1108165830373764, 0.025843996554613113, 0.021251222118735313]"
blur-light,ooc,308,77,73,0,0.42975515127182007,"[73, 307, 77, 303, 304]","[0.42975515127182007, 0.12361506372690201, 0.110028475522995, 0.07984987646341324, 0.06616321951150894]"
blur-light,ooc,309,305,99,0,0.2041102945804596,"[99, 349, 145, 134, 345]","[0.2041102945804596, 0.11072051525115967, 0.06964253634214401, 0.05873372405767441, 0.046080756932497025]"
blur-light,ooc,310,299,144,0,0.1002475917339325,"[144, 81, 360, 86, 131]","[0.1002475917339325, 0.08943159133195877, 0.0767851322889328, 0.06279086321592331, 0.04698030650615692]"
blur-light,ooc,311,83,85,0,0.24688909947872162,"[85, 326, 136, 196, 93]","[0.24688909947872162, 0.036305177956819534, 0.03319375216960907, 0.029737254604697227, 0.02898223139345646]"
blur-light,ooc,312,362,147,0,0.22047606110572815,"[147, 360, 150, 337, 144]","[0.22047606110572815, 0.15531523525714874, 0.15436029434204102, 0.0635649636387825, 0.05783826485276222]"
blur-light,ooc,313,85,85,1,0.721256673336029,"[85, 99, 142, 97, 140]","[0.721256673336029, 0.12808914482593536, 0.05691699683666229, 0.015398609451949596, 0.014877336099743843]"
blur-light,ooc,314,203,203,1,0.6871824264526367,"[203, 364, 173, 215, 11]","[0.6871824264526367, 0.11590532958507538, 0.04892720654606819, 0.025577815249562263, 0.015185791067779064]"
blur-light,ooc,315,79,81,0,0.42174696922302246,"[81, 832, 144, 82, 803]","[0.42174696922302246, 0.0647721141576767, 0.061621762812137604, 0.042465340346097946, 0.026533503085374832]"
blur-light,ooc,316,71,282,0,0.1204671710729599,"[282, 202, 285, 272, 187]","[0.1204671710729599, 0.10452116280794144, 0.09282934665679932, 0.08172037452459335, 0.05769350007176399]"
blur-light,ooc,317,298,6,0,0.41325676441192627,"[6, 392, 5, 65, 4]","[0.41325676441192627, 0.09534019231796265, 0.05537731200456619, 0.049419596791267395, 0.04834306985139847]"
blur-light,ooc,318,336,299,0,0.30174949765205383,"[299, 354, 182, 336, 191]","[0.30174949765205383, 0.164491206407547, 0.10809120535850525, 0.05887621268630028, 0.052584175020456314]"
blur-light,ooc,319,425,829,0,0.18885472416877747,"[829, 462, 427, 915, 791]","[0.18885472416877747, 0.16431596875190735, 0.09768711775541306, 0.07948969304561615, 0.07306379824876785]"
blur-light,ooc,320,137,295,0,0.23803168535232544,"[295, 357, 166, 334, 161]","[0.23803168535232544, 0.21208564937114716, 0.04503384605050087, 0.037700966000556946, 0.03729458525776863]"
blur-light,ooc,321,372,309,0,0.803329586982727,"[309, 985, 946, 824, 322]","[0.803329586982727, 0.10651349276304245, 0.010496244765818119, 0.007557472679764032, 0.006968301255255938]"
blur-light,ooc,322,958,469,0,0.06861858814954758,"[469, 753, 765, 659, 831]","[0.06861858814954758, 0.06564237177371979, 0.05273142457008362, 0.04587412253022194, 0.03482681140303612]"
blur-light,ooc,323,232,977,0,0.33718156814575195,"[977, 978, 975, 970, 460]","[0.33718156814575195, 0.17131763696670532, 0.1428556889295578, 0.053955018520355225, 0.036798544228076935]"
blur-light,ooc,324,279,338,0,0.2579960227012634,"[338, 245, 173, 216, 208]","[0.2579960227012634, 0.12777309119701385, 0.06185382977128029, 0.045049767941236496, 0.038844555616378784]"
blur-light,ooc,325,146,558,0,0.4174378514289856,"[558, 122, 486, 420, 215]","[0.4174378514289856, 0.10797737538814545, 0.035457078367471695, 0.03228671848773956, 0.03146687150001526]"
blur-light,ooc,326,352,364,0,0.2501627206802368,"[364, 378, 381, 955, 105]","[0.2501627206802368, 0.1628343015909195, 0.07253455370664597, 0.06420796364545822, 0.04980370029807091]"
blur-light,ooc,327,958,908,0,0.11862122267484665,"[908, 765, 656, 559, 526]","[0.11862122267484665, 0.08959748595952988, 0.04212503507733345, 0.040842149406671524, 0.029731452465057373]"
blur-light,ooc,328,958,421,0,0.10749366879463196,"[421, 591, 775, 475, 656]","[0.10749366879463196, 0.05995320901274681, 0.0426931194961071, 0.03849589824676514, 0.030040549114346504]"
blur-light,ooc,329,275,752,0,0.24969454109668732,"[752, 87, 22, 701, 172]","[0.24969454109668732, 0.23840908706188202, 0.062069475650787354, 0.05148842930793762, 0.05100206285715103]"
blur-light,ooc,330,888,467,0,0.2162366807460785,"[467, 699, 684, 558, 429]","[0.2162366807460785, 0.16805250942707062, 0.1595860868692398, 0.15407869219779968, 0.025861993432044983]"
blur-light,ooc,331,352,744,0,0.1320735514163971,"[744, 774, 846, 40, 598]","[0.1320735514163971, 0.09113435447216034, 0.07682578265666962, 0.04748648405075073, 0.02864832431077957]"
blur-light,ooc,332,85,958,0,0.14657741785049438,"[958, 9, 84, 99, 646]","[0.14657741785049438, 0.1277325451374054, 0.0727333202958107, 0.042911842465400696, 0.041275862604379654]"
blur-light,ooc,333,9,61,0,0.0833214595913887,"[61, 695, 909, 544, 715]","[0.0833214595913887, 0.08116080611944199, 0.06290039420127869, 0.04848117381334305, 0.040451906621456146]"
blur-light,ooc,334,199,256,0,0.3433542549610138,"[256, 295, 338, 199, 357]","[0.3433542549610138, 0.11275370419025421, 0.04338300600647926, 0.03589620813727379, 0.03087819740176201]"
blur-light,ooc,335,522,49,0,0.20500893890857697,"[49, 39, 994, 58, 142]","[0.20500893890857697, 0.1270425170660019, 0.07545282691717148, 0.049302469938993454, 0.039840567857027054]"
blur-light,ooc,336,340,569,0,0.3771393895149231,"[569, 907, 594, 737, 877]","[0.3771393895149231, 0.06972918659448624, 0.04434311389923096, 0.03147343918681145, 0.030616436153650284]"
blur-light,ooc,337,9,33,0,0.1016107127070427,"[33, 360, 305, 348, 71]","[0.1016107127070427, 0.07944952696561813, 0.05695100873708725, 0.041904788464307785, 0.03905624523758888]"
blur-light,ooc,338,386,343,0,0.2746582329273224,"[343, 101, 346, 385, 349]","[0.2746582329273224, 0.27279722690582275, 0.10977546870708466, 0.060781754553318024, 0.057117633521556854]"
blur-light,ooc,339,274,237,0,0.15453700721263885,"[237, 184, 253, 225, 211]","[0.15453700721263885, 0.12142688781023026, 0.07464936375617981, 0.06282912939786911, 0.05224477872252464]"
blur-light,ooc,340,274,385,0,0.528116762638092,"[385, 51, 365, 372, 386]","[0.528116762638092, 0.10373383015394211, 0.10352214425802231, 0.047523122280836105, 0.024251794442534447]"
blur-light,ooc,341,254,254,1,0.46892622113227844,"[254, 162, 18, 999, 550]","[0.46892622113227844, 0.049419794231653214, 0.036622390151023865, 0.024635788053274155, 0.024102047085762024]"
blur-light,ooc,342,185,344,0,0.14573167264461517,"[344, 193, 226, 373, 365]","[0.14573167264461517, 0.14306405186653137, 0.0990978553891182, 0.08730064332485199, 0.05828041210770607]"
blur-light,ooc,343,169,12,0,0.4663917124271393,"[12, 616, 16, 13, 20]","[0.4663917124271393, 0.057800088077783585, 0.050708360970020294, 0.04683271795511246, 0.04082948714494705]"
blur-light,ooc,344,193,226,0,0.16370749473571777,"[226, 182, 186, 185, 198]","[0.16370749473571777, 0.1552463322877884, 0.08975154906511307, 0.08301974833011627, 0.06133676692843437]"
blur-light,ooc,345,355,631,0,0.16301587224006653,"[631, 711, 618, 804, 585]","[0.16301587224006653, 0.08057781308889389, 0.07772421836853027, 0.05192090943455696, 0.04018087312579155]"
blur-light,ooc,346,83,464,0,0.13862280547618866,"[464, 806, 840, 83, 770]","[0.13862280547618866, 0.12103310227394104, 0.07872454822063446, 0.06616601347923279, 0.044570405036211014]"
blur-light,ooc,347,355,374,0,0.32143935561180115,"[374, 375, 231, 160, 381]","[0.32143935561180115, 0.18150830268859863, 0.056311238557100296, 0.03556765988469124, 0.03199726343154907]"
blur-light,ooc,348,172,863,0,0.21538114547729492,"[863, 816, 365, 63, 58]","[0.21538114547729492, 0.17178988456726074, 0.09718947112560272, 0.07943782955408096, 0.047101009637117386]"
blur-light,ooc,349,958,727,0,0.13402815163135529,"[727, 84, 562, 955, 721]","[0.13402815163135529, 0.09628432989120483, 0.09507948905229568, 0.07167021185159683, 0.0400499664247036]"
blur-light,ooc,350,425,716,0,0.2115701586008072,"[716, 410, 703, 580, 879]","[0.2115701586008072, 0.16985231637954712, 0.09199699014425278, 0.08866361528635025, 0.08016341179609299]"
blur-light,ooc,351,958,958,1,0.9821765422821045,"[958, 137, 494, 850, 816]","[0.9821765422821045, 0.00643968628719449, 0.004435265436768532, 0.0007575927884317935, 0.00035420263884589076]"
blur-light,ooc,352,425,830,0,0.1384878009557724,"[830, 840, 879, 569, 871]","[0.1384878009557724, 0.0780164822936058, 0.06447494775056839, 0.05991065874695778, 0.04922855272889137]"
blur-light,ooc,353,681,428,0,0.28686752915382385,"[428, 6, 792, 144, 212]","[0.28686752915382385, 0.14837990701198578, 0.05256156623363495, 0.033915046602487564, 0.025583969429135323]"
blur-light,ooc,354,755,985,0,0.9970347881317139,"[985, 46, 879, 325, 986]","[0.9970347881317139, 0.0003149319381918758, 0.0003053047985304147, 0.00030201763729564846, 0.0002949811751022935]"
blur-light,ooc,355,251,391,0,0.1087372675538063,"[391, 879, 472, 84, 562]","[0.1087372675538063, 0.08847421407699585, 0.06203949451446533, 0.051410529762506485, 0.04998742789030075]"
blur-light,ooc,356,209,274,0,0.3458356261253357,"[274, 184, 191, 277, 349]","[0.3458356261253357, 0.14813446998596191, 0.0875428095459938, 0.06484253704547882, 0.02660195901989937]"
blur-light,ooc,357,872,546,0,0.3082028329372406,"[546, 762, 752, 61, 87]","[0.3082028329372406, 0.04405609890818596, 0.04060982167720795, 0.03028658963739872, 0.028915544971823692]"
blur-light,ooc,358,177,197,0,0.21440741419792175,"[197, 345, 355, 205, 649]","[0.21440741419792175, 0.06643799692392349, 0.04781326279044151, 0.04578395560383797, 0.04188833013176918]"
blur-light,ooc,359,172,141,0,0.22969846427440643,"[141, 140, 21, 172, 94]","[0.22969846427440643, 0.207468181848526, 0.07101970911026001, 0.06798971444368362, 0.04866606369614601]"
blur-light,ooc,360,425,583,0,0.16048434376716614,"[583, 657, 471, 448, 425]","[0.16048434376716614, 0.09661407023668289, 0.056153252720832825, 0.04223864525556564, 0.0374276340007782]"
blur-light,ooc,361,191,226,0,0.6496526598930359,"[226, 193, 255, 175, 160]","[0.6496526598930359, 0.06280836462974548, 0.054844748228788376, 0.041257645934820175, 0.027499405667185783]"
blur-light,ooc,362,23,84,0,0.1556970477104187,"[84, 135, 21, 8, 318]","[0.1556970477104187, 0.078224316239357, 0.05944341421127319, 0.04749329760670662, 0.04124506935477257]"
blur-light,ooc,363,353,339,0,0.38968706130981445,"[339, 242, 225, 159, 236]","[0.38968706130981445, 0.12040771543979645, 0.050566479563713074, 0.04244311526417732, 0.03183775767683983]"
blur-light,ooc,364,209,585,0,0.25235500931739807,"[585, 614, 850, 478, 865]","[0.25235500931739807, 0.07108807563781738, 0.04227043688297272, 0.04085604101419449, 0.039792273193597794]"
blur-light,ooc,365,352,415,0,0.28391632437705994,"[415, 865, 929, 850, 765]","[0.28391632437705994, 0.2111930400133133, 0.07961715757846832, 0.062984399497509, 0.02295617014169693]"
blur-light,ooc,366,690,7,0,0.09510108828544617,"[7, 136, 323, 123, 989]","[0.09510108828544617, 0.08870814740657806, 0.055975306779146194, 0.0542353093624115, 0.0423286035656929]"
blur-light,ooc,367,348,706,0,0.4083874523639679,"[706, 345, 580, 822, 346]","[0.4083874523639679, 0.16922274231910706, 0.06232514604926109, 0.042473696172237396, 0.029717151075601578]"
blur-light,ooc,368,336,977,0,0.08078310638666153,"[977, 338, 6, 672, 706]","[0.08078310638666153, 0.0624643936753273, 0.06161772832274437, 0.052950385957956314, 0.04328874871134758]"
blur-light,ooc,369,574,951,0,0.08310332894325256,"[951, 950, 649, 582, 940]","[0.08310332894325256, 0.0744180753827095, 0.05915447697043419, 0.04366622120141983, 0.03238578513264656]"
blur-light,ooc,370,172,88,0,0.18627725541591644,"[88, 17, 349, 128, 134]","[0.18627725541591644, 0.08898277580738068, 0.08470115810632706, 0.05400172621011734, 0.045683130621910095]"
blur-light,ooc,371,428,141,0,0.3451720178127289,"[141, 140, 142, 413, 134]","[0.3451720178127289, 0.15654641389846802, 0.1307121217250824, 0.06912301480770111, 0.0556982159614563]"
blur-light,ooc,372,277,868,0,0.12167221307754517,"[868, 762, 453, 664, 532]","[0.12167221307754517, 0.1142311617732048, 0.07697312533855438, 0.05897879973053932, 0.05349390208721161]"
blur-light,ooc,373,209,170,0,0.5556070804595947,"[170, 348, 226, 182, 160]","[0.5556070804595947, 0.06373818963766098, 0.04548503831028938, 0.03129860758781433, 0.02443736419081688]"
blur-light,ooc,374,575,575,1,0.9334208369255066,"[575, 621, 864, 609, 757]","[0.9334208369255066, 0.04128732904791832, 0.007303517311811447, 0.002645481377840042, 0.00180989655200392]"
blur-light,ooc,375,958,136,0,0.225619375705719,"[136, 325, 941, 90, 25]","[0.225619375705719, 0.17816059291362762, 0.09855330735445023, 0.06012802943587303, 0.05258126184344292]"
blur-light,ooc,376,340,755,0,0.5218501091003418,"[755, 340, 701, 900, 437]","[0.5218501091003418, 0.13604797422885895, 0.11433903872966766, 0.03468427434563637, 0.019227704033255577]"
blur-light,ooc,377,191,701,0,0.2353508174419403,"[701, 795, 970, 802, 491]","[0.2353508174419403, 0.23074083030223846, 0.15942974388599396, 0.032621342688798904, 0.029643593356013298]"
blur-light,ooc,378,232,232,1,0.5124320983886719,"[232, 217, 231, 155, 200]","[0.5124320983886719, 0.14354248344898224, 0.05492214486002922, 0.03688814118504524, 0.034810274839401245]"
blur-light,ooc,379,352,701,0,0.6680536270141602,"[701, 354, 349, 417, 386]","[0.6680536270141602, 0.12442955374717712, 0.02445043995976448, 0.01681606099009514, 0.008599290624260902]"
blur-light,ooc,380,373,372,0,0.5124862790107727,"[372, 373, 336, 191, 294]","[0.5124862790107727, 0.12816055119037628, 0.10968092828989029, 0.03998788446187973, 0.02773776650428772]"
blur-light,ooc,381,353,92,0,0.5311949253082275,"[92, 91, 315, 16, 21]","[0.5311949253082275, 0.13627131283283234, 0.03065430372953415, 0.029481783509254456, 0.028131205588579178]"
blur-light,ooc,382,888,64,0,0.22533389925956726,"[64, 53, 46, 59, 57]","[0.22533389925956726, 0.11211244761943817, 0.10587791353464127, 0.08894370496273041, 0.08153779059648514]"
blur-light,ooc,383,286,853,0,0.7052022218704224,"[853, 532, 884, 588, 133]","[0.7052022218704224, 0.03659338131546974, 0.02554992586374283, 0.01861024647951126, 0.0183367021381855]"
blur-light,ooc,384,299,364,0,0.1707790493965149,"[364, 382, 383, 299, 298]","[0.1707790493965149, 0.12167896330356598, 0.11387788504362106, 0.08199720084667206, 0.047109708189964294]"
blur-light,ooc,385,350,51,0,0.18197883665561676,"[51, 936, 22, 956, 112]","[0.18197883665561676, 0.14928127825260162, 0.0770186185836792, 0.07667789608240128, 0.06377308070659637]"
blur-light,ooc,386,143,143,1,0.5357332825660706,"[143, 146, 980, 18, 97]","[0.5357332825660706, 0.34988126158714294, 0.05842147767543793, 0.010282228700816631, 0.010213132947683334]"
blur-light,ooc,387,336,646,0,0.16255593299865723,"[646, 765, 39, 706, 981]","[0.16255593299865723, 0.08065372705459595, 0.06735687702894211, 0.054765429347753525, 0.05140789598226547]"
blur-light,ooc,388,353,792,0,0.18419595062732697,"[792, 237, 537, 795, 428]","[0.18419595062732697, 0.13520939648151398, 0.09502007812261581, 0.08978945761919022, 0.08360650390386581]"
blur-light,ooc,389,305,547,0,0.40936651825904846,"[547, 525, 820, 839, 565]","[0.40936651825904846, 0.148667111992836, 0.11983596533536911, 0.057225994765758514, 0.03584199398756027]"
blur-light,ooc,390,349,348,0,0.5443171858787537,"[348, 349, 346, 350, 345]","[0.5443171858787537, 0.43214869499206543, 0.007603717502206564, 0.005238501820713282, 0.0027731757145375013]"
blur-light,ooc,391,11,962,0,0.2655736804008484,"[962, 115, 963, 116, 110]","[0.2655736804008484, 0.1227688193321228, 0.07728826999664307, 0.05286619812250137, 0.04200832173228264]"
blur-light,ooc,392,26,958,0,0.5240564346313477,"[958, 354, 649, 352, 351]","[0.5240564346313477, 0.07988281548023224, 0.06825730949640274, 0.04610058665275574, 0.03915148600935936]"
blur-light,ooc,393,336,360,0,0.12528368830680847,"[360, 202, 170, 336, 150]","[0.12528368830680847, 0.1012454628944397, 0.052080973982810974, 0.04262892156839371, 0.03885273635387421]"
blur-light,ooc,394,79,425,0,0.4299721121788025,"[425, 669, 448, 840, 303]","[0.4299721121788025, 0.06884902715682983, 0.041249871253967285, 0.03020499460399151, 0.0263653714209795]"
blur-light,ooc,395,63,102,0,0.14946796000003815,"[102, 337, 36, 334, 50]","[0.14946796000003815, 0.10994348675012589, 0.10712914913892746, 0.104146808385849, 0.08844221383333206]"
blur-light,ooc,396,349,701,0,0.15123026072978973,"[701, 161, 201, 242, 162]","[0.15123026072978973, 0.1340009868144989, 0.11023283749818802, 0.03958684578537941, 0.031738318502902985]"
blur-light,ooc,397,17,148,0,0.2887745201587677,"[148, 562, 871, 17, 150]","[0.2887745201587677, 0.14286436140537262, 0.09474635869264603, 0.06657680869102478, 0.049061406403779984]"
blur-light,ooc,398,354,336,0,0.09782253950834274,"[336, 390, 47, 298, 362]","[0.09782253950834274, 0.08684567362070084, 0.06735361367464066, 0.054925091564655304, 0.0484168715775013]"
blur-light,ooc,399,172,376,0,0.1357724815607071,"[376, 373, 381, 371, 159]","[0.1357724815607071, 0.08258304744958878, 0.05699379742145538, 0.05068180710077286, 0.0392904207110405]"
blur-light,ooc,400,390,52,0,0.1412547528743744,"[52, 55, 46, 390, 488]","[0.1412547528743744, 0.13425062596797943, 0.1286206692457199, 0.11361227929592133, 0.07192561775445938]"
blur-light,ooc,401,42,703,0,0.2973501682281494,"[703, 843, 428, 134, 489]","[0.2973501682281494, 0.22276084125041962, 0.06364117562770844, 0.0265917107462883, 0.021910792216658592]"
blur-light,ooc,402,251,289,0,0.2337271124124527,"[289, 991, 996, 946, 947]","[0.2337271124124527, 0.10252592712640762, 0.0826471671462059, 0.06353218853473663, 0.055027592927217484]"
blur-light,ooc,403,13,879,0,0.05454029515385628,"[879, 982, 483, 977, 663]","[0.05454029515385628, 0.04733917862176895, 0.046834759414196014, 0.04093312472105026, 0.037586405873298645]"
blur-light,ooc,404,139,139,1,0.9924929738044739,"[139, 976, 22, 140, 143]","[0.9924929738044739, 0.0011548643233254552, 0.0007777209393680096, 0.0006066185887902975, 0.00060188805218786]"
blur-light,ooc,405,336,366,0,0.1563749611377716,"[366, 343, 386, 101, 346]","[0.1563749611377716, 0.13484196364879608, 0.07844161242246628, 0.07681173086166382, 0.06185431033372879]"
blur-light,ooc,406,277,309,0,0.25427842140197754,"[309, 938, 956, 996, 937]","[0.25427842140197754, 0.2057189643383026, 0.1426680088043213, 0.10560449957847595, 0.06067213416099548]"
blur-light,ooc,407,375,786,0,0.12476770579814911,"[786, 642, 471, 424, 571]","[0.12476770579814911, 0.07003848254680634, 0.05961466208100319, 0.045917119830846786, 0.04557156190276146]"
blur-light,ooc,408,26,994,0,0.3259787857532501,"[994, 225, 27, 634, 59]","[0.3259787857532501, 0.10113435238599777, 0.09455886483192444, 0.05018976330757141, 0.028980284929275513]"
blur-light,ooc,409,295,370,0,0.36762890219688416,"[370, 39, 267, 224, 295]","[0.36762890219688416, 0.09061117470264435, 0.04986964166164398, 0.04832899942994118, 0.0404585637152195]"
blur-light,ooc,410,674,672,0,0.2427653968334198,"[672, 656, 425, 755, 779]","[0.2427653968334198, 0.06500863283872604, 0.04878198727965355, 0.048563361167907715, 0.04311585798859596]"
blur-light,ooc,411,57,65,0,0.3975137174129486,"[65, 58, 133, 50, 111]","[0.3975137174129486, 0.05194729194045067, 0.03410303592681885, 0.03347809985280037, 0.032106056809425354]"
blur-light,ooc,412,59,50,0,0.39314231276512146,"[50, 141, 142, 980, 334]","[0.39314231276512146, 0.20194335281848907, 0.06447963416576385, 0.05421849340200424, 0.03653816133737564]"
blur-light,ooc,413,357,242,0,0.13071534037590027,"[242, 225, 237, 171, 284]","[0.13071534037590027, 0.12380814552307129, 0.07783515751361847, 0.07667039334774017, 0.07484976202249527]"
blur-light,ooc,414,336,981,0,0.12451908737421036,"[981, 429, 958, 104, 277]","[0.12451908737421036, 0.07651451975107193, 0.07290685176849365, 0.07186558097600937, 0.05155429616570473]"
blur-light,ooc,415,86,430,0,0.9784327745437622,"[430, 615, 518, 429, 981]","[0.9784327745437622, 0.007952607236802578, 0.0021225048694759607, 0.0019841985777020454, 0.001466324902139604]"
blur-light,ooc,416,62,448,0,0.20289504528045654,"[448, 84, 955, 381, 88]","[0.20289504528045654, 0.1302320659160614, 0.08682750910520554, 0.07549620419740677, 0.044327620416879654]"
blur-light,ooc,417,677,415,0,0.12128787487745285,"[415, 454, 624, 764, 762]","[0.12128787487745285, 0.11646534502506256, 0.11158078908920288, 0.07428518682718277, 0.0707341730594635]"
blur-light,ooc,418,387,348,0,0.4760599136352539,"[348, 33, 973, 397, 150]","[0.4760599136352539, 0.07120643556118011, 0.05545235052704811, 0.045865632593631744, 0.030710147693753242]"
blur-light,ooc,419,85,81,0,0.191025048494339,"[81, 80, 326, 21, 85]","[0.191025048494339, 0.18260185420513153, 0.07133681327104568, 0.06749880313873291, 0.049025893211364746]"
blur-light,ooc,420,544,835,0,0.14712941646575928,"[835, 938, 248, 529, 736]","[0.14712941646575928, 0.06825409829616547, 0.048277679830789566, 0.04103780910372734, 0.03532978892326355]"
blur-light,ooc,421,77,77,1,0.6381484866142273,"[77, 303, 73, 74, 309]","[0.6381484866142273, 0.1281181126832962, 0.04498517885804176, 0.031289055943489075, 0.02910306304693222]"
blur-light,ooc,422,357,347,0,0.40429192781448364,"[347, 210, 958, 386, 344]","[0.40429192781448364, 0.10937374085187912, 0.08716019988059998, 0.03508606553077698, 0.021506262943148613]"
blur-light,ooc,423,383,383,1,0.2764395475387573,"[383, 46, 276, 489, 292]","[0.2764395475387573, 0.042695000767707825, 0.04244965314865112, 0.042192939668893814, 0.030801188200712204]"
blur-light,ooc,424,277,690,0,0.08537021279335022,"[690, 603, 163, 345, 225]","[0.08537021279335022, 0.06908125430345535, 0.06625737994909286, 0.06502983719110489, 0.06049620360136032]"
blur-light,ooc,425,803,866,0,0.10172159224748611,"[866, 588, 611, 830, 645]","[0.10172159224748611, 0.038940101861953735, 0.03166759014129639, 0.031177103519439697, 0.030170759186148643]"
blur-light,ooc,426,792,795,0,0.30468305945396423,"[795, 483, 497, 682, 970]","[0.30468305945396423, 0.08765864372253418, 0.06611459702253342, 0.06199293211102486, 0.021704019978642464]"
blur-light,ooc,427,795,564,0,0.22090068459510803,"[564, 706, 831, 423, 424]","[0.22090068459510803, 0.17111657559871674, 0.11437039822340012, 0.08677937090396881, 0.04257364943623543]"
blur-light,ooc,428,83,83,1,0.9016497135162354,"[83, 340, 177, 99, 198]","[0.9016497135162354, 0.06461557000875473, 0.009193016216158867, 0.007173996884375811, 0.0019772208761423826]"
blur-light,ooc,429,24,380,0,0.14973872900009155,"[380, 382, 313, 377, 95]","[0.14973872900009155, 0.12174694240093231, 0.08204222470521927, 0.0788969099521637, 0.06690481305122375]"
blur-light,ooc,430,802,56,0,0.23374824225902557,"[56, 53, 850, 865, 825]","[0.23374824225902557, 0.07787317782640457, 0.06612636148929596, 0.042031750082969666, 0.04022514820098877]"
blur-light,ooc,431,491,78,0,0.10594791173934937,"[78, 952, 118, 344, 939]","[0.10594791173934937, 0.061978407204151154, 0.047162383794784546, 0.044278621673583984, 0.03377806022763252]"
blur-light,ooc,432,277,842,0,0.3742245137691498,"[842, 350, 17, 537, 652]","[0.3742245137691498, 0.06074315682053566, 0.06015196070075035, 0.03386890888214111, 0.023343006148934364]"
blur-light,ooc,433,802,784,0,0.09201940894126892,"[784, 786, 687, 642, 579]","[0.09201940894126892, 0.0799955204129219, 0.07950367778539658, 0.07439291477203369, 0.05810735747218132]"
blur-light,ooc,434,802,144,0,0.1373715102672577,"[144, 802, 814, 408, 491]","[0.1373715102672577, 0.10652130097150803, 0.08099795877933502, 0.04047841578722, 0.03983224183320999]"
blur-light,ooc,435,516,912,0,0.10197023302316666,"[912, 825, 410, 519, 943]","[0.10197023302316666, 0.07900450378656387, 0.05306178331375122, 0.040001850575208664, 0.037103429436683655]"
blur-light,ooc,436,13,13,1,0.7445904612541199,"[13, 17, 879, 15, 749]","[0.7445904612541199, 0.03296421840786934, 0.02981780469417572, 0.021607249975204468, 0.018970493227243423]"
blur-light,ooc,437,296,296,1,0.4893478453159332,"[296, 258, 270, 228, 203]","[0.4893478453159332, 0.22003859281539917, 0.18228240311145782, 0.02861037850379944, 0.01355957705527544]"
blur-light,ooc,438,425,425,1,0.22279959917068481,"[425, 437, 557, 682, 449]","[0.22279959917068481, 0.14998425543308258, 0.13782650232315063, 0.04849700257182121, 0.03804308548569679]"
blur-light,ooc,439,223,913,0,0.504648745059967,"[913, 404, 405, 895, 347]","[0.504648745059967, 0.08775772154331207, 0.07874860614538193, 0.06780039519071579, 0.02537563629448414]"
blur-light,ooc,440,795,870,0,0.14221730828285217,"[870, 703, 764, 637, 522]","[0.14221730828285217, 0.0761575996875763, 0.07130712270736694, 0.04002424329519272, 0.03712524473667145]"
blur-light,ooc,441,13,137,0,0.2165137082338333,"[137, 99, 408, 142, 141]","[0.2165137082338333, 0.10281404107809067, 0.06864035874605179, 0.04148454964160919, 0.028575722128152847]"
blur-light,ooc,442,227,171,0,0.06201563775539398,"[171, 349, 420, 546, 13]","[0.06201563775539398, 0.06121479719877243, 0.05962091684341431, 0.05821181833744049, 0.0553470179438591]"
blur-light,ooc,443,867,595,0,0.2464711219072342,"[595, 803, 637, 609, 867]","[0.2464711219072342, 0.14783817529678345, 0.13174356520175934, 0.061368655413389206, 0.04607196897268295]"
blur-light,ooc,444,232,232,1,0.19345417618751526,"[232, 152, 217, 176, 155]","[0.19345417618751526, 0.1454733908176422, 0.0863073468208313, 0.08559608459472656, 0.039892565459012985]"
blur-light,ooc,445,795,977,0,0.12460950016975403,"[977, 703, 814, 833, 539]","[0.12460950016975403, 0.11857787519693375, 0.08016443997621536, 0.04178411886096001, 0.040966641157865524]"
blur-light,ooc,446,81,99,0,0.11882936954498291,"[99, 132, 87, 701, 538]","[0.11882936954498291, 0.11476091295480728, 0.10027366131544113, 0.07223109155893326, 0.06049666181206703]"
blur-light,ooc,447,238,112,0,0.18520261347293854,"[112, 842, 445, 529, 988]","[0.18520261347293854, 0.1829039305448532, 0.10850878059864044, 0.07502347975969315, 0.026249496266245842]"
blur-light,ooc,448,296,162,0,0.22977423667907715,"[162, 356, 208, 338, 172]","[0.22977423667907715, 0.10574821382761002, 0.06211034581065178, 0.05946771800518036, 0.039597198367118835]"
blur-light,ooc,449,172,242,0,0.12106268852949142,"[242, 172, 167, 247, 355]","[0.12106268852949142, 0.08931516110897064, 0.0754687711596489, 0.07314141094684601, 0.03500891104340553]"
blur-light,ooc,450,178,159,0,0.2546211779117584,"[159, 168, 213, 354, 209]","[0.2546211779117584, 0.1222040057182312, 0.0461544394493103, 0.03797053173184395, 0.03232825547456741]"
blur-light,ooc,451,803,450,0,0.7297558784484863,"[450, 798, 769, 510, 803]","[0.7297558784484863, 0.05868276208639145, 0.034493207931518555, 0.026054104790091515, 0.008356540463864803]"
blur-light,ooc,452,331,17,0,0.22757521271705627,"[17, 13, 131, 92, 14]","[0.22757521271705627, 0.21786817908287048, 0.20511862635612488, 0.12102369219064713, 0.039552636444568634]"
blur-light,ooc,453,292,355,0,0.1768597513437271,"[355, 292, 345, 282, 21]","[0.1768597513437271, 0.07226944714784622, 0.051920659840106964, 0.046549368649721146, 0.03079237788915634]"
blur-light,ooc,454,787,627,0,0.2941347658634186,"[627, 765, 421, 436, 706]","[0.2941347658634186, 0.11956579238176346, 0.11757006496191025, 0.057274650782346725, 0.05231793224811554]"
blur-light,ooc,455,231,253,0,0.43858879804611206,"[253, 263, 273, 225, 242]","[0.43858879804611206, 0.15306171774864197, 0.1033903956413269, 0.05191883444786072, 0.026645155623555183]"
blur-light,ooc,456,81,134,0,0.1043042317032814,"[134, 70, 131, 84, 703]","[0.1043042317032814, 0.07366297394037247, 0.03764814883470535, 0.03617791086435318, 0.029272129759192467]"
blur-light,ooc,457,803,401,0,0.08608078211545944,"[401, 467, 588, 695, 851]","[0.08608078211545944, 0.04833686351776123, 0.03886329010128975, 0.0330427885055542, 0.029878728091716766]"
blur-light,ooc,458,792,701,0,0.42151927947998047,"[701, 437, 557, 846, 879]","[0.42151927947998047, 0.16560257971286774, 0.06656059622764587, 0.05745668709278107, 0.020788248628377914]"
blur-light,ooc,459,654,408,0,0.6791785359382629,"[408, 864, 734, 404, 717]","[0.6791785359382629, 0.04076256603002548, 0.03450498729944229, 0.023025117814540863, 0.019539449363946915]"
blur-light,ooc,460,170,171,0,0.2488211840391159,"[171, 246, 192, 193, 186]","[0.2488211840391159, 0.08228948712348938, 0.0686216726899147, 0.06771376729011536, 0.056975919753313065]"
blur-light,ooc,461,199,224,0,0.46293774247169495,"[224, 223, 199, 256, 205]","[0.46293774247169495, 0.1248069554567337, 0.06429935991764069, 0.05876103416085243, 0.022587262094020844]"
blur-light,ooc,462,795,958,0,0.04253688082098961,"[958, 345, 341, 183, 347]","[0.04253688082098961, 0.038724951446056366, 0.030926620587706566, 0.029186710715293884, 0.023361364379525185]"
blur-light,ooc,463,802,598,0,0.2068321853876114,"[598, 788, 860, 415, 799]","[0.2068321853876114, 0.18591664731502533, 0.06757237017154694, 0.04728919267654419, 0.03607023134827614]"
blur-light,ooc,464,198,198,1,0.14758563041687012,"[198, 187, 196, 204, 616]","[0.14758563041687012, 0.10517466813325882, 0.06820773333311081, 0.054348789155483246, 0.03861219435930252]"
blur-light,ooc,465,209,137,0,0.2605048716068268,"[137, 22, 13, 142, 89]","[0.2605048716068268, 0.133953258395195, 0.1108340471982956, 0.07245662808418274, 0.05790054425597191]"
blur-light,ooc,466,247,189,0,0.11020524054765701,"[189, 366, 348, 863, 544]","[0.11020524054765701, 0.08560092747211456, 0.059356316924095154, 0.059217117726802826, 0.052107784897089005]"
blur-light,ooc,467,224,239,0,0.28636524081230164,"[239, 213, 381, 237, 236]","[0.28636524081230164, 0.08149081468582153, 0.07251613587141037, 0.050138238817453384, 0.04703188315033913]"
blur-light,ooc,468,258,258,1,0.9449286460876465,"[258, 270, 257, 279, 222]","[0.9449286460876465, 0.015325714834034443, 0.011265878565609455, 0.009080376476049423, 0.004884691908955574]"
blur-light,ooc,469,13,104,0,0.07487130165100098,"[104, 103, 356, 346, 294]","[0.07487130165100098, 0.042628657072782516, 0.04259062185883522, 0.0348488874733448, 0.03281028941273689]"
blur-light,ooc,470,339,339,1,0.37219032645225525,"[339, 159, 242, 168, 144]","[0.37219032645225525, 0.21164439618587494, 0.10509979724884033, 0.0803779736161232, 0.03708292916417122]"
blur-light,ooc,471,888,888,1,0.9719598293304443,"[888, 709, 425, 492, 893]","[0.9719598293304443, 0.0079092001542449, 0.00399609562009573, 0.002523475792258978, 0.0020898215007036924]"
blur-light,ooc,472,258,270,0,0.8061184287071228,"[270, 333, 222, 269, 260]","[0.8061184287071228, 0.02857651747763157, 0.02801436372101307, 0.011149542406201363, 0.007664583157747984]"
blur-light,ooc,473,792,88,0,0.08935632556676865,"[88, 723, 784, 696, 843]","[0.08935632556676865, 0.06555704027414322, 0.049249693751335144, 0.03762976452708244, 0.03429913520812988]"
blur-light,ooc,474,792,386,0,0.11669622361660004,"[386, 825, 706, 385, 343]","[0.11669622361660004, 0.07901681214570999, 0.05989479273557663, 0.057832758873701096, 0.054522089660167694]"
blur-light,ooc,475,346,347,0,0.38826727867126465,"[347, 149, 150, 6, 344]","[0.38826727867126465, 0.13967590034008026, 0.08330515772104263, 0.04700559750199318, 0.04200691729784012]"
blur-light,ooc,476,671,671,1,0.23314806818962097,"[671, 701, 600, 801, 908]","[0.23314806818962097, 0.08604706078767776, 0.06673692166805267, 0.06544042378664017, 0.04544747248291969]"
blur-light,ooc,477,724,857,0,0.20129847526550293,"[857, 846, 406, 428, 492]","[0.20129847526550293, 0.1930404007434845, 0.11150479316711426, 0.07357390969991684, 0.04466382786631584]"
blur-light,ooc,478,394,876,0,0.22766214609146118,"[876, 31, 40, 621, 587]","[0.22766214609146118, 0.07427773624658585, 0.06777373701334, 0.05465884879231453, 0.0412454828619957]"
blur-light,ooc,479,672,750,0,0.36699968576431274,"[750, 721, 159, 765, 168]","[0.36699968576431274, 0.08242100477218628, 0.052896685898303986, 0.052186522632837296, 0.035071372985839844]"
blur-light,ooc,480,289,86,0,0.09692031145095825,"[86, 9, 331, 170, 39]","[0.09692031145095825, 0.07668577879667282, 0.0739169791340828, 0.07050148397684097, 0.05315745249390602]"
blur-light,ooc,481,818,920,0,0.3955042064189911,"[920, 861, 698, 829, 727]","[0.3955042064189911, 0.1430918127298355, 0.05606217309832573, 0.04729163646697998, 0.043651897460222244]"
blur-light,ooc,482,853,691,0,0.1579131782054901,"[691, 676, 0, 334, 558]","[0.1579131782054901, 0.06381209194660187, 0.04090307652950287, 0.03688885644078255, 0.029923129826784134]"
blur-light,ooc,483,239,239,1,0.20574578642845154,"[239, 241, 238, 240, 232]","[0.20574578642845154, 0.18324346840381622, 0.13864049315452576, 0.08497267216444016, 0.07473432272672653]"
blur-light,ooc,484,425,449,0,0.2642715573310852,"[449, 579, 462, 425, 840]","[0.2642715573310852, 0.2641083300113678, 0.09510556608438492, 0.03452644869685173, 0.026852374896407127]"
blur-light,ooc,485,355,491,0,0.08147060126066208,"[491, 296, 931, 88, 325]","[0.08147060126066208, 0.04962913691997528, 0.04613649845123291, 0.032363325357437134, 0.03229545056819916]"
blur-light,ooc,486,863,704,0,0.40879979729652405,"[704, 440, 791, 863, 412]","[0.40879979729652405, 0.07880938053131104, 0.07396039366722107, 0.042788341641426086, 0.032617658376693726]"
blur-light,ooc,487,349,141,0,0.6196856498718262,"[141, 98, 344, 137, 472]","[0.6196856498718262, 0.08974051475524902, 0.08215434104204178, 0.03384845703840256, 0.031502485275268555]"
blur-light,ooc,488,703,718,0,0.15519554913043976,"[718, 302, 536, 425, 912]","[0.15519554913043976, 0.12260270863771439, 0.08114873617887497, 0.06138433516025543, 0.06069933623075485]"
blur-light,ooc,489,425,425,1,0.7915025949478149,"[425, 497, 517, 449, 698]","[0.7915025949478149, 0.1039174422621727, 0.014129111543297768, 0.0118661317974329, 0.008083629421889782]"
blur-light,ooc,490,795,611,0,0.3873421251773834,"[611, 532, 721, 697, 572]","[0.3873421251773834, 0.060643166303634644, 0.04773087054491043, 0.045138001441955566, 0.03803259879350662]"
blur-light,ooc,491,690,863,0,0.14868353307247162,"[863, 856, 873, 803, 730]","[0.14868353307247162, 0.07925184071063995, 0.06660080701112747, 0.0544767826795578, 0.04781150072813034]"
blur-light,ooc,492,672,672,1,0.9994288086891174,"[672, 835, 915, 92, 425]","[0.9994288086891174, 6.495212437584996e-05, 5.605362093774602e-05, 3.419705535634421e-05, 3.349212420289405e-05]"
blur-light,ooc,493,671,697,0,0.12688158452510834,"[697, 455, 956, 524, 863]","[0.12688158452510834, 0.1218351274728775, 0.07220787554979324, 0.03365602716803551, 0.024622216820716858]"
blur-light,ooc,494,81,562,0,0.1578078269958496,"[562, 2, 807, 980, 3]","[0.1578078269958496, 0.06563394516706467, 0.050503458827733994, 0.04836752265691757, 0.03715121001005173]"
blur-light,ooc,495,733,993,0,0.23906256258487701,"[993, 71, 121, 39, 963]","[0.23906256258487701, 0.05046743527054787, 0.04542868584394455, 0.045304425060749054, 0.040979523211717606]"
blur-light,ooc,496,672,672,1,0.5025339722633362,"[672, 325, 120, 324, 114]","[0.5025339722633362, 0.020516499876976013, 0.0189155712723732, 0.01618960127234459, 0.015678895637392998]"
blur-light,ooc,497,795,653,0,0.1873629093170166,"[653, 427, 341, 997, 877]","[0.1873629093170166, 0.14955949783325195, 0.07851201295852661, 0.049569495022296906, 0.04934319853782654]"
blur-light,ooc,498,663,510,0,0.20686082541942596,"[510, 408, 779, 625, 536]","[0.20686082541942596, 0.13677895069122314, 0.10177333652973175, 0.05825614556670189, 0.05201847478747368]"
blur-light,ooc,499,705,853,0,0.08972436189651489,"[853, 557, 851, 852, 539]","[0.08972436189651489, 0.08159743994474411, 0.060579318553209305, 0.04380830377340317, 0.03727075830101967]"
blur-light,ooc,500,675,412,0,0.07616116106510162,"[412, 411, 546, 791, 662]","[0.07616116106510162, 0.07016307860612869, 0.04784993454813957, 0.03419416770339012, 0.033909402787685394]"
blur-light,ooc,501,404,404,1,0.9721764326095581,"[404, 908, 812, 895, 871]","[0.9721764326095581, 0.01748986542224884, 0.005868189502507448, 0.0032436903566122055, 0.0003051747044082731]"
blur-light,ooc,502,609,444,0,0.12015797942876816,"[444, 300, 652, 858, 738]","[0.12015797942876816, 0.0600108727812767, 0.0572604238986969, 0.05664094537496567, 0.029962316155433655]"
blur-light,ooc,503,672,833,0,0.33749765157699585,"[833, 525, 408, 895, 510]","[0.33749765157699585, 0.10175875574350357, 0.09566710144281387, 0.07639877498149872, 0.07172615081071854]"
blur-light,ooc,504,915,915,1,0.6165704727172852,"[915, 538, 835, 449, 830]","[0.6165704727172852, 0.056520283222198486, 0.031568869948387146, 0.028501417487859726, 0.02167297899723053]"
blur-light,ooc,505,336,344,0,0.3354950547218323,"[344, 346, 350, 385, 354]","[0.3354950547218323, 0.2678733766078949, 0.06901077181100845, 0.052661094814538956, 0.05029904469847679]"
blur-light,ooc,506,515,136,0,0.2679782807826996,"[136, 91, 17, 134, 131]","[0.2679782807826996, 0.25353339314460754, 0.07807020843029022, 0.06790980696678162, 0.057100776582956314]"
blur-light,ooc,507,425,425,1,0.8430423736572266,"[425, 483, 497, 580, 141]","[0.8430423736572266, 0.09614124149084091, 0.010953857563436031, 0.009675627574324608, 0.009080607444047928]"
blur-light,ooc,508,404,84,0,0.11414644867181778,"[84, 845, 65, 814, 42]","[0.11414644867181778, 0.08610837906599045, 0.08321765065193176, 0.05315666273236275, 0.04756972938776016]"
blur-light,ooc,509,724,425,0,0.31873583793640137,"[425, 483, 970, 611, 625]","[0.31873583793640137, 0.12352879345417023, 0.11344064027070999, 0.11072541773319244, 0.037112392485141754]"
blur-light,ooc,510,718,642,0,0.4079868197441101,"[642, 846, 699, 525, 915]","[0.4079868197441101, 0.09378713369369507, 0.09049282222986221, 0.06973231583833694, 0.04691241681575775]"
blur-light,ooc,511,671,672,0,0.20173627138137817,"[672, 979, 912, 825, 939]","[0.20173627138137817, 0.18965652585029602, 0.18766534328460693, 0.15934579074382782, 0.06739318370819092]"
blur-light,ooc,512,147,347,0,0.22068868577480316,"[347, 9, 128, 958, 276]","[0.22068868577480316, 0.13613387942314148, 0.13575337827205658, 0.0993112325668335, 0.09262458980083466]"
blur-light,ooc,513,484,871,0,0.5002482533454895,"[871, 484, 780, 620, 688]","[0.5002482533454895, 0.3573068082332611, 0.018516840413212776, 0.015924228355288506, 0.012979783117771149]"
blur-light,ooc,514,449,466,0,0.686554491519928,"[466, 912, 547, 634, 536]","[0.686554491519928, 0.09722575545310974, 0.04863186553120613, 0.03417762368917465, 0.025196529924869537]"
blur-light,ooc,515,842,858,0,0.11830661445856094,"[858, 71, 53, 354, 353]","[0.11830661445856094, 0.0953940600156784, 0.05914025008678436, 0.047722622752189636, 0.04166450351476669]"
blur-light,ooc,516,708,847,0,0.6262165904045105,"[847, 835, 634, 958, 791]","[0.6262165904045105, 0.059891119599342346, 0.037431471049785614, 0.03339396417140961, 0.020892804488539696]"
blur-light,ooc,517,393,195,0,0.25179702043533325,"[195, 736, 842, 237, 532]","[0.25179702043533325, 0.09384636580944061, 0.052473802119493484, 0.03521518409252167, 0.02600126340985298]"
blur-light,ooc,518,862,701,0,0.2611677944660187,"[701, 879, 723, 972, 832]","[0.2611677944660187, 0.08888287097215652, 0.04362338036298752, 0.04058216139674187, 0.03726750239729881]"
blur-light,ooc,519,625,573,0,0.4554883539676666,"[573, 981, 555, 625, 791]","[0.4554883539676666, 0.21970781683921814, 0.04537166655063629, 0.043593741953372955, 0.023792387917637825]"
blur-light,ooc,520,977,495,0,0.09088961780071259,"[495, 576, 754, 548, 625]","[0.09088961780071259, 0.07384483516216278, 0.06332893669605255, 0.049854911863803864, 0.04529305174946785]"
blur-light,ooc,521,536,576,0,0.7454971075057983,"[576, 718, 780, 829, 536]","[0.7454971075057983, 0.07979430258274078, 0.053546030074357986, 0.029638631269335747, 0.017662271857261658]"
blur-light,ooc,522,472,6,0,0.1768825203180313,"[6, 58, 17, 795, 34]","[0.1768825203180313, 0.05268801748752594, 0.048734165728092194, 0.046364594250917435, 0.04132312908768654]"
blur-light,ooc,523,437,128,0,0.7676292061805725,"[128, 91, 93, 16, 40]","[0.7676292061805725, 0.049449145793914795, 0.037751976400613785, 0.03306883946061134, 0.02230355143547058]"
blur-light,ooc,524,393,472,0,0.338675320148468,"[472, 148, 611, 173, 144]","[0.338675320148468, 0.03905520960688591, 0.021131478250026703, 0.018600692972540855, 0.0162245724350214]"
blur-light,ooc,525,394,955,0,0.43703487515449524,"[955, 325, 131, 6, 835]","[0.43703487515449524, 0.10440125316381454, 0.07915879040956497, 0.0373893640935421, 0.035219114273786545]"
blur-light,ooc,526,147,183,0,0.3667469024658203,"[183, 197, 205, 206, 256]","[0.3667469024658203, 0.35963174700737, 0.06861774623394012, 0.06092015653848648, 0.02390281669795513]"
blur-light,ooc,527,437,437,1,0.7234779000282288,"[437, 744, 657, 682, 733]","[0.7234779000282288, 0.1914343684911728, 0.055408820509910583, 0.0031689677853137255, 0.0028271772898733616]"
blur-light,ooc,528,373,354,0,0.2041454017162323,"[354, 291, 346, 343, 43]","[0.2041454017162323, 0.18933916091918945, 0.17271137237548828, 0.029926849529147148, 0.027203088626265526]"
blur-light,ooc,529,147,445,0,0.44862326979637146,"[445, 693, 638, 639, 112]","[0.44862326979637146, 0.05716286972165108, 0.055628422647714615, 0.05267461761832237, 0.05014880374073982]"
blur-light,ooc,530,143,99,0,0.23382535576820374,"[99, 850, 309, 19, 452]","[0.23382535576820374, 0.13551035523414612, 0.0450410433113575, 0.033450473099946976, 0.03066033311188221]"
blur-light,ooc,531,625,472,0,0.4025195837020874,"[472, 730, 595, 693, 803]","[0.4025195837020874, 0.12091606110334396, 0.06485745310783386, 0.0539010725915432, 0.05359751358628273]"
blur-light,ooc,532,833,472,0,0.09545698016881943,"[472, 449, 337, 975, 580]","[0.09545698016881943, 0.08261893689632416, 0.07776644825935364, 0.04859469085931778, 0.04063934087753296]"
blur-light,ooc,533,403,825,0,0.11809980124235153,"[825, 646, 49, 50, 44]","[0.11809980124235153, 0.0780143290758133, 0.027286576107144356, 0.026738183572888374, 0.02572532743215561]"
blur-light,ooc,534,914,484,0,0.32997143268585205,"[484, 835, 871, 977, 807]","[0.32997143268585205, 0.32389914989471436, 0.06691353023052216, 0.04124121367931366, 0.03740523010492325]"
blur-light,ooc,535,484,791,0,0.12569473683834076,"[791, 621, 347, 975, 458]","[0.12569473683834076, 0.09594213217496872, 0.058184072375297546, 0.032612450420856476, 0.025808392092585564]"
blur-light,ooc,536,148,99,0,0.25574856996536255,"[99, 85, 22, 21, 144]","[0.25574856996536255, 0.09578314423561096, 0.06386041641235352, 0.054582662880420685, 0.04896245151758194]"
blur-light,ooc,537,554,975,0,0.6464581489562988,"[975, 525, 979, 839, 472]","[0.6464581489562988, 0.1960357278585434, 0.07310169190168381, 0.024479834362864494, 0.004856819286942482]"
blur-light,ooc,538,814,625,0,0.42955517768859863,"[625, 408, 814, 472, 576]","[0.42955517768859863, 0.14121752977371216, 0.08856336027383804, 0.07538306713104248, 0.07013365626335144]"
blur-light,ooc,539,983,84,0,0.24576398730278015,"[84, 483, 970, 972, 975]","[0.24576398730278015, 0.10936227440834045, 0.09332900494337082, 0.07795305550098419, 0.07489926367998123]"
blur-light,ooc,540,267,182,0,0.4818556606769562,"[182, 181, 189, 170, 336]","[0.4818556606769562, 0.14155766367912292, 0.06939134746789932, 0.03557111695408821, 0.03349088504910469]"
blur-light,ooc,541,625,595,0,0.345438152551651,"[595, 472, 981, 621, 768]","[0.345438152551651, 0.08985813707113266, 0.06668258458375931, 0.03475622832775116, 0.030880488455295563]"
blur-light,ooc,542,554,833,0,0.6071592569351196,"[833, 706, 718, 421, 519]","[0.6071592569351196, 0.056229013949632645, 0.035551540553569794, 0.022771740332245827, 0.021495815366506577]"
blur-light,ooc,543,554,703,0,0.36368072032928467,"[703, 460, 718, 975, 536]","[0.36368072032928467, 0.16143685579299927, 0.06222597509622574, 0.05844758823513985, 0.05006200075149536]"
blur-light,ooc,544,554,780,0,0.18031536042690277,"[780, 733, 724, 517, 554]","[0.18031536042690277, 0.15026022493839264, 0.11334343999624252, 0.07916345447301865, 0.06650559604167938]"
blur-light,ooc,545,625,625,1,0.9410384893417358,"[625, 554, 628, 403, 510]","[0.9410384893417358, 0.02178986370563507, 0.011200757697224617, 0.006366103421896696, 0.00415465235710144]"
blur-light,ooc,546,437,972,0,0.28146350383758545,"[972, 460, 978, 970, 977]","[0.28146350383758545, 0.09690387547016144, 0.06068197637796402, 0.05667245388031006, 0.0543210431933403]"
blur-light,ooc,547,146,792,0,0.09568925946950912,"[792, 428, 216, 203, 383]","[0.09568925946950912, 0.057734597474336624, 0.04291639104485512, 0.0409468337893486, 0.02368715964257717]"
blur-light,ooc,548,625,562,0,0.07748667150735855,"[562, 609, 779, 449, 571]","[0.07748667150735855, 0.06820602715015411, 0.0680442601442337, 0.05574188008904457, 0.05449357628822327]"
blur-light,ooc,549,148,132,0,0.12138402462005615,"[132, 134, 374, 912, 825]","[0.12138402462005615, 0.1023656353354454, 0.0733320415019989, 0.06578002125024796, 0.06455817818641663]"
blur-light,ooc,550,914,484,0,0.4838639497756958,"[484, 914, 871, 833, 449]","[0.4838639497756958, 0.14254391193389893, 0.1206854060292244, 0.07538842409849167, 0.030523275956511497]"
blur-light,ooc,551,484,871,0,0.2762051224708557,"[871, 540, 625, 484, 914]","[0.2762051224708557, 0.26621830463409424, 0.18084044754505157, 0.07748569548130035, 0.06128325313329697]"
blur-light,ooc,552,484,716,0,0.6258819103240967,"[716, 562, 646, 765, 458]","[0.6258819103240967, 0.12790724635124207, 0.04265061393380165, 0.02332514338195324, 0.011855377815663815]"
blur-light,ooc,553,115,113,0,0.3773506283760071,"[113, 112, 991, 107, 114]","[0.3773506283760071, 0.13107344508171082, 0.04319549724459648, 0.03337652236223221, 0.032922759652137756]"
blur-light,ooc,554,775,237,0,0.06752822548151016,"[237, 880, 655, 224, 775]","[0.06752822548151016, 0.061529260128736496, 0.06008588522672653, 0.05184214189648628, 0.049176063388586044]"
blur-light,ooc,555,115,329,0,0.10692170262336731,"[329, 274, 980, 294, 48]","[0.10692170262336731, 0.07493942230939865, 0.03640710189938545, 0.026973996311426163, 0.026410428807139397]"
blur-light,ooc,556,484,914,0,0.3193904757499695,"[914, 780, 871, 484, 833]","[0.3193904757499695, 0.2729721963405609, 0.1648804247379303, 0.15639832615852356, 0.034213364124298096]"
blur-light,ooc,557,4,795,0,0.1425859034061432,"[795, 977, 693, 974, 404]","[0.1425859034061432, 0.07355304807424545, 0.06495585292577744, 0.054804783314466476, 0.0416833758354187]"
blur-light,ooc,558,983,701,0,0.4216756522655487,"[701, 983, 895, 404, 908]","[0.4216756522655487, 0.3060832619667053, 0.21433979272842407, 0.03029424138367176, 0.012608025223016739]"
blur-light,ooc,559,842,580,0,0.2477714866399765,"[580, 738, 45, 766, 398]","[0.2477714866399765, 0.22998639941215515, 0.09454216808080673, 0.0356287881731987, 0.029018834233283997]"
blur-light,ooc,560,115,682,0,0.883359432220459,"[682, 398, 721, 806, 692]","[0.883359432220459, 0.06605486571788788, 0.005033546593040228, 0.004107137210667133, 0.003657763125374913]"
blur-light,ooc,561,391,479,0,0.42025789618492126,"[479, 391, 670, 864, 863]","[0.42025789618492126, 0.09948024898767471, 0.09307467937469482, 0.05222535505890846, 0.037512049078941345]"
blur-light,ooc,562,123,880,0,0.42846062779426575,"[880, 444, 870, 671, 603]","[0.42846062779426575, 0.09812112897634506, 0.08063630014657974, 0.07513908296823502, 0.030898835510015488]"
blur-light,ooc,563,253,253,1,0.6759018301963806,"[253, 173, 158, 242, 597]","[0.6759018301963806, 0.029517726972699165, 0.01758912391960621, 0.01580009236931801, 0.014989945106208324]"
blur-light,ooc,564,484,484,1,0.45930954813957214,"[484, 871, 744, 657, 895]","[0.45930954813957214, 0.3137534558773041, 0.06612981855869293, 0.043667349964380264, 0.03287153318524361]"
blur-light,ooc,565,437,748,0,0.16180774569511414,"[748, 721, 775, 832, 611]","[0.16180774569511414, 0.10389367491006851, 0.08649066835641861, 0.0697041004896164, 0.044454459100961685]"
blur-light,ooc,566,148,843,0,0.4354165494441986,"[843, 792, 561, 428, 410]","[0.4354165494441986, 0.17208638787269592, 0.04422326385974884, 0.02536841481924057, 0.024719364941120148]"
blur-light,ooc,567,147,128,0,0.31973475217819214,"[128, 127, 677, 132, 18]","[0.31973475217819214, 0.19019179046154022, 0.12429040670394897, 0.035414520651102066, 0.033203501254320145]"
blur-light,ooc,568,148,833,0,0.4249204099178314,"[833, 519, 414, 404, 831]","[0.4249204099178314, 0.05008435994386673, 0.044582925736904144, 0.03438231721520424, 0.03271981701254845]"
blur-light,ooc,569,608,621,0,0.14463602006435394,"[621, 472, 346, 275, 343]","[0.14463602006435394, 0.04753371700644493, 0.0425572544336319, 0.04126371815800667, 0.03750106319785118]"
blur-light,ooc,570,62,672,0,0.09358751028776169,"[672, 970, 801, 972, 913]","[0.09358751028776169, 0.05957090109586716, 0.05863291025161743, 0.047621868550777435, 0.04364636540412903]"
blur-light,ooc,571,972,141,0,0.09594552963972092,"[141, 272, 328, 348, 825]","[0.09594552963972092, 0.07458803802728653, 0.050716083496809006, 0.0377916619181633, 0.02937847189605236]"
blur-light,ooc,572,139,835,0,0.22513793408870697,"[835, 708, 449, 581, 562]","[0.22513793408870697, 0.15457485616207123, 0.10160622000694275, 0.04028350114822388, 0.03611581772565842]"
blur-light,ooc,573,354,354,1,0.45180732011795044,"[354, 603, 830, 160, 703]","[0.45180732011795044, 0.26890644431114197, 0.03797738254070282, 0.021764611825346947, 0.019936593249440193]"
blur-light,ooc,574,140,458,0,0.1528923511505127,"[458, 500, 706, 274, 462]","[0.1528923511505127, 0.08546054363250732, 0.07265770435333252, 0.05861586332321167, 0.04927658662199974]"
blur-light,ooc,575,437,831,0,0.42847347259521484,"[831, 520, 570, 585, 516]","[0.42847347259521484, 0.08547293394804001, 0.057558707892894745, 0.05662577226758003, 0.040438830852508545]"
blur-light,ooc,576,529,634,0,0.15403398871421814,"[634, 408, 628, 627, 356]","[0.15403398871421814, 0.11149308830499649, 0.06504984200000763, 0.049437351524829865, 0.04286976531147957]"
blur-light,ooc,577,66,984,0,0.2800607979297638,"[984, 958, 0, 825, 389]","[0.2800607979297638, 0.22777338325977325, 0.09997119009494781, 0.058298271149396896, 0.04611847922205925]"
blur-light,ooc,578,511,511,1,0.2582024931907654,"[511, 817, 656, 717, 436]","[0.2582024931907654, 0.24237845838069916, 0.12012755125761032, 0.10473775118589401, 0.09139946103096008]"
blur-light,ooc,579,376,242,0,0.1962563693523407,"[242, 243, 215, 173, 159]","[0.1962563693523407, 0.10289224237203598, 0.09215579181909561, 0.06503631174564362, 0.06331823766231537]"
blur-light,ooc,580,404,912,0,0.17654068768024445,"[912, 703, 64, 744, 858]","[0.17654068768024445, 0.10141698271036148, 0.05710268393158913, 0.043866485357284546, 0.04237784817814827]"
blur-light,ooc,581,207,185,0,0.1087738499045372,"[185, 159, 207, 296, 344]","[0.1087738499045372, 0.07099601626396179, 0.060511864721775055, 0.04828306660056114, 0.04015462473034859]"
blur-light,ooc,582,33,322,0,0.4356374144554138,"[322, 989, 14, 55, 315]","[0.4356374144554138, 0.07996639609336853, 0.06766103208065033, 0.03359797224402428, 0.031380850821733475]"
blur-light,ooc,583,34,462,0,0.13066741824150085,"[462, 525, 846, 696, 563]","[0.13066741824150085, 0.08367868512868881, 0.06490467488765717, 0.034342117607593536, 0.03265688940882683]"
blur-light,ooc,584,112,216,0,0.13243016600608826,"[216, 202, 192, 189, 190]","[0.13243016600608826, 0.10806387662887573, 0.1046871766448021, 0.07218025624752045, 0.06562098115682602]"
blur-light,ooc,585,792,58,0,0.18634028732776642,"[58, 500, 57, 52, 21]","[0.18634028732776642, 0.03743915259838104, 0.02822202816605568, 0.02417098730802536, 0.023954112082719803]"
blur-light,ooc,586,172,345,0,0.14187659323215485,"[345, 159, 176, 213, 161]","[0.14187659323215485, 0.12309958785772324, 0.10409951210021973, 0.09866636246442795, 0.07720894366502762]"
blur-light,ooc,587,222,698,0,0.30955079197883606,"[698, 562, 668, 609, 536]","[0.30955079197883606, 0.13683423399925232, 0.07512148469686508, 0.07304336875677109, 0.060817886143922806]"
blur-light,ooc,588,140,679,0,0.18436595797538757,"[679, 443, 725, 846, 461]","[0.18436595797538757, 0.14090658724308014, 0.06281697005033493, 0.04453965649008751, 0.03893017768859863]"
blur-light,ooc,589,218,670,0,0.269497275352478,"[670, 704, 880, 575, 536]","[0.269497275352478, 0.24542804062366486, 0.0901014432311058, 0.04192180559039116, 0.035725630819797516]"
blur-light,ooc,590,459,769,0,0.2646372616291046,"[769, 519, 698, 877, 873]","[0.2646372616291046, 0.1844949871301651, 0.08963605016469955, 0.058103885501623154, 0.05648516118526459]"
blur-light,ooc,591,112,274,0,0.14354507625102997,"[274, 386, 352, 101, 385]","[0.14354507625102997, 0.1123863011598587, 0.08615493774414062, 0.060922760516405106, 0.06044675037264824]"
blur-light,ooc,592,609,509,0,0.6810488700866699,"[509, 398, 411, 323, 415]","[0.6810488700866699, 0.09406547993421555, 0.0419519767165184, 0.019063981249928474, 0.017525451257824898]"
blur-light,ooc,593,247,929,0,0.14800041913986206,"[929, 87, 338, 171, 691]","[0.14800041913986206, 0.11940192431211472, 0.049209535121917725, 0.03536356985569, 0.03335549309849739]"
blur-light,ooc,594,354,382,0,0.3097304105758667,"[382, 370, 163, 271, 368]","[0.3097304105758667, 0.20821167528629303, 0.08897924423217773, 0.053284212946891785, 0.0515727736055851]"
blur-light,ooc,595,842,890,0,0.7658867835998535,"[890, 701, 796, 538, 727]","[0.7658867835998535, 0.03043375350534916, 0.021196803078055382, 0.014652536250650883, 0.012503454461693764]"
blur-light,ooc,596,232,18,0,0.21384157240390778,"[18, 80, 143, 295, 13]","[0.21384157240390778, 0.17775152623653412, 0.11199363321065903, 0.07199104875326157, 0.065970279276371]"
blur-light,ooc,597,437,846,0,0.27042150497436523,"[846, 421, 744, 493, 553]","[0.27042150497436523, 0.18224681913852692, 0.058822114020586014, 0.058421600610017776, 0.03910643607378006]"
blur-light,ooc,598,386,371,0,0.08946610242128372,"[371, 286, 163, 178, 191]","[0.08946610242128372, 0.08511608093976974, 0.06152287498116493, 0.031955692917108536, 0.031933482736349106]"
blur-light,ooc,599,145,610,0,0.27412450313568115,"[610, 89, 700, 549, 677]","[0.27412450313568115, 0.12620210647583008, 0.11407706886529922, 0.025859083980321884, 0.02144581452012062]"
blur-light,ooc,600,193,227,0,0.5066289901733398,"[227, 191, 182, 225, 164]","[0.5066289901733398, 0.13284634053707123, 0.07131240516901016, 0.043170906603336334, 0.03942897543311119]"
blur-light,ooc,601,79,677,0,0.13093826174736023,"[677, 370, 79, 374, 764]","[0.13093826174736023, 0.050054971128702164, 0.044447626918554306, 0.034212157130241394, 0.032442595809698105]"
blur-light,ooc,602,139,706,0,0.11793816834688187,"[706, 716, 621, 756, 703]","[0.11793816834688187, 0.07078663259744644, 0.046712446957826614, 0.040278155356645584, 0.033155057579278946]"
blur-light,ooc,603,814,591,0,0.13104715943336487,"[591, 770, 81, 728, 544]","[0.13104715943336487, 0.09645126014947891, 0.05808567628264427, 0.046778496354818344, 0.043025318533182144]"
blur-light,ooc,604,765,765,1,0.16293416917324066,"[765, 634, 730, 912, 313]","[0.16293416917324066, 0.09171954542398453, 0.09009645134210587, 0.08956427872180939, 0.05760093778371811]"
blur-light,ooc,605,677,562,0,0.14182977378368378,"[562, 134, 131, 193, 738]","[0.14182977378368378, 0.09493818879127502, 0.09165290743112564, 0.06786537915468216, 0.05318748205900192]"
blur-light,ooc,606,792,718,0,0.5043704509735107,"[718, 839, 975, 706, 525]","[0.5043704509735107, 0.10633029788732529, 0.10425011813640594, 0.054876942187547684, 0.029982658103108406]"
blur-light,ooc,607,652,483,0,0.21975865960121155,"[483, 649, 51, 354, 958]","[0.21975865960121155, 0.168399378657341, 0.09716779738664627, 0.06707459688186646, 0.03575582057237625]"
blur-light,ooc,608,707,305,0,0.20476916432380676,"[305, 302, 351, 354, 163]","[0.20476916432380676, 0.12163045257329941, 0.11795439571142197, 0.052725762128829956, 0.04456758499145508]"
blur-light,ooc,609,863,863,1,0.9985588192939758,"[863, 832, 652, 364, 458]","[0.9985588192939758, 0.00046598532935604453, 0.00020833792223129421, 9.614554437575862e-05, 8.070403418969363e-05]"
blur-light,ooc,610,670,575,0,0.21256709098815918,"[575, 430, 476, 641, 954]","[0.21256709098815918, 0.03993546590209007, 0.036560360342264175, 0.030046813189983368, 0.029184788465499878]"
blur-light,ooc,611,439,420,0,0.35567036271095276,"[420, 99, 471, 97, 833]","[0.35567036271095276, 0.1544993370771408, 0.04232478141784668, 0.026905320584774017, 0.024657074362039566]"
blur-light,ooc,612,355,755,0,0.1343337744474411,"[755, 839, 51, 47, 471]","[0.1343337744474411, 0.08028193563222885, 0.06129458546638489, 0.04340072721242905, 0.03425052389502525]"
blur-light,ooc,613,319,944,0,0.27495670318603516,"[944, 376, 989, 946, 352]","[0.27495670318603516, 0.27095502614974976, 0.15810847282409668, 0.06281166523694992, 0.03461994603276253]"
blur-light,ooc,614,778,458,0,0.11832579970359802,"[458, 851, 428, 491, 44]","[0.11832579970359802, 0.10577937960624695, 0.08803236484527588, 0.06174318119883537, 0.05941573157906532]"
blur-light,ooc,615,958,49,0,0.1099061593413353,"[49, 58, 55, 298, 327]","[0.1099061593413353, 0.09708606451749802, 0.07615191489458084, 0.07581266015768051, 0.06446690857410431]"
blur-light,ooc,616,879,706,0,0.19881319999694824,"[706, 835, 492, 958, 831]","[0.19881319999694824, 0.10368575155735016, 0.07378171384334564, 0.07357176393270493, 0.03641090542078018]"
blur-light,ooc,617,70,70,1,0.7606072425842285,"[70, 303, 35, 72, 312]","[0.7606072425842285, 0.044152695685625076, 0.04139210656285286, 0.018748367205262184, 0.013975492678582668]"
blur-light,ooc,618,471,326,0,0.28949326276779175,"[326, 322, 305, 58, 78]","[0.28949326276779175, 0.044339653104543686, 0.042736515402793884, 0.034742023795843124, 0.03163102641701698]"
blur-light,ooc,619,583,913,0,0.1363951414823532,"[913, 730, 718, 483, 611]","[0.1363951414823532, 0.13084447383880615, 0.08873023092746735, 0.07206489145755768, 0.06864156574010849]"
blur-light,ooc,620,792,706,0,0.2569417655467987,"[706, 835, 646, 852, 704]","[0.2569417655467987, 0.1962813287973404, 0.1558113992214203, 0.016094913706183434, 0.014840599149465561]"
blur-light,ooc,621,583,792,0,0.14594495296478271,"[792, 637, 744, 583, 702]","[0.14594495296478271, 0.06652046740055084, 0.06485375016927719, 0.05443214625120163, 0.05337647721171379]"
blur-light,ooc,622,7,857,0,0.1340046375989914,"[857, 493, 534, 562, 448]","[0.1340046375989914, 0.06135893613100052, 0.046031028032302856, 0.04271336644887924, 0.040245696902275085]"
blur-light,ooc,623,86,360,0,0.2589617371559143,"[360, 905, 83, 99, 129]","[0.2589617371559143, 0.12546612322330475, 0.05840734392404556, 0.05467524752020836, 0.054628077894449234]"
blur-light,ooc,624,919,919,1,0.7488797307014465,"[919, 405, 701, 781, 442]","[0.7488797307014465, 0.03609434887766838, 0.034760989248752594, 0.026337498798966408, 0.013078424148261547]"
blur-light,ooc,625,539,681,0,0.11215615272521973,"[681, 839, 642, 637, 184]","[0.11215615272521973, 0.08409156650304794, 0.05035368353128433, 0.04987970367074013, 0.041062455624341965]"
blur-light,ooc,626,287,118,0,0.3235992193222046,"[118, 134, 282, 8, 124]","[0.3235992193222046, 0.06615272164344788, 0.05659734457731247, 0.049845725297927856, 0.040155310183763504]"
blur-light,ooc,627,471,471,1,0.31534260511398315,"[471, 595, 657, 561, 744]","[0.31534260511398315, 0.2219632863998413, 0.17930741608142853, 0.11630450934171677, 0.09277654439210892]"
blur-light,ooc,628,513,764,0,0.6896657943725586,"[764, 449, 413, 912, 875]","[0.6896657943725586, 0.06104768067598343, 0.05453065410256386, 0.030253004282712936, 0.027739908546209335]"
blur-light,ooc,629,679,242,0,0.20128583908081055,"[242, 139, 254, 246, 262]","[0.20128583908081055, 0.09331212192773819, 0.08072211593389511, 0.07319124788045883, 0.05776039510965347]"
blur-light,ooc,630,426,426,1,0.3891226053237915,"[426, 635, 427, 538, 900]","[0.3891226053237915, 0.1840474009513855, 0.07368860393762589, 0.06188130006194115, 0.03800000250339508]"
blur-light,ooc,631,583,583,1,0.26980817317962646,"[583, 733, 863, 571, 912]","[0.26980817317962646, 0.1898297667503357, 0.08439268916845322, 0.07394019514322281, 0.07314766198396683]"
blur-light,ooc,632,637,637,1,0.4234456717967987,"[637, 411, 553, 610, 480]","[0.4234456717967987, 0.2586250901222229, 0.10175061225891113, 0.02601626329123974, 0.020559627562761307]"
blur-light,ooc,633,571,637,0,0.7193512320518494,"[637, 571, 458, 412, 704]","[0.7193512320518494, 0.08364199846982956, 0.044939860701560974, 0.03513507544994354, 0.012954410165548325]"
blur-light,ooc,634,737,554,0,0.17796581983566284,"[554, 517, 737, 832, 484]","[0.17796581983566284, 0.14284729957580566, 0.12607131898403168, 0.12080163508653641, 0.08550619333982468]"
blur-light,ooc,635,463,469,0,0.4014706611633301,"[469, 653, 678, 514, 463]","[0.4014706611633301, 0.069457046687603, 0.05148128792643547, 0.03563200309872627, 0.026073182001709938]"
blur-light,ooc,636,520,703,0,0.1851487010717392,"[703, 425, 525, 716, 460]","[0.1851487010717392, 0.17325054109096527, 0.1386740654706955, 0.0721316784620285, 0.06748227030038834]"
blur-light,ooc,637,458,458,1,0.5893301367759705,"[458, 922, 411, 438, 443]","[0.5893301367759705, 0.07388399541378021, 0.060684382915496826, 0.03903331980109215, 0.03587700054049492]"
blur-light,ooc,638,427,427,1,0.10720818489789963,"[427, 538, 19, 518, 464]","[0.10720818489789963, 0.08867762237787247, 0.0666956901550293, 0.05861227214336395, 0.05625060945749283]"
blur-light,ooc,639,651,738,0,0.5010362863540649,"[738, 943, 953, 509, 939]","[0.5010362863540649, 0.10286877304315567, 0.0888410359621048, 0.06357119977474213, 0.02917184680700302]"
blur-light,ooc,640,846,425,0,0.5266158580780029,"[425, 755, 780, 807, 405]","[0.5266158580780029, 0.06667088717222214, 0.05801379308104515, 0.04792772978544235, 0.03718867525458336]"
blur-light,ooc,641,896,896,1,0.6372315883636475,"[896, 739, 756, 861, 428]","[0.6372315883636475, 0.04974555969238281, 0.04788082465529442, 0.0277833491563797, 0.021518198773264885]"
blur-light,ooc,642,45,736,0,0.183468759059906,"[736, 444, 882, 811, 420]","[0.183468759059906, 0.05603432655334473, 0.03400994464755058, 0.03292465955018997, 0.03249264881014824]"
blur-light,ooc,643,444,671,0,0.100845105946064,"[671, 326, 15, 820, 566]","[0.100845105946064, 0.07764368504285812, 0.07237967848777771, 0.05600988492369652, 0.05144906044006348]"
blur-light,ooc,644,224,224,1,0.34011074900627136,"[224, 205, 256, 199, 214]","[0.34011074900627136, 0.13411515951156616, 0.12435461580753326, 0.11228837817907333, 0.06442172825336456]"
blur-light,ooc,645,738,705,0,0.5927756428718567,"[705, 547, 466, 829, 579]","[0.5927756428718567, 0.22474008798599243, 0.11603488028049469, 0.02378975786268711, 0.008519134484231472]"
blur-light,ooc,646,495,912,0,0.18182013928890228,"[912, 583, 495, 649, 900]","[0.18182013928890228, 0.10081255435943604, 0.06978774070739746, 0.0624639131128788, 0.05905526876449585]"
blur-light,ooc,647,354,371,0,0.28537046909332275,"[371, 331, 336, 182, 250]","[0.28537046909332275, 0.09097706526517868, 0.07275160402059555, 0.051472924649715424, 0.037463102489709854]"
blur-light,ooc,648,315,313,0,0.28592145442962646,"[313, 46, 491, 428, 730]","[0.28592145442962646, 0.08083195984363556, 0.07056315243244171, 0.04602228105068207, 0.03678346797823906]"
blur-light,ooc,649,728,460,0,0.310005247592926,"[460, 403, 975, 628, 703]","[0.310005247592926, 0.20964904129505157, 0.05287908390164375, 0.035459138453006744, 0.03144054859876633]"
blur-light,ooc,650,715,781,0,0.43971577286720276,"[781, 698, 718, 912, 821]","[0.43971577286720276, 0.24188576638698578, 0.028174152597784996, 0.02663806825876236, 0.026010798290371895]"
blur-light,ooc,651,284,284,1,0.9076284766197205,"[284, 158, 227, 225, 235]","[0.9076284766197205, 0.024308398365974426, 0.014465086162090302, 0.00978291966021061, 0.006593804806470871]"
blur-light,ooc,652,295,295,1,0.13233418762683868,"[295, 347, 346, 205, 226]","[0.13233418762683868, 0.13102702796459198, 0.12501327693462372, 0.04659831523895264, 0.04147070646286011]"
blur-light,ooc,653,471,420,0,0.16850058734416962,"[420, 593, 160, 204, 243]","[0.16850058734416962, 0.08686456084251404, 0.07190077751874924, 0.0550491139292717, 0.03051222302019596]"
blur-light,ooc,654,665,665,1,0.9711244702339172,"[665, 670, 671, 880, 870]","[0.9711244702339172, 0.010556727647781372, 0.0038989661261439323, 0.0027613742277026176, 0.0023530791513621807]"
blur-light,ooc,655,217,217,1,0.36448848247528076,"[217, 195, 152, 212, 157]","[0.36448848247528076, 0.21819405257701874, 0.1426822692155838, 0.0316457636654377, 0.028088729828596115]"
blur-light,ooc,656,775,90,0,0.33327850699424744,"[90, 7, 335, 735, 8]","[0.33327850699424744, 0.09429904073476791, 0.07164130359888077, 0.058647505939006805, 0.05267547443509102]"
blur-light,ooc,657,143,843,0,0.21430011093616486,"[843, 9, 383, 104, 352]","[0.21430011093616486, 0.12726198136806488, 0.11949902027845383, 0.0732150450348854, 0.02803882583975792]"
blur-light,ooc,658,806,788,0,0.16410145163536072,"[788, 576, 514, 786, 524]","[0.16410145163536072, 0.08577346056699753, 0.07281936705112457, 0.06209946423768997, 0.047053754329681396]"
blur-light,ooc,659,171,171,1,0.31600216031074524,"[171, 253, 151, 172, 173]","[0.31600216031074524, 0.24297010898590088, 0.15032757818698883, 0.12530285120010376, 0.04444882646203041]"
blur-light,ooc,660,637,637,1,0.4713967442512512,"[637, 448, 437, 851, 571]","[0.4713967442512512, 0.18106339871883392, 0.0759144052863121, 0.033736903220415115, 0.027045097202062607]"
blur-light,ooc,661,875,880,0,0.3987600803375244,"[880, 603, 706, 870, 670]","[0.3987600803375244, 0.07301300019025803, 0.06961409002542496, 0.03838755190372467, 0.03724479302763939]"
blur-light,ooc,662,614,614,1,0.8610204458236694,"[614, 775, 448, 411, 955]","[0.8610204458236694, 0.04823633283376694, 0.017528269439935684, 0.0066679008305072784, 0.005396283697336912]"
blur-light,ooc,663,185,274,0,0.211310014128685,"[274, 186, 106, 184, 342]","[0.211310014128685, 0.14089834690093994, 0.08562183380126953, 0.08040489256381989, 0.05885745957493782]"
blur-light,ooc,664,583,839,0,0.23411984741687775,"[839, 583, 920, 733, 449]","[0.23411984741687775, 0.1487601399421692, 0.09048999100923538, 0.06688904017210007, 0.055181220173835754]"
blur-light,ooc,665,674,706,0,0.35308638215065,"[706, 835, 472, 646, 449]","[0.35308638215065, 0.2164832353591919, 0.21202291548252106, 0.027236083522439003, 0.025498874485492706]"
blur-light,ooc,666,198,382,0,0.15240083634853363,"[382, 184, 280, 262, 198]","[0.15240083634853363, 0.0667022317647934, 0.06516384333372116, 0.05775752291083336, 0.05698220431804657]"
blur-light,ooc,667,571,870,0,0.30186888575553894,"[870, 795, 523, 571, 791]","[0.30186888575553894, 0.10718131065368652, 0.08315180987119675, 0.02965293452143669, 0.02212638407945633]"
blur-light,ooc,668,870,803,0,0.20220862329006195,"[803, 670, 661, 665, 491]","[0.20220862329006195, 0.1758134812116623, 0.06667681038379669, 0.05810743197798729, 0.05526674538850784]"
blur-light,ooc,669,614,716,0,0.165883868932724,"[716, 614, 411, 721, 697]","[0.165883868932724, 0.154100239276886, 0.09105511009693146, 0.06784915924072266, 0.029514139518141747]"
blur-light,ooc,670,822,525,0,0.2673078179359436,"[525, 449, 693, 472, 386]","[0.2673078179359436, 0.07167673856019974, 0.05426390841603279, 0.04662284255027771, 0.03656046837568283]"
blur-light,ooc,671,216,378,0,0.17004825174808502,"[378, 220, 368, 9, 160]","[0.17004825174808502, 0.1661776900291443, 0.09567970037460327, 0.05172432214021683, 0.03988043963909149]"
blur-light,ooc,672,209,271,0,0.12769541144371033,"[271, 207, 163, 202, 184]","[0.12769541144371033, 0.11023317277431488, 0.10124742984771729, 0.07686801999807358, 0.06597588956356049]"
blur-light,ooc,673,775,981,0,0.14456871151924133,"[981, 462, 775, 401, 708]","[0.14456871151924133, 0.07144402712583542, 0.06946393102407455, 0.06477949768304825, 0.05943179875612259]"
blur-light,ooc,674,559,803,0,0.232465460896492,"[803, 795, 913, 540, 791]","[0.232465460896492, 0.12780752778053284, 0.04730672389268875, 0.031275905668735504, 0.03003755398094654]"
blur-light,ooc,675,830,738,0,0.6307237148284912,"[738, 406, 491, 576, 448]","[0.6307237148284912, 0.04922709986567497, 0.03455934301018715, 0.02987908013164997, 0.02044696919620037]"
blur-light,ooc,676,532,211,0,0.1885887235403061,"[211, 352, 730, 353, 272]","[0.1885887235403061, 0.16109171509742737, 0.08213867992162704, 0.04673029109835625, 0.03297093138098717]"
blur-light,ooc,677,233,364,0,0.38620683550834656,"[364, 233, 266, 265, 649]","[0.38620683550834656, 0.048041004687547684, 0.046438638120889664, 0.03655899688601494, 0.0323202945291996]"
blur-light,ooc,678,765,603,0,0.2015901505947113,"[603, 575, 690, 912, 706]","[0.2015901505947113, 0.16798169910907745, 0.12747105956077576, 0.07304726541042328, 0.032932545989751816]"
blur-light,ooc,679,428,603,0,0.5287163257598877,"[603, 866, 575, 471, 536]","[0.5287163257598877, 0.09408140182495117, 0.06734783947467804, 0.05420983210206032, 0.029900332912802696]"
blur-light,ooc,680,765,913,0,0.3438533544540405,"[913, 908, 701, 895, 671]","[0.3438533544540405, 0.14587228000164032, 0.13892482221126556, 0.049391575157642365, 0.03066503256559372]"
blur-light,ooc,681,420,349,0,0.2108476608991623,"[349, 348, 350, 138, 331]","[0.2108476608991623, 0.17481902241706848, 0.10212519019842148, 0.09257010370492935, 0.02554374188184738]"
blur-light,ooc,682,571,732,0,0.6820214986801147,"[732, 707, 662, 759, 550]","[0.6820214986801147, 0.07828334718942642, 0.030229661613702774, 0.025153333321213722, 0.020467640832066536]"
blur-light,ooc,683,177,744,0,0.11896184831857681,"[744, 345, 50, 532, 597]","[0.11896184831857681, 0.10192245244979858, 0.07400163263082504, 0.03342893347144127, 0.03188098967075348]"
blur-light,ooc,684,846,148,0,0.1854158639907837,"[148, 147, 801, 758, 146]","[0.1854158639907837, 0.1750515252351761, 0.08876434713602066, 0.06216519698500633, 0.04737847298383713]"
blur-light,ooc,685,236,745,0,0.24701792001724243,"[745, 776, 518, 486, 391]","[0.24701792001724243, 0.07091505080461502, 0.05980878695845604, 0.04894092679023743, 0.03480517119169235]"
blur-light,ooc,686,201,706,0,0.33088797330856323,"[706, 472, 444, 428, 835]","[0.33088797330856323, 0.07217570394277573, 0.07129919528961182, 0.06193133816123009, 0.05450893193483353]"
blur-light,ooc,687,953,84,0,0.5160885453224182,"[84, 775, 741, 868, 50]","[0.5160885453224182, 0.04586613550782204, 0.036281127482652664, 0.03542374446988106, 0.03297162801027298]"
blur-light,ooc,688,637,637,1,0.615919828414917,"[637, 707, 480, 553, 877]","[0.615919828414917, 0.09048967808485031, 0.07529164850711823, 0.04627842456102371, 0.029342137277126312]"
blur-light,ooc,689,420,309,0,0.17734037339687347,"[309, 16, 94, 989, 325]","[0.17734037339687347, 0.05202363431453705, 0.04774198308587074, 0.04461366683244705, 0.044214628636837006]"
blur-light,ooc,690,602,602,1,0.4324650764465332,"[602, 313, 595, 890, 558]","[0.4324650764465332, 0.06927086412906647, 0.053836263716220856, 0.04939812794327736, 0.03610251471400261]"
blur-light,ooc,691,806,970,0,0.11606348305940628,"[970, 327, 500, 470, 879]","[0.11606348305940628, 0.07149846851825714, 0.05766209587454796, 0.039728738367557526, 0.034700799733400345]"
blur-light,ooc,692,608,787,0,0.1044187918305397,"[787, 560, 808, 541, 915]","[0.1044187918305397, 0.0971011221408844, 0.0809335857629776, 0.05156947672367096, 0.048431646078825]"
blur-light,ooc,693,775,85,0,0.11394818127155304,"[85, 86, 82, 202, 539]","[0.11394818127155304, 0.08911286294460297, 0.08010729402303696, 0.044126059859991074, 0.030682368203997612]"
blur-light,ooc,694,614,518,0,0.2528283894062042,"[518, 776, 708, 981, 870]","[0.2528283894062042, 0.23902912437915802, 0.11962316930294037, 0.051037997007369995, 0.03661859780550003]"
blur-light,ooc,695,728,471,0,0.2596778869628906,"[471, 472, 394, 571, 756]","[0.2596778869628906, 0.12141365557909012, 0.10947135835886002, 0.06726528704166412, 0.0441303551197052]"
blur-light,ooc,696,836,588,0,0.22414514422416687,"[588, 858, 337, 912, 958]","[0.22414514422416687, 0.14520131051540375, 0.133424773812294, 0.03170076012611389, 0.01864861138164997]"
blur-light,ooc,697,361,235,0,0.14520670473575592,"[235, 247, 284, 244, 261]","[0.14520670473575592, 0.10230901092290878, 0.051772285252809525, 0.03224251791834831, 0.03146757930517197]"
blur-light,ooc,698,842,454,0,0.4451442062854767,"[454, 624, 582, 698, 580]","[0.4451442062854767, 0.08746428042650223, 0.07675138860940933, 0.06132754683494568, 0.03550666198134422]"
blur-light,ooc,699,444,30,0,0.15978629887104034,"[30, 58, 134, 139, 383]","[0.15978629887104034, 0.09223570674657822, 0.08136869221925735, 0.04465425759553909, 0.042439453303813934]"
blur-light,ooc,700,364,853,0,0.21170859038829803,"[853, 286, 525, 182, 191]","[0.21170859038829803, 0.09884924441576004, 0.09538523107767105, 0.07467177510261536, 0.07280995696783066]"
blur-light,ooc,701,707,410,0,0.19695377349853516,"[410, 984, 716, 912, 621]","[0.19695377349853516, 0.1915343999862671, 0.11813367158174515, 0.07852920889854431, 0.03517034277319908]"
blur-light,ooc,702,151,309,0,0.5754213333129883,"[309, 304, 301, 158, 240]","[0.5754213333129883, 0.09852394461631775, 0.0462082140147686, 0.028032151982188225, 0.02642027847468853]"
blur-light,ooc,703,765,791,0,0.19059182703495026,"[791, 912, 756, 293, 428]","[0.19059182703495026, 0.13285571336746216, 0.06429503113031387, 0.0510585717856884, 0.047250159084796906]"
blur-light,ooc,704,571,652,0,0.12680493295192719,"[652, 497, 448, 569, 491]","[0.12680493295192719, 0.1134582981467247, 0.06646230071783066, 0.050011686980724335, 0.044843655079603195]"
blur-light,ooc,705,197,80,0,0.3526860177516937,"[80, 18, 331, 608, 197]","[0.3526860177516937, 0.09041483700275421, 0.07127323746681213, 0.057156387716531754, 0.05630461871623993]"
blur-light,ooc,706,681,883,0,0.0843120813369751,"[883, 975, 562, 972, 920]","[0.0843120813369751, 0.07388640940189362, 0.06076299399137497, 0.04749688133597374, 0.04097912833094597]"
blur-light,ooc,707,382,16,0,0.3845619857311249,"[16, 10, 11, 368, 21]","[0.3845619857311249, 0.08213566243648529, 0.06502734869718552, 0.0501122772693634, 0.03838762268424034]"
blur-light,ooc,708,765,743,0,0.1502978503704071,"[743, 682, 792, 716, 733]","[0.1502978503704071, 0.10231668502092361, 0.09235444664955139, 0.08915542811155319, 0.05054813250899315]"
blur-light,ooc,709,559,695,0,0.4058406949043274,"[695, 726, 600, 507, 736]","[0.4058406949043274, 0.10275096446275711, 0.0357401967048645, 0.022867411375045776, 0.02234726771712303]"
blur-light,ooc,710,708,857,0,0.5462231636047363,"[857, 406, 800, 583, 561]","[0.5462231636047363, 0.17042261362075806, 0.09201715886592865, 0.03061365894973278, 0.013628953136503696]"
blur-light,ooc,711,202,202,1,0.13698838651180267,"[202, 257, 207, 228, 181]","[0.13698838651180267, 0.1332138031721115, 0.13270559906959534, 0.09322021901607513, 0.08211073279380798]"
blur-light,ooc,712,469,89,0,0.22303444147109985,"[89, 96, 17, 376, 131]","[0.22303444147109985, 0.11628996580839157, 0.11121362447738647, 0.05394783243536949, 0.04412072151899338]"
blur-light,ooc,713,875,875,1,0.24954070150852203,"[875, 618, 733, 843, 494]","[0.24954070150852203, 0.1869504749774933, 0.1018461063504219, 0.037616994231939316, 0.0374319814145565]"
blur-light,ooc,714,284,268,0,0.1891985982656479,"[268, 150, 131, 344, 112]","[0.1891985982656479, 0.1732730269432068, 0.07719780504703522, 0.06763677299022675, 0.04330136254429817]"
blur-light,ooc,715,199,708,0,0.07926709204912186,"[708, 741, 9, 840, 733]","[0.07926709204912186, 0.06967552751302719, 0.04803014546632767, 0.03936250880360603, 0.0338105633854866]"
blur-light,ooc,716,529,597,0,0.0896739512681961,"[597, 265, 266, 882, 615]","[0.0896739512681961, 0.08498211205005646, 0.08019661903381348, 0.07486454397439957, 0.07155393064022064]"
blur-light,ooc,717,157,263,0,0.8452857136726379,"[263, 151, 162, 187, 173]","[0.8452857136726379, 0.08396035432815552, 0.01217065192759037, 0.007134982850402594, 0.006641371175646782]"
blur-light,ooc,718,850,343,0,0.21761709451675415,"[343, 386, 336, 209, 39]","[0.21761709451675415, 0.09718609601259232, 0.05878438800573349, 0.04155908152461052, 0.040340907871723175]"
blur-light,ooc,719,529,89,0,0.7421203255653381,"[89, 132, 912, 212, 391]","[0.7421203255653381, 0.016133449971675873, 0.0143229179084301, 0.013247620314359665, 0.008995401673018932]"
blur-light,ooc,720,186,168,0,0.18258704245090485,"[168, 16, 159, 182, 187]","[0.18258704245090485, 0.11348304152488708, 0.1035844087600708, 0.0869162529706955, 0.08103232085704803]"
blur-light,ooc,721,361,361,1,0.922887921333313,"[361, 264, 18, 240, 241]","[0.922887921333313, 0.014866690151393414, 0.012696536257863045, 0.011941302567720413, 0.006399733014404774]"
blur-light,ooc,722,684,87,0,0.5956007838249207,"[87, 258, 850, 474, 356]","[0.5956007838249207, 0.24500375986099243, 0.06794994324445724, 0.024175144731998444, 0.009077584370970726]"
blur-light,ooc,723,846,831,0,0.3133237361907959,"[831, 211, 180, 273, 428]","[0.3133237361907959, 0.08755356073379517, 0.049438897520303726, 0.03375422954559326, 0.033664826303720474]"
blur-light,ooc,724,156,259,0,0.13676343858242035,"[259, 168, 161, 955, 263]","[0.13676343858242035, 0.1351684331893921, 0.057369414716959, 0.045148320496082306, 0.03136784955859184]"
blur-light,ooc,725,175,344,0,0.5060901641845703,"[344, 360, 22, 356, 294]","[0.5060901641845703, 0.09125947952270508, 0.07634015381336212, 0.04385865852236748, 0.03538401052355766]"
blur-light,ooc,726,258,259,0,0.41639673709869385,"[259, 260, 258, 153, 266]","[0.41639673709869385, 0.23201091587543488, 0.19183416664600372, 0.03259851410984993, 0.02171527035534382]"
blur-light,ooc,727,254,254,1,0.466290146112442,"[254, 243, 163, 235, 348]","[0.466290146112442, 0.34796321392059326, 0.028385888785123825, 0.021165069192647934, 0.018788356333971024]"
blur-light,ooc,728,529,646,0,0.24190972745418549,"[646, 48, 269, 273, 84]","[0.24190972745418549, 0.076229028403759, 0.055723510682582855, 0.04111984744668007, 0.04096731171011925]"
blur-light,ooc,729,267,265,0,0.13598881661891937,"[265, 850, 338, 266, 298]","[0.13598881661891937, 0.12056043744087219, 0.11534333229064941, 0.09603844583034515, 0.044774480164051056]"
blur-light,ooc,730,257,270,0,0.38272732496261597,"[270, 646, 144, 203, 258]","[0.38272732496261597, 0.11415620893239975, 0.07966302335262299, 0.06031809747219086, 0.04299170523881912]"
blur-light,ooc,731,529,138,0,0.08327104896306992,"[138, 295, 84, 141, 275]","[0.08327104896306992, 0.07392209768295288, 0.04918976500630379, 0.0422271229326725, 0.04012051597237587]"
blur-light,ooc,732,765,765,1,0.6731109619140625,"[765, 703, 559, 792, 428]","[0.6731109619140625, 0.12146765738725662, 0.019371965900063515, 0.018950004130601883, 0.00975977722555399]"
blur-light,ooc,733,532,537,0,0.6549537181854248,"[537, 795, 478, 405, 802]","[0.6549537181854248, 0.05343157798051834, 0.031177332624793053, 0.02888251096010208, 0.01822858676314354]"
blur-light,ooc,734,227,460,0,0.16798600554466248,"[460, 972, 913, 224, 195]","[0.16798600554466248, 0.16562893986701965, 0.0688544511795044, 0.0449182502925396, 0.04314109683036804]"
blur-light,ooc,735,520,765,0,0.26550841331481934,"[765, 634, 559, 915, 703]","[0.26550841331481934, 0.09306775033473969, 0.09284151345491409, 0.08498810231685638, 0.0643540471792221]"
blur-light,ooc,736,999,797,0,0.2708720266819,"[797, 414, 831, 608, 739]","[0.2708720266819, 0.07454517483711243, 0.04200506955385208, 0.03626694530248642, 0.03542857989668846]"
blur-light,ooc,737,174,343,0,0.2055797129869461,"[343, 372, 39, 366, 202]","[0.2055797129869461, 0.1360505372285843, 0.06869129091501236, 0.045918963849544525, 0.037398308515548706]"
blur-light,ooc,738,841,617,0,0.13291305303573608,"[617, 823, 869, 883, 610]","[0.13291305303573608, 0.07836443185806274, 0.0751841589808464, 0.05036561191082001, 0.048054713755846024]"
blur-light,ooc,739,846,792,0,0.1297135055065155,"[792, 483, 391, 637, 879]","[0.1297135055065155, 0.09293346107006073, 0.07517638057470322, 0.04219760373234749, 0.03908801078796387]"
blur-light,ooc,740,999,416,0,0.2098647952079773,"[416, 708, 532, 564, 876]","[0.2098647952079773, 0.11497261375188828, 0.05059772729873657, 0.04588717222213745, 0.03947712853550911]"
blur-light,ooc,741,258,258,1,0.3619520664215088,"[258, 263, 700, 257, 229]","[0.3619520664215088, 0.11686234176158905, 0.06650923192501068, 0.0635695680975914, 0.0370398573577404]"
blur-light,ooc,742,851,831,0,0.2747706174850464,"[831, 532, 530, 598, 478]","[0.2747706174850464, 0.24430100619792938, 0.06919418275356293, 0.055529676377773285, 0.04711524769663811]"
blur-light,ooc,743,423,695,0,0.6216488480567932,"[695, 428, 758, 792, 427]","[0.6216488480567932, 0.09210731834173203, 0.030126478523015976, 0.029234331101179123, 0.019269347190856934]"
blur-light,ooc,744,233,866,0,0.06883237510919571,"[866, 164, 822, 150, 672]","[0.06883237510919571, 0.06371839344501495, 0.04299359396100044, 0.0381963811814785, 0.03790992498397827]"
blur-light,ooc,745,253,263,0,0.1506553739309311,"[263, 242, 259, 215, 253]","[0.1506553739309311, 0.09197300672531128, 0.086794413626194, 0.06478148698806763, 0.060183607041835785]"
blur-light,ooc,746,655,406,0,0.1738322675228119,"[406, 863, 880, 839, 663]","[0.1738322675228119, 0.14078494906425476, 0.0842527374625206, 0.0674097090959549, 0.06650615483522415]"
blur-light,ooc,747,422,653,0,0.09553797543048859,"[653, 738, 978, 435, 744]","[0.09553797543048859, 0.04757894203066826, 0.04651346802711487, 0.04269421473145485, 0.03760533779859543]"
blur-light,ooc,748,765,595,0,0.2581195533275604,"[595, 866, 621, 559, 779]","[0.2581195533275604, 0.2551783323287964, 0.06841659545898438, 0.0683557465672493, 0.06445842236280441]"
blur-light,ooc,749,545,37,0,0.3457678556442261,"[37, 64, 53, 35, 770]","[0.3457678556442261, 0.10873045772314072, 0.09737272560596466, 0.038195472210645676, 0.02956334501504898]"
blur-light,ooc,750,841,657,0,0.06644070893526077,"[657, 744, 840, 774, 421]","[0.06644070893526077, 0.056226104497909546, 0.036265742033720016, 0.03435681015253067, 0.033895861357450485]"
blur-light,ooc,751,655,448,0,0.125370055437088,"[448, 634, 84, 912, 825]","[0.125370055437088, 0.08374455571174622, 0.0610666386783123, 0.05168290436267853, 0.04625214636325836]"
blur-light,ooc,752,846,900,0,0.9378371238708496,"[900, 580, 839, 538, 525]","[0.9378371238708496, 0.012853282503783703, 0.009104968048632145, 0.007165112998336554, 0.0027602273039519787]"
blur-light,ooc,753,999,842,0,0.20160840451717377,"[842, 970, 610, 445, 770]","[0.20160840451717377, 0.10302101075649261, 0.037981171160936356, 0.03333321958780289, 0.03273042291402817]"
blur-light,ooc,754,841,472,0,0.08406878262758255,"[472, 984, 744, 724, 433]","[0.08406878262758255, 0.0635707750916481, 0.03902111575007439, 0.03861672803759575, 0.03564557805657387]"
blur-light,ooc,755,655,955,0,0.07168377190828323,"[955, 55, 716, 334, 738]","[0.07168377190828323, 0.05244258791208267, 0.03865679353475571, 0.036431267857551575, 0.03177542984485626]"
blur-light,ooc,756,579,881,0,0.3097721338272095,"[881, 831, 579, 606, 495]","[0.3097721338272095, 0.09145981073379517, 0.07799766957759857, 0.06549972295761108, 0.030983788892626762]"
blur-light,ooc,757,198,198,1,0.2148066759109497,"[198, 249, 196, 187, 158]","[0.2148066759109497, 0.12971851229667664, 0.11834739148616791, 0.06658786535263062, 0.03756890073418617]"
blur-light,ooc,758,614,614,1,0.48093926906585693,"[614, 775, 653, 899, 211]","[0.48093926906585693, 0.10519230365753174, 0.044495709240436554, 0.02858532778918743, 0.02395992912352085]"
blur-light,ooc,759,689,797,0,0.20367993414402008,"[797, 775, 879, 756, 929]","[0.20367993414402008, 0.17892496287822723, 0.16168563067913055, 0.12491261214017868, 0.06991957128047943]"
blur-light,ooc,760,863,863,1,0.1819896548986435,"[863, 865, 788, 454, 497]","[0.1819896548986435, 0.15133383870124817, 0.10116054117679596, 0.05027495697140694, 0.04828955978155136]"
blur-light,ooc,761,851,609,0,0.2834787666797638,"[609, 895, 404, 628, 483]","[0.2834787666797638, 0.11831384152173996, 0.11802646517753601, 0.06506792455911636, 0.03612985834479332]"
blur-light,ooc,762,444,889,0,0.5410109758377075,"[889, 893, 611, 141, 661]","[0.5410109758377075, 0.1016131117939949, 0.04537403956055641, 0.02884785085916519, 0.023749403655529022]"
blur-light,ooc,763,230,9,0,0.19087570905685425,"[9, 920, 575, 665, 880]","[0.19087570905685425, 0.1126951053738594, 0.09654474258422852, 0.05484694615006447, 0.048809800297021866]"
blur-light,ooc,764,254,478,0,0.07270057499408722,"[478, 151, 225, 519, 492]","[0.07270057499408722, 0.06837772578001022, 0.03765689954161644, 0.03453828766942024, 0.03212769702076912]"
blur-light,ooc,765,199,379,0,0.10345983505249023,"[379, 264, 364, 263, 13]","[0.10345983505249023, 0.06906458735466003, 0.06816381216049194, 0.06007695570588112, 0.055621158331632614]"
blur-light,ooc,766,493,707,0,0.3131732642650604,"[707, 410, 553, 480, 651]","[0.3131732642650604, 0.09784078598022461, 0.06425049155950546, 0.0482405386865139, 0.04184412956237793]"
blur-light,ooc,767,882,939,0,0.12708637118339539,"[939, 133, 998, 322, 136]","[0.12708637118339539, 0.10739502310752869, 0.07183242589235306, 0.06711231917142868, 0.040344249457120895]"
blur-light,ooc,768,739,657,0,0.12812134623527527,"[657, 638, 445, 522, 842]","[0.12812134623527527, 0.09891324490308762, 0.08412232995033264, 0.07802759110927582, 0.04671958461403847]"
blur-light,ooc,769,846,832,0,0.28355008363723755,"[832, 17, 15, 494, 13]","[0.28355008363723755, 0.10235828906297684, 0.07894345372915268, 0.060921672731637955, 0.05042656883597374]"
blur-light,ooc,770,614,139,0,0.14860408008098602,"[139, 360, 863, 652, 616]","[0.14860408008098602, 0.10947820544242859, 0.10907240211963654, 0.05408087372779846, 0.043851401656866074]"
blur-light,ooc,771,579,924,0,0.12695808708667755,"[924, 955, 703, 410, 937]","[0.12695808708667755, 0.11545403301715851, 0.08552827686071396, 0.054856643080711365, 0.04920228198170662]"
blur-light,ooc,772,882,706,0,0.5848349928855896,"[706, 772, 671, 880, 491]","[0.5848349928855896, 0.023284612223505974, 0.023281270638108253, 0.02182013727724552, 0.02127750590443611]"
blur-light,ooc,773,778,840,0,0.3786897361278534,"[840, 594, 778, 788, 476]","[0.3786897361278534, 0.1483466923236847, 0.06573860347270966, 0.0650118961930275, 0.04436061158776283]"
blur-light,ooc,774,882,462,0,0.327667772769928,"[462, 753, 519, 695, 506]","[0.327667772769928, 0.17333368957042694, 0.10421242564916611, 0.05258913338184357, 0.050766706466674805]"
blur-light,ooc,775,550,576,0,0.9950796365737915,"[576, 483, 975, 829, 554]","[0.9950796365737915, 0.0009023942402563989, 0.00046541690244339406, 0.0004582130932249129, 0.0003278816875535995]"
blur-light,ooc,776,284,141,0,0.0934857726097107,"[141, 142, 132, 140, 410]","[0.0934857726097107, 0.07499618083238602, 0.05085363984107971, 0.047915320843458176, 0.03686410188674927]"
blur-light,ooc,777,851,662,0,0.25658246874809265,"[662, 833, 781, 851, 563]","[0.25658246874809265, 0.12340466678142548, 0.056492630392313004, 0.046354398131370544, 0.042031075805425644]"
blur-light,ooc,778,651,404,0,0.1297016590833664,"[404, 920, 150, 579, 908]","[0.1297016590833664, 0.10869168490171432, 0.06992343813180923, 0.04111633822321892, 0.03857516124844551]"
blur-light,ooc,779,681,526,0,0.8408446907997131,"[526, 742, 681, 579, 726]","[0.8408446907997131, 0.01661069318652153, 0.014433327130973339, 0.010251163505017757, 0.009672158397734165]"
blur-light,ooc,780,420,805,0,0.2842973470687866,"[805, 981, 560, 255, 958]","[0.2842973470687866, 0.05192889645695686, 0.05068930611014366, 0.04464838653802872, 0.04017210379242897]"
blur-light,ooc,781,532,345,0,0.1995255947113037,"[345, 744, 880, 428, 657]","[0.1995255947113037, 0.11398067325353622, 0.0926596149802208, 0.09145136922597885, 0.046732667833566666]"
blur-light,ooc,782,423,832,0,0.0786537230014801,"[832, 889, 950, 420, 541]","[0.0786537230014801, 0.07306059449911118, 0.06068471074104309, 0.05723440647125244, 0.056243348866701126]"
blur-light,ooc,783,201,971,0,0.5864606499671936,"[971, 443, 721, 591, 446]","[0.5864606499671936, 0.1502220779657364, 0.03160408139228821, 0.027261318638920784, 0.02530422993004322]"
blur-light,ooc,784,690,353,0,0.19702495634555817,"[353, 410, 352, 275, 99]","[0.19702495634555817, 0.1651638299226761, 0.07712320238351822, 0.07269749045372009, 0.07046915590763092]"
blur-light,ooc,785,807,807,1,0.3490266799926758,"[807, 904, 313, 755, 780]","[0.3490266799926758, 0.10562146455049515, 0.06589827686548233, 0.046551674604415894, 0.030229315161705017]"
blur-light,ooc,786,836,99,0,0.31911608576774597,"[99, 908, 672, 744, 733]","[0.31911608576774597, 0.1580962836742401, 0.04363565519452095, 0.03505658358335495, 0.029415415599942207]"
blur-light,ooc,787,779,779,1,0.6925562024116516,"[779, 803, 705, 730, 565]","[0.6925562024116516, 0.12262898683547974, 0.0416390597820282, 0.031607735902071, 0.015002603642642498]"
blur-light,ooc,788,872,559,0,0.5326154232025146,"[559, 872, 523, 242, 843]","[0.5326154232025146, 0.13468849658966064, 0.11161661148071289, 0.02181391790509224, 0.01623975671827793]"
blur-light,ooc,789,516,460,0,0.12127610296010971,"[460, 428, 559, 583, 672]","[0.12127610296010971, 0.11658761650323868, 0.10756626725196838, 0.0745266005396843, 0.0655667781829834]"
blur-light,ooc,790,807,496,0,0.2374662160873413,"[496, 999, 692, 549, 519]","[0.2374662160873413, 0.060912080109119415, 0.05664002150297165, 0.0527682825922966, 0.045326583087444305]"
blur-light,ooc,791,880,146,0,0.4620789885520935,"[146, 143, 349, 150, 2]","[0.4620789885520935, 0.060588862746953964, 0.05689089000225067, 0.04831422120332718, 0.03955038636922836]"
blur-light,ooc,792,678,716,0,0.13274264335632324,"[716, 863, 738, 682, 825]","[0.13274264335632324, 0.08801056444644928, 0.043753739446401596, 0.03743808716535568, 0.035547271370887756]"
blur-light,ooc,793,603,576,0,0.2940989136695862,"[576, 983, 301, 306, 56]","[0.2940989136695862, 0.12235735356807709, 0.08413749188184738, 0.08143126964569092, 0.062015607953071594]"
blur-light,ooc,794,665,819,0,0.05473518744111061,"[819, 715, 403, 249, 2]","[0.05473518744111061, 0.045220762491226196, 0.03182322904467583, 0.030166372656822205, 0.030107757076621056]"
blur-light,ooc,795,541,978,0,0.2124326527118683,"[978, 977, 701, 2, 394]","[0.2124326527118683, 0.14983825385570526, 0.1028350219130516, 0.09059437364339828, 0.04104972630739212]"
blur-light,ooc,796,704,704,1,0.30650708079338074,"[704, 430, 492, 608, 462]","[0.30650708079338074, 0.1362219899892807, 0.09510599076747894, 0.03726403787732124, 0.031462471932172775]"
blur-light,ooc,797,770,770,1,0.23862706124782562,"[770, 36, 51, 514, 39]","[0.23862706124782562, 0.10033825039863586, 0.09707770496606827, 0.05918195843696594, 0.04303585737943649]"
blur-light,ooc,798,428,99,0,0.15263383090496063,"[99, 735, 146, 3, 728]","[0.15263383090496063, 0.0943029597401619, 0.06880540400743484, 0.06567291915416718, 0.046134013682603836]"
blur-light,ooc,799,637,990,0,0.16469039022922516,"[990, 989, 303, 304, 312]","[0.16469039022922516, 0.13527631759643555, 0.09183645993471146, 0.05127238482236862, 0.039761707186698914]"
blur-light,ooc,800,879,412,0,0.1400732845067978,"[412, 907, 491, 738, 546]","[0.1400732845067978, 0.09848274290561676, 0.08212124556303024, 0.06927196681499481, 0.06743671745061874]"
blur-light,ooc,801,869,703,0,0.16832907497882843,"[703, 880, 758, 444, 671]","[0.16832907497882843, 0.10581590235233307, 0.07991860806941986, 0.06273463368415833, 0.04583027958869934]"
blur-light,ooc,802,690,913,0,0.39998140931129456,"[913, 839, 821, 976, 525]","[0.39998140931129456, 0.10502924770116806, 0.08583306521177292, 0.06543093919754028, 0.03894875943660736]"
blur-light,ooc,803,822,562,0,0.10856207460165024,"[562, 557, 127, 716, 660]","[0.10856207460165024, 0.09766092151403427, 0.06487733125686646, 0.049937810748815536, 0.03706760331988335]"
blur-light,ooc,804,880,649,0,0.21382910013198853,"[649, 385, 668, 514, 386]","[0.21382910013198853, 0.10971273481845856, 0.0968550443649292, 0.08677460253238678, 0.050806302577257156]"
blur-light,ooc,805,612,612,1,0.2915900647640228,"[612, 308, 774, 748, 870]","[0.2915900647640228, 0.06059737503528595, 0.049324505031108856, 0.0421440452337265, 0.03271150588989258]"
blur-light,ooc,806,879,863,0,0.08691245317459106,"[863, 386, 385, 981, 805]","[0.08691245317459106, 0.052317362278699875, 0.051195383071899414, 0.05092614144086838, 0.03831595182418823]"
blur-light,ooc,807,603,428,0,0.25769534707069397,"[428, 730, 603, 544, 349]","[0.25769534707069397, 0.1953563541173935, 0.169136181473732, 0.05375656485557556, 0.027182940393686295]"
blur-light,ooc,808,707,342,0,0.11172452569007874,"[342, 209, 703, 184, 99]","[0.11172452569007874, 0.07393045723438263, 0.047685883939266205, 0.031915757805109024, 0.029845669865608215]"
blur-light,ooc,809,751,595,0,0.671466588973999,"[595, 866, 730, 856, 408]","[0.671466588973999, 0.08320532739162445, 0.06914528459310532, 0.05071568116545677, 0.015474122948944569]"
blur-light,ooc,810,407,436,0,0.25320613384246826,"[436, 717, 407, 751, 734]","[0.25320613384246826, 0.08081786334514618, 0.07630249857902527, 0.06710478663444519, 0.06554105132818222]"
blur-light,ooc,811,791,47,0,0.0635969415307045,"[47, 730, 541, 428, 844]","[0.0635969415307045, 0.044829949736595154, 0.0432540662586689, 0.041329484432935715, 0.03756566718220711]"
blur-light,ooc,812,645,707,0,0.29832711815834045,"[707, 480, 778, 583, 799]","[0.29832711815834045, 0.1929672807455063, 0.07704625278711319, 0.07123331725597382, 0.04765241965651512]"
blur-light,ooc,813,879,664,0,0.04804161936044693,"[664, 448, 799, 835, 538]","[0.04804161936044693, 0.04767307639122009, 0.0456443652510643, 0.04382920637726784, 0.04039742425084114]"
blur-light,ooc,814,612,863,0,0.47212374210357666,"[863, 612, 571, 637, 494]","[0.47212374210357666, 0.21658052504062653, 0.06117463484406471, 0.030748749151825905, 0.024456404149532318]"
blur-light,ooc,815,468,621,0,0.35551849007606506,"[621, 672, 573, 751, 805]","[0.35551849007606506, 0.05602879077196121, 0.05330587923526764, 0.049402955919504166, 0.03659388795495033]"
blur-light,ooc,816,603,699,0,0.517642617225647,"[699, 776, 711, 401, 77]","[0.517642617225647, 0.21337594091892242, 0.05495905131101608, 0.013908962719142437, 0.011988707818090916]"
blur-light,ooc,817,670,665,0,0.29131266474723816,"[665, 573, 471, 880, 670]","[0.29131266474723816, 0.17717044055461884, 0.09986378252506256, 0.05978245660662651, 0.05445866286754608]"
blur-light,ooc,818,468,870,0,0.38899779319763184,"[870, 670, 665, 559, 491]","[0.38899779319763184, 0.26614537835121155, 0.06540536135435104, 0.05199701711535454, 0.048725154250860214]"
blur-light,ooc,819,830,610,0,0.15732713043689728,"[610, 701, 719, 409, 892]","[0.15732713043689728, 0.042840439826250076, 0.03689970076084137, 0.036045074462890625, 0.033575091511011124]"
blur-light,ooc,820,670,450,0,0.10704849660396576,"[450, 746, 719, 876, 784]","[0.10704849660396576, 0.08067808300256729, 0.07231668382883072, 0.05971308797597885, 0.04252941161394119]"
blur-light,ooc,821,807,757,0,0.17005302011966705,"[757, 742, 484, 609, 835]","[0.17005302011966705, 0.1677630990743637, 0.12987498939037323, 0.08272907882928848, 0.07991170138120651]"
blur-light,ooc,822,602,900,0,0.34063342213630676,"[900, 557, 437, 682, 442]","[0.34063342213630676, 0.1709982305765152, 0.14761635661125183, 0.07347356528043747, 0.0702735036611557]"
blur-light,ooc,823,439,799,0,0.22591395676136017,"[799, 695, 602, 707, 412]","[0.22591395676136017, 0.0923088863492012, 0.091778963804245, 0.040705811232328415, 0.025806913152337074]"
blur-light,ooc,824,198,187,0,0.26542216539382935,"[187, 226, 212, 155, 231]","[0.26542216539382935, 0.21334737539291382, 0.0814257487654686, 0.055888582020998, 0.05563051998615265]"
blur-light,ooc,825,559,832,0,0.14684239029884338,"[832, 105, 980, 652, 755]","[0.14684239029884338, 0.10775838792324066, 0.09181751310825348, 0.07897411286830902, 0.047476086765527725]"
blur-light,ooc,826,919,462,0,0.33553752303123474,"[462, 840, 743, 706, 746]","[0.33553752303123474, 0.28056180477142334, 0.03346218168735504, 0.029170289635658264, 0.01843314804136753]"
blur-light,ooc,827,665,522,0,0.5868527293205261,"[522, 621, 805, 870, 429]","[0.5868527293205261, 0.048508986830711365, 0.033626679331064224, 0.019031597301363945, 0.016356676816940308]"
blur-light,ooc,828,919,920,0,0.2670557200908661,"[920, 845, 404, 549, 446]","[0.2670557200908661, 0.06898658722639084, 0.03784223645925522, 0.03534232825040817, 0.03415083512663841]"
blur-light,ooc,829,557,704,0,0.2604812681674957,"[704, 649, 682, 437, 562]","[0.2604812681674957, 0.18086838722229004, 0.0914485976099968, 0.06888066977262497, 0.048114072531461716]"
blur-light,ooc,830,864,663,0,0.2146991342306137,"[663, 500, 646, 873, 130]","[0.2146991342306137, 0.15031373500823975, 0.08048661798238754, 0.06214780732989311, 0.03592877462506294]"
blur-light,ooc,831,880,970,0,0.13030561804771423,"[970, 912, 652, 351, 350]","[0.13030561804771423, 0.12151508778333664, 0.09192003309726715, 0.07912078499794006, 0.04514998197555542]"
blur-light,ooc,832,870,706,0,0.21283793449401855,"[706, 449, 703, 559, 754]","[0.21283793449401855, 0.12166746705770493, 0.06870260089635849, 0.062340687960386276, 0.05824116989970207]"
blur-light,ooc,833,439,700,0,0.25251883268356323,"[700, 999, 443, 264, 910]","[0.25251883268356323, 0.2016318440437317, 0.07260747998952866, 0.06364918500185013, 0.050206031650304794]"
blur-light,ooc,834,728,100,0,0.1674802303314209,"[100, 472, 385, 693, 277]","[0.1674802303314209, 0.15497088432312012, 0.13528716564178467, 0.06928961724042892, 0.033609192818403244]"
blur-light,ooc,835,920,784,0,0.16190490126609802,"[784, 693, 602, 456, 742]","[0.16190490126609802, 0.07192885130643845, 0.07049310207366943, 0.05953110754489899, 0.04660927131772041]"
blur-light,ooc,836,608,410,0,0.25720155239105225,"[410, 788, 411, 716, 614]","[0.25720155239105225, 0.09298377484083176, 0.056981172412633896, 0.03521094471216202, 0.028600921854376793]"
blur-light,ooc,837,919,453,0,0.800195574760437,"[453, 687, 454, 495, 624]","[0.800195574760437, 0.09981180727481842, 0.023011425510048866, 0.013559544458985329, 0.009620982222259045]"
blur-light,ooc,838,612,612,1,0.26962700486183167,"[612, 693, 491, 758, 870]","[0.26962700486183167, 0.15229596197605133, 0.05307949334383011, 0.04944562539458275, 0.0391329862177372]"
blur-light,ooc,839,919,458,0,0.23684781789779663,"[458, 787, 614, 695, 160]","[0.23684781789779663, 0.07982008904218674, 0.04091079533100128, 0.03452124819159508, 0.033592067658901215]"
blur-light,ooc,840,571,478,0,0.3243545889854431,"[478, 707, 844, 662, 674]","[0.3243545889854431, 0.13408724963665009, 0.09891161322593689, 0.0338212214410305, 0.03040339983999729]"
blur-light,ooc,841,575,547,0,0.7995669841766357,"[547, 705, 912, 565, 820]","[0.7995669841766357, 0.1050502359867096, 0.02626102976500988, 0.013978741131722927, 0.007660996168851852]"
blur-light,ooc,842,870,303,0,0.1512296050786972,"[303, 321, 326, 91, 306]","[0.1512296050786972, 0.13012200593948364, 0.12353788316249847, 0.09078516066074371, 0.07742106169462204]"
blur-light,ooc,843,919,405,0,0.3055996596813202,"[405, 557, 442, 807, 701]","[0.3055996596813202, 0.10511381924152374, 0.06325722485780716, 0.06206076592206955, 0.04801308363676071]"
blur-light,ooc,844,879,538,0,0.21965758502483368,"[538, 915, 879, 617, 727]","[0.21965758502483368, 0.21702396869659424, 0.18046154081821442, 0.0367746539413929, 0.0356149822473526]"
blur-light,ooc,845,690,825,0,0.2792819142341614,"[825, 22, 410, 128, 306]","[0.2792819142341614, 0.08815653622150421, 0.04837609827518463, 0.04334305599331856, 0.03748003765940666]"
blur-light,ooc,846,879,825,0,0.11053527891635895,"[825, 953, 996, 533, 973]","[0.11053527891635895, 0.09459873288869858, 0.05703352391719818, 0.030810674652457237, 0.024414578452706337]"
blur-light,ooc,847,412,458,0,0.5082048177719116,"[458, 820, 637, 900, 412]","[0.5082048177719116, 0.14165721833705902, 0.0644771158695221, 0.04139995947480202, 0.034012842923402786]"
blur-light,ooc,848,412,769,0,0.35107219219207764,"[769, 704, 637, 549, 519]","[0.35107219219207764, 0.1787114143371582, 0.058204758912324905, 0.04005248472094536, 0.02579386904835701]"
blur-light,ooc,849,751,817,0,0.4190853536128998,"[817, 751, 511, 479, 471]","[0.4190853536128998, 0.3076459765434265, 0.04557589441537857, 0.037490032613277435, 0.035226285457611084]"
blur-light,ooc,850,489,539,0,0.3349613547325134,"[539, 835, 853, 646, 706]","[0.3349613547325134, 0.3114929497241974, 0.04764323681592941, 0.019780132919549942, 0.014361245557665825]"
blur-light,ooc,851,223,491,0,0.0663115382194519,"[491, 879, 539, 502, 716]","[0.0663115382194519, 0.05663467198610306, 0.04612450674176216, 0.04072077199816704, 0.03318151459097862]"
blur-light,ooc,852,603,22,0,0.22384189069271088,"[22, 51, 603, 488, 715]","[0.22384189069271088, 0.11095961928367615, 0.1096833199262619, 0.07042247802019119, 0.06721464544534683]"
blur-light,ooc,853,862,352,0,0.14194415509700775,"[352, 272, 191, 291, 330]","[0.14194415509700775, 0.13589651882648468, 0.07558761537075043, 0.06597290188074112, 0.04691381752490997]"
blur-light,ooc,854,612,137,0,0.17490021884441376,"[137, 130, 142, 437, 497]","[0.17490021884441376, 0.14254724979400635, 0.09812323749065399, 0.09310396760702133, 0.0771104097366333]"
blur-light,ooc,855,154,204,0,0.09116388857364655,"[204, 200, 229, 155, 203]","[0.09116388857364655, 0.07389988750219345, 0.057448990643024445, 0.05665744096040726, 0.04824522137641907]"
blur-light,ooc,856,560,383,0,0.08785204589366913,"[383, 265, 336, 189, 261]","[0.08785204589366913, 0.06876692175865173, 0.053975366055965424, 0.0504019595682621, 0.04690999537706375]"
blur-light,ooc,857,852,85,0,0.1565648317337036,"[85, 425, 58, 975, 391]","[0.1565648317337036, 0.05132540315389633, 0.04814143106341362, 0.035132527351379395, 0.029494673013687134]"
blur-light,ooc,858,522,594,0,0.9490785002708435,"[594, 462, 882, 696, 578]","[0.9490785002708435, 0.02090185135602951, 0.0047737727873027325, 0.003098701825365424, 0.0025728491600602865]"
blur-light,ooc,859,430,706,0,0.2051931917667389,"[706, 634, 495, 743, 884]","[0.2051931917667389, 0.14627330005168915, 0.11067938059568405, 0.08081252872943878, 0.03852246329188347]"
blur-light,ooc,860,752,983,0,0.46223339438438416,"[983, 6, 4, 3, 5]","[0.46223339438438416, 0.15087871253490448, 0.10287994891405106, 0.06140114739537239, 0.026651035994291306]"
blur-light,ooc,861,852,536,0,0.383261114358902,"[536, 829, 705, 628, 547]","[0.383261114358902, 0.2578714191913605, 0.22815266251564026, 0.013521433807909489, 0.010566195473074913]"
blur-light,ooc,862,746,828,0,0.205705925822258,"[828, 877, 811, 150, 904]","[0.205705925822258, 0.05719868093729019, 0.0473424457013607, 0.041014645248651505, 0.03829649090766907]"
blur-light,ooc,863,702,523,0,0.2427024394273758,"[523, 602, 541, 456, 421]","[0.2427024394273758, 0.09994152188301086, 0.07617687433958054, 0.07557439804077148, 0.06006969138979912]"
blur-light,ooc,864,560,815,0,0.7372758984565735,"[815, 75, 73, 72, 74]","[0.7372758984565735, 0.06675062328577042, 0.041151683777570724, 0.03510751202702522, 0.028079072013497353]"
blur-light,ooc,865,746,979,0,0.4870058596134186,"[979, 970, 394, 802, 795]","[0.4870058596134186, 0.12534557282924652, 0.04182342067360878, 0.03555192053318024, 0.03281014785170555]"
blur-light,ooc,866,430,752,0,0.17809543013572693,"[752, 677, 600, 144, 783]","[0.17809543013572693, 0.10542812198400497, 0.0945873036980629, 0.0847853273153305, 0.04317495599389076]"
blur-light,ooc,867,450,303,0,0.22859402000904083,"[303, 325, 46, 326, 321]","[0.22859402000904083, 0.22394654154777527, 0.05997034162282944, 0.054561346769332886, 0.034952178597450256]"
blur-light,ooc,868,890,130,0,0.07419119030237198,"[130, 139, 145, 672, 99]","[0.07419119030237198, 0.06912972778081894, 0.06720748543739319, 0.06229078769683838, 0.05444248020648956]"
blur-light,ooc,869,746,701,0,0.07433652877807617,"[701, 978, 659, 146, 909]","[0.07433652877807617, 0.06244088336825371, 0.05606350675225258, 0.0514204278588295, 0.04765257239341736]"
blur-light,ooc,870,560,701,0,0.5484287142753601,"[701, 805, 417, 802, 450]","[0.5484287142753601, 0.0909561812877655, 0.07919241487979889, 0.05206483602523804, 0.04628949984908104]"
blur-light,ooc,871,752,519,0,0.6165179014205933,"[519, 858, 825, 18, 703]","[0.6165179014205933, 0.11465733498334885, 0.06630878895521164, 0.03821566700935364, 0.01799892634153366]"
blur-light,ooc,872,702,816,0,0.08691202849149704,"[816, 889, 525, 764, 835]","[0.08691202849149704, 0.06936997175216675, 0.06008697301149368, 0.05323519930243492, 0.04278841242194176]"
blur-light,ooc,873,160,168,0,0.42186591029167175,"[168, 842, 587, 775, 608]","[0.42186591029167175, 0.08137228339910507, 0.06096804887056351, 0.03303559124469757, 0.031927745789289474]"
blur-light,ooc,874,430,330,0,0.05685752257704735,"[330, 911, 106, 252, 233]","[0.05685752257704735, 0.05103857070207596, 0.04256343096494675, 0.039960797876119614, 0.030541477724909782]"
blur-light,ooc,875,430,318,0,0.24507656693458557,"[318, 111, 317, 395, 998]","[0.24507656693458557, 0.15235577523708344, 0.08971802890300751, 0.07317377626895905, 0.06384485214948654]"
blur-light,ooc,876,499,525,0,0.3314821124076843,"[525, 835, 36, 839, 502]","[0.3314821124076843, 0.26194798946380615, 0.05207661911845207, 0.027770092710852623, 0.02552303485572338]"
blur-light,ooc,877,418,596,0,0.18497931957244873,"[596, 792, 114, 730, 845]","[0.18497931957244873, 0.06729397922754288, 0.04142439365386963, 0.03894652798771858, 0.03356780856847763]"
blur-light,ooc,878,849,659,0,0.16413521766662598,"[659, 849, 463, 505, 899]","[0.16413521766662598, 0.15768706798553467, 0.10547135025262833, 0.09131572395563126, 0.09079314023256302]"
blur-light,ooc,879,899,576,0,0.4581794738769531,"[576, 704, 756, 801, 833]","[0.4581794738769531, 0.05851338803768158, 0.048560868948698044, 0.04457496479153633, 0.0339951291680336]"
blur-light,ooc,880,963,963,1,0.7601717710494995,"[963, 937, 868, 962, 965]","[0.7601717710494995, 0.03757519647479057, 0.020845726132392883, 0.018238285556435585, 0.01781480945646763]"
blur-light,ooc,881,956,938,0,0.47577279806137085,"[938, 924, 965, 923, 943]","[0.47577279806137085, 0.11342627555131912, 0.04792891815304756, 0.03799079731106758, 0.03150992840528488]"
blur-light,ooc,882,961,896,0,0.21579474210739136,"[896, 844, 519, 704, 876]","[0.21579474210739136, 0.06537653505802155, 0.06308997422456741, 0.03480270504951477, 0.03178396821022034]"
blur-light,ooc,883,786,888,0,0.6046915054321289,"[888, 649, 22, 385, 755]","[0.6046915054321289, 0.06512879580259323, 0.028984060510993004, 0.02704906091094017, 0.025945981964468956]"
blur-light,ooc,884,440,440,1,0.953042209148407,"[440, 737, 870, 585, 502]","[0.953042209148407, 0.011134437285363674, 0.0048254686407744884, 0.0036193241830915213, 0.0030902354046702385]"
blur-light,ooc,885,846,693,0,0.43399563431739807,"[693, 727, 733, 554, 744]","[0.43399563431739807, 0.14494092762470245, 0.08511263877153397, 0.04087037593126297, 0.03224559128284454]"
blur-light,ooc,886,969,608,0,0.4671727418899536,"[608, 610, 529, 411, 614]","[0.4671727418899536, 0.08461200445890427, 0.07019661366939545, 0.0546843446791172, 0.0344870463013649]"
blur-light,ooc,887,945,150,0,0.12640166282653809,"[150, 770, 471, 912, 296]","[0.12640166282653809, 0.09904269129037857, 0.07380971312522888, 0.06114746257662773, 0.05268903821706772]"
blur-light,ooc,888,752,571,0,0.2050059288740158,"[571, 788, 495, 561, 822]","[0.2050059288740158, 0.05297134816646576, 0.05207659676671028, 0.048900119960308075, 0.04371034726500511]"
blur-light,ooc,889,651,660,0,0.6709503531455994,"[660, 704, 757, 651, 867]","[0.6709503531455994, 0.0622931644320488, 0.02906043455004692, 0.023346595466136932, 0.022200005128979683]"
blur-light,ooc,890,945,945,1,0.42576852440834045,"[945, 990, 957, 948, 988]","[0.42576852440834045, 0.10598459094762802, 0.06359418481588364, 0.05968630686402321, 0.04514037445187569]"
blur-light,ooc,891,438,718,0,0.1558481901884079,"[718, 833, 492, 791, 460]","[0.1558481901884079, 0.1281130164861679, 0.08598534017801285, 0.0688265860080719, 0.044334206730127335]"
blur-light,ooc,892,441,417,0,0.35177138447761536,"[417, 898, 773, 637, 441]","[0.35177138447761536, 0.0968475416302681, 0.09392023086547852, 0.08635306358337402, 0.08024296909570694]"
blur-light,ooc,893,818,97,0,0.3055460453033447,"[97, 546, 981, 98, 264]","[0.3055460453033447, 0.26634472608566284, 0.07488728314638138, 0.057442110031843185, 0.0345466285943985]"
blur-light,ooc,894,941,952,0,0.8541855812072754,"[952, 941, 990, 956, 113]","[0.8541855812072754, 0.062473613768815994, 0.018210601061582565, 0.010667406022548676, 0.010659707710146904]"
blur-light,ooc,895,711,708,0,0.14441002905368805,"[708, 562, 603, 706, 877]","[0.14441002905368805, 0.13486821949481964, 0.07010544091463089, 0.06724098324775696, 0.03472934290766716]"
blur-light,ooc,896,152,160,0,0.415463924407959,"[160, 152, 157, 154, 155]","[0.415463924407959, 0.20022793114185333, 0.08162040263414383, 0.036920372396707535, 0.028984546661376953]"
blur-light,ooc,897,996,996,1,0.6885890364646912,"[996, 937, 944, 956, 924]","[0.6885890364646912, 0.20101480185985565, 0.03647460788488388, 0.02945617586374283, 0.015401357784867287]"
blur-light,ooc,898,898,747,0,0.4491599500179291,"[747, 929, 882, 673, 641]","[0.4491599500179291, 0.0872519314289093, 0.05576390400528908, 0.03189587965607643, 0.030557207763195038]"
blur-light,ooc,899,441,595,0,0.3646126389503479,"[595, 437, 657, 871, 441]","[0.3646126389503479, 0.11582564562559128, 0.06238905340433121, 0.05652546137571335, 0.05252447724342346]"
blur-light,ooc,900,953,672,0,0.4105680286884308,"[672, 802, 701, 89, 728]","[0.4105680286884308, 0.12110944092273712, 0.05080306902527809, 0.030242672190070152, 0.02656068466603756]"
blur-light,ooc,901,505,915,0,0.17400003969669342,"[915, 483, 730, 547, 428]","[0.17400003969669342, 0.07921090722084045, 0.0734446793794632, 0.06978302448987961, 0.04631488770246506]"
blur-light,ooc,902,773,389,0,0.19269458949565887,"[389, 394, 594, 708, 391]","[0.19269458949565887, 0.0974881574511528, 0.08253318071365356, 0.05105976760387421, 0.04962450638413429]"
blur-light,ooc,903,942,947,0,0.18783850967884064,"[947, 701, 326, 992, 31]","[0.18783850967884064, 0.11173304170370102, 0.10108650475740433, 0.09324317425489426, 0.06625787168741226]"
blur-light,ooc,904,891,790,0,0.7531882524490356,"[790, 402, 546, 777, 650]","[0.7531882524490356, 0.07597267627716064, 0.02445114590227604, 0.023039186373353004, 0.01953469030559063]"
blur-light,ooc,905,968,588,0,0.229445219039917,"[588, 445, 968, 87, 611]","[0.229445219039917, 0.057021889835596085, 0.04755754768848419, 0.045534707605838776, 0.040743470191955566]"
blur-light,ooc,906,942,912,0,0.1194421797990799,"[912, 536, 825, 706, 858]","[0.1194421797990799, 0.10347314178943634, 0.09217813611030579, 0.08434221148490906, 0.06777985394001007]"
blur-light,ooc,907,941,849,0,0.13391074538230896,"[849, 936, 697, 121, 61]","[0.13391074538230896, 0.09734468907117844, 0.06822703778743744, 0.06052384898066521, 0.051988665014505386]"
blur-light,ooc,908,418,494,0,0.6523920297622681,"[494, 709, 912, 503, 583]","[0.6523920297622681, 0.02656201831996441, 0.021569905802607536, 0.01862492971122265, 0.017179029062390327]"
blur-light,ooc,909,928,927,0,0.3708013594150543,"[927, 112, 470, 928, 203]","[0.3708013594150543, 0.14284858107566833, 0.1107407957315445, 0.04480836167931557, 0.034626174718141556]"
blur-light,ooc,910,934,934,1,0.3566789925098419,"[934, 977, 405, 557, 833]","[0.3566789925098419, 0.12582555413246155, 0.1124790832400322, 0.05126211792230606, 0.030693991109728813]"
blur-light,ooc,911,968,816,0,0.3981543779373169,"[816, 863, 448, 545, 721]","[0.3981543779373169, 0.14700362086296082, 0.04843994975090027, 0.041120488196611404, 0.03503062203526497]"
blur-light,ooc,912,923,923,1,0.36540892720222473,"[923, 932, 122, 925, 931]","[0.36540892720222473, 0.13660885393619537, 0.06696493923664093, 0.052536673843860626, 0.031766217201948166]"
blur-light,ooc,913,194,194,1,0.43692782521247864,"[194, 255, 175, 186, 185]","[0.43692782521247864, 0.10403918474912643, 0.07666922360658646, 0.045956648886203766, 0.040407270193099976]"
blur-light,ooc,914,927,927,1,0.834652304649353,"[927, 868, 809, 963, 957]","[0.834652304649353, 0.05094388872385025, 0.029019922018051147, 0.0164988711476326, 0.01220429502427578]"
blur-light,ooc,915,686,110,0,0.11179525405168533,"[110, 574, 522, 997, 15]","[0.11179525405168533, 0.07274982333183289, 0.07149752974510193, 0.044286925345659256, 0.038671623915433884]"
blur-light,ooc,916,737,491,0,0.3073616027832031,"[491, 391, 970, 803, 775]","[0.3073616027832031, 0.044441644102334976, 0.037950072437524796, 0.037819754332304, 0.03550240769982338]"
blur-light,ooc,917,849,63,0,0.21349674463272095,"[63, 79, 90, 55, 124]","[0.21349674463272095, 0.11434676498174667, 0.07876384258270264, 0.03806716576218605, 0.02775733359158039]"
blur-light,ooc,918,855,855,1,0.3000369369983673,"[855, 703, 412, 588, 84]","[0.3000369369983673, 0.08955956995487213, 0.07020393013954163, 0.05988730117678642, 0.03982492908835411]"
blur-light,ooc,919,611,49,0,0.20122097432613373,"[49, 549, 458, 692, 276]","[0.20122097432613373, 0.04595551639795303, 0.026697581633925438, 0.02574959024786949, 0.025316691026091576]"
blur-light,ooc,920,545,86,0,0.08596485108137131,"[86, 755, 39, 144, 82]","[0.08596485108137131, 0.07331026345491409, 0.06638358533382416, 0.06029728427529335, 0.05944182723760605]"
blur-light,ooc,921,761,81,0,0.34376245737075806,"[81, 405, 89, 701, 279]","[0.34376245737075806, 0.3316623866558075, 0.028702564537525177, 0.021941810846328735, 0.02082989551126957]"
blur-light,ooc,922,521,420,0,0.17302735149860382,"[420, 618, 505, 849, 861]","[0.17302735149860382, 0.06249476969242096, 0.06195753812789917, 0.05020236223936081, 0.04097440093755722]"
blur-light,ooc,923,626,946,0,0.47614315152168274,"[946, 985, 89, 738, 309]","[0.47614315152168274, 0.47218820452690125, 0.014684896916151047, 0.007238689810037613, 0.0061563048511743546]"
blur-light,ooc,924,441,40,0,0.3735177516937256,"[40, 46, 122, 90, 88]","[0.3735177516937256, 0.19585856795310974, 0.04661183804273605, 0.044111259281635284, 0.04005141928792]"
blur-light,ooc,925,438,463,0,0.47325095534324646,"[463, 423, 899, 831, 503]","[0.47325095534324646, 0.18009699881076813, 0.0286954864859581, 0.028101712465286255, 0.02157328650355339]"
blur-light,ooc,926,426,426,1,0.6942998170852661,"[426, 778, 409, 826, 635]","[0.6942998170852661, 0.22065337002277374, 0.0433170385658741, 0.018473582342267036, 0.00682831322774291]"
blur-light,ooc,927,710,570,0,0.22846660017967224,"[570, 490, 787, 93, 457]","[0.22846660017967224, 0.08616670221090317, 0.046079766005277634, 0.044774241745471954, 0.03737925738096237]"
blur-light,ooc,928,613,920,0,0.5527313947677612,"[920, 448, 836, 410, 565]","[0.5527313947677612, 0.07407830655574799, 0.04326850548386574, 0.028713379055261612, 0.026923634111881256]"
blur-light,ooc,929,574,65,0,0.06783024966716766,"[65, 386, 263, 192, 225]","[0.06783024966716766, 0.06433483958244324, 0.04725732281804085, 0.040222909301519394, 0.03512962907552719]"
blur-light,ooc,930,882,316,0,0.20663988590240479,"[316, 364, 64, 428, 58]","[0.20663988590240479, 0.08601582795381546, 0.03974572941660881, 0.0336209312081337, 0.02650838904082775]"
blur-light,ooc,931,647,519,0,0.41410067677497864,"[519, 421, 492, 458, 398]","[0.41410067677497864, 0.08838406950235367, 0.07814899832010269, 0.05370732769370079, 0.05297723785042763]"
blur-light,ooc,932,737,737,1,0.36259180307388306,"[737, 440, 695, 707, 463]","[0.36259180307388306, 0.2932842969894409, 0.07106664031744003, 0.041565071791410446, 0.03839755058288574]"
blur-light,ooc,933,963,963,1,0.8755594491958618,"[963, 599, 611, 327, 410]","[0.8755594491958618, 0.062060143798589706, 0.032343391329050064, 0.0020467890426516533, 0.0017985907616093755]"
blur-light,ooc,934,662,908,0,0.3210289180278778,"[908, 412, 704, 485, 471]","[0.3210289180278778, 0.0997917652130127, 0.049288079142570496, 0.0472143292427063, 0.03733116015791893]"
blur-light,ooc,935,891,891,1,0.3107016384601593,"[891, 796, 515, 570, 808]","[0.3107016384601593, 0.0923614576458931, 0.07572425156831741, 0.06969581544399261, 0.0418652705848217]"
blur-light,ooc,936,891,703,0,0.1789190173149109,"[703, 835, 410, 920, 449]","[0.1789190173149109, 0.16940826177597046, 0.16748793423175812, 0.11914348602294922, 0.08096114546060562]"
blur-light,ooc,937,710,621,0,0.2459813356399536,"[621, 472, 646, 522, 385]","[0.2459813356399536, 0.08233396708965302, 0.07872359454631805, 0.07459081709384918, 0.04267565906047821]"
blur-light,ooc,938,188,267,0,0.46258458495140076,"[267, 181, 266, 89, 146]","[0.46258458495140076, 0.10480441898107529, 0.056886423379182816, 0.039683934301137924, 0.037073224782943726]"
blur-light,ooc,939,503,859,0,0.21339604258537292,"[859, 503, 702, 495, 648]","[0.21339604258537292, 0.12424510717391968, 0.09005003422498703, 0.07310313731431961, 0.06556855142116547]"
blur-light,ooc,940,849,849,1,0.9066970348358154,"[849, 725, 653, 666, 110]","[0.9066970348358154, 0.03424084559082985, 0.01784650981426239, 0.01260543242096901, 0.004426856059581041]"
blur-light,ooc,941,968,551,0,0.2527139484882355,"[551, 659, 420, 463, 809]","[0.2527139484882355, 0.20599980652332306, 0.0930846631526947, 0.09136271476745605, 0.027203451842069626]"
blur-light,ooc,942,438,956,0,0.22668889164924622,"[956, 516, 996, 721, 529]","[0.22668889164924622, 0.1131085604429245, 0.0903109759092331, 0.04315101355314255, 0.03930940479040146]"
blur-light,ooc,943,530,703,0,0.5697675347328186,"[703, 716, 912, 530, 448]","[0.5697675347328186, 0.10920543223619461, 0.06670776009559631, 0.046118807047605515, 0.04058884456753731]"
blur-light,ooc,944,613,613,1,0.9506045579910278,"[613, 882, 666, 756, 747]","[0.9506045579910278, 0.004158725496381521, 0.0020278585143387318, 0.0019567692652344704, 0.0018991465913131833]"
blur-light,ooc,945,786,705,0,0.28783661127090454,"[705, 786, 782, 736, 547]","[0.28783661127090454, 0.12951301038265228, 0.12426788359880447, 0.0563582181930542, 0.05633736774325371]"
blur-light,ooc,946,466,908,0,0.37031885981559753,"[908, 657, 744, 895, 780]","[0.37031885981559753, 0.2959766387939453, 0.07082206010818481, 0.06015022471547127, 0.043687209486961365]"
blur-light,ooc,947,466,146,0,0.6839743256568909,"[146, 437, 99, 97, 18]","[0.6839743256568909, 0.04468651860952377, 0.03335276618599892, 0.025111321359872818, 0.02249026484787464]"
blur-light,ooc,948,466,89,0,0.10963045060634613,"[89, 448, 756, 637, 391]","[0.10963045060634613, 0.10614930838346481, 0.060314033180475235, 0.04365670680999756, 0.03711012750864029]"
blur-light,ooc,949,547,547,1,0.8848752975463867,"[547, 705, 595, 756, 660]","[0.8848752975463867, 0.029555678367614746, 0.012544366531074047, 0.011612080968916416, 0.00996969174593687]"
blur-light,ooc,950,547,408,0,0.11625853925943375,"[408, 705, 779, 625, 913]","[0.11625853925943375, 0.10206106305122375, 0.05774952843785286, 0.05333944410085678, 0.049183040857315063]"
blur-light,ooc,951,547,17,0,0.1075718104839325,"[17, 879, 14, 443, 47]","[0.1075718104839325, 0.09409838914871216, 0.07934768497943878, 0.03228246793150902, 0.032231539487838745]"
blur-light,ooc,952,466,146,0,0.48789188265800476,"[146, 99, 58, 895, 805]","[0.48789188265800476, 0.058545712381601334, 0.03749799355864525, 0.03363305702805519, 0.03051127679646015]"
blur-light,ooc,953,466,764,0,0.379810094833374,"[764, 413, 404, 405, 742]","[0.379810094833374, 0.12398147583007812, 0.06320944428443909, 0.046368490904569626, 0.038707129657268524]"
blur-light,ooc,954,829,829,1,0.2945590019226074,"[829, 698, 660, 497, 705]","[0.2945590019226074, 0.15999020636081696, 0.12624260783195496, 0.12158429622650146, 0.10654230415821075]"
blur-light,ooc,955,547,705,0,0.6266239285469055,"[705, 547, 449, 510, 718]","[0.6266239285469055, 0.1630885750055313, 0.08211196959018707, 0.038409169763326645, 0.009765737690031528]"
blur-light,ooc,956,829,413,0,0.090963214635849,"[413, 568, 764, 489, 614]","[0.090963214635849, 0.08557599037885666, 0.06807056069374084, 0.05859096720814705, 0.05784643068909645]"
blur-light,ooc,957,829,423,0,0.2978466749191284,"[423, 492, 514, 882, 539]","[0.2978466749191284, 0.10871753096580505, 0.0485343411564827, 0.03823911026120186, 0.022428646683692932]"
blur-light,ooc,958,829,803,0,0.28270381689071655,"[803, 405, 649, 609, 437]","[0.28270381689071655, 0.1229744404554367, 0.07511959969997406, 0.06614326685667038, 0.03274569660425186]"
blur-light,ooc,959,820,820,1,0.9660647511482239,"[820, 856, 471, 595, 80]","[0.9660647511482239, 0.007068797014653683, 0.004809677600860596, 0.0032819020561873913, 0.0031544528901576996]"
blur-light,ooc,960,820,458,0,0.3464961349964142,"[458, 640, 427, 665, 545]","[0.3464961349964142, 0.33276858925819397, 0.03901313617825508, 0.03649114444851875, 0.018759561702609062]"
blur-light,ooc,961,829,705,0,0.5557652115821838,"[705, 829, 547, 874, 654]","[0.5557652115821838, 0.3587971329689026, 0.017402920871973038, 0.012743351049721241, 0.010713910683989525]"
blur-light,ooc,962,820,343,0,0.07321283966302872,"[343, 327, 738, 274, 362]","[0.07321283966302872, 0.04377393424510956, 0.04221932590007782, 0.03509269654750824, 0.034598737955093384]"
blur-light,ooc,963,829,425,0,0.1524886041879654,"[425, 840, 888, 682, 821]","[0.1524886041879654, 0.08597040921449661, 0.07573365420103073, 0.06394916772842407, 0.049024470150470734]"
blur-light,ooc,964,829,706,0,0.12031251192092896,"[706, 547, 565, 829, 705]","[0.12031251192092896, 0.11874458938837051, 0.11068950593471527, 0.052286822348833084, 0.03762004151940346]"
blur-light,ooc,965,829,829,1,0.500043511390686,"[829, 408, 449, 874, 705]","[0.500043511390686, 0.1378949135541916, 0.11897071450948715, 0.05960821360349655, 0.0360025092959404]"
blur-light,ooc,966,820,867,0,0.10076551884412766,"[867, 895, 803, 507, 609]","[0.10076551884412766, 0.08662787824869156, 0.07362425327301025, 0.07330743223428726, 0.040645722299814224]"
blur-light,ooc,967,829,706,0,0.7922853827476501,"[706, 829, 835, 421, 412]","[0.7922853827476501, 0.12500378489494324, 0.019218256697058678, 0.00734841451048851, 0.004793026950210333]"
blur-light,ooc,968,102,102,1,0.3038424551486969,"[102, 334, 316, 584, 816]","[0.3038424551486969, 0.05819050222635269, 0.049550943076610565, 0.04217712581157684, 0.03495459631085396]"
blur-light,ooc,969,850,266,0,0.2643392086029053,"[266, 202, 192, 184, 189]","[0.2643392086029053, 0.07849845290184021, 0.0660342127084732, 0.05523640289902687, 0.05352241173386574]"
blur-light,ooc,970,850,325,0,0.5997781753540039,"[325, 997, 322, 947, 850]","[0.5997781753540039, 0.07665666937828064, 0.07069098949432373, 0.06806433945894241, 0.034019432961940765]"
blur-light,ooc,971,539,611,0,0.06885465979576111,"[611, 331, 90, 14, 47]","[0.06885465979576111, 0.060947734862565994, 0.05835329368710518, 0.04615599289536476, 0.03693900629878044]"
blur-light,ooc,972,374,695,0,0.15571200847625732,"[695, 162, 372, 166, 161]","[0.15571200847625732, 0.07263828814029694, 0.05854618549346924, 0.04428211972117424, 0.04113408550620079]"
blur-light,ooc,973,601,601,1,0.41566431522369385,"[601, 797, 689, 131, 23]","[0.41566431522369385, 0.08981060236692429, 0.056694332510232925, 0.05577099323272705, 0.052114732563495636]"
blur-light,ooc,974,929,912,0,0.2376156449317932,"[912, 764, 657, 471, 777]","[0.2376156449317932, 0.2268334925174713, 0.06454798579216003, 0.056448083370923996, 0.05623595044016838]"
blur-light,ooc,975,203,170,0,0.12881946563720703,"[170, 203, 204, 222, 153]","[0.12881946563720703, 0.1178455725312233, 0.06480409950017929, 0.04921490699052811, 0.04556972533464432]"
blur-light,ooc,976,532,46,0,0.2914329767227173,"[46, 90, 315, 59, 40]","[0.2914329767227173, 0.08952116221189499, 0.08261647075414658, 0.08116785436868668, 0.06069789081811905]"
blur-light,ooc,977,153,153,1,0.4158986210823059,"[153, 207, 203, 219, 257]","[0.4158986210823059, 0.13082937896251678, 0.06209231913089752, 0.046527400612831116, 0.03953861817717552]"
blur-light,ooc,978,733,733,1,0.4896335005760193,"[733, 523, 462, 835, 872]","[0.4896335005760193, 0.04210437089204788, 0.04110879451036453, 0.036355551332235336, 0.03149895370006561]"
blur-light,ooc,979,363,343,0,0.44539374113082886,"[343, 835, 342, 958, 341]","[0.44539374113082886, 0.1847783476114273, 0.060375459492206573, 0.04074516147375107, 0.033537380397319794]"
blur-light,ooc,980,674,724,0,0.08715271949768066,"[724, 621, 764, 428, 580]","[0.08715271949768066, 0.07793901115655899, 0.06882535666227341, 0.05123981460928917, 0.04094988480210304]"
blur-light,ooc,981,778,700,0,0.39680761098861694,"[700, 999, 728, 591, 662]","[0.39680761098861694, 0.1798076331615448, 0.0412893109023571, 0.037963349372148514, 0.033952292054891586]"
blur-light,ooc,982,765,721,0,0.4987856447696686,"[721, 806, 765, 443, 529]","[0.4987856447696686, 0.060460589826107025, 0.040359415113925934, 0.035411909222602844, 0.030441908165812492]"
blur-light,ooc,983,161,274,0,0.4707983732223511,"[274, 269, 291, 271, 272]","[0.4707983732223511, 0.09099934250116348, 0.07997791469097137, 0.06885617226362228, 0.05415835976600647]"
blur-light,ooc,984,539,286,0,0.3270028531551361,"[286, 291, 172, 176, 930]","[0.3270028531551361, 0.07414807379245758, 0.03530506044626236, 0.035255465656518936, 0.029178569093346596]"
blur-light,ooc,985,999,89,0,0.344841867685318,"[89, 21, 133, 18, 797]","[0.344841867685318, 0.06609689444303513, 0.06470870971679688, 0.05124194175004959, 0.05020575970411301]"
blur-light,ooc,986,715,955,0,0.8218953013420105,"[955, 490, 805, 768, 723]","[0.8218953013420105, 0.09471271932125092, 0.05034733563661575, 0.003719727974385023, 0.0036491071805357933]"
blur-light,ooc,987,153,153,1,0.7987685203552246,"[153, 203, 850, 87, 204]","[0.7987685203552246, 0.0740913525223732, 0.031000809744000435, 0.026760410517454147, 0.007718640845268965]"
blur-light,ooc,988,161,161,1,0.4725947976112366,"[161, 212, 215, 217, 239]","[0.4725947976112366, 0.1341949850320816, 0.08212019503116608, 0.04747552052140236, 0.02857702039182186]"
blur-light,ooc,989,543,405,0,0.4139070510864258,"[405, 417, 132, 755, 701]","[0.4139070510864258, 0.3532894253730774, 0.043729282915592194, 0.039615605026483536, 0.031428731977939606]"
blur-light,ooc,990,161,979,0,0.3993343114852905,"[979, 146, 970, 755, 672]","[0.3993343114852905, 0.0775870680809021, 0.06576871126890182, 0.045583296567201614, 0.04540956765413284]"
blur-light,ooc,991,849,680,0,0.0956704244017601,"[680, 849, 653, 504, 463]","[0.0956704244017601, 0.08732791990041733, 0.060305155813694, 0.05672871321439743, 0.04990512877702713]"
blur-light,ooc,992,422,758,0,0.13166220486164093,"[758, 331, 272, 276, 730]","[0.13166220486164093, 0.031473033130168915, 0.030891796573996544, 0.030760254710912704, 0.025972165167331696]"
blur-light,ooc,993,157,370,0,0.233772411942482,"[370, 235, 261, 208, 259]","[0.233772411942482, 0.13239037990570068, 0.09780538827180862, 0.07225940376520157, 0.060156356543302536]"
blur-light,ooc,994,193,235,0,0.23282581567764282,"[235, 186, 255, 261, 187]","[0.23282581567764282, 0.096490778028965, 0.09188249707221985, 0.07168357074260712, 0.059041429311037064]"
blur-light,ooc,995,728,913,0,0.20382905006408691,"[913, 595, 46, 472, 492]","[0.20382905006408691, 0.10996518284082413, 0.050260767340660095, 0.0339139848947525, 0.027149124071002007]"
blur-light,ooc,996,201,295,0,0.09787660092115402,"[295, 189, 115, 9, 200]","[0.09787660092115402, 0.07256942242383957, 0.05367754027247429, 0.036366935819387436, 0.03423777595162392]"
blur-light,ooc,997,174,105,0,0.20377808809280396,"[105, 255, 269, 198, 104]","[0.20377808809280396, 0.08373849838972092, 0.06477515399456024, 0.0575888566672802, 0.056497350335121155]"
blur-light,ooc,998,171,518,0,0.1959553211927414,"[518, 524, 171, 461, 237]","[0.1959553211927414, 0.15328754484653473, 0.048893846571445465, 0.03328091651201248, 0.03228235989809036]"
blur-light,ooc,999,161,161,1,0.39914390444755554,"[161, 164, 162, 180, 195]","[0.39914390444755554, 0.1366158127784729, 0.08212234079837799, 0.037079427391290665, 0.0332864411175251]"
blur-light,ooc,1000,882,790,0,0.3593287467956543,"[790, 621, 490, 756, 595]","[0.3593287467956543, 0.12890541553497314, 0.0771966353058815, 0.059617675840854645, 0.05000720173120499]"
blur-light,ooc,1001,199,23,0,0.14027822017669678,"[23, 93, 369, 205, 367]","[0.14027822017669678, 0.10348262637853622, 0.08268911391496658, 0.07849250733852386, 0.0685284212231636]"
blur-light,ooc,1002,226,354,0,0.3390202820301056,"[354, 286, 184, 291, 255]","[0.3390202820301056, 0.13065971434116364, 0.1059359535574913, 0.06991289556026459, 0.03217771276831627]"
blur-light,ooc,1003,559,765,0,0.8262357711791992,"[765, 559, 895, 532, 681]","[0.8262357711791992, 0.08715589344501495, 0.02292330004274845, 0.006543783005326986, 0.004865144845098257]"
blur-light,ooc,1004,532,879,0,0.16186153888702393,"[879, 499, 807, 642, 764]","[0.16186153888702393, 0.11743268370628357, 0.06072534993290901, 0.04572010785341263, 0.04032754525542259]"
blur-light,ooc,1005,882,347,0,0.12904572486877441,"[347, 844, 500, 345, 630]","[0.12904572486877441, 0.12116888165473938, 0.08614280074834824, 0.07026433944702148, 0.0698411762714386]"
blur-light,ooc,1006,174,226,0,0.29247549176216125,"[226, 246, 242, 178, 170]","[0.29247549176216125, 0.11500920355319977, 0.061466481536626816, 0.041524358093738556, 0.0410589836537838]"
blur-light,ooc,1007,86,86,1,0.6889826655387878,"[86, 82, 47, 311, 88]","[0.6889826655387878, 0.1740996390581131, 0.029469531029462814, 0.011262944899499416, 0.006811629515141249]"
blur-light,ooc,1008,178,178,1,0.846019983291626,"[178, 209, 349, 211, 356]","[0.846019983291626, 0.03854581341147423, 0.01479688286781311, 0.013315715827047825, 0.010697703808546066]"
blur-light,ooc,1009,252,210,0,0.20746640861034393,"[210, 182, 196, 212, 164]","[0.20746640861034393, 0.1342785805463791, 0.10980065912008286, 0.053607672452926636, 0.05012635514140129]"
blur-light,ooc,1010,156,224,0,0.36017802357673645,"[224, 197, 160, 226, 256]","[0.36017802357673645, 0.08989512920379639, 0.06625151634216309, 0.0552685484290123, 0.04158886894583702]"
blur-light,ooc,1011,208,576,0,0.46703875064849854,"[576, 204, 160, 207, 212]","[0.46703875064849854, 0.14457660913467407, 0.05718341842293739, 0.03197217732667923, 0.014700568281114101]"
blur-light,ooc,1012,543,393,0,0.9070205688476562,"[393, 108, 973, 396, 8]","[0.9070205688476562, 0.09224623441696167, 0.0004021566128358245, 9.998953464673832e-05, 5.498094469658099e-05]"
blur-light,ooc,1013,444,396,0,0.12467415630817413,"[396, 506, 566, 820, 634]","[0.12467415630817413, 0.09035935997962952, 0.0505591444671154, 0.04817332327365875, 0.04519275948405266]"
blur-light,ooc,1014,823,617,0,0.5573003888130188,"[617, 863, 434, 132, 178]","[0.5573003888130188, 0.0906602218747139, 0.06840814650058746, 0.052315566688776016, 0.02594134397804737]"
blur-light,ooc,1015,841,136,0,0.18295317888259888,"[136, 300, 843, 305, 758]","[0.18295317888259888, 0.06237111613154411, 0.05483441799879074, 0.05129103735089302, 0.04469504579901695]"
blur-light,ooc,1016,581,581,1,0.3623468577861786,"[581, 756, 420, 621, 791]","[0.3623468577861786, 0.13505029678344727, 0.10282375663518906, 0.0799044594168663, 0.05388225242495537]"
blur-light,ooc,1017,601,402,0,0.13856476545333862,"[402, 831, 879, 564, 532]","[0.13856476545333862, 0.10031526535749435, 0.09561009705066681, 0.06952718645334244, 0.06504800915718079]"
blur-light,ooc,1018,857,148,0,0.23407073318958282,"[148, 639, 693, 981, 638]","[0.23407073318958282, 0.21064768731594086, 0.11131265014410019, 0.05726180598139763, 0.055032335221767426]"
blur-light,ooc,1019,822,65,0,0.09342659264802933,"[65, 26, 28, 394, 58]","[0.09342659264802933, 0.0922854095697403, 0.050902109593153, 0.04173676297068596, 0.04037197306752205]"
blur-light,ooc,1020,543,970,0,0.6305148601531982,"[970, 349, 348, 976, 346]","[0.6305148601531982, 0.11091781407594681, 0.05786881223320961, 0.01867355778813362, 0.01743595488369465]"
blur-light,ooc,1021,559,559,1,0.5668917298316956,"[559, 755, 915, 879, 884]","[0.5668917298316956, 0.0773916020989418, 0.039292823523283005, 0.02408064343035221, 0.01984383724629879]"
blur-light,ooc,1022,863,846,0,0.1266886591911316,"[846, 880, 776, 737, 441]","[0.1266886591911316, 0.1263105720281601, 0.1054282933473587, 0.06682194769382477, 0.061874449253082275]"
blur-light,ooc,1023,486,371,0,0.1046065241098404,"[371, 366, 805, 292, 279]","[0.1046065241098404, 0.04756483435630798, 0.036036476492881775, 0.03366066887974739, 0.028627615422010422]"
blur-light,ooc,1024,450,817,0,0.18882159888744354,"[817, 625, 450, 751, 511]","[0.18882159888744354, 0.1623426377773285, 0.1258050948381424, 0.11560697853565216, 0.10889486223459244]"
blur-light,ooc,1025,615,460,0,0.18723666667938232,"[460, 978, 975, 147, 730]","[0.18723666667938232, 0.15488603711128235, 0.06846752762794495, 0.05425077676773071, 0.051467083394527435]"
blur-light,ooc,1026,579,579,1,0.8561189770698547,"[579, 846, 655, 877, 744]","[0.8561189770698547, 0.014912166632711887, 0.010965080931782722, 0.008957224898040295, 0.008396938443183899]"
blur-light,ooc,1027,790,881,0,0.48719412088394165,"[881, 845, 821, 579, 777]","[0.48719412088394165, 0.08836416155099869, 0.06769444048404694, 0.02463286742568016, 0.02296501398086548]"
blur-light,ooc,1028,160,488,0,0.156372532248497,"[488, 206, 716, 572, 604]","[0.156372532248497, 0.06299640983343124, 0.05777518451213837, 0.04595879837870598, 0.044755272567272186]"
blur-light,ooc,1029,422,913,0,0.7462299466133118,"[913, 833, 403, 510, 814]","[0.7462299466133118, 0.04670827463269234, 0.035987529903650284, 0.028360925614833832, 0.019821353256702423]"
blur-light,ooc,1030,882,113,0,0.22378329932689667,"[113, 988, 114, 358, 28]","[0.22378329932689667, 0.10146645456552505, 0.10140523314476013, 0.04240434244275093, 0.038022466003894806]"
blur-light,ooc,1031,608,835,0,0.24166762828826904,"[835, 706, 977, 460, 596]","[0.24166762828826904, 0.057765789330005646, 0.04143316671252251, 0.03971244767308235, 0.03169918432831764]"
blur-light,ooc,1032,489,733,0,0.5291858315467834,"[733, 523, 519, 792, 695]","[0.5291858315467834, 0.12508684396743774, 0.1192159429192543, 0.02503254823386669, 0.013103502802550793]"
blur-light,ooc,1033,212,202,0,0.157278910279274,"[202, 189, 104, 287, 219]","[0.157278910279274, 0.11670366674661636, 0.041808199137449265, 0.034475602209568024, 0.03277866169810295]"
blur-light,ooc,1034,145,840,0,0.18559816479682922,"[840, 753, 736, 708, 775]","[0.18559816479682922, 0.12505364418029785, 0.05621722340583801, 0.04943319410085678, 0.0436687245965004]"
blur-light,ooc,1035,103,104,0,0.20567934215068817,"[104, 236, 227, 6, 234]","[0.20567934215068817, 0.056010112166404724, 0.046426136046648026, 0.04395294934511185, 0.034698791801929474]"
blur-light,ooc,1036,148,819,0,0.3700527250766754,"[819, 440, 400, 737, 160]","[0.3700527250766754, 0.24373464286327362, 0.10220439732074738, 0.030415227636694908, 0.026260729879140854]"
blur-light,ooc,1037,149,849,0,0.25608789920806885,"[849, 445, 725, 6, 657]","[0.25608789920806885, 0.0710592195391655, 0.05437668412923813, 0.05287926644086838, 0.03895467519760132]"
blur-light,ooc,1038,103,99,0,0.08583434671163559,"[99, 63, 171, 346, 64]","[0.08583434671163559, 0.0724794939160347, 0.06638690829277039, 0.03416764363646507, 0.02997875027358532]"
blur-light,ooc,1039,148,143,0,0.11153525859117508,"[143, 39, 471, 349, 49]","[0.11153525859117508, 0.08913031965494156, 0.07888492196798325, 0.06161342188715935, 0.053894877433776855]"
blur-light,ooc,1040,148,831,0,0.31338760256767273,"[831, 575, 750, 744, 620]","[0.31338760256767273, 0.2562045454978943, 0.05661005899310112, 0.023898353800177574, 0.01893884316086769]"
blur-light,ooc,1041,148,880,0,0.09322889894247055,"[880, 649, 305, 730, 701]","[0.09322889894247055, 0.05964803323149681, 0.0581415593624115, 0.03412039950489998, 0.03269298002123833]"
blur-light,ooc,1042,983,379,0,0.17014722526073456,"[379, 387, 951, 988, 378]","[0.17014722526073456, 0.09706677496433258, 0.0753776952624321, 0.05475957691669464, 0.0505613312125206]"
blur-light,ooc,1043,842,562,0,0.36206409335136414,"[562, 888, 594, 898, 634]","[0.36206409335136414, 0.10544586926698685, 0.0793139860033989, 0.04311327636241913, 0.033532608300447464]"
blur-light,ooc,1044,1,20,0,0.15365147590637207,"[20, 115, 392, 143, 22]","[0.15365147590637207, 0.12710997462272644, 0.12231054157018661, 0.07882200181484222, 0.031100541353225708]"
blur-light,ooc,1045,36,646,0,0.5513452887535095,"[646, 500, 525, 49, 50]","[0.5513452887535095, 0.03987846150994301, 0.03373212739825249, 0.02413933537900448, 0.020767347887158394]"
blur-light,ooc,1046,155,196,0,0.26074662804603577,"[196, 155, 187, 87, 202]","[0.26074662804603577, 0.19864310324192047, 0.11674385517835617, 0.07791642099618912, 0.07329363375902176]"
blur-light,ooc,1047,148,497,0,0.24542833864688873,"[497, 315, 687, 831, 745]","[0.24542833864688873, 0.10065972805023193, 0.048085469752550125, 0.048058606684207916, 0.04285470023751259]"
blur-light,ooc,1048,148,148,1,0.5726248025894165,"[148, 150, 149, 4, 394]","[0.5726248025894165, 0.14334172010421753, 0.058706607669591904, 0.031195735558867455, 0.02106425166130066]"
blur-light,ooc,1049,822,94,0,0.23096534609794617,"[94, 16, 19, 59, 420]","[0.23096534609794617, 0.07329637557268143, 0.04717130586504936, 0.032668597996234894, 0.030044877901673317]"
blur-light,ooc,1050,842,764,0,0.29677823185920715,"[764, 744, 895, 404, 727]","[0.29677823185920715, 0.0512632317841053, 0.049683161079883575, 0.04515236243605614, 0.028143253177404404]"
blur-light,ooc,1051,150,562,0,0.23733797669410706,"[562, 762, 406, 832, 819]","[0.23733797669410706, 0.12057781964540482, 0.0763101801276207, 0.07333647459745407, 0.06301011145114899]"
blur-light,ooc,1052,148,145,0,0.15523101389408112,"[145, 657, 148, 908, 672]","[0.15523101389408112, 0.14173954725265503, 0.11447273194789886, 0.09712719917297363, 0.06512943655252457]"
blur-light,ooc,1053,420,420,1,0.0828554630279541,"[420, 670, 805, 772, 472]","[0.0828554630279541, 0.08229430019855499, 0.07234201580286026, 0.04824397712945938, 0.04345627874135971]"
blur-light,ooc,1054,932,33,0,0.23012256622314453,"[33, 83, 37, 35, 36]","[0.23012256622314453, 0.22758431732654572, 0.19114744663238525, 0.12835027277469635, 0.044099755585193634]"
blur-light,ooc,1055,862,9,0,0.09154257923364639,"[9, 23, 84, 386, 118]","[0.09154257923364639, 0.057829905301332474, 0.05318811535835266, 0.051504239439964294, 0.04804827272891998]"
blur-light,ooc,1056,964,109,0,0.24845491349697113,"[109, 100, 825, 99, 136]","[0.24845491349697113, 0.23906300961971283, 0.09692062437534332, 0.048967644572257996, 0.03729026019573212]"
blur-light,ooc,1057,76,977,0,0.19618579745292664,"[977, 978, 913, 867, 404]","[0.19618579745292664, 0.19037261605262756, 0.09348157793283463, 0.056223344057798386, 0.05604010820388794]"
blur-light,ooc,1058,563,696,0,0.3912025988101959,"[696, 687, 753, 884, 525]","[0.3912025988101959, 0.19256079196929932, 0.06790552288293839, 0.04171307384967804, 0.032120686024427414]"
blur-light,ooc,1059,329,977,0,0.6116407513618469,"[977, 344, 978, 460, 150]","[0.6116407513618469, 0.08748945593833923, 0.03328439220786095, 0.029873432591557503, 0.021445775404572487]"
blur-light,ooc,1060,928,429,0,0.3664596676826477,"[429, 249, 242, 87, 355]","[0.3664596676826477, 0.13593150675296783, 0.027653345838189125, 0.02761995419859886, 0.020755989477038383]"
blur-light,ooc,1061,420,879,0,0.1954006552696228,"[879, 636, 445, 39, 325]","[0.1954006552696228, 0.038308609277009964, 0.03644407540559769, 0.03640053793787956, 0.030593814328312874]"
blur-light,ooc,1062,45,970,0,0.540859580039978,"[970, 979, 980, 672, 825]","[0.540859580039978, 0.17962536215782166, 0.1505657434463501, 0.01616663672029972, 0.015623330138623714]"
blur-light,ooc,1063,963,351,0,0.12934449315071106,"[351, 352, 185, 353, 291]","[0.12934449315071106, 0.11603723466396332, 0.10697571933269501, 0.07091489434242249, 0.059715136885643005]"
blur-light,ooc,1064,17,634,0,0.10366553068161011,"[634, 144, 807, 913, 471]","[0.10366553068161011, 0.08939528465270996, 0.050964824855327606, 0.03379034250974655, 0.03294964134693146]"
blur-light,ooc,1065,420,420,1,0.42935577034950256,"[420, 506, 856, 541, 559]","[0.42935577034950256, 0.25287288427352905, 0.03661973774433136, 0.028627414256334305, 0.026448827236890793]"
blur-light,ooc,1066,737,895,0,0.3890950381755829,"[895, 871, 908, 914, 404]","[0.3890950381755829, 0.12053004652261734, 0.0939551442861557, 0.06630350649356842, 0.045708052814006805]"
blur-light,ooc,1067,420,420,1,0.5604027509689331,"[420, 879, 413, 471, 744]","[0.5604027509689331, 0.024577872827649117, 0.021615372970700264, 0.021037671715021133, 0.019551405683159828]"
blur-light,ooc,1068,513,405,0,0.671431839466095,"[405, 404, 803, 908, 895]","[0.671431839466095, 0.07212977111339569, 0.07012839615345001, 0.04544055461883545, 0.029370179399847984]"
blur-light,ooc,1069,27,912,0,0.14724063873291016,"[912, 351, 958, 353, 730]","[0.14724063873291016, 0.11856825649738312, 0.08454907685518265, 0.08211267739534378, 0.06153692677617073]"
blur-light,ooc,1070,420,420,1,0.44641682505607605,"[420, 402, 546, 879, 683]","[0.44641682505607605, 0.1539050042629242, 0.07698483765125275, 0.03095589205622673, 0.024732355028390884]"
blur-light,ooc,1071,186,336,0,0.08974848687648773,"[336, 138, 349, 291, 298]","[0.08974848687648773, 0.06338027119636536, 0.0437275730073452, 0.04016885161399841, 0.040132515132427216]"
blur-light,ooc,1072,305,586,0,0.20517751574516296,"[586, 847, 471, 895, 450]","[0.20517751574516296, 0.15554708242416382, 0.09937635809183121, 0.08252020180225372, 0.048842478543519974]"
blur-light,ooc,1073,27,814,0,0.31391143798828125,"[814, 974, 450, 876, 978]","[0.31391143798828125, 0.07215048372745514, 0.06425580382347107, 0.04993525519967079, 0.03504469245672226]"
blur-light,ooc,1074,681,594,0,0.9784213304519653,"[594, 462, 486, 696, 857]","[0.9784213304519653, 0.009280236437916756, 0.001191856455989182, 0.0008668824448250234, 0.0006158599862828851]"
blur-light,ooc,1075,790,939,0,0.3922331929206848,"[939, 790, 949, 989, 936]","[0.3922331929206848, 0.09190928190946579, 0.0515960268676281, 0.03791861608624458, 0.03460773825645447]"
blur-light,ooc,1076,679,882,0,0.05724169313907623,"[882, 518, 514, 486, 420]","[0.05724169313907623, 0.04848763719201088, 0.04594302177429199, 0.028161633759737015, 0.02748163230717182]"
blur-light,ooc,1077,441,867,0,0.5038285255432129,"[867, 803, 595, 442, 851]","[0.5038285255432129, 0.1196112334728241, 0.051498834043741226, 0.022817647084593773, 0.020118843764066696]"
blur-light,ooc,1078,929,727,0,0.27875131368637085,"[727, 853, 858, 832, 668]","[0.27875131368637085, 0.10313819348812103, 0.09548488259315491, 0.062073856592178345, 0.059444911777973175]"
blur-light,ooc,1079,87,87,1,0.8551878929138184,"[87, 615, 535, 254, 363]","[0.8551878929138184, 0.026693634688854218, 0.011787193827331066, 0.00939855631440878, 0.007530010771006346]"
blur-light,ooc,1080,268,291,0,0.3741394579410553,"[291, 112, 20, 125, 342]","[0.3741394579410553, 0.06514111906290054, 0.03445546329021454, 0.028436804190278053, 0.02495034784078598]"
blur-light,ooc,1081,882,497,0,0.4936594069004059,"[497, 425, 888, 660, 912]","[0.4936594069004059, 0.12080800533294678, 0.08387699723243713, 0.03919776901602745, 0.023136168718338013]"
blur-light,ooc,1082,320,354,0,0.48292121291160583,"[354, 775, 40, 976, 460]","[0.48292121291160583, 0.1674308180809021, 0.06285101920366287, 0.04922344163060188, 0.040712665766477585]"
blur-light,ooc,1083,621,670,0,0.2325097918510437,"[670, 532, 882, 666, 621]","[0.2325097918510437, 0.15494680404663086, 0.11944745481014252, 0.07029759883880615, 0.04578625038266182]"
blur-light,ooc,1084,202,284,0,0.10807833075523376,"[284, 182, 346, 170, 226]","[0.10807833075523376, 0.06421157717704773, 0.06298456341028214, 0.062312133610248566, 0.04944012314081192]"
blur-light,ooc,1085,430,405,0,0.5095556974411011,"[405, 980, 701, 755, 977]","[0.5095556974411011, 0.17178761959075928, 0.15976765751838684, 0.048556044697761536, 0.027874324470758438]"
blur-light,ooc,1086,157,905,0,0.12183775007724762,"[905, 87, 284, 434, 462]","[0.12183775007724762, 0.08949163556098938, 0.0710972249507904, 0.06745468080043793, 0.04846343398094177]"
blur-light,ooc,1087,733,694,0,0.2700519263744354,"[694, 532, 762, 790, 564]","[0.2700519263744354, 0.13299186527729034, 0.0754125565290451, 0.053536128252744675, 0.04235827922821045]"
blur-light,ooc,1088,765,464,0,0.2575293183326721,"[464, 562, 755, 402, 637]","[0.2575293183326721, 0.09644915908575058, 0.06539196521043777, 0.04024999588727951, 0.03539628908038139]"
blur-light,ooc,1089,231,562,0,0.3319488763809204,"[562, 255, 348, 349, 202]","[0.3319488763809204, 0.21841482818126678, 0.040967173874378204, 0.03236597403883934, 0.029142340645194054]"
blur-light,ooc,1090,602,602,1,0.24125809967517853,"[602, 88, 702, 365, 489]","[0.24125809967517853, 0.2211674004793167, 0.132228285074234, 0.07814344018697739, 0.023616217076778412]"
blur-light,ooc,1091,208,785,0,0.6822081804275513,"[785, 703, 558, 53, 596]","[0.6822081804275513, 0.04874524474143982, 0.02135896496474743, 0.017699791118502617, 0.013847289606928825]"
blur-light,ooc,1092,792,460,0,0.34211263060569763,"[460, 148, 977, 792, 833]","[0.34211263060569763, 0.16345807909965515, 0.09942875057458878, 0.07195904105901718, 0.044911544770002365]"
blur-light,ooc,1093,621,661,0,0.19757434725761414,"[661, 665, 561, 612, 730]","[0.19757434725761414, 0.13153347373008728, 0.07899150252342224, 0.049528539180755615, 0.04369357228279114]"
blur-light,ooc,1094,765,603,0,0.1372210532426834,"[603, 449, 690, 609, 511]","[0.1372210532426834, 0.08845701813697815, 0.07933531701564789, 0.051153216511011124, 0.04949464276432991]"
blur-light,ooc,1095,177,177,1,0.1456519365310669,"[177, 888, 497, 170, 51]","[0.1456519365310669, 0.12722259759902954, 0.09541671723127365, 0.06638336926698685, 0.05979470908641815]"
blur-light,ooc,1096,199,199,1,0.7686561942100525,"[199, 364, 205, 366, 338]","[0.7686561942100525, 0.03713443875312805, 0.026672299951314926, 0.02203739993274212, 0.01716911420226097]"
blur-light,ooc,1097,645,914,0,0.22688445448875427,"[914, 972, 58, 131, 980]","[0.22688445448875427, 0.08628752082586288, 0.0833214670419693, 0.04401089623570442, 0.04146074876189232]"
blur-light,ooc,1098,199,197,0,0.299915075302124,"[197, 205, 233, 295, 256]","[0.299915075302124, 0.19160492718219757, 0.061522118747234344, 0.0586886890232563, 0.05577334761619568]"
blur-light,ooc,1099,170,272,0,0.19259515404701233,"[272, 176, 273, 264, 350]","[0.19259515404701233, 0.14008869230747223, 0.1203925758600235, 0.07816564291715622, 0.06530909240245819]"
blur-light,ooc,1100,880,705,0,0.14512374997138977,"[705, 703, 706, 757, 734]","[0.14512374997138977, 0.122662752866745, 0.12190159410238266, 0.07160677760839462, 0.053518399596214294]"
blur-light,ooc,1101,188,273,0,0.13484811782836914,"[273, 850, 382, 274, 263]","[0.13484811782836914, 0.1085805669426918, 0.06082766130566597, 0.059833068400621414, 0.04767606407403946]"
blur-light,ooc,1102,621,786,0,0.12137594074010849,"[786, 420, 812, 606, 745]","[0.12137594074010849, 0.10119409114122391, 0.08781161159276962, 0.06797044724225998, 0.03934236615896225]"
blur-light,ooc,1103,170,346,0,0.1023937314748764,"[346, 345, 272, 170, 355]","[0.1023937314748764, 0.09597604721784592, 0.0921182930469513, 0.06040683016180992, 0.055062972009181976]"
blur-light,ooc,1104,250,171,0,0.07212318480014801,"[171, 248, 755, 543, 87]","[0.07212318480014801, 0.06331931799650192, 0.057180505245923996, 0.04857398197054863, 0.046702757477760315]"
blur-light,ooc,1105,354,329,0,0.08111251145601273,"[329, 766, 130, 125, 397]","[0.08111251145601273, 0.0808347836136818, 0.06407752633094788, 0.05953872948884964, 0.04380979761481285]"
blur-light,ooc,1106,522,738,0,0.30301961302757263,"[738, 716, 706, 637, 708]","[0.30301961302757263, 0.17903460562229156, 0.13956840336322784, 0.043409716337919235, 0.04140908271074295]"
blur-light,ooc,1107,267,258,0,0.29338139295578003,"[258, 229, 203, 257, 267]","[0.29338139295578003, 0.2275126427412033, 0.08128257840871811, 0.07597127556800842, 0.043680381029844284]"
blur-light,ooc,1108,945,611,0,0.3292069137096405,"[611, 693, 625, 122, 491]","[0.3292069137096405, 0.13535772264003754, 0.0777493491768837, 0.029054220765829086, 0.02805006131529808]"
blur-light,ooc,1109,340,855,0,0.1716451346874237,"[855, 286, 679, 840, 506]","[0.1716451346874237, 0.13542941212654114, 0.09639683365821838, 0.09096343070268631, 0.04243702068924904]"
blur-light,ooc,1110,772,704,0,0.35104361176490784,"[704, 575, 874, 791, 602]","[0.35104361176490784, 0.17379790544509888, 0.13083308935165405, 0.07932915538549423, 0.03865239396691322]"
blur-light,ooc,1111,137,137,1,0.9436101317405701,"[137, 131, 99, 143, 136]","[0.9436101317405701, 0.016123024746775627, 0.013098643161356449, 0.010355575941503048, 0.005870120599865913]"
blur-light,ooc,1112,212,758,0,0.1991405189037323,"[758, 683, 638, 445, 172]","[0.1991405189037323, 0.1751113384962082, 0.09394405782222748, 0.04293619468808174, 0.04103238880634308]"
blur-light,ooc,1113,727,727,1,0.45286405086517334,"[727, 704, 544, 833, 756]","[0.45286405086517334, 0.1334480196237564, 0.030890846624970436, 0.02674739435315132, 0.022117342799901962]"
blur-light,ooc,1114,491,912,0,0.1432088017463684,"[912, 646, 472, 703, 981]","[0.1432088017463684, 0.09444740414619446, 0.05445607006549835, 0.04576538875699043, 0.03962475433945656]"
blur-light,ooc,1115,707,896,0,0.08324813097715378,"[896, 553, 892, 742, 745]","[0.08324813097715378, 0.06659673154354095, 0.057704128324985504, 0.05691568925976753, 0.04213020205497742]"
blur-light,ooc,1116,929,317,0,0.12048335373401642,"[317, 936, 815, 986, 108]","[0.12048335373401642, 0.0982489362359047, 0.0737670361995697, 0.0655774176120758, 0.03885292634367943]"
blur-light,ooc,1117,645,318,0,0.37283825874328613,"[318, 790, 748, 828, 840]","[0.37283825874328613, 0.11574568599462509, 0.10153314471244812, 0.055700771510601044, 0.04430260509252548]"
blur-light,ooc,1118,198,272,0,0.9389891624450684,"[272, 249, 269, 261, 383]","[0.9389891624450684, 0.017607305198907852, 0.012053227052092552, 0.007514542434364557, 0.004530351608991623]"
blur-light,ooc,1119,170,90,0,0.35068655014038086,"[90, 322, 88, 321, 325]","[0.35068655014038086, 0.2264554500579834, 0.10038871318101883, 0.06905420869588852, 0.058618851006031036]"
blur-light,ooc,1120,645,547,0,0.24233247339725494,"[547, 821, 718, 705, 807]","[0.24233247339725494, 0.13050273060798645, 0.10285241156816483, 0.08133657276630402, 0.058309294283390045]"
blur-light,ooc,1121,181,181,1,0.5281849503517151,"[181, 173, 850, 215, 218]","[0.5281849503517151, 0.09799861907958984, 0.03809766843914986, 0.03439248725771904, 0.020542960613965988]"
blur-light,ooc,1122,267,181,0,0.3012138903141022,"[181, 562, 169, 832, 222]","[0.3012138903141022, 0.14092294871807098, 0.11092236638069153, 0.04700498655438423, 0.04057969152927399]"
blur-light,ooc,1123,340,292,0,0.4099777042865753,"[292, 340, 123, 110, 396]","[0.4099777042865753, 0.3917582631111145, 0.04280649870634079, 0.029062025249004364, 0.025404786691069603]"
blur-light,ooc,1124,735,562,0,0.25990915298461914,"[562, 716, 594, 708, 614]","[0.25990915298461914, 0.1623225063085556, 0.07987678796052933, 0.07180952280759811, 0.054188698530197144]"
blur-light,ooc,1125,361,375,0,0.29571977257728577,"[375, 93, 384, 379, 369]","[0.29571977257728577, 0.09495001286268234, 0.09056255221366882, 0.08043308556079865, 0.05221725255250931]"
blur-light,ooc,1126,200,187,0,0.41057655215263367,"[187, 204, 226, 185, 155]","[0.41057655215263367, 0.16101869940757751, 0.05881694704294205, 0.0568024218082428, 0.05372623726725578]"
blur-light,ooc,1127,912,912,1,0.9541303515434265,"[912, 646, 634, 716, 596]","[0.9541303515434265, 0.011895822361111641, 0.006948280613869429, 0.0022900174371898174, 0.0022528611589223146]"
blur-light,ooc,1128,160,91,0,0.13861146569252014,"[91, 986, 16, 937, 998]","[0.13861146569252014, 0.09183833003044128, 0.08036451041698456, 0.06297273933887482, 0.05020064115524292]"
blur-light,ooc,1129,188,188,1,0.35183486342430115,"[188, 194, 348, 203, 355]","[0.35183486342430115, 0.11521229147911072, 0.08069553226232529, 0.07300856709480286, 0.06822191178798676]"
blur-light,ooc,1130,872,872,1,0.48691463470458984,"[872, 733, 517, 919, 421]","[0.48691463470458984, 0.1376325637102127, 0.07789319008588791, 0.04731585085391998, 0.042460717260837555]"
blur-light,ooc,1131,338,382,0,0.25903213024139404,"[382, 384, 350, 296, 374]","[0.25903213024139404, 0.14500345289707184, 0.05390772223472595, 0.04834768921136856, 0.04563715681433678]"
blur-light,ooc,1132,191,162,0,0.08108201622962952,"[162, 104, 191, 355, 170]","[0.08108201622962952, 0.07983431965112686, 0.07520654052495956, 0.06308064609766006, 0.060930024832487106]"
blur-light,ooc,1133,226,170,0,0.27062681317329407,"[170, 255, 182, 160, 226]","[0.27062681317329407, 0.26232200860977173, 0.08026184141635895, 0.06738696247339249, 0.051961880177259445]"
blur-light,ooc,1134,953,855,0,0.2672382593154907,"[855, 574, 284, 805, 258]","[0.2672382593154907, 0.25447821617126465, 0.07240051031112671, 0.029055241495370865, 0.027759550139307976]"
blur-light,ooc,1135,544,608,0,0.20729438960552216,"[608, 879, 391, 704, 412]","[0.20729438960552216, 0.08342988789081573, 0.05880705267190933, 0.05483543127775192, 0.05206141993403435]"
blur-light,ooc,1136,757,757,1,0.8371831774711609,"[757, 675, 660, 609, 637]","[0.8371831774711609, 0.04282036051154137, 0.023346638306975365, 0.013179308734834194, 0.009704402647912502]"
