model,dataset,idx,label,pred,correct,conf_top1,top5_idx,top5_probs
blur-light,inpainted,0,361,41,0,0.09212440997362137,"[41, 44, 858, 38, 61]","[0.09212440997362137, 0.06255868822336197, 0.04460858926177025, 0.04315921291708946, 0.03393217548727989]"
blur-light,inpainted,1,383,132,0,0.09180304408073425,"[132, 287, 330, 89, 24]","[0.09180304408073425, 0.06616014987230301, 0.0643182173371315, 0.04793637990951538, 0.04719549044966698]"
blur-light,inpainted,2,356,568,0,0.1813424676656723,"[568, 824, 885, 317, 636]","[0.1813424676656723, 0.12367048114538193, 0.10863026231527328, 0.038997434079647064, 0.03340689465403557]"
blur-light,inpainted,3,18,677,0,0.44499075412750244,"[677, 311, 565, 775, 427]","[0.44499075412750244, 0.041157446801662445, 0.03314724192023277, 0.030671874061226845, 0.025878949090838432]"
blur-light,inpainted,4,295,733,0,0.3699539303779602,"[733, 743, 799, 718, 905]","[0.3699539303779602, 0.14211846888065338, 0.10253507643938065, 0.04937717318534851, 0.043111011385917664]"
blur-light,inpainted,5,112,884,0,0.09354444593191147,"[884, 580, 677, 903, 840]","[0.09354444593191147, 0.06592529267072678, 0.05098831653594971, 0.04483349248766899, 0.04349876567721367]"
blur-light,inpainted,6,32,58,0,0.13879241049289703,"[58, 30, 62, 44, 71]","[0.13879241049289703, 0.10335425287485123, 0.08173593133687973, 0.07588157057762146, 0.06611209362745285]"
blur-light,inpainted,7,677,320,0,0.827980637550354,"[320, 319, 317, 318, 301]","[0.827980637550354, 0.04963725805282593, 0.019398117437958717, 0.015108349733054638, 0.014894883148372173]"
blur-light,inpainted,8,438,828,0,0.42367544770240784,"[828, 811, 651, 423, 753]","[0.42367544770240784, 0.05100148171186447, 0.042989347130060196, 0.03219062462449074, 0.024638807401061058]"
blur-light,inpainted,9,409,900,0,0.11784677952528,"[900, 489, 70, 353, 821]","[0.11784677952528, 0.07840823382139206, 0.07480587810277939, 0.07425934821367264, 0.04842352494597435]"
blur-light,inpainted,10,71,904,0,0.12197647243738174,"[904, 620, 604, 575, 681]","[0.12197647243738174, 0.0695340484380722, 0.06737137585878372, 0.05251433700323105, 0.04280143976211548]"
blur-light,inpainted,11,850,905,0,0.7268548011779785,"[905, 858, 753, 69, 904]","[0.7268548011779785, 0.050827328115701675, 0.03601204603910446, 0.020570574328303337, 0.015517122112214565]"
blur-light,inpainted,12,12,644,0,0.1254524141550064,"[644, 765, 594, 789, 883]","[0.1254524141550064, 0.08208131045103073, 0.06613375246524811, 0.03894207254052162, 0.02683241479098797]"
blur-light,inpainted,13,899,741,0,0.2024313509464264,"[741, 490, 750, 411, 806]","[0.2024313509464264, 0.17944690585136414, 0.10116390883922577, 0.09232652187347412, 0.08395489305257797]"
blur-light,inpainted,14,338,833,0,0.2140732854604721,"[833, 977, 908, 978, 750]","[0.2140732854604721, 0.10549107193946838, 0.042309314012527466, 0.041194602847099304, 0.03800864890217781]"
blur-light,inpainted,15,17,756,0,0.04435703530907631,"[756, 792, 915, 675, 169]","[0.04435703530907631, 0.038928668946027756, 0.03503921255469322, 0.02484576217830181, 0.023672398179769516]"
blur-light,inpainted,16,363,458,0,0.5867717862129211,"[458, 692, 539, 533, 549]","[0.5867717862129211, 0.07331685721874237, 0.07051330804824829, 0.03676796332001686, 0.03565019369125366]"
blur-light,inpainted,17,909,519,0,0.4579268991947174,"[519, 492, 478, 516, 750]","[0.4579268991947174, 0.29715999960899353, 0.11573159694671631, 0.05230804160237312, 0.0070735495537519455]"
blur-light,inpainted,18,679,619,0,0.16818465292453766,"[619, 725, 505, 679, 896]","[0.16818465292453766, 0.12204508483409882, 0.0593077689409256, 0.05463995039463043, 0.04334607347846031]"
blur-light,inpainted,19,618,446,0,0.1281873732805252,"[446, 922, 824, 887, 855]","[0.1281873732805252, 0.08697106689214706, 0.06405534595251083, 0.04665296897292137, 0.031407587230205536]"
blur-light,inpainted,20,618,121,0,0.5446174740791321,"[121, 496, 533, 934, 452]","[0.5446174740791321, 0.08468137681484222, 0.06961019337177277, 0.05647385120391846, 0.027320746332406998]"
blur-light,inpainted,21,574,828,0,0.5721790194511414,"[828, 955, 855, 650, 363]","[0.5721790194511414, 0.0966230109333992, 0.0687573179602623, 0.0434957817196846, 0.031783461570739746]"
blur-light,inpainted,22,658,766,0,0.15194550156593323,"[766, 698, 881, 741, 916]","[0.15194550156593323, 0.14412042498588562, 0.11199774593114853, 0.0625014379620552, 0.04622185230255127]"
blur-light,inpainted,23,461,484,0,0.2108386754989624,"[484, 894, 557, 669, 908]","[0.2108386754989624, 0.18425840139389038, 0.1389765441417694, 0.12865112721920013, 0.06008495017886162]"
blur-light,inpainted,24,132,449,0,0.12241262197494507,"[449, 835, 708, 660, 805]","[0.12241262197494507, 0.09001461416482925, 0.07766415178775787, 0.04057367146015167, 0.01854662410914898]"
blur-light,inpainted,25,122,519,0,0.3398968279361725,"[519, 492, 831, 516, 835]","[0.3398968279361725, 0.2310759276151657, 0.13347133994102478, 0.12072744965553284, 0.05115794017910957]"
blur-light,inpainted,26,12,888,0,0.496369332075119,"[888, 385, 668, 447, 354]","[0.496369332075119, 0.09694958478212357, 0.05256439745426178, 0.03940726816654205, 0.0383845716714859]"
blur-light,inpainted,27,679,883,0,0.08439323306083679,"[883, 465, 447, 842, 834]","[0.08439323306083679, 0.0718935877084732, 0.06061375513672829, 0.05120773985981941, 0.04486025124788284]"
blur-light,inpainted,28,23,733,0,0.5204653143882751,"[733, 517, 456, 839, 908]","[0.5204653143882751, 0.08642778545618057, 0.059242092072963715, 0.03703486919403076, 0.027723873034119606]"
blur-light,inpainted,29,937,469,0,0.46893009543418884,"[469, 909, 544, 137, 695]","[0.46893009543418884, 0.13982181251049042, 0.11898909509181976, 0.03256348893046379, 0.017865223810076714]"
blur-light,inpainted,30,679,686,0,0.3145420551300049,"[686, 855, 629, 711, 469]","[0.3145420551300049, 0.09320572763681412, 0.043423842638731, 0.03723057731986046, 0.030619459226727486]"
blur-light,inpainted,31,335,415,0,0.18115417659282684,"[415, 793, 182, 263, 184]","[0.18115417659282684, 0.14232493937015533, 0.07999221980571747, 0.0767979547381401, 0.06594624370336533]"
blur-light,inpainted,32,76,657,0,0.1235194057226181,"[657, 744, 405, 908, 549]","[0.1235194057226181, 0.050750043243169785, 0.050113245844841, 0.04747401177883148, 0.04414520785212517]"
blur-light,inpainted,33,851,548,0,0.28910934925079346,"[548, 534, 453, 651, 760]","[0.28910934925079346, 0.25238028168678284, 0.1303299516439438, 0.12653738260269165, 0.0448133610188961]"
blur-light,inpainted,34,770,905,0,0.7182043194770813,"[905, 434, 503, 885, 794]","[0.7182043194770813, 0.04640834033489227, 0.03395377844572067, 0.025820821523666382, 0.01615939848124981]"
blur-light,inpainted,35,122,402,0,0.10858818888664246,"[402, 545, 858, 421, 807]","[0.10858818888664246, 0.10122034698724747, 0.09293453395366669, 0.07083098590373993, 0.06367336213588715]"
blur-light,inpainted,36,712,815,0,0.9980362057685852,"[815, 74, 73, 807, 72]","[0.9980362057685852, 0.0011426395503804088, 0.00033627389348112047, 0.00010135063348570839, 9.799969848245382e-05]"
blur-light,inpainted,37,852,853,0,0.19929766654968262,"[853, 47, 325, 694, 428]","[0.19929766654968262, 0.1492774486541748, 0.10202581435441971, 0.07992586493492126, 0.06826739758253098]"
blur-light,inpainted,38,12,18,0,0.10344577580690384,"[18, 12, 94, 489, 842]","[0.10344577580690384, 0.06279145926237106, 0.06226008012890816, 0.02691219560801983, 0.026516573503613472]"
blur-light,inpainted,39,849,469,0,0.06323005259037018,"[469, 756, 539, 255, 248]","[0.06323005259037018, 0.031708963215351105, 0.02963445521891117, 0.026086144149303436, 0.01818281039595604]"
blur-light,inpainted,40,606,664,0,0.20886386930942535,"[664, 532, 700, 563, 598]","[0.20886386930942535, 0.06534544378519058, 0.04700084775686264, 0.04022650048136711, 0.03728459030389786]"
blur-light,inpainted,41,87,765,0,0.12731054425239563,"[765, 150, 778, 506, 920]","[0.12731054425239563, 0.05573355406522751, 0.04767243564128876, 0.04559248313307762, 0.04289046302437782]"
blur-light,inpainted,42,491,803,0,0.22685958445072174,"[803, 736, 779, 595, 740]","[0.22685958445072174, 0.16864658892154694, 0.13864462077617645, 0.03657684847712517, 0.035064879804849625]"
blur-light,inpainted,43,964,435,0,0.1836836338043213,"[435, 876, 666, 861, 504]","[0.1836836338043213, 0.07381728291511536, 0.07073791325092316, 0.0537322536110878, 0.04871901124715805]"
blur-light,inpainted,44,635,632,0,0.3113560080528259,"[632, 908, 754, 681, 708]","[0.3113560080528259, 0.07158470153808594, 0.06553594022989273, 0.0464581623673439, 0.04160723090171814]"
blur-light,inpainted,45,335,858,0,0.1984579861164093,"[858, 904, 807, 307, 588]","[0.1984579861164093, 0.12932628393173218, 0.07014825195074081, 0.026216259226202965, 0.025789259001612663]"
blur-light,inpainted,46,825,825,1,0.5129676461219788,"[825, 858, 84, 738, 580]","[0.5129676461219788, 0.056141290813684464, 0.031244369223713875, 0.023880306631326675, 0.022734327241778374]"
blur-light,inpainted,47,863,863,1,0.10940799117088318,"[863, 580, 979, 649, 821]","[0.10940799117088318, 0.06241362541913986, 0.061079174280166626, 0.041199810802936554, 0.031641650944948196]"
blur-light,inpainted,48,839,839,1,0.07359892129898071,"[839, 716, 990, 863, 682]","[0.07359892129898071, 0.07061454653739929, 0.06605581194162369, 0.04620559886097908, 0.031799692660570145]"
blur-light,inpainted,49,257,977,0,0.18736913800239563,"[977, 825, 346, 84, 912]","[0.18736913800239563, 0.06721913814544678, 0.06082182005047798, 0.03907317295670509, 0.035665836185216904]"
blur-light,inpainted,50,185,646,0,0.5166321992874146,"[646, 825, 703, 489, 672]","[0.5166321992874146, 0.19581134617328644, 0.05940348654985428, 0.019942834973335266, 0.01966061070561409]"
blur-light,inpainted,51,489,84,0,0.11500388383865356,"[84, 825, 489, 646, 672]","[0.11500388383865356, 0.08749201148748398, 0.07806213945150375, 0.07011440396308899, 0.05842816084623337]"
blur-light,inpainted,52,609,979,0,0.12616534531116486,"[979, 329, 328, 649, 973]","[0.12616534531116486, 0.09170132875442505, 0.07113063335418701, 0.04187469929456711, 0.03201640024781227]"
blur-light,inpainted,53,847,979,0,0.3555314242839813,"[979, 84, 815, 274, 671]","[0.3555314242839813, 0.06250493973493576, 0.0450117327272892, 0.030935708433389664, 0.027660110965371132]"
blur-light,inpainted,54,544,815,0,0.3485087752342224,"[815, 295, 84, 293, 379]","[0.3485087752342224, 0.0730513408780098, 0.044447220861911774, 0.03056810423731804, 0.02033977583050728]"
blur-light,inpainted,55,179,979,0,0.315166711807251,"[979, 973, 825, 975, 109]","[0.315166711807251, 0.06305324286222458, 0.061031050980091095, 0.04414824768900871, 0.028680535033345222]"
blur-light,inpainted,56,174,84,0,0.11596661061048508,"[84, 269, 293, 271, 352]","[0.11596661061048508, 0.08663236349821091, 0.06546567380428314, 0.05332342907786369, 0.05304955318570137]"
blur-light,inpainted,57,349,979,0,0.1127515360713005,"[979, 295, 839, 825, 84]","[0.1127515360713005, 0.09854785352945328, 0.05943986028432846, 0.05351049080491066, 0.05346149951219559]"
blur-light,inpainted,58,277,133,0,0.16458696126937866,"[133, 275, 331, 277, 276]","[0.16458696126937866, 0.11716362833976746, 0.06588330119848251, 0.05275536701083183, 0.0425768606364727]"
blur-light,inpainted,59,518,979,0,0.40322843194007874,"[979, 912, 343, 974, 646]","[0.40322843194007874, 0.12393681704998016, 0.048579275608062744, 0.03521757945418358, 0.03189022094011307]"
blur-light,inpainted,60,958,425,0,0.2653658092021942,"[425, 888, 829, 698, 646]","[0.2653658092021942, 0.10736861079931259, 0.04639597609639168, 0.040116582065820694, 0.03255622088909149]"
blur-light,inpainted,61,385,340,0,0.22559380531311035,"[340, 386, 352, 385, 649]","[0.22559380531311035, 0.1135399118065834, 0.09758403152227402, 0.07782325148582458, 0.06452193111181259]"
blur-light,inpainted,62,830,390,0,0.19780512154102325,"[390, 84, 939, 425, 660]","[0.19780512154102325, 0.05206276848912239, 0.04569866135716438, 0.04411222040653229, 0.024524016305804253]"
blur-light,inpainted,63,132,815,0,0.2320905327796936,"[815, 318, 293, 912, 295]","[0.2320905327796936, 0.088321752846241, 0.06121939420700073, 0.046477485448122025, 0.04198829084634781]"
blur-light,inpainted,64,354,912,0,0.7700719833374023,"[912, 703, 791, 825, 9]","[0.7700719833374023, 0.053275205194950104, 0.02511771209537983, 0.01988297700881958, 0.01576044224202633]"
blur-light,inpainted,65,879,974,0,0.25046584010124207,"[974, 980, 975, 657, 562]","[0.25046584010124207, 0.16402125358581543, 0.1337858885526657, 0.13283365964889526, 0.039196938276290894]"
blur-light,inpainted,66,807,979,0,0.4564764201641083,"[979, 839, 671, 706, 672]","[0.4564764201641083, 0.053095169365406036, 0.04793364554643631, 0.038148362189531326, 0.03773330897092819]"
blur-light,inpainted,67,863,900,0,0.21765026450157166,"[900, 888, 863, 958, 649]","[0.21765026450157166, 0.10697658360004425, 0.0641508549451828, 0.06070328131318092, 0.04994788020849228]"
blur-light,inpainted,68,821,979,0,0.4999169111251831,"[979, 972, 853, 976, 970]","[0.4999169111251831, 0.14542293548583984, 0.11834071576595306, 0.1078035831451416, 0.022337941452860832]"
blur-light,inpainted,69,656,48,0,0.125536248087883,"[48, 649, 39, 634, 832]","[0.125536248087883, 0.051661279052495956, 0.03746429830789566, 0.032309338450431824, 0.031410858035087585]"
blur-light,inpainted,70,614,912,0,0.5602049231529236,"[912, 4, 646, 730, 390]","[0.5602049231529236, 0.08218297362327576, 0.043082915246486664, 0.02486300654709339, 0.020889732986688614]"
blur-light,inpainted,71,294,979,0,0.23871727287769318,"[979, 649, 825, 972, 970]","[0.23871727287769318, 0.13870935142040253, 0.09331521391868591, 0.06121763586997986, 0.033546142280101776]"
blur-light,inpainted,72,870,269,0,0.0843617171049118,"[269, 342, 825, 274, 672]","[0.0843617171049118, 0.07669027894735336, 0.07053957879543304, 0.041399914771318436, 0.0404418483376503]"
blur-light,inpainted,73,346,294,0,0.13686016201972961,"[294, 343, 295, 958, 340]","[0.13686016201972961, 0.07354913651943207, 0.05477740988135338, 0.04556022956967354, 0.04309791326522827]"
blur-light,inpainted,74,194,802,0,0.17926561832427979,"[802, 347, 257, 348, 977]","[0.17926561832427979, 0.06933695822954178, 0.06243522837758064, 0.060746971517801285, 0.0367925651371479]"
blur-light,inpainted,75,287,649,0,0.7762273550033569,"[649, 295, 233, 342, 224]","[0.7762273550033569, 0.024104593321681023, 0.022551478818058968, 0.017425935715436935, 0.011192478239536285]"
blur-light,inpainted,76,295,101,0,0.07118216156959534,"[101, 295, 337, 369, 385]","[0.07118216156959534, 0.06591255217790604, 0.06213066354393959, 0.057766057550907135, 0.036861155182123184]"
blur-light,inpainted,77,92,128,0,0.39680731296539307,"[128, 92, 21, 91, 141]","[0.39680731296539307, 0.08392766863107681, 0.07795839011669159, 0.031767766922712326, 0.03018835559487343]"
blur-light,inpainted,78,17,989,0,0.16208145022392273,"[989, 14, 988, 312, 311]","[0.16208145022392273, 0.10259275883436203, 0.043183960020542145, 0.04126863554120064, 0.03516185283660889]"
blur-light,inpainted,79,105,17,0,0.20826035737991333,"[17, 490, 955, 448, 105]","[0.20826035737991333, 0.09480821341276169, 0.08254759013652802, 0.043507859110832214, 0.03277493640780449]"
blur-light,inpainted,80,356,905,0,0.13010214269161224,"[905, 682, 904, 799, 381]","[0.13010214269161224, 0.07869233191013336, 0.0778789222240448, 0.05835432559251785, 0.04721859470009804]"
blur-light,inpainted,81,14,382,0,0.2460602968931198,"[382, 380, 377, 335, 95]","[0.2460602968931198, 0.1259957253932953, 0.09398284554481506, 0.0740494355559349, 0.06411341577768326]"
blur-light,inpainted,82,378,393,0,0.3829679787158966,"[393, 90, 135, 108, 378]","[0.3829679787158966, 0.08066214621067047, 0.06665916740894318, 0.019869916141033173, 0.019735228270292282]"
blur-light,inpainted,83,59,313,0,0.26254796981811523,"[313, 382, 368, 378, 93]","[0.26254796981811523, 0.18645654618740082, 0.1528482884168625, 0.06522763520479202, 0.0441313199698925]"
blur-light,inpainted,84,95,313,0,0.25125446915626526,"[313, 315, 55, 59, 320]","[0.25125446915626526, 0.06575834006071091, 0.06417436897754669, 0.06144257262349129, 0.04725174605846405]"
blur-light,inpainted,85,95,311,0,0.11506159603595734,"[311, 114, 313, 94, 47]","[0.11506159603595734, 0.09146465361118317, 0.07700009644031525, 0.06783922761678696, 0.056748971343040466]"
blur-light,inpainted,86,379,55,0,0.4847664535045624,"[55, 96, 40, 379, 375]","[0.4847664535045624, 0.07496558129787445, 0.0686384066939354, 0.04761967435479164, 0.03611895442008972]"
blur-light,inpainted,87,382,382,1,0.15466511249542236,"[382, 380, 364, 16, 15]","[0.15466511249542236, 0.06988876312971115, 0.06154782325029373, 0.06076304614543915, 0.05918177589774132]"
blur-light,inpainted,88,10,11,0,0.3403586745262146,"[11, 10, 12, 15, 382]","[0.3403586745262146, 0.2892504036426544, 0.04414347931742668, 0.036147039383649826, 0.034438107162714005]"
blur-light,inpainted,89,383,337,0,0.2245376706123352,"[337, 979, 360, 344, 20]","[0.2245376706123352, 0.03660905361175537, 0.034702118486166, 0.03261002153158188, 0.032224465161561966]"
blur-light,inpainted,90,378,955,0,0.5050779581069946,"[955, 364, 378, 379, 381]","[0.5050779581069946, 0.07339423894882202, 0.04264365881681442, 0.03700825944542885, 0.01465928927063942]"
blur-light,inpainted,91,376,365,0,0.13946710526943207,"[365, 376, 383, 370, 489]","[0.13946710526943207, 0.10161350667476654, 0.09837416559457779, 0.08840306103229523, 0.05945451185107231]"
blur-light,inpainted,92,21,24,0,0.36063113808631897,"[24, 379, 364, 375, 15]","[0.36063113808631897, 0.1462816596031189, 0.06571578234434128, 0.05111224204301834, 0.0474390983581543]"
blur-light,inpainted,93,275,825,0,0.0957854762673378,"[825, 109, 330, 972, 50]","[0.0957854762673378, 0.05769038945436478, 0.038875762373209, 0.03684936836361885, 0.02872861735522747]"
blur-light,inpainted,94,85,373,0,0.15131668746471405,"[373, 376, 74, 12, 371]","[0.15131668746471405, 0.1318090707063675, 0.08640457689762115, 0.04833531379699707, 0.03999289125204086]"
blur-light,inpainted,95,383,279,0,0.06855876743793488,"[279, 270, 342, 366, 269]","[0.06855876743793488, 0.05361460894346237, 0.04417403042316437, 0.031745754182338715, 0.029075076803565025]"
blur-light,inpainted,96,18,924,0,0.04480462148785591,"[924, 14, 764, 84, 611]","[0.04480462148785591, 0.04368436709046364, 0.037155404686927795, 0.035602323710918427, 0.0326899029314518]"
blur-light,inpainted,97,326,10,0,0.14010772109031677,"[10, 309, 82, 993, 77]","[0.14010772109031677, 0.09389439225196838, 0.05996045470237732, 0.054915186017751694, 0.04330184683203697]"
blur-light,inpainted,98,379,387,0,0.29528218507766724,"[387, 376, 379, 88, 381]","[0.29528218507766724, 0.23786379396915436, 0.15903232991695404, 0.05150488018989563, 0.03482682257890701]"
blur-light,inpainted,99,378,562,0,0.3135025203227997,"[562, 839, 406, 448, 972]","[0.3135025203227997, 0.16461744904518127, 0.09124931693077087, 0.03520609065890312, 0.034204334020614624]"
blur-light,inpainted,100,378,334,0,0.29930993914604187,"[334, 135, 109, 328, 364]","[0.29930993914604187, 0.19620074331760406, 0.07116689532995224, 0.05825420096516609, 0.03938775509595871]"
blur-light,inpainted,101,379,16,0,0.08724044263362885,"[16, 12, 15, 17, 986]","[0.08724044263362885, 0.0825619101524353, 0.07978187501430511, 0.07257658243179321, 0.062408726662397385]"
blur-light,inpainted,102,12,313,0,0.4293615221977234,"[313, 94, 92, 77, 303]","[0.4293615221977234, 0.10141687095165253, 0.09115421772003174, 0.08859049528837204, 0.05194127559661865]"
blur-light,inpainted,103,18,335,0,0.583599328994751,"[335, 264, 380, 24, 279]","[0.583599328994751, 0.050644610077142715, 0.043777838349342346, 0.019882842898368835, 0.01780829019844532]"
blur-light,inpainted,104,428,329,0,0.08016985654830933,"[329, 825, 646, 65, 183]","[0.08016985654830933, 0.05439215898513794, 0.052517618983983994, 0.023626629263162613, 0.02084800973534584]"
blur-light,inpainted,105,376,58,0,0.11065707355737686,"[58, 815, 379, 381, 89]","[0.11065707355737686, 0.07327820360660553, 0.07108014822006226, 0.03212594613432884, 0.02802562154829502]"
blur-light,inpainted,106,379,909,0,0.2263345867395401,"[909, 996, 989, 944, 956]","[0.2263345867395401, 0.1428513526916504, 0.08582708239555359, 0.07375071942806244, 0.0640176460146904]"
blur-light,inpainted,107,19,59,0,0.10837710648775101,"[59, 380, 64, 926, 55]","[0.10837710648775101, 0.09588053822517395, 0.07336652278900146, 0.06280598044395447, 0.05204688757658005]"
blur-light,inpainted,108,18,92,0,0.18368607759475708,"[92, 22, 489, 131, 135]","[0.18368607759475708, 0.0998300090432167, 0.07876858115196228, 0.07194738835096359, 0.06764571368694305]"
blur-light,inpainted,109,95,42,0,0.22670938074588776,"[42, 95, 53, 13, 57]","[0.22670938074588776, 0.06130024045705795, 0.05849198251962662, 0.05650949850678444, 0.05337236821651459]"
blur-light,inpainted,110,95,315,0,0.25219008326530457,"[315, 313, 96, 64, 88]","[0.25219008326530457, 0.21044902503490448, 0.06028304249048233, 0.05517362430691719, 0.0520603321492672]"
blur-light,inpainted,111,17,16,0,0.17359305918216705,"[16, 17, 95, 374, 989]","[0.17359305918216705, 0.16216182708740234, 0.15052267909049988, 0.14542996883392334, 0.03512498363852501]"
blur-light,inpainted,112,232,352,0,0.18301528692245483,"[352, 353, 52, 350, 91]","[0.18301528692245483, 0.12076769769191742, 0.0660923570394516, 0.039893265813589096, 0.03200141340494156]"
blur-light,inpainted,113,382,315,0,0.45979103446006775,"[315, 313, 96, 77, 73]","[0.45979103446006775, 0.14037807285785675, 0.0590006522834301, 0.03532937914133072, 0.030593788251280785]"
blur-light,inpainted,114,622,376,0,0.5953649878501892,"[376, 374, 372, 382, 55]","[0.5953649878501892, 0.154081329703331, 0.07265068590641022, 0.07120738178491592, 0.007221601437777281]"
blur-light,inpainted,115,372,937,0,0.2198791354894638,"[937, 924, 108, 738, 65]","[0.2198791354894638, 0.16897477209568024, 0.02551175281405449, 0.025393975898623466, 0.021547066047787666]"
blur-light,inpainted,116,313,315,0,0.08222215622663498,"[315, 738, 716, 56, 951]","[0.08222215622663498, 0.06602704524993896, 0.05651991814374924, 0.05269019678235054, 0.03646145761013031]"
blur-light,inpainted,117,18,331,0,0.15042248368263245,"[331, 350, 825, 274, 353]","[0.15042248368263245, 0.11251208931207657, 0.09600907564163208, 0.05762272700667381, 0.05455125868320465]"
blur-light,inpainted,118,919,381,0,0.13216018676757812,"[381, 379, 448, 105, 89]","[0.13216018676757812, 0.11176931113004684, 0.07137160748243332, 0.05925102159380913, 0.0439128540456295]"
blur-light,inpainted,119,92,22,0,0.24060051143169403,"[22, 21, 14, 92, 488]","[0.24060051143169403, 0.21369881927967072, 0.06912852823734283, 0.06838345527648926, 0.043679676949977875]"
blur-light,inpainted,120,75,280,0,0.19593219459056854,"[280, 371, 272, 372, 269]","[0.19593219459056854, 0.133915975689888, 0.12859979271888733, 0.08828938752412796, 0.0877884030342102]"
blur-light,inpainted,121,379,364,0,0.3784313499927521,"[364, 135, 379, 382, 96]","[0.3784313499927521, 0.1287422478199005, 0.10683811455965042, 0.08994054794311523, 0.07314583659172058]"
blur-light,inpainted,122,272,127,0,0.13234010338783264,"[127, 135, 912, 331, 15]","[0.13234010338783264, 0.1181398257613182, 0.05730586498975754, 0.054569635540246964, 0.04968972131609917]"
blur-light,inpainted,123,86,984,0,0.08931881934404373,"[984, 449, 425, 682, 970]","[0.08931881934404373, 0.07178112119436264, 0.062003303319215775, 0.052683982998132706, 0.04021651670336723]"
blur-light,inpainted,124,275,825,0,0.06461077183485031,"[825, 295, 411, 649, 936]","[0.06461077183485031, 0.05759107694029808, 0.040616560727357864, 0.03456166386604309, 0.029696276411414146]"
blur-light,inpainted,125,387,912,0,0.30268606543540955,"[912, 128, 58, 387, 381]","[0.30268606543540955, 0.267117977142334, 0.10097944736480713, 0.04821718484163284, 0.029418546706438065]"
blur-light,inpainted,126,12,74,0,0.3420715928077698,"[74, 989, 309, 382, 301]","[0.3420715928077698, 0.11750976741313934, 0.08197130262851715, 0.08008244633674622, 0.0661514550447464]"
blur-light,inpainted,127,17,12,0,0.24009807407855988,"[12, 13, 16, 10, 94]","[0.24009807407855988, 0.22805336117744446, 0.1441732496023178, 0.10123638808727264, 0.04794493317604065]"
blur-light,inpainted,128,899,26,0,0.3493238687515259,"[26, 304, 84, 28, 27]","[0.3493238687515259, 0.033790647983551025, 0.03115561231970787, 0.02417166531085968, 0.01684965007007122]"
blur-light,inpainted,129,365,381,0,0.06823690980672836,"[381, 105, 378, 384, 583]","[0.06823690980672836, 0.06563325226306915, 0.06415849179029465, 0.058486420661211014, 0.050768934190273285]"
blur-light,inpainted,130,335,329,0,0.05576334148645401,"[329, 825, 972, 979, 330]","[0.05576334148645401, 0.04187249392271042, 0.04004765674471855, 0.03899740055203438, 0.03451163321733475]"
blur-light,inpainted,131,23,979,0,0.26314422488212585,"[979, 81, 294, 337, 975]","[0.26314422488212585, 0.19729861617088318, 0.05587579309940338, 0.030368711799383163, 0.026626449078321457]"
blur-light,inpainted,132,379,682,0,0.9191154837608337,"[682, 442, 821, 888, 437]","[0.9191154837608337, 0.04581722617149353, 0.012711376883089542, 0.004092092625796795, 0.0023288174998015165]"
blur-light,inpainted,133,988,858,0,0.12573926150798798,"[858, 611, 396, 580, 300]","[0.12573926150798798, 0.07602246850728989, 0.06583232432603836, 0.05764168128371239, 0.044237665832042694]"
blur-light,inpainted,134,988,16,0,0.4964907169342041,"[16, 92, 40, 313, 315]","[0.4964907169342041, 0.17773312330245972, 0.11156344413757324, 0.05500057712197304, 0.034000176936388016]"
blur-light,inpainted,135,17,320,0,0.8325464129447937,"[320, 313, 14, 319, 92]","[0.8325464129447937, 0.029979204759001732, 0.019412966445088387, 0.012903206050395966, 0.012323802337050438]"
blur-light,inpainted,136,18,371,0,0.1056823655962944,"[371, 375, 381, 382, 364]","[0.1056823655962944, 0.10449138283729553, 0.08045781403779984, 0.05881458893418312, 0.05579611286520958]"
blur-light,inpainted,137,39,364,0,0.15332816541194916,"[364, 39, 378, 955, 381]","[0.15332816541194916, 0.1137445867061615, 0.0958133414387703, 0.06539662182331085, 0.045664217323064804]"
blur-light,inpainted,138,335,70,0,0.09006121009588242,"[70, 313, 14, 303, 92]","[0.09006121009588242, 0.04789528250694275, 0.0472666397690773, 0.044444628059864044, 0.03528566658496857]"
blur-light,inpainted,139,376,580,0,0.05380021408200264,"[580, 825, 381, 815, 863]","[0.05380021408200264, 0.050011295825242996, 0.048670846968889236, 0.04617184400558472, 0.03678908199071884]"
blur-light,inpainted,140,18,49,0,0.1580481231212616,"[49, 131, 133, 334, 340]","[0.1580481231212616, 0.05524444952607155, 0.05192086845636368, 0.049472443759441376, 0.045136939734220505]"
blur-light,inpainted,141,134,272,0,0.21044333279132843,"[272, 825, 287, 269, 293]","[0.21044333279132843, 0.12970119714736938, 0.059517551213502884, 0.055618058890104294, 0.05059115216135979]"
blur-light,inpainted,142,294,972,0,0.31041091680526733,"[972, 979, 976, 980, 336]","[0.31041091680526733, 0.13330696523189545, 0.12226893752813339, 0.0826207622885704, 0.051283713430166245]"
blur-light,inpainted,143,472,975,0,0.30997079610824585,"[975, 646, 814, 536, 833]","[0.30997079610824585, 0.1290767341852188, 0.10953973233699799, 0.09338226169347763, 0.05912230163812637]"
blur-light,inpainted,144,354,141,0,0.19647523760795593,"[141, 912, 99, 975, 142]","[0.19647523760795593, 0.18300272524356842, 0.07971500605344772, 0.07225356996059418, 0.06878183037042618]"
blur-light,inpainted,145,134,50,0,0.623805820941925,"[50, 49, 334, 142, 980]","[0.623805820941925, 0.045386411249637604, 0.042323511093854904, 0.022710902616381645, 0.019208360463380814]"
blur-light,inpainted,146,821,975,0,0.8813888430595398,"[975, 525, 888, 979, 980]","[0.8813888430595398, 0.02272649295628071, 0.01349601149559021, 0.009363321587443352, 0.005602817051112652]"
blur-light,inpainted,147,391,833,0,0.170395627617836,"[833, 147, 978, 913, 975]","[0.170395627617836, 0.14312833547592163, 0.1308508664369583, 0.09610594063997269, 0.059498559683561325]"
blur-light,inpainted,148,391,975,0,0.3068505525588989,"[975, 977, 460, 978, 984]","[0.3068505525588989, 0.28077957034111023, 0.07628090679645538, 0.07241006940603256, 0.052978917956352234]"
blur-light,inpainted,149,821,979,0,0.1379714012145996,"[979, 895, 976, 970, 888]","[0.1379714012145996, 0.12895818054676056, 0.12351763993501663, 0.05969101935625076, 0.05672474205493927]"
blur-light,inpainted,150,576,576,1,0.8585221767425537,"[576, 150, 792, 58, 395]","[0.8585221767425537, 0.03833747282624245, 0.011449466459453106, 0.009368646889925003, 0.007836488075554371]"
blur-light,inpainted,151,140,146,0,0.1719602793455124,"[146, 129, 140, 2, 132]","[0.1719602793455124, 0.13357776403427124, 0.09479717910289764, 0.07699073851108551, 0.05963459238409996]"
blur-light,inpainted,152,852,98,0,0.18966595828533173,"[98, 337, 147, 814, 148]","[0.18966595828533173, 0.09878534078598022, 0.06473146378993988, 0.05621211230754852, 0.04732225462794304]"
blur-light,inpainted,153,576,646,0,0.7179419994354248,"[646, 975, 978, 977, 979]","[0.7179419994354248, 0.12737177312374115, 0.04538856819272041, 0.013204595074057579, 0.012641293928027153]"
blur-light,inpainted,154,472,603,0,0.10461314767599106,"[603, 724, 346, 880, 671]","[0.10461314767599106, 0.08289878070354462, 0.07403305917978287, 0.06198709085583687, 0.05725317820906639]"
blur-light,inpainted,155,258,984,0,0.20588479936122894,"[984, 975, 472, 99, 621]","[0.20588479936122894, 0.1553446501493454, 0.07360944151878357, 0.04112192243337631, 0.040742240846157074]"
blur-light,inpainted,156,143,141,0,0.1795467734336853,"[141, 143, 98, 142, 337]","[0.1795467734336853, 0.15331241488456726, 0.059393685311079025, 0.05384102091193199, 0.05133424699306488]"
blur-light,inpainted,157,198,975,0,0.1551465541124344,"[975, 425, 346, 565, 706]","[0.1551465541124344, 0.1526302695274353, 0.10343409329652786, 0.03640767186880112, 0.0363626666367054]"
blur-light,inpainted,158,236,975,0,0.4595894515514374,"[975, 979, 472, 814, 976]","[0.4595894515514374, 0.11396095156669617, 0.05991807207465172, 0.04088470712304115, 0.03855559602379799]"
blur-light,inpainted,159,576,576,1,0.9948664903640747,"[576, 562, 833, 460, 483]","[0.9948664903640747, 0.0019304932793602347, 0.001778604811988771, 0.00036404721322469413, 0.00018471057410351932]"
blur-light,inpainted,160,483,970,0,0.32772883772850037,"[970, 979, 483, 972, 915]","[0.32772883772850037, 0.18341386318206787, 0.12512236833572388, 0.03387248143553734, 0.016776394098997116]"
blur-light,inpainted,161,727,727,1,0.2958882749080658,"[727, 858, 832, 853, 975]","[0.2958882749080658, 0.11672797799110413, 0.09419101476669312, 0.07857153564691544, 0.03992553427815437]"
blur-light,inpainted,162,238,49,0,0.22690841555595398,"[49, 337, 106, 294, 357]","[0.22690841555595398, 0.20920974016189575, 0.08623123168945312, 0.07925982773303986, 0.03954434394836426]"
blur-light,inpainted,163,385,344,0,0.2576204240322113,"[344, 360, 294, 298, 342]","[0.2576204240322113, 0.13282237946987152, 0.11027787625789642, 0.07886015623807907, 0.07715526223182678]"
blur-light,inpainted,164,472,718,0,0.3402283489704132,"[718, 978, 977, 460, 975]","[0.3402283489704132, 0.1650177240371704, 0.08155432343482971, 0.05989258363842964, 0.05533201992511749]"
blur-light,inpainted,165,140,141,0,0.22850020229816437,"[141, 49, 142, 140, 39]","[0.22850020229816437, 0.20742161571979523, 0.11883456259965897, 0.05868370458483696, 0.048199351876974106]"
blur-light,inpainted,166,352,980,0,0.24611854553222656,"[980, 84, 49, 50, 977]","[0.24611854553222656, 0.05944844335317612, 0.042463626712560654, 0.03868252784013748, 0.031648121774196625]"
blur-light,inpainted,167,292,294,0,0.3777337372303009,"[294, 288, 340, 342, 904]","[0.3777337372303009, 0.09437689930200577, 0.06625992059707642, 0.048822760581970215, 0.038765422999858856]"
blur-light,inpainted,168,806,294,0,0.48585984110832214,"[294, 267, 266, 182, 177]","[0.48585984110832214, 0.0874578133225441, 0.04830146208405495, 0.04512878134846687, 0.021779771894216537]"
blur-light,inpainted,169,449,958,0,0.23208992183208466,"[958, 425, 170, 853, 389]","[0.23208992183208466, 0.13804666697978973, 0.051172491163015366, 0.03976725786924362, 0.033397164195775986]"
blur-light,inpainted,170,164,286,0,0.3859272003173828,"[286, 357, 500, 50, 825]","[0.3859272003173828, 0.06722886115312576, 0.0549662820994854, 0.046212680637836456, 0.03199883550405502]"
blur-light,inpainted,171,909,460,0,0.1351035088300705,"[460, 48, 150, 9, 350]","[0.1351035088300705, 0.12792646884918213, 0.12654417753219604, 0.10158301889896393, 0.08536699414253235]"
blur-light,inpainted,172,576,576,1,0.8974296450614929,"[576, 780, 536, 694, 814]","[0.8974296450614929, 0.0374712198972702, 0.011926940642297268, 0.010945778340101242, 0.007871469482779503]"
blur-light,inpainted,173,727,975,0,0.5587093830108643,"[975, 417, 976, 22, 483]","[0.5587093830108643, 0.14104631543159485, 0.0924457535147667, 0.03660708665847778, 0.028926076367497444]"
blur-light,inpainted,174,223,525,0,0.41681620478630066,"[525, 562, 913, 972, 132]","[0.41681620478630066, 0.13922809064388275, 0.08610508590936661, 0.07855726778507233, 0.05052861571311951]"
blur-light,inpainted,175,132,340,0,0.17889200150966644,"[340, 825, 345, 0, 256]","[0.17889200150966644, 0.06851476430892944, 0.0568612739443779, 0.03464312106370926, 0.028163140639662743]"
blur-light,inpainted,176,576,576,1,0.5886624455451965,"[576, 562, 536, 628, 716]","[0.5886624455451965, 0.3398035764694214, 0.01625916361808777, 0.009021754376590252, 0.00758501049131155]"
blur-light,inpainted,177,391,876,0,0.2857297658920288,"[876, 753, 975, 977, 704]","[0.2857297658920288, 0.08764664828777313, 0.07959120720624924, 0.052204158157110214, 0.048371609300374985]"
blur-light,inpainted,178,708,958,0,0.19398133456707,"[958, 646, 975, 658, 395]","[0.19398133456707, 0.06349394470453262, 0.05916040018200874, 0.05176173895597458, 0.041971899569034576]"
blur-light,inpainted,179,132,85,0,0.08523264527320862,"[85, 330, 49, 331, 318]","[0.08523264527320862, 0.07663227617740631, 0.054003868252038956, 0.03691735491156578, 0.020804565399885178]"
blur-light,inpainted,180,576,576,1,0.9813543558120728,"[576, 718, 536, 833, 483]","[0.9813543558120728, 0.009295291267335415, 0.0019472729181870818, 0.0015853546792641282, 0.0010253621730953455]"
blur-light,inpainted,181,143,141,0,0.20343446731567383,"[141, 980, 976, 139, 132]","[0.20343446731567383, 0.09203607589006424, 0.05639573559165001, 0.05593119561672211, 0.051400840282440186]"
blur-light,inpainted,182,842,728,0,0.15197095274925232,"[728, 137, 525, 463, 475]","[0.15197095274925232, 0.13288480043411255, 0.057906512171030045, 0.03213779628276825, 0.030748184770345688]"
blur-light,inpainted,183,372,49,0,0.1646432876586914,"[49, 351, 353, 853, 346]","[0.1646432876586914, 0.1401028335094452, 0.08550252765417099, 0.050644516944885254, 0.044677674770355225]"
blur-light,inpainted,184,36,144,0,0.16814368963241577,"[144, 142, 337, 136, 20]","[0.16814368963241577, 0.11104931682348251, 0.08866137266159058, 0.08425568789243698, 0.07424895465373993]"
blur-light,inpainted,185,660,525,0,0.3175709843635559,"[525, 977, 980, 833, 976]","[0.3175709843635559, 0.2750474214553833, 0.1747221052646637, 0.045028604567050934, 0.03826618939638138]"
blur-light,inpainted,186,821,975,0,0.44884851574897766,"[975, 525, 460, 693, 472]","[0.44884851574897766, 0.2768544852733612, 0.068111851811409, 0.04795444384217262, 0.04150562360882759]"
blur-light,inpainted,187,449,425,0,0.13956497609615326,"[425, 144, 460, 913, 807]","[0.13956497609615326, 0.10529051721096039, 0.07260269671678543, 0.07259009778499603, 0.06032008305191994]"
blur-light,inpainted,188,131,738,0,0.15852902829647064,"[738, 406, 580, 497, 448]","[0.15852902829647064, 0.0896163284778595, 0.07615088671445847, 0.07112319767475128, 0.048698052763938904]"
blur-light,inpainted,189,576,576,1,0.9064429402351379,"[576, 706, 562, 625, 975]","[0.9064429402351379, 0.03441426157951355, 0.014889206737279892, 0.011176063679158688, 0.005866125226020813]"
blur-light,inpainted,190,140,360,0,0.10956069082021713,"[360, 140, 146, 20, 142]","[0.10956069082021713, 0.09278692305088043, 0.08882968127727509, 0.08794780820608139, 0.0567462332546711]"
blur-light,inpainted,191,576,576,1,0.8551939725875854,"[576, 390, 913, 525, 150]","[0.8551939725875854, 0.06554064154624939, 0.011492472141981125, 0.006295694969594479, 0.004273958038538694]"
blur-light,inpainted,192,355,718,0,0.4520835280418396,"[718, 702, 856, 542, 821]","[0.4520835280418396, 0.12242191284894943, 0.10527774691581726, 0.06667615473270416, 0.017243992537260056]"
blur-light,inpainted,193,511,972,0,0.17270570993423462,"[972, 977, 395, 978, 460]","[0.17270570993423462, 0.08897048979997635, 0.07580648362636566, 0.07440777868032455, 0.03486301377415657]"
blur-light,inpainted,194,417,449,0,0.3249129056930542,"[449, 975, 755, 557, 682]","[0.3249129056930542, 0.3217437267303467, 0.045079171657562256, 0.026600390672683716, 0.02179661951959133]"
blur-light,inpainted,195,404,417,0,0.61672043800354,"[417, 448, 562, 449, 437]","[0.61672043800354, 0.0648244321346283, 0.045268647372722626, 0.04415835067629814, 0.02963760867714882]"
blur-light,inpainted,196,701,973,0,0.2558969557285309,"[973, 107, 591, 974, 329]","[0.2558969557285309, 0.12797805666923523, 0.06251993775367737, 0.05335234850645065, 0.047082386910915375]"
blur-light,inpainted,197,701,701,1,0.6692585349082947,"[701, 974, 908, 437, 980]","[0.6692585349082947, 0.10719947516918182, 0.06528452038764954, 0.02842923440039158, 0.0181528702378273]"
blur-light,inpainted,198,701,978,0,0.12500526010990143,"[978, 977, 976, 908, 980]","[0.12500526010990143, 0.10197709500789642, 0.07898755371570587, 0.061599403619766235, 0.053161848336458206]"
blur-light,inpainted,199,350,701,0,0.277958482503891,"[701, 970, 980, 405, 795]","[0.277958482503891, 0.18707935512065887, 0.1821749061346054, 0.028627153486013412, 0.026422463357448578]"
blur-light,inpainted,200,618,433,0,0.2314211130142212,"[433, 2, 974, 973, 976]","[0.2314211130142212, 0.10158856958150864, 0.10008686780929565, 0.0979689359664917, 0.0932796522974968]"
blur-light,inpainted,201,984,973,0,0.5474367141723633,"[973, 109, 983, 801, 107]","[0.5474367141723633, 0.06353341788053513, 0.05294274911284447, 0.03649318218231201, 0.03205721080303192]"
blur-light,inpainted,202,645,107,0,0.2844827473163605,"[107, 980, 2, 3, 913]","[0.2844827473163605, 0.20419012010097504, 0.07463862001895905, 0.03372751921415329, 0.0321575291454792]"
blur-light,inpainted,203,808,977,0,0.2267133742570877,"[977, 976, 908, 405, 701]","[0.2267133742570877, 0.13887035846710205, 0.11932084709405899, 0.08422207087278366, 0.0713224709033966]"
blur-light,inpainted,204,755,984,0,0.21781699359416962,"[984, 980, 976, 701, 972]","[0.21781699359416962, 0.08025918900966644, 0.07720504701137543, 0.0528302825987339, 0.048318613320589066]"
blur-light,inpainted,205,663,977,0,0.17092837393283844,"[977, 980, 970, 405, 755]","[0.17092837393283844, 0.12572303414344788, 0.1206016018986702, 0.05574553832411766, 0.04580730199813843]"
blur-light,inpainted,206,404,978,0,0.32113412022590637,"[978, 977, 814, 913, 472]","[0.32113412022590637, 0.13428381085395813, 0.07935168594121933, 0.0693759173154831, 0.05302704870700836]"
blur-light,inpainted,207,540,978,0,0.12529243528842926,"[978, 460, 972, 975, 977]","[0.12529243528842926, 0.1172599121928215, 0.08526839315891266, 0.07852715998888016, 0.055385809391736984]"
blur-light,inpainted,208,958,984,0,0.9665032029151917,"[984, 958, 972, 980, 975]","[0.9665032029151917, 0.01079921517521143, 0.0044418396428227425, 0.0034345516469329596, 0.002389713888987899]"
blur-light,inpainted,209,483,611,0,0.11920491605997086,"[611, 978, 591, 425, 977]","[0.11920491605997086, 0.10572881251573563, 0.08978541195392609, 0.05364886298775673, 0.053628500550985336]"
blur-light,inpainted,210,898,417,0,0.1995115727186203,"[417, 538, 972, 437, 980]","[0.1995115727186203, 0.16075006127357483, 0.11528689414262772, 0.07275637984275818, 0.06870374083518982]"
blur-light,inpainted,211,649,979,0,0.30963659286499023,"[979, 972, 976, 437, 975]","[0.30963659286499023, 0.0974862203001976, 0.09517638385295868, 0.0921223983168602, 0.0677189752459526]"
blur-light,inpainted,212,812,783,0,0.12347840517759323,"[783, 863, 900, 517, 781]","[0.12347840517759323, 0.07878830283880234, 0.07278930395841599, 0.059365883469581604, 0.054554376751184464]"
blur-light,inpainted,213,701,2,0,0.7801106572151184,"[2, 107, 4, 801, 973]","[0.7801106572151184, 0.08720098435878754, 0.0230292696505785, 0.022919172421097755, 0.018855098634958267]"
blur-light,inpainted,214,405,983,0,0.141302227973938,"[983, 109, 973, 396, 107]","[0.141302227973938, 0.13992704451084137, 0.13018600642681122, 0.11032885313034058, 0.0901142805814743]"
blur-light,inpainted,215,832,958,0,0.12782536447048187,"[958, 979, 483, 649, 500]","[0.12782536447048187, 0.11741173267364502, 0.11375802010297775, 0.10728054493665695, 0.07143597304821014]"
blur-light,inpainted,216,475,975,0,0.4358920454978943,"[975, 977, 460, 976, 525]","[0.4358920454978943, 0.22185823321342468, 0.1653609275817871, 0.016856057569384575, 0.016350354999303818]"
blur-light,inpainted,217,22,405,0,0.2699486315250397,"[405, 974, 557, 538, 980]","[0.2699486315250397, 0.1462281346321106, 0.08991772681474686, 0.04510214552283287, 0.037547361105680466]"
blur-light,inpainted,218,724,975,0,0.27279427647590637,"[975, 718, 913, 525, 449]","[0.27279427647590637, 0.09372404217720032, 0.07207712531089783, 0.059506606310606, 0.05155601724982262]"
blur-light,inpainted,219,871,701,0,0.2688252925872803,"[701, 974, 908, 437, 557]","[0.2688252925872803, 0.12186484038829803, 0.11970635503530502, 0.05477352812886238, 0.042651768773794174]"
blur-light,inpainted,220,807,616,0,0.19187265634536743,"[616, 973, 701, 975, 153]","[0.19187265634536743, 0.17436182498931885, 0.1221633031964302, 0.0874137282371521, 0.03876460716128349]"
blur-light,inpainted,221,805,984,0,0.91655033826828,"[984, 701, 958, 972, 970]","[0.91655033826828, 0.04696451127529144, 0.005298599600791931, 0.004824103321880102, 0.004019664600491524]"
blur-light,inpainted,222,405,127,0,0.14348383247852325,"[127, 117, 23, 946, 21]","[0.14348383247852325, 0.12551672756671906, 0.07044950872659683, 0.03890962526202202, 0.02799895405769348]"
blur-light,inpainted,223,14,22,0,0.07630880177021027,"[22, 989, 12, 379, 111]","[0.07630880177021027, 0.07251233607530594, 0.061796847730875015, 0.04926697537302971, 0.033761702477931976]"
blur-light,inpainted,224,22,22,1,0.4888230264186859,"[22, 92, 21, 18, 23]","[0.4888230264186859, 0.10744163393974304, 0.10353254526853561, 0.07919491827487946, 0.07783405482769012]"
blur-light,inpainted,225,404,701,0,0.21042171120643616,"[701, 557, 417, 405, 109]","[0.21042171120643616, 0.08376109600067139, 0.07852566242218018, 0.07068586349487305, 0.030131746083498]"
blur-light,inpainted,226,583,970,0,0.29691168665885925,"[970, 979, 980, 972, 978]","[0.29691168665885925, 0.14350880682468414, 0.06872566044330597, 0.04142029955983162, 0.03621795028448105]"
blur-light,inpainted,227,900,852,0,0.11133372783660889,"[852, 716, 425, 975, 333]","[0.11133372783660889, 0.05586601048707962, 0.05417265370488167, 0.054089125245809555, 0.049635257571935654]"
blur-light,inpainted,228,437,437,1,0.2971416711807251,"[437, 975, 913, 978, 979]","[0.2971416711807251, 0.06836488097906113, 0.04684164375066757, 0.0466613844037056, 0.031486283987760544]"
blur-light,inpainted,229,345,976,0,0.44720029830932617,"[976, 978, 979, 970, 975]","[0.44720029830932617, 0.1648510992527008, 0.12656736373901367, 0.05162530019879341, 0.026454292237758636]"
blur-light,inpainted,230,913,682,0,0.39872679114341736,"[682, 649, 888, 484, 437]","[0.39872679114341736, 0.3205033242702484, 0.0518144927918911, 0.03320355340838432, 0.02720734104514122]"
blur-light,inpainted,231,839,801,0,0.09539830684661865,"[801, 977, 908, 149, 979]","[0.09539830684661865, 0.06527484208345413, 0.06190889701247215, 0.05095341056585312, 0.04598671942949295]"
blur-light,inpainted,232,920,976,0,0.09330654889345169,"[976, 405, 970, 417, 974]","[0.09330654889345169, 0.0906146839261055, 0.07663843035697937, 0.04962246119976044, 0.0495942123234272]"
blur-light,inpainted,233,802,81,0,0.1619315892457962,"[81, 974, 980, 279, 701]","[0.1619315892457962, 0.14506098628044128, 0.1377364546060562, 0.10670726746320724, 0.09429123252630234]"
blur-light,inpainted,234,755,974,0,0.5332764983177185,"[974, 701, 958, 437, 803]","[0.5332764983177185, 0.09349815547466278, 0.06840255856513977, 0.03549862653017044, 0.027348095551133156]"
blur-light,inpainted,235,93,92,0,0.18164794147014618,"[92, 81, 22, 127, 313]","[0.18164794147014618, 0.12234266847372055, 0.08302874118089676, 0.07712037861347198, 0.055090490728616714]"
blur-light,inpainted,236,821,958,0,0.07475686073303223,"[958, 536, 682, 483, 718]","[0.07475686073303223, 0.0657995268702507, 0.05987454205751419, 0.057139988988637924, 0.05408899113535881]"
blur-light,inpainted,237,437,977,0,0.5138304233551025,"[977, 978, 437, 975, 976]","[0.5138304233551025, 0.10180039703845978, 0.08284147083759308, 0.05504418909549713, 0.04513317719101906]"
blur-light,inpainted,238,649,3,0,0.4611881375312805,"[3, 980, 483, 4, 517]","[0.4611881375312805, 0.16665466129779816, 0.10429897159337997, 0.05618270859122276, 0.04572996497154236]"
blur-light,inpainted,239,682,980,0,0.37343353033065796,"[980, 425, 976, 701, 979]","[0.37343353033065796, 0.2115311175584793, 0.11045034974813461, 0.05358749255537987, 0.041491784155368805]"
blur-light,inpainted,240,900,974,0,0.13467209041118622,"[974, 980, 701, 405, 979]","[0.13467209041118622, 0.11868640780448914, 0.09865456819534302, 0.08799785375595093, 0.08305060863494873]"
blur-light,inpainted,241,557,970,0,0.09252514690160751,"[970, 812, 483, 927, 847]","[0.09252514690160751, 0.07711634784936905, 0.07673487067222595, 0.05670969560742378, 0.05285007134079933]"
blur-light,inpainted,242,812,980,0,0.5367248058319092,"[980, 701, 970, 976, 974]","[0.5367248058319092, 0.21205005049705505, 0.059817392379045486, 0.03761176019906998, 0.0322040393948555]"
blur-light,inpainted,243,988,988,1,0.6766601204872131,"[988, 936, 944, 956, 815]","[0.6766601204872131, 0.07669687271118164, 0.06370466947555542, 0.031379584223032, 0.018409602344036102]"
blur-light,inpainted,244,322,324,0,0.38388264179229736,"[324, 325, 946, 985, 313]","[0.38388264179229736, 0.08570973575115204, 0.06842798739671707, 0.05619378015398979, 0.03397168591618538]"
blur-light,inpainted,245,131,489,0,0.15289530158042908,"[489, 131, 136, 50, 27]","[0.15289530158042908, 0.05530191957950592, 0.0528947152197361, 0.04328564181923866, 0.03674967959523201]"
blur-light,inpainted,246,309,946,0,0.5979430079460144,"[946, 985, 324, 108, 309]","[0.5979430079460144, 0.3724287152290344, 0.012289275415241718, 0.0022859268356114626, 0.0022430112585425377]"
blur-light,inpainted,247,324,313,0,0.16802746057510376,"[313, 14, 46, 322, 91]","[0.16802746057510376, 0.12123484909534454, 0.10851876437664032, 0.08134573698043823, 0.07219187915325165]"
blur-light,inpainted,248,133,133,1,0.15715938806533813,"[133, 696, 503, 716, 594]","[0.15715938806533813, 0.10286113619804382, 0.09037918597459793, 0.05759645998477936, 0.04412718117237091]"
blur-light,inpainted,249,988,971,0,0.11135266721248627,"[971, 946, 989, 936, 396]","[0.11135266721248627, 0.10478158295154572, 0.051826685667037964, 0.037922345101833344, 0.03633001446723938]"
blur-light,inpainted,250,13,78,0,0.15470388531684875,"[78, 80, 92, 319, 42]","[0.15470388531684875, 0.1346854567527771, 0.07685732841491699, 0.06283091008663177, 0.05209764465689659]"
blur-light,inpainted,251,309,850,0,0.16766448318958282,"[850, 324, 452, 719, 928]","[0.16766448318958282, 0.12935438752174377, 0.11663459986448288, 0.07281100004911423, 0.048922911286354065]"
blur-light,inpainted,252,991,815,0,0.22412967681884766,"[815, 317, 115, 986, 936]","[0.22412967681884766, 0.054192282259464264, 0.042346544563770294, 0.040611568838357925, 0.03636967018246651]"
blur-light,inpainted,253,303,309,0,0.3235362470149994,"[309, 303, 991, 988, 937]","[0.3235362470149994, 0.15210099518299103, 0.05105825513601303, 0.043983038514852524, 0.03843441978096962]"
blur-light,inpainted,254,309,985,0,0.9994809031486511,"[985, 309, 307, 954, 46]","[0.9994809031486511, 0.00018978356092702597, 0.00011098973482148722, 4.0798728150548413e-05, 2.1480460418388247e-05]"
blur-light,inpainted,255,324,133,0,0.20380237698554993,"[133, 313, 136, 998, 59]","[0.20380237698554993, 0.10600186139345169, 0.07508397847414017, 0.07246430963277817, 0.03594973310828209]"
blur-light,inpainted,256,303,77,0,0.27361470460891724,"[77, 71, 319, 124, 91]","[0.27361470460891724, 0.11316700279712677, 0.09103002399206161, 0.04010111838579178, 0.03163561969995499]"
blur-light,inpainted,257,323,323,1,0.10766396671533585,"[323, 944, 957, 937, 393]","[0.10766396671533585, 0.07796955108642578, 0.06920662522315979, 0.06595095247030258, 0.05981559678912163]"
blur-light,inpainted,258,989,989,1,0.27866339683532715,"[989, 986, 62, 311, 936]","[0.27866339683532715, 0.15616625547409058, 0.09287500381469727, 0.08402448147535324, 0.051967401057481766]"
blur-light,inpainted,259,324,325,0,0.25005826354026794,"[325, 1, 985, 989, 321]","[0.25005826354026794, 0.14766444265842438, 0.1279812455177307, 0.05038914456963539, 0.03273903578519821]"
blur-light,inpainted,260,989,936,0,0.8311210870742798,"[936, 939, 956, 39, 943]","[0.8311210870742798, 0.036982402205467224, 0.019047316163778305, 0.01621449925005436, 0.012224764563143253]"
blur-light,inpainted,261,323,985,0,0.8135398626327515,"[985, 309, 946, 824, 324]","[0.8135398626327515, 0.06608763337135315, 0.022765103727579117, 0.007401609793305397, 0.007152987644076347]"
blur-light,inpainted,262,78,318,0,0.3614708483219147,"[318, 317, 111, 395, 59]","[0.3614708483219147, 0.23713435232639313, 0.07623409479856491, 0.03154003247618675, 0.03031674213707447]"
blur-light,inpainted,263,945,55,0,0.25435543060302734,"[55, 59, 945, 91, 40]","[0.25435543060302734, 0.15260708332061768, 0.09931676834821701, 0.04508218169212341, 0.044149789959192276]"
blur-light,inpainted,264,303,322,0,0.17231586575508118,"[322, 315, 14, 313, 319]","[0.17231586575508118, 0.1442735493183136, 0.0810028687119484, 0.08039603382349014, 0.053295403718948364]"
blur-light,inpainted,265,78,947,0,0.15649327635765076,"[947, 992, 397, 987, 997]","[0.15649327635765076, 0.14551596343517303, 0.06538353115320206, 0.04900331050157547, 0.04522380977869034]"
blur-light,inpainted,266,323,994,0,0.12605880200862885,"[994, 59, 52, 44, 38]","[0.12605880200862885, 0.1208750307559967, 0.05123596638441086, 0.05021350085735321, 0.04471256956458092]"
blur-light,inpainted,267,309,689,0,0.26109182834625244,"[689, 496, 88, 591, 324]","[0.26109182834625244, 0.08204148709774017, 0.06269132345914841, 0.056164368987083435, 0.05295732989907265]"
blur-light,inpainted,268,77,943,0,0.445266455411911,"[943, 31, 317, 939, 941]","[0.445266455411911, 0.23898854851722717, 0.12487383186817169, 0.07901535928249359, 0.01775592938065529]"
blur-light,inpainted,269,945,797,0,0.14263667166233063,"[797, 321, 939, 738, 940]","[0.14263667166233063, 0.09223370999097824, 0.05762713402509689, 0.049521733075380325, 0.044222909957170486]"
blur-light,inpainted,270,322,309,0,0.15596924722194672,"[309, 323, 324, 74, 301]","[0.15596924722194672, 0.1500522345304489, 0.13815289735794067, 0.09204212576150894, 0.07475104928016663]"
blur-light,inpainted,271,27,276,0,0.3047303855419159,"[276, 275, 980, 184, 979]","[0.3047303855419159, 0.07985131442546844, 0.04323142394423485, 0.03309819474816322, 0.024081019684672356]"
blur-light,inpainted,272,321,321,1,0.4737743139266968,"[321, 411, 323, 309, 509]","[0.4737743139266968, 0.13424821197986603, 0.12040715664625168, 0.06951161473989487, 0.02087465673685074]"
blur-light,inpainted,273,323,16,0,0.2636891007423401,"[16, 14, 723, 738, 11]","[0.2636891007423401, 0.16165252029895782, 0.06662318110466003, 0.031526464968919754, 0.028107712045311928]"
blur-light,inpainted,274,937,988,0,0.28367945551872253,"[988, 956, 936, 329, 952]","[0.28367945551872253, 0.08608295768499374, 0.052729204297065735, 0.045111533254384995, 0.0430387482047081]"
blur-light,inpainted,275,73,16,0,0.2547977566719055,"[16, 324, 325, 323, 91]","[0.2547977566719055, 0.13805978000164032, 0.08345725387334824, 0.05530077591538429, 0.05300774425268173]"
blur-light,inpainted,276,322,323,0,0.2967280149459839,"[323, 46, 325, 90, 309]","[0.2967280149459839, 0.06639360636472702, 0.0558532178401947, 0.04777989536523819, 0.04530470818281174]"
blur-light,inpainted,277,40,40,1,0.06082348898053169,"[40, 457, 413, 429, 988]","[0.06082348898053169, 0.056007951498031616, 0.05343691632151604, 0.03783644363284111, 0.03721344843506813]"
blur-light,inpainted,278,31,370,0,0.2331995666027069,"[370, 381, 286, 375, 382]","[0.2331995666027069, 0.1195908710360527, 0.09741092473268509, 0.057397350668907166, 0.050267189741134644]"
blur-light,inpainted,279,321,1,0,0.08693795651197433,"[1, 16, 277, 990, 18]","[0.08693795651197433, 0.05088607221841812, 0.049640409648418427, 0.04453388601541519, 0.04011443629860878]"
blur-light,inpainted,280,58,956,0,0.3369769752025604,"[956, 55, 47, 30, 58]","[0.3369769752025604, 0.05799787491559982, 0.049871571362018585, 0.047043148428201675, 0.03999081626534462]"
blur-light,inpainted,281,309,996,0,0.12220384925603867,"[996, 991, 937, 938, 934]","[0.12220384925603867, 0.11944395303726196, 0.0885540246963501, 0.057184480130672455, 0.03685479983687401]"
blur-light,inpainted,282,303,955,0,0.18946659564971924,"[955, 911, 850, 109, 816]","[0.18946659564971924, 0.18357761204242706, 0.13078975677490234, 0.10362575203180313, 0.06198212131857872]"
blur-light,inpainted,283,325,989,0,0.2984631359577179,"[989, 990, 118, 304, 37]","[0.2984631359577179, 0.13943906128406525, 0.06820591539144516, 0.055575743317604065, 0.051418036222457886]"
blur-light,inpainted,284,323,988,0,0.2495780885219574,"[988, 380, 985, 108, 376]","[0.2495780885219574, 0.09477695822715759, 0.05851542577147484, 0.04427536204457283, 0.03040996380150318]"
blur-light,inpainted,285,304,318,0,0.8290848731994629,"[318, 322, 40, 317, 13]","[0.8290848731994629, 0.04448816552758217, 0.03067920170724392, 0.029052909463644028, 0.01685253158211708]"
blur-light,inpainted,286,18,341,0,0.13266843557357788,"[341, 429, 768, 805, 912]","[0.13266843557357788, 0.0982879027724266, 0.046437326818704605, 0.02733783796429634, 0.020581793040037155]"
blur-light,inpainted,287,178,437,0,0.37740013003349304,"[437, 539, 489, 499, 565]","[0.37740013003349304, 0.049990102648735046, 0.03883367404341698, 0.035898685455322266, 0.029720595106482506]"
blur-light,inpainted,288,83,83,1,0.5171272158622742,"[83, 80, 330, 331, 815]","[0.5171272158622742, 0.043475955724716187, 0.04222619906067848, 0.042164791375398636, 0.03886007145047188]"
blur-light,inpainted,289,362,133,0,0.14354881644248962,"[133, 50, 336, 293, 331]","[0.14354881644248962, 0.09832189232110977, 0.08132302016019821, 0.036897726356983185, 0.025789808481931686]"
blur-light,inpainted,290,272,138,0,0.17136606574058533,"[138, 49, 500, 353, 352]","[0.17136606574058533, 0.0694810077548027, 0.0634407103061676, 0.04740814119577408, 0.035169076174497604]"
blur-light,inpainted,291,102,48,0,0.2882266044616699,"[48, 539, 706, 462, 703]","[0.2882266044616699, 0.09913121163845062, 0.08746154606342316, 0.052428580820560455, 0.045510463416576385]"
blur-light,inpainted,292,423,423,1,0.08578598499298096,"[423, 972, 825, 500, 671]","[0.08578598499298096, 0.07730357348918915, 0.06425214558839798, 0.06277170777320862, 0.057583168148994446]"
blur-light,inpainted,293,543,50,0,0.10886754095554352,"[50, 331, 334, 815, 330]","[0.10886754095554352, 0.08777854591608047, 0.0862835943698883, 0.08275668323040009, 0.03911741077899933]"
blur-light,inpainted,294,277,136,0,0.31240764260292053,"[136, 133, 137, 82, 86]","[0.31240764260292053, 0.17914912104606628, 0.0799512192606926, 0.04081682860851288, 0.028565233573317528]"
blur-light,inpainted,295,428,138,0,0.07425478100776672,"[138, 343, 353, 177, 202]","[0.07425478100776672, 0.06995543837547302, 0.044262684881687164, 0.042396727949380875, 0.020162908360362053]"
blur-light,inpainted,296,134,912,0,0.4117911458015442,"[912, 634, 84, 646, 825]","[0.4117911458015442, 0.18193376064300537, 0.08813051134347916, 0.04659256711602211, 0.041655998677015305]"
blur-light,inpainted,297,298,82,0,0.1458868831396103,"[82, 305, 67, 330, 62]","[0.1458868831396103, 0.07685206085443497, 0.0629969984292984, 0.048388611525297165, 0.04497280716896057]"
blur-light,inpainted,298,170,50,0,0.08496580272912979,"[50, 815, 84, 49, 334]","[0.08496580272912979, 0.06541074067354202, 0.0376163050532341, 0.034075457602739334, 0.025763817131519318]"
blur-light,inpainted,299,363,71,0,0.13191373646259308,"[71, 953, 79, 124, 64]","[0.13191373646259308, 0.08201880007982254, 0.0654711201786995, 0.04449162632226944, 0.03632408753037453]"
blur-light,inpainted,300,356,70,0,0.1124594658613205,"[70, 646, 858, 825, 85]","[0.1124594658613205, 0.10304234176874161, 0.07003461569547653, 0.0558786541223526, 0.0426095575094223]"
blur-light,inpainted,301,161,646,0,0.2891632616519928,"[646, 977, 611, 49, 978]","[0.2891632616519928, 0.22744593024253845, 0.06086086854338646, 0.05314554274082184, 0.04307934269309044]"
blur-light,inpainted,302,254,996,0,0.17476899921894073,"[996, 963, 993, 909, 567]","[0.17476899921894073, 0.16373278200626373, 0.09901417046785355, 0.03665929660201073, 0.027681337669491768]"
blur-light,inpainted,303,145,646,0,0.49643853306770325,"[646, 672, 825, 980, 979]","[0.49643853306770325, 0.029701977968215942, 0.026314621791243553, 0.025864213705062866, 0.025442207232117653]"
blur-light,inpainted,304,171,110,0,0.19611968100070953,"[110, 646, 474, 911, 115]","[0.19611968100070953, 0.09254544973373413, 0.036512501537799835, 0.028589831665158272, 0.025427361950278282]"
blur-light,inpainted,305,299,318,0,0.12181050330400467,"[318, 58, 646, 930, 964]","[0.12181050330400467, 0.07978390157222748, 0.0362868569791317, 0.03487221151590347, 0.030236830934882164]"
blur-light,inpainted,306,251,135,0,0.14271369576454163,"[135, 331, 138, 86, 131]","[0.14271369576454163, 0.05920824036002159, 0.045737747102975845, 0.04525928199291229, 0.03465646877884865]"
blur-light,inpainted,307,292,126,0,0.2626025676727295,"[126, 33, 50, 980, 197]","[0.2626025676727295, 0.09358901530504227, 0.06495015323162079, 0.05809411406517029, 0.03176124766469002]"
blur-light,inpainted,308,77,41,0,0.19536785781383514,"[41, 44, 57, 54, 313]","[0.19536785781383514, 0.1823301613330841, 0.06135234236717224, 0.05253618210554123, 0.04570477083325386]"
blur-light,inpainted,309,305,102,0,0.21757158637046814,"[102, 993, 363, 82, 997]","[0.21757158637046814, 0.08736138045787811, 0.07445916533470154, 0.0369279719889164, 0.03023882769048214]"
blur-light,inpainted,310,299,334,0,0.9446612596511841,"[334, 337, 102, 360, 342]","[0.9446612596511841, 0.019241631031036377, 0.008299694396555424, 0.0028230291791260242, 0.0026202439330518246]"
blur-light,inpainted,311,83,102,0,0.1911388337612152,"[102, 276, 81, 83, 330]","[0.1911388337612152, 0.08537519723176956, 0.07369635254144669, 0.060810595750808716, 0.045628417283296585]"
blur-light,inpainted,312,362,972,0,0.366676926612854,"[972, 976, 979, 973, 329]","[0.366676926612854, 0.20856688916683197, 0.06575290113687515, 0.04554804414510727, 0.029657991603016853]"
blur-light,inpainted,313,85,274,0,0.1140035092830658,"[274, 350, 79, 186, 277]","[0.1140035092830658, 0.05017046630382538, 0.02875065617263317, 0.022067176178097725, 0.019714700058102608]"
blur-light,inpainted,314,203,996,0,0.11629077047109604,"[996, 738, 382, 277, 135]","[0.11629077047109604, 0.04816826432943344, 0.037397351115942, 0.03045673854649067, 0.02544540911912918]"
blur-light,inpainted,315,79,305,0,0.10014652460813522,"[305, 52, 953, 114, 133]","[0.10014652460813522, 0.07543109357357025, 0.0729832574725151, 0.055513303726911545, 0.03504079952836037]"
blur-light,inpainted,316,71,410,0,0.05076945573091507,"[410, 114, 328, 310, 79]","[0.05076945573091507, 0.04550747200846672, 0.03518097847700119, 0.03512291610240936, 0.02243795059621334]"
blur-light,inpainted,317,298,133,0,0.11331833153963089,"[133, 363, 82, 54, 135]","[0.11331833153963089, 0.11313163489103317, 0.07280751317739487, 0.0605476088821888, 0.053237758576869965]"
blur-light,inpainted,318,336,81,0,0.6196770668029785,"[81, 336, 50, 82, 278]","[0.6196770668029785, 0.22993327677249908, 0.01710914447903633, 0.013472671620547771, 0.01166711188852787]"
blur-light,inpainted,319,425,912,0,0.23407351970672607,"[912, 974, 703, 283, 975]","[0.23407351970672607, 0.20102569460868835, 0.04525604099035263, 0.031732093542814255, 0.025651130825281143]"
blur-light,inpainted,320,137,127,0,0.09578266739845276,"[127, 39, 143, 81, 135]","[0.09578266739845276, 0.08616618812084198, 0.060412660241127014, 0.0427018404006958, 0.03576727956533432]"
blur-light,inpainted,321,372,276,0,0.09936405718326569,"[276, 293, 343, 272, 138]","[0.09936405718326569, 0.08782610297203064, 0.05106547474861145, 0.04772951081395149, 0.046972908079624176]"
blur-light,inpainted,322,958,904,0,0.0833146870136261,"[904, 106, 293, 671, 649]","[0.0833146870136261, 0.0776020810008049, 0.03879180923104286, 0.036490168422460556, 0.033654697239398956]"
blur-light,inpainted,323,232,979,0,0.46587660908699036,"[979, 825, 209, 621, 975]","[0.46587660908699036, 0.050804704427719116, 0.02139509841799736, 0.021283220499753952, 0.01863900013267994]"
blur-light,inpainted,324,279,272,0,0.21244120597839355,"[272, 269, 912, 288, 331]","[0.21244120597839355, 0.09235434234142303, 0.07913985103368759, 0.06882113963365555, 0.04556749388575554]"
blur-light,inpainted,325,146,979,0,0.2693566679954529,"[979, 649, 646, 972, 980]","[0.2693566679954529, 0.09761948883533478, 0.07738209515810013, 0.0674537718296051, 0.05085325613617897]"
blur-light,inpainted,326,352,272,0,0.42184174060821533,"[272, 349, 289, 329, 279]","[0.42184174060821533, 0.04275726526975632, 0.03467899560928345, 0.034447796642780304, 0.029612401500344276]"
blur-light,inpainted,327,958,979,0,0.6149610280990601,"[979, 958, 980, 970, 888]","[0.6149610280990601, 0.18079440295696259, 0.07239066809415817, 0.05180143564939499, 0.012772119604051113]"
blur-light,inpainted,328,958,958,1,0.5753250122070312,"[958, 425, 853, 646, 975]","[0.5753250122070312, 0.1955912709236145, 0.03390149027109146, 0.02444281242787838, 0.017787883058190346]"
blur-light,inpainted,329,275,295,0,0.14089959859848022,"[295, 84, 336, 331, 979]","[0.14089959859848022, 0.05397111549973488, 0.05187041312456131, 0.04523298889398575, 0.04419603571295738]"
blur-light,inpainted,330,888,979,0,0.345157653093338,"[979, 888, 663, 970, 825]","[0.345157653093338, 0.29802870750427246, 0.07804428786039352, 0.043951816856861115, 0.037183359265327454]"
blur-light,inpainted,331,352,351,0,0.5810490846633911,"[351, 352, 353, 343, 275]","[0.5810490846633911, 0.18136928975582123, 0.090643972158432, 0.027593616396188736, 0.012476787902414799]"
blur-light,inpainted,332,85,331,0,0.10267479717731476,"[331, 18, 15, 86, 17]","[0.10267479717731476, 0.07299049198627472, 0.057355042546987534, 0.037770792841911316, 0.034090764820575714]"
blur-light,inpainted,333,9,295,0,0.09967975318431854,"[295, 276, 372, 336, 272]","[0.09967975318431854, 0.04758160933852196, 0.044352080672979355, 0.04349477216601372, 0.043052006512880325]"
blur-light,inpainted,334,199,815,0,0.06169136241078377,"[815, 133, 331, 293, 912]","[0.06169136241078377, 0.0551929846405983, 0.05436510592699051, 0.04565096274018288, 0.04140163213014603]"
blur-light,inpainted,335,522,346,0,0.09740684926509857,"[346, 958, 912, 730, 984]","[0.09740684926509857, 0.09310995042324066, 0.09275773912668228, 0.09097509831190109, 0.06889555603265762]"
blur-light,inpainted,336,340,984,0,0.23066243529319763,"[984, 975, 660, 807, 733]","[0.23066243529319763, 0.20812498033046722, 0.054300568997859955, 0.04485514760017395, 0.04106659069657326]"
blur-light,inpainted,337,9,958,0,0.17965790629386902,"[958, 353, 343, 346, 912]","[0.17965790629386902, 0.08725252747535706, 0.06843097507953644, 0.04056168347597122, 0.040520161390304565]"
blur-light,inpainted,338,386,958,0,0.4301934540271759,"[958, 912, 708, 386, 425]","[0.4301934540271759, 0.1185612827539444, 0.06269538402557373, 0.033949948847293854, 0.03328583762049675]"
blur-light,inpainted,339,274,646,0,0.14623357355594635,"[646, 84, 611, 912, 741]","[0.14623357355594635, 0.07084741443395615, 0.051690343767404556, 0.042147088795900345, 0.039228614419698715]"
blur-light,inpainted,340,274,815,0,0.1516447365283966,"[815, 295, 293, 18, 84]","[0.1516447365283966, 0.06415827572345734, 0.05278511717915535, 0.04664719104766846, 0.04251112788915634]"
blur-light,inpainted,341,254,89,0,0.35055431723594666,"[89, 912, 131, 395, 391]","[0.35055431723594666, 0.08605003356933594, 0.031203247606754303, 0.02787499874830246, 0.023426305502653122]"
blur-light,inpainted,342,185,106,0,0.07687228173017502,"[106, 646, 825, 979, 912]","[0.07687228173017502, 0.07648453861474991, 0.07105758786201477, 0.06747100502252579, 0.06412474811077118]"
blur-light,inpainted,343,169,336,0,0.16029146313667297,"[336, 106, 342, 329, 275]","[0.16029146313667297, 0.08477909117937088, 0.06789602339267731, 0.05547216907143593, 0.044426724314689636]"
blur-light,inpainted,344,193,646,0,0.10282113403081894,"[646, 858, 109, 65, 716]","[0.10282113403081894, 0.07701586186885834, 0.07146044820547104, 0.04604499414563179, 0.03049163892865181]"
blur-light,inpainted,345,355,109,0,0.4767136573791504,"[109, 888, 66, 533, 646]","[0.4767136573791504, 0.11358015239238739, 0.0566972941160202, 0.04285858944058418, 0.029355403035879135]"
blur-light,inpainted,346,83,81,0,0.18549537658691406,"[81, 83, 138, 135, 133]","[0.18549537658691406, 0.1316467523574829, 0.10314925014972687, 0.09785673767328262, 0.0960475280880928]"
blur-light,inpainted,347,355,958,0,0.10568559169769287,"[958, 701, 755, 975, 346]","[0.10568559169769287, 0.08579396456480026, 0.07244300842285156, 0.06579061597585678, 0.04921581223607063]"
blur-light,inpainted,348,172,410,0,0.33778977394104004,"[410, 853, 904, 425, 912]","[0.33778977394104004, 0.13724035024642944, 0.04537495598196983, 0.03761667385697365, 0.02818138152360916]"
blur-light,inpainted,349,958,646,0,0.15043476223945618,"[646, 958, 340, 159, 352]","[0.15043476223945618, 0.06332621723413467, 0.06277474015951157, 0.034450579434633255, 0.033381298184394836]"
blur-light,inpainted,350,425,958,0,0.18414530158042908,"[958, 975, 977, 425, 888]","[0.18414530158042908, 0.10952542722225189, 0.09179319441318512, 0.08702623844146729, 0.07030085474252701]"
blur-light,inpainted,351,958,958,1,0.42587965726852417,"[958, 853, 474, 972, 69]","[0.42587965726852417, 0.1253478229045868, 0.09831825643777847, 0.07501603662967682, 0.04394712299108505]"
blur-light,inpainted,352,425,9,0,0.4025985896587372,"[9, 334, 425, 347, 256]","[0.4025985896587372, 0.21759116649627686, 0.1976977288722992, 0.02287393808364868, 0.020687516778707504]"
blur-light,inpainted,353,681,646,0,0.9757645726203918,"[646, 958, 533, 730, 621]","[0.9757645726203918, 0.0035392632707953453, 0.0018104600021615624, 0.001676492509432137, 0.0012978579616174102]"
blur-light,inpainted,354,755,101,0,0.15260842442512512,"[101, 425, 386, 385, 562]","[0.15260842442512512, 0.1327201873064041, 0.10663268715143204, 0.08839064836502075, 0.039914485067129135]"
blur-light,inpainted,355,251,646,0,0.3654763698577881,"[646, 703, 425, 912, 958]","[0.3654763698577881, 0.1565195769071579, 0.13189348578453064, 0.11948537826538086, 0.062427982687950134]"
blur-light,inpainted,356,209,984,0,0.3349214196205139,"[984, 425, 975, 912, 958]","[0.3349214196205139, 0.19209986925125122, 0.07139264792203903, 0.04187118634581566, 0.027778025716543198]"
blur-light,inpainted,357,872,342,0,0.05844436213374138,"[342, 102, 197, 340, 345]","[0.05844436213374138, 0.04938109591603279, 0.04823904484510422, 0.03473317250609398, 0.034395601600408554]"
blur-light,inpainted,358,177,716,0,0.48818132281303406,"[716, 912, 425, 703, 93]","[0.48818132281303406, 0.32492855191230774, 0.048818059265613556, 0.04765045642852783, 0.00551336444914341]"
blur-light,inpainted,359,172,343,0,0.08932572603225708,"[343, 138, 276, 353, 958]","[0.08932572603225708, 0.06729789078235626, 0.040306344628334045, 0.03407233580946922, 0.029155690222978592]"
blur-light,inpainted,360,425,984,0,0.21127811074256897,"[984, 912, 425, 340, 975]","[0.21127811074256897, 0.19394774734973907, 0.0882442370057106, 0.06344566494226456, 0.045620206743478775]"
blur-light,inpainted,361,191,646,0,0.14186443388462067,"[646, 825, 912, 979, 340]","[0.14186443388462067, 0.13726192712783813, 0.10915530472993851, 0.10399940609931946, 0.026821516454219818]"
blur-light,inpainted,362,23,84,0,0.2617579996585846,"[84, 48, 275, 102, 106]","[0.2617579996585846, 0.07815078645944595, 0.04967012256383896, 0.04312464967370033, 0.036222830414772034]"
blur-light,inpainted,363,353,106,0,0.12778253853321075,"[106, 336, 979, 236, 361]","[0.12778253853321075, 0.040162891149520874, 0.03387224301695824, 0.024797916412353516, 0.0243583545088768]"
blur-light,inpainted,364,209,958,0,0.1477355808019638,"[958, 970, 701, 417, 979]","[0.1477355808019638, 0.13477300107479095, 0.10634543001651764, 0.09130936861038208, 0.0665079653263092]"
blur-light,inpainted,365,352,209,0,0.07911420613527298,"[209, 106, 273, 49, 233]","[0.07911420613527298, 0.07522021979093552, 0.05514960736036301, 0.034027162939310074, 0.031223054975271225]"
blur-light,inpainted,366,690,958,0,0.6138620376586914,"[958, 984, 0, 595, 425]","[0.6138620376586914, 0.15740281343460083, 0.02035409025847912, 0.018496042117476463, 0.01684851571917534]"
blur-light,inpainted,367,348,958,0,0.7853835821151733,"[958, 646, 912, 730, 977]","[0.7853835821151733, 0.12015669792890549, 0.04310852289199829, 0.005955858156085014, 0.005664398428052664]"
blur-light,inpainted,368,336,81,0,0.2995131015777588,"[81, 141, 80, 86, 85]","[0.2995131015777588, 0.15422965586185455, 0.06457847356796265, 0.05099348723888397, 0.04215756803750992]"
blur-light,inpainted,369,574,984,0,0.40132996439933777,"[984, 958, 574, 975, 912]","[0.40132996439933777, 0.27513357996940613, 0.07095050066709518, 0.02835654281079769, 0.025291452184319496]"
blur-light,inpainted,370,172,958,0,0.07798708975315094,"[958, 646, 912, 177, 649]","[0.07798708975315094, 0.07328706979751587, 0.05803586170077324, 0.04817110672593117, 0.02760770544409752]"
blur-light,inpainted,371,428,976,0,0.492857962846756,"[976, 979, 972, 649, 825]","[0.492857962846756, 0.11451812833547592, 0.10838750004768372, 0.05890723690390587, 0.048798758536577225]"
blur-light,inpainted,372,277,134,0,0.08011690527200699,"[134, 331, 135, 82, 293]","[0.08011690527200699, 0.06350468844175339, 0.06223934888839722, 0.061340536922216415, 0.047392066568136215]"
blur-light,inpainted,373,209,330,0,0.1651330143213272,"[330, 825, 272, 331, 293]","[0.1651330143213272, 0.12522275745868683, 0.06856787204742432, 0.06154607981443405, 0.05597563087940216]"
blur-light,inpainted,374,575,646,0,0.4904727339744568,"[646, 974, 825, 977, 975]","[0.4904727339744568, 0.10185521095991135, 0.04731054976582527, 0.03564012050628662, 0.027097804471850395]"
blur-light,inpainted,375,958,958,1,0.7519576549530029,"[958, 984, 977, 425, 489]","[0.7519576549530029, 0.06131463497877121, 0.02389269694685936, 0.01868424005806446, 0.010832712985575199]"
blur-light,inpainted,376,340,293,0,0.09372752904891968,"[293, 276, 646, 274, 976]","[0.09372752904891968, 0.0871528759598732, 0.07541115581989288, 0.057731304317712784, 0.04642699658870697]"
blur-light,inpainted,377,191,958,0,0.3899824023246765,"[958, 425, 178, 343, 106]","[0.3899824023246765, 0.0630311518907547, 0.03586212918162346, 0.02562050148844719, 0.02319127880036831]"
blur-light,inpainted,378,232,738,0,0.3123110830783844,"[738, 984, 975, 863, 494]","[0.3123110830783844, 0.11294719576835632, 0.08635920286178589, 0.030779551714658737, 0.02930072695016861]"
blur-light,inpainted,379,352,958,0,0.07398167252540588,"[958, 885, 353, 276, 138]","[0.07398167252540588, 0.06894905865192413, 0.05928120017051697, 0.04433489218354225, 0.03464487940073013]"
blur-light,inpainted,380,373,269,0,0.11097084730863571,"[269, 352, 84, 331, 272]","[0.11097084730863571, 0.07169833779335022, 0.06230774521827698, 0.06101927161216736, 0.047084640711545944]"
blur-light,inpainted,381,353,353,1,0.15690837800502777,"[353, 977, 972, 979, 976]","[0.15690837800502777, 0.12552393972873688, 0.06435638666152954, 0.049630437046289444, 0.04914179444313049]"
blur-light,inpainted,382,888,979,0,0.14548179507255554,"[979, 646, 483, 888, 565]","[0.14548179507255554, 0.0905834287405014, 0.05017121508717537, 0.04659577086567879, 0.04400770366191864]"
blur-light,inpainted,383,286,276,0,0.16285470128059387,"[276, 350, 9, 334, 375]","[0.16285470128059387, 0.14102034270763397, 0.13567523658275604, 0.08635327219963074, 0.04236545041203499]"
blur-light,inpainted,384,299,349,0,0.11855492740869522,"[349, 348, 350, 48, 49]","[0.11855492740869522, 0.1159219741821289, 0.08358438313007355, 0.07087559998035431, 0.0658632144331932]"
blur-light,inpainted,385,350,81,0,0.35743099451065063,"[81, 336, 825, 84, 979]","[0.35743099451065063, 0.31172120571136475, 0.021418511867523193, 0.018801981583237648, 0.018492979928851128]"
blur-light,inpainted,386,143,140,0,0.2908021807670593,"[140, 143, 141, 360, 139]","[0.2908021807670593, 0.21682898700237274, 0.1796119064092636, 0.09159000962972641, 0.06628695875406265]"
blur-light,inpainted,387,336,336,1,0.48209935426712036,"[336, 48, 329, 825, 81]","[0.48209935426712036, 0.1262146532535553, 0.12340231239795685, 0.06008283048868179, 0.02383970469236374]"
blur-light,inpainted,388,353,84,0,0.18806779384613037,"[84, 292, 912, 716, 975]","[0.18806779384613037, 0.06527046114206314, 0.05726560577750206, 0.045645374804735184, 0.04453619197010994]"
blur-light,inpainted,389,305,944,0,0.14356477558612823,"[944, 825, 956, 911, 68]","[0.14356477558612823, 0.13859310746192932, 0.09807518124580383, 0.06784909218549728, 0.04000520333647728]"
blur-light,inpainted,390,349,39,0,0.15258312225341797,"[39, 49, 50, 24, 334]","[0.15258312225341797, 0.12934046983718872, 0.11428394913673401, 0.03967566788196564, 0.039189424365758896]"
blur-light,inpainted,391,11,825,0,0.423260897397995,"[825, 58, 336, 119, 36]","[0.423260897397995, 0.10192274302244186, 0.05478904768824577, 0.04746076092123985, 0.040749676525592804]"
blur-light,inpainted,392,26,114,0,0.22716620564460754,"[114, 988, 952, 357, 113]","[0.22716620564460754, 0.22539879381656647, 0.0867702066898346, 0.07339469343423843, 0.04601041227579117]"
blur-light,inpainted,393,336,81,0,0.21960994601249695,"[81, 42, 318, 44, 326]","[0.21960994601249695, 0.18535034358501434, 0.06432992219924927, 0.0468367375433445, 0.04662371426820755]"
blur-light,inpainted,394,79,44,0,0.26116394996643066,"[44, 825, 996, 39, 944]","[0.26116394996643066, 0.1190156415104866, 0.09230082482099533, 0.07836532592773438, 0.03749421238899231]"
blur-light,inpainted,395,63,112,0,0.1505182981491089,"[112, 853, 202, 191, 997]","[0.1505182981491089, 0.13368619978427887, 0.12081192433834076, 0.051506128162145615, 0.050015900284051895]"
blur-light,inpainted,396,349,349,1,0.33955779671669006,"[349, 350, 336, 348, 397]","[0.33955779671669006, 0.12733198702335358, 0.06840197741985321, 0.05715302377939224, 0.03402312099933624]"
blur-light,inpainted,397,17,825,0,0.21885451674461365,"[825, 336, 49, 50, 343]","[0.21885451674461365, 0.15659543871879578, 0.052646294236183167, 0.03664468228816986, 0.035291023552417755]"
blur-light,inpainted,398,354,334,0,0.15509280562400818,"[334, 295, 82, 489, 102]","[0.15509280562400818, 0.05926382169127464, 0.05238889530301094, 0.04326407611370087, 0.04051924869418144]"
blur-light,inpainted,399,172,336,0,0.38373830914497375,"[336, 298, 49, 48, 129]","[0.38373830914497375, 0.041405532509088516, 0.03143249452114105, 0.020637745037674904, 0.018901055678725243]"
blur-light,inpainted,400,390,109,0,0.49158212542533875,"[109, 539, 973, 911, 500]","[0.49158212542533875, 0.0458233505487442, 0.04065911844372749, 0.026623789221048355, 0.022731391713023186]"
blur-light,inpainted,401,42,329,0,0.17295268177986145,"[329, 336, 116, 125, 109]","[0.17295268177986145, 0.12048828601837158, 0.10732897371053696, 0.0701506957411766, 0.05566953867673874]"
blur-light,inpainted,402,251,298,0,0.07329104095697403,"[298, 330, 85, 350, 336]","[0.07329104095697403, 0.06622913479804993, 0.052313774824142456, 0.04260459914803505, 0.039307478815317154]"
blur-light,inpainted,403,13,997,0,0.40194591879844666,"[997, 41, 995, 35, 82]","[0.40194591879844666, 0.06574646383523941, 0.05975908413529396, 0.04391026124358177, 0.03882846608757973]"
blur-light,inpainted,404,139,42,0,0.2693101763725281,"[42, 81, 20, 336, 44]","[0.2693101763725281, 0.21083615720272064, 0.12450038641691208, 0.061807092279195786, 0.04832468554377556]"
blur-light,inpainted,405,336,825,0,0.5272297263145447,"[825, 49, 336, 13, 81]","[0.5272297263145447, 0.07918064296245575, 0.06497866660356522, 0.05165080726146698, 0.03626381605863571]"
blur-light,inpainted,406,277,124,0,0.12548431754112244,"[124, 989, 825, 20, 979]","[0.12548431754112244, 0.07209264487028122, 0.06042155623435974, 0.059185970574617386, 0.04072694480419159]"
blur-light,inpainted,407,375,357,0,0.12840795516967773,"[357, 136, 14, 50, 608]","[0.12840795516967773, 0.09164579957723618, 0.06495320051908493, 0.044783592224121094, 0.041460778564214706]"
blur-light,inpainted,408,26,24,0,0.4479210078716278,"[24, 326, 20, 94, 47]","[0.4479210078716278, 0.12074051052331924, 0.09411049634218216, 0.0642639547586441, 0.029963966459035873]"
blur-light,inpainted,409,295,815,0,0.11137107014656067,"[815, 835, 383, 336, 853]","[0.11137107014656067, 0.10627010464668274, 0.08939909934997559, 0.041143763810396194, 0.03337660804390907]"
blur-light,inpainted,410,674,48,0,0.21828952431678772,"[48, 458, 39, 695, 835]","[0.21828952431678772, 0.14215266704559326, 0.10702355206012726, 0.08755257725715637, 0.08469684422016144]"
blur-light,inpainted,411,57,825,0,0.3792440891265869,"[825, 350, 349, 299, 354]","[0.3792440891265869, 0.2205425351858139, 0.18911990523338318, 0.03720488026738167, 0.01811465062201023]"
blur-light,inpainted,412,59,825,0,0.12107422202825546,"[825, 286, 944, 305, 996]","[0.12107422202825546, 0.11232659220695496, 0.10998237133026123, 0.062045831233263016, 0.05587408319115639]"
blur-light,inpainted,413,357,825,0,0.1871148645877838,"[825, 336, 81, 972, 649]","[0.1871148645877838, 0.14128926396369934, 0.1230819970369339, 0.08980687707662582, 0.0775589868426323]"
blur-light,inpainted,414,336,336,1,0.8226728439331055,"[336, 298, 294, 356, 296]","[0.8226728439331055, 0.08351950347423553, 0.03832292556762695, 0.013222948648035526, 0.011275121942162514]"
blur-light,inpainted,415,86,36,0,0.3578360974788666,"[36, 20, 35, 336, 649]","[0.3578360974788666, 0.13747727870941162, 0.08438906073570251, 0.05940423160791397, 0.04925183206796646]"
blur-light,inpainted,416,62,976,0,0.13864082098007202,"[976, 972, 979, 970, 437]","[0.13864082098007202, 0.12944626808166504, 0.09391111880540848, 0.0855044350028038, 0.08236978203058243]"
blur-light,inpainted,417,677,45,0,0.2043025642633438,"[45, 328, 825, 305, 65]","[0.2043025642633438, 0.17328156530857086, 0.07337119430303574, 0.07035906612873077, 0.05083398520946503]"
blur-light,inpainted,418,387,50,0,0.2117912620306015,"[50, 62, 48, 61, 49]","[0.2117912620306015, 0.14964208006858826, 0.12888528406620026, 0.07326384633779526, 0.04288114607334137]"
blur-light,inpainted,419,85,9,0,0.7043887376785278,"[9, 355, 958, 730, 888]","[0.7043887376785278, 0.045074447989463806, 0.02039530873298645, 0.0180613175034523, 0.015254968777298927]"
blur-light,inpainted,420,544,302,0,0.27750876545906067,"[302, 766, 401, 753, 811]","[0.27750876545906067, 0.19973382353782654, 0.02535174787044525, 0.02504378743469715, 0.02250419743359089]"
blur-light,inpainted,421,77,45,0,0.10881494730710983,"[45, 824, 533, 599, 109]","[0.10881494730710983, 0.09683223813772202, 0.07389117032289505, 0.06018824502825737, 0.04676438495516777]"
blur-light,inpainted,422,357,81,0,0.266223281621933,"[81, 133, 336, 525, 49]","[0.266223281621933, 0.20964470505714417, 0.06804992258548737, 0.06468035280704498, 0.055445730686187744]"
blur-light,inpainted,423,383,42,0,0.17543122172355652,"[42, 48, 39, 825, 38]","[0.17543122172355652, 0.132412850856781, 0.06733023375272751, 0.038196444511413574, 0.025813918560743332]"
blur-light,inpainted,424,277,106,0,0.1769380271434784,"[106, 342, 649, 360, 276]","[0.1769380271434784, 0.09370091557502747, 0.08198977261781693, 0.07180318236351013, 0.06079189106822014]"
blur-light,inpainted,425,803,792,0,0.1949644237756729,"[792, 8, 128, 144, 458]","[0.1949644237756729, 0.10777148604393005, 0.05683167651295662, 0.036071669310331345, 0.034650638699531555]"
blur-light,inpainted,426,792,410,0,0.21181586384773254,"[410, 716, 802, 803, 50]","[0.21181586384773254, 0.11106271296739578, 0.10856426507234573, 0.07442460209131241, 0.03781220316886902]"
blur-light,inpainted,427,795,795,1,0.25992220640182495,"[795, 835, 514, 977, 733]","[0.25992220640182495, 0.06733300536870956, 0.06593960523605347, 0.039011742919683456, 0.028308365494012833]"
blur-light,inpainted,428,83,803,0,0.1324290633201599,"[803, 795, 279, 257, 258]","[0.1324290633201599, 0.11713313311338425, 0.10687187314033508, 0.10527239739894867, 0.03543248772621155]"
blur-light,inpainted,429,24,802,0,0.16274480521678925,"[802, 977, 525, 537, 975]","[0.16274480521678925, 0.14462363719940186, 0.13301098346710205, 0.05300234630703926, 0.052679382264614105]"
blur-light,inpainted,430,802,977,0,0.370473176240921,"[977, 975, 718, 908, 460]","[0.370473176240921, 0.13539402186870575, 0.0923529863357544, 0.08941176533699036, 0.03747699409723282]"
blur-light,inpainted,431,491,825,0,0.0965903177857399,"[825, 288, 334, 843, 383]","[0.0965903177857399, 0.07682549953460693, 0.07024388760328293, 0.06175634264945984, 0.053838953375816345]"
blur-light,inpainted,432,277,977,0,0.3515910506248474,"[977, 978, 327, 344, 296]","[0.3515910506248474, 0.05360281839966774, 0.02792351506650448, 0.025218795984983444, 0.024616848677396774]"
blur-light,inpainted,433,802,147,0,0.09513244032859802,"[147, 142, 141, 49, 677]","[0.09513244032859802, 0.08460835367441177, 0.0793207436800003, 0.039278168231248856, 0.031141865998506546]"
blur-light,inpainted,434,802,802,1,0.11491679400205612,"[802, 706, 537, 672, 803]","[0.11491679400205612, 0.10676309466362, 0.0879812091588974, 0.0761403739452362, 0.06161626800894737]"
blur-light,inpainted,435,516,623,0,0.10015802830457687,"[623, 677, 55, 395, 313]","[0.10015802830457687, 0.06885772943496704, 0.058542121201753616, 0.04322764277458191, 0.038214657455682755]"
blur-light,inpainted,436,13,86,0,0.15355068445205688,"[86, 803, 350, 82, 51]","[0.15355068445205688, 0.10040357708930969, 0.07375963032245636, 0.04992102086544037, 0.03406199812889099]"
blur-light,inpainted,437,296,824,0,0.2497715950012207,"[824, 533, 795, 735, 458]","[0.2497715950012207, 0.07749710977077484, 0.047179751098155975, 0.03532462939620018, 0.02022465132176876]"
blur-light,inpainted,438,425,81,0,0.2634051442146301,"[81, 980, 279, 970, 405]","[0.2634051442146301, 0.2423708289861679, 0.14133389294147491, 0.08728288114070892, 0.03746993839740753]"
blur-light,inpainted,439,223,977,0,0.08792874962091446,"[977, 802, 222, 257, 258]","[0.08792874962091446, 0.08551318198442459, 0.0281133521348238, 0.026092322543263435, 0.02581763081252575]"
blur-light,inpainted,440,795,970,0,0.6642929911613464,"[970, 795, 978, 979, 49]","[0.6642929911613464, 0.076317697763443, 0.04722842574119568, 0.03057878650724888, 0.020772293210029602]"
blur-light,inpainted,441,13,597,0,0.051690615713596344,"[597, 355, 420, 652, 127]","[0.051690615713596344, 0.048417430371046066, 0.04739628732204437, 0.04586073011159897, 0.041380126029253006]"
blur-light,inpainted,442,227,802,0,0.3901570737361908,"[802, 537, 792, 347, 795]","[0.3901570737361908, 0.31392183899879456, 0.06759653985500336, 0.026135679334402084, 0.021302146837115288]"
blur-light,inpainted,443,867,975,0,0.29526329040527344,"[975, 460, 395, 525, 296]","[0.29526329040527344, 0.06156788021326065, 0.05738106369972229, 0.04411442577838898, 0.03243022784590721]"
blur-light,inpainted,444,232,980,0,0.14216271042823792,"[980, 81, 109, 973, 544]","[0.14216271042823792, 0.07704143226146698, 0.0572076290845871, 0.05470651760697365, 0.03929374739527702]"
blur-light,inpainted,445,795,803,0,0.4858502745628357,"[803, 466, 450, 150, 895]","[0.4858502745628357, 0.1037369966506958, 0.028898850083351135, 0.024685395881533623, 0.018413854762911797]"
blur-light,inpainted,446,81,257,0,0.1178545281291008,"[257, 279, 283, 552, 265]","[0.1178545281291008, 0.10528244078159332, 0.07519599050283432, 0.06335942447185516, 0.06308966130018234]"
blur-light,inpainted,447,238,209,0,0.10480869561433792,"[209, 537, 842, 433, 185]","[0.10480869561433792, 0.08253207057714462, 0.0644507110118866, 0.05150868743658066, 0.045158855617046356]"
blur-light,inpainted,448,296,81,0,0.3716975152492523,"[81, 701, 980, 616, 974]","[0.3716975152492523, 0.2637273967266083, 0.033806171268224716, 0.032582931220531464, 0.03016292303800583]"
blur-light,inpainted,449,172,13,0,0.15792161226272583,"[13, 961, 10, 68, 66]","[0.15792161226272583, 0.14708182215690613, 0.055330436676740646, 0.04797253757715225, 0.04654160887002945]"
blur-light,inpainted,450,178,6,0,0.19046826660633087,"[6, 81, 58, 65, 50]","[0.19046826660633087, 0.10253114998340607, 0.06631414592266083, 0.057803887873888016, 0.04543621838092804]"
blur-light,inpainted,451,803,970,0,0.40580296516418457,"[970, 755, 403, 562, 795]","[0.40580296516418457, 0.11123232543468475, 0.07416124641895294, 0.06039297580718994, 0.03604018688201904]"
blur-light,inpainted,452,331,979,0,0.5852519273757935,"[979, 131, 81, 970, 50]","[0.5852519273757935, 0.08050142973661423, 0.05624548718333244, 0.03899040445685387, 0.022128606215119362]"
blur-light,inpainted,453,292,142,0,0.11397647112607956,"[142, 272, 141, 128, 807]","[0.11397647112607956, 0.06270186603069305, 0.049156200140714645, 0.04296267405152321, 0.04121638834476471]"
blur-light,inpainted,454,787,915,0,0.26279735565185547,"[915, 825, 649, 706, 425]","[0.26279735565185547, 0.08675622195005417, 0.0450897291302681, 0.03886890783905983, 0.03369178622961044]"
blur-light,inpainted,455,231,50,0,0.11715111136436462,"[50, 978, 876, 81, 976]","[0.11715111136436462, 0.08998234570026398, 0.07756637036800385, 0.07691336423158646, 0.060169681906700134]"
blur-light,inpainted,456,81,591,0,0.32295700907707214,"[591, 81, 6, 822, 792]","[0.32295700907707214, 0.11342501640319824, 0.09034381061792374, 0.0343877412378788, 0.03299526497721672]"
blur-light,inpainted,457,803,706,0,0.08123911172151566,"[706, 332, 202, 839, 155]","[0.08123911172151566, 0.0700119286775589, 0.06877829134464264, 0.06592044979333878, 0.05892649665474892]"
blur-light,inpainted,458,792,537,0,0.1329803168773651,"[537, 706, 750, 258, 257]","[0.1329803168773651, 0.10762811452150345, 0.06608012318611145, 0.0635075494647026, 0.04413877800107002]"
blur-light,inpainted,459,654,340,0,0.5570214986801147,"[340, 716, 660, 79, 425]","[0.5570214986801147, 0.06813522428274155, 0.027573106810450554, 0.02652263641357422, 0.022242346778512]"
blur-light,inpainted,460,170,716,0,0.24179312586784363,"[716, 580, 386, 562, 703]","[0.24179312586784363, 0.13824033737182617, 0.048328518867492676, 0.044073037803173065, 0.03969705104827881]"
blur-light,inpainted,461,199,460,0,0.10921641439199448,"[460, 525, 147, 976, 975]","[0.10921641439199448, 0.09494925290346146, 0.07514292001724243, 0.06892668455839157, 0.0593278631567955]"
blur-light,inpainted,462,795,970,0,0.44325894117355347,"[970, 795, 978, 977, 147]","[0.44325894117355347, 0.1097247526049614, 0.05414757877588272, 0.050404664129018784, 0.04047294333577156]"
blur-light,inpainted,463,802,802,1,0.6369500756263733,"[802, 537, 34, 795, 803]","[0.6369500756263733, 0.08541663736104965, 0.046859923750162125, 0.046426400542259216, 0.03975849971175194]"
blur-light,inpainted,464,198,970,0,0.05234985053539276,"[970, 147, 329, 331, 792]","[0.05234985053539276, 0.041925977915525436, 0.03776997700333595, 0.0377253033220768, 0.03422551229596138]"
blur-light,inpainted,465,209,977,0,0.13453646004199982,"[977, 329, 13, 65, 792]","[0.13453646004199982, 0.07920536398887634, 0.0777168795466423, 0.02559814043343067, 0.024638675153255463]"
blur-light,inpainted,466,247,421,0,0.09423808008432388,"[421, 170, 460, 832, 209]","[0.09423808008432388, 0.05854400619864464, 0.04929192364215851, 0.04044933244585991, 0.03756304830312729]"
blur-light,inpainted,467,224,336,0,0.18852277100086212,"[336, 961, 938, 972, 125]","[0.18852277100086212, 0.15339529514312744, 0.06047811731696129, 0.040995918214321136, 0.03344089165329933]"
blur-light,inpainted,468,258,537,0,0.3108060657978058,"[537, 82, 272, 86, 277]","[0.3108060657978058, 0.08341484516859055, 0.07455327361822128, 0.053713358938694, 0.04373270645737648]"
blur-light,inpainted,469,13,81,0,0.3041095733642578,"[81, 310, 19, 125, 318]","[0.3041095733642578, 0.04745170846581459, 0.0386161170899868, 0.03749536722898483, 0.03077797219157219]"
blur-light,inpainted,470,339,537,0,0.3714122176170349,"[537, 970, 977, 795, 460]","[0.3714122176170349, 0.2759401202201843, 0.07674632966518402, 0.05539725720882416, 0.028999345377087593]"
blur-light,inpainted,471,888,347,0,0.1841539591550827,"[347, 958, 977, 979, 974]","[0.1841539591550827, 0.1679106205701828, 0.15192390978336334, 0.05056734010577202, 0.04594554752111435]"
blur-light,inpainted,472,258,77,0,0.2639217674732208,"[77, 537, 795, 310, 70]","[0.2639217674732208, 0.056987885385751724, 0.055952515453100204, 0.05022261291742325, 0.033321451395750046]"
blur-light,inpainted,473,792,296,0,0.5194759368896484,"[296, 980, 81, 2, 974]","[0.5194759368896484, 0.16414926946163177, 0.1540161520242691, 0.022992117330431938, 0.022948238998651505]"
blur-light,inpainted,474,792,544,0,0.2198440581560135,"[544, 435, 876, 562, 150]","[0.2198440581560135, 0.09295422583818436, 0.08472995460033417, 0.04398005083203316, 0.03820611536502838]"
blur-light,inpainted,475,346,832,0,0.1965564340353012,"[832, 975, 979, 853, 972]","[0.1965564340353012, 0.14778593182563782, 0.14028272032737732, 0.12848547101020813, 0.05892229452729225]"
blur-light,inpainted,476,671,976,0,0.4243544936180115,"[976, 972, 437, 908, 978]","[0.4243544936180115, 0.11323615908622742, 0.07659487426280975, 0.04581223428249359, 0.04107365757226944]"
blur-light,inpainted,477,724,979,0,0.4651757478713989,"[979, 975, 972, 825, 977]","[0.4651757478713989, 0.21811580657958984, 0.045670922845602036, 0.036656904965639114, 0.03592497110366821]"
blur-light,inpainted,478,394,975,0,0.6899611353874207,"[975, 693, 979, 288, 449]","[0.6899611353874207, 0.07292450964450836, 0.06652078032493591, 0.01981334574520588, 0.01963893696665764]"
blur-light,inpainted,479,672,970,0,0.4703803062438965,"[970, 976, 628, 972, 975]","[0.4703803062438965, 0.10092569887638092, 0.047736525535583496, 0.04772578552365303, 0.029369456693530083]"
blur-light,inpainted,480,289,69,0,0.11757101118564606,"[69, 389, 3, 980, 150]","[0.11757101118564606, 0.08782221376895905, 0.07041259109973907, 0.0548928901553154, 0.054260045289993286]"
blur-light,inpainted,481,818,979,0,0.5200316905975342,"[979, 970, 980, 976, 975]","[0.5200316905975342, 0.35688936710357666, 0.025756806135177612, 0.013568339869379997, 0.00967614445835352]"
blur-light,inpainted,482,853,976,0,0.3842184543609619,"[976, 979, 980, 970, 972]","[0.3842184543609619, 0.2224494218826294, 0.07878979295492172, 0.04603668302297592, 0.04571079835295677]"
blur-light,inpainted,483,239,975,0,0.23566722869873047,"[975, 979, 972, 562, 913]","[0.23566722869873047, 0.12340479344129562, 0.09191470593214035, 0.04809419810771942, 0.03879266232252121]"
blur-light,inpainted,484,425,970,0,0.8074235320091248,"[970, 980, 979, 976, 425]","[0.8074235320091248, 0.12952293455600739, 0.04561379551887512, 0.006722019053995609, 0.001570968423038721]"
blur-light,inpainted,485,355,649,0,0.6803213357925415,"[649, 101, 386, 372, 703]","[0.6803213357925415, 0.09025795012712479, 0.059856828302145004, 0.01736612059175968, 0.011618836782872677]"
blur-light,inpainted,486,863,50,0,0.16272611916065216,"[50, 22, 682, 101, 131]","[0.16272611916065216, 0.12432045489549637, 0.08243821561336517, 0.07378686219453812, 0.06473495811223984]"
blur-light,inpainted,487,349,853,0,0.19390538334846497,"[853, 706, 483, 939, 472]","[0.19390538334846497, 0.1270594596862793, 0.05008717626333237, 0.04788079112768173, 0.047207482159137726]"
blur-light,inpainted,488,703,912,0,0.2831203043460846,"[912, 975, 718, 525, 839]","[0.2831203043460846, 0.18378399312496185, 0.1184520572423935, 0.06431227177381516, 0.0554448738694191]"
blur-light,inpainted,489,425,970,0,0.7685188055038452,"[970, 979, 980, 977, 770]","[0.7685188055038452, 0.15641289949417114, 0.01943235658109188, 0.008398876525461674, 0.006276728119701147]"
blur-light,inpainted,490,795,970,0,0.5131255984306335,"[970, 980, 977, 975, 795]","[0.5131255984306335, 0.12096980214118958, 0.0819561555981636, 0.037162717431783676, 0.02730078436434269]"
blur-light,inpainted,491,690,977,0,0.4960983991622925,"[977, 718, 978, 912, 975]","[0.4960983991622925, 0.06078958883881569, 0.060706108808517456, 0.031803008168935776, 0.030801143497228622]"
blur-light,inpainted,492,672,979,0,0.6547563076019287,"[979, 970, 980, 145, 977]","[0.6547563076019287, 0.07277636975049973, 0.07260541617870331, 0.04592395946383476, 0.04060385003685951]"
blur-light,inpainted,493,671,979,0,0.2600304186344147,"[979, 976, 336, 970, 913]","[0.2600304186344147, 0.1585482656955719, 0.15495216846466064, 0.1068420335650444, 0.05333602428436279]"
blur-light,inpainted,494,81,980,0,0.766335129737854,"[980, 970, 979, 976, 853]","[0.766335129737854, 0.13041910529136658, 0.05992905795574188, 0.005581590346992016, 0.005530443042516708]"
blur-light,inpainted,495,733,646,0,0.3441515266895294,"[646, 825, 979, 958, 912]","[0.3441515266895294, 0.20311369001865387, 0.1465749442577362, 0.12081500142812729, 0.015676898881793022]"
blur-light,inpainted,496,672,980,0,0.33266687393188477,"[980, 979, 888, 976, 825]","[0.33266687393188477, 0.18540382385253906, 0.11469413340091705, 0.07289541512727737, 0.04079557582736015]"
blur-light,inpainted,497,795,970,0,0.381110280752182,"[970, 795, 802, 977, 672]","[0.381110280752182, 0.23209697008132935, 0.07380617409944534, 0.06368482112884521, 0.04819502681493759]"
blur-light,inpainted,498,663,975,0,0.35320600867271423,"[975, 979, 483, 449, 970]","[0.35320600867271423, 0.2119477540254593, 0.13047589361667633, 0.058339688926935196, 0.03851420432329178]"
blur-light,inpainted,499,705,525,0,0.5090814232826233,"[525, 975, 979, 839, 976]","[0.5090814232826233, 0.3294581472873688, 0.12597717344760895, 0.014865264296531677, 0.005125333089381456]"
blur-light,inpainted,500,675,44,0,0.1990734487771988,"[44, 99, 137, 40, 815]","[0.1990734487771988, 0.17500446736812592, 0.05962659418582916, 0.04444938153028488, 0.043356359004974365]"
blur-light,inpainted,501,404,980,0,0.3877373933792114,"[980, 425, 701, 958, 355]","[0.3877373933792114, 0.05867384374141693, 0.04928136244416237, 0.04040936753153801, 0.03906739503145218]"
blur-light,inpainted,502,609,646,0,0.4230974614620209,"[646, 825, 295, 49, 286]","[0.4230974614620209, 0.2533731758594513, 0.04611087962985039, 0.015710534527897835, 0.012640341185033321]"
blur-light,inpainted,503,672,970,0,0.35033339262008667,"[970, 980, 979, 978, 975]","[0.35033339262008667, 0.22550581395626068, 0.18765555322170258, 0.05601775273680687, 0.03424123302102089]"
blur-light,inpainted,504,915,979,0,0.1945478618144989,"[979, 980, 939, 672, 912]","[0.1945478618144989, 0.16321209073066711, 0.10192309319972992, 0.0973300188779831, 0.08730100840330124]"
blur-light,inpainted,505,336,979,0,0.7460397481918335,"[979, 970, 975, 976, 980]","[0.7460397481918335, 0.04591654613614082, 0.04504359886050224, 0.039200522005558014, 0.019561002030968666]"
blur-light,inpainted,506,515,48,0,0.4039580523967743,"[48, 646, 109, 973, 979]","[0.4039580523967743, 0.12817873060703278, 0.047984492033720016, 0.038190633058547974, 0.03465431556105614]"
blur-light,inpainted,507,425,425,1,0.4889049828052521,"[425, 483, 980, 979, 970]","[0.4889049828052521, 0.2018280029296875, 0.11469648778438568, 0.04445478320121765, 0.031297359615564346]"
blur-light,inpainted,508,404,978,0,0.3941064178943634,"[978, 977, 13, 320, 769]","[0.3941064178943634, 0.14299815893173218, 0.10584493726491928, 0.04070203751325607, 0.020383330062031746]"
blur-light,inpainted,509,724,975,0,0.3077468276023865,"[975, 724, 976, 628, 554]","[0.3077468276023865, 0.12923964858055115, 0.06880158931016922, 0.05547470599412918, 0.04840634763240814]"
blur-light,inpainted,510,718,49,0,0.7502874732017517,"[49, 979, 825, 50, 975]","[0.7502874732017517, 0.06830145418643951, 0.03993970900774002, 0.01723642274737358, 0.015878526493906975]"
blur-light,inpainted,511,671,970,0,0.08770295232534409,"[970, 460, 81, 980, 979]","[0.08770295232534409, 0.08402597904205322, 0.08213833719491959, 0.07833995670080185, 0.07056020945310593]"
blur-light,inpainted,512,147,460,0,0.5073818564414978,"[460, 147, 978, 975, 976]","[0.5073818564414978, 0.36323660612106323, 0.034378040581941605, 0.014023778028786182, 0.011362077668309212]"
blur-light,inpainted,513,484,147,0,0.7585440278053284,"[147, 979, 975, 976, 814]","[0.7585440278053284, 0.06317472457885742, 0.027822989970445633, 0.019513346254825592, 0.019463926553726196]"
blur-light,inpainted,514,449,460,0,0.3516714572906494,"[460, 975, 978, 425, 888]","[0.3516714572906494, 0.1507863849401474, 0.06801091134548187, 0.05387694761157036, 0.05271855741739273]"
blur-light,inpainted,515,842,460,0,0.332241415977478,"[460, 978, 976, 625, 977]","[0.332241415977478, 0.21321381628513336, 0.1702038198709488, 0.09353147447109222, 0.07435931265354156]"
blur-light,inpainted,516,708,976,0,0.6200324892997742,"[976, 978, 977, 975, 460]","[0.6200324892997742, 0.19280092418193817, 0.08061295747756958, 0.0351618193089962, 0.02080727368593216]"
blur-light,inpainted,517,393,393,1,0.2641632556915283,"[393, 971, 549, 443, 446]","[0.2641632556915283, 0.26164498925209045, 0.06823132187128067, 0.06500937789678574, 0.047449659556150436]"
blur-light,inpainted,518,862,821,0,0.12755902111530304,"[821, 540, 888, 510, 913]","[0.12755902111530304, 0.09622537344694138, 0.06848781555891037, 0.06643277406692505, 0.04664092883467674]"
blur-light,inpainted,519,625,147,0,0.5071349143981934,"[147, 814, 460, 554, 833]","[0.5071349143981934, 0.16146765649318695, 0.06922987848520279, 0.06165623664855957, 0.0237255971878767]"
blur-light,inpainted,520,977,977,1,0.8372041583061218,"[977, 978, 460, 975, 693]","[0.8372041583061218, 0.03948264196515083, 0.02954629622399807, 0.009688980877399445, 0.008329736068844795]"
blur-light,inpainted,521,536,975,0,0.3525194525718689,"[975, 251, 460, 791, 753]","[0.3525194525718689, 0.10209184885025024, 0.06909479945898056, 0.04776185750961304, 0.037698354572057724]"
blur-light,inpainted,522,472,978,0,0.5077332854270935,"[978, 977, 445, 625, 34]","[0.5077332854270935, 0.44225525856018066, 0.014175588265061378, 0.005667589604854584, 0.004596731625497341]"
blur-light,inpainted,523,437,780,0,0.24292312562465668,"[780, 510, 977, 833, 460]","[0.24292312562465668, 0.1214054599404335, 0.1021403893828392, 0.08776094764471054, 0.08718302100896835]"
blur-light,inpainted,524,393,393,1,0.9484371542930603,"[393, 108, 973, 396, 115]","[0.9484371542930603, 0.04796319082379341, 0.0013005348155274987, 0.00030790845630690455, 0.00028180269873701036]"
blur-light,inpainted,525,394,973,0,0.5541402101516724,"[973, 109, 646, 350, 349]","[0.5541402101516724, 0.30655837059020996, 0.012388328090310097, 0.011072012595832348, 0.008188559673726559]"
blur-light,inpainted,526,147,147,1,0.9502502679824829,"[147, 975, 814, 148, 833]","[0.9502502679824829, 0.009207076393067837, 0.006993314251303673, 0.004557185806334019, 0.002922779880464077]"
blur-light,inpainted,527,437,974,0,0.32147300243377686,"[974, 405, 975, 976, 978]","[0.32147300243377686, 0.10759958624839783, 0.032209765166044235, 0.02616255171597004, 0.025651803240180016]"
blur-light,inpainted,528,373,821,0,0.23235055804252625,"[821, 915, 718, 705, 975]","[0.23235055804252625, 0.22693979740142822, 0.11880803853273392, 0.047523461282253265, 0.04316657409071922]"
blur-light,inpainted,529,147,147,1,0.4888710081577301,"[147, 460, 148, 977, 976]","[0.4888710081577301, 0.07473836094141006, 0.07268338650465012, 0.05933331325650215, 0.05784003064036369]"
blur-light,inpainted,530,143,148,0,0.2166471779346466,"[148, 98, 147, 146, 137]","[0.2166471779346466, 0.21037209033966064, 0.12392238527536392, 0.054065804928541183, 0.027238808572292328]"
blur-light,inpainted,531,625,449,0,0.41333648562431335,"[449, 975, 718, 536, 525]","[0.41333648562431335, 0.11191724240779877, 0.10130783170461655, 0.09378506988286972, 0.080388642847538]"
blur-light,inpainted,532,833,975,0,0.3818925619125366,"[975, 814, 976, 978, 833]","[0.3818925619125366, 0.2018529325723648, 0.10414844751358032, 0.045485720038414, 0.0405387207865715]"
blur-light,inpainted,533,403,510,0,0.3051855266094208,"[510, 755, 975, 460, 554]","[0.3051855266094208, 0.1222478598356247, 0.12191511690616608, 0.09251737594604492, 0.09172004461288452]"
blur-light,inpainted,534,914,977,0,0.23483406007289886,"[977, 975, 525, 472, 733]","[0.23483406007289886, 0.14145992696285248, 0.06084156408905983, 0.05851316079497337, 0.05379023030400276]"
blur-light,inpainted,535,484,977,0,0.7535263299942017,"[977, 978, 908, 460, 975]","[0.7535263299942017, 0.14681334793567657, 0.04140223190188408, 0.018430056050419807, 0.003998926375061274]"
blur-light,inpainted,536,148,147,0,0.5064574480056763,"[147, 977, 148, 975, 460]","[0.5064574480056763, 0.301969975233078, 0.05989721044898033, 0.02443677745759487, 0.022285467013716698]"
blur-light,inpainted,537,554,525,0,0.23593281209468842,"[525, 975, 977, 199, 539]","[0.23593281209468842, 0.16079050302505493, 0.1330750584602356, 0.06733234971761703, 0.03510669618844986]"
blur-light,inpainted,538,814,977,0,0.25968649983406067,"[977, 483, 525, 975, 978]","[0.25968649983406067, 0.15000119805335999, 0.08952334523200989, 0.05762377381324768, 0.048340436071157455]"
blur-light,inpainted,539,983,973,0,0.3652642071247101,"[973, 33, 329, 107, 109]","[0.3652642071247101, 0.24340613186359406, 0.1080586314201355, 0.05171770974993706, 0.025217076763510704]"
blur-light,inpainted,540,267,958,0,0.3115537762641907,"[958, 147, 148, 913, 437]","[0.3115537762641907, 0.06681781262159348, 0.06034862622618675, 0.04426777735352516, 0.0437956266105175]"
blur-light,inpainted,541,625,147,0,0.3613260090351105,"[147, 976, 460, 913, 403]","[0.3613260090351105, 0.22223444283008575, 0.0943259447813034, 0.08206489682197571, 0.0530409961938858]"
blur-light,inpainted,542,554,628,0,0.24999326467514038,"[628, 847, 403, 833, 625]","[0.24999326467514038, 0.17041946947574615, 0.06311393529176712, 0.06119569018483162, 0.05782823637127876]"
blur-light,inpainted,543,554,977,0,0.3202025592327118,"[977, 980, 975, 972, 460]","[0.3202025592327118, 0.1600887030363083, 0.12158306688070297, 0.09547069668769836, 0.07777769863605499]"
blur-light,inpainted,544,554,718,0,0.33370906114578247,"[718, 867, 839, 460, 833]","[0.33370906114578247, 0.12475637346506119, 0.11246543377637863, 0.07043425738811493, 0.0638718381524086]"
blur-light,inpainted,545,625,716,0,0.5717180371284485,"[716, 698, 498, 912, 668]","[0.5717180371284485, 0.13693611323833466, 0.03192213177680969, 0.028005583211779594, 0.027160489931702614]"
blur-light,inpainted,546,437,978,0,0.2347087264060974,"[978, 536, 975, 472, 425]","[0.2347087264060974, 0.22935502231121063, 0.18595625460147858, 0.08868519961833954, 0.08454624563455582]"
blur-light,inpainted,547,146,147,0,0.2679213583469391,"[147, 2, 146, 395, 20]","[0.2679213583469391, 0.09598545730113983, 0.06144873797893524, 0.055749014019966125, 0.03842134028673172]"
blur-light,inpainted,548,625,833,0,0.47351300716400146,"[833, 525, 460, 536, 753]","[0.47351300716400146, 0.35152575373649597, 0.06891686469316483, 0.05731997266411781, 0.005641228519380093]"
blur-light,inpainted,549,148,147,0,0.40081310272216797,"[147, 148, 814, 49, 50]","[0.40081310272216797, 0.12187059223651886, 0.06661826372146606, 0.0337727926671505, 0.02108907140791416]"
blur-light,inpainted,550,914,460,0,0.35022321343421936,"[460, 833, 147, 975, 913]","[0.35022321343421936, 0.15937229990959167, 0.0792231336236, 0.059551484882831573, 0.05165181681513786]"
blur-light,inpainted,551,484,147,0,0.35860368609428406,"[147, 977, 460, 978, 975]","[0.35860368609428406, 0.24456048011779785, 0.08763649314641953, 0.08164358884096146, 0.07154107093811035]"
blur-light,inpainted,552,484,814,0,0.39228343963623047,"[814, 147, 460, 978, 2]","[0.39228343963623047, 0.16116024553775787, 0.14265456795692444, 0.07399099320173264, 0.04923338070511818]"
blur-light,inpainted,553,115,110,0,0.1644657701253891,"[110, 115, 126, 329, 78]","[0.1644657701253891, 0.08740435540676117, 0.07119205594062805, 0.06792895495891571, 0.06103489547967911]"
blur-light,inpainted,554,775,814,0,0.1679987907409668,"[814, 979, 65, 395, 977]","[0.1679987907409668, 0.10154969990253448, 0.08016841113567352, 0.06924553215503693, 0.060850296169519424]"
blur-light,inpainted,555,115,115,1,0.260616660118103,"[115, 329, 110, 500, 328]","[0.260616660118103, 0.22302888333797455, 0.2198466658592224, 0.08491256833076477, 0.06238625571131706]"
blur-light,inpainted,556,484,977,0,0.45030105113983154,"[977, 913, 833, 460, 814]","[0.45030105113983154, 0.12036111950874329, 0.09439066052436829, 0.09197216480970383, 0.049184150993824005]"
blur-light,inpainted,557,4,148,0,0.7441310286521912,"[148, 6, 33, 4, 5]","[0.7441310286521912, 0.04224369674921036, 0.029802193865180016, 0.023425251245498657, 0.02266809716820717]"
blur-light,inpainted,558,983,973,0,0.1829216331243515,"[973, 970, 147, 979, 350]","[0.1829216331243515, 0.07522232085466385, 0.07117737084627151, 0.0638345330953598, 0.04293084889650345]"
blur-light,inpainted,559,842,977,0,0.46368885040283203,"[977, 979, 980, 978, 908]","[0.46368885040283203, 0.1477818638086319, 0.0704459547996521, 0.0592309907078743, 0.03509055823087692]"
blur-light,inpainted,560,115,962,0,0.28586480021476746,"[962, 115, 116, 329, 110]","[0.28586480021476746, 0.1445556879043579, 0.1179342046380043, 0.045525263994932175, 0.043041329830884933]"
blur-light,inpainted,561,391,876,0,0.29113686084747314,"[876, 833, 435, 817, 627]","[0.29113686084747314, 0.14480502903461456, 0.07709460705518723, 0.03859193995594978, 0.03680706024169922]"
blur-light,inpainted,562,123,975,0,0.4798441231250763,"[975, 977, 460, 978, 484]","[0.4798441231250763, 0.14560885727405548, 0.1004982441663742, 0.08682099729776382, 0.026199286803603172]"
blur-light,inpainted,563,253,147,0,0.2863982021808624,"[147, 912, 978, 975, 460]","[0.2863982021808624, 0.10434895008802414, 0.05824972316622734, 0.05627153068780899, 0.05123332142829895]"
blur-light,inpainted,564,484,814,0,0.2758985459804535,"[814, 977, 147, 978, 625]","[0.2758985459804535, 0.1846938133239746, 0.1465281993150711, 0.09850478172302246, 0.07214382290840149]"
blur-light,inpainted,565,437,460,0,0.7482622265815735,"[460, 536, 395, 718, 975]","[0.7482622265815735, 0.023879695683717728, 0.017532112076878548, 0.01623130962252617, 0.013546383939683437]"
blur-light,inpainted,566,148,646,0,0.1550501137971878,"[646, 975, 489, 62, 979]","[0.1550501137971878, 0.13766081631183624, 0.11897053569555283, 0.05055191367864609, 0.039791256189346313]"
blur-light,inpainted,567,147,147,1,0.3682069182395935,"[147, 814, 148, 49, 50]","[0.3682069182395935, 0.1301949918270111, 0.08777239918708801, 0.054685771465301514, 0.05314798280596733]"
blur-light,inpainted,568,148,147,0,0.5288808345794678,"[147, 146, 148, 814, 833]","[0.5288808345794678, 0.0707140862941742, 0.05917377397418022, 0.04493064805865288, 0.020155683159828186]"
blur-light,inpainted,569,608,977,0,0.512520968914032,"[977, 978, 628, 718, 975]","[0.512520968914032, 0.3457821011543274, 0.0338561087846756, 0.0159094650298357, 0.009777776896953583]"
blur-light,inpainted,570,62,84,0,0.29448890686035156,"[84, 104, 50, 703, 287]","[0.29448890686035156, 0.06795404106378555, 0.044490694999694824, 0.03498312830924988, 0.03366721048951149]"
blur-light,inpainted,571,972,460,0,0.40933969616889954,"[460, 977, 975, 801, 908]","[0.40933969616889954, 0.38184502720832825, 0.028957171365618706, 0.022272493690252304, 0.01073833741247654]"
blur-light,inpainted,572,139,133,0,0.3101731836795807,"[133, 49, 50, 131, 298]","[0.3101731836795807, 0.201729416847229, 0.04396124929189682, 0.033187996596097946, 0.027072327211499214]"
blur-light,inpainted,573,354,974,0,0.12195979058742523,"[974, 970, 972, 980, 354]","[0.12195979058742523, 0.06791461259126663, 0.05192604660987854, 0.04578842595219612, 0.04406103491783142]"
blur-light,inpainted,574,140,977,0,0.1140572652220726,"[977, 344, 801, 98, 33]","[0.1140572652220726, 0.09630651772022247, 0.06006401777267456, 0.05996700003743172, 0.053671449422836304]"
blur-light,inpainted,575,437,977,0,0.3617895245552063,"[977, 979, 974, 975, 978]","[0.3617895245552063, 0.24651369452476501, 0.10499165952205658, 0.06259122490882874, 0.059082429856061935]"
blur-light,inpainted,576,529,978,0,0.2036077082157135,"[978, 701, 718, 867, 404]","[0.2036077082157135, 0.06827519834041595, 0.06363566219806671, 0.056735776364803314, 0.05329436808824539]"
blur-light,inpainted,577,66,958,0,0.15468621253967285,"[958, 109, 34, 298, 646]","[0.15468621253967285, 0.13782016932964325, 0.061840977519750595, 0.057981859892606735, 0.037713419646024704]"
blur-light,inpainted,578,511,510,0,0.3151859641075134,"[510, 977, 978, 912, 460]","[0.3151859641075134, 0.14049741625785828, 0.06733281165361404, 0.05179436877369881, 0.02725139632821083]"
blur-light,inpainted,579,376,646,0,0.2929767370223999,"[646, 500, 825, 794, 972]","[0.2929767370223999, 0.13312913477420807, 0.11795735359191895, 0.07827229052782059, 0.07697850465774536]"
blur-light,inpainted,580,404,492,0,0.13091428577899933,"[492, 977, 49, 703, 978]","[0.13091428577899933, 0.12874753773212433, 0.057072676718235016, 0.045669086277484894, 0.03953566774725914]"
blur-light,inpainted,581,207,85,0,0.06026720628142357,"[85, 977, 58, 298, 54]","[0.06026720628142357, 0.05967332795262337, 0.04094509407877922, 0.027236752212047577, 0.025707067921757698]"
blur-light,inpainted,582,33,147,0,0.18360094726085663,"[147, 976, 803, 148, 628]","[0.18360094726085663, 0.09288005530834198, 0.07339175045490265, 0.045399412512779236, 0.03965407609939575]"
blur-light,inpainted,583,34,549,0,0.589625358581543,"[549, 978, 623, 563, 138]","[0.589625358581543, 0.07173816859722137, 0.05151066929101944, 0.023049358278512955, 0.01719759963452816]"
blur-light,inpainted,584,112,109,0,0.11612837016582489,"[109, 984, 975, 978, 958]","[0.11612837016582489, 0.11573013663291931, 0.10690240561962128, 0.07273093611001968, 0.05068857595324516]"
blur-light,inpainted,585,792,525,0,0.12003064900636673,"[525, 346, 354, 343, 975]","[0.12003064900636673, 0.08925605565309525, 0.06216409429907799, 0.06157078221440315, 0.05196259170770645]"
blur-light,inpainted,586,172,978,0,0.775243878364563,"[978, 977, 34, 143, 628]","[0.775243878364563, 0.107437364757061, 0.0207691490650177, 0.0090599674731493, 0.007021359633654356]"
blur-light,inpainted,587,222,978,0,0.4053879976272583,"[978, 977, 58, 460, 6]","[0.4053879976272583, 0.10334254056215286, 0.06608115881681442, 0.06220971792936325, 0.025315169245004654]"
blur-light,inpainted,588,140,49,0,0.19755837321281433,"[49, 142, 978, 977, 141]","[0.19755837321281433, 0.16142983734607697, 0.09429886937141418, 0.0736834704875946, 0.07264883816242218]"
blur-light,inpainted,589,218,147,0,0.18093149363994598,"[147, 978, 814, 403, 34]","[0.18093149363994598, 0.1322760283946991, 0.10208620876073837, 0.04256996884942055, 0.038763612508773804]"
blur-light,inpainted,590,459,977,0,0.5862676501274109,"[977, 978, 975, 913, 833]","[0.5862676501274109, 0.09545779973268509, 0.09270353615283966, 0.017373427748680115, 0.01665346324443817]"
blur-light,inpainted,591,112,395,0,0.04840262979269028,"[395, 209, 977, 434, 211]","[0.04840262979269028, 0.03333102539181709, 0.03182949498295784, 0.028039421886205673, 0.026182865723967552]"
blur-light,inpainted,592,609,977,0,0.17839926481246948,"[977, 978, 913, 718, 984]","[0.17839926481246948, 0.16782698035240173, 0.0903536006808281, 0.08549173921346664, 0.07142210006713867]"
blur-light,inpainted,593,247,977,0,0.5848708748817444,"[977, 978, 525, 908, 460]","[0.5848708748817444, 0.24173575639724731, 0.01793568767607212, 0.017153380438685417, 0.012454275973141193]"
blur-light,inpainted,594,354,977,0,0.13295425474643707,"[977, 978, 913, 147, 460]","[0.13295425474643707, 0.11627894639968872, 0.08222632110118866, 0.059138473123311996, 0.0523618683218956]"
blur-light,inpainted,595,842,84,0,0.29734623432159424,"[84, 134, 835, 6, 879]","[0.29734623432159424, 0.18027326464653015, 0.07596438378095627, 0.031214945018291473, 0.0255885049700737]"
blur-light,inpainted,596,232,139,0,0.12488921731710434,"[139, 54, 67, 147, 143]","[0.12488921731710434, 0.09889957308769226, 0.055060211569070816, 0.04579727724194527, 0.04185108467936516]"
blur-light,inpainted,597,437,318,0,0.1341380476951599,"[318, 525, 460, 44, 976]","[0.1341380476951599, 0.07102895528078079, 0.05844663828611374, 0.057184766978025436, 0.04482199251651764]"
blur-light,inpainted,598,386,347,0,0.08425871282815933,"[347, 958, 345, 979, 377]","[0.08425871282815933, 0.07798600941896439, 0.05816540867090225, 0.04733513295650482, 0.03182073310017586]"
blur-light,inpainted,599,145,646,0,0.152683287858963,"[646, 107, 327, 139, 815]","[0.152683287858963, 0.08346359431743622, 0.07814059406518936, 0.06506731361150742, 0.05674232915043831]"
blur-light,inpainted,600,193,58,0,0.34228500723838806,"[58, 646, 139, 980, 131]","[0.34228500723838806, 0.05388106405735016, 0.05106131732463837, 0.045390497893095016, 0.032628607004880905]"
blur-light,inpainted,601,79,329,0,0.0483478307723999,"[329, 109, 79, 310, 102]","[0.0483478307723999, 0.043593958020210266, 0.042706891894340515, 0.03823116794228554, 0.03086612932384014]"
blur-light,inpainted,602,139,336,0,0.191147580742836,"[336, 329, 58, 646, 327]","[0.191147580742836, 0.0791546031832695, 0.06928474456071854, 0.061002328991889954, 0.05618273839354515]"
blur-light,inpainted,603,814,977,0,0.9100492000579834,"[977, 978, 975, 908, 460]","[0.9100492000579834, 0.07251419126987457, 0.006561117712408304, 0.0021426209714263678, 0.0015875663375481963]"
blur-light,inpainted,604,765,706,0,0.1831752508878708,"[706, 741, 750, 958, 840]","[0.1831752508878708, 0.0712594985961914, 0.04856439307332039, 0.04783130809664726, 0.03933299332857132]"
blur-light,inpainted,605,677,93,0,0.13030031323432922,"[93, 677, 42, 85, 86]","[0.13030031323432922, 0.10964112728834152, 0.06998325884342194, 0.06666789203882217, 0.04831947386264801]"
blur-light,inpainted,606,792,506,0,0.48391005396842957,"[506, 753, 421, 462, 434]","[0.48391005396842957, 0.3206678032875061, 0.041082486510276794, 0.03560635447502136, 0.01507897861301899]"
blur-light,inpainted,607,652,904,0,0.12389856576919556,"[904, 286, 640, 427, 84]","[0.12389856576919556, 0.07217283546924591, 0.0684603601694107, 0.06399643421173096, 0.06371498852968216]"
blur-light,inpainted,608,707,646,0,0.20514024794101715,"[646, 858, 640, 588, 905]","[0.20514024794101715, 0.15187381207942963, 0.10831709206104279, 0.0817878469824791, 0.04630078747868538]"
blur-light,inpainted,609,863,844,0,0.06619331985712051,"[844, 833, 597, 882, 784]","[0.06619331985712051, 0.06243434175848961, 0.05818488076329231, 0.047180887311697006, 0.04470828175544739]"
blur-light,inpainted,610,670,611,0,0.3182589113712311,"[611, 646, 741, 525, 458]","[0.3182589113712311, 0.0932050347328186, 0.06296441704034805, 0.06110652908682823, 0.0329752042889595]"
blur-light,inpainted,611,439,708,0,0.3318009674549103,"[708, 756, 706, 777, 904]","[0.3318009674549103, 0.09995665401220322, 0.07305966317653656, 0.055487435311079025, 0.04955826327204704]"
blur-light,inpainted,612,355,646,0,0.7554608583450317,"[646, 588, 840, 807, 502]","[0.7554608583450317, 0.027697322890162468, 0.015061933547258377, 0.012542237527668476, 0.012335601262748241]"
blur-light,inpainted,613,319,40,0,0.19962318241596222,"[40, 42, 858, 87, 356]","[0.19962318241596222, 0.04894617944955826, 0.04527615010738373, 0.037868041545152664, 0.03685615584254265]"
blur-light,inpainted,614,778,777,0,0.16483817994594574,"[777, 434, 893, 704, 458]","[0.16483817994594574, 0.06092757731676102, 0.04046570137143135, 0.0378282330930233, 0.02972596138715744]"
blur-light,inpainted,615,958,458,0,0.3375597894191742,"[458, 525, 571, 708, 743]","[0.3375597894191742, 0.18248318135738373, 0.14801861345767975, 0.034180883318185806, 0.033029019832611084]"
blur-light,inpainted,616,879,460,0,0.19144834578037262,"[460, 593, 881, 893, 562]","[0.19144834578037262, 0.10612371563911438, 0.09376072883605957, 0.04922613129019737, 0.039767272770404816]"
blur-light,inpainted,617,70,825,0,0.20104655623435974,"[825, 677, 833, 977, 40]","[0.20104655623435974, 0.07639006525278091, 0.07476196438074112, 0.057320915162563324, 0.038164615631103516]"
blur-light,inpainted,618,471,500,0,0.6836003065109253,"[500, 663, 460, 483, 698]","[0.6836003065109253, 0.0439847968518734, 0.025178665295243263, 0.01290267426520586, 0.009705579839646816]"
blur-light,inpainted,619,583,82,0,0.1684398055076599,"[82, 337, 86, 292, 84]","[0.1684398055076599, 0.07138927280902863, 0.05527198687195778, 0.0523340106010437, 0.05179809778928757]"
blur-light,inpainted,620,792,565,0,0.1933489441871643,"[565, 116, 39, 912, 427]","[0.1933489441871643, 0.13272884488105774, 0.07078979164361954, 0.06030796468257904, 0.04700028523802757]"
blur-light,inpainted,621,583,500,0,0.9681849479675293,"[500, 458, 756, 706, 492]","[0.9681849479675293, 0.008395538665354252, 0.002912968397140503, 0.0020348753314465284, 0.0013440762413665652]"
blur-light,inpainted,622,7,583,0,0.10982325673103333,"[583, 437, 811, 905, 753]","[0.10982325673103333, 0.10001056641340256, 0.08914028108119965, 0.06835195422172546, 0.0503569096326828]"
blur-light,inpainted,623,86,519,0,0.4262181222438812,"[519, 825, 858, 8, 274]","[0.4262181222438812, 0.39077672362327576, 0.034606125205755234, 0.015524579212069511, 0.014524294063448906]"
blur-light,inpainted,624,919,744,0,0.20362994074821472,"[744, 920, 657, 442, 369]","[0.20362994074821472, 0.12231290340423584, 0.08004405349493027, 0.044523000717163086, 0.03714372590184212]"
blur-light,inpainted,625,539,539,1,0.12236127257347107,"[539, 478, 876, 435, 653]","[0.12236127257347107, 0.1174364686012268, 0.10336656123399734, 0.060095932334661484, 0.05227547883987427]"
blur-light,inpainted,626,287,336,0,0.17083169519901276,"[336, 131, 298, 947, 278]","[0.17083169519901276, 0.09125389158725739, 0.06254991143941879, 0.044349707663059235, 0.02640734240412712]"
blur-light,inpainted,627,471,341,0,0.36433330178260803,"[341, 342, 211, 260, 208]","[0.36433330178260803, 0.10256382077932358, 0.0781601294875145, 0.025657419115304947, 0.023907532915472984]"
blur-light,inpainted,628,513,912,0,0.25250306725502014,"[912, 489, 825, 703, 132]","[0.25250306725502014, 0.2461366355419159, 0.17382754385471344, 0.05444138124585152, 0.012287224642932415]"
blur-light,inpainted,629,679,298,0,0.10622462630271912,"[298, 273, 299, 92, 61]","[0.10622462630271912, 0.050234586000442505, 0.03903055936098099, 0.03814852982759476, 0.037637099623680115]"
blur-light,inpainted,630,426,887,0,0.18779128789901733,"[887, 474, 794, 735, 448]","[0.18779128789901733, 0.09139829874038696, 0.05546797439455986, 0.041284818202257156, 0.03460025042295456]"
blur-light,inpainted,631,583,334,0,0.5724117159843445,"[334, 375, 84, 328, 364]","[0.5724117159843445, 0.21462224423885345, 0.10776858031749725, 0.028187425807118416, 0.010847246274352074]"
blur-light,inpainted,632,637,458,0,0.22472724318504333,"[458, 462, 733, 840, 825]","[0.22472724318504333, 0.11067608743906021, 0.08629160374403, 0.0549900159239769, 0.04122939705848694]"
blur-light,inpainted,633,571,619,0,0.24555891752243042,"[619, 799, 743, 745, 846]","[0.24555891752243042, 0.11775362491607666, 0.09559006243944168, 0.08725680410861969, 0.07828269153833389]"
blur-light,inpainted,634,737,835,0,0.4117909073829651,"[835, 853, 458, 663, 640]","[0.4117909073829651, 0.2047373652458191, 0.0593961700797081, 0.024133402854204178, 0.022425254806876183]"
blur-light,inpainted,635,463,580,0,0.1181177869439125,"[580, 519, 428, 718, 624]","[0.1181177869439125, 0.10648078471422195, 0.0708952397108078, 0.04566773772239685, 0.04280265048146248]"
blur-light,inpainted,636,520,736,0,0.09962368756532669,"[736, 492, 879, 549, 673]","[0.09962368756532669, 0.06637634336948395, 0.0658910870552063, 0.05815483629703522, 0.04254952073097229]"
blur-light,inpainted,637,458,912,0,0.15657055377960205,"[912, 830, 489, 421, 727]","[0.15657055377960205, 0.09542985260486603, 0.05967947468161583, 0.05386780574917793, 0.05241156369447708]"
blur-light,inpainted,638,427,716,0,0.09405389428138733,"[716, 706, 738, 649, 955]","[0.09405389428138733, 0.07056286185979843, 0.06085852533578873, 0.04997797682881355, 0.04769381508231163]"
blur-light,inpainted,639,651,539,0,0.1366683542728424,"[539, 896, 427, 727, 462]","[0.1366683542728424, 0.06729763001203537, 0.037181269377470016, 0.033314142376184464, 0.03292043134570122]"
blur-light,inpainted,640,846,519,0,0.5450800657272339,"[519, 894, 427, 844, 492]","[0.5450800657272339, 0.14319640398025513, 0.06362802535295486, 0.061446551233530045, 0.03157509118318558]"
blur-light,inpainted,641,896,435,0,0.7241070866584778,"[435, 771, 736, 598, 896]","[0.7241070866584778, 0.05698166787624359, 0.034196026623249054, 0.023440513759851456, 0.019388755783438683]"
blur-light,inpainted,642,45,513,0,0.2576277554035187,"[513, 855, 558, 684, 776]","[0.2576277554035187, 0.08629728108644485, 0.08137382566928864, 0.0450964979827404, 0.04142346605658531]"
blur-light,inpainted,643,444,791,0,0.5320450067520142,"[791, 50, 703, 462, 334]","[0.5320450067520142, 0.18781131505966187, 0.04164927080273628, 0.024169474840164185, 0.02114899270236492]"
blur-light,inpainted,644,224,116,0,0.6190177798271179,"[116, 825, 289, 79, 274]","[0.6190177798271179, 0.22758758068084717, 0.011720355600118637, 0.009683185257017612, 0.005587915889918804]"
blur-light,inpainted,645,738,458,0,0.297102689743042,"[458, 640, 756, 904, 750]","[0.297102689743042, 0.19352543354034424, 0.17169751226902008, 0.05512019246816635, 0.042611055076122284]"
blur-light,inpainted,646,495,999,0,0.10141728073358536,"[999, 419, 794, 534, 876]","[0.10141728073358536, 0.08242093771696091, 0.060395337641239166, 0.05351565033197403, 0.03425426408648491]"
blur-light,inpainted,647,354,462,0,0.29720231890678406,"[462, 696, 716, 14, 912]","[0.29720231890678406, 0.2646333575248718, 0.09349148720502853, 0.08885283023118973, 0.04605589807033539]"
blur-light,inpainted,648,315,843,0,0.10882832109928131,"[843, 904, 557, 839, 331]","[0.10882832109928131, 0.08042225241661072, 0.05311170220375061, 0.03451785445213318, 0.03239210695028305]"
blur-light,inpainted,649,728,557,0,0.22203877568244934,"[557, 733, 556, 904, 313]","[0.22203877568244934, 0.10741989314556122, 0.040313202887773514, 0.036379747092723846, 0.03621302545070648]"
blur-light,inpainted,650,715,825,0,0.35333675146102905,"[825, 460, 425, 147, 646]","[0.35333675146102905, 0.10929547250270844, 0.05879950150847435, 0.04624177888035774, 0.033584579825401306]"
blur-light,inpainted,651,284,608,0,0.24803978204727173,"[608, 616, 523, 977, 460]","[0.24803978204727173, 0.09860791265964508, 0.07466335594654083, 0.02496473304927349, 0.021278444677591324]"
blur-light,inpainted,652,295,44,0,0.2577856481075287,"[44, 634, 913, 428, 726]","[0.2577856481075287, 0.09507302194833755, 0.0371832437813282, 0.035260312259197235, 0.033371999859809875]"
blur-light,inpainted,653,471,460,0,0.1918378323316574,"[460, 318, 976, 821, 147]","[0.1918378323316574, 0.1259835809469223, 0.0774930790066719, 0.0629347711801529, 0.053411539644002914]"
blur-light,inpainted,654,665,646,0,0.06883305311203003,"[646, 489, 50, 628, 458]","[0.06883305311203003, 0.06543771922588348, 0.05330129340291023, 0.045608796179294586, 0.03713088110089302]"
blur-light,inpainted,655,217,425,0,0.20027713477611542,"[425, 912, 660, 716, 706]","[0.20027713477611542, 0.16630801558494568, 0.0873079001903534, 0.08054333180189133, 0.02693159505724907]"
blur-light,inpainted,656,775,588,0,0.18427135050296783,"[588, 58, 975, 646, 858]","[0.18427135050296783, 0.07682213932275772, 0.06274376809597015, 0.0601496547460556, 0.0355142317712307]"
blur-light,inpainted,657,143,718,0,0.12044065445661545,"[718, 525, 815, 705, 858]","[0.12044065445661545, 0.06959424912929535, 0.06821901351213455, 0.05437421798706055, 0.040520746260881424]"
blur-light,inpainted,658,806,706,0,0.809135377407074,"[706, 562, 634, 646, 743]","[0.809135377407074, 0.07417332381010056, 0.036627452820539474, 0.012443231418728828, 0.0032533772755414248]"
blur-light,inpainted,659,171,657,0,0.07821831852197647,"[657, 733, 682, 446, 437]","[0.07821831852197647, 0.06619665771722794, 0.059565432369709015, 0.050731219351291656, 0.04917014762759209]"
blur-light,inpainted,660,637,789,0,0.31284064054489136,"[789, 905, 777, 904, 798]","[0.31284064054489136, 0.1025346890091896, 0.0962449237704277, 0.0718768760561943, 0.0681295171380043]"
blur-light,inpainted,661,875,953,0,0.2867828607559204,"[953, 52, 329, 489, 269]","[0.2867828607559204, 0.09931472688913345, 0.07907073944807053, 0.058257196098566055, 0.04190956801176071]"
blur-light,inpainted,662,614,894,0,0.2608494758605957,"[894, 881, 553, 493, 495]","[0.2608494758605957, 0.14566195011138916, 0.140584796667099, 0.0719812661409378, 0.058866892009973526]"
blur-light,inpainted,663,185,706,0,0.3196543753147125,"[706, 425, 660, 912, 756]","[0.3196543753147125, 0.07146091014146805, 0.062185514718294144, 0.045981377363204956, 0.045745931565761566]"
blur-light,inpainted,664,583,84,0,0.06406968832015991,"[84, 462, 39, 858, 329]","[0.06406968832015991, 0.060837846249341965, 0.04277316853404045, 0.03511795401573181, 0.03428422287106514]"
blur-light,inpainted,665,674,704,0,0.18656668066978455,"[704, 421, 416, 705, 448]","[0.18656668066978455, 0.09829704463481903, 0.06776854395866394, 0.065879687666893, 0.05188003182411194]"
blur-light,inpainted,666,198,753,0,0.12449168413877487,"[753, 713, 829, 594, 742]","[0.12449168413877487, 0.07810993492603302, 0.05788958817720413, 0.04679970443248749, 0.04551960155367851]"
blur-light,inpainted,667,571,580,0,0.364742636680603,"[580, 660, 716, 706, 663]","[0.364742636680603, 0.2729842960834503, 0.06710406392812729, 0.03825845196843147, 0.02004309929907322]"
blur-light,inpainted,668,870,401,0,0.15967780351638794,"[401, 522, 716, 912, 266]","[0.15967780351638794, 0.10634095221757889, 0.09244667738676071, 0.05338400602340698, 0.036690689623355865]"
blur-light,inpainted,669,614,918,0,0.15822210907936096,"[918, 799, 646, 571, 539]","[0.15822210907936096, 0.07937059551477432, 0.07461348921060562, 0.049241311848163605, 0.03781818971037865]"
blur-light,inpainted,670,822,706,0,0.5708444118499756,"[706, 791, 580, 421, 915]","[0.5708444118499756, 0.09615331143140793, 0.06209557130932808, 0.047331634908914566, 0.03141213580965996]"
blur-light,inpainted,671,216,853,0,0.5615708827972412,"[853, 716, 706, 912, 483]","[0.5615708827972412, 0.1013491228222847, 0.09956350177526474, 0.033568911254405975, 0.023167749866843224]"
blur-light,inpainted,672,209,562,0,0.5155799984931946,"[562, 843, 879, 706, 406]","[0.5155799984931946, 0.10616008937358856, 0.03363334387540817, 0.024794459342956543, 0.02364441007375717]"
blur-light,inpainted,673,775,50,0,0.12556904554367065,"[50, 975, 298, 49, 330]","[0.12556904554367065, 0.10414665937423706, 0.061906732618808746, 0.0513213574886322, 0.04931414872407913]"
blur-light,inpainted,674,559,562,0,0.17824840545654297,"[562, 669, 799, 753, 904]","[0.17824840545654297, 0.070902518928051, 0.07029549032449722, 0.07010756433010101, 0.06230359524488449]"
blur-light,inpainted,675,830,539,0,0.18091242015361786,"[539, 980, 194, 469, 748]","[0.18091242015361786, 0.1777200996875763, 0.08214274048805237, 0.06099759042263031, 0.033912718296051025]"
blur-light,inpainted,676,532,421,0,0.1755712628364563,"[421, 539, 197, 716, 904]","[0.1755712628364563, 0.08326255530118942, 0.050196439027786255, 0.04867669567465782, 0.04217557981610298]"
blur-light,inpainted,677,233,716,0,0.5605942606925964,"[716, 520, 462, 516, 852]","[0.5605942606925964, 0.16802597045898438, 0.09590930491685867, 0.05447596684098244, 0.0197646152228117]"
blur-light,inpainted,678,765,421,0,0.20875497162342072,"[421, 839, 753, 703, 807]","[0.20875497162342072, 0.15637513995170593, 0.09848161786794662, 0.05392108112573624, 0.05087527260184288]"
blur-light,inpainted,679,428,576,0,0.16874705255031586,"[576, 420, 561, 571, 778]","[0.16874705255031586, 0.09625348448753357, 0.07168097794055939, 0.03966176509857178, 0.03910607844591141]"
blur-light,inpainted,680,765,706,0,0.2441624104976654,"[706, 839, 421, 703, 580]","[0.2441624104976654, 0.161653533577919, 0.12558242678642273, 0.07156632095575333, 0.05290605127811432]"
blur-light,inpainted,681,420,462,0,0.40179768204689026,"[462, 829, 498, 743, 525]","[0.40179768204689026, 0.14450983703136444, 0.048921067267656326, 0.04783573001623154, 0.03240536153316498]"
blur-light,inpainted,682,571,460,0,0.2701968550682068,"[460, 404, 833, 449, 975]","[0.2701968550682068, 0.09702609479427338, 0.07144150137901306, 0.06574931740760803, 0.06320788711309433]"
blur-light,inpainted,683,177,833,0,0.3808499872684479,"[833, 346, 880, 820, 460]","[0.3808499872684479, 0.060138314962387085, 0.03517964109778404, 0.03351689130067825, 0.03187273070216179]"
blur-light,inpainted,684,846,483,0,0.17276832461357117,"[483, 853, 562, 716, 888]","[0.17276832461357117, 0.13707539439201355, 0.11458354443311691, 0.10854378342628479, 0.08532668650150299]"
blur-light,inpainted,685,236,421,0,0.1608574092388153,"[421, 706, 539, 716, 756]","[0.1608574092388153, 0.14982908964157104, 0.1013217344880104, 0.04879934340715408, 0.04205971956253052]"
blur-light,inpainted,686,201,539,0,0.4671240448951721,"[539, 458, 708, 706, 738]","[0.4671240448951721, 0.13108497858047485, 0.10959789901971817, 0.064621701836586, 0.032760556787252426]"
blur-light,inpainted,687,953,286,0,0.21593083441257477,"[286, 539, 706, 792, 428]","[0.21593083441257477, 0.17513079941272736, 0.07247891277074814, 0.05175504460930824, 0.037013597786426544]"
blur-light,inpainted,688,637,863,0,0.6753140091896057,"[863, 733, 203, 682, 448]","[0.6753140091896057, 0.07211314886808395, 0.0212995782494545, 0.01885990984737873, 0.01819942705333233]"
blur-light,inpainted,689,420,421,0,0.4081524908542633,"[421, 765, 608, 756, 506]","[0.4081524908542633, 0.18220558762550354, 0.0583997517824173, 0.05184249207377434, 0.021844130009412766]"
blur-light,inpainted,690,602,510,0,0.19659695029258728,"[510, 698, 442, 873, 890]","[0.19659695029258728, 0.10082807391881943, 0.08257065713405609, 0.060715287923812866, 0.053154803812503815]"
blur-light,inpainted,691,806,539,0,0.31445232033729553,"[539, 706, 556, 514, 492]","[0.31445232033729553, 0.07370198518037796, 0.06955725699663162, 0.06757374852895737, 0.05377182364463806]"
blur-light,inpainted,692,608,853,0,0.2919709086418152,"[853, 843, 682, 772, 874]","[0.2919709086418152, 0.05429099127650261, 0.036835070699453354, 0.025591623038053513, 0.02219519391655922]"
blur-light,inpainted,693,775,646,0,0.19412727653980255,"[646, 706, 835, 484, 634]","[0.19412727653980255, 0.14384303987026215, 0.10710038244724274, 0.08304514735937119, 0.07273063063621521]"
blur-light,inpainted,694,614,708,0,0.3666517734527588,"[708, 753, 401, 706, 462]","[0.3666517734527588, 0.17632843554019928, 0.06178080290555954, 0.054815564304590225, 0.03253862261772156]"
blur-light,inpainted,695,728,912,0,0.18309491872787476,"[912, 474, 880, 652, 501]","[0.18309491872787476, 0.06085332855582237, 0.054501041769981384, 0.045246146619319916, 0.04004933312535286]"
blur-light,inpainted,696,836,736,0,0.27608537673950195,"[736, 571, 646, 480, 877]","[0.27608537673950195, 0.08948950469493866, 0.07091717422008514, 0.04599979519844055, 0.0360293947160244]"
blur-light,inpainted,697,361,544,0,0.08480656892061234,"[544, 706, 428, 48, 469]","[0.08480656892061234, 0.07070089131593704, 0.06008635833859444, 0.05952190235257149, 0.047019582241773605]"
blur-light,inpainted,698,842,410,0,0.09151750057935715,"[410, 182, 596, 490, 563]","[0.09151750057935715, 0.06540573388338089, 0.052203092724084854, 0.04749101772904396, 0.03281449154019356]"
blur-light,inpainted,699,444,835,0,0.3622775077819824,"[835, 706, 646, 880, 580]","[0.3622775077819824, 0.23265808820724487, 0.15072980523109436, 0.14034323394298553, 0.005947662517428398]"
blur-light,inpainted,700,364,799,0,0.5377112627029419,"[799, 634, 789, 428, 843]","[0.5377112627029419, 0.13578547537326813, 0.0769500583410263, 0.031211812049150467, 0.026076555252075195]"
blur-light,inpainted,701,707,549,0,0.29523614048957825,"[549, 478, 921, 804, 626]","[0.29523614048957825, 0.13990101218223572, 0.030828187242150307, 0.028076574206352234, 0.027272358536720276]"
blur-light,inpainted,702,151,888,0,0.43977150321006775,"[888, 912, 497, 9, 853]","[0.43977150321006775, 0.17311029136180878, 0.05953352153301239, 0.053460296243429184, 0.02300509437918663]"
blur-light,inpainted,703,765,716,0,0.2884848117828369,"[716, 660, 425, 565, 580]","[0.2884848117828369, 0.1937573105096817, 0.13056287169456482, 0.12065134942531586, 0.09961280971765518]"
blur-light,inpainted,704,571,706,0,0.1984078586101532,"[706, 716, 663, 698, 765]","[0.1984078586101532, 0.12354177981615067, 0.097386933863163, 0.08394686132669449, 0.05819805711507797]"
blur-light,inpainted,705,197,462,0,0.1549926996231079,"[462, 410, 738, 708, 716]","[0.1549926996231079, 0.11069975048303604, 0.09605725854635239, 0.08578706532716751, 0.0726046934723854]"
blur-light,inpainted,706,681,580,0,0.589606761932373,"[580, 904, 705, 718, 421]","[0.589606761932373, 0.1627364307641983, 0.0302569642663002, 0.02910902351140976, 0.026775343343615532]"
blur-light,inpainted,707,382,994,0,0.43533095717430115,"[994, 938, 22, 89, 58]","[0.43533095717430115, 0.20515842735767365, 0.030198998749256134, 0.02973945438861847, 0.023357821628451347]"
blur-light,inpainted,708,765,706,0,0.10930045694112778,"[706, 716, 660, 564, 708]","[0.10930045694112778, 0.10483870655298233, 0.09453214704990387, 0.0902925357222557, 0.07526681572198868]"
blur-light,inpainted,709,559,912,0,0.7716906666755676,"[912, 798, 905, 813, 421]","[0.7716906666755676, 0.060123201459646225, 0.05637800693511963, 0.03608471155166626, 0.012795574963092804]"
blur-light,inpainted,710,708,706,0,0.19062982499599457,"[706, 975, 663, 460, 497]","[0.19062982499599457, 0.1554565578699112, 0.09920359402894974, 0.06352154910564423, 0.06309806555509567]"
blur-light,inpainted,711,202,646,0,0.28811177611351013,"[646, 765, 912, 421, 706]","[0.28811177611351013, 0.10796374082565308, 0.10027019679546356, 0.08998429030179977, 0.03007962368428707]"
blur-light,inpainted,712,469,494,0,0.08919267356395721,"[494, 458, 863, 707, 791]","[0.08919267356395721, 0.08304788172245026, 0.06362542510032654, 0.05152347683906555, 0.046566542237997055]"
blur-light,inpainted,713,875,911,0,0.19754186272621155,"[911, 616, 12, 102, 750]","[0.19754186272621155, 0.07299645990133286, 0.05853809416294098, 0.04506615921854973, 0.028514621779322624]"
blur-light,inpainted,714,284,750,0,0.22550195455551147,"[750, 499, 420, 608, 879]","[0.22550195455551147, 0.06643913686275482, 0.059841088950634, 0.05460250750184059, 0.031049057841300964]"
blur-light,inpainted,715,199,816,0,0.2167014330625534,"[816, 806, 462, 88, 784]","[0.2167014330625534, 0.11844389885663986, 0.09305895864963531, 0.07924428582191467, 0.03772244229912758]"
blur-light,inpainted,716,529,611,0,0.7931099534034729,"[611, 750, 721, 588, 478]","[0.7931099534034729, 0.0368553102016449, 0.027425499632954597, 0.008859220892190933, 0.007826115936040878]"
blur-light,inpainted,717,157,661,0,0.22729609906673431,"[661, 494, 747, 562, 766]","[0.22729609906673431, 0.11325351893901825, 0.06347604840993881, 0.049851156771183014, 0.041782453656196594]"
blur-light,inpainted,718,850,204,0,0.1260806769132614,"[204, 831, 168, 750, 721]","[0.1260806769132614, 0.09348144382238388, 0.06266968697309494, 0.055554360151290894, 0.04021027684211731]"
blur-light,inpainted,719,529,750,0,0.18423447012901306,"[750, 421, 435, 700, 706]","[0.18423447012901306, 0.12628482282161713, 0.11236226558685303, 0.08093088865280151, 0.0662328228354454]"
blur-light,inpainted,720,186,296,0,0.1282363384962082,"[296, 178, 529, 89, 279]","[0.1282363384962082, 0.11453656852245331, 0.11371743679046631, 0.07298509776592255, 0.031926680356264114]"
blur-light,inpainted,721,361,106,0,0.15117815136909485,"[106, 44, 69, 427, 243]","[0.15117815136909485, 0.07059252262115479, 0.06116263568401337, 0.057210106402635574, 0.05441053584218025]"
blur-light,inpainted,722,684,421,0,0.3195071518421173,"[421, 904, 816, 794, 646]","[0.3195071518421173, 0.2946358621120453, 0.06225137040019035, 0.025522828102111816, 0.02200528420507908]"
blur-light,inpainted,723,846,831,0,0.8784995079040527,"[831, 520, 750, 516, 846]","[0.8784995079040527, 0.05560961738228798, 0.016714192926883698, 0.006618340965360403, 0.006607752293348312]"
blur-light,inpainted,724,156,831,0,0.11946583539247513,"[831, 579, 236, 234, 211]","[0.11946583539247513, 0.03156021982431412, 0.03138361871242523, 0.02790866047143936, 0.022698666900396347]"
blur-light,inpainted,725,175,420,0,0.2396651953458786,"[420, 515, 424, 831, 414]","[0.2396651953458786, 0.08983349055051804, 0.057446736842393875, 0.04736742004752159, 0.02158913016319275]"
blur-light,inpainted,726,258,491,0,0.146138995885849,"[491, 56, 693, 981, 805]","[0.146138995885849, 0.08213149011135101, 0.06393418461084366, 0.06296434998512268, 0.06064225733280182]"
blur-light,inpainted,727,254,831,0,0.9349765777587891,"[831, 750, 721, 417, 797]","[0.9349765777587891, 0.020265566185116768, 0.00842646136879921, 0.0064741019159555435, 0.005670627113431692]"
blur-light,inpainted,728,529,611,0,0.089229516685009,"[611, 411, 748, 750, 443]","[0.089229516685009, 0.06974836438894272, 0.06878305226564407, 0.06279876828193665, 0.041657011955976486]"
blur-light,inpainted,729,267,610,0,0.08841964602470398,"[610, 785, 904, 655, 535]","[0.08841964602470398, 0.05987193435430527, 0.047417279332876205, 0.03824199363589287, 0.035623010247945786]"
blur-light,inpainted,730,257,831,0,0.47755730152130127,"[831, 669, 564, 706, 854]","[0.47755730152130127, 0.37145763635635376, 0.07670755684375763, 0.010762144811451435, 0.006153644062578678]"
blur-light,inpainted,731,529,669,0,0.5702359080314636,"[669, 516, 423, 424, 851]","[0.5702359080314636, 0.07230836898088455, 0.030688384547829628, 0.02723199687898159, 0.019899656996130943]"
blur-light,inpainted,732,765,709,0,0.26703131198883057,"[709, 905, 789, 659, 893]","[0.26703131198883057, 0.07956264913082123, 0.06253866106271744, 0.051012784242630005, 0.04459354281425476]"
blur-light,inpainted,733,532,905,0,0.5890676975250244,"[905, 799, 789, 669, 904]","[0.5890676975250244, 0.2724711000919342, 0.025735430419445038, 0.024824954569339752, 0.021147312596440315]"
blur-light,inpainted,734,227,494,0,0.11990915983915329,"[494, 733, 920, 602, 791]","[0.11990915983915329, 0.07906374335289001, 0.04395950213074684, 0.039629749953746796, 0.039592593908309937]"
blur-light,inpainted,735,520,495,0,0.34908461570739746,"[495, 827, 894, 760, 799]","[0.34908461570739746, 0.20067398250102997, 0.054800085723400116, 0.031846120953559875, 0.030817348510026932]"
blur-light,inpainted,736,999,435,0,0.4194142520427704,"[435, 876, 478, 706, 539]","[0.4194142520427704, 0.37188637256622314, 0.0562090165913105, 0.022638360038399696, 0.01920481212437153]"
blur-light,inpainted,737,174,525,0,0.17204950749874115,"[525, 840, 462, 435, 588]","[0.17204950749874115, 0.11480363458395004, 0.09663812071084976, 0.04917899891734123, 0.03432384878396988]"
blur-light,inpainted,738,841,534,0,0.8581920266151428,"[534, 651, 897, 760, 708]","[0.8581920266151428, 0.02057490311563015, 0.019334767013788223, 0.010836455039680004, 0.008543538860976696]"
blur-light,inpainted,739,846,846,1,0.533007800579071,"[846, 743, 894, 619, 564]","[0.533007800579071, 0.11385530233383179, 0.04044148325920105, 0.03458786755800247, 0.024854283779859543]"
blur-light,inpainted,740,999,999,1,0.24251949787139893,"[999, 478, 700, 876, 831]","[0.24251949787139893, 0.09842758625745773, 0.08548226207494736, 0.04700944200158119, 0.04262798652052879]"
blur-light,inpainted,741,258,548,0,0.3585946559906006,"[548, 598, 519, 561, 765]","[0.3585946559906006, 0.15421214699745178, 0.09236827492713928, 0.029589960351586342, 0.015395299531519413]"
blur-light,inpainted,742,851,564,0,0.7119474411010742,"[564, 831, 669, 519, 598]","[0.7119474411010742, 0.04443814978003502, 0.03343601152300835, 0.022535089403390884, 0.01653238572180271]"
blur-light,inpainted,743,423,532,0,0.3112039864063263,"[532, 799, 583, 660, 760]","[0.3112039864063263, 0.22948035597801208, 0.10182943940162659, 0.07892315089702606, 0.03416038304567337]"
blur-light,inpainted,744,233,840,0,0.10882437974214554,"[840, 523, 608, 716, 421]","[0.10882437974214554, 0.08429497480392456, 0.07997139543294907, 0.06850317120552063, 0.055130161345005035]"
blur-light,inpainted,745,253,597,0,0.15170398354530334,"[597, 608, 630, 655, 882]","[0.15170398354530334, 0.10158596932888031, 0.08229036629199982, 0.06863752752542496, 0.04801611602306366]"
blur-light,inpainted,746,655,648,0,0.32355475425720215,"[648, 516, 435, 519, 894]","[0.32355475425720215, 0.15237829089164734, 0.1311538964509964, 0.07646003365516663, 0.04041043668985367]"
blur-light,inpainted,747,422,416,0,0.09320511668920517,"[416, 485, 651, 598, 497]","[0.09320511668920517, 0.03842143714427948, 0.03840669244527817, 0.0378878116607666, 0.03740666061639786]"
blur-light,inpainted,748,765,777,0,0.12346924096345901,"[777, 876, 827, 480, 760]","[0.12346924096345901, 0.05921000987291336, 0.058661337941884995, 0.03800337761640549, 0.03406475484371185]"
blur-light,inpainted,749,545,799,0,0.16294565796852112,"[799, 904, 789, 905, 673]","[0.16294565796852112, 0.1321033537387848, 0.07308754324913025, 0.06308404356241226, 0.05395092815160751]"
blur-light,inpainted,750,841,834,0,0.6802142858505249,"[834, 799, 608, 652, 556]","[0.6802142858505249, 0.0285758338868618, 0.016461491584777832, 0.012708377093076706, 0.012655054219067097]"
blur-light,inpainted,751,655,894,0,0.1384926289319992,"[894, 760, 420, 794, 780]","[0.1384926289319992, 0.12254727631807327, 0.11646943539381027, 0.09144572168588638, 0.04014506936073303]"
blur-light,inpainted,752,846,846,1,0.5083880424499512,"[846, 619, 461, 524, 579]","[0.5083880424499512, 0.17942431569099426, 0.09952866286039352, 0.0366220623254776, 0.01849803514778614]"
blur-light,inpainted,753,999,648,0,0.1342736780643463,"[648, 851, 896, 760, 794]","[0.1342736780643463, 0.11219874024391174, 0.07963582128286362, 0.06688106805086136, 0.06027432531118393]"
blur-light,inpainted,754,841,651,0,0.14064960181713104,"[651, 657, 421, 908, 744]","[0.14064960181713104, 0.098885677754879, 0.08381017297506332, 0.08195878565311432, 0.07779158651828766]"
blur-light,inpainted,755,655,520,0,0.3734852075576782,"[520, 492, 519, 860, 634]","[0.3734852075576782, 0.09981413930654526, 0.06440822780132294, 0.04265996068716049, 0.036842234432697296]"
blur-light,inpainted,756,579,854,0,0.9243555665016174,"[854, 559, 699, 462, 765]","[0.9243555665016174, 0.01039024256169796, 0.00619432283565402, 0.005597352981567383, 0.0041472455486655235]"
blur-light,inpainted,757,198,958,0,0.10825313627719879,"[958, 750, 198, 884, 421]","[0.10825313627719879, 0.07776369154453278, 0.052424680441617966, 0.049422163516283035, 0.04121726006269455]"
blur-light,inpainted,758,614,840,0,0.0960938036441803,"[840, 804, 614, 789, 799]","[0.0960938036441803, 0.07042103260755539, 0.04129013419151306, 0.026505324989557266, 0.024815933778882027]"
blur-light,inpainted,759,689,428,0,0.15353454649448395,"[428, 450, 491, 706, 564]","[0.15353454649448395, 0.12913267314434052, 0.0848836824297905, 0.04950220510363579, 0.043211355805397034]"
blur-light,inpainted,760,863,799,0,0.46000730991363525,"[799, 480, 707, 904, 624]","[0.46000730991363525, 0.2488006055355072, 0.05538720637559891, 0.03942946717143059, 0.03919638320803642]"
blur-light,inpainted,761,851,315,0,0.42401254177093506,"[315, 587, 910, 64, 92]","[0.42401254177093506, 0.08566951006650925, 0.047125980257987976, 0.03586215898394585, 0.030392006039619446]"
blur-light,inpainted,762,444,497,0,0.08123943209648132,"[497, 799, 716, 437, 421]","[0.08123943209648132, 0.07454771548509598, 0.07266570627689362, 0.057198069989681244, 0.04745718091726303]"
blur-light,inpainted,763,230,637,0,0.09880853444337845,"[637, 421, 756, 428, 676]","[0.09880853444337845, 0.08556395024061203, 0.08428939431905746, 0.05639839172363281, 0.040269073098897934]"
blur-light,inpainted,764,254,726,0,0.12505626678466797,"[726, 882, 641, 479, 910]","[0.12505626678466797, 0.1122036799788475, 0.08031026273965836, 0.045715443789958954, 0.031217293813824654]"
blur-light,inpainted,765,199,630,0,0.05104946345090866,"[630, 168, 514, 998, 658]","[0.05104946345090866, 0.03913069888949394, 0.036569952964782715, 0.03355161100625992, 0.028980407863855362]"
blur-light,inpainted,766,493,492,0,0.21754641830921173,"[492, 708, 598, 799, 548]","[0.21754641830921173, 0.12328869849443436, 0.08939759433269501, 0.07591337710618973, 0.05547504872083664]"
blur-light,inpainted,767,882,707,0,0.282463937997818,"[707, 480, 624, 598, 548]","[0.282463937997818, 0.11295761168003082, 0.06719658523797989, 0.06484513729810715, 0.06408783048391342]"
blur-light,inpainted,768,739,695,0,0.14179986715316772,"[695, 492, 483, 463, 587]","[0.14179986715316772, 0.07943335175514221, 0.04815001040697098, 0.0462309755384922, 0.04071423411369324]"
blur-light,inpainted,769,846,412,0,0.17525582015514374,"[412, 588, 619, 785, 434]","[0.17525582015514374, 0.11107783764600754, 0.04055754840373993, 0.03881990164518356, 0.0315948985517025]"
blur-light,inpainted,770,614,799,0,0.311558336019516,"[799, 789, 534, 495, 905]","[0.311558336019516, 0.19846072793006897, 0.05746225640177727, 0.028341248631477356, 0.02369045652449131]"
blur-light,inpainted,771,579,421,0,0.11447359621524811,"[421, 557, 614, 846, 624]","[0.11447359621524811, 0.10093823820352554, 0.056811776012182236, 0.05138971656560898, 0.04404167830944061]"
blur-light,inpainted,772,882,831,0,0.16749384999275208,"[831, 846, 700, 499, 435]","[0.16749384999275208, 0.12193853408098221, 0.09384530037641525, 0.08997368067502975, 0.06484518200159073]"
blur-light,inpainted,773,778,904,0,0.8528448343276978,"[904, 905, 424, 418, 558]","[0.8528448343276978, 0.027744313701987267, 0.012526899576187134, 0.008276293985545635, 0.008157988078892231]"
blur-light,inpainted,774,882,894,0,0.7439854145050049,"[894, 519, 493, 648, 495]","[0.7439854145050049, 0.0755629763007164, 0.049699995666742325, 0.04311529919505119, 0.03883514180779457]"
blur-light,inpainted,775,550,762,0,0.24422767758369446,"[762, 583, 687, 846, 532]","[0.24422767758369446, 0.18528741598129272, 0.15801040828227997, 0.04086333513259888, 0.03790130838751793]"
blur-light,inpainted,776,284,904,0,0.09715145081281662,"[904, 792, 706, 905, 469]","[0.09715145081281662, 0.09416276961565018, 0.08928416669368744, 0.05697714537382126, 0.052238691598176956]"
blur-light,inpainted,777,851,664,0,0.20173531770706177,"[664, 560, 644, 909, 782]","[0.20173531770706177, 0.13218623399734497, 0.08197242021560669, 0.04800235107541084, 0.04055798798799515]"
blur-light,inpainted,778,651,894,0,0.6171373128890991,"[894, 495, 553, 651, 519]","[0.6171373128890991, 0.34242403507232666, 0.00960495788604021, 0.0048360866494476795, 0.004004205111414194]"
blur-light,inpainted,779,681,421,0,0.5970568656921387,"[421, 526, 497, 908, 745]","[0.5970568656921387, 0.06161883845925331, 0.04769988730549812, 0.026000220328569412, 0.02338588796555996]"
blur-light,inpainted,780,420,532,0,0.17734363675117493,"[532, 846, 493, 492, 421]","[0.17734363675117493, 0.1595483124256134, 0.14428101480007172, 0.0829097330570221, 0.05439084768295288]"
blur-light,inpainted,781,532,653,0,0.27740535140037537,"[653, 427, 341, 997, 877]","[0.27740535140037537, 0.1699940264225006, 0.05223104730248451, 0.03874687850475311, 0.03732578456401825]"
blur-light,inpainted,782,423,897,0,0.33598849177360535,"[897, 840, 760, 887, 532]","[0.33598849177360535, 0.06671565771102905, 0.030737867578864098, 0.02964772656559944, 0.027859056368470192]"
blur-light,inpainted,783,201,548,0,0.48405173420906067,"[548, 598, 564, 480, 495]","[0.48405173420906067, 0.23368270695209503, 0.035132039338350296, 0.03249138966202736, 0.02537856064736843]"
blur-light,inpainted,784,690,385,0,0.10325896739959717,"[385, 386, 825, 706, 646]","[0.10325896739959717, 0.08918711543083191, 0.07493052631616592, 0.0674787387251854, 0.06556182354688644]"
blur-light,inpainted,785,807,421,0,0.6336655020713806,"[421, 347, 565, 706, 743]","[0.6336655020713806, 0.06581124663352966, 0.04003540426492691, 0.029960552230477333, 0.012014116160571575]"
blur-light,inpainted,786,836,718,0,0.22695794701576233,"[718, 874, 829, 839, 654]","[0.22695794701576233, 0.09026041626930237, 0.0815427228808403, 0.0717698410153389, 0.06587491184473038]"
blur-light,inpainted,787,779,660,0,0.23742720484733582,"[660, 716, 682, 437, 442]","[0.23742720484733582, 0.18584156036376953, 0.06723498553037643, 0.06111467629671097, 0.040157075971364975]"
blur-light,inpainted,788,872,975,0,0.2974068224430084,"[975, 706, 646, 202, 853]","[0.2974068224430084, 0.11224856972694397, 0.0749117061495781, 0.04665946215391159, 0.04649927839636803]"
blur-light,inpainted,789,516,839,0,0.13644684851169586,"[839, 525, 833, 608, 421]","[0.13644684851169586, 0.11645612120628357, 0.10209441184997559, 0.0937398225069046, 0.04229293018579483]"
blur-light,inpainted,790,807,703,0,0.32881924510002136,"[703, 410, 912, 716, 791]","[0.32881924510002136, 0.2253538817167282, 0.11603089421987534, 0.055907025933265686, 0.0425388403236866]"
blur-light,inpainted,791,880,460,0,0.23707391321659088,"[460, 471, 908, 833, 835]","[0.23707391321659088, 0.20904527604579926, 0.09489058703184128, 0.09484335780143738, 0.06899435073137283]"
blur-light,inpainted,792,678,743,0,0.20670120418071747,"[743, 698, 519, 682, 860]","[0.20670120418071747, 0.11484801769256592, 0.058002885431051254, 0.05763784795999527, 0.054744888097047806]"
blur-light,inpainted,793,603,706,0,0.14823731780052185,"[706, 716, 703, 660, 421]","[0.14823731780052185, 0.14106979966163635, 0.12620200216770172, 0.07515203952789307, 0.041093725711107254]"
blur-light,inpainted,794,665,977,0,0.11106236279010773,"[977, 939, 318, 471, 0]","[0.11106236279010773, 0.09698258340358734, 0.04140510782599449, 0.03350094333291054, 0.028635302558541298]"
blur-light,inpainted,795,541,706,0,0.6059302687644958,"[706, 877, 743, 525, 427]","[0.6059302687644958, 0.08536291122436523, 0.02815074659883976, 0.027571717277169228, 0.026412788778543472]"
blur-light,inpainted,796,704,562,0,0.17155513167381287,"[562, 839, 791, 718, 434]","[0.17155513167381287, 0.09811461716890335, 0.07920385897159576, 0.0556720569729805, 0.04084358736872673]"
blur-light,inpainted,797,770,703,0,0.26078683137893677,"[703, 646, 522, 880, 706]","[0.26078683137893677, 0.06137662008404732, 0.05675607919692993, 0.04877685382962227, 0.02476673573255539]"
blur-light,inpainted,798,428,568,0,0.3274940848350525,"[568, 462, 427, 406, 562]","[0.3274940848350525, 0.09031787514686584, 0.06857529282569885, 0.054644010961055756, 0.04362541809678078]"
blur-light,inpainted,799,637,406,0,0.6192764639854431,"[406, 497, 743, 663, 698]","[0.6192764639854431, 0.08499842882156372, 0.05740048363804817, 0.04793794825673103, 0.03543403744697571]"
blur-light,inpainted,800,879,649,0,0.3884771466255188,"[649, 682, 972, 568, 228]","[0.3884771466255188, 0.1716124564409256, 0.04808303713798523, 0.043564070016145706, 0.032509829849004745]"
blur-light,inpainted,801,869,704,0,0.08149576187133789,"[704, 703, 829, 640, 624]","[0.08149576187133789, 0.06880557537078857, 0.05986487492918968, 0.05427064001560211, 0.04528246074914932]"
blur-light,inpainted,802,690,116,0,0.1662989854812622,"[116, 946, 738, 646, 381]","[0.1662989854812622, 0.09448080509901047, 0.06579533219337463, 0.037166494876146317, 0.02931424044072628]"
blur-light,inpainted,803,822,468,0,0.34924885630607605,"[468, 817, 675, 864, 829]","[0.34924885630607605, 0.16373975574970245, 0.0546065978705883, 0.032489944249391556, 0.025473695248365402]"
blur-light,inpainted,804,880,716,0,0.42314887046813965,"[716, 706, 663, 912, 708]","[0.42314887046813965, 0.1311989575624466, 0.10083424299955368, 0.05265828222036362, 0.03780844062566757]"
blur-light,inpainted,805,612,539,0,0.32209619879722595,"[539, 565, 460, 462, 716]","[0.32209619879722595, 0.07917938381433487, 0.07090260833501816, 0.06129961460828781, 0.047798868268728256]"
blur-light,inpainted,806,879,660,0,0.2679198086261749,"[660, 425, 718, 727, 449]","[0.2679198086261749, 0.24173834919929504, 0.1236477941274643, 0.09993316978216171, 0.083936408162117]"
blur-light,inpainted,807,603,706,0,0.3935967981815338,"[706, 743, 765, 741, 687]","[0.3935967981815338, 0.06806773692369461, 0.0625501498579979, 0.0433107390999794, 0.03723428398370743]"
blur-light,inpainted,808,707,835,0,0.35309913754463196,"[835, 704, 646, 751, 706]","[0.35309913754463196, 0.25846418738365173, 0.06843448430299759, 0.0669025257229805, 0.022244947031140327]"
blur-light,inpainted,809,751,703,0,0.06404612958431244,"[703, 975, 904, 799, 706]","[0.06404612958431244, 0.05966528505086899, 0.05776497721672058, 0.04707642272114754, 0.046230826526880264]"
blur-light,inpainted,810,407,716,0,0.5638089179992676,"[716, 975, 525, 460, 646]","[0.5638089179992676, 0.0959857627749443, 0.04124436154961586, 0.026562955230474472, 0.02317909710109234]"
blur-light,inpainted,811,791,791,1,0.3302721679210663,"[791, 706, 880, 603, 612]","[0.3302721679210663, 0.3012242913246155, 0.06857101619243622, 0.06216220557689667, 0.03464503586292267]"
blur-light,inpainted,812,645,454,0,0.2423553168773651,"[454, 624, 698, 580, 582]","[0.2423553168773651, 0.1731833964586258, 0.1573711484670639, 0.08370090276002884, 0.048521801829338074]"
blur-light,inpainted,813,879,718,0,0.2823067605495453,"[718, 449, 421, 624, 877]","[0.2823067605495453, 0.15834887325763702, 0.06671617925167084, 0.05698167905211449, 0.04915778338909149]"
blur-light,inpainted,814,612,975,0,0.2815491855144501,"[975, 408, 595, 621, 449]","[0.2815491855144501, 0.04193830117583275, 0.033976685255765915, 0.02625683695077896, 0.02219412289559841]"
blur-light,inpainted,815,468,706,0,0.13722774386405945,"[706, 703, 880, 343, 820]","[0.13722774386405945, 0.12011091411113739, 0.07627588510513306, 0.0715973973274231, 0.06620262563228607]"
blur-light,inpainted,816,603,727,0,0.08322373777627945,"[727, 525, 853, 912, 425]","[0.08322373777627945, 0.05751349404454231, 0.04660259187221527, 0.04231049492955208, 0.04110676795244217]"
blur-light,inpainted,817,670,975,0,0.09095864742994308,"[975, 346, 408, 880, 706]","[0.09095864742994308, 0.08728445321321487, 0.08136531710624695, 0.07659219205379486, 0.043500594794750214]"
blur-light,inpainted,818,468,829,0,0.2679819166660309,"[829, 706, 874, 833, 637]","[0.2679819166660309, 0.11703824251890182, 0.05391617491841316, 0.0368216410279274, 0.030877092853188515]"
blur-light,inpainted,819,830,706,0,0.4834103286266327,"[706, 495, 799, 877, 743]","[0.4834103286266327, 0.12198550254106522, 0.08798041939735413, 0.042347658425569534, 0.03110029548406601]"
blur-light,inpainted,820,670,706,0,0.1060006394982338,"[706, 460, 489, 716, 839]","[0.1060006394982338, 0.06878510117530823, 0.0678100734949112, 0.05582438409328461, 0.055821824818849564]"
blur-light,inpainted,821,807,523,0,0.25122085213661194,"[523, 749, 784, 731, 559]","[0.25122085213661194, 0.17574675381183624, 0.0824485793709755, 0.07586563378572464, 0.07530985027551651]"
blur-light,inpainted,822,602,580,0,0.33873438835144043,"[580, 706, 458, 727, 791]","[0.33873438835144043, 0.17116022109985352, 0.15059973299503326, 0.054066576063632965, 0.04444868490099907]"
blur-light,inpainted,823,439,660,0,0.07093644142150879,"[660, 752, 874, 22, 518]","[0.07093644142150879, 0.0589846633374691, 0.04359149560332298, 0.04226072505116463, 0.037938252091407776]"
blur-light,inpainted,824,198,421,0,0.2764764726161957,"[421, 831, 436, 511, 475]","[0.2764764726161957, 0.06883493810892105, 0.06880586594343185, 0.06446365267038345, 0.05454351007938385]"
blur-light,inpainted,825,559,104,0,0.08974689990282059,"[104, 646, 106, 649, 334]","[0.08974689990282059, 0.08450103551149368, 0.05326346307992935, 0.03276161849498749, 0.029346106573939323]"
blur-light,inpainted,826,919,682,0,0.23942498862743378,"[682, 557, 437, 974, 657]","[0.23942498862743378, 0.19661720097064972, 0.1471550464630127, 0.07081014662981033, 0.0706678032875061]"
blur-light,inpainted,827,665,912,0,0.20902316272258759,"[912, 525, 821, 698, 888]","[0.20902316272258759, 0.06467890739440918, 0.06422088295221329, 0.0605274923145771, 0.05999961495399475]"
blur-light,inpainted,828,919,525,0,0.6729922890663147,"[525, 977, 706, 835, 460]","[0.6729922890663147, 0.0326017327606678, 0.028606384992599487, 0.0277363620698452, 0.021526632830500603]"
blur-light,inpainted,829,557,698,0,0.38174742460250854,"[698, 668, 663, 483, 708]","[0.38174742460250854, 0.20699542760849, 0.11272653937339783, 0.06430147588253021, 0.03149527311325073]"
blur-light,inpainted,830,864,769,0,0.46244147419929504,"[769, 525, 833, 450, 831]","[0.46244147419929504, 0.1792829930782318, 0.05252959579229355, 0.0513831228017807, 0.021358516067266464]"
blur-light,inpainted,831,880,880,1,0.1788332760334015,"[880, 984, 425, 621, 603]","[0.1788332760334015, 0.07251736521720886, 0.05782555788755417, 0.05364355444908142, 0.049959421157836914]"
blur-light,inpainted,832,870,716,0,0.6427367329597473,"[716, 660, 703, 575, 449]","[0.6427367329597473, 0.034135278314352036, 0.026718351989984512, 0.017641521990299225, 0.0172995924949646]"
blur-light,inpainted,833,439,519,0,0.5132737755775452,"[519, 698, 703, 769, 877]","[0.5132737755775452, 0.05628016218543053, 0.0418313629925251, 0.034553077071905136, 0.031203098595142365]"
blur-light,inpainted,834,728,738,0,0.24463532865047455,"[738, 84, 334, 580, 338]","[0.24463532865047455, 0.06249549984931946, 0.055187202990055084, 0.03861003741621971, 0.03432055935263634]"
blur-light,inpainted,835,920,812,0,0.5093067288398743,"[812, 442, 403, 724, 517]","[0.5093067288398743, 0.06618138402700424, 0.05707558989524841, 0.05350695922970772, 0.04875694215297699]"
blur-light,inpainted,836,608,912,0,0.12940965592861176,"[912, 40, 904, 46, 562]","[0.12940965592861176, 0.0765988677740097, 0.050243865698575974, 0.03683580458164215, 0.03275418281555176]"
blur-light,inpainted,837,919,571,0,0.30047494173049927,"[571, 743, 707, 498, 637]","[0.30047494173049927, 0.11206703633069992, 0.07248776406049728, 0.07117119431495667, 0.062319640070199966]"
blur-light,inpainted,838,612,705,0,0.2476131021976471,"[705, 703, 829, 874, 450]","[0.2476131021976471, 0.10010725259780884, 0.09618502110242844, 0.06649801135063171, 0.050816088914871216]"
blur-light,inpainted,839,919,946,0,0.22952932119369507,"[946, 442, 974, 538, 668]","[0.22952932119369507, 0.11284416913986206, 0.06312026083469391, 0.04842349886894226, 0.03771010413765907]"
blur-light,inpainted,840,571,706,0,0.3048042953014374,"[706, 799, 498, 829, 707]","[0.3048042953014374, 0.11274232715368271, 0.10588403791189194, 0.06482835114002228, 0.06128104031085968]"
blur-light,inpainted,841,575,603,0,0.4269576966762543,"[603, 690, 716, 880, 569]","[0.4269576966762543, 0.22967298328876495, 0.08815771341323853, 0.01405146811157465, 0.01017243042588234]"
blur-light,inpainted,842,870,562,0,0.1303277462720871,"[562, 706, 460, 608, 853]","[0.1303277462720871, 0.0900704562664032, 0.05498046800494194, 0.044175755232572556, 0.04041486978530884]"
blur-light,inpainted,843,919,553,0,0.13666482269763947,"[553, 663, 424, 904, 651]","[0.13666482269763947, 0.12388497591018677, 0.08049449324607849, 0.06911234557628632, 0.06465805321931839]"
blur-light,inpainted,844,879,716,0,0.20052747428417206,"[716, 660, 449, 510, 832]","[0.20052747428417206, 0.17480745911598206, 0.16611775755882263, 0.061283182352781296, 0.03544018790125847]"
blur-light,inpainted,845,690,825,0,0.6616466641426086,"[825, 84, 912, 839, 718]","[0.6616466641426086, 0.04881024360656738, 0.047456320375204086, 0.015134255401790142, 0.014144537970423698]"
blur-light,inpainted,846,879,449,0,0.15652890503406525,"[449, 829, 483, 743, 458]","[0.15652890503406525, 0.13316679000854492, 0.1170632392168045, 0.09662779420614243, 0.06502186506986618]"
blur-light,inpainted,847,412,975,0,0.30431506037712097,"[975, 718, 706, 525, 449]","[0.30431506037712097, 0.24948406219482422, 0.0689377635717392, 0.04862586036324501, 0.02234737202525139]"
blur-light,inpainted,848,412,536,0,0.20987273752689362,"[536, 706, 880, 734, 704]","[0.20987273752689362, 0.20366057753562927, 0.14747588336467743, 0.05535327270627022, 0.04571784660220146]"
blur-light,inpainted,849,751,751,1,0.25912758708000183,"[751, 798, 571, 637, 519]","[0.25912758708000183, 0.06551996618509293, 0.06506578624248505, 0.0607464425265789, 0.04765865206718445]"
blur-light,inpainted,850,489,352,0,0.33554184436798096,"[352, 649, 353, 293, 351]","[0.33554184436798096, 0.1352527141571045, 0.08628636598587036, 0.06740598380565643, 0.06127717345952988]"
blur-light,inpainted,851,223,706,0,0.16635899245738983,"[706, 977, 646, 522, 912]","[0.16635899245738983, 0.08253710716962814, 0.07533149421215057, 0.07216490805149078, 0.04229513928294182]"
blur-light,inpainted,852,603,706,0,0.3779008686542511,"[706, 831, 646, 634, 421]","[0.3779008686542511, 0.13113106787204742, 0.09243150800466537, 0.08074461668729782, 0.03305923938751221]"
blur-light,inpainted,853,862,458,0,0.26621371507644653,"[458, 756, 840, 905, 708]","[0.26621371507644653, 0.14239341020584106, 0.08811929076910019, 0.06537669152021408, 0.046843115240335464]"
blur-light,inpainted,854,612,912,0,0.35121801495552063,"[912, 646, 703, 347, 706]","[0.35121801495552063, 0.22758103907108307, 0.054634708911180496, 0.048670846968889236, 0.02833438478410244]"
blur-light,inpainted,855,154,554,0,0.3688938617706299,"[554, 839, 375, 383, 912]","[0.3688938617706299, 0.13593359291553497, 0.1160297840833664, 0.056868020445108414, 0.042762674391269684]"
blur-light,inpainted,856,560,912,0,0.3799653649330139,"[912, 703, 353, 981, 9]","[0.3799653649330139, 0.0719742551445961, 0.04748097434639931, 0.03373057022690773, 0.0335535928606987]"
blur-light,inpainted,857,852,752,0,0.9454741477966309,"[752, 722, 226, 880, 646]","[0.9454741477966309, 0.02246587909758091, 0.004358716309070587, 0.0028003868646919727, 0.002094666240736842]"
blur-light,inpainted,858,522,746,0,0.46073952317237854,"[746, 462, 260, 220, 721]","[0.46073952317237854, 0.052290767431259155, 0.02633548527956009, 0.02134295552968979, 0.016667403280735016]"
blur-light,inpainted,859,430,896,0,0.12678706645965576,"[896, 798, 526, 519, 430]","[0.12678706645965576, 0.0772070363163948, 0.07640228420495987, 0.06447451561689377, 0.04462707042694092]"
blur-light,inpainted,860,752,904,0,0.3595356345176697,"[904, 556, 489, 727, 425]","[0.3595356345176697, 0.10868062824010849, 0.08597256243228912, 0.048994280397892, 0.04286831617355347]"
blur-light,inpainted,861,852,694,0,0.14778898656368256,"[694, 752, 975, 981, 718]","[0.14778898656368256, 0.1393216848373413, 0.06763605028390884, 0.05078461766242981, 0.042960505932569504]"
blur-light,inpainted,862,746,746,1,0.8736366033554077,"[746, 803, 908, 573, 313]","[0.8736366033554077, 0.01613309606909752, 0.006993659306317568, 0.006002698093652725, 0.0056902258656919]"
blur-light,inpainted,863,702,881,0,0.6431925296783447,"[881, 845, 821, 475, 777]","[0.6431925296783447, 0.044295962899923325, 0.025770869106054306, 0.02367284707725048, 0.015904705971479416]"
blur-light,inpainted,864,560,958,0,0.15616905689239502,"[958, 701, 183, 244, 266]","[0.15616905689239502, 0.06343978643417358, 0.03459414839744568, 0.03344691917300224, 0.023608926683664322]"
blur-light,inpainted,865,746,746,1,0.5774274468421936,"[746, 462, 205, 244, 208]","[0.5774274468421936, 0.12333009392023087, 0.016571413725614548, 0.015138325281441212, 0.012414338067173958]"
blur-light,inpainted,866,430,752,0,0.05706041678786278,"[752, 619, 977, 750, 492]","[0.05706041678786278, 0.05492535978555679, 0.048231564462184906, 0.04462630674242973, 0.037209220230579376]"
blur-light,inpainted,867,450,669,0,0.27342358231544495,"[669, 450, 880, 562, 462]","[0.27342358231544495, 0.0837753564119339, 0.06708979606628418, 0.059659577906131744, 0.038476236164569855]"
blur-light,inpainted,868,890,890,1,0.5085530877113342,"[890, 881, 430, 492, 162]","[0.5085530877113342, 0.05581963062286377, 0.05079372972249985, 0.03322537615895271, 0.018783440813422203]"
blur-light,inpainted,869,746,746,1,0.32442909479141235,"[746, 450, 625, 871, 573]","[0.32442909479141235, 0.1881817728281021, 0.09116318821907043, 0.044859446585178375, 0.043747495859861374]"
blur-light,inpainted,870,560,425,0,0.05402897670865059,"[425, 519, 879, 344, 416]","[0.05402897670865059, 0.0520675927400589, 0.04984094202518463, 0.04646008089184761, 0.03708036616444588]"
blur-light,inpainted,871,752,752,1,0.5722374320030212,"[752, 722, 833, 661, 403]","[0.5722374320030212, 0.15528488159179688, 0.06615208834409714, 0.05506189912557602, 0.03779267519712448]"
blur-light,inpainted,872,702,555,0,0.10781074315309525,"[555, 791, 661, 654, 880]","[0.10781074315309525, 0.10661529004573822, 0.05535460636019707, 0.05231456086039543, 0.040873732417821884]"
blur-light,inpainted,873,160,833,0,0.09146764874458313,"[833, 694, 209, 449, 625]","[0.09146764874458313, 0.08020120114088058, 0.06273713707923889, 0.04944154620170593, 0.04260735213756561]"
blur-light,inpainted,874,430,430,1,0.9098484516143799,"[430, 439, 560, 518, 890]","[0.9098484516143799, 0.0118420934304595, 0.010653296485543251, 0.006647229660302401, 0.004184306599199772]"
blur-light,inpainted,875,430,430,1,0.14634087681770325,"[430, 751, 867, 726, 864]","[0.14634087681770325, 0.10489676892757416, 0.0661306232213974, 0.05361957475543022, 0.05286727473139763]"
blur-light,inpainted,876,499,406,0,0.10125578939914703,"[406, 516, 426, 519, 150]","[0.10125578939914703, 0.09219523519277573, 0.060124754905700684, 0.05378716439008713, 0.04036352038383484]"
blur-light,inpainted,877,418,978,0,0.08631383627653122,"[978, 646, 611, 483, 425]","[0.08631383627653122, 0.04698305204510689, 0.03427862003445625, 0.031171448528766632, 0.025861019268631935]"
blur-light,inpainted,878,849,492,0,0.17511381208896637,"[492, 700, 851, 405, 908]","[0.17511381208896637, 0.11927657574415207, 0.048894014209508896, 0.04526796191930771, 0.03678501024842262]"
blur-light,inpainted,879,899,480,0,0.09573917090892792,"[480, 688, 904, 881, 651]","[0.09573917090892792, 0.08522448688745499, 0.042934659868478775, 0.039380427449941635, 0.038436517119407654]"
blur-light,inpainted,880,963,549,0,0.12865899503231049,"[549, 750, 636, 492, 64]","[0.12865899503231049, 0.03783298283815384, 0.03699413686990738, 0.035191766917705536, 0.030996961519122124]"
blur-light,inpainted,881,956,6,0,0.04063684120774269,"[6, 164, 344, 149, 395]","[0.04063684120774269, 0.030201615765690804, 0.02461526170372963, 0.017219427973031998, 0.015674835070967674]"
blur-light,inpainted,882,961,868,0,0.16581784188747406,"[868, 416, 659, 588, 876]","[0.16581784188747406, 0.13204620778560638, 0.09028080850839615, 0.03836194798350334, 0.0231903288513422]"
blur-light,inpainted,883,786,782,0,0.21078842878341675,"[782, 851, 538, 651, 754]","[0.21078842878341675, 0.07880751043558121, 0.05568849295377731, 0.04197939485311508, 0.036741070449352264]"
blur-light,inpainted,884,440,453,0,0.18297134339809418,"[453, 736, 789, 495, 548]","[0.18297134339809418, 0.08726639300584793, 0.08679702877998352, 0.08327565342187881, 0.07198938727378845]"
blur-light,inpainted,885,846,619,0,0.2571307420730591,"[619, 846, 831, 954, 659]","[0.2571307420730591, 0.12318198382854462, 0.04042290151119232, 0.03222236782312393, 0.024826958775520325]"
blur-light,inpainted,886,969,961,0,0.4338237941265106,"[961, 666, 659, 942, 846]","[0.4338237941265106, 0.08395521342754364, 0.04311944916844368, 0.042199112474918365, 0.03321099653840065]"
blur-light,inpainted,887,945,904,0,0.1356811672449112,"[904, 372, 260, 911, 272]","[0.1356811672449112, 0.0924101173877716, 0.07864540070295334, 0.039279092103242874, 0.03756188601255417]"
blur-light,inpainted,888,752,595,0,0.1893998682498932,"[595, 875, 694, 565, 705]","[0.1893998682498932, 0.1287648230791092, 0.041243311017751694, 0.03719840943813324, 0.033063024282455444]"
blur-light,inpainted,889,651,727,0,0.19677260518074036,"[727, 532, 896, 789, 495]","[0.19677260518074036, 0.1215168759226799, 0.107430100440979, 0.08155316859483719, 0.07406546175479889]"
blur-light,inpainted,890,945,947,0,0.4216587543487549,"[947, 854, 619, 462, 425]","[0.4216587543487549, 0.08037863671779633, 0.0707581639289856, 0.056597355753183365, 0.04912726208567619]"
blur-light,inpainted,891,438,361,0,0.24801859259605408,"[361, 375, 604, 391, 398]","[0.24801859259605408, 0.16235777735710144, 0.14274506270885468, 0.04476320743560791, 0.04474545270204544]"
blur-light,inpainted,892,441,500,0,0.11205200105905533,"[500, 977, 325, 529, 549]","[0.11205200105905533, 0.061660319566726685, 0.04263029992580414, 0.038974031805992126, 0.03489866480231285]"
blur-light,inpainted,893,818,549,0,0.11182360351085663,"[549, 769, 434, 806, 700]","[0.11182360351085663, 0.075557641685009, 0.0706513449549675, 0.06926830112934113, 0.06629057973623276]"
blur-light,inpainted,894,941,263,0,0.1777331829071045,"[263, 930, 961, 551, 816]","[0.1777331829071045, 0.09314119815826416, 0.051291704177856445, 0.02534271404147148, 0.025055360049009323]"
blur-light,inpainted,895,711,758,0,0.17413675785064697,"[758, 764, 677, 522, 763]","[0.17413675785064697, 0.043176911771297455, 0.03327401727437973, 0.02691405825316906, 0.024632476270198822]"
blur-light,inpainted,896,152,52,0,0.05971004441380501,"[52, 623, 904, 972, 201]","[0.05971004441380501, 0.038713108748197556, 0.03784053027629852, 0.028813719749450684, 0.026933517307043076]"
blur-light,inpainted,897,996,777,0,0.07832357287406921,"[777, 542, 587, 753, 421]","[0.07832357287406921, 0.0597582571208477, 0.0578526146709919, 0.05737942084670067, 0.052600059658288956]"
blur-light,inpainted,898,898,532,0,0.16566641628742218,"[532, 940, 325, 230, 263]","[0.16566641628742218, 0.0934421494603157, 0.04403134062886238, 0.03362544625997543, 0.03330785036087036]"
blur-light,inpainted,899,441,441,1,0.2180994153022766,"[441, 470, 883, 737, 849]","[0.2180994153022766, 0.20680277049541473, 0.04953525587916374, 0.04123586043715477, 0.03366994857788086]"
blur-light,inpainted,900,953,769,0,0.10223426669836044,"[769, 499, 549, 419, 674]","[0.10223426669836044, 0.10161566734313965, 0.06687138974666595, 0.05233071371912956, 0.034969836473464966]"
blur-light,inpainted,901,505,659,0,0.19480650126934052,"[659, 549, 798, 769, 700]","[0.19480650126934052, 0.11887257546186447, 0.056438595056533813, 0.053544994443655014, 0.033729612827301025]"
blur-light,inpainted,902,773,419,0,0.1733335256576538,"[419, 673, 678, 680, 589]","[0.1733335256576538, 0.08807393163442612, 0.049259062856435776, 0.03146284073591232, 0.03069150634109974]"
blur-light,inpainted,903,942,695,0,0.09825992584228516,"[695, 577, 600, 429, 776]","[0.09825992584228516, 0.06604098528623581, 0.051616840064525604, 0.03750462830066681, 0.036623504012823105]"
blur-light,inpainted,904,891,704,0,0.18713249266147614,"[704, 84, 716, 703, 313]","[0.18713249266147614, 0.04750906303524971, 0.04084300622344017, 0.04002568870782852, 0.029124680906534195]"
blur-light,inpainted,905,968,406,0,0.09601514041423798,"[406, 509, 791, 539, 454]","[0.09601514041423798, 0.09409169852733612, 0.06938701122999191, 0.06224873289465904, 0.057187728583812714]"
blur-light,inpainted,906,942,849,0,0.19792556762695312,"[849, 613, 673, 719, 572]","[0.19792556762695312, 0.07110332697629929, 0.05118406563997269, 0.044767387211322784, 0.03877129405736923]"
blur-light,inpainted,907,941,816,0,0.12148045003414154,"[816, 160, 737, 585, 226]","[0.12148045003414154, 0.059550125151872635, 0.050913579761981964, 0.04314868524670601, 0.029490163549780846]"
blur-light,inpainted,908,418,276,0,0.07023749500513077,"[276, 500, 318, 69, 972]","[0.07023749500513077, 0.06036124378442764, 0.05195505917072296, 0.04780298471450806, 0.04762740433216095]"
blur-light,inpainted,909,928,908,0,0.24522660672664642,"[908, 816, 587, 418, 910]","[0.24522660672664642, 0.09302020072937012, 0.09197445958852768, 0.06222744286060333, 0.047316450625658035]"
blur-light,inpainted,910,934,472,0,0.3158407211303711,"[472, 537, 814, 514, 160]","[0.3158407211303711, 0.13422207534313202, 0.10587847977876663, 0.0341213196516037, 0.02456383779644966]"
blur-light,inpainted,911,968,816,0,0.36200985312461853,"[816, 588, 611, 721, 411]","[0.36200985312461853, 0.11904972046613693, 0.10855159163475037, 0.08613383769989014, 0.040063176304101944]"
blur-light,inpainted,912,923,911,0,0.3084254562854767,"[911, 76, 824, 230, 474]","[0.3084254562854767, 0.08189282566308975, 0.05371712148189545, 0.03550088778138161, 0.03294052928686142]"
blur-light,inpainted,913,194,374,0,0.17190849781036377,"[374, 375, 89, 373, 368]","[0.17190849781036377, 0.15158623456954956, 0.06089697405695915, 0.04496286064386368, 0.03876591846346855]"
blur-light,inpainted,914,927,750,0,0.20047307014465332,"[750, 532, 492, 831, 421]","[0.20047307014465332, 0.13479550182819366, 0.07692107558250427, 0.07258632034063339, 0.06118828430771828]"
blur-light,inpainted,915,686,526,0,0.1718708574771881,"[526, 664, 896, 532, 666]","[0.1718708574771881, 0.059778403490781784, 0.05549183115363121, 0.052626848220825195, 0.0450214259326458]"
blur-light,inpainted,916,737,416,0,0.06712162494659424,"[416, 468, 822, 555, 428]","[0.06712162494659424, 0.05832841247320175, 0.05181875079870224, 0.04958592727780342, 0.04958396404981613]"
blur-light,inpainted,917,849,79,0,0.052312176674604416,"[79, 979, 852, 825, 976]","[0.052312176674604416, 0.04038140922784805, 0.035947974771261215, 0.032099537551403046, 0.029590673744678497]"
blur-light,inpainted,918,855,230,0,0.09491302073001862,"[230, 263, 700, 558, 563]","[0.09491302073001862, 0.05184934660792351, 0.046136289834976196, 0.036619409918785095, 0.020970890298485756]"
blur-light,inpainted,919,611,876,0,0.19802312552928925,"[876, 889, 778, 486, 169]","[0.19802312552928925, 0.06071564927697182, 0.03741239011287689, 0.032564982771873474, 0.02640240266919136]"
blur-light,inpainted,920,545,697,0,0.08556032180786133,"[697, 669, 854, 885, 689]","[0.08556032180786133, 0.07594964653253555, 0.07266196608543396, 0.06969810277223587, 0.061207305639982224]"
blur-light,inpainted,921,761,532,0,0.5839856266975403,"[532, 669, 492, 88, 806]","[0.5839856266975403, 0.07558225095272064, 0.040499694645404816, 0.03396070748567581, 0.02470010705292225]"
blur-light,inpainted,922,521,462,0,0.054904256016016006,"[462, 302, 686, 543, 514]","[0.054904256016016006, 0.05235869064927101, 0.037717241793870926, 0.029391061514616013, 0.026117639616131783]"
blur-light,inpainted,923,626,440,0,0.07308991253376007,"[440, 910, 28, 621, 666]","[0.07308991253376007, 0.04375965893268585, 0.04147908464074135, 0.0381978377699852, 0.032385315746068954]"
blur-light,inpainted,924,441,726,0,0.2951517105102539,"[726, 681, 620, 882, 506]","[0.2951517105102539, 0.0933540090918541, 0.04926161840558052, 0.04147033765912056, 0.032458916306495667]"
blur-light,inpainted,925,438,828,0,0.1260536164045334,"[828, 836, 618, 302, 622]","[0.1260536164045334, 0.11367244273424149, 0.09165821224451065, 0.03381549194455147, 0.03142420947551727]"
blur-light,inpainted,926,426,446,0,0.2882448136806488,"[446, 563, 418, 846, 662]","[0.2882448136806488, 0.17294037342071533, 0.028800342231988907, 0.022959312424063683, 0.018613670021295547]"
blur-light,inpainted,927,710,413,0,0.1171770840883255,"[413, 525, 657, 634, 744]","[0.1171770840883255, 0.10288023948669434, 0.07464925199747086, 0.045584678649902344, 0.0322345495223999]"
blur-light,inpainted,928,613,610,0,0.18764081597328186,"[610, 700, 434, 619, 961]","[0.18764081597328186, 0.1446121484041214, 0.13032041490077972, 0.06271079182624817, 0.05977991595864296]"
blur-light,inpainted,929,574,659,0,0.1369909793138504,"[659, 876, 896, 831, 553]","[0.1369909793138504, 0.06941048055887222, 0.05368124321103096, 0.04592292010784149, 0.03679224103689194]"
blur-light,inpainted,930,882,617,0,0.15225934982299805,"[617, 876, 982, 543, 722]","[0.15225934982299805, 0.09554671496152878, 0.08584565669298172, 0.07373278588056564, 0.047882068902254105]"
blur-light,inpainted,931,647,881,0,0.7252867221832275,"[881, 827, 681, 548, 492]","[0.7252867221832275, 0.11988060921430588, 0.031075702980160713, 0.013471696525812149, 0.01276068203151226]"
blur-light,inpainted,932,737,975,0,0.3398764729499817,"[975, 562, 888, 525, 580]","[0.3398764729499817, 0.04737416282296181, 0.04671231657266617, 0.043401557952165604, 0.04237835854291916]"
blur-light,inpainted,933,963,549,0,0.10543490946292877,"[549, 519, 313, 835, 764]","[0.10543490946292877, 0.03359893336892128, 0.032938338816165924, 0.03206793963909149, 0.024974679574370384]"
blur-light,inpainted,934,662,975,0,0.4218493700027466,"[975, 283, 718, 336, 460]","[0.4218493700027466, 0.166572704911232, 0.04115958884358406, 0.035489771515131, 0.03212042525410652]"
blur-light,inpainted,935,891,532,0,0.14603324234485626,"[532, 700, 877, 462, 314]","[0.14603324234485626, 0.08582305908203125, 0.08130982518196106, 0.047375112771987915, 0.04357641562819481]"
blur-light,inpainted,936,891,492,0,0.16371400654315948,"[492, 532, 868, 700, 674]","[0.16371400654315948, 0.11260657757520676, 0.10337934643030167, 0.09476792812347412, 0.04782188683748245]"
blur-light,inpainted,937,710,630,0,0.12839071452617645,"[630, 769, 549, 606, 591]","[0.12839071452617645, 0.06150374189019203, 0.04500366374850273, 0.03747441992163658, 0.03563510254025459]"
blur-light,inpainted,938,188,539,0,0.11107929795980453,"[539, 435, 421, 782, 876]","[0.11107929795980453, 0.10374801605939865, 0.08709647506475449, 0.0719379335641861, 0.046926673501729965]"
blur-light,inpainted,939,503,405,0,0.2001221776008606,"[405, 419, 549, 908, 434]","[0.2001221776008606, 0.14539092779159546, 0.08127330243587494, 0.05201401188969612, 0.04121702164411545]"
blur-light,inpainted,940,849,974,0,0.2381269931793213,"[974, 909, 659, 499, 868]","[0.2381269931793213, 0.11504388600587845, 0.07403773814439774, 0.06911436468362808, 0.04603644460439682]"
blur-light,inpainted,941,968,831,0,0.28514012694358826,"[831, 721, 462, 434, 700]","[0.28514012694358826, 0.1889985054731369, 0.04466531053185463, 0.03665776923298836, 0.03496401011943817]"
blur-light,inpainted,942,438,435,0,0.11994261294603348,"[435, 876, 669, 659, 708]","[0.11994261294603348, 0.07364780455827713, 0.03093080222606659, 0.027809318155050278, 0.026027167215943336]"
blur-light,inpainted,943,530,492,0,0.13679112493991852,"[492, 868, 453, 831, 904]","[0.13679112493991852, 0.11558009684085846, 0.058136116713285446, 0.051182813942432404, 0.04469824954867363]"
blur-light,inpainted,944,613,769,0,0.12431783974170685,"[769, 549, 216, 530, 591]","[0.12431783974170685, 0.10660934448242188, 0.1022588238120079, 0.03336384519934654, 0.025541311129927635]"
blur-light,inpainted,945,786,799,0,0.10733312368392944,"[799, 478, 421, 905, 669]","[0.10733312368392944, 0.09790927171707153, 0.07699188590049744, 0.07077311724424362, 0.052735138684511185]"
blur-light,inpainted,946,466,835,0,0.2938554584980011,"[835, 807, 913, 694, 791]","[0.2938554584980011, 0.23937466740608215, 0.03700800612568855, 0.0368431992828846, 0.0368226133286953]"
blur-light,inpainted,947,466,466,1,0.8556689023971558,"[466, 912, 536, 705, 547]","[0.8556689023971558, 0.0641600489616394, 0.01338098756968975, 0.009048357605934143, 0.006890786811709404]"
blur-light,inpainted,948,466,839,0,0.4164861738681793,"[839, 900, 525, 580, 718]","[0.4164861738681793, 0.1655304729938507, 0.09829594194889069, 0.05356135964393616, 0.01889713481068611]"
blur-light,inpainted,949,547,466,0,0.8841765522956848,"[466, 705, 547, 829, 593]","[0.8841765522956848, 0.10976247489452362, 0.004426250699907541, 0.0007210903568193316, 0.0002437829680275172]"
blur-light,inpainted,950,547,547,1,0.7010107636451721,"[547, 565, 705, 912, 820]","[0.7010107636451721, 0.06043282896280289, 0.046797264367341995, 0.04621295630931854, 0.04153963178396225]"
blur-light,inpainted,951,547,912,0,0.15403981506824493,"[912, 839, 888, 425, 385]","[0.15403981506824493, 0.14200221002101898, 0.08858805894851685, 0.07035333663225174, 0.06328114867210388]"
blur-light,inpainted,952,466,466,1,0.9947118759155273,"[466, 525, 839, 718, 833]","[0.9947118759155273, 0.0010510444408282638, 0.0008516684174537659, 0.00038965826388448477, 0.00034874456468969584]"
blur-light,inpainted,953,466,466,1,0.6354140639305115,"[466, 547, 705, 829, 580]","[0.6354140639305115, 0.2733277976512909, 0.06175608932971954, 0.010545652359724045, 0.0041265711188316345]"
blur-light,inpainted,954,829,833,0,0.8374471068382263,"[833, 705, 829, 718, 510]","[0.8374471068382263, 0.054128389805555344, 0.018901033326983452, 0.012804150581359863, 0.010143369436264038]"
blur-light,inpainted,955,547,821,0,0.24825282394886017,"[821, 547, 705, 718, 807]","[0.24825282394886017, 0.17110154032707214, 0.13427391648292542, 0.07665164023637772, 0.07390381395816803]"
blur-light,inpainted,956,829,829,1,0.6547565460205078,"[829, 874, 833, 510, 547]","[0.6547565460205078, 0.06374222785234451, 0.0603412389755249, 0.052717115730047226, 0.02853611670434475]"
blur-light,inpainted,957,829,576,0,0.36050453782081604,"[576, 562, 424, 724, 829]","[0.36050453782081604, 0.16461478173732758, 0.10588366538286209, 0.04532293230295181, 0.035565085709095]"
blur-light,inpainted,958,829,536,0,0.20508503913879395,"[536, 829, 920, 668, 780]","[0.20508503913879395, 0.1305398792028427, 0.09439486265182495, 0.09350027143955231, 0.08453209698200226]"
blur-light,inpainted,959,820,525,0,0.5579602122306824,"[525, 547, 705, 839, 84]","[0.5579602122306824, 0.15989792346954346, 0.08676676452159882, 0.056554898619651794, 0.04628654941916466]"
blur-light,inpainted,960,820,39,0,0.3285256326198578,"[39, 372, 853, 48, 280]","[0.3285256326198578, 0.1314881592988968, 0.0841464027762413, 0.03606629744172096, 0.025540171191096306]"
blur-light,inpainted,961,829,829,1,0.16944465041160583,"[829, 743, 706, 825, 975]","[0.16944465041160583, 0.10051170736551285, 0.06114576756954193, 0.054349303245544434, 0.039087116718292236]"
blur-light,inpainted,962,820,329,0,0.5188899040222168,"[329, 990, 979, 115, 888]","[0.5188899040222168, 0.11511784046888351, 0.024019770324230194, 0.023838691413402557, 0.016886333003640175]"
blur-light,inpainted,963,829,829,1,0.7709329724311829,"[829, 791, 510, 536, 833]","[0.7709329724311829, 0.09947746247053146, 0.021219396963715553, 0.020220039412379265, 0.01220831647515297]"
blur-light,inpainted,964,829,698,0,0.7576748728752136,"[698, 829, 873, 640, 663]","[0.7576748728752136, 0.09580671042203903, 0.017439430579543114, 0.015168671496212482, 0.01322731003165245]"
blur-light,inpainted,965,829,703,0,0.520314633846283,"[703, 839, 705, 920, 410]","[0.520314633846283, 0.0711376741528511, 0.0644056424498558, 0.039084307849407196, 0.03004125878214836]"
blur-light,inpainted,966,820,646,0,0.13923439383506775,"[646, 912, 634, 825, 703]","[0.13923439383506775, 0.12771202623844147, 0.08479614555835724, 0.07927815616130829, 0.05760160833597183]"
blur-light,inpainted,967,829,698,0,0.7069751620292664,"[698, 498, 663, 829, 497]","[0.7069751620292664, 0.11334332823753357, 0.06264913082122803, 0.03958453983068466, 0.028375880792737007]"
blur-light,inpainted,968,102,318,0,0.5643991231918335,"[318, 308, 40, 319, 320]","[0.5643991231918335, 0.09051664918661118, 0.08322641253471375, 0.06024260073900223, 0.022235581651329994]"
blur-light,inpainted,969,850,398,0,0.11014638096094131,"[398, 753, 458, 922, 419]","[0.11014638096094131, 0.0933922529220581, 0.0792592316865921, 0.07537766546010971, 0.042910825461149216]"
blur-light,inpainted,970,850,736,0,0.11670345813035965,"[736, 681, 549, 701, 620]","[0.11670345813035965, 0.07247772067785263, 0.056910440325737, 0.03809414431452751, 0.03418324515223503]"
blur-light,inpainted,971,539,939,0,0.23735910654067993,"[939, 904, 626, 620, 662]","[0.23735910654067993, 0.14415723085403442, 0.06510744988918304, 0.056967541575431824, 0.04426746815443039]"
blur-light,inpainted,972,374,977,0,0.15445727109909058,"[977, 835, 460, 777, 41]","[0.15445727109909058, 0.044852640479803085, 0.03554509952664375, 0.03516029939055443, 0.03497627377510071]"
blur-light,inpainted,973,601,884,0,0.2155761569738388,"[884, 706, 750, 741, 532]","[0.2155761569738388, 0.13936826586723328, 0.1128283441066742, 0.07793598622083664, 0.03218892216682434]"
blur-light,inpainted,974,929,877,0,0.2723934054374695,"[877, 539, 999, 721, 747]","[0.2723934054374695, 0.05733488127589226, 0.05304476618766785, 0.0467914417386055, 0.037916287779808044]"
blur-light,inpainted,975,203,13,0,0.09589940309524536,"[13, 259, 500, 40, 462]","[0.09589940309524536, 0.03634323924779892, 0.036016661673784256, 0.030269905924797058, 0.026454519480466843]"
blur-light,inpainted,976,532,618,0,0.1299990713596344,"[618, 516, 549, 492, 542]","[0.1299990713596344, 0.10393133759498596, 0.09350686520338058, 0.07364319264888763, 0.06202396750450134]"
blur-light,inpainted,977,153,977,0,0.11188875883817673,"[977, 706, 738, 978, 847]","[0.11188875883817673, 0.08224903792142868, 0.04912320896983147, 0.042856913059949875, 0.0335848443210125]"
blur-light,inpainted,978,733,4,0,0.19614487886428833,"[4, 623, 263, 587, 542]","[0.19614487886428833, 0.03750951960682869, 0.030837828293442726, 0.030283519998192787, 0.024866240099072456]"
blur-light,inpainted,979,363,363,1,0.2617722451686859,"[363, 539, 67, 706, 777]","[0.2617722451686859, 0.083366759121418, 0.07470133155584335, 0.06141527369618416, 0.05903363227844238]"
blur-light,inpainted,980,674,539,0,0.33900755643844604,"[539, 811, 703, 805, 522]","[0.33900755643844604, 0.0548531711101532, 0.05299775302410126, 0.032951660454273224, 0.029273467138409615]"
blur-light,inpainted,981,778,456,0,0.19039607048034668,"[456, 549, 70, 313, 312]","[0.19039607048034668, 0.16047489643096924, 0.13240018486976624, 0.1211441233754158, 0.1028672307729721]"
blur-light,inpainted,982,765,435,0,0.11221862584352493,"[435, 539, 653, 419, 876]","[0.11221862584352493, 0.10097774118185043, 0.07445681840181351, 0.05606970191001892, 0.04568596929311752]"
blur-light,inpainted,983,161,706,0,0.24688833951950073,"[706, 539, 534, 831, 770]","[0.24688833951950073, 0.20683765411376953, 0.11517158150672913, 0.05025699362158775, 0.03093457594513893]"
blur-light,inpainted,984,539,317,0,0.19026491045951843,"[317, 318, 640, 904, 403]","[0.19026491045951843, 0.17735248804092407, 0.06900730729103088, 0.02678840421140194, 0.02142978273332119]"
blur-light,inpainted,985,999,162,0,0.08093144744634628,"[162, 677, 695, 230, 658]","[0.08093144744634628, 0.04851818084716797, 0.047754451632499695, 0.04401637613773346, 0.043034233152866364]"
blur-light,inpainted,986,715,212,0,0.162549689412117,"[212, 355, 360, 50, 334]","[0.162549689412117, 0.05276327580213547, 0.041424479335546494, 0.03166552633047104, 0.02426358312368393]"
blur-light,inpainted,987,153,490,0,0.14294244349002838,"[490, 305, 162, 151, 676]","[0.14294244349002838, 0.04810697212815285, 0.0316757895052433, 0.024952901527285576, 0.022664746269583702]"
blur-light,inpainted,988,161,437,0,0.07333202660083771,"[437, 472, 905, 499, 84]","[0.07333202660083771, 0.03383065387606621, 0.028809716925024986, 0.026389334350824356, 0.025733260437846184]"
blur-light,inpainted,989,543,879,0,0.14236879348754883,"[879, 549, 628, 553, 908]","[0.14236879348754883, 0.13646095991134644, 0.12028818577528, 0.11598854511976242, 0.04487636685371399]"
blur-light,inpainted,990,161,630,0,0.5793094635009766,"[630, 502, 774, 446, 681]","[0.5793094635009766, 0.15217198431491852, 0.017996616661548615, 0.017825700342655182, 0.015421085990965366]"
blur-light,inpainted,991,849,608,0,0.6147337555885315,"[608, 70, 302, 529, 301]","[0.6147337555885315, 0.14717227220535278, 0.01682182215154171, 0.01677621342241764, 0.014886860735714436]"
blur-light,inpainted,992,422,743,0,0.25403857231140137,"[743, 422, 523, 559, 462]","[0.25403857231140137, 0.19775980710983276, 0.09341182559728622, 0.08464428037405014, 0.07226516306400299]"
blur-light,inpainted,993,157,286,0,0.12350813299417496,"[286, 872, 884, 421, 888]","[0.12350813299417496, 0.05015777423977852, 0.02772151492536068, 0.023288754746317863, 0.017471181228756905]"
blur-light,inpainted,994,193,807,0,0.3414165675640106,"[807, 642, 703, 449, 920]","[0.3414165675640106, 0.18821272253990173, 0.06015938147902489, 0.05429248884320259, 0.034554142504930496]"
blur-light,inpainted,995,728,741,0,0.13270443677902222,"[741, 497, 887, 775, 532]","[0.13270443677902222, 0.10148143023252487, 0.03826211020350456, 0.03776572272181511, 0.03595469146966934]"
blur-light,inpainted,996,201,640,0,0.6300360560417175,"[640, 815, 458, 73, 835]","[0.6300360560417175, 0.20759035646915436, 0.08170352876186371, 0.00899559073150158, 0.007721468340605497]"
blur-light,inpainted,997,174,539,0,0.15095862746238708,"[539, 618, 463, 827, 785]","[0.15095862746238708, 0.06872394680976868, 0.04686999320983887, 0.03619474172592163, 0.02983006462454796]"
blur-light,inpainted,998,171,67,0,0.15907205641269684,"[67, 54, 640, 34, 82]","[0.15907205641269684, 0.1240023523569107, 0.07996693253517151, 0.07008110731840134, 0.061291083693504333]"
blur-light,inpainted,999,161,882,0,0.2719244658946991,"[882, 706, 450, 811, 223]","[0.2719244658946991, 0.15999723970890045, 0.05667443946003914, 0.052701693028211594, 0.0233718641102314]"
blur-light,inpainted,1000,882,853,0,0.43067505955696106,"[853, 891, 588, 884, 539]","[0.43067505955696106, 0.12831901013851166, 0.05033867433667183, 0.026407822966575623, 0.02559037134051323]"
blur-light,inpainted,1001,199,882,0,0.3536823093891144,"[882, 154, 831, 534, 263]","[0.3536823093891144, 0.05148361995816231, 0.04795438423752785, 0.037897031754255295, 0.03644101694226265]"
blur-light,inpainted,1002,226,726,0,0.11142762005329132,"[726, 519, 516, 492, 184]","[0.11142762005329132, 0.06012430414557457, 0.037947021424770355, 0.031664490699768066, 0.028337255120277405]"
blur-light,inpainted,1003,559,753,0,0.7011467218399048,"[753, 905, 492, 881, 811]","[0.7011467218399048, 0.06124115735292435, 0.04692962020635605, 0.03899160027503967, 0.01679927669465542]"
blur-light,inpainted,1004,532,534,0,0.44823339581489563,"[534, 421, 831, 706, 516]","[0.44823339581489563, 0.041390832513570786, 0.03523961082100868, 0.033156052231788635, 0.024472558870911598]"
blur-light,inpainted,1005,882,532,0,0.44547325372695923,"[532, 493, 840, 421, 882]","[0.44547325372695923, 0.0865715965628624, 0.03432825207710266, 0.032180652022361755, 0.020650340244174004]"
blur-light,inpainted,1006,174,284,0,0.09801734983921051,"[284, 243, 722, 180, 2]","[0.09801734983921051, 0.04400940239429474, 0.03660730645060539, 0.03281354531645775, 0.029450712725520134]"
blur-light,inpainted,1007,86,361,0,0.028982270509004593,"[361, 330, 44, 356, 41]","[0.028982270509004593, 0.028162118047475815, 0.02705984190106392, 0.026891835033893585, 0.026500480249524117]"
blur-light,inpainted,1008,178,526,0,0.24022139608860016,"[526, 553, 543, 421, 756]","[0.24022139608860016, 0.05005667358636856, 0.03904065489768982, 0.03530239686369896, 0.03473874554038048]"
blur-light,inpainted,1009,252,803,0,0.36562806367874146,"[803, 562, 637, 425, 555]","[0.36562806367874146, 0.1492169350385666, 0.04064483195543289, 0.039810534566640854, 0.03035380318760872]"
blur-light,inpainted,1010,156,192,0,0.09310871362686157,"[192, 196, 182, 428, 245]","[0.09310871362686157, 0.07637862861156464, 0.04902094975113869, 0.043780114501714706, 0.03521670773625374]"
blur-light,inpainted,1011,208,769,0,0.2814466655254364,"[769, 608, 559, 879, 893]","[0.2814466655254364, 0.2611945569515228, 0.02873612567782402, 0.024748288094997406, 0.023627031594514847]"
blur-light,inpainted,1012,543,549,0,0.4175472557544708,"[549, 526, 532, 193, 831]","[0.4175472557544708, 0.06948888301849365, 0.0665692538022995, 0.05451025813817978, 0.051902804523706436]"
blur-light,inpainted,1013,444,708,0,0.1362127959728241,"[708, 564, 653, 424, 831]","[0.1362127959728241, 0.10541682690382004, 0.060914646834135056, 0.051043689250946045, 0.0425424762070179]"
blur-light,inpainted,1014,823,877,0,0.15073458850383759,"[877, 421, 794, 884, 478]","[0.15073458850383759, 0.10996074229478836, 0.10562444478273392, 0.06550638377666473, 0.061926815658807755]"
blur-light,inpainted,1015,841,706,0,0.237752765417099,"[706, 829, 341, 334, 694]","[0.237752765417099, 0.08401792496442795, 0.07246003299951553, 0.05215592682361603, 0.044193085283041]"
blur-light,inpainted,1016,581,603,0,0.285233736038208,"[603, 450, 471, 586, 642]","[0.285233736038208, 0.2391105443239212, 0.060788463801145554, 0.047099240124225616, 0.04383241385221481]"
blur-light,inpainted,1017,601,406,0,0.7311450242996216,"[406, 762, 562, 716, 646]","[0.7311450242996216, 0.08107130974531174, 0.021463841199874878, 0.01330614648759365, 0.010788343846797943]"
blur-light,inpainted,1018,857,741,0,0.2820698320865631,"[741, 564, 682, 857, 904]","[0.2820698320865631, 0.22792574763298035, 0.1633862406015396, 0.08463449776172638, 0.03747072443366051]"
blur-light,inpainted,1019,822,876,0,0.13180893659591675,"[876, 669, 831, 421, 431]","[0.13180893659591675, 0.11436022073030472, 0.09710060805082321, 0.08153051137924194, 0.07270093262195587]"
blur-light,inpainted,1020,543,575,0,0.14578689634799957,"[575, 660, 757, 449, 561]","[0.14578689634799957, 0.09247330576181412, 0.09128603339195251, 0.0832391157746315, 0.07558579742908478]"
blur-light,inpainted,1021,559,706,0,0.47725075483322144,"[706, 743, 631, 799, 204]","[0.47725075483322144, 0.1492781937122345, 0.036268752068281174, 0.025867633521556854, 0.022880636155605316]"
blur-light,inpainted,1022,863,534,0,0.09408285468816757,"[534, 727, 876, 833, 896]","[0.09408285468816757, 0.07603716105222702, 0.07601983845233917, 0.06262961030006409, 0.05315230041742325]"
blur-light,inpainted,1023,486,332,0,0.1180979385972023,"[332, 283, 883, 618, 876]","[0.1180979385972023, 0.08330007642507553, 0.049087461084127426, 0.025268808007240295, 0.024163156747817993]"
blur-light,inpainted,1024,450,534,0,0.29806697368621826,"[534, 681, 466, 508, 810]","[0.29806697368621826, 0.2172061949968338, 0.15999934077262878, 0.04051950201392174, 0.027139965444803238]"
blur-light,inpainted,1025,615,423,0,0.4024851322174072,"[423, 561, 657, 668, 497]","[0.4024851322174072, 0.16492772102355957, 0.13504494726657867, 0.10080810636281967, 0.015861479565501213]"
blur-light,inpainted,1026,579,854,0,0.6327866911888123,"[854, 727, 542, 846, 619]","[0.6327866911888123, 0.08756402134895325, 0.073798768222332, 0.05696416273713112, 0.027705803513526917]"
blur-light,inpainted,1027,790,398,0,0.31706178188323975,"[398, 538, 790, 481, 860]","[0.31706178188323975, 0.12386631965637207, 0.10204855352640152, 0.06584616750478745, 0.04234309121966362]"
blur-light,inpainted,1028,160,819,0,0.4505135416984558,"[819, 440, 737, 907, 788]","[0.4505135416984558, 0.238315612077713, 0.030756372958421707, 0.02912129834294319, 0.027668897062540054]"
blur-light,inpainted,1029,422,523,0,0.5217979550361633,"[523, 422, 519, 914, 869]","[0.5217979550361633, 0.04612566530704498, 0.04335556551814079, 0.037742722779512405, 0.03366820886731148]"
blur-light,inpainted,1030,882,421,0,0.4621616303920746,"[421, 744, 657, 532, 559]","[0.4621616303920746, 0.18368378281593323, 0.1114879697561264, 0.04840274527668953, 0.019034048542380333]"
blur-light,inpainted,1031,608,706,0,0.4503965973854065,"[706, 877, 421, 799, 743]","[0.4503965973854065, 0.12736979126930237, 0.10392487049102783, 0.0728423073887825, 0.033571287989616394]"
blur-light,inpainted,1032,489,857,0,0.7912344336509705,"[857, 406, 497, 800, 887]","[0.7912344336509705, 0.04652462899684906, 0.0431927852332592, 0.032778337597846985, 0.012038219720125198]"
blur-light,inpainted,1033,212,549,0,0.39324235916137695,"[549, 628, 921, 403, 798]","[0.39324235916137695, 0.07628950476646423, 0.04881303757429123, 0.036723792552948, 0.03474787250161171]"
blur-light,inpainted,1034,145,979,0,0.16051766276359558,"[979, 84, 976, 978, 706]","[0.16051766276359558, 0.054091569036245346, 0.04150131717324257, 0.03527694568037987, 0.030907025560736656]"
blur-light,inpainted,1035,103,777,0,0.4331507384777069,"[777, 729, 587, 492, 769]","[0.4331507384777069, 0.1179790049791336, 0.06825223565101624, 0.057032156735658646, 0.038601040840148926]"
blur-light,inpainted,1036,148,148,1,0.7473853230476379,"[148, 611, 147, 977, 842]","[0.7473853230476379, 0.034495722502470016, 0.03078189119696617, 0.024251727387309074, 0.018900688737630844]"
blur-light,inpainted,1037,149,149,1,0.47947391867637634,"[149, 977, 147, 65, 973]","[0.47947391867637634, 0.1577845960855484, 0.06242944672703743, 0.0309212077409029, 0.029643932357430458]"
blur-light,inpainted,1038,103,103,1,0.6647858023643494,"[103, 941, 395, 909, 939]","[0.6647858023643494, 0.025676418095827103, 0.019063333049416542, 0.01624874584376812, 0.013166702352464199]"
blur-light,inpainted,1039,148,148,1,0.31044045090675354,"[148, 842, 611, 84, 775]","[0.31044045090675354, 0.24295954406261444, 0.11718543618917465, 0.046062223613262177, 0.038572296500205994]"
blur-light,inpainted,1040,148,562,0,0.46442079544067383,"[562, 148, 814, 876, 833]","[0.46442079544067383, 0.13525550067424774, 0.05592090263962746, 0.035674843937158585, 0.03228774294257164]"
blur-light,inpainted,1041,148,148,1,0.307407021522522,"[148, 147, 913, 6, 801]","[0.307407021522522, 0.13640740513801575, 0.11085307598114014, 0.07378747314214706, 0.03986959904432297]"
blur-light,inpainted,1042,983,6,0,0.33672428131103516,"[6, 3, 4, 149, 913]","[0.33672428131103516, 0.2671617865562439, 0.15426243841648102, 0.05760382115840912, 0.019059307873249054]"
blur-light,inpainted,1043,842,646,0,0.20976443588733673,"[646, 975, 879, 329, 475]","[0.20976443588733673, 0.08998595178127289, 0.04425077140331268, 0.03782946616411209, 0.03368981182575226]"
blur-light,inpainted,1044,1,1,1,0.6019644737243652,"[1, 824, 980, 658, 552]","[0.6019644737243652, 0.07100918889045715, 0.0693480521440506, 0.06625775247812271, 0.029009070247411728]"
blur-light,inpainted,1045,36,394,0,0.15671829879283905,"[394, 395, 390, 6, 104]","[0.15671829879283905, 0.14598114788532257, 0.1253403276205063, 0.04692910239100456, 0.04506957530975342]"
blur-light,inpainted,1046,155,562,0,0.19821016490459442,"[562, 472, 984, 425, 706]","[0.19821016490459442, 0.16648395359516144, 0.054508838802576065, 0.045599792152643204, 0.038867369294166565]"
blur-light,inpainted,1047,148,148,1,0.7334420084953308,"[148, 147, 833, 975, 703]","[0.7334420084953308, 0.033595290035009384, 0.02464042603969574, 0.02134801261126995, 0.02029920555651188]"
blur-light,inpainted,1048,148,3,0,0.40281346440315247,"[3, 983, 4, 149, 2]","[0.40281346440315247, 0.07602960616350174, 0.05902276188135147, 0.0575781911611557, 0.05104687809944153]"
blur-light,inpainted,1049,822,706,0,0.2346147745847702,"[706, 975, 736, 489, 637]","[0.2346147745847702, 0.06328446418046951, 0.04390018433332443, 0.04315827041864395, 0.031044360250234604]"
blur-light,inpainted,1050,842,536,0,0.09961549192667007,"[536, 718, 703, 398, 539]","[0.09961549192667007, 0.08925388008356094, 0.08372744917869568, 0.045250218361616135, 0.04356344789266586]"
blur-light,inpainted,1051,150,914,0,0.19891498982906342,"[914, 472, 703, 975, 977]","[0.19891498982906342, 0.09893355518579483, 0.05845711752772331, 0.03930876776576042, 0.02959824912250042]"
blur-light,inpainted,1052,148,148,1,0.5523593425750732,"[148, 150, 978, 977, 147]","[0.5523593425750732, 0.07582475244998932, 0.040145788341760635, 0.03611176088452339, 0.028145872056484222]"
blur-light,inpainted,1053,420,652,0,0.23944762349128723,"[652, 118, 568, 614, 63]","[0.23944762349128723, 0.08814643323421478, 0.06996916979551315, 0.04653898626565933, 0.026239292696118355]"
blur-light,inpainted,1054,932,903,0,0.09042898565530777,"[903, 160, 204, 457, 202]","[0.09042898565530777, 0.07027554512023926, 0.06527732312679291, 0.04423060268163681, 0.03698090836405754]"
blur-light,inpainted,1055,862,509,0,0.1989200860261917,"[509, 762, 624, 698, 663]","[0.1989200860261917, 0.08882497251033783, 0.06408576667308807, 0.059540051966905594, 0.04483821243047714]"
blur-light,inpainted,1056,964,824,0,0.17951588332653046,"[824, 785, 731, 490, 882]","[0.17951588332653046, 0.12991611659526825, 0.0589890331029892, 0.02908928692340851, 0.02890290506184101]"
blur-light,inpainted,1057,76,797,0,0.37759554386138916,"[797, 33, 0, 906, 739]","[0.37759554386138916, 0.08539516478776932, 0.057588934898376465, 0.03276768699288368, 0.029092364013195038]"
blur-light,inpainted,1058,563,542,0,0.07891391217708588,"[542, 911, 696, 434, 622]","[0.07891391217708588, 0.059193193912506104, 0.054350804537534714, 0.05070822685956955, 0.04902170971035957]"
blur-light,inpainted,1059,329,44,0,0.15533395111560822,"[44, 993, 112, 53, 97]","[0.15533395111560822, 0.09620193392038345, 0.050010863691568375, 0.048025839030742645, 0.04418298974633217]"
blur-light,inpainted,1060,928,171,0,0.31260693073272705,"[171, 87, 0, 242, 620]","[0.31260693073272705, 0.0839846134185791, 0.04994451254606247, 0.04031859710812569, 0.03717969357967377]"
blur-light,inpainted,1061,420,338,0,0.33518707752227783,"[338, 420, 160, 361, 153]","[0.33518707752227783, 0.19850581884384155, 0.05110824108123779, 0.031007468700408936, 0.02730635553598404]"
blur-light,inpainted,1062,45,514,0,0.0866202563047409,"[514, 636, 411, 775, 423]","[0.0866202563047409, 0.06136125698685646, 0.055120546370744705, 0.03765507787466049, 0.03284415602684021]"
blur-light,inpainted,1063,963,953,0,0.11801090836524963,"[953, 678, 154, 691, 793]","[0.11801090836524963, 0.0625801607966423, 0.048534128814935684, 0.04737119749188423, 0.0396638922393322]"
blur-light,inpainted,1064,17,94,0,0.07848432660102844,"[94, 129, 4, 397, 327]","[0.07848432660102844, 0.04845958948135376, 0.046661678701639175, 0.03225481137633324, 0.02972407639026642]"
blur-light,inpainted,1065,420,0,0,0.6177541017532349,"[0, 420, 652, 402, 514]","[0.6177541017532349, 0.14988578855991364, 0.031001674011349678, 0.02885463275015354, 0.02739480696618557]"
blur-light,inpainted,1066,737,929,0,0.23239077627658844,"[929, 793, 433, 836, 669]","[0.23239077627658844, 0.09793048352003098, 0.08935707062482834, 0.05965227633714676, 0.03292156755924225]"
blur-light,inpainted,1067,420,87,0,0.30069786310195923,"[87, 385, 678, 816, 515]","[0.30069786310195923, 0.08430992066860199, 0.05171580612659454, 0.051603373140096664, 0.03737514093518257]"
blur-light,inpainted,1068,513,445,0,0.44681867957115173,"[445, 638, 639, 775, 842]","[0.44681867957115173, 0.24399450421333313, 0.14438670873641968, 0.04608336463570595, 0.023843182250857353]"
blur-light,inpainted,1069,27,129,0,0.05440099909901619,"[129, 558, 313, 0, 838]","[0.05440099909901619, 0.04691274091601372, 0.046630486845970154, 0.04462949559092522, 0.04068277031183243]"
blur-light,inpainted,1070,420,434,0,0.35770687460899353,"[434, 529, 700, 151, 630]","[0.35770687460899353, 0.12842334806919098, 0.05649644136428833, 0.023623788729310036, 0.019643740728497505]"
blur-light,inpainted,1071,186,184,0,0.11001767218112946,"[184, 700, 750, 797, 193]","[0.11001767218112946, 0.07000361382961273, 0.05921219289302826, 0.05832294374704361, 0.052658792585134506]"
blur-light,inpainted,1072,305,112,0,0.1928035169839859,"[112, 998, 419, 993, 243]","[0.1928035169839859, 0.1091395691037178, 0.10785158723592758, 0.06306570023298264, 0.06033061817288399]"
blur-light,inpainted,1073,27,341,0,0.21642078459262848,"[341, 53, 26, 27, 434]","[0.21642078459262848, 0.07181821018457413, 0.04270239174365997, 0.042551733553409576, 0.0383831262588501]"
blur-light,inpainted,1074,681,594,0,0.9988617897033691,"[594, 939, 462, 882, 588]","[0.9988617897033691, 0.00024252428556792438, 0.00012630985293071717, 0.00010790777014335617, 9.915752889355645e-05]"
blur-light,inpainted,1075,790,708,0,0.27717289328575134,"[708, 791, 150, 562, 880]","[0.27717289328575134, 0.0641724169254303, 0.06391717493534088, 0.057974398136138916, 0.04071526974439621]"
blur-light,inpainted,1076,679,457,0,0.15595099329948425,"[457, 245, 208, 852, 419]","[0.15595099329948425, 0.07903225719928741, 0.07384651899337769, 0.055153317749500275, 0.03877431899309158]"
blur-light,inpainted,1077,441,834,0,0.25679752230644226,"[834, 399, 678, 457, 982]","[0.25679752230644226, 0.13637177646160126, 0.10263533145189285, 0.07227504998445511, 0.07089902460575104]"
blur-light,inpainted,1078,929,415,0,0.5095744729042053,"[415, 929, 420, 865, 788]","[0.5095744729042053, 0.09184056520462036, 0.060303445905447006, 0.036462392657995224, 0.028567491099238396]"
blur-light,inpainted,1079,87,678,0,0.18600091338157654,"[678, 93, 676, 375, 514]","[0.18600091338157654, 0.05341733619570732, 0.031809430569410324, 0.030911115929484367, 0.029121214523911476]"
blur-light,inpainted,1080,268,558,0,0.07139220088720322,"[558, 987, 338, 87, 334]","[0.07139220088720322, 0.064791738986969, 0.04843776300549507, 0.04765993729233742, 0.03748052567243576]"
blur-light,inpainted,1081,882,386,0,0.5009570121765137,"[386, 797, 255, 385, 185]","[0.5009570121765137, 0.13398128747940063, 0.023386694490909576, 0.022266780957579613, 0.01667615957558155]"
blur-light,inpainted,1082,320,947,0,0.09412436932325363,"[947, 29, 997, 522, 994]","[0.09412436932325363, 0.08630326390266418, 0.0279369093477726, 0.027877680957317352, 0.02593560889363289]"
blur-light,inpainted,1083,621,835,0,0.7910647988319397,"[835, 706, 646, 40, 975]","[0.7910647988319397, 0.06254570931196213, 0.038778115063905716, 0.015359867364168167, 0.005911374464631081]"
blur-light,inpainted,1084,202,295,0,0.09242777526378632,"[295, 330, 331, 522, 336]","[0.09242777526378632, 0.05629335343837738, 0.05476994812488556, 0.05048602074384689, 0.040313638746738434]"
blur-light,inpainted,1085,430,646,0,0.15705358982086182,"[646, 489, 637, 539, 412]","[0.15705358982086182, 0.10999999940395355, 0.10292402654886246, 0.07185063511133194, 0.05693889781832695]"
blur-light,inpainted,1086,157,904,0,0.07611297070980072,"[904, 952, 58, 331, 951]","[0.07611297070980072, 0.07306336611509323, 0.0500878244638443, 0.04546408727765083, 0.02818378061056137]"
blur-light,inpainted,1087,733,386,0,0.14087910950183868,"[386, 853, 84, 915, 706]","[0.14087910950183868, 0.09419415891170502, 0.06362861394882202, 0.05410168319940567, 0.04517295956611633]"
blur-light,inpainted,1088,765,390,0,0.12589603662490845,"[390, 660, 458, 621, 915]","[0.12589603662490845, 0.07306333631277084, 0.06680401414632797, 0.041479263454675674, 0.034609295427799225]"
blur-light,inpainted,1089,231,973,0,0.13040059804916382,"[973, 974, 0, 50, 346]","[0.13040059804916382, 0.09505528956651688, 0.06003861501812935, 0.0421457439661026, 0.029076309874653816]"
blur-light,inpainted,1090,602,84,0,0.06742846220731735,"[84, 611, 352, 346, 50]","[0.06742846220731735, 0.06160055100917816, 0.04904816299676895, 0.04359635338187218, 0.04332761839032173]"
blur-light,inpainted,1091,208,646,0,0.1011197492480278,"[646, 286, 852, 70, 170]","[0.1011197492480278, 0.067702516913414, 0.0642876997590065, 0.05842987447977066, 0.05645202472805977]"
blur-light,inpainted,1092,792,912,0,0.23180551826953888,"[912, 716, 621, 472, 853]","[0.23180551826953888, 0.16578026115894318, 0.09408053010702133, 0.091550812125206, 0.05049314722418785]"
blur-light,inpainted,1093,621,621,1,0.3447738289833069,"[621, 471, 835, 981, 104]","[0.3447738289833069, 0.053634922951459885, 0.026386631652712822, 0.026349566876888275, 0.026083173230290413]"
blur-light,inpainted,1094,765,814,0,0.17252813279628754,"[814, 705, 703, 492, 436]","[0.17252813279628754, 0.054948754608631134, 0.043751806020736694, 0.042380400002002716, 0.04212119057774544]"
blur-light,inpainted,1095,177,880,0,0.144357368350029,"[880, 160, 649, 690, 255]","[0.144357368350029, 0.09122522175312042, 0.08135466277599335, 0.0567760206758976, 0.048341672867536545]"
blur-light,inpainted,1096,199,344,0,0.2526666522026062,"[344, 48, 360, 39, 363]","[0.2526666522026062, 0.06254826486110687, 0.0515768863260746, 0.05138605087995529, 0.04417886584997177]"
blur-light,inpainted,1097,645,682,0,0.16688388586044312,"[682, 538, 497, 483, 663]","[0.16688388586044312, 0.08528546988964081, 0.0846145823597908, 0.07195577770471573, 0.05341249704360962]"
blur-light,inpainted,1098,199,84,0,0.39119642972946167,"[84, 703, 912, 580, 410]","[0.39119642972946167, 0.2084769755601883, 0.08329950273036957, 0.024204159155488014, 0.023471763357520103]"
blur-light,inpainted,1099,170,533,0,0.349901407957077,"[533, 50, 49, 539, 197]","[0.349901407957077, 0.15751270949840546, 0.06857112795114517, 0.0420854277908802, 0.03924551606178284]"
blur-light,inpainted,1100,880,159,0,0.16469301283359528,"[159, 127, 353, 211, 879]","[0.16469301283359528, 0.08721582591533661, 0.051056262105703354, 0.0470631867647171, 0.04166112840175629]"
blur-light,inpainted,1101,188,649,0,0.7271909713745117,"[649, 340, 410, 672, 104]","[0.7271909713745117, 0.03760344907641411, 0.028758134692907333, 0.01597408950328827, 0.013719853945076466]"
blur-light,inpainted,1102,621,479,0,0.6178046464920044,"[479, 436, 581, 609, 864]","[0.6178046464920044, 0.11382194608449936, 0.05356643721461296, 0.03910805284976959, 0.02730533666908741]"
blur-light,inpainted,1103,170,977,0,0.14149771630764008,"[977, 213, 768, 981, 522]","[0.14149771630764008, 0.03988436236977577, 0.02345021814107895, 0.02073458768427372, 0.018353436142206192]"
blur-light,inpainted,1104,250,342,0,0.16966234147548676,"[342, 363, 646, 223, 226]","[0.16966234147548676, 0.07406366616487503, 0.06221098080277443, 0.05542709678411484, 0.04061887413263321]"
blur-light,inpainted,1105,354,912,0,0.9017669558525085,"[912, 730, 444, 410, 634]","[0.9017669558525085, 0.02470463328063488, 0.01693107560276985, 0.011310217902064323, 0.007859726436436176]"
blur-light,inpainted,1106,522,981,0,0.39189210534095764,"[981, 84, 646, 912, 489]","[0.39189210534095764, 0.0594429150223732, 0.04326312988996506, 0.04068755730986595, 0.026561671867966652]"
blur-light,inpainted,1107,267,329,0,0.13941355049610138,"[329, 973, 108, 738, 580]","[0.13941355049610138, 0.08613327890634537, 0.07414758205413818, 0.06457717716693878, 0.04019416123628616]"
blur-light,inpainted,1108,945,955,0,0.39179298281669617,"[955, 109, 646, 490, 39]","[0.39179298281669617, 0.3393360674381256, 0.07717134803533554, 0.016661381348967552, 0.013756480067968369]"
blur-light,inpainted,1109,340,202,0,0.12355984002351761,"[202, 792, 347, 706, 646]","[0.12355984002351761, 0.10735034942626953, 0.07855432480573654, 0.046445101499557495, 0.03977952525019646]"
blur-light,inpainted,1110,772,483,0,0.203990176320076,"[483, 832, 706, 437, 471]","[0.203990176320076, 0.1258385330438614, 0.05811452120542526, 0.04602927342057228, 0.034577228128910065]"
blur-light,inpainted,1111,137,14,0,0.2908167839050293,"[14, 17, 18, 15, 52]","[0.2908167839050293, 0.1433459222316742, 0.06947384774684906, 0.044682301580905914, 0.03525051847100258]"
blur-light,inpainted,1112,212,646,0,0.31030309200286865,"[646, 979, 825, 958, 912]","[0.31030309200286865, 0.23864847421646118, 0.049767669290304184, 0.024923793971538544, 0.01757991686463356]"
blur-light,inpainted,1113,727,958,0,0.10780518501996994,"[958, 978, 425, 975, 489]","[0.10780518501996994, 0.04596657678484917, 0.04333269223570824, 0.038445960730314255, 0.03130407631397247]"
blur-light,inpainted,1114,491,48,0,0.7292822003364563,"[48, 36, 621, 49, 595]","[0.7292822003364563, 0.058963485062122345, 0.02114333212375641, 0.01753840409219265, 0.014560661278665066]"
blur-light,inpainted,1115,707,602,0,0.1708832085132599,"[602, 843, 428, 888, 702]","[0.1708832085132599, 0.09791253507137299, 0.0877360925078392, 0.0775536447763443, 0.04967666417360306]"
blur-light,inpainted,1116,929,703,0,0.6021903157234192,"[703, 904, 835, 706, 646]","[0.6021903157234192, 0.04599825665354729, 0.028210971504449844, 0.0220941174775362, 0.020168589428067207]"
blur-light,inpainted,1117,645,645,1,0.558018147945404,"[645, 890, 853, 832, 858]","[0.558018147945404, 0.14378622174263, 0.0421672984957695, 0.016910864040255547, 0.016494158655405045]"
blur-light,inpainted,1118,198,769,0,0.46769556403160095,"[769, 588, 462, 798, 716]","[0.46769556403160095, 0.21132662892341614, 0.13890379667282104, 0.04282936826348305, 0.028162376955151558]"
blur-light,inpainted,1119,170,706,0,0.06858645379543304,"[706, 286, 421, 843, 189]","[0.06858645379543304, 0.05743853375315666, 0.05520368367433548, 0.05245857685804367, 0.04055998846888542]"
blur-light,inpainted,1120,645,863,0,0.24263392388820648,"[863, 645, 345, 580, 497]","[0.24263392388820648, 0.22634655237197876, 0.09320426732301712, 0.0791386291384697, 0.060076791793107986]"
blur-light,inpainted,1121,181,135,0,0.18452833592891693,"[135, 580, 84, 815, 183]","[0.18452833592891693, 0.09425585716962814, 0.04778670147061348, 0.036137714982032776, 0.03073950484395027]"
blur-light,inpainted,1122,267,489,0,0.1339532434940338,"[489, 888, 912, 839, 843]","[0.1339532434940338, 0.1166665330529213, 0.05989817529916763, 0.04445972293615341, 0.04170355573296547]"
blur-light,inpainted,1123,340,646,0,0.48562929034233093,"[646, 912, 703, 634, 843]","[0.48562929034233093, 0.12911657989025116, 0.06652376055717468, 0.02673705853521824, 0.024564102292060852]"
blur-light,inpainted,1124,735,706,0,0.2878974676132202,"[706, 835, 646, 839, 580]","[0.2878974676132202, 0.2515484392642975, 0.15554799139499664, 0.024590127170085907, 0.023219555616378784]"
blur-light,inpainted,1125,361,50,0,0.23907145857810974,"[50, 331, 280, 955, 58]","[0.23907145857810974, 0.11151378601789474, 0.0887390747666359, 0.061167363077402115, 0.059272777289152145]"
blur-light,inpainted,1126,200,706,0,0.13740845024585724,"[706, 703, 912, 621, 425]","[0.13740845024585724, 0.09504934400320053, 0.061807096004486084, 0.052817702293395996, 0.03460759297013283]"
blur-light,inpainted,1127,912,912,1,0.7152573466300964,"[912, 410, 908, 587, 523]","[0.7152573466300964, 0.044461704790592194, 0.02148369327187538, 0.017170358449220657, 0.01602802611887455]"
blur-light,inpainted,1128,160,888,0,0.19896405935287476,"[888, 833, 425, 913, 525]","[0.19896405935287476, 0.14200185239315033, 0.12036104500293732, 0.05648130923509598, 0.05237060412764549]"
blur-light,inpainted,1129,188,825,0,0.05612620338797569,"[825, 353, 84, 912, 975]","[0.05612620338797569, 0.04986446350812912, 0.04848910868167877, 0.041456229984760284, 0.039924055337905884]"
blur-light,inpainted,1130,872,621,0,0.5820821523666382,"[621, 573, 805, 522, 756]","[0.5820821523666382, 0.07145990431308746, 0.027932336553931236, 0.021065711975097656, 0.018234921619296074]"
blur-light,inpainted,1131,338,912,0,0.12853869795799255,"[912, 703, 839, 70, 580]","[0.12853869795799255, 0.08351793140172958, 0.06151849031448364, 0.042165469378232956, 0.039128728210926056]"
blur-light,inpainted,1132,191,394,0,0.06884936988353729,"[394, 5, 329, 395, 488]","[0.06884936988353729, 0.046961307525634766, 0.041597478091716766, 0.03798258304595947, 0.03495452180504799]"
blur-light,inpainted,1133,226,587,0,0.10357711464166641,"[587, 418, 588, 562, 596]","[0.10357711464166641, 0.061447497457265854, 0.04183327406644821, 0.03790244087576866, 0.03176310285925865]"
blur-light,inpainted,1134,953,123,0,0.2763681411743164,"[123, 313, 84, 421, 130]","[0.2763681411743164, 0.058582089841365814, 0.05316074565052986, 0.039032310247421265, 0.034981247037649155]"
blur-light,inpainted,1135,544,170,0,0.20556488633155823,"[170, 160, 410, 355, 345]","[0.20556488633155823, 0.10726909339427948, 0.05165715143084526, 0.047281090170145035, 0.042904626578092575]"
blur-light,inpainted,1136,757,912,0,0.34630751609802246,"[912, 755, 425, 703, 649]","[0.34630751609802246, 0.16671521961688995, 0.09276144206523895, 0.07537533342838287, 0.05730759724974632]"
