model,dataset,idx,label,pred,correct,conf_top1,top5_idx,top5_probs
blur-light,object,0,361,23,0,0.18103326857089996,"[23, 128, 94, 143, 252]","[0.18103326857089996, 0.1007317528128624, 0.06296650320291519, 0.0591856949031353, 0.04477739334106445]"
blur-light,object,1,383,610,0,0.2557580769062042,"[610, 73, 679, 22, 38]","[0.2557580769062042, 0.21645605564117432, 0.09825517982244492, 0.0599510483443737, 0.054376039654016495]"
blur-light,object,2,356,356,1,0.40173786878585815,"[356, 359, 13, 358, 87]","[0.40173786878585815, 0.16188809275627136, 0.1477632075548172, 0.09144488722085953, 0.05122929438948631]"
blur-light,object,3,18,127,0,0.2512094974517822,"[127, 143, 18, 19, 132]","[0.2512094974517822, 0.20282623171806335, 0.16798055171966553, 0.10390863567590714, 0.061140917241573334]"
blur-light,object,4,295,893,0,0.16966675221920013,"[893, 499, 799, 710, 557]","[0.16966675221920013, 0.14824546873569489, 0.12609092891216278, 0.07663717120885849, 0.04275503754615784]"
blur-light,object,5,112,87,0,0.6147653460502625,"[87, 47, 488, 42, 141]","[0.6147653460502625, 0.060034651309251785, 0.04970733821392059, 0.04127085208892822, 0.0209809560328722]"
blur-light,object,6,32,73,0,0.246420755982399,"[73, 701, 47, 318, 326]","[0.246420755982399, 0.16194330155849457, 0.15757247805595398, 0.08119409531354904, 0.07659164816141129]"
blur-light,object,7,677,701,0,0.34112077951431274,"[701, 22, 127, 326, 99]","[0.34112077951431274, 0.17352883517742157, 0.07518289238214493, 0.06821407377719879, 0.047580916434526443]"
blur-light,object,8,438,898,0,0.10293551534414291,"[898, 846, 711, 572, 626]","[0.10293551534414291, 0.08773277699947357, 0.06818028539419174, 0.0679464191198349, 0.06422046571969986]"
blur-light,object,9,409,892,0,0.7687339782714844,"[892, 409, 426, 826, 524]","[0.7687339782714844, 0.11924868077039719, 0.026827918365597725, 0.021377764642238617, 0.008719656616449356]"
blur-light,object,10,71,127,0,0.31082475185394287,"[127, 78, 326, 80, 71]","[0.31082475185394287, 0.06612503528594971, 0.05772904306650162, 0.05569110065698624, 0.03508780896663666]"
blur-light,object,11,850,850,1,0.9978148937225342,"[850, 356, 333, 222, 87]","[0.9978148937225342, 0.0007138978107832372, 0.0005918160895816982, 0.00015294711920432746, 0.00013350772496778518]"
blur-light,object,12,12,12,1,0.5268563032150269,"[12, 701, 47, 90, 86]","[0.5268563032150269, 0.0764160081744194, 0.058463819324970245, 0.05370521917939186, 0.04841185361146927]"
blur-light,object,13,899,711,0,0.184721440076828,"[711, 503, 308, 319, 846]","[0.184721440076828, 0.12782986462116241, 0.10988298803567886, 0.07246410846710205, 0.0624859556555748]"
blur-light,object,14,338,358,0,0.4565611481666565,"[358, 359, 356, 380, 87]","[0.4565611481666565, 0.08490222692489624, 0.08199496567249298, 0.05542149394750595, 0.027068274095654488]"
blur-light,object,15,17,17,1,0.9632643461227417,"[17, 97, 92, 11, 18]","[0.9632643461227417, 0.006808525882661343, 0.003911575302481651, 0.0030150162056088448, 0.002704381011426449]"
blur-light,object,16,363,42,0,0.31075215339660645,"[42, 64, 92, 318, 129]","[0.31075215339660645, 0.2109183371067047, 0.1581236720085144, 0.0752684697508812, 0.028239620849490166]"
blur-light,object,17,909,492,0,0.38010039925575256,"[492, 519, 478, 906, 419]","[0.38010039925575256, 0.0932815745472908, 0.08684481680393219, 0.034151241183280945, 0.032162413001060486]"
blur-light,object,18,679,63,0,0.4605651795864105,"[63, 679, 111, 43, 443]","[0.4605651795864105, 0.2226795256137848, 0.1475696712732315, 0.045837316662073135, 0.026197390630841255]"
blur-light,object,19,618,99,0,0.09924858808517456,"[99, 13, 813, 21, 731]","[0.09924858808517456, 0.06294840574264526, 0.04362927004694939, 0.04258561134338379, 0.03378990665078163]"
blur-light,object,20,618,846,0,0.26970991492271423,"[846, 420, 600, 731, 402]","[0.26970991492271423, 0.26466104388237, 0.06898646801710129, 0.058307945728302, 0.043276600539684296]"
blur-light,object,21,574,574,1,0.816823422908783,"[574, 87, 818, 892, 53]","[0.816823422908783, 0.06600674241781235, 0.046741824597120285, 0.012787292711436749, 0.00405401736497879]"
blur-light,object,22,658,610,0,0.30014076828956604,"[610, 887, 134, 716, 699]","[0.30014076828956604, 0.07169125974178314, 0.04385889321565628, 0.03980238735675812, 0.029523683711886406]"
blur-light,object,23,461,87,0,0.17101897299289703,"[87, 305, 23, 21, 22]","[0.17101897299289703, 0.16690604388713837, 0.14201651513576508, 0.06837128847837448, 0.050160039216279984]"
blur-light,object,24,132,89,0,0.8097384572029114,"[89, 87, 127, 132, 22]","[0.8097384572029114, 0.07427655160427094, 0.05516475811600685, 0.029822511598467827, 0.008222523145377636]"
blur-light,object,25,122,310,0,0.10305800288915634,"[310, 584, 71, 25, 513]","[0.10305800288915634, 0.08302503079175949, 0.07557442784309387, 0.06253872066736221, 0.03976113349199295]"
blur-light,object,26,12,319,0,0.5169874429702759,"[319, 320, 94, 92, 42]","[0.5169874429702759, 0.1136804148554802, 0.06682295352220535, 0.05393306165933609, 0.022946549579501152]"
blur-light,object,27,679,679,1,0.35049930214881897,"[679, 815, 512, 683, 488]","[0.35049930214881897, 0.14669093489646912, 0.11592572182416916, 0.1136966422200203, 0.1103421002626419]"
blur-light,object,28,23,326,0,0.3248007595539093,"[326, 21, 93, 701, 97]","[0.3248007595539093, 0.1443558931350708, 0.07860223203897476, 0.05225362628698349, 0.04829685389995575]"
blur-light,object,29,937,567,0,0.550930917263031,"[567, 949, 909, 813, 544]","[0.550930917263031, 0.21611976623535156, 0.07733366638422012, 0.03547190874814987, 0.015378030948340893]"
blur-light,object,30,679,75,0,0.2477876842021942,"[75, 22, 679, 70, 326]","[0.2477876842021942, 0.16830874979496002, 0.10590720921754837, 0.07882659137248993, 0.06523726880550385]"
blur-light,object,31,335,281,0,0.3588535487651825,"[281, 94, 182, 283, 280]","[0.3588535487651825, 0.12148840725421906, 0.09521349519491196, 0.04628247395157814, 0.026997148990631104]"
blur-light,object,32,76,75,0,0.8049572110176086,"[75, 128, 302, 895, 127]","[0.8049572110176086, 0.04655490070581436, 0.03956930711865425, 0.02079823426902294, 0.019718190655112267]"
blur-light,object,33,851,592,0,0.6378692984580994,"[592, 818, 844, 87, 851]","[0.6378692984580994, 0.11068163812160492, 0.07432111352682114, 0.03391549736261368, 0.02713661454617977]"
blur-light,object,34,770,794,0,0.3415071368217468,"[794, 685, 611, 922, 438]","[0.3415071368217468, 0.18809612095355988, 0.14041700959205627, 0.11666028946638107, 0.01861208863556385]"
blur-light,object,35,122,10,0,0.5237094163894653,"[10, 11, 121, 94, 15]","[0.5237094163894653, 0.10134132206439972, 0.044749531894922256, 0.03366034850478172, 0.026534773409366608]"
blur-light,object,36,712,712,1,0.32287436723709106,"[712, 971, 828, 787, 818]","[0.32287436723709106, 0.24993759393692017, 0.17114384472370148, 0.066362164914608, 0.056376244872808456]"
blur-light,object,37,852,852,1,0.3135188817977905,"[852, 429, 574, 988, 113]","[0.3135188817977905, 0.27751025557518005, 0.13529415428638458, 0.07884559035301208, 0.03332087770104408]"
blur-light,object,38,12,92,0,0.29955586791038513,"[92, 42, 10, 22, 78]","[0.29955586791038513, 0.13387849926948547, 0.10384906083345413, 0.06271664798259735, 0.053093746304512024]"
blur-light,object,39,849,818,0,0.4403047561645508,"[818, 758, 87, 849, 570]","[0.4403047561645508, 0.2261423021554947, 0.16589747369289398, 0.047251977026462555, 0.042018480598926544]"
blur-light,object,40,606,777,0,0.16734758019447327,"[777, 807, 895, 745, 812]","[0.16734758019447327, 0.11386901885271072, 0.1053963303565979, 0.06815484911203384, 0.04910798370838165]"
blur-light,object,41,87,87,1,0.974619448184967,"[87, 13, 305, 136, 701]","[0.974619448184967, 0.003833192167803645, 0.0032785278744995594, 0.0024392942432314157, 0.0022815680131316185]"
blur-light,object,42,491,491,1,0.9876531362533569,"[491, 740, 758, 609, 613]","[0.9876531362533569, 0.006459297612309456, 0.0007461238419637084, 0.0006716987118124962, 0.0005051690386608243]"
blur-light,object,43,964,931,0,0.3727555572986603,"[931, 964, 963, 5, 965]","[0.3727555572986603, 0.17532724142074585, 0.08513639122247696, 0.06360423564910889, 0.040570322424173355]"
blur-light,object,44,635,426,0,0.3187086880207062,"[426, 818, 892, 113, 409]","[0.3187086880207062, 0.3086822032928467, 0.2663070857524872, 0.022816378623247147, 0.01624399982392788]"
blur-light,object,45,335,331,0,0.34806832671165466,"[331, 335, 221, 280, 330]","[0.34806832671165466, 0.15028738975524902, 0.053843412548303604, 0.04679982364177704, 0.04461716115474701]"
blur-light,object,46,825,87,0,0.3856794834136963,"[87, 21, 42, 302, 22]","[0.3856794834136963, 0.09009236842393875, 0.06800230592489243, 0.03671889752149582, 0.02573147788643837]"
blur-light,object,47,863,863,1,0.46429988741874695,"[863, 615, 708, 600, 846]","[0.46429988741874695, 0.12826192378997803, 0.05514378100633621, 0.05276675894856453, 0.042589832097291946]"
blur-light,object,48,839,491,0,0.23610766232013702,"[491, 769, 845, 319, 320]","[0.23610766232013702, 0.12720651924610138, 0.06988366693258286, 0.06695684045553207, 0.05386700481176376]"
blur-light,object,49,257,127,0,0.3546135127544403,"[127, 22, 132, 89, 99]","[0.3546135127544403, 0.15201668441295624, 0.1293700784444809, 0.06267501413822174, 0.0446816124022007]"
blur-light,object,50,185,12,0,0.26685070991516113,"[12, 22, 701, 42, 78]","[0.26685070991516113, 0.15812388062477112, 0.11653776466846466, 0.0669565424323082, 0.029535384848713875]"
blur-light,object,51,489,718,0,0.07200254499912262,"[718, 449, 340, 913, 281]","[0.07200254499912262, 0.062312088906764984, 0.06034969538450241, 0.04203469678759575, 0.030814744532108307]"
blur-light,object,52,609,405,0,0.1976558268070221,"[405, 418, 507, 45, 592]","[0.1976558268070221, 0.09306508302688599, 0.06762175261974335, 0.055372677743434906, 0.04773787781596184]"
blur-light,object,53,847,783,0,0.09091006964445114,"[783, 93, 321, 319, 53]","[0.09091006964445114, 0.08078794926404953, 0.04939810931682587, 0.04713049530982971, 0.045578595250844955]"
blur-light,object,54,544,53,0,0.10267115384340286,"[53, 701, 13, 306, 21]","[0.10267115384340286, 0.07860837131738663, 0.03084838017821312, 0.025817841291427612, 0.022616086527705193]"
blur-light,object,55,179,131,0,0.788284957408905,"[131, 22, 93, 80, 23]","[0.788284957408905, 0.08042814582586288, 0.025598710402846336, 0.021745432168245316, 0.018653729930520058]"
blur-light,object,56,174,418,0,0.13381080329418182,"[418, 78, 701, 783, 22]","[0.13381080329418182, 0.10863252729177475, 0.09842108935117722, 0.06875500828027725, 0.03629349172115326]"
blur-light,object,57,349,127,0,0.3188021779060364,"[127, 21, 129, 22, 23]","[0.3188021779060364, 0.28263142704963684, 0.08182084560394287, 0.05152291804552078, 0.04949856922030449]"
blur-light,object,58,277,94,0,0.3080954849720001,"[94, 92, 12, 11, 98]","[0.3080954849720001, 0.17844229936599731, 0.06316938251256943, 0.0620734840631485, 0.060362815856933594]"
blur-light,object,59,518,701,0,0.436113178730011,"[701, 78, 610, 971, 783]","[0.436113178730011, 0.07697921246290207, 0.06753458082675934, 0.04935227707028389, 0.03726879507303238]"
blur-light,object,60,958,405,0,0.18554161489009857,"[405, 701, 845, 78, 434]","[0.18554161489009857, 0.13091298937797546, 0.12723784148693085, 0.12102669477462769, 0.03596452623605728]"
blur-light,object,61,385,349,0,0.3123301863670349,"[349, 348, 385, 354, 181]","[0.3123301863670349, 0.15480881929397583, 0.11744943261146545, 0.06086737662553787, 0.03534316271543503]"
blur-light,object,62,830,405,0,0.4013562500476837,"[405, 895, 75, 701, 20]","[0.4013562500476837, 0.05618761479854584, 0.05431170389056206, 0.039519764482975006, 0.032825492322444916]"
blur-light,object,63,132,132,1,0.6453075408935547,"[132, 129, 89, 127, 134]","[0.6453075408935547, 0.08527938276529312, 0.08475982397794724, 0.07818038016557693, 0.03766348958015442]"
blur-light,object,64,354,354,1,0.21485130488872528,"[354, 21, 23, 127, 134]","[0.21485130488872528, 0.17137642204761505, 0.09931246936321259, 0.08748294413089752, 0.06604655086994171]"
blur-light,object,65,879,404,0,0.18779738247394562,"[404, 751, 405, 662, 584]","[0.18779738247394562, 0.06056808680295944, 0.0564451664686203, 0.049538906663656235, 0.04655871167778969]"
blur-light,object,66,807,769,0,0.3530455529689789,"[769, 320, 845, 807, 319]","[0.3530455529689789, 0.13527096807956696, 0.13348720967769623, 0.11008352786302567, 0.03175722807645798]"
blur-light,object,67,863,683,0,0.27035513520240784,"[683, 845, 701, 538, 418]","[0.27035513520240784, 0.07343104481697083, 0.07069814205169678, 0.06148291751742363, 0.030918115749955177]"
blur-light,object,68,821,320,0,0.1333717405796051,"[320, 592, 319, 141, 534]","[0.1333717405796051, 0.08677107840776443, 0.08185681700706482, 0.054189201444387436, 0.04833337292075157]"
blur-light,object,69,656,405,0,0.4351781904697418,"[405, 662, 895, 742, 626]","[0.4351781904697418, 0.10829591006040573, 0.07208650559186935, 0.0453769713640213, 0.0332174114882946]"
blur-light,object,70,614,136,0,0.17269009351730347,"[136, 131, 87, 17, 89]","[0.17269009351730347, 0.13658814132213593, 0.10763287544250488, 0.10266561061143875, 0.05892852693796158]"
blur-light,object,71,294,182,0,0.27061980962753296,"[182, 294, 170, 261, 358]","[0.27061980962753296, 0.12004055082798004, 0.08752196282148361, 0.07516510784626007, 0.06786419451236725]"
blur-light,object,72,870,326,0,0.5443401336669922,"[326, 81, 300, 776, 566]","[0.5443401336669922, 0.12485090643167496, 0.04783014580607414, 0.03422079607844353, 0.033203188329935074]"
blur-light,object,73,346,38,0,0.14411120116710663,"[38, 21, 89, 354, 129]","[0.14411120116710663, 0.103426493704319, 0.07672089338302612, 0.07397177815437317, 0.057377949357032776]"
blur-light,object,74,194,198,0,0.5927650928497314,"[198, 281, 272, 170, 196]","[0.5927650928497314, 0.09292687475681305, 0.04901934415102005, 0.04364525526762009, 0.03335663303732872]"
blur-light,object,75,287,287,1,0.6777054667472839,"[287, 285, 326, 272, 318]","[0.6777054667472839, 0.0992354080080986, 0.017485780641436577, 0.010947708040475845, 0.009083974175155163]"
blur-light,object,76,295,87,0,0.15767893195152283,"[87, 177, 439, 252, 267]","[0.15767893195152283, 0.12884090840816498, 0.10479187965393066, 0.0908401757478714, 0.04919104278087616]"
blur-light,object,77,92,319,0,0.28806665539741516,"[319, 42, 320, 92, 141]","[0.28806665539741516, 0.23088736832141876, 0.15347813069820404, 0.140764519572258, 0.030434565618634224]"
blur-light,object,78,17,701,0,0.26189959049224854,"[701, 78, 42, 73, 141]","[0.26189959049224854, 0.17387326061725616, 0.09609247744083405, 0.06590006500482559, 0.03137271851301193]"
blur-light,object,79,105,87,0,0.4092284142971039,"[87, 305, 22, 93, 13]","[0.4092284142971039, 0.12077725678682327, 0.06575325131416321, 0.04557527229189873, 0.03268294781446457]"
blur-light,object,80,356,221,0,0.3451661765575409,"[221, 21, 170, 275, 294]","[0.3451661765575409, 0.12878485023975372, 0.10158479958772659, 0.040054045617580414, 0.03955332934856415]"
blur-light,object,81,14,21,0,0.1850685030221939,"[21, 701, 13, 22, 80]","[0.1850685030221939, 0.15856929123401642, 0.15258246660232544, 0.09228779375553131, 0.05975796654820442]"
blur-light,object,82,378,23,0,0.2128199189901352,"[23, 358, 701, 21, 22]","[0.2128199189901352, 0.14441154897212982, 0.13201530277729034, 0.05601844564080238, 0.054284680634737015]"
blur-light,object,83,59,127,0,0.2608274817466736,"[127, 128, 22, 132, 93]","[0.2608274817466736, 0.18282853066921234, 0.14720164239406586, 0.056364018470048904, 0.03582831099629402]"
blur-light,object,84,95,94,0,0.49953052401542664,"[94, 307, 95, 326, 92]","[0.49953052401542664, 0.06467096507549286, 0.05195348337292671, 0.040921688079833984, 0.020734049379825592]"
blur-light,object,85,95,47,0,0.24369682371616364,"[47, 42, 94, 92, 23]","[0.24369682371616364, 0.20869117975234985, 0.08852727711200714, 0.055272672325372696, 0.054189283400774]"
blur-light,object,86,379,701,0,0.4380777180194855,"[701, 128, 895, 93, 131]","[0.4380777180194855, 0.20183336734771729, 0.0627734363079071, 0.055743258446455, 0.049388572573661804]"
blur-light,object,87,382,87,0,0.8224285244941711,"[87, 382, 356, 171, 280]","[0.8224285244941711, 0.07569196820259094, 0.009852515533566475, 0.008170156739652157, 0.0074681625701487064]"
blur-light,object,88,10,10,1,0.8972538113594055,"[10, 11, 13, 12, 22]","[0.8972538113594055, 0.025284985080361366, 0.025009002536535263, 0.012389909476041794, 0.012301383540034294]"
blur-light,object,89,383,383,1,0.9401675462722778,"[383, 87, 105, 364, 196]","[0.9401675462722778, 0.03629634156823158, 0.011287336237728596, 0.0024659535847604275, 0.0015405589947476983]"
blur-light,object,90,378,21,0,0.5969796180725098,"[21, 701, 22, 23, 13]","[0.5969796180725098, 0.08151192218065262, 0.08009466528892517, 0.04277540743350983, 0.030618229880928993]"
blur-light,object,91,376,22,0,0.34635141491889954,"[22, 356, 21, 13, 11]","[0.34635141491889954, 0.09359487146139145, 0.08619248121976852, 0.06520765274763107, 0.04600400850176811]"
blur-light,object,92,21,22,0,0.4424093961715698,"[22, 21, 127, 23, 80]","[0.4424093961715698, 0.18630936741828918, 0.05120078846812248, 0.050713613629341125, 0.03354552015662193]"
blur-light,object,93,275,23,0,0.1445753127336502,"[23, 22, 21, 299, 356]","[0.1445753127336502, 0.08887138962745667, 0.08226646482944489, 0.0481870174407959, 0.046821027994155884]"
blur-light,object,94,85,23,0,0.22406619787216187,"[23, 85, 141, 302, 21]","[0.22406619787216187, 0.16308705508708954, 0.10069938749074936, 0.09812533110380173, 0.08616084605455399]"
blur-light,object,95,383,17,0,0.4359430968761444,"[17, 299, 42, 94, 324]","[0.4359430968761444, 0.2946280539035797, 0.12773346900939941, 0.014273331500589848, 0.013780384324491024]"
blur-light,object,96,18,93,0,0.19878928363323212,"[93, 18, 872, 128, 127]","[0.19878928363323212, 0.15738384425640106, 0.13028430938720703, 0.06299993395805359, 0.059818316251039505]"
blur-light,object,97,326,326,1,0.9943927526473999,"[326, 701, 141, 322, 73]","[0.9943927526473999, 0.0015337555669248104, 0.0008210267405956984, 0.00038816340384073555, 0.00028919894248247147]"
blur-light,object,98,379,22,0,0.2332015335559845,"[22, 221, 21, 895, 128]","[0.2332015335559845, 0.21292553842067719, 0.08309270441532135, 0.06323379278182983, 0.043981295078992844]"
blur-light,object,99,378,128,0,0.44358643889427185,"[128, 21, 23, 93, 22]","[0.44358643889427185, 0.18112638592720032, 0.13275067508220673, 0.03859935700893402, 0.03591027483344078]"
blur-light,object,100,378,21,0,0.30127957463264465,"[21, 128, 22, 143, 13]","[0.30127957463264465, 0.11548152565956116, 0.10942792892456055, 0.10210499167442322, 0.07305052876472473]"
blur-light,object,101,379,10,0,0.43038132786750793,"[10, 275, 380, 21, 376]","[0.43038132786750793, 0.04480110853910446, 0.03603764995932579, 0.03357044979929924, 0.027278868481516838]"
blur-light,object,102,12,12,1,0.7658713459968567,"[12, 15, 140, 10, 319]","[0.7658713459968567, 0.0348464772105217, 0.027816949412226677, 0.026110531762242317, 0.02274911291897297]"
blur-light,object,103,18,143,0,0.19000199437141418,"[143, 128, 127, 131, 80]","[0.19000199437141418, 0.14219163358211517, 0.10950478166341782, 0.04006689041852951, 0.03943442925810814]"
blur-light,object,104,428,47,0,0.43774834275245667,"[47, 326, 584, 42, 318]","[0.43774834275245667, 0.21545113623142242, 0.07444925606250763, 0.036857765167951584, 0.026997597888112068]"
blur-light,object,105,376,701,0,0.22690340876579285,"[701, 22, 78, 90, 326]","[0.22690340876579285, 0.10674162954092026, 0.07899034768342972, 0.071649469435215, 0.05835380777716637]"
blur-light,object,106,379,21,0,0.3410051465034485,"[21, 22, 23, 143, 360]","[0.3410051465034485, 0.2644057869911194, 0.14093869924545288, 0.02503139339387417, 0.023148709908127785]"
blur-light,object,107,19,11,0,0.32681113481521606,"[11, 92, 13, 127, 10]","[0.32681113481521606, 0.1458202600479126, 0.12376796454191208, 0.11612141877412796, 0.06811488419771194]"
blur-light,object,108,18,701,0,0.24072763323783875,"[701, 139, 16, 21, 818]","[0.24072763323783875, 0.20407350361347198, 0.12408863008022308, 0.09367112070322037, 0.032365236431360245]"
blur-light,object,109,95,95,1,0.459197461605072,"[95, 92, 94, 93, 10]","[0.459197461605072, 0.37871381640434265, 0.038913361728191376, 0.021142389625310898, 0.015631506219506264]"
blur-light,object,110,95,94,0,0.12288028001785278,"[94, 10, 92, 701, 87]","[0.12288028001785278, 0.10439879447221756, 0.08581756055355072, 0.07188606262207031, 0.041682541370391846]"
blur-light,object,111,17,17,1,0.29315268993377686,"[17, 16, 19, 11, 21]","[0.29315268993377686, 0.27176183462142944, 0.09403650462627411, 0.05474267527461052, 0.042794421315193176]"
blur-light,object,112,232,196,0,0.8833919763565063,"[196, 198, 200, 232, 155]","[0.8833919763565063, 0.0455905981361866, 0.021507561206817627, 0.01303244847804308, 0.009843743406236172]"
blur-light,object,113,382,382,1,0.17411331832408905,"[382, 380, 11, 356, 15]","[0.17411331832408905, 0.16608686745166779, 0.11294514685869217, 0.07242675870656967, 0.04921640828251839]"
blur-light,object,114,622,818,0,0.13749180734157562,"[818, 143, 892, 405, 53]","[0.13749180734157562, 0.13384775817394257, 0.07473909854888916, 0.056592829525470734, 0.05446498468518257]"
blur-light,object,115,372,298,0,0.6480117440223694,"[298, 280, 286, 299, 356]","[0.6480117440223694, 0.1355004608631134, 0.061661496758461, 0.02509666420519352, 0.021298957988619804]"
blur-light,object,116,313,313,1,0.3714158535003662,"[313, 70, 456, 15, 92]","[0.3714158535003662, 0.12557630240917206, 0.10869184136390686, 0.08675112575292587, 0.06403657793998718]"
blur-light,object,117,18,18,1,0.2624903917312622,"[18, 143, 128, 99, 21]","[0.2624903917312622, 0.24713779985904694, 0.11964099854230881, 0.10442939400672913, 0.04799119755625725]"
blur-light,object,118,919,919,1,0.28707119822502136,"[919, 530, 781, 798, 907]","[0.28707119822502136, 0.09804099798202515, 0.06535068899393082, 0.053142957389354706, 0.04736383631825447]"
blur-light,object,119,92,92,1,0.9926477670669556,"[92, 22, 93, 94, 21]","[0.9926477670669556, 0.0015368746826425195, 0.0010639408137649298, 0.0009593725553713739, 0.0006585514056496322]"
blur-light,object,120,75,75,1,0.2540265917778015,"[75, 80, 94, 701, 128]","[0.2540265917778015, 0.08025496453046799, 0.0692298412322998, 0.06124405562877655, 0.0574333630502224]"
blur-light,object,121,379,93,0,0.1583273857831955,"[93, 42, 21, 128, 22]","[0.1583273857831955, 0.12686040997505188, 0.08950105309486389, 0.06372581422328949, 0.0560976006090641]"
blur-light,object,122,272,21,0,0.17897929251194,"[21, 112, 189, 73, 186]","[0.17897929251194, 0.13422557711601257, 0.07087580114603043, 0.06978636234998703, 0.06332656741142273]"
blur-light,object,123,86,22,0,0.36499786376953125,"[22, 78, 21, 701, 13]","[0.36499786376953125, 0.10944026708602905, 0.07453113049268723, 0.06743814051151276, 0.04059803858399391]"
blur-light,object,124,275,22,0,0.29217955470085144,"[22, 21, 23, 182, 143]","[0.29217955470085144, 0.11590133607387543, 0.09251755475997925, 0.07704909145832062, 0.06648136675357819]"
blur-light,object,125,387,89,0,0.29698771238327026,"[89, 21, 23, 22, 42]","[0.29698771238327026, 0.11903692036867142, 0.10636366158723831, 0.048242539167404175, 0.03736184164881706]"
blur-light,object,126,12,11,0,0.23814797401428223,"[11, 42, 12, 10, 22]","[0.23814797401428223, 0.17767363786697388, 0.12305507063865662, 0.100963294506073, 0.07324502617120743]"
blur-light,object,127,17,701,0,0.1637243628501892,"[701, 93, 87, 570, 305]","[0.1637243628501892, 0.09641192108392715, 0.05212508514523506, 0.04877999424934387, 0.04098370298743248]"
blur-light,object,128,899,135,0,0.13121812045574188,"[135, 503, 883, 132, 783]","[0.13121812045574188, 0.10967470705509186, 0.06531499326229095, 0.04668257385492325, 0.04232019931077957]"
blur-light,object,129,365,43,0,0.1640167236328125,"[43, 365, 42, 377, 299]","[0.1640167236328125, 0.135430708527565, 0.13370834290981293, 0.09309196472167969, 0.08587025105953217]"
blur-light,object,130,335,92,0,0.12586309015750885,"[92, 22, 13, 42, 21]","[0.12586309015750885, 0.11648883670568466, 0.11470220983028412, 0.10342083871364594, 0.07364382594823837]"
blur-light,object,131,23,22,0,0.10684602707624435,"[22, 21, 93, 17, 308]","[0.10684602707624435, 0.10499439388513565, 0.08665794134140015, 0.06542719155550003, 0.045873817056417465]"
blur-light,object,132,379,23,0,0.24352917075157166,"[23, 80, 701, 600, 14]","[0.24352917075157166, 0.1279255449771881, 0.07854072749614716, 0.04756154865026474, 0.04686049371957779]"
blur-light,object,133,988,701,0,0.4057360887527466,"[701, 22, 42, 644, 129]","[0.4057360887527466, 0.25158873200416565, 0.050571318715810776, 0.028473399579524994, 0.018537256866693497]"
blur-light,object,134,988,22,0,0.31142565608024597,"[22, 89, 132, 21, 23]","[0.31142565608024597, 0.19583146274089813, 0.08762376010417938, 0.03377865254878998, 0.027178145945072174]"
blur-light,object,135,17,127,0,0.47586289048194885,"[127, 92, 131, 11, 93]","[0.47586289048194885, 0.08934362232685089, 0.06437500566244125, 0.06353557109832764, 0.04430652782320976]"
blur-light,object,136,18,127,0,0.2818392515182495,"[127, 143, 18, 128, 16]","[0.2818392515182495, 0.16122598946094513, 0.1285160481929779, 0.08576157689094543, 0.05383995175361633]"
blur-light,object,137,39,783,0,0.2233777940273285,"[783, 22, 405, 701, 94]","[0.2233777940273285, 0.11523576080799103, 0.09871114790439606, 0.03270677477121353, 0.028807401657104492]"
blur-light,object,138,335,94,0,0.20250442624092102,"[94, 22, 13, 12, 42]","[0.20250442624092102, 0.1074853166937828, 0.09095118194818497, 0.05184377357363701, 0.03520187363028526]"
blur-light,object,139,376,22,0,0.26769864559173584,"[22, 89, 13, 129, 127]","[0.26769864559173584, 0.152106374502182, 0.09641297906637192, 0.06061895191669464, 0.04558345675468445]"
blur-light,object,140,18,143,0,0.22323010861873627,"[143, 22, 16, 80, 21]","[0.22323010861873627, 0.1243700385093689, 0.08851031213998795, 0.06183978542685509, 0.04847759008407593]"
blur-light,object,141,134,127,0,0.753005862236023,"[127, 132, 129, 89, 146]","[0.753005862236023, 0.06906191259622574, 0.044410042464733124, 0.04329758882522583, 0.02167394571006298]"
blur-light,object,142,294,307,0,0.14355537295341492,"[307, 73, 9, 701, 94]","[0.14355537295341492, 0.11694444715976715, 0.07430251687765121, 0.05993370711803436, 0.05244278535246849]"
blur-light,object,143,472,701,0,0.3419415354728699,"[701, 405, 895, 404, 326]","[0.3419415354728699, 0.16919732093811035, 0.1427033394575119, 0.0691361352801323, 0.032632067799568176]"
blur-light,object,144,354,354,1,0.9834807515144348,"[354, 51, 13, 21, 91]","[0.9834807515144348, 0.003458022605627775, 0.0016370442463085055, 0.0009923438774421811, 0.0009455367689952254]"
blur-light,object,145,134,140,0,0.6120017766952515,"[140, 141, 307, 142, 134]","[0.6120017766952515, 0.06726285815238953, 0.05705612525343895, 0.05063789710402489, 0.0461219847202301]"
blur-light,object,146,821,59,0,0.27001264691352844,"[59, 93, 134, 319, 135]","[0.27001264691352844, 0.16579672694206238, 0.04746873304247856, 0.045777399092912674, 0.044295161962509155]"
blur-light,object,147,391,127,0,0.34941792488098145,"[127, 40, 13, 132, 19]","[0.34941792488098145, 0.12335096299648285, 0.11439846456050873, 0.08398234844207764, 0.031228605657815933]"
blur-light,object,148,391,144,0,0.2399659901857376,"[144, 21, 127, 129, 23]","[0.2399659901857376, 0.22158880531787872, 0.10884086787700653, 0.0940924659371376, 0.09045004844665527]"
blur-light,object,149,821,87,0,0.7649050354957581,"[87, 545, 755, 559, 701]","[0.7649050354957581, 0.020134907215833664, 0.016757646575570107, 0.014092227444052696, 0.011801737360656261]"
blur-light,object,150,576,863,0,0.12676559388637543,"[863, 442, 953, 448, 683]","[0.12676559388637543, 0.11456446349620819, 0.07964375615119934, 0.0683315098285675, 0.04633438214659691]"
blur-light,object,151,140,140,1,0.17534658312797546,"[140, 141, 94, 92, 138]","[0.17534658312797546, 0.12461356818675995, 0.08677322417497635, 0.08463654667139053, 0.06430831551551819]"
blur-light,object,152,852,356,0,0.1772918552160263,"[356, 97, 98, 316, 139]","[0.1772918552160263, 0.0682176947593689, 0.04304923117160797, 0.038052309304475784, 0.03441442921757698]"
blur-light,object,153,576,895,0,0.23361535370349884,"[895, 319, 576, 913, 75]","[0.23361535370349884, 0.11424397677183151, 0.07051831483840942, 0.04454946517944336, 0.04423217102885246]"
blur-light,object,154,472,845,0,0.3092617988586426,"[845, 701, 405, 321, 78]","[0.3092617988586426, 0.14276593923568726, 0.09051419049501419, 0.04146053269505501, 0.03926201909780502]"
blur-light,object,155,258,270,0,0.46162503957748413,"[270, 22, 258, 89, 283]","[0.46162503957748413, 0.14157263934612274, 0.07134099304676056, 0.03398164361715317, 0.028717821463942528]"
blur-light,object,156,143,143,1,0.34881624579429626,"[143, 21, 128, 127, 92]","[0.34881624579429626, 0.21003946661949158, 0.06921803951263428, 0.058288320899009705, 0.05246986821293831]"
blur-light,object,157,198,22,0,0.26243695616722107,"[22, 21, 80, 306, 143]","[0.26243695616722107, 0.1684352457523346, 0.10348206758499146, 0.04193928465247154, 0.03831776976585388]"
blur-light,object,158,236,298,0,0.08267149329185486,"[298, 356, 362, 21, 92]","[0.08267149329185486, 0.0738900899887085, 0.06681584566831589, 0.050559837371110916, 0.0490584634244442]"
blur-light,object,159,576,22,0,0.2150825411081314,"[22, 128, 143, 127, 141]","[0.2150825411081314, 0.1749519407749176, 0.1424378603696823, 0.10713563859462738, 0.03812035918235779]"
blur-light,object,160,483,87,0,0.20194831490516663,"[87, 483, 437, 812, 138]","[0.20194831490516663, 0.1678384393453598, 0.16183868050575256, 0.06443904340267181, 0.04433547332882881]"
blur-light,object,161,727,87,0,0.46713143587112427,"[87, 305, 701, 13, 127]","[0.46713143587112427, 0.1619882583618164, 0.07347933202981949, 0.046132322400808334, 0.020492734387516975]"
blur-light,object,162,238,80,0,0.1496470421552658,"[80, 308, 305, 196, 87]","[0.1496470421552658, 0.09028586000204086, 0.07472550868988037, 0.06703316420316696, 0.051471348851919174]"
blur-light,object,163,385,87,0,0.1625826358795166,"[87, 216, 23, 22, 21]","[0.1625826358795166, 0.13885623216629028, 0.1260160654783249, 0.12474943697452545, 0.10235834866762161]"
blur-light,object,164,472,404,0,0.20737048983573914,"[404, 510, 127, 913, 812]","[0.20737048983573914, 0.15286721289157867, 0.11431583017110825, 0.08607904613018036, 0.06474637985229492]"
blur-light,object,165,140,405,0,0.13853830099105835,"[405, 78, 701, 13, 22]","[0.13853830099105835, 0.13414064049720764, 0.09650948643684387, 0.07815367728471756, 0.047777485102415085]"
blur-light,object,166,352,22,0,0.2782478332519531,"[22, 701, 127, 92, 21]","[0.2782478332519531, 0.2518157660961151, 0.12581181526184082, 0.10958442091941833, 0.03552037104964256]"
blur-light,object,167,292,701,0,0.4186714291572571,"[701, 308, 323, 783, 47]","[0.4186714291572571, 0.07587449252605438, 0.034318890422582626, 0.032554443925619125, 0.030914511531591415]"
blur-light,object,168,806,767,0,0.20718368887901306,"[767, 418, 845, 898, 644]","[0.20718368887901306, 0.11009320616722107, 0.08453069627285004, 0.036546315997838974, 0.02842722460627556]"
blur-light,object,169,449,701,0,0.27691900730133057,"[701, 619, 846, 668, 538]","[0.27691900730133057, 0.13530738651752472, 0.12979353964328766, 0.029604751616716385, 0.022211069241166115]"
blur-light,object,170,164,13,0,0.16908180713653564,"[13, 356, 21, 80, 308]","[0.16908180713653564, 0.1360238790512085, 0.08309551328420639, 0.06759464740753174, 0.0593031644821167]"
blur-light,object,171,909,127,0,0.2964995801448822,"[127, 128, 326, 538, 141]","[0.2964995801448822, 0.17870429158210754, 0.05075591802597046, 0.05047595128417015, 0.04251064732670784]"
blur-light,object,172,576,895,0,0.5008334517478943,"[895, 404, 488, 53, 319]","[0.5008334517478943, 0.0590573325753212, 0.057785023003816605, 0.051678165793418884, 0.0328691303730011]"
blur-light,object,173,727,668,0,0.260917603969574,"[668, 727, 701, 87, 900]","[0.260917603969574, 0.2255198061466217, 0.2107776552438736, 0.050634805113077164, 0.035127267241477966]"
blur-light,object,174,223,22,0,0.3582552373409271,"[22, 21, 23, 143, 128]","[0.3582552373409271, 0.23387090861797333, 0.06721062958240509, 0.05594512075185776, 0.04266117513179779]"
blur-light,object,175,132,132,1,0.8544588685035706,"[132, 146, 127, 89, 18]","[0.8544588685035706, 0.058610305190086365, 0.026131832972168922, 0.015024232678115368, 0.008072374388575554]"
blur-light,object,176,576,127,0,0.13095645606517792,"[127, 75, 94, 677, 306]","[0.13095645606517792, 0.06873957812786102, 0.04758291691541672, 0.03995123505592346, 0.03875413164496422]"
blur-light,object,177,391,94,0,0.28021496534347534,"[94, 42, 31, 319, 87]","[0.28021496534347534, 0.159990593791008, 0.12522932887077332, 0.11744701117277145, 0.08127158880233765]"
blur-light,object,178,708,898,0,0.45078396797180176,"[898, 900, 907, 720, 448]","[0.45078396797180176, 0.062372345477342606, 0.05728714168071747, 0.026998871937394142, 0.023928068578243256]"
blur-light,object,179,132,132,1,0.6195909976959229,"[132, 80, 127, 22, 146]","[0.6195909976959229, 0.0453149639070034, 0.04042607173323631, 0.03785759583115578, 0.03177196905016899]"
blur-light,object,180,576,776,0,0.13135039806365967,"[776, 319, 16, 15, 92]","[0.13135039806365967, 0.09872088581323624, 0.08567396551370621, 0.055251214653253555, 0.04955729842185974]"
blur-light,object,181,143,143,1,0.7547858953475952,"[143, 128, 21, 13, 22]","[0.7547858953475952, 0.04278184100985527, 0.035410985350608826, 0.02798692137002945, 0.02594716288149357]"
blur-light,object,182,842,405,0,0.22974435985088348,"[405, 21, 701, 127, 22]","[0.22974435985088348, 0.19727687537670135, 0.16355466842651367, 0.08149375766515732, 0.06705570966005325]"
blur-light,object,183,372,21,0,0.28586551547050476,"[21, 23, 87, 22, 42]","[0.28586551547050476, 0.12727314233779907, 0.07299048453569412, 0.04493850842118263, 0.041413746774196625]"
blur-light,object,184,36,22,0,0.23839275538921356,"[22, 138, 308, 21, 141]","[0.23839275538921356, 0.16350573301315308, 0.04422663897275925, 0.03804246336221695, 0.03574709966778755]"
blur-light,object,185,660,701,0,0.4160137474536896,"[701, 763, 413, 22, 596]","[0.4160137474536896, 0.06352318078279495, 0.06280574202537537, 0.05313962325453758, 0.05047055333852768]"
blur-light,object,186,821,127,0,0.23452189564704895,"[127, 92, 93, 132, 146]","[0.23452189564704895, 0.17637881636619568, 0.05924617499113083, 0.03975244611501694, 0.03376517444849014]"
blur-light,object,187,449,701,0,0.1209179013967514,"[701, 610, 771, 662, 538]","[0.1209179013967514, 0.06986481696367264, 0.06423910707235336, 0.06233706697821617, 0.057876843959093094]"
blur-light,object,188,131,42,0,0.5378804206848145,"[42, 14, 92, 141, 17]","[0.5378804206848145, 0.07087191939353943, 0.06282659620046616, 0.053744226694107056, 0.02778813987970352]"
blur-light,object,189,576,18,0,0.258634477853775,"[18, 128, 22, 143, 80]","[0.258634477853775, 0.171503946185112, 0.1433008760213852, 0.06848375499248505, 0.05967383459210396]"
blur-light,object,190,140,140,1,0.466265469789505,"[140, 142, 141, 318, 12]","[0.466265469789505, 0.27579089999198914, 0.22578583657741547, 0.006143186707049608, 0.004625288769602776]"
blur-light,object,191,576,517,0,0.8647881746292114,"[517, 531, 321, 484, 733]","[0.8647881746292114, 0.010751834139227867, 0.008772822096943855, 0.006802290212363005, 0.006260870024561882]"
blur-light,object,192,355,47,0,0.2237101048231125,"[47, 92, 350, 21, 133]","[0.2237101048231125, 0.19494058191776276, 0.13295061886310577, 0.11633054167032242, 0.04895025119185448]"
blur-light,object,193,511,511,1,0.4782477915287018,"[511, 817, 436, 656, 751]","[0.4782477915287018, 0.2633855640888214, 0.1346290558576584, 0.06331281363964081, 0.01762336678802967]"
blur-light,object,194,417,701,0,0.37303727865219116,"[701, 971, 13, 742, 326]","[0.37303727865219116, 0.10440933704376221, 0.10360748320817947, 0.05268382653594017, 0.03109630011022091]"
blur-light,object,195,404,78,0,0.20367032289505005,"[78, 701, 405, 895, 127]","[0.20367032289505005, 0.1571604609489441, 0.060296136885881424, 0.05316799134016037, 0.05206131562590599]"
blur-light,object,196,701,701,1,0.7752828598022461,"[701, 53, 852, 326, 64]","[0.7752828598022461, 0.048504047095775604, 0.023068783804774284, 0.02291315421462059, 0.009390187449753284]"
blur-light,object,197,701,701,1,0.367776483297348,"[701, 143, 127, 818, 128]","[0.367776483297348, 0.22140440344810486, 0.03600827232003212, 0.024744512513279915, 0.023743746802210808]"
blur-light,object,198,701,701,1,0.9958447813987732,"[701, 417, 818, 132, 89]","[0.9958447813987732, 0.0007004915969446301, 0.000628985813818872, 0.0004632876953110099, 0.00041590590262785554]"
blur-light,object,199,350,127,0,0.38088467717170715,"[127, 128, 21, 22, 16]","[0.38088467717170715, 0.10501735657453537, 0.07866621017456055, 0.06484323740005493, 0.025479676201939583]"
blur-light,object,200,618,892,0,0.3664700388908386,"[892, 409, 613, 535, 448]","[0.3664700388908386, 0.21356813609600067, 0.056626096367836, 0.028049973770976067, 0.026145773008465767]"
blur-light,object,201,984,984,1,0.9591979384422302,"[984, 701, 693, 325, 308]","[0.9591979384422302, 0.006028908304870129, 0.0020352816209197044, 0.0015755954664200544, 0.0014639402506873012]"
blur-light,object,202,645,488,0,0.37049975991249084,"[488, 683, 679, 42, 645]","[0.37049975991249084, 0.22458897531032562, 0.10728800296783447, 0.06193491443991661, 0.04082917794585228]"
blur-light,object,203,808,129,0,0.17227141559123993,"[129, 315, 701, 31, 64]","[0.17227141559123993, 0.12194420397281647, 0.08801550418138504, 0.08755378425121307, 0.07153289765119553]"
blur-light,object,204,755,805,0,0.6985885500907898,"[805, 701, 132, 417, 768]","[0.6985885500907898, 0.03536776825785637, 0.022025134414434433, 0.019017314538359642, 0.013540192507207394]"
blur-light,object,205,663,483,0,0.4342135488986969,"[483, 663, 497, 698, 668]","[0.4342135488986969, 0.28229954838752747, 0.10521113872528076, 0.052879977971315384, 0.041830629110336304]"
blur-light,object,206,404,404,1,0.963181734085083,"[404, 895, 908, 845, 812]","[0.963181734085083, 0.025052126497030258, 0.004291664343327284, 0.0014480106765404344, 0.0005891465116292238]"
blur-light,object,207,540,540,1,0.34542810916900635,"[540, 326, 127, 895, 517]","[0.34542810916900635, 0.16399970650672913, 0.14444684982299805, 0.06069384887814522, 0.0476825088262558]"
blur-light,object,208,958,701,0,0.19234180450439453,"[701, 845, 920, 895, 783]","[0.19234180450439453, 0.13134033977985382, 0.0668153241276741, 0.056616757065057755, 0.03254704549908638]"
blur-light,object,209,483,845,0,0.41698119044303894,"[845, 53, 141, 628, 319]","[0.41698119044303894, 0.08133262395858765, 0.05892297253012657, 0.034757260233163834, 0.03406325727701187]"
blur-light,object,210,898,701,0,0.6027461290359497,"[701, 42, 22, 94, 845]","[0.6027461290359497, 0.14243751764297485, 0.02802710235118866, 0.015311811119318008, 0.015001075342297554]"
blur-light,object,211,649,682,0,0.182231143116951,"[682, 399, 432, 683, 448]","[0.182231143116951, 0.146767258644104, 0.09147964417934418, 0.032385632395744324, 0.028569946065545082]"
blur-light,object,212,812,405,0,0.45586246252059937,"[405, 78, 701, 677, 127]","[0.45586246252059937, 0.04361282289028168, 0.03743588924407959, 0.030936094000935555, 0.027561696246266365]"
blur-light,object,213,701,701,1,0.8821783065795898,"[701, 90, 64, 301, 417]","[0.8821783065795898, 0.07224006205797195, 0.011724998243153095, 0.003938206471502781, 0.002549165626987815]"
blur-light,object,214,405,405,1,0.2296615093946457,"[405, 701, 677, 13, 143]","[0.2296615093946457, 0.13920113444328308, 0.05406602472066879, 0.03782112896442413, 0.028497284278273582]"
blur-light,object,215,832,832,1,0.8417021632194519,"[832, 812, 538, 668, 442]","[0.8417021632194519, 0.08031696081161499, 0.03430571407079697, 0.01663082093000412, 0.01271993201225996]"
blur-light,object,216,475,818,0,0.26042455434799194,"[818, 701, 326, 635, 892]","[0.26042455434799194, 0.12068921327590942, 0.0689084455370903, 0.05849098414182663, 0.03838951513171196]"
blur-light,object,217,22,22,1,0.8268007636070251,"[22, 23, 21, 99, 221]","[0.8268007636070251, 0.10859507322311401, 0.038856931030750275, 0.005942791234701872, 0.0023406746331602335]"
blur-light,object,218,724,780,0,0.7332849502563477,"[780, 914, 645, 724, 517]","[0.7332849502563477, 0.1049707755446434, 0.06737871468067169, 0.042918022722005844, 0.01643339730799198]"
blur-light,object,219,871,484,0,0.7192784547805786,"[484, 871, 900, 780, 733]","[0.7192784547805786, 0.16914543509483337, 0.025877349078655243, 0.02529854327440262, 0.01165382657200098]"
blur-light,object,220,807,14,0,0.32710039615631104,"[14, 42, 136, 84, 326]","[0.32710039615631104, 0.0652068704366684, 0.06086747720837593, 0.04584692046046257, 0.03944302722811699]"
blur-light,object,221,805,146,0,0.32899031043052673,"[146, 805, 701, 132, 127]","[0.32899031043052673, 0.23798717558383942, 0.1850452423095703, 0.1570010781288147, 0.03321714699268341]"
blur-light,object,222,405,405,1,0.2256060242652893,"[405, 677, 681, 845, 701]","[0.2256060242652893, 0.09260019659996033, 0.04038934037089348, 0.038114141672849655, 0.037825290113687515]"
blur-light,object,223,14,701,0,0.1860295981168747,"[701, 21, 13, 22, 127]","[0.1860295981168747, 0.14851884543895721, 0.048448026180267334, 0.044901467859745026, 0.04424607753753662]"
blur-light,object,224,22,22,1,0.7960382699966431,"[22, 21, 23, 87, 94]","[0.7960382699966431, 0.11013970524072647, 0.04440067335963249, 0.02755042351782322, 0.00564268883317709]"
blur-light,object,225,404,404,1,0.9045414328575134,"[404, 895, 405, 662, 845]","[0.9045414328575134, 0.0522201769053936, 0.010287255048751831, 0.005212769843637943, 0.004394685849547386]"
blur-light,object,226,583,872,0,0.8111538887023926,"[872, 583, 758, 421, 579]","[0.8111538887023926, 0.041673049330711365, 0.018708091229200363, 0.012467684224247932, 0.012042528949677944]"
blur-light,object,227,900,900,1,0.9943884015083313,"[900, 92, 448, 437, 442]","[0.9943884015083313, 0.0026619448326528072, 0.001268234453164041, 0.00029708194779232144, 0.00017787700926419348]"
blur-light,object,228,437,920,0,0.3295155465602875,"[920, 846, 644, 418, 557]","[0.3295155465602875, 0.072374127805233, 0.06253138929605484, 0.03937521576881409, 0.035389550030231476]"
blur-light,object,229,345,354,0,0.15578199923038483,"[354, 16, 21, 99, 652]","[0.15578199923038483, 0.13451513648033142, 0.10459936410188675, 0.07011614739894867, 0.06433612108230591]"
blur-light,object,230,913,311,0,0.15993303060531616,"[311, 312, 319, 40, 326]","[0.15993303060531616, 0.14597386121749878, 0.13452179729938507, 0.041844870895147324, 0.036931030452251434]"
blur-light,object,231,839,839,1,0.6070353984832764,"[839, 664, 851, 893, 498]","[0.6070353984832764, 0.2721165418624878, 0.017615528777241707, 0.015038763172924519, 0.013991264626383781]"
blur-light,object,232,920,920,1,0.482771635055542,"[920, 845, 895, 733, 763]","[0.482771635055542, 0.10801976174116135, 0.05960896238684654, 0.05035380646586418, 0.03562014922499657]"
blur-light,object,233,802,22,0,0.4031963348388672,"[22, 21, 94, 80, 23]","[0.4031963348388672, 0.09758021682500839, 0.09520494192838669, 0.06556513905525208, 0.03757595643401146]"
blur-light,object,234,755,755,1,0.7097069621086121,"[755, 807, 141, 131, 87]","[0.7097069621086121, 0.07723190635442734, 0.029581276699900627, 0.020653974264860153, 0.011124178767204285]"
blur-light,object,235,93,93,1,0.24848903715610504,"[93, 94, 10, 701, 21]","[0.24848903715610504, 0.1179438978433609, 0.10205528885126114, 0.09946867823600769, 0.05486380681395531]"
blur-light,object,236,821,319,0,0.3124866485595703,"[319, 821, 320, 59, 111]","[0.3124866485595703, 0.1787397414445877, 0.10373006016016006, 0.07901631295681, 0.025104397907853127]"
blur-light,object,237,437,405,0,0.16157175600528717,"[405, 644, 677, 818, 895]","[0.16157175600528717, 0.06704667210578918, 0.05467776209115982, 0.051751185208559036, 0.03971273824572563]"
blur-light,object,238,649,677,0,0.29372864961624146,"[677, 777, 733, 600, 432]","[0.29372864961624146, 0.15898072719573975, 0.03586287051439285, 0.02857220359146595, 0.026967955753207207]"
blur-light,object,239,682,668,0,0.574519157409668,"[668, 442, 538, 484, 437]","[0.574519157409668, 0.104463592171669, 0.05760830640792847, 0.043957024812698364, 0.032143451273441315]"
blur-light,object,240,900,900,1,0.9989990592002869,"[900, 494, 872, 506, 708]","[0.9989990592002869, 0.0004450264968909323, 0.00023755553411319852, 3.921160532627255e-05, 2.553928607085254e-05]"
blur-light,object,241,557,872,0,0.17963530123233795,"[872, 494, 600, 733, 557]","[0.17963530123233795, 0.06701996922492981, 0.06539033353328705, 0.054954905062913895, 0.054895710200071335]"
blur-light,object,242,812,111,0,0.06047826260328293,"[111, 75, 813, 331, 53]","[0.06047826260328293, 0.03575504198670387, 0.024377819150686264, 0.023685751482844353, 0.01867716945707798]"
blur-light,object,243,988,852,0,0.5929239392280579,"[852, 988, 701, 948, 113]","[0.5929239392280579, 0.0644552931189537, 0.045083168894052505, 0.03611430525779724, 0.027917727828025818]"
blur-light,object,244,322,326,0,0.9801025986671448,"[326, 21, 87, 818, 24]","[0.9801025986671448, 0.014011233113706112, 0.001455310732126236, 0.0010588649893179536, 0.0006458204006776214]"
blur-light,object,245,131,92,0,0.2577553987503052,"[92, 21, 127, 22, 17]","[0.2577553987503052, 0.18753302097320557, 0.1336240917444229, 0.05004722997546196, 0.04196532443165779]"
blur-light,object,246,309,701,0,0.43593934178352356,"[701, 42, 22, 78, 418]","[0.43593934178352356, 0.10880549252033234, 0.08851604163646698, 0.04751981794834137, 0.01748773269355297]"
blur-light,object,247,324,326,0,0.3339237868785858,"[326, 94, 318, 308, 324]","[0.3339237868785858, 0.11522679030895233, 0.07053923606872559, 0.05537574738264084, 0.03593403100967407]"
blur-light,object,248,133,92,0,0.351155549287796,"[92, 11, 93, 96, 10]","[0.351155549287796, 0.33218467235565186, 0.07687748223543167, 0.05250158905982971, 0.03772035241127014]"
blur-light,object,249,988,988,1,0.8002381324768066,"[988, 87, 113, 89, 99]","[0.8002381324768066, 0.1386420875787735, 0.02301071770489216, 0.007312500849366188, 0.006110674235969782]"
blur-light,object,250,13,13,1,0.4715954661369324,"[13, 12, 10, 42, 23]","[0.4715954661369324, 0.22975705564022064, 0.11932467669248581, 0.03437048941850662, 0.02455921843647957]"
blur-light,object,251,309,78,0,0.26467880606651306,"[78, 701, 42, 94, 22]","[0.26467880606651306, 0.24835313856601715, 0.10075492411851883, 0.0523906871676445, 0.047311726957559586]"
blur-light,object,252,991,89,0,0.18381397426128387,"[89, 326, 308, 301, 895]","[0.18381397426128387, 0.1239052414894104, 0.07438033074140549, 0.05458642542362213, 0.04915887862443924]"
blur-light,object,253,303,300,0,0.18747085332870483,"[300, 307, 319, 92, 302]","[0.18747085332870483, 0.1432868093252182, 0.12737886607646942, 0.1201736107468605, 0.10819942504167557]"
blur-light,object,254,309,78,0,0.2281060516834259,"[78, 42, 22, 319, 308]","[0.2281060516834259, 0.09595204889774323, 0.09197895973920822, 0.08964012563228607, 0.05797876790165901]"
blur-light,object,255,324,324,1,0.9986056685447693,"[324, 326, 322, 325, 144]","[0.9986056685447693, 0.0013456230517476797, 2.550387398514431e-05, 6.919681254657917e-06, 5.612880158878397e-06]"
blur-light,object,256,303,302,0,0.5439504384994507,"[302, 300, 306, 75, 305]","[0.5439504384994507, 0.27202746272087097, 0.06751973181962967, 0.04655829817056656, 0.006909439340233803]"
blur-light,object,257,323,323,1,0.6531717777252197,"[323, 701, 610, 319, 300]","[0.6531717777252197, 0.025372030213475227, 0.022379208356142044, 0.018186621367931366, 0.017683029174804688]"
blur-light,object,258,989,301,0,0.34871906042099,"[301, 989, 11, 417, 701]","[0.34871906042099, 0.27030622959136963, 0.0971905067563057, 0.0616762600839138, 0.04065785929560661]"
blur-light,object,259,324,324,1,0.16286009550094604,"[324, 22, 818, 129, 132]","[0.16286009550094604, 0.15208110213279724, 0.07703427970409393, 0.06288313865661621, 0.046132463961839676]"
blur-light,object,260,989,989,1,0.5681275725364685,"[989, 11, 990, 957, 31]","[0.5681275725364685, 0.4100288450717926, 0.006597519386559725, 0.004240446258336306, 0.00258150277659297]"
blur-light,object,261,323,323,1,0.9701481461524963,"[323, 75, 72, 321, 302]","[0.9701481461524963, 0.01032400131225586, 0.00685327872633934, 0.001849415828473866, 0.0013945233076810837]"
blur-light,object,262,78,93,0,0.3321049213409424,"[93, 139, 21, 87, 92]","[0.3321049213409424, 0.10783276706933975, 0.05355916544795036, 0.04684901982545853, 0.04506853222846985]"
blur-light,object,263,945,701,0,0.3045068085193634,"[701, 301, 989, 64, 417]","[0.3045068085193634, 0.21893619000911713, 0.05745823681354523, 0.052253346890211105, 0.034646615386009216]"
blur-light,object,264,303,22,0,0.16702806949615479,"[22, 701, 89, 895, 303]","[0.16702806949615479, 0.1309407651424408, 0.1122763529419899, 0.08106783777475357, 0.055818792432546616]"
blur-light,object,265,78,319,0,0.2332732081413269,"[319, 300, 75, 73, 302]","[0.2332732081413269, 0.10622309893369675, 0.097231425344944, 0.0923815593123436, 0.08619289100170135]"
blur-light,object,266,323,323,1,0.9999197721481323,"[323, 701, 321, 75, 326]","[0.9999197721481323, 3.876937262248248e-05, 1.1077810995629989e-05, 8.547705874661915e-06, 7.3564783633628394e-06]"
blur-light,object,267,309,94,0,0.29430997371673584,"[94, 319, 308, 701, 42]","[0.29430997371673584, 0.23139658570289612, 0.07900732010602951, 0.03632079064846039, 0.027379583567380905]"
blur-light,object,268,77,73,0,0.22421947121620178,"[73, 21, 22, 42, 71]","[0.22421947121620178, 0.15476906299591064, 0.08403781056404114, 0.07771848887205124, 0.0688716396689415]"
blur-light,object,269,945,701,0,0.5965480804443359,"[701, 971, 417, 22, 111]","[0.5965480804443359, 0.03809468075633049, 0.03543439880013466, 0.02511896751821041, 0.022061556577682495]"
blur-light,object,270,322,42,0,0.933059811592102,"[42, 12, 701, 94, 140]","[0.933059811592102, 0.030211221426725388, 0.0032794391736388206, 0.003199779661372304, 0.002986356383189559]"
blur-light,object,271,27,27,1,0.669063925743103,"[27, 701, 64, 87, 301]","[0.669063925743103, 0.13868635892868042, 0.08251532912254333, 0.020016664639115334, 0.01869199052453041]"
blur-light,object,272,321,321,1,0.9999867677688599,"[321, 326, 701, 322, 323]","[0.9999867677688599, 8.847928256727755e-06, 1.5490002169826766e-06, 5.881325932932668e-07, 5.279473498376319e-07]"
blur-light,object,273,323,323,1,0.9976378679275513,"[323, 314, 53, 326, 79]","[0.9976378679275513, 0.0009205657406710088, 0.0002323558001080528, 0.0001083702445612289, 9.226561087416485e-05]"
blur-light,object,274,937,701,0,0.45147374272346497,"[701, 141, 988, 23, 94]","[0.45147374272346497, 0.10392563790082932, 0.07418488711118698, 0.04722665250301361, 0.04387933388352394]"
blur-light,object,275,73,319,0,0.19758833944797516,"[319, 308, 323, 15, 78]","[0.19758833944797516, 0.10725391656160355, 0.08523499965667725, 0.07023554295301437, 0.04417554661631584]"
blur-light,object,276,322,322,1,0.24439892172813416,"[322, 715, 538, 601, 81]","[0.24439892172813416, 0.12939687073230743, 0.0843806117773056, 0.057462625205516815, 0.05399385467171669]"
blur-light,object,277,40,78,0,0.29730162024497986,"[78, 127, 92, 701, 22]","[0.29730162024497986, 0.1535879373550415, 0.05648520588874817, 0.0434318371117115, 0.035552240908145905]"
blur-light,object,278,31,42,0,0.36692312359809875,"[42, 701, 323, 53, 83]","[0.36692312359809875, 0.13252221047878265, 0.05138799175620079, 0.032543860375881195, 0.027132846415042877]"
blur-light,object,279,321,321,1,0.9997665286064148,"[321, 22, 80, 326, 23]","[0.9997665286064148, 0.00012728707224596292, 3.630758146755397e-05, 9.055540431290865e-06, 7.1519307311973535e-06]"
blur-light,object,280,58,701,0,0.5482851266860962,"[701, 488, 783, 600, 38]","[0.5482851266860962, 0.0678984522819519, 0.032849013805389404, 0.032659564167261124, 0.017028450965881348]"
blur-light,object,281,309,126,0,0.16413652896881104,"[126, 21, 73, 307, 22]","[0.16413652896881104, 0.1069348007440567, 0.06155284494161606, 0.038910701870918274, 0.03771599009633064]"
blur-light,object,282,303,303,1,0.6099138259887695,"[303, 302, 300, 77, 319]","[0.6099138259887695, 0.12121090292930603, 0.08710816502571106, 0.06152724847197533, 0.024943772703409195]"
blur-light,object,283,325,326,0,0.9907051920890808,"[326, 325, 47, 322, 21]","[0.9907051920890808, 0.006612502969801426, 0.0013302965089678764, 0.0003913526888936758, 9.286376734962687e-05]"
blur-light,object,284,323,323,1,0.9998736381530762,"[323, 75, 584, 72, 300]","[0.9998736381530762, 7.469085539923981e-05, 2.278111787745729e-05, 3.9100218600651715e-06, 2.5300284960394492e-06]"
blur-light,object,285,304,701,0,0.1655992567539215,"[701, 304, 314, 78, 73]","[0.1655992567539215, 0.16555899381637573, 0.12619423866271973, 0.10289010405540466, 0.039340101182460785]"
blur-light,object,286,18,143,0,0.4486719071865082,"[143, 18, 128, 13, 127]","[0.4486719071865082, 0.42101824283599854, 0.044476211071014404, 0.034740664064884186, 0.008842261508107185]"
blur-light,object,287,178,178,1,0.6852145791053772,"[178, 87, 208, 190, 216]","[0.6852145791053772, 0.11073609441518784, 0.07504092156887054, 0.04726763069629669, 0.022354111075401306]"
blur-light,object,288,83,83,1,0.6032174229621887,"[83, 87, 82, 86, 141]","[0.6032174229621887, 0.30238446593284607, 0.03522378206253052, 0.01085736509412527, 0.009406747296452522]"
blur-light,object,289,362,362,1,0.8862811923027039,"[362, 97, 783, 128, 281]","[0.8862811923027039, 0.00922162365168333, 0.005971021018922329, 0.005780945997685194, 0.005519654136151075]"
blur-light,object,290,272,87,0,0.5585755109786987,"[87, 13, 138, 318, 94]","[0.5585755109786987, 0.14397254586219788, 0.03686556592583656, 0.027952462434768677, 0.02465973049402237]"
blur-light,object,291,102,22,0,0.25265684723854065,"[22, 128, 701, 23, 78]","[0.25265684723854065, 0.15281492471694946, 0.10797207802534103, 0.09841898828744888, 0.030854612588882446]"
blur-light,object,292,423,423,1,0.5919405817985535,"[423, 559, 92, 572, 701]","[0.5919405817985535, 0.03537385165691376, 0.03464548662304878, 0.02419971488416195, 0.023582251742482185]"
blur-light,object,293,543,113,0,0.24205371737480164,"[113, 87, 649, 129, 47]","[0.24205371737480164, 0.1562318503856659, 0.09629260748624802, 0.053748153150081635, 0.04685002565383911]"
blur-light,object,294,277,185,0,0.14817161858081818,"[185, 277, 192, 202, 282]","[0.14817161858081818, 0.1093607023358345, 0.09760650247335434, 0.08350224047899246, 0.0674668624997139]"
blur-light,object,295,428,91,0,0.1154896691441536,"[91, 701, 405, 92, 895]","[0.1154896691441536, 0.10424333065748215, 0.10039239376783371, 0.05709737539291382, 0.04960270971059799]"
blur-light,object,296,134,93,0,0.7170078754425049,"[93, 23, 21, 142, 140]","[0.7170078754425049, 0.050175633281469345, 0.03265592083334923, 0.0258594062179327, 0.018233725801110268]"
blur-light,object,297,298,298,1,0.25542089343070984,"[298, 356, 87, 358, 318]","[0.25542089343070984, 0.13925813138484955, 0.06530601531267166, 0.04158952832221985, 0.02900109812617302]"
blur-light,object,298,170,140,0,0.2741737365722656,"[140, 94, 141, 13, 42]","[0.2741737365722656, 0.1548956036567688, 0.11829777806997299, 0.06925609707832336, 0.034212756901979446]"
blur-light,object,299,363,42,0,0.28519406914711,"[42, 43, 490, 141, 47]","[0.28519406914711, 0.11904972791671753, 0.09766927361488342, 0.09343767166137695, 0.05004354566335678]"
blur-light,object,300,356,87,0,0.33868199586868286,"[87, 141, 12, 94, 280]","[0.33868199586868286, 0.05976599082350731, 0.05675137788057327, 0.04776165261864662, 0.045734938234090805]"
blur-light,object,301,161,162,0,0.5152446627616882,"[162, 167, 166, 348, 349]","[0.5152446627616882, 0.20643119513988495, 0.08598301559686661, 0.02829211950302124, 0.0176040381193161]"
blur-light,object,302,254,243,0,0.14286722242832184,"[243, 676, 198, 282, 196]","[0.14286722242832184, 0.08390556275844574, 0.06294925510883331, 0.05091450735926628, 0.04958701878786087]"
blur-light,object,303,145,145,1,0.9951370358467102,"[145, 134, 146, 89, 99]","[0.9951370358467102, 0.0023516800720244646, 0.0006205321988090873, 0.0005375525215640664, 0.0005364371463656425]"
blur-light,object,304,171,21,0,0.6849945187568665,"[21, 22, 376, 11, 350]","[0.6849945187568665, 0.06020858883857727, 0.05015832185745239, 0.027425086125731468, 0.02687530219554901]"
blur-light,object,305,299,701,0,0.5656713843345642,"[701, 42, 83, 80, 22]","[0.5656713843345642, 0.15198813378810883, 0.07407479733228683, 0.05830633267760277, 0.02815989777445793]"
blur-light,object,306,251,251,1,0.9148858785629272,"[251, 81, 127, 326, 143]","[0.9148858785629272, 0.08238576352596283, 0.00040409486973658204, 0.00030516964034177363, 0.00028961076168343425]"
blur-light,object,307,292,282,0,0.3236074149608612,"[282, 281, 73, 285, 112]","[0.3236074149608612, 0.053227830678224564, 0.052785106003284454, 0.0475991815328598, 0.038391727954149246]"
blur-light,object,308,77,73,0,0.5442842841148376,"[73, 77, 78, 319, 307]","[0.5442842841148376, 0.1438971608877182, 0.10752123594284058, 0.03906193748116493, 0.027444349601864815]"
blur-light,object,309,305,89,0,0.17057491838932037,"[89, 93, 22, 701, 305]","[0.17057491838932037, 0.12983860075473785, 0.09562986344099045, 0.0884021744132042, 0.07836204767227173]"
blur-light,object,310,299,21,0,0.19042398035526276,"[21, 23, 131, 22, 92]","[0.19042398035526276, 0.14311718940734863, 0.12176260352134705, 0.05053125321865082, 0.04552609845995903]"
blur-light,object,311,83,21,0,0.1891334354877472,"[21, 87, 86, 138, 80]","[0.1891334354877472, 0.17304690182209015, 0.10173708200454712, 0.06747086346149445, 0.06315101683139801]"
blur-light,object,312,362,23,0,0.2802850604057312,"[23, 94, 21, 24, 47]","[0.2802850604057312, 0.22346872091293335, 0.089080311357975, 0.07231128960847855, 0.03960287943482399]"
blur-light,object,313,85,85,1,0.9734386801719666,"[85, 80, 81, 21, 13]","[0.9734386801719666, 0.006382182706147432, 0.004782167728990316, 0.0021980744786560535, 0.0019721551798284054]"
blur-light,object,314,203,203,1,0.9093243479728699,"[203, 185, 299, 266, 196]","[0.9093243479728699, 0.012757719494402409, 0.011498467065393925, 0.008380172774195671, 0.008255775086581707]"
blur-light,object,315,79,323,0,0.14852404594421387,"[323, 683, 80, 81, 93]","[0.14852404594421387, 0.12029919773340225, 0.06899063289165497, 0.04614788293838501, 0.038715191185474396]"
blur-light,object,316,71,87,0,0.17047518491744995,"[87, 90, 42, 701, 307]","[0.17047518491744995, 0.12531785666942596, 0.11331839859485626, 0.09690270572900772, 0.08101119846105576]"
blur-light,object,317,298,42,0,0.45495447516441345,"[42, 319, 40, 38, 47]","[0.45495447516441345, 0.04784879460930824, 0.04324328526854515, 0.041284915059804916, 0.04093274474143982]"
blur-light,object,318,336,299,0,0.7503545880317688,"[299, 298, 336, 331, 10]","[0.7503545880317688, 0.1088300347328186, 0.04303266853094101, 0.025171449407935143, 0.00870687235146761]"
blur-light,object,319,425,425,1,0.9318221807479858,"[425, 448, 846, 538, 449]","[0.9318221807479858, 0.018678585067391396, 0.009420843794941902, 0.007517021615058184, 0.005482200998812914]"
blur-light,object,320,137,143,0,0.45016878843307495,"[143, 131, 80, 137, 136]","[0.45016878843307495, 0.11324038356542587, 0.08792363107204437, 0.07882002741098404, 0.07636832445859909]"
blur-light,object,321,372,78,0,0.20792022347450256,"[78, 13, 22, 21, 356]","[0.20792022347450256, 0.14854231476783752, 0.14768476784229279, 0.05013755336403847, 0.04453800991177559]"
blur-light,object,322,958,988,0,0.25773951411247253,"[988, 113, 336, 298, 87]","[0.25773951411247253, 0.14701038599014282, 0.08860109001398087, 0.0813729539513588, 0.03359539434313774]"
blur-light,object,323,232,78,0,0.16461363434791565,"[78, 701, 989, 21, 22]","[0.16461363434791565, 0.09601131826639175, 0.06433556973934174, 0.057376597076654434, 0.05667564645409584]"
blur-light,object,324,279,127,0,0.27655452489852905,"[127, 89, 129, 21, 81]","[0.27655452489852905, 0.17931844294071198, 0.07578843832015991, 0.06767778843641281, 0.06645885109901428]"
blur-light,object,325,146,146,1,0.4053994119167328,"[146, 127, 143, 128, 132]","[0.4053994119167328, 0.09447656571865082, 0.07954622805118561, 0.07389506697654724, 0.06478600203990936]"
blur-light,object,326,352,326,0,0.1604124903678894,"[326, 22, 701, 141, 324]","[0.1604124903678894, 0.11968733370304108, 0.09139156341552734, 0.07552207261323929, 0.04521699994802475]"
blur-light,object,327,958,701,0,0.2750045359134674,"[701, 22, 677, 405, 141]","[0.2750045359134674, 0.2439194917678833, 0.17858727276325226, 0.05980498343706131, 0.04712582007050514]"
blur-light,object,328,958,958,1,0.4346199631690979,"[958, 90, 701, 47, 285]","[0.4346199631690979, 0.2640138864517212, 0.03543628379702568, 0.034172434359788895, 0.02511759102344513]"
blur-light,object,329,275,307,0,0.8351835608482361,"[307, 300, 73, 21, 308]","[0.8351835608482361, 0.04779816046357155, 0.02314933016896248, 0.018925778567790985, 0.01637786626815796]"
blur-light,object,330,888,783,0,0.2291530817747116,"[783, 418, 462, 769, 845]","[0.2291530817747116, 0.09447626769542694, 0.08584558963775635, 0.08580924570560455, 0.05103202909231186]"
blur-light,object,331,352,92,0,0.4519887864589691,"[92, 127, 120, 143, 307]","[0.4519887864589691, 0.13746531307697296, 0.04718359559774399, 0.04155420511960983, 0.03447172790765762]"
blur-light,object,332,85,135,0,0.23856250941753387,"[135, 21, 141, 93, 127]","[0.23856250941753387, 0.16831068694591522, 0.12940482795238495, 0.04901297762989998, 0.04442182183265686]"
blur-light,object,333,9,13,0,0.18228404223918915,"[13, 127, 138, 324, 21]","[0.18228404223918915, 0.13848461210727692, 0.12467841058969498, 0.10925006866455078, 0.10697658360004425]"
blur-light,object,334,199,357,0,0.08983667194843292,"[357, 588, 256, 91, 295]","[0.08983667194843292, 0.07936788350343704, 0.07461734861135483, 0.059546153992414474, 0.05550796911120415]"
blur-light,object,335,522,22,0,0.1372426301240921,"[22, 94, 127, 319, 78]","[0.1372426301240921, 0.10496778041124344, 0.055829159915447235, 0.040139492601156235, 0.035588931292295456]"
blur-light,object,336,340,78,0,0.2804623246192932,"[78, 319, 73, 310, 42]","[0.2804623246192932, 0.08547282218933105, 0.06435493379831314, 0.06116412207484245, 0.034821197390556335]"
blur-light,object,337,9,22,0,0.2234521210193634,"[22, 13, 21, 23, 128]","[0.2234521210193634, 0.14090663194656372, 0.089425228536129, 0.07984179258346558, 0.04447333142161369]"
blur-light,object,338,386,22,0,0.21477355062961578,"[22, 87, 21, 349, 127]","[0.21477355062961578, 0.1926347017288208, 0.18208257853984833, 0.07504148036241531, 0.07029294222593307]"
blur-light,object,339,274,21,0,0.23491878807544708,"[21, 316, 776, 31, 42]","[0.23491878807544708, 0.14337705075740814, 0.14160330593585968, 0.05372754484415054, 0.0517130009829998]"
blur-light,object,340,274,21,0,0.6731513142585754,"[21, 22, 16, 13, 350]","[0.6731513142585754, 0.05172783136367798, 0.028455397114157677, 0.027303218841552734, 0.01906879059970379]"
blur-light,object,341,254,87,0,0.693495512008667,"[87, 89, 21, 701, 127]","[0.693495512008667, 0.09021449834108353, 0.05699755623936653, 0.0358927920460701, 0.011613653972744942]"
blur-light,object,342,185,187,0,0.2074527144432068,"[187, 373, 185, 216, 22]","[0.2074527144432068, 0.10673955082893372, 0.09117110073566437, 0.0681430920958519, 0.03830363228917122]"
blur-light,object,343,169,12,0,0.20690885186195374,"[12, 21, 22, 23, 87]","[0.20690885186195374, 0.17240235209465027, 0.16948993504047394, 0.10249150544404984, 0.03957289829850197]"
blur-light,object,344,193,196,0,0.5428252816200256,"[196, 187, 155, 21, 204]","[0.5428252816200256, 0.12901422381401062, 0.04723558574914932, 0.03598473593592644, 0.029062729328870773]"
blur-light,object,345,355,38,0,0.12199802696704865,"[38, 701, 42, 22, 73]","[0.12199802696704865, 0.11995391547679901, 0.07847101241350174, 0.05735277757048607, 0.05092564970254898]"
blur-light,object,346,83,83,1,0.8789613842964172,"[83, 80, 135, 340, 86]","[0.8789613842964172, 0.042668864130973816, 0.022895611822605133, 0.012724116444587708, 0.005620949435979128]"
blur-light,object,347,355,196,0,0.44001850485801697,"[196, 374, 354, 192, 355]","[0.44001850485801697, 0.07693195343017578, 0.0743509829044342, 0.0497681088745594, 0.04940558597445488]"
blur-light,object,348,172,21,0,0.5166184306144714,"[21, 138, 127, 92, 306]","[0.5166184306144714, 0.09565424919128418, 0.0675092563033104, 0.03812447190284729, 0.03592446818947792]"
blur-light,object,349,958,84,0,0.2355601042509079,"[84, 298, 47, 87, 619]","[0.2355601042509079, 0.07834175229072571, 0.07756879925727844, 0.06337880343198776, 0.05607371777296066]"
blur-light,object,350,425,319,0,0.3100661635398865,"[319, 425, 405, 127, 557]","[0.3100661635398865, 0.20973283052444458, 0.04131239652633667, 0.03406435251235962, 0.027321871370077133]"
blur-light,object,351,958,111,0,0.15291030704975128,"[111, 701, 78, 99, 771]","[0.15291030704975128, 0.13783146440982819, 0.12966367602348328, 0.06867294758558273, 0.05670251324772835]"
blur-light,object,352,425,425,1,0.5277664661407471,"[425, 701, 87, 92, 131]","[0.5277664661407471, 0.2720611095428467, 0.09970176964998245, 0.013212489895522594, 0.008453943766653538]"
blur-light,object,353,681,92,0,0.22182095050811768,"[92, 320, 319, 21, 127]","[0.22182095050811768, 0.11387240886688232, 0.10371731221675873, 0.0932861790060997, 0.05884747952222824]"
blur-light,object,354,755,87,0,0.39708733558654785,"[87, 141, 701, 127, 22]","[0.39708733558654785, 0.08739129453897476, 0.06952924281358719, 0.0422268770635128, 0.026735523715615273]"
blur-light,object,355,251,141,0,0.3167288601398468,"[141, 326, 319, 308, 78]","[0.3167288601398468, 0.13297389447689056, 0.07950448244810104, 0.0526253841817379, 0.029141206294298172]"
blur-light,object,356,209,42,0,0.37938135862350464,"[42, 94, 307, 47, 21]","[0.37938135862350464, 0.20000307261943817, 0.10638252645730972, 0.06931275129318237, 0.02376122772693634]"
blur-light,object,357,872,15,0,0.1438465416431427,"[15, 10, 314, 22, 701]","[0.1438465416431427, 0.1381101906299591, 0.1343359649181366, 0.08601240068674088, 0.04963827133178711]"
blur-light,object,358,177,177,1,0.26306700706481934,"[177, 21, 170, 143, 128]","[0.26306700706481934, 0.23867836594581604, 0.19359645247459412, 0.07518352568149567, 0.07338140904903412]"
blur-light,object,359,172,94,0,0.593005359172821,"[94, 92, 140, 129, 277]","[0.593005359172821, 0.038592394441366196, 0.032205384224653244, 0.02189887873828411, 0.021832941100001335]"
blur-light,object,360,425,425,1,0.9358919262886047,"[425, 557, 405, 404, 900]","[0.9358919262886047, 0.007731316611170769, 0.00666968896985054, 0.004150927998125553, 0.0033604565542191267]"
blur-light,object,361,191,191,1,0.28433090448379517,"[191, 299, 189, 298, 186]","[0.28433090448379517, 0.2631467580795288, 0.08641856908798218, 0.044887956231832504, 0.03572553023695946]"
blur-light,object,362,23,21,0,0.36273321509361267,"[21, 135, 127, 16, 22]","[0.36273321509361267, 0.32288262248039246, 0.10307711362838745, 0.0622527077794075, 0.05962205305695534]"
blur-light,object,363,353,11,0,0.45357546210289,"[11, 42, 92, 15, 16]","[0.45357546210289, 0.21055172383785248, 0.06166958808898926, 0.04123859480023384, 0.03870927542448044]"
blur-light,object,364,209,22,0,0.20370610058307648,"[22, 21, 23, 306, 143]","[0.20370610058307648, 0.13495105504989624, 0.11670757830142975, 0.07686200737953186, 0.0663810595870018]"
blur-light,object,365,352,13,0,0.15570132434368134,"[13, 94, 22, 127, 319]","[0.15570132434368134, 0.06289036571979523, 0.06045091524720192, 0.04983295127749443, 0.03915391117334366]"
blur-light,object,366,690,701,0,0.2958487272262573,"[701, 783, 31, 626, 323]","[0.2958487272262573, 0.04002850130200386, 0.03777344897389412, 0.024293240159749985, 0.022920120507478714]"
blur-light,object,367,348,127,0,0.18386922776699066,"[127, 120, 92, 38, 71]","[0.18386922776699066, 0.07581909000873566, 0.0678255558013916, 0.06362561136484146, 0.05753058195114136]"
blur-light,object,368,336,42,0,0.16424426436424255,"[42, 78, 308, 319, 22]","[0.16424426436424255, 0.13341635465621948, 0.03785661980509758, 0.03552388772368431, 0.03202160447835922]"
blur-light,object,369,574,574,1,0.7008898258209229,"[574, 852, 951, 952, 950]","[0.7008898258209229, 0.07343605905771255, 0.04330756515264511, 0.02730373851954937, 0.020848771557211876]"
blur-light,object,370,172,21,0,0.17648334801197052,"[21, 16, 99, 91, 134]","[0.17648334801197052, 0.1300729662179947, 0.07888700067996979, 0.0770869329571724, 0.04522230103611946]"
blur-light,object,371,428,92,0,0.7599281072616577,"[92, 319, 141, 134, 131]","[0.7599281072616577, 0.09371468424797058, 0.03007841855287552, 0.02271118387579918, 0.013272315263748169]"
blur-light,object,372,277,701,0,0.4557496905326843,"[701, 94, 92, 11, 22]","[0.4557496905326843, 0.1694902926683426, 0.056090280413627625, 0.025585057213902473, 0.02340388111770153]"
blur-light,object,373,209,21,0,0.5233420133590698,"[21, 354, 23, 348, 170]","[0.5233420133590698, 0.15055571496486664, 0.06171232461929321, 0.03892459347844124, 0.026825930923223495]"
blur-light,object,374,575,812,0,0.27586326003074646,"[812, 895, 754, 407, 844]","[0.27586326003074646, 0.22267599403858185, 0.10936006158590317, 0.0814397931098938, 0.02727217599749565]"
blur-light,object,375,958,47,0,0.291036993265152,"[47, 298, 852, 90, 958]","[0.291036993265152, 0.08424651622772217, 0.05941364914178848, 0.05776963010430336, 0.05637668818235397]"
blur-light,object,376,340,701,0,0.18874192237854004,"[701, 323, 93, 80, 21]","[0.18874192237854004, 0.13207457959651947, 0.08539412915706635, 0.05162924528121948, 0.04968106001615524]"
blur-light,object,377,191,42,0,0.39252281188964844,"[42, 701, 22, 10, 12]","[0.39252281188964844, 0.12017756700515747, 0.05743039771914482, 0.048044051975011826, 0.031533099710941315]"
blur-light,object,378,232,196,0,0.43300944566726685,"[196, 155, 217, 232, 21]","[0.43300944566726685, 0.07462659478187561, 0.07217244058847427, 0.06579740345478058, 0.05993831157684326]"
blur-light,object,379,352,701,0,0.12140662223100662,"[701, 38, 71, 92, 42]","[0.12140662223100662, 0.11052596569061279, 0.08943583816289902, 0.06542884558439255, 0.06210673972964287]"
blur-light,object,380,373,336,0,0.35100045800209045,"[336, 373, 298, 356, 94]","[0.35100045800209045, 0.11646651476621628, 0.07426198571920395, 0.0622163750231266, 0.06169106811285019]"
blur-light,object,381,353,141,0,0.20549599826335907,"[141, 127, 92, 128, 78]","[0.20549599826335907, 0.2054472118616104, 0.0926404744386673, 0.0781155452132225, 0.03851526975631714]"
blur-light,object,382,888,888,1,0.08085594326257706,"[888, 769, 668, 80, 699]","[0.08085594326257706, 0.06314536184072495, 0.05336357280611992, 0.047091975808143616, 0.03999210149049759]"
blur-light,object,383,286,47,0,0.22928419709205627,"[47, 94, 42, 92, 141]","[0.22928419709205627, 0.08036283403635025, 0.07438807189464569, 0.07372517883777618, 0.053316548466682434]"
blur-light,object,384,299,299,1,0.9330279231071472,"[299, 298, 568, 285, 281]","[0.9330279231071472, 0.031202444806694984, 0.00912478007376194, 0.0068260799162089825, 0.005865903105586767]"
blur-light,object,385,350,47,0,0.31368330121040344,"[47, 21, 43, 318, 73]","[0.31368330121040344, 0.118393175303936, 0.10199794173240662, 0.05850115045905113, 0.045340679585933685]"
blur-light,object,386,143,143,1,0.9961270689964294,"[143, 13, 18, 19, 87]","[0.9961270689964294, 0.0008966587483882904, 0.0008705522050149739, 0.00039749167626723647, 0.00034130155108869076]"
blur-light,object,387,336,141,0,0.29560160636901855,"[141, 94, 22, 701, 78]","[0.29560160636901855, 0.2769086956977844, 0.08798331767320633, 0.04588501527905464, 0.028017930686473846]"
blur-light,object,388,353,351,0,0.11794350296258926,"[351, 11, 21, 22, 420]","[0.11794350296258926, 0.09506572782993317, 0.07805096358060837, 0.0692557767033577, 0.061930101364851]"
blur-light,object,389,305,326,0,0.157054603099823,"[326, 306, 302, 131, 701]","[0.157054603099823, 0.1309722363948822, 0.0887950211763382, 0.059183359146118164, 0.04897636920213699]"
blur-light,object,390,349,348,0,0.5443429350852966,"[348, 23, 87, 349, 170]","[0.5443429350852966, 0.07769135385751724, 0.06420435756444931, 0.0641498863697052, 0.06354052573442459]"
blur-light,object,391,11,22,0,0.5770639777183533,"[22, 701, 92, 11, 143]","[0.5770639777183533, 0.11555684357881546, 0.054185304790735245, 0.04787960276007652, 0.0181887224316597]"
blur-light,object,392,26,23,0,0.13046151399612427,"[23, 701, 78, 22, 128]","[0.13046151399612427, 0.08514849841594696, 0.06114199757575989, 0.05886538699269295, 0.0566527396440506]"
blur-light,object,393,336,281,0,0.0961509719491005,"[281, 94, 285, 336, 47]","[0.0961509719491005, 0.09339166432619095, 0.08111075311899185, 0.058932676911354065, 0.054265961050987244]"
blur-light,object,394,79,312,0,0.2472454160451889,"[312, 314, 71, 300, 127]","[0.2472454160451889, 0.15569500625133514, 0.12368656694889069, 0.05879003927111626, 0.04619872570037842]"
blur-light,object,395,63,53,0,0.5349950790405273,"[53, 821, 63, 584, 52]","[0.5349950790405273, 0.10073170065879822, 0.06941276043653488, 0.022650964558124542, 0.015037325210869312]"
blur-light,object,396,349,701,0,0.16305632889270782,"[701, 22, 94, 21, 71]","[0.16305632889270782, 0.07632864266633987, 0.06490913778543472, 0.05072775110602379, 0.04618364945054054]"
blur-light,object,397,17,92,0,0.19014276564121246,"[92, 127, 22, 11, 15]","[0.19014276564121246, 0.15968453884124756, 0.07622640579938889, 0.04749889299273491, 0.046665992587804794]"
blur-light,object,398,354,350,0,0.2186412215232849,"[350, 362, 298, 358, 356]","[0.2186412215232849, 0.10862323641777039, 0.09520398080348969, 0.07234528660774231, 0.05027376487851143]"
blur-light,object,399,172,172,1,0.18312077224254608,"[172, 16, 10, 350, 13]","[0.18312077224254608, 0.1825418919324875, 0.09038599580526352, 0.08424780517816544, 0.058361202478408813]"
blur-light,object,400,390,111,0,0.5680879950523376,"[111, 132, 600, 59, 506]","[0.5680879950523376, 0.16955792903900146, 0.022867783904075623, 0.02043256163597107, 0.020367812365293503]"
blur-light,object,401,42,127,0,0.1887926608324051,"[127, 93, 132, 92, 22]","[0.1887926608324051, 0.10703418403863907, 0.10063182562589645, 0.09646624326705933, 0.06870705634355545]"
blur-light,object,402,251,251,1,0.5013874173164368,"[251, 73, 38, 683, 81]","[0.5013874173164368, 0.1498509645462036, 0.03570815175771713, 0.031030818819999695, 0.02400706522166729]"
blur-light,object,403,13,13,1,0.5579794049263,"[13, 356, 701, 22, 78]","[0.5579794049263, 0.12487291544675827, 0.0482991561293602, 0.03386674448847771, 0.03154600039124489]"
blur-light,object,404,139,139,1,0.9989994168281555,"[139, 81, 308, 135, 22]","[0.9989994168281555, 0.00022358806745614856, 0.0001413584395777434, 8.705643995199353e-05, 5.896895891055465e-05]"
blur-light,object,405,336,356,0,0.15503385663032532,"[356, 336, 299, 360, 298]","[0.15503385663032532, 0.13824191689491272, 0.06992530077695847, 0.06466533243656158, 0.058786384761333466]"
blur-light,object,406,277,701,0,0.28463271260261536,"[701, 94, 92, 309, 11]","[0.28463271260261536, 0.23556631803512573, 0.14967896044254303, 0.052317604422569275, 0.04079977422952652]"
blur-light,object,407,375,128,0,0.10714094340801239,"[128, 127, 80, 99, 512]","[0.10714094340801239, 0.10218176990747452, 0.09948042035102844, 0.058938901871442795, 0.057280637323856354]"
blur-light,object,408,26,111,0,0.0978497788310051,"[111, 92, 93, 587, 94]","[0.0978497788310051, 0.08804602921009064, 0.06771311163902283, 0.044196054339408875, 0.04065556079149246]"
blur-light,object,409,295,87,0,0.5357147455215454,"[87, 490, 368, 496, 196]","[0.5357147455215454, 0.07808861881494522, 0.03602483496069908, 0.03507646545767784, 0.034732576459646225]"
blur-light,object,410,674,319,0,0.7598267197608948,"[319, 674, 308, 316, 91]","[0.7598267197608948, 0.09089473634958267, 0.02141488902270794, 0.01428361888974905, 0.00967242382466793]"
blur-light,object,411,57,141,0,0.10150273889303207,"[141, 319, 320, 78, 488]","[0.10150273889303207, 0.09682632982730865, 0.07204482704401016, 0.059681136161088943, 0.054943524301052094]"
blur-light,object,412,59,132,0,0.21854689717292786,"[132, 146, 127, 22, 129]","[0.21854689717292786, 0.11127027869224548, 0.09584234654903412, 0.07844007015228271, 0.07655303180217743]"
blur-light,object,413,357,356,0,0.3199214041233063,"[356, 299, 298, 359, 261]","[0.3199214041233063, 0.2665777802467346, 0.09135471284389496, 0.035008735954761505, 0.03309018164873123]"
blur-light,object,414,336,12,0,0.3589770197868347,"[12, 141, 94, 22, 23]","[0.3589770197868347, 0.06690867990255356, 0.0658528283238411, 0.05873292312026024, 0.05586528033018112]"
blur-light,object,415,86,86,1,0.4614946246147156,"[86, 82, 42, 71, 701]","[0.4614946246147156, 0.10985612124204636, 0.10150780528783798, 0.05336138978600502, 0.045080170035362244]"
blur-light,object,416,62,53,0,0.33549609780311584,"[53, 139, 57, 42, 60]","[0.33549609780311584, 0.1794125884771347, 0.07546268403530121, 0.07245025783777237, 0.04697764292359352]"
blur-light,object,417,677,319,0,0.17900601029396057,"[319, 132, 92, 127, 320]","[0.17900601029396057, 0.08942548930644989, 0.08708802610635757, 0.08626998960971832, 0.05193082243204117]"
blur-light,object,418,387,358,0,0.33670884370803833,"[358, 356, 277, 359, 22]","[0.33670884370803833, 0.2616041600704193, 0.07465530186891556, 0.05874454230070114, 0.045629341155290604]"
blur-light,object,419,85,141,0,0.2053106725215912,"[141, 22, 21, 78, 701]","[0.2053106725215912, 0.1967787742614746, 0.1020829975605011, 0.06032571196556091, 0.0343453623354435]"
blur-light,object,420,544,80,0,0.264297753572464,"[80, 87, 326, 306, 143]","[0.264297753572464, 0.18594038486480713, 0.1454392671585083, 0.1083713173866272, 0.07894662022590637]"
blur-light,object,421,77,73,0,0.3120749294757843,"[73, 303, 78, 77, 92]","[0.3120749294757843, 0.21687500178813934, 0.10872884839773178, 0.07220612466335297, 0.06855939328670502]"
blur-light,object,422,357,23,0,0.23312698304653168,"[23, 128, 701, 22, 21]","[0.23312698304653168, 0.1914592981338501, 0.0657578632235527, 0.04684079438447952, 0.04545163735747337]"
blur-light,object,423,383,319,0,0.16714711487293243,"[319, 701, 38, 383, 73]","[0.16714711487293243, 0.07365356385707855, 0.05227389186620712, 0.048346273601055145, 0.04294797405600548]"
blur-light,object,424,277,92,0,0.3574405014514923,"[92, 86, 11, 42, 82]","[0.3574405014514923, 0.25191041827201843, 0.08758178353309631, 0.06622447818517685, 0.052856139838695526]"
blur-light,object,425,803,87,0,0.0700782909989357,"[87, 316, 71, 461, 120]","[0.0700782909989357, 0.06849665939807892, 0.04922563210129738, 0.03880166634917259, 0.03803976625204086]"
blur-light,object,426,792,724,0,0.18093237280845642,"[724, 557, 668, 540, 538]","[0.18093237280845642, 0.16219647228717804, 0.0819954127073288, 0.06879158318042755, 0.03824080526828766]"
blur-light,object,427,795,128,0,0.1817571371793747,"[128, 94, 326, 127, 146]","[0.1817571371793747, 0.16537122428417206, 0.13056215643882751, 0.08030831068754196, 0.059639330953359604]"
blur-light,object,428,83,83,1,0.7871292233467102,"[83, 87, 36, 464, 490]","[0.7871292233467102, 0.06519027054309845, 0.025913147255778313, 0.016550634056329727, 0.013928660191595554]"
blur-light,object,429,24,78,0,0.2168091982603073,"[78, 141, 22, 73, 308]","[0.2168091982603073, 0.15046362578868866, 0.07791521400213242, 0.05875350162386894, 0.054449740797281265]"
blur-light,object,430,802,319,0,0.4260011315345764,"[319, 308, 42, 802, 120]","[0.4260011315345764, 0.12483614683151245, 0.09027629345655441, 0.08142999559640884, 0.03404206410050392]"
blur-light,object,431,491,701,0,0.2254980057477951,"[701, 78, 22, 681, 845]","[0.2254980057477951, 0.08127689361572266, 0.05747021734714508, 0.047088734805583954, 0.03275813162326813]"
blur-light,object,432,277,10,0,0.19750924408435822,"[10, 94, 321, 21, 92]","[0.19750924408435822, 0.17024527490139008, 0.1336846500635147, 0.06466571986675262, 0.03950188681483269]"
blur-light,object,433,802,321,0,0.3024313449859619,"[321, 98, 80, 802, 895]","[0.3024313449859619, 0.21438638865947723, 0.060060273855924606, 0.054800406098365784, 0.050649236887693405]"
blur-light,object,434,802,802,1,0.42865368723869324,"[802, 701, 321, 518, 795]","[0.42865368723869324, 0.35442379117012024, 0.03794259950518608, 0.026557382196187973, 0.025490881875157356]"
blur-light,object,435,516,92,0,0.3440651297569275,"[92, 47, 40, 516, 315]","[0.3440651297569275, 0.12474221736192703, 0.06985022872686386, 0.05131121352314949, 0.0374859943985939]"
blur-light,object,436,13,13,1,0.9321692585945129,"[13, 10, 15, 16, 141]","[0.9321692585945129, 0.03344181925058365, 0.022204047068953514, 0.008988133631646633, 0.00045281436177901924]"
blur-light,object,437,296,89,0,0.6075242757797241,"[89, 296, 87, 99, 22]","[0.6075242757797241, 0.14318518340587616, 0.08859642595052719, 0.040491361171007156, 0.025476645678281784]"
blur-light,object,438,425,425,1,0.809415876865387,"[425, 405, 448, 596, 701]","[0.809415876865387, 0.027365896850824356, 0.015820909291505814, 0.014968125149607658, 0.013762169517576694]"
blur-light,object,439,223,21,0,0.23513992130756378,"[21, 23, 22, 127, 405]","[0.23513992130756378, 0.20286378264427185, 0.17965641617774963, 0.05866261199116707, 0.05127948150038719]"
blur-light,object,440,795,326,0,0.30091381072998047,"[326, 92, 75, 300, 127]","[0.30091381072998047, 0.09437534958124161, 0.08020668476819992, 0.05790430307388306, 0.040379177778959274]"
blur-light,object,441,13,141,0,0.23222871124744415,"[141, 13, 94, 10, 21]","[0.23222871124744415, 0.13308469951152802, 0.11326830834150314, 0.07718130946159363, 0.053946688771247864]"
blur-light,object,442,227,306,0,0.49009498953819275,"[306, 350, 16, 21, 22]","[0.49009498953819275, 0.19319602847099304, 0.04502129554748535, 0.03840994834899902, 0.03768507018685341]"
blur-light,object,443,867,610,0,0.08143293857574463,"[610, 662, 920, 916, 648]","[0.08143293857574463, 0.07938436418771744, 0.06565059721469879, 0.06547633558511734, 0.061908919364213943]"
blur-light,object,444,232,232,1,0.13583064079284668,"[232, 152, 217, 22, 196]","[0.13583064079284668, 0.13349032402038574, 0.10839726775884628, 0.09907519072294235, 0.08972036838531494]"
blur-light,object,445,795,78,0,0.27967867255210876,"[78, 326, 20, 75, 80]","[0.27967867255210876, 0.10884629935026169, 0.09323276579380035, 0.07519370317459106, 0.044717658311128616]"
blur-light,object,446,81,127,0,0.5829834938049316,"[127, 132, 81, 89, 129]","[0.5829834938049316, 0.16489659249782562, 0.12477854639291763, 0.032126497477293015, 0.026991555467247963]"
blur-light,object,447,238,21,0,0.44887346029281616,"[21, 80, 22, 87, 23]","[0.44887346029281616, 0.11480604857206345, 0.07693716138601303, 0.030031144618988037, 0.02954086661338806]"
blur-light,object,448,296,356,0,0.43163660168647766,"[356, 87, 89, 23, 21]","[0.43163660168647766, 0.17105218768119812, 0.079877570271492, 0.06033409386873245, 0.0504390113055706]"
blur-light,object,449,172,172,1,0.718052864074707,"[172, 167, 91, 701, 134]","[0.718052864074707, 0.05306405574083328, 0.026315301656723022, 0.01723533123731613, 0.01679721474647522]"
blur-light,object,450,178,21,0,0.3144437074661255,"[21, 10, 23, 22, 127]","[0.3144437074661255, 0.2509935200214386, 0.08431558310985565, 0.06914899498224258, 0.05833533778786659]"
blur-light,object,451,803,845,0,0.09539204090833664,"[845, 405, 701, 895, 326]","[0.09539204090833664, 0.08670340478420258, 0.08281048387289047, 0.058917928487062454, 0.05164175480604172]"
blur-light,object,452,331,131,0,0.7221792340278625,"[131, 87, 138, 21, 17]","[0.7221792340278625, 0.10559695959091187, 0.022748304530978203, 0.01882515288889408, 0.01790430396795273]"
blur-light,object,453,292,610,0,0.09125152975320816,"[610, 461, 87, 818, 841]","[0.09125152975320816, 0.04752443730831146, 0.04572030529379845, 0.04475896432995796, 0.039100758731365204]"
blur-light,object,454,787,89,0,0.4608844816684723,"[89, 21, 132, 701, 22]","[0.4608844816684723, 0.15927863121032715, 0.12908326089382172, 0.10026942193508148, 0.0702117383480072]"
blur-light,object,455,231,11,0,0.28612178564071655,"[11, 277, 10, 22, 13]","[0.28612178564071655, 0.19908736646175385, 0.17784421145915985, 0.10300218313932419, 0.0915687084197998]"
blur-light,object,456,81,81,1,0.9210609793663025,"[81, 131, 87, 132, 134]","[0.9210609793663025, 0.0221333596855402, 0.012771612964570522, 0.006746599450707436, 0.005528212990611792]"
blur-light,object,457,803,609,0,0.3780885934829712,"[609, 818, 786, 892, 742]","[0.3780885934829712, 0.08280528336763382, 0.07441435009241104, 0.04076119884848595, 0.04004564881324768]"
blur-light,object,458,792,701,0,0.21702562272548676,"[701, 405, 845, 895, 22]","[0.21702562272548676, 0.12794087827205658, 0.07836062461137772, 0.05004926398396492, 0.049278635531663895]"
blur-light,object,459,654,405,0,0.12856850028038025,"[405, 895, 717, 609, 771]","[0.12856850028038025, 0.10666553676128387, 0.06707253307104111, 0.06219229847192764, 0.05430000275373459]"
blur-light,object,460,170,299,0,0.4243566691875458,"[299, 356, 278, 277, 13]","[0.4243566691875458, 0.08992172032594681, 0.08130447566509247, 0.05729345232248306, 0.049603261053562164]"
blur-light,object,461,199,22,0,0.41469746828079224,"[22, 23, 21, 199, 80]","[0.41469746828079224, 0.31249377131462097, 0.05503447726368904, 0.03167165070772171, 0.026314448565244675]"
blur-light,object,462,795,78,0,0.092377670109272,"[78, 127, 895, 128, 326]","[0.092377670109272, 0.07616155594587326, 0.07333052158355713, 0.07244150340557098, 0.06378848105669022]"
blur-light,object,463,802,308,0,0.22750510275363922,"[308, 701, 319, 326, 78]","[0.22750510275363922, 0.2100934237241745, 0.051564231514930725, 0.03526796028017998, 0.03204408288002014]"
blur-light,object,464,198,196,0,0.7835747599601746,"[196, 87, 198, 155, 204]","[0.7835747599601746, 0.06959591060876846, 0.04890621453523636, 0.0380006842315197, 0.009753195568919182]"
blur-light,object,465,209,21,0,0.5511019229888916,"[21, 22, 99, 80, 23]","[0.5511019229888916, 0.08569706231355667, 0.04594191536307335, 0.038892023265361786, 0.036244746297597885]"
blur-light,object,466,247,701,0,0.26864156126976013,"[701, 71, 93, 512, 783]","[0.26864156126976013, 0.17074333131313324, 0.1153503954410553, 0.026972321793437004, 0.024380454793572426]"
blur-light,object,467,224,21,0,0.26034367084503174,"[21, 221, 22, 252, 239]","[0.26034367084503174, 0.14180000126361847, 0.1189476028084755, 0.0710970014333725, 0.040443915873765945]"
blur-light,object,468,258,258,1,0.7437000870704651,"[258, 270, 153, 257, 248]","[0.7437000870704651, 0.03417801856994629, 0.03269045799970627, 0.02351369336247444, 0.022015316411852837]"
blur-light,object,469,13,13,1,0.4620569944381714,"[13, 94, 23, 22, 141]","[0.4620569944381714, 0.1312606930732727, 0.05941040441393852, 0.044509999454021454, 0.03972995653748512]"
blur-light,object,470,339,92,0,0.16492092609405518,"[92, 701, 16, 326, 21]","[0.16492092609405518, 0.11599885672330856, 0.08189982175827026, 0.07779451459646225, 0.060217708349227905]"
blur-light,object,471,888,888,1,0.9990787506103516,"[888, 821, 525, 846, 813]","[0.9990787506103516, 0.0003676367341540754, 0.00016408273950219154, 9.929993393598124e-05, 3.50329173670616e-05]"
blur-light,object,472,258,203,0,0.28039419651031494,"[203, 270, 356, 89, 189]","[0.28039419651031494, 0.17635752260684967, 0.14012497663497925, 0.08770377188920975, 0.03763490170240402]"
blur-light,object,473,792,138,0,0.17473380267620087,"[138, 21, 22, 783, 677]","[0.17473380267620087, 0.0963267982006073, 0.09220671653747559, 0.08657196909189224, 0.0454886257648468]"
blur-light,object,474,792,326,0,0.25537586212158203,"[326, 141, 127, 22, 75]","[0.25537586212158203, 0.10720226168632507, 0.10570231825113297, 0.0799652561545372, 0.06745542585849762]"
blur-light,object,475,346,22,0,0.7905948758125305,"[22, 21, 348, 356, 127]","[0.7905948758125305, 0.1025407612323761, 0.036756522953510284, 0.011063413694500923, 0.008768681436777115]"
blur-light,object,476,671,600,0,0.6189956665039062,"[600, 610, 892, 512, 818]","[0.6189956665039062, 0.0924278050661087, 0.05044866353273392, 0.02402438037097454, 0.022217880934476852]"
blur-light,object,477,724,540,0,0.198745459318161,"[540, 628, 557, 668, 625]","[0.198745459318161, 0.13154751062393188, 0.11982668191194534, 0.08890116959810257, 0.08215226233005524]"
blur-light,object,478,394,127,0,0.26864972710609436,"[127, 21, 141, 89, 326]","[0.26864972710609436, 0.19962924718856812, 0.11918508261442184, 0.05637458339333534, 0.05513814464211464]"
blur-light,object,479,672,701,0,0.8146811723709106,"[701, 405, 71, 89, 53]","[0.8146811723709106, 0.021870344877243042, 0.013867076486349106, 0.008544089272618294, 0.005950710270553827]"
blur-light,object,480,289,82,0,0.4097100794315338,"[82, 81, 86, 142, 21]","[0.4097100794315338, 0.08987296372652054, 0.06645118445158005, 0.04556811973452568, 0.03321075066924095]"
blur-light,object,481,818,818,1,0.21967874467372894,"[818, 828, 897, 577, 632]","[0.21967874467372894, 0.18634046614170074, 0.14745791256427765, 0.07920224964618683, 0.06507572531700134]"
blur-light,object,482,853,913,0,0.1856658011674881,"[913, 80, 143, 126, 127]","[0.1856658011674881, 0.13347892463207245, 0.04962686076760292, 0.04861930012702942, 0.041372209787368774]"
blur-light,object,483,239,22,0,0.2365678995847702,"[22, 239, 87, 21, 16]","[0.2365678995847702, 0.11534766107797623, 0.09068415313959122, 0.08557207882404327, 0.0723206028342247]"
blur-light,object,484,425,425,1,0.9687618017196655,"[425, 449, 699, 462, 668]","[0.9687618017196655, 0.017574291676282883, 0.0017801941139623523, 0.0011738993925973773, 0.0009474930120632052]"
blur-light,object,485,355,127,0,0.33294346928596497,"[127, 16, 299, 21, 19]","[0.33294346928596497, 0.2910305857658386, 0.26914387941360474, 0.031994424760341644, 0.014285204000771046]"
blur-light,object,486,863,863,1,0.5904038548469543,"[863, 898, 87, 440, 711]","[0.5904038548469543, 0.07192213833332062, 0.06298758089542389, 0.03082977794110775, 0.02635650336742401]"
blur-light,object,487,349,78,0,0.2964293956756592,"[78, 701, 141, 845, 326]","[0.2964293956756592, 0.2469809204339981, 0.06908176839351654, 0.05355424806475639, 0.03421449661254883]"
blur-light,object,488,703,662,0,0.3069363236427307,"[662, 754, 664, 681, 745]","[0.3069363236427307, 0.07232558727264404, 0.06992863863706589, 0.06385286897420883, 0.05020541697740555]"
blur-light,object,489,425,425,1,0.8080269694328308,"[425, 510, 668, 449, 538]","[0.8080269694328308, 0.04392803832888603, 0.01473542395979166, 0.012680034153163433, 0.010681448504328728]"
blur-light,object,490,795,628,0,0.2575885057449341,"[628, 127, 319, 300, 913]","[0.2575885057449341, 0.054315391927957535, 0.030107764527201653, 0.02933940291404724, 0.027380824089050293]"
blur-light,object,491,690,513,0,0.25185954570770264,"[513, 699, 776, 300, 307]","[0.25185954570770264, 0.2245635688304901, 0.09431231766939163, 0.04957857355475426, 0.04865915700793266]"
blur-light,object,492,672,127,0,0.5590361952781677,"[127, 749, 92, 315, 448]","[0.5590361952781677, 0.09636209160089493, 0.09256336838006973, 0.06966105103492737, 0.021016474813222885]"
blur-light,object,493,671,763,0,0.5563294291496277,"[763, 326, 512, 632, 600]","[0.5563294291496277, 0.029599497094750404, 0.027170754969120026, 0.023231226950883865, 0.020246701315045357]"
blur-light,object,494,81,42,0,0.5024877786636353,"[42, 17, 701, 10, 81]","[0.5024877786636353, 0.2680972218513489, 0.05123722553253174, 0.028122661635279655, 0.021180354058742523]"
blur-light,object,495,733,733,1,0.24268850684165955,"[733, 557, 319, 845, 749]","[0.24268850684165955, 0.10304705798625946, 0.04018988832831383, 0.038416992872953415, 0.03167828917503357]"
blur-light,object,496,672,93,0,0.4110391139984131,"[93, 144, 701, 127, 132]","[0.4110391139984131, 0.09801021963357925, 0.07313597947359085, 0.07187128067016602, 0.0586610846221447]"
blur-light,object,497,795,677,0,0.09171702712774277,"[677, 75, 92, 681, 141]","[0.09171702712774277, 0.07156157493591309, 0.05948502570390701, 0.055146556347608566, 0.04144060239195824]"
blur-light,object,498,663,307,0,0.18941549956798553,"[307, 845, 701, 510, 319]","[0.18941549956798553, 0.0854027196764946, 0.07248366624116898, 0.06162888929247856, 0.06122678145766258]"
blur-light,object,499,705,701,0,0.1267920434474945,"[701, 42, 53, 22, 92]","[0.1267920434474945, 0.09035737812519073, 0.05936041846871376, 0.04695361107587814, 0.03466779738664627]"
blur-light,object,500,675,592,0,0.4407157301902771,"[592, 610, 662, 664, 791]","[0.4407157301902771, 0.05099373683333397, 0.045779768377542496, 0.03621640056371689, 0.02900729328393936]"
blur-light,object,501,404,404,1,0.9953902959823608,"[404, 895, 908, 812, 405]","[0.9953902959823608, 0.003544015344232321, 0.000686950923409313, 0.00018512869428377599, 0.00010301615839125589]"
blur-light,object,502,609,626,0,0.06383643299341202,"[626, 763, 898, 609, 767]","[0.06383643299341202, 0.057301413267850876, 0.05720275267958641, 0.052779924124479294, 0.036213237792253494]"
blur-light,object,503,672,701,0,0.9100497961044312,"[701, 22, 405, 132, 417]","[0.9100497961044312, 0.01737377978861332, 0.005908392369747162, 0.005037566646933556, 0.00489864032715559]"
blur-light,object,504,915,727,0,0.44011664390563965,"[727, 915, 425, 538, 900]","[0.44011664390563965, 0.16768822073936462, 0.05445103347301483, 0.03191552683711052, 0.03163845092058182]"
blur-light,object,505,336,350,0,0.7146819233894348,"[350, 23, 336, 21, 13]","[0.7146819233894348, 0.10040472447872162, 0.032183531671762466, 0.028778590261936188, 0.016620751470327377]"
blur-light,object,506,515,22,0,0.22275985777378082,"[22, 127, 141, 132, 701]","[0.22275985777378082, 0.22245416045188904, 0.09099216759204865, 0.05742768198251724, 0.054388031363487244]"
blur-light,object,507,425,425,1,0.9934632778167725,"[425, 449, 580, 497, 698]","[0.9934632778167725, 0.0032403357326984406, 0.0007796432473696768, 0.000669208646286279, 0.00037723378045484424]"
blur-light,object,508,404,404,1,0.5508370995521545,"[404, 769, 845, 42, 405]","[0.5508370995521545, 0.22337056696414948, 0.10018428415060043, 0.012706805020570755, 0.011491482146084309]"
blur-light,object,509,724,724,1,0.18549548089504242,"[724, 540, 326, 513, 625]","[0.18549548089504242, 0.16188666224479675, 0.07557151466608047, 0.05842878296971321, 0.04814569652080536]"
blur-light,object,510,718,525,0,0.36414363980293274,"[525, 718, 642, 520, 660]","[0.36414363980293274, 0.24161311984062195, 0.14398705959320068, 0.045273199677467346, 0.03487345948815346]"
blur-light,object,511,671,111,0,0.06047826260328293,"[111, 75, 813, 331, 53]","[0.06047826260328293, 0.03575504198670387, 0.024377819150686264, 0.023685751482844353, 0.01867716945707798]"
blur-light,object,512,147,127,0,0.1893180012702942,"[127, 128, 21, 94, 677]","[0.1893180012702942, 0.11715079843997955, 0.1109069436788559, 0.10554532706737518, 0.05706125870347023]"
blur-light,object,513,484,484,1,0.9341529011726379,"[484, 871, 812, 895, 780]","[0.9341529011726379, 0.04294366389513016, 0.013268457725644112, 0.00155325373634696, 0.0015014878008514643]"
blur-light,object,514,449,701,0,0.24713802337646484,"[701, 22, 418, 78, 405]","[0.24713802337646484, 0.12350321561098099, 0.0624476782977581, 0.03748147189617157, 0.026476426050066948]"
blur-light,object,515,842,21,0,0.11525698751211166,"[21, 128, 677, 127, 94]","[0.11525698751211166, 0.09057345986366272, 0.06845298409461975, 0.057036757469177246, 0.03885224461555481]"
blur-light,object,516,708,674,0,0.36484214663505554,"[674, 326, 791, 425, 845]","[0.36484214663505554, 0.14118586480617523, 0.07943712919950485, 0.06073608249425888, 0.03621256351470947]"
blur-light,object,517,393,701,0,0.2669273912906647,"[701, 25, 22, 783, 301]","[0.2669273912906647, 0.08939149975776672, 0.08207578957080841, 0.04619687423110008, 0.027015062049031258]"
blur-light,object,518,862,846,0,0.4987291991710663,"[846, 701, 818, 872, 733]","[0.4987291991710663, 0.055669449269771576, 0.049519289284944534, 0.028259295970201492, 0.020189519971609116]"
blur-light,object,519,625,625,1,0.9856311082839966,"[625, 554, 540, 510, 517]","[0.9856311082839966, 0.0025473828427493572, 0.0024623721837997437, 0.00239566364325583, 0.0012110150419175625]"
blur-light,object,520,977,610,0,0.2008412629365921,"[610, 895, 326, 80, 622]","[0.2008412629365921, 0.10575883835554123, 0.06670074164867401, 0.05995660647749901, 0.05312909930944443]"
blur-light,object,521,536,733,0,0.1473042219877243,"[733, 557, 132, 331, 75]","[0.1473042219877243, 0.04877563565969467, 0.044099655002355576, 0.04122151806950569, 0.04097932577133179]"
blur-light,object,522,472,405,0,0.4613591730594635,"[405, 610, 845, 895, 418]","[0.4613591730594635, 0.06891806423664093, 0.050352007150650024, 0.03752535581588745, 0.030079921707510948]"
blur-light,object,523,437,405,0,0.15159481763839722,"[405, 812, 143, 920, 644]","[0.15159481763839722, 0.11157037317752838, 0.10532518476247787, 0.10458779335021973, 0.057686369866132736]"
blur-light,object,524,393,701,0,0.2834717929363251,"[701, 301, 22, 42, 94]","[0.2834717929363251, 0.1872742623090744, 0.14361651241779327, 0.13344797492027283, 0.028825849294662476]"
blur-light,object,525,394,14,0,0.17924398183822632,"[14, 87, 22, 47, 89]","[0.17924398183822632, 0.16384366154670715, 0.11970985680818558, 0.06463629007339478, 0.06435605883598328]"
blur-light,object,526,147,80,0,0.2700016498565674,"[80, 143, 81, 326, 100]","[0.2700016498565674, 0.17978252470493317, 0.15959659218788147, 0.11278703063726425, 0.044210515916347504]"
blur-light,object,527,437,437,1,0.24891680479049683,"[437, 442, 517, 845, 846]","[0.24891680479049683, 0.13715796172618866, 0.08621906489133835, 0.04300205409526825, 0.04205012321472168]"
blur-light,object,528,373,336,0,0.10871882736682892,"[336, 12, 299, 94, 331]","[0.10871882736682892, 0.09548616409301758, 0.053360115736722946, 0.052617982029914856, 0.049075014889240265]"
blur-light,object,529,147,80,0,0.17013491690158844,"[80, 21, 22, 23, 127]","[0.17013491690158844, 0.14835765957832336, 0.08677061647176743, 0.06486881524324417, 0.05180509760975838]"
blur-light,object,530,143,21,0,0.26130422949790955,"[21, 94, 127, 319, 143]","[0.26130422949790955, 0.11396729946136475, 0.10888221114873886, 0.08690115809440613, 0.07979154586791992]"
blur-light,object,531,625,625,1,0.9057536721229553,"[625, 540, 895, 510, 628]","[0.9057536721229553, 0.022039083763957024, 0.017305176705121994, 0.015649063512682915, 0.00807905849069357]"
blur-light,object,532,833,510,0,0.09655536711215973,"[510, 403, 668, 554, 538]","[0.09655536711215973, 0.0924777016043663, 0.05572092533111572, 0.04902903363108635, 0.04230156168341637]"
blur-light,object,533,403,320,0,0.5224633812904358,"[320, 319, 845, 92, 677]","[0.5224633812904358, 0.22975601255893707, 0.04275621846318245, 0.03087693266570568, 0.010654125362634659]"
blur-light,object,534,914,484,0,0.5110799074172974,"[484, 404, 733, 724, 818]","[0.5110799074172974, 0.07368529587984085, 0.043008625507354736, 0.02845587767660618, 0.021721960976719856]"
blur-light,object,535,484,484,1,0.2940303385257721,"[484, 557, 733, 540, 628]","[0.2940303385257721, 0.27683621644973755, 0.14114539325237274, 0.024408407509326935, 0.02388748526573181]"
blur-light,object,536,148,128,0,0.6407878994941711,"[128, 99, 143, 80, 127]","[0.6407878994941711, 0.22627295553684235, 0.03609011694788933, 0.023113496601581573, 0.014839306473731995]"
blur-light,object,537,554,628,0,0.10925426334142685,"[628, 895, 510, 677, 127]","[0.10925426334142685, 0.08760026842355728, 0.08524731546640396, 0.06840217858552933, 0.05055487900972366]"
blur-light,object,538,814,53,0,0.13399718701839447,"[53, 554, 321, 143, 310]","[0.13399718701839447, 0.06640544533729553, 0.05121036618947983, 0.04780852794647217, 0.04774309694766998]"
blur-light,object,539,983,973,0,0.10442580282688141,"[973, 123, 329, 107, 327]","[0.10442580282688141, 0.0577378086745739, 0.05703994631767273, 0.04909834265708923, 0.04638516157865524]"
blur-light,object,540,267,359,0,0.1448625773191452,"[359, 181, 189, 358, 356]","[0.1448625773191452, 0.13412325084209442, 0.09109562635421753, 0.08949663490056992, 0.05835092440247536]"
blur-light,object,541,625,625,1,0.3554219603538513,"[625, 42, 22, 846, 701]","[0.3554219603538513, 0.04020640626549721, 0.038670290261507034, 0.03860227391123772, 0.03834163025021553]"
blur-light,object,542,554,405,0,0.17363223433494568,"[405, 845, 677, 78, 13]","[0.17363223433494568, 0.13067732751369476, 0.04277864843606949, 0.04187526926398277, 0.039426665753126144]"
blur-light,object,543,554,791,0,0.13840433955192566,"[791, 763, 538, 628, 559]","[0.13840433955192566, 0.08446089178323746, 0.06934747099876404, 0.059652045369148254, 0.05192222073674202]"
blur-light,object,544,554,319,0,0.17752861976623535,"[319, 78, 127, 92, 308]","[0.17752861976623535, 0.07367587089538574, 0.06409598141908646, 0.06020878255367279, 0.050007011741399765]"
blur-light,object,545,625,628,0,0.27427902817726135,"[628, 625, 127, 319, 53]","[0.27427902817726135, 0.23105598986148834, 0.20283812284469604, 0.029054870828986168, 0.02768297865986824]"
blur-light,object,546,437,111,0,0.06047826260328293,"[111, 75, 813, 331, 53]","[0.06047826260328293, 0.03575504198670387, 0.024377819150686264, 0.023685751482844353, 0.01867716945707798]"
blur-light,object,547,146,131,0,0.2997300624847412,"[131, 17, 80, 132, 81]","[0.2997300624847412, 0.17812271416187286, 0.1319214254617691, 0.059683606028556824, 0.05776045843958855]"
blur-light,object,548,625,625,1,0.900597095489502,"[625, 812, 437, 889, 628]","[0.900597095489502, 0.006313662976026535, 0.004726799204945564, 0.003686977317556739, 0.003320171032100916]"
blur-light,object,549,148,128,0,0.5967928171157837,"[128, 127, 131, 21, 91]","[0.5967928171157837, 0.12421201914548874, 0.043339598923921585, 0.03204117715358734, 0.027326228097081184]"
blur-light,object,550,914,845,0,0.2549382150173187,"[845, 129, 610, 648, 596]","[0.2549382150173187, 0.18694239854812622, 0.12321235984563828, 0.029804399237036705, 0.028526153415441513]"
blur-light,object,551,484,540,0,0.28059518337249756,"[540, 724, 484, 845, 510]","[0.28059518337249756, 0.2656112611293793, 0.13051974773406982, 0.09268644452095032, 0.04536331444978714]"
blur-light,object,552,484,484,1,0.6781588792800903,"[484, 845, 871, 517, 749]","[0.6781588792800903, 0.13938191533088684, 0.039214715361595154, 0.029396861791610718, 0.01150890439748764]"
blur-light,object,553,115,129,0,0.39867839217185974,"[129, 989, 78, 952, 990]","[0.39867839217185974, 0.19507421553134918, 0.08486062288284302, 0.05658075958490372, 0.027791669592261314]"
blur-light,object,554,775,321,0,0.5102256536483765,"[321, 25, 701, 87, 316]","[0.5102256536483765, 0.18183758854866028, 0.053483299911022186, 0.04050628840923309, 0.038595933467149734]"
blur-light,object,555,115,318,0,0.23616600036621094,"[318, 90, 64, 989, 326]","[0.23616600036621094, 0.16822503507137299, 0.16291607916355133, 0.0956660807132721, 0.047439415007829666]"
blur-light,object,556,484,484,1,0.9513648152351379,"[484, 871, 780, 914, 628]","[0.9513648152351379, 0.03241769224405289, 0.008539918810129166, 0.000789607351180166, 0.000655110168736428]"
blur-light,object,557,4,845,0,0.2897045612335205,"[845, 895, 405, 94, 17]","[0.2897045612335205, 0.20111142098903656, 0.11957678943872452, 0.06136669963598251, 0.043337631970644]"
blur-light,object,558,983,701,0,0.4708385765552521,"[701, 93, 25, 895, 71]","[0.4708385765552521, 0.07487554848194122, 0.055318813771009445, 0.05039011687040329, 0.03878111392259598]"
blur-light,object,559,842,405,0,0.3550577759742737,"[405, 701, 418, 895, 920]","[0.3550577759742737, 0.092869833111763, 0.05420931056141853, 0.039994850754737854, 0.022965410724282265]"
blur-light,object,560,115,953,0,0.5529575943946838,"[953, 599, 321, 701, 301]","[0.5529575943946838, 0.16541051864624023, 0.051359448581933975, 0.030415508896112442, 0.02734300307929516]"
blur-light,object,561,391,138,0,0.3402825891971588,"[138, 87, 16, 13, 42]","[0.3402825891971588, 0.18095417320728302, 0.08518023788928986, 0.08058290928602219, 0.06246098503470421]"
blur-light,object,562,123,323,0,0.4179832935333252,"[323, 300, 308, 319, 90]","[0.4179832935333252, 0.08761338889598846, 0.072501040995121, 0.06295071542263031, 0.04750287905335426]"
blur-light,object,563,253,253,1,0.15146465599536896,"[253, 350, 173, 89, 21]","[0.15146465599536896, 0.06936058402061462, 0.06633105874061584, 0.06407798826694489, 0.040261104702949524]"
blur-light,object,564,484,484,1,0.9595759510993958,"[484, 871, 780, 914, 895]","[0.9595759510993958, 0.03333345428109169, 0.0032793618738651276, 0.0032465022522956133, 0.0002732138382270932]"
blur-light,object,565,437,437,1,0.47846919298171997,"[437, 845, 920, 442, 844]","[0.47846919298171997, 0.07748821377754211, 0.058609768748283386, 0.033464498817920685, 0.03343476727604866]"
blur-light,object,566,148,405,0,0.148898646235466,"[405, 80, 20, 127, 326]","[0.148898646235466, 0.06522038578987122, 0.055568091571331024, 0.05267190933227539, 0.04629680514335632]"
blur-light,object,567,147,75,0,0.2895919978618622,"[75, 127, 128, 92, 18]","[0.2895919978618622, 0.0872478261590004, 0.08433983474969864, 0.06129525229334831, 0.056001633405685425]"
blur-light,object,568,148,146,0,0.5038679242134094,"[146, 80, 128, 895, 143]","[0.5038679242134094, 0.13416829705238342, 0.13131111860275269, 0.05012532323598862, 0.043652668595314026]"
blur-light,object,569,608,701,0,0.14654487371444702,"[701, 71, 802, 319, 25]","[0.14654487371444702, 0.12026020884513855, 0.09748586267232895, 0.06554979830980301, 0.0418781116604805]"
blur-light,object,570,62,701,0,0.3701096475124359,"[701, 78, 22, 141, 783]","[0.3701096475124359, 0.20272290706634521, 0.09223844110965729, 0.046711187809705734, 0.024199936538934708]"
blur-light,object,571,972,47,0,0.13076570630073547,"[47, 619, 584, 319, 73]","[0.13076570630073547, 0.07558217644691467, 0.07379632443189621, 0.048717956990003586, 0.04608399420976639]"
blur-light,object,572,139,42,0,0.7183560132980347,"[42, 319, 78, 308, 318]","[0.7183560132980347, 0.03082577884197235, 0.026057742536067963, 0.024757781997323036, 0.023224998265504837]"
blur-light,object,573,354,354,1,0.6293194890022278,"[354, 216, 87, 94, 127]","[0.6293194890022278, 0.11376473307609558, 0.042129866778850555, 0.036036476492881775, 0.02356213890016079]"
blur-light,object,574,140,141,0,0.15158958733081818,"[141, 78, 326, 22, 845]","[0.15158958733081818, 0.0994069054722786, 0.07102645933628082, 0.041957635432481766, 0.036669448018074036]"
blur-light,object,575,437,538,0,0.16589795053005219,"[538, 701, 94, 437, 12]","[0.16589795053005219, 0.13051877915859222, 0.09214980155229568, 0.04794251173734665, 0.04100462794303894]"
blur-light,object,576,529,405,0,0.12410807609558105,"[405, 677, 701, 78, 326]","[0.12410807609558105, 0.121187224984169, 0.08480305969715118, 0.07820078730583191, 0.050377052277326584]"
blur-light,object,577,66,701,0,0.13668762147426605,"[701, 22, 78, 42, 418]","[0.13668762147426605, 0.0945623517036438, 0.0884244367480278, 0.08831513673067093, 0.0767892524600029]"
blur-light,object,578,511,511,1,0.6528895497322083,"[511, 817, 895, 717, 404]","[0.6528895497322083, 0.1794331818819046, 0.07821665704250336, 0.02142554149031639, 0.011584751307964325]"
blur-light,object,579,376,92,0,0.7803027033805847,"[92, 215, 21, 218, 11]","[0.7803027033805847, 0.09717151522636414, 0.0368955135345459, 0.024171967059373856, 0.010409885086119175]"
blur-light,object,580,404,404,1,0.8544899225234985,"[404, 405, 895, 845, 587]","[0.8544899225234985, 0.04154464974999428, 0.03315265104174614, 0.015478643588721752, 0.007521382998675108]"
blur-light,object,581,207,299,0,0.2255958616733551,"[299, 356, 331, 298, 11]","[0.2255958616733551, 0.17259037494659424, 0.09103507548570633, 0.07622342556715012, 0.06829789280891418]"
blur-light,object,582,33,141,0,0.24641183018684387,"[141, 47, 701, 92, 78]","[0.24641183018684387, 0.1898786425590515, 0.08141297847032547, 0.05955204367637634, 0.033470530062913895]"
blur-light,object,583,34,22,0,0.1284884661436081,"[22, 326, 701, 127, 78]","[0.1284884661436081, 0.11944424360990524, 0.10515736043453217, 0.10231994837522507, 0.04647556692361832]"
blur-light,object,584,112,112,1,0.6390915513038635,"[112, 113, 990, 952, 31]","[0.6390915513038635, 0.033804941922426224, 0.03331298008561134, 0.03255500644445419, 0.01901441067457199]"
blur-light,object,585,792,127,0,0.30029669404029846,"[127, 92, 75, 128, 141]","[0.30029669404029846, 0.21095936000347137, 0.08998673409223557, 0.08290955424308777, 0.053459059447050095]"
blur-light,object,586,172,87,0,0.30262497067451477,"[87, 701, 92, 354, 16]","[0.30262497067451477, 0.19964632391929626, 0.12171950191259384, 0.038754355162382126, 0.033597175031900406]"
blur-light,object,587,222,94,0,0.2931099534034729,"[94, 127, 129, 89, 141]","[0.2931099534034729, 0.10678907483816147, 0.0961141511797905, 0.07329223304986954, 0.06348124891519547]"
blur-light,object,588,140,127,0,0.10933933407068253,"[127, 22, 141, 21, 143]","[0.10933933407068253, 0.08732818812131882, 0.08407837897539139, 0.07661251723766327, 0.07023444026708603]"
blur-light,object,589,218,22,0,0.23560580611228943,"[22, 305, 80, 18, 21]","[0.23560580611228943, 0.18934275209903717, 0.06506243348121643, 0.06150389462709427, 0.05128933861851692]"
blur-light,object,590,459,21,0,0.21230384707450867,"[21, 405, 22, 127, 94]","[0.21230384707450867, 0.16851653158664703, 0.13589532673358917, 0.08720597624778748, 0.05936470255255699]"
blur-light,object,591,112,21,0,0.2101721316576004,"[21, 127, 23, 143, 129]","[0.2101721316576004, 0.15330398082733154, 0.06181023642420769, 0.04519063979387283, 0.038364797830581665]"
blur-light,object,592,609,754,0,0.3034851551055908,"[754, 609, 732, 742, 851]","[0.3034851551055908, 0.17626997828483582, 0.038274530321359634, 0.034880343824625015, 0.027791110798716545]"
blur-light,object,593,247,22,0,0.2704854905605316,"[22, 141, 23, 358, 21]","[0.2704854905605316, 0.11045230180025101, 0.10734274983406067, 0.06961914896965027, 0.06537165492773056]"
blur-light,object,594,354,354,1,0.2718541622161865,"[354, 310, 303, 308, 10]","[0.2718541622161865, 0.15978525578975677, 0.0805286392569542, 0.058409709483385086, 0.03160034492611885]"
blur-light,object,595,842,701,0,0.44252610206604004,"[701, 132, 14, 131, 971]","[0.44252610206604004, 0.2971421778202057, 0.08484217524528503, 0.05086563155055046, 0.025911973789334297]"
blur-light,object,596,232,22,0,0.23388731479644775,"[22, 87, 9, 80, 13]","[0.23388731479644775, 0.15493780374526978, 0.1223597601056099, 0.0500289686024189, 0.043275777250528336]"
blur-light,object,597,437,111,0,0.030219415202736855,"[111, 733, 701, 662, 813]","[0.030219415202736855, 0.030200140550732613, 0.030178578570485115, 0.02838105522096157, 0.02735547535121441]"
blur-light,object,598,386,23,0,0.6876899003982544,"[23, 22, 21, 87, 13]","[0.6876899003982544, 0.08649241924285889, 0.044826168566942215, 0.024006672203540802, 0.016840700060129166]"
blur-light,object,599,145,701,0,0.16961190104484558,"[701, 405, 143, 21, 13]","[0.16961190104484558, 0.11085931956768036, 0.10087523609399796, 0.06324704736471176, 0.04896160587668419]"
blur-light,object,600,193,196,0,0.36662614345550537,"[196, 281, 182, 186, 191]","[0.36662614345550537, 0.1043539047241211, 0.08917167037725449, 0.06881209462881088, 0.0572088249027729]"
blur-light,object,601,79,79,1,0.952393114566803,"[79, 92, 71, 319, 314]","[0.952393114566803, 0.017073864117264748, 0.010951236821711063, 0.003726137103512883, 0.0032984460704028606]"
blur-light,object,602,139,139,1,0.6686837673187256,"[139, 141, 15, 10, 13]","[0.6686837673187256, 0.15665395557880402, 0.02498859167098999, 0.022000238299369812, 0.016861701384186745]"
blur-light,object,603,814,127,0,0.36429065465927124,"[127, 22, 132, 92, 17]","[0.36429065465927124, 0.09145596623420715, 0.030334489420056343, 0.02311762608587742, 0.02240893617272377]"
blur-light,object,604,765,765,1,0.8209040760993958,"[765, 559, 421, 846, 506]","[0.8209040760993958, 0.13841532170772552, 0.015364130027592182, 0.0031422418542206287, 0.0024100174196064472]"
blur-light,object,605,677,701,0,0.29693034291267395,"[701, 94, 22, 23, 600]","[0.29693034291267395, 0.214716374874115, 0.08972357958555222, 0.06517017632722855, 0.044724900275468826]"
blur-light,object,606,792,456,0,0.23242934048175812,"[456, 872, 462, 146, 733]","[0.23242934048175812, 0.11892291903495789, 0.1062595546245575, 0.0996556356549263, 0.03287140280008316]"
blur-light,object,607,652,701,0,0.40020397305488586,"[701, 80, 170, 198, 196]","[0.40020397305488586, 0.18570435047149658, 0.09444133937358856, 0.03830450028181076, 0.023399557918310165]"
blur-light,object,608,707,442,0,0.09945578873157501,"[442, 517, 845, 437, 733]","[0.09945578873157501, 0.08568368852138519, 0.08412928879261017, 0.06645261496305466, 0.0552787259221077]"
blur-light,object,609,863,863,1,0.9473170638084412,"[863, 953, 616, 832, 71]","[0.9473170638084412, 0.025769121944904327, 0.009660914540290833, 0.003123523434624076, 0.0017112477216869593]"
blur-light,object,610,670,670,1,0.39379793405532837,"[670, 701, 420, 889, 11]","[0.39379793405532837, 0.07060158997774124, 0.06933712214231491, 0.052055563777685165, 0.02388847805559635]"
blur-light,object,611,439,701,0,0.10405810177326202,"[701, 331, 600, 920, 872]","[0.10405810177326202, 0.08226258307695389, 0.03970581293106079, 0.038693755865097046, 0.03432650491595268]"
blur-light,object,612,355,735,0,0.08496002852916718,"[735, 307, 221, 457, 21]","[0.08496002852916718, 0.0774751827120781, 0.0698278620839119, 0.06777675449848175, 0.05858578532934189]"
blur-light,object,613,319,701,0,0.22008681297302246,"[701, 78, 610, 989, 92]","[0.22008681297302246, 0.1481293886899948, 0.09261719882488251, 0.029374754056334496, 0.02833995781838894]"
blur-light,object,614,778,900,0,0.13645248115062714,"[900, 818, 812, 895, 701]","[0.13645248115062714, 0.1329098641872406, 0.09101986140012741, 0.08255048841238022, 0.07284360378980637]"
blur-light,object,615,958,140,0,0.1463368535041809,"[140, 47, 42, 141, 988]","[0.1463368535041809, 0.1003541350364685, 0.09192675352096558, 0.0719643235206604, 0.037513911724090576]"
blur-light,object,616,879,677,0,0.12013045698404312,"[677, 22, 132, 80, 818]","[0.12013045698404312, 0.06594802439212799, 0.06038188934326172, 0.046937063336372375, 0.04373392462730408]"
blur-light,object,617,70,70,1,0.6996522545814514,"[70, 456, 313, 733, 92]","[0.6996522545814514, 0.2803766131401062, 0.012615954503417015, 0.0027186903171241283, 0.0011916585499420762]"
blur-light,object,618,471,326,0,0.5672374963760376,"[326, 13, 80, 87, 135]","[0.5672374963760376, 0.10798561573028564, 0.07358431816101074, 0.07346778362989426, 0.04484418034553528]"
blur-light,object,619,583,583,1,0.5163888335227966,"[583, 442, 872, 437, 900]","[0.5163888335227966, 0.08092808723449707, 0.0750301256775856, 0.07201813161373138, 0.02999289333820343]"
blur-light,object,620,792,828,0,0.07462843507528305,"[828, 545, 461, 733, 456]","[0.07462843507528305, 0.0661999061703682, 0.04564116522669792, 0.04499702528119087, 0.04284326359629631]"
blur-light,object,621,583,583,1,0.7851726412773132,"[583, 872, 517, 733, 448]","[0.7851726412773132, 0.04714937135577202, 0.0386461466550827, 0.024921508505940437, 0.015878265723586082]"
blur-light,object,622,7,42,0,0.14627684652805328,"[42, 15, 12, 16, 7]","[0.14627684652805328, 0.13675625622272491, 0.09686111658811569, 0.0467602014541626, 0.03336002677679062]"
blur-light,object,623,86,86,1,0.475309818983078,"[86, 31, 42, 82, 93]","[0.475309818983078, 0.13331836462020874, 0.06640198826789856, 0.05506472289562225, 0.029102958738803864]"
blur-light,object,624,919,662,0,0.09349769353866577,"[662, 919, 747, 592, 610]","[0.09349769353866577, 0.07794365286827087, 0.06218633055686951, 0.04933583736419678, 0.04137022793292999]"
blur-light,object,625,539,596,0,0.08885088562965393,"[596, 499, 784, 94, 777]","[0.08885088562965393, 0.07808415591716766, 0.058922238647937775, 0.050778936594724655, 0.04834455996751785]"
blur-light,object,626,287,287,1,0.29975128173828125,"[287, 282, 285, 281, 272]","[0.29975128173828125, 0.20044705271720886, 0.12366757541894913, 0.1003938540816307, 0.0220818892121315]"
blur-light,object,627,471,657,0,0.44824114441871643,"[657, 895, 404, 744, 471]","[0.44824114441871643, 0.19231051206588745, 0.14296674728393555, 0.13747470080852509, 0.025910718366503716]"
blur-light,object,628,513,763,0,0.8390573859214783,"[763, 895, 413, 512, 764]","[0.8390573859214783, 0.023897869512438774, 0.02066195197403431, 0.012646223418414593, 0.012010280042886734]"
blur-light,object,629,679,679,1,0.8981800079345703,"[679, 488, 599, 818, 418]","[0.8981800079345703, 0.011884991079568863, 0.01048313733190298, 0.005256643518805504, 0.004270635079592466]"
blur-light,object,630,426,426,1,0.772527277469635,"[426, 684, 778, 787, 826]","[0.772527277469635, 0.040041111409664154, 0.0382869727909565, 0.025369912385940552, 0.014700759202241898]"
blur-light,object,631,583,583,1,0.9264336228370667,"[583, 900, 559, 872, 437]","[0.9264336228370667, 0.022526243701577187, 0.01855478063225746, 0.010877687484025955, 0.006135001312941313]"
blur-light,object,632,637,637,1,0.6053345203399658,"[637, 480, 527, 916, 605]","[0.6053345203399658, 0.17862555384635925, 0.04735616222023964, 0.03685970604419708, 0.02119327150285244]"
blur-light,object,633,571,414,0,0.11358020454645157,"[414, 626, 571, 585, 631]","[0.11358020454645157, 0.1124165877699852, 0.10754983872175217, 0.07644812017679214, 0.05855447053909302]"
blur-light,object,634,737,737,1,0.7813118696212769,"[737, 898, 440, 517, 907]","[0.7813118696212769, 0.04580364376306534, 0.027552684769034386, 0.0200673658400774, 0.010125410743057728]"
blur-light,object,635,463,572,0,0.8964148759841919,"[572, 503, 714, 463, 855]","[0.8964148759841919, 0.04382883757352829, 0.008135109208524227, 0.006546749733388424, 0.005212107207626104]"
blur-light,object,636,520,520,1,0.7911711931228638,"[520, 791, 900, 421, 699]","[0.7911711931228638, 0.06820832192897797, 0.022311337292194366, 0.010194096714258194, 0.007199774030596018]"
blur-light,object,637,458,458,1,0.7373518347740173,"[458, 411, 438, 610, 841]","[0.7373518347740173, 0.046235132962465286, 0.025702504441142082, 0.022504469379782677, 0.021612120792269707]"
blur-light,object,638,427,464,0,0.13867232203483582,"[464, 609, 592, 538, 828]","[0.13867232203483582, 0.1156945750117302, 0.08686072379350662, 0.06924725323915482, 0.06260861456394196]"
blur-light,object,639,651,605,0,0.2570658028125763,"[605, 530, 742, 771, 844]","[0.2570658028125763, 0.19615110754966736, 0.13657662272453308, 0.07553432881832123, 0.03551676869392395]"
blur-light,object,640,846,846,1,0.8909747004508972,"[846, 619, 681, 427, 818]","[0.8909747004508972, 0.039102185517549515, 0.01234017126262188, 0.0064233397133648396, 0.005255522672086954]"
blur-light,object,641,896,896,1,0.2552556097507477,"[896, 989, 324, 861, 120]","[0.2552556097507477, 0.05937749519944191, 0.057620882987976074, 0.040393851697444916, 0.023266268894076347]"
blur-light,object,642,45,701,0,0.33605965971946716,"[701, 78, 610, 22, 405]","[0.33605965971946716, 0.22804170846939087, 0.06636690348386765, 0.03321344777941704, 0.03200988471508026]"
blur-light,object,643,444,444,1,0.41505274176597595,"[444, 671, 307, 892, 300]","[0.41505274176597595, 0.2571195065975189, 0.11032459884881973, 0.04983742535114288, 0.014594079926609993]"
blur-light,object,644,224,283,0,0.33315086364746094,"[283, 261, 199, 252, 224]","[0.33315086364746094, 0.177083820104599, 0.13280710577964783, 0.08542698621749878, 0.06991317868232727]"
blur-light,object,645,738,111,0,0.06047826260328293,"[111, 75, 813, 331, 53]","[0.06047826260328293, 0.03575504198670387, 0.024377819150686264, 0.023685751482844353, 0.01867716945707798]"
blur-light,object,646,495,799,0,0.37012770771980286,"[799, 495, 453, 604, 900]","[0.37012770771980286, 0.19934625923633575, 0.1105990931391716, 0.03769276291131973, 0.03560659661889076]"
blur-light,object,647,354,336,0,0.2746141254901886,"[336, 42, 13, 285, 356]","[0.2746141254901886, 0.10058747231960297, 0.09906192123889923, 0.06958174705505371, 0.0671824961900711]"
blur-light,object,648,315,313,0,0.37408730387687683,"[313, 315, 70, 456, 312]","[0.37408730387687683, 0.178659588098526, 0.11013618111610413, 0.03988594189286232, 0.036695342510938644]"
blur-light,object,649,728,127,0,0.4752253293991089,"[127, 92, 132, 91, 14]","[0.4752253293991089, 0.1114918440580368, 0.05002779886126518, 0.04325348138809204, 0.035948410630226135]"
blur-light,object,650,715,111,0,0.06047826260328293,"[111, 75, 813, 331, 53]","[0.06047826260328293, 0.03575504198670387, 0.024377819150686264, 0.023685751482844353, 0.01867716945707798]"
blur-light,object,651,284,284,1,0.9956886172294617,"[284, 356, 196, 358, 299]","[0.9956886172294617, 0.0019786537159234285, 0.00033772518509067595, 0.00025261781411245465, 0.00023345445515587926]"
blur-light,object,652,295,87,0,0.8599610328674316,"[87, 13, 356, 337, 21]","[0.8599610328674316, 0.05376735329627991, 0.008896908722817898, 0.007935239933431149, 0.0054528065957129]"
blur-light,object,653,471,87,0,0.20052552223205566,"[87, 305, 701, 127, 21]","[0.20052552223205566, 0.1207600086927414, 0.10578284412622452, 0.051041848957538605, 0.030110513791441917]"
blur-light,object,654,665,665,1,0.8409630656242371,"[665, 671, 592, 444, 758]","[0.8409630656242371, 0.048689424991607666, 0.03720952942967415, 0.012611101381480694, 0.009081131778657436]"
blur-light,object,655,217,217,1,0.7145912051200867,"[217, 152, 157, 198, 247]","[0.7145912051200867, 0.05810247361660004, 0.04528530314564705, 0.0348249152302742, 0.02991064079105854]"
blur-light,object,656,775,42,0,0.16276852786540985,"[42, 90, 775, 614, 7]","[0.16276852786540985, 0.09763341397047043, 0.08881386369466782, 0.07168986648321152, 0.07042244076728821]"
blur-light,object,657,143,321,0,0.33714091777801514,"[321, 53, 701, 94, 319]","[0.33714091777801514, 0.06737669557332993, 0.04812908545136452, 0.04183613508939743, 0.02827322483062744]"
blur-light,object,658,806,701,0,0.48610782623291016,"[701, 679, 420, 402, 326]","[0.48610782623291016, 0.07742364704608917, 0.05220980569720268, 0.04389367625117302, 0.030005279928445816]"
blur-light,object,659,171,171,1,0.3670201003551483,"[171, 151, 253, 263, 676]","[0.3670201003551483, 0.26994937658309937, 0.1401214897632599, 0.038716334849596024, 0.03641200065612793]"
blur-light,object,660,637,480,0,0.24744005501270294,"[480, 851, 637, 846, 919]","[0.24744005501270294, 0.23971758782863617, 0.08562267571687698, 0.03196033090353012, 0.028972171247005463]"
blur-light,object,661,875,701,0,0.5033355951309204,"[701, 326, 610, 22, 892]","[0.5033355951309204, 0.28041279315948486, 0.028389237821102142, 0.022503037005662918, 0.01856226846575737]"
blur-light,object,662,614,614,1,0.9892650842666626,"[614, 496, 711, 775, 578]","[0.9892650842666626, 0.002196722663938999, 0.0012096253922209144, 0.0008676924044266343, 0.0007416580338031054]"
blur-light,object,663,185,185,1,0.2993181645870209,"[185, 356, 280, 359, 182]","[0.2993181645870209, 0.05619378760457039, 0.05271255970001221, 0.05145848169922829, 0.050704192370176315]"
blur-light,object,664,583,583,1,0.9703665375709534,"[583, 442, 900, 882, 414]","[0.9703665375709534, 0.014280123636126518, 0.0020287232473492622, 0.0019362589810043573, 0.0011049455497413874]"
blur-light,object,665,674,674,1,0.2977484166622162,"[674, 64, 55, 42, 312]","[0.2977484166622162, 0.23461584746837616, 0.057867225259542465, 0.04427577182650566, 0.04054797813296318]"
blur-light,object,666,198,196,0,0.5209405422210693,"[196, 198, 285, 281, 170]","[0.5209405422210693, 0.2700887620449066, 0.0593191459774971, 0.02789950929582119, 0.02089032717049122]"
blur-light,object,667,571,767,0,0.10569440573453903,"[767, 900, 845, 818, 484]","[0.10569440573453903, 0.08434347063302994, 0.0567714087665081, 0.0407245010137558, 0.03925422951579094]"
blur-light,object,668,870,758,0,0.5935359001159668,"[758, 763, 740, 570, 402]","[0.5935359001159668, 0.0665493905544281, 0.05302239581942558, 0.04041231796145439, 0.027171839028596878]"
blur-light,object,669,614,614,1,0.46409231424331665,"[614, 411, 443, 697, 679]","[0.46409231424331665, 0.08350591361522675, 0.07473074644804001, 0.06634119153022766, 0.04427865520119667]"
blur-light,object,670,822,701,0,0.22816376388072968,"[701, 845, 405, 895, 783]","[0.22816376388072968, 0.11023802310228348, 0.06702356040477753, 0.06684469431638718, 0.034821007400751114]"
blur-light,object,671,216,216,1,0.18379685282707214,"[216, 359, 358, 175, 23]","[0.18379685282707214, 0.13192439079284668, 0.10024102032184601, 0.05051339045166969, 0.04964112490415573]"
blur-light,object,672,209,12,0,0.13639727234840393,"[12, 277, 175, 350, 185]","[0.13639727234840393, 0.07591115683317184, 0.06800409406423569, 0.06777411699295044, 0.040252603590488434]"
blur-light,object,673,775,92,0,0.20022468268871307,"[92, 701, 127, 144, 93]","[0.20022468268871307, 0.1355750858783722, 0.06472358852624893, 0.039940204471349716, 0.03906972333788872]"
blur-light,object,674,559,319,0,0.39042386412620544,"[319, 845, 320, 724, 326]","[0.39042386412620544, 0.07463666051626205, 0.0712084099650383, 0.06836529076099396, 0.04561290517449379]"
blur-light,object,675,830,701,0,0.17332930862903595,"[701, 740, 418, 784, 25]","[0.17332930862903595, 0.1321701854467392, 0.1303703635931015, 0.06384041160345078, 0.053665630519390106]"
blur-light,object,676,532,318,0,0.23148459196090698,"[318, 319, 92, 778, 845]","[0.23148459196090698, 0.09726927429437637, 0.08399542421102524, 0.057844553142786026, 0.052575428038835526]"
blur-light,object,677,233,233,1,0.3370349407196045,"[233, 221, 265, 266, 196]","[0.3370349407196045, 0.16922375559806824, 0.03498959541320801, 0.034486643970012665, 0.032448284327983856]"
blur-light,object,678,765,765,1,0.4784119427204132,"[765, 559, 527, 664, 917]","[0.4784119427204132, 0.28385818004608154, 0.027497272938489914, 0.02420729584991932, 0.011988796293735504]"
blur-light,object,679,428,626,0,0.19783945381641388,"[626, 572, 872, 763, 759]","[0.19783945381641388, 0.12860552966594696, 0.08977865427732468, 0.05820081755518913, 0.047256950289011]"
blur-light,object,680,765,75,0,0.3424210548400879,"[75, 321, 308, 300, 319]","[0.3424210548400879, 0.06659764051437378, 0.05879189074039459, 0.04328807815909386, 0.03727863356471062]"
blur-light,object,681,420,138,0,0.1561368852853775,"[138, 53, 600, 78, 783]","[0.1561368852853775, 0.07676884531974792, 0.06962326914072037, 0.039808809757232666, 0.03730177879333496]"
blur-light,object,682,571,626,0,0.157326340675354,"[626, 844, 898, 632, 916]","[0.157326340675354, 0.13262972235679626, 0.08123095333576202, 0.04441531002521515, 0.03791876137256622]"
blur-light,object,683,177,94,0,0.2974439859390259,"[94, 10, 141, 21, 177]","[0.2974439859390259, 0.1895008683204651, 0.17981302738189697, 0.08102551847696304, 0.053979936987161636]"
blur-light,object,684,846,846,1,0.8954948782920837,"[846, 619, 818, 600, 494]","[0.8954948782920837, 0.07567178457975388, 0.004616034682840109, 0.0028804868925362825, 0.0018583054188638926]"
blur-light,object,685,236,21,0,0.22044213116168976,"[21, 87, 237, 234, 196]","[0.22044213116168976, 0.14018797874450684, 0.03470044583082199, 0.03374408185482025, 0.027682922780513763]"
blur-light,object,686,201,21,0,0.07865176349878311,"[21, 127, 94, 898, 22]","[0.07865176349878311, 0.05430790036916733, 0.04500552639365196, 0.04291260242462158, 0.03210192918777466]"
blur-light,object,687,953,307,0,0.4393143951892853,"[307, 42, 84, 135, 304]","[0.4393143951892853, 0.10094588994979858, 0.05210411548614502, 0.03925253450870514, 0.034591611474752426]"
blur-light,object,688,637,846,0,0.5614093542098999,"[846, 844, 648, 920, 619]","[0.5614093542098999, 0.23551243543624878, 0.05550399795174599, 0.016993140801787376, 0.016704130917787552]"
blur-light,object,689,420,326,0,0.2778828740119934,"[326, 80, 20, 138, 22]","[0.2778828740119934, 0.10744218528270721, 0.1047220304608345, 0.06226970627903938, 0.04509918764233589]"
blur-light,object,690,602,602,1,0.3926406800746918,"[602, 702, 320, 456, 920]","[0.3926406800746918, 0.3819544017314911, 0.10458318144083023, 0.06032306328415871, 0.015959391370415688]"
blur-light,object,691,806,898,0,0.15488730370998383,"[898, 94, 767, 31, 626]","[0.15488730370998383, 0.1103573590517044, 0.09673713892698288, 0.06474421918392181, 0.05289290472865105]"
blur-light,object,692,608,117,0,0.5481104850769043,"[117, 131, 112, 23, 610]","[0.5481104850769043, 0.05950508266687393, 0.0516144260764122, 0.036331843584775925, 0.03610832244157791]"
blur-light,object,693,775,22,0,0.18365801870822906,"[22, 701, 328, 21, 80]","[0.18365801870822906, 0.13353201746940613, 0.07573763281106949, 0.06739727407693863, 0.06370501220226288]"
blur-light,object,694,614,321,0,0.2185681313276291,"[321, 308, 319, 42, 701]","[0.2185681313276291, 0.21197423338890076, 0.08698410540819168, 0.04655634984374046, 0.04436244070529938]"
blur-light,object,695,728,851,0,0.12197468429803848,"[851, 87, 731, 783, 505]","[0.12197468429803848, 0.07116946578025818, 0.038340650498867035, 0.03346230089664459, 0.033002883195877075]"
blur-light,object,696,836,701,0,0.09155095368623734,"[701, 681, 331, 405, 677]","[0.09155095368623734, 0.04845075681805611, 0.04492708295583725, 0.03901319205760956, 0.03765323385596275]"
blur-light,object,697,361,362,0,0.23208455741405487,"[362, 358, 356, 359, 261]","[0.23208455741405487, 0.18502335250377655, 0.07745405286550522, 0.06114056706428528, 0.03218485042452812]"
blur-light,object,698,842,701,0,0.1286606639623642,"[701, 405, 94, 14, 22]","[0.1286606639623642, 0.11510135233402252, 0.1057843342423439, 0.07924830168485641, 0.048225805163383484]"
blur-light,object,699,444,326,0,0.8875654935836792,"[326, 22, 714, 610, 620]","[0.8875654935836792, 0.01146229263395071, 0.009338893927633762, 0.0075322105549275875, 0.005779867991805077]"
blur-light,object,700,364,42,0,0.31940957903862,"[42, 43, 12, 10, 298]","[0.31940957903862, 0.1922260969877243, 0.050719864666461945, 0.04953582584857941, 0.0341392382979393]"
blur-light,object,701,707,632,0,0.317047119140625,"[632, 662, 900, 898, 754]","[0.317047119140625, 0.055835213512182236, 0.049487970769405365, 0.04782046005129814, 0.03527021408081055]"
blur-light,object,702,151,187,0,0.8204053640365601,"[187, 196, 235, 158, 237]","[0.8204053640365601, 0.05926401913166046, 0.04886571317911148, 0.016776151955127716, 0.014044002629816532]"
blur-light,object,703,765,900,0,0.33780738711357117,"[900, 484, 538, 791, 449]","[0.33780738711357117, 0.08601114153862, 0.06612322479486465, 0.04042942076921463, 0.036536503583192825]"
blur-light,object,704,571,844,0,0.15726181864738464,"[844, 571, 592, 752, 560]","[0.15726181864738464, 0.10530084371566772, 0.0977928638458252, 0.09225524961948395, 0.07096104323863983]"
blur-light,object,705,197,23,0,0.5751776099205017,"[23, 80, 16, 17, 13]","[0.5751776099205017, 0.13625884056091309, 0.06690499186515808, 0.037836235016584396, 0.029597854241728783]"
blur-light,object,706,681,127,0,0.24520717561244965,"[127, 128, 701, 21, 22]","[0.24520717561244965, 0.10360440611839294, 0.08932697772979736, 0.08117226511240005, 0.0756836086511612]"
blur-light,object,707,382,64,0,0.11373350024223328,"[64, 701, 321, 883, 448]","[0.11373350024223328, 0.09203413128852844, 0.06723081320524216, 0.06156104803085327, 0.05555608123540878]"
blur-light,object,708,765,699,0,0.27908480167388916,"[699, 510, 453, 540, 900]","[0.27908480167388916, 0.10063393414020538, 0.07674393057823181, 0.07604909688234329, 0.055982060730457306]"
blur-light,object,709,559,409,0,0.0934406965970993,"[409, 710, 754, 481, 448]","[0.0934406965970993, 0.09037851542234421, 0.08293575048446655, 0.06452886015176773, 0.05511686950922012]"
blur-light,object,710,708,127,0,0.2002290040254593,"[127, 120, 21, 31, 22]","[0.2002290040254593, 0.09724835306406021, 0.07828684896230698, 0.06729473918676376, 0.04194163158535957]"
blur-light,object,711,202,216,0,0.6116004586219788,"[216, 356, 266, 190, 202]","[0.6116004586219788, 0.21168844401836395, 0.04052763804793358, 0.025672126561403275, 0.011244719848036766]"
blur-light,object,712,469,87,0,0.7661616206169128,"[87, 89, 17, 131, 99]","[0.7661616206169128, 0.15917374193668365, 0.025794433429837227, 0.006561294198036194, 0.0040193586610257626]"
blur-light,object,713,875,758,0,0.099094457924366,"[758, 733, 714, 319, 600]","[0.099094457924366, 0.07542145997285843, 0.07478130608797073, 0.0606236569583416, 0.05756858363747597]"
blur-light,object,714,284,284,1,0.8210263848304749,"[284, 178, 23, 358, 356]","[0.8210263848304749, 0.029913784936070442, 0.02855975367128849, 0.01537374872714281, 0.014368649572134018]"
blur-light,object,715,199,22,0,0.42197614908218384,"[22, 23, 21, 128, 16]","[0.42197614908218384, 0.343540221452713, 0.04607545956969261, 0.02959049865603447, 0.01602347195148468]"
blur-light,object,716,529,141,0,0.15935587882995605,"[141, 132, 94, 89, 129]","[0.15935587882995605, 0.11216268688440323, 0.11163709312677383, 0.07329031825065613, 0.05282428115606308]"
blur-light,object,717,157,87,0,0.2584835886955261,"[87, 22, 277, 11, 89]","[0.2584835886955261, 0.19520241022109985, 0.13015703856945038, 0.09651882201433182, 0.0500674843788147]"
blur-light,object,718,850,21,0,0.61603182554245,"[21, 22, 90, 350, 349]","[0.61603182554245, 0.07836651057004929, 0.06236683204770088, 0.02036898024380207, 0.01761835440993309]"
blur-light,object,719,529,852,0,0.07768398523330688,"[852, 132, 111, 971, 818]","[0.07768398523330688, 0.06965489685535431, 0.04610098525881767, 0.03088502772152424, 0.024522580206394196]"
blur-light,object,720,186,21,0,0.1530475914478302,"[21, 185, 187, 182, 201]","[0.1530475914478302, 0.10620838403701782, 0.0894865021109581, 0.08650092780590057, 0.05966632068157196]"
blur-light,object,721,361,361,1,0.8810316324234009,"[361, 19, 22, 93, 10]","[0.8810316324234009, 0.05561837926506996, 0.026256529614329338, 0.015372688882052898, 0.0065726637840271]"
blur-light,object,722,684,87,0,0.8033247590065002,"[87, 326, 322, 850, 474]","[0.8033247590065002, 0.10075310617685318, 0.02592177502810955, 0.024879276752471924, 0.007317906245589256]"
blur-light,object,723,846,831,0,0.9705943465232849,"[831, 419, 519, 846, 710]","[0.9705943465232849, 0.004769390914589167, 0.0021028260234743357, 0.001797779812477529, 0.0017460744129493833]"
blur-light,object,724,156,11,0,0.6182456016540527,"[11, 129, 92, 22, 989]","[0.6182456016540527, 0.15821495652198792, 0.0527789443731308, 0.0258303452283144, 0.017047321423888206]"
blur-light,object,725,175,356,0,0.16676636040210724,"[356, 701, 358, 359, 852]","[0.16676636040210724, 0.16462835669517517, 0.06828483194112778, 0.04988982900977135, 0.04783923178911209]"
blur-light,object,726,258,89,0,0.4626956880092621,"[89, 222, 258, 153, 87]","[0.4626956880092621, 0.19195248186588287, 0.08882266283035278, 0.059065081179142, 0.03451378643512726]"
blur-light,object,727,254,243,0,0.41681066155433655,"[243, 254, 226, 198, 21]","[0.41681066155433655, 0.26597005128860474, 0.052917540073394775, 0.03258573263883591, 0.02187318727374077]"
blur-light,object,728,529,701,0,0.2630871534347534,"[701, 22, 42, 11, 90]","[0.2630871534347534, 0.1703852415084839, 0.1628134548664093, 0.04542330279946327, 0.03654253110289574]"
blur-light,object,729,267,87,0,0.18416641652584076,"[87, 181, 189, 286, 434]","[0.18416641652584076, 0.12717649340629578, 0.04518011212348938, 0.03631456196308136, 0.029548529535531998]"
blur-light,object,730,257,87,0,0.9362833499908447,"[87, 21, 89, 22, 153]","[0.9362833499908447, 0.011102850548923016, 0.0076520624570548534, 0.006813807878643274, 0.006682138424366713]"
blur-light,object,731,529,405,0,0.32783132791519165,"[405, 20, 326, 13, 80]","[0.32783132791519165, 0.07004965841770172, 0.06482847034931183, 0.05559602752327919, 0.05037856474518776]"
blur-light,object,732,765,765,1,0.9387247562408447,"[765, 559, 708, 818, 604]","[0.9387247562408447, 0.01853851042687893, 0.006077195983380079, 0.004574364051222801, 0.0044218990951776505]"
blur-light,object,733,532,845,0,0.329695463180542,"[845, 510, 767, 677, 812]","[0.329695463180542, 0.064547598361969, 0.031187428161501884, 0.02440556325018406, 0.019789190962910652]"
blur-light,object,734,227,23,0,0.581672191619873,"[23, 21, 22, 93, 367]","[0.581672191619873, 0.10339601337909698, 0.04112899303436279, 0.03323223814368248, 0.025200629606842995]"
blur-light,object,735,520,520,1,0.2516922652721405,"[520, 516, 729, 846, 687]","[0.2516922652721405, 0.23113898932933807, 0.2264203280210495, 0.052320696413517, 0.04687520116567612]"
blur-light,object,736,999,681,0,0.2069094032049179,"[681, 742, 499, 632, 846]","[0.2069094032049179, 0.1362387239933014, 0.11334240436553955, 0.07402276992797852, 0.06412934511899948]"
blur-light,object,737,174,308,0,0.1499704122543335,"[308, 87, 21, 23, 22]","[0.1499704122543335, 0.1330365687608719, 0.1291530579328537, 0.0802106186747551, 0.07678931206464767]"
blur-light,object,738,841,127,0,0.187582328915596,"[127, 619, 610, 601, 846]","[0.187582328915596, 0.14751727879047394, 0.1043228730559349, 0.08208145946264267, 0.04520272836089134]"
blur-light,object,739,846,701,0,0.6819111704826355,"[701, 405, 846, 417, 596]","[0.6819111704826355, 0.16088923811912537, 0.06251963973045349, 0.03266487643122673, 0.013510676100850105]"
blur-light,object,740,999,644,0,0.5511525273323059,"[644, 812, 677, 845, 900]","[0.5511525273323059, 0.07191727310419083, 0.039796870201826096, 0.019667349755764008, 0.017443010583519936]"
blur-light,object,741,258,89,0,0.32544222474098206,"[89, 87, 22, 127, 13]","[0.32544222474098206, 0.29637590050697327, 0.08103254437446594, 0.038266293704509735, 0.0349457822740078]"
blur-light,object,742,851,845,0,0.5000573992729187,"[845, 404, 895, 405, 557]","[0.5000573992729187, 0.08893847465515137, 0.06382855027914047, 0.05622861906886101, 0.030208412557840347]"
blur-light,object,743,423,423,1,0.265042781829834,"[423, 758, 503, 506, 818]","[0.265042781829834, 0.1037193164229393, 0.08351092040538788, 0.051461361348629, 0.04953122138977051]"
blur-light,object,744,233,316,0,0.15584829449653625,"[316, 198, 87, 139, 164]","[0.15584829449653625, 0.1271294504404068, 0.07354895770549774, 0.05349050462245941, 0.047022830694913864]"
blur-light,object,745,253,31,0,0.29896309971809387,"[31, 89, 87, 286, 140]","[0.29896309971809387, 0.2864336371421814, 0.06058115139603615, 0.046969152987003326, 0.02356499247252941]"
blur-light,object,746,655,315,0,0.09887711703777313,"[315, 22, 701, 448, 356]","[0.09887711703777313, 0.0723835900425911, 0.05878403037786484, 0.04816225543618202, 0.03640979155898094]"
blur-light,object,747,422,99,0,0.232493057847023,"[99, 127, 80, 128, 895]","[0.232493057847023, 0.14967510104179382, 0.0760677382349968, 0.05705774202942848, 0.03880246356129646]"
blur-light,object,748,765,559,0,0.2543277442455292,"[559, 920, 506, 701, 553]","[0.2543277442455292, 0.1756509691476822, 0.0981605127453804, 0.06461603194475174, 0.03541558235883713]"
blur-light,object,749,545,545,1,0.3190801441669464,"[545, 506, 818, 787, 316]","[0.3190801441669464, 0.2976387143135071, 0.2392684817314148, 0.01762568950653076, 0.014167124405503273]"
blur-light,object,750,841,22,0,0.2730455696582794,"[22, 129, 701, 89, 132]","[0.2730455696582794, 0.1988205760717392, 0.11843723058700562, 0.11414147168397903, 0.04266681149601936]"
blur-light,object,751,655,895,0,0.27989110350608826,"[895, 405, 818, 89, 846]","[0.27989110350608826, 0.10837192833423615, 0.057491376996040344, 0.043173857033252716, 0.038949575275182724]"
blur-light,object,752,846,701,0,0.8377962708473206,"[701, 405, 852, 610, 42]","[0.8377962708473206, 0.014356444589793682, 0.011529161594808102, 0.011015339754521847, 0.009137429296970367]"
blur-light,object,753,999,587,0,0.12445574253797531,"[587, 596, 844, 846, 499]","[0.12445574253797531, 0.09603291004896164, 0.09245273470878601, 0.06698164343833923, 0.03726383298635483]"
blur-light,object,754,841,89,0,0.27564647793769836,"[89, 11, 143, 132, 129]","[0.27564647793769836, 0.21288549900054932, 0.16930986940860748, 0.06548482924699783, 0.04390560835599899]"
blur-light,object,755,655,42,0,0.19046911597251892,"[42, 783, 45, 53, 623]","[0.19046911597251892, 0.15110734105110168, 0.07457838952541351, 0.05939345434308052, 0.04920641705393791]"
blur-light,object,756,579,315,0,0.5263957977294922,"[315, 908, 895, 127, 763]","[0.5263957977294922, 0.10065658390522003, 0.08510324358940125, 0.05655813217163086, 0.03137635812163353]"
blur-light,object,757,198,87,0,0.29307451844215393,"[87, 196, 285, 198, 281]","[0.29307451844215393, 0.22136756777763367, 0.1367298662662506, 0.06642863154411316, 0.06589986383914948]"
blur-light,object,758,614,31,0,0.11985933780670166,"[31, 42, 419, 614, 883]","[0.11985933780670166, 0.10926344990730286, 0.06783661991357803, 0.06267695873975754, 0.03060746006667614]"
blur-light,object,759,689,552,0,0.4998595416545868,"[552, 88, 701, 903, 14]","[0.4998595416545868, 0.3704332113265991, 0.02971852757036686, 0.012736598961055279, 0.010933293029665947]"
blur-light,object,760,863,863,1,0.6409971117973328,"[863, 883, 643, 708, 626]","[0.6409971117973328, 0.07595621794462204, 0.06467282027006149, 0.04330666363239288, 0.0170290507376194]"
blur-light,object,761,851,844,0,0.40587401390075684,"[844, 892, 742, 754, 771]","[0.40587401390075684, 0.14122384786605835, 0.08679293096065521, 0.03565063700079918, 0.03389081731438637]"
blur-light,object,762,444,444,1,0.7980489730834961,"[444, 889, 671, 513, 625]","[0.7980489730834961, 0.06270410120487213, 0.04805178567767143, 0.02442968264222145, 0.01092182844877243]"
blur-light,object,763,230,19,0,0.13910318911075592,"[19, 16, 18, 93, 13]","[0.13910318911075592, 0.13580715656280518, 0.10192285478115082, 0.10148047655820847, 0.06459836661815643]"
blur-light,object,764,254,127,0,0.21709321439266205,"[127, 21, 89, 310, 16]","[0.21709321439266205, 0.10599608719348907, 0.07601163536310196, 0.06753526628017426, 0.05362320691347122]"
blur-light,object,765,199,199,1,0.3339588940143585,"[199, 233, 196, 285, 281]","[0.3339588940143585, 0.1819029003381729, 0.17039571702480316, 0.09210596233606339, 0.07785460352897644]"
blur-light,object,766,493,553,0,0.520399808883667,"[553, 648, 495, 742, 760]","[0.520399808883667, 0.062108930200338364, 0.047759149223566055, 0.030031366273760796, 0.021036894991993904]"
blur-light,object,767,882,315,0,0.1194704920053482,"[315, 314, 78, 92, 308]","[0.1194704920053482, 0.10395131260156631, 0.10394952446222305, 0.056019265204668045, 0.050438567996025085]"
blur-light,object,768,739,92,0,0.18603453040122986,"[92, 15, 16, 94, 11]","[0.18603453040122986, 0.07813147455453873, 0.0699412152171135, 0.05124187469482422, 0.05008608475327492]"
blur-light,object,769,846,619,0,0.3074246644973755,"[619, 846, 499, 94, 818]","[0.3074246644973755, 0.23674878478050232, 0.10157793015241623, 0.0349445641040802, 0.026091648265719414]"
blur-light,object,770,614,614,1,0.29974183440208435,"[614, 953, 506, 643, 900]","[0.29974183440208435, 0.06331736594438553, 0.03313891589641571, 0.03124126046895981, 0.026836853474378586]"
blur-light,object,771,579,763,0,0.1418820023536682,"[763, 311, 517, 321, 314]","[0.1418820023536682, 0.10386122018098831, 0.04330136999487877, 0.04152204468846321, 0.037482041865587234]"
blur-light,object,772,882,22,0,0.1845748871564865,"[22, 326, 127, 321, 538]","[0.1845748871564865, 0.16751857101917267, 0.11980155855417252, 0.05429975688457489, 0.046042703092098236]"
blur-light,object,773,778,778,1,0.28654810786247253,"[778, 409, 892, 826, 600]","[0.28654810786247253, 0.23481754958629608, 0.1311199814081192, 0.09991133958101273, 0.06357332319021225]"
blur-light,object,774,882,872,0,0.27431920170783997,"[872, 85, 777, 420, 676]","[0.27431920170783997, 0.05927479267120361, 0.04801015183329582, 0.04540613666176796, 0.03979764133691788]"
blur-light,object,775,550,418,0,0.0908745676279068,"[418, 777, 22, 626, 749]","[0.0908745676279068, 0.06834302097558975, 0.06103893369436264, 0.04784313961863518, 0.04591962322592735]"
blur-light,object,776,284,21,0,0.27628257870674133,"[21, 22, 127, 89, 94]","[0.27628257870674133, 0.1868273764848709, 0.06224885955452919, 0.04467704892158508, 0.044441498816013336]"
blur-light,object,777,851,530,0,0.19436097145080566,"[530, 851, 598, 664, 844]","[0.19436097145080566, 0.15627862513065338, 0.12413741648197174, 0.11923057585954666, 0.07325532287359238]"
blur-light,object,778,651,897,0,0.0794859454035759,"[897, 916, 920, 662, 733]","[0.0794859454035759, 0.04525909200310707, 0.04253619909286499, 0.03603331372141838, 0.028681369498372078]"
blur-light,object,779,681,742,0,0.21905578672885895,"[742, 895, 526, 681, 657]","[0.21905578672885895, 0.17841102182865143, 0.10774239152669907, 0.05644616484642029, 0.045264072716236115]"
blur-light,object,780,420,127,0,0.11153914034366608,"[127, 622, 132, 80, 701]","[0.11153914034366608, 0.10700784623622894, 0.08260539174079895, 0.05183793231844902, 0.04758571460843086]"
blur-light,object,781,532,127,0,0.14989478886127472,"[127, 448, 92, 895, 21]","[0.14989478886127472, 0.12214145064353943, 0.10133735835552216, 0.08529051393270493, 0.05742282792925835]"
blur-light,object,782,423,889,0,0.13349910080432892,"[889, 723, 674, 423, 420]","[0.13349910080432892, 0.13236699998378754, 0.08069515973329544, 0.0695074126124382, 0.05475449562072754]"
blur-light,object,783,201,141,0,0.22934024035930634,"[141, 23, 196, 12, 87]","[0.22934024035930634, 0.07751650363206863, 0.07404319941997528, 0.07157579064369202, 0.06268879771232605]"
blur-light,object,784,690,300,0,0.41247960925102234,"[300, 308, 513, 683, 307]","[0.41247960925102234, 0.16779391467571259, 0.07837238907814026, 0.06080605834722519, 0.043228380382061005]"
blur-light,object,785,807,326,0,0.17916624248027802,"[326, 94, 312, 448, 87]","[0.17916624248027802, 0.08081233501434326, 0.07379642128944397, 0.06522300094366074, 0.03927132859826088]"
blur-light,object,786,836,99,0,0.33386898040771484,"[99, 127, 128, 96, 22]","[0.33386898040771484, 0.27362534403800964, 0.14760275185108185, 0.0414026714861393, 0.035562049597501755]"
blur-light,object,787,779,779,1,0.2030458301305771,"[779, 530, 662, 404, 593]","[0.2030458301305771, 0.15431790053844452, 0.05928121879696846, 0.05324719101190567, 0.03589910268783569]"
blur-light,object,788,872,16,0,0.13717234134674072,"[16, 872, 320, 92, 319]","[0.13717234134674072, 0.12407174706459045, 0.10801924020051956, 0.10417970269918442, 0.09631603211164474]"
blur-light,object,789,516,81,0,0.43573734164237976,"[81, 529, 601, 324, 516]","[0.43573734164237976, 0.08848506957292557, 0.07645441591739655, 0.07107514142990112, 0.06305615603923798]"
blur-light,object,790,807,442,0,0.1289968192577362,"[442, 900, 448, 844, 742]","[0.1289968192577362, 0.1261008232831955, 0.10480328649282455, 0.05585964769124985, 0.05333617329597473]"
blur-light,object,791,880,331,0,0.3099285662174225,"[331, 21, 127, 23, 677]","[0.3099285662174225, 0.13920196890830994, 0.06259806454181671, 0.046804532408714294, 0.037512894719839096]"
blur-light,object,792,678,701,0,0.3228020966053009,"[701, 326, 21, 81, 677]","[0.3228020966053009, 0.0679270401597023, 0.05723320692777634, 0.03497031331062317, 0.03372498229146004]"
blur-light,object,793,603,763,0,0.15215545892715454,"[763, 302, 307, 300, 671]","[0.15215545892715454, 0.1495770961046219, 0.06771092861890793, 0.06394420564174652, 0.04751186445355415]"
blur-light,object,794,665,22,0,0.5289583802223206,"[22, 701, 78, 21, 23]","[0.5289583802223206, 0.2914426624774933, 0.030349187552928925, 0.024364730343222618, 0.015235518105328083]"
blur-light,object,795,541,78,0,0.24630926549434662,"[78, 701, 326, 80, 783]","[0.24630926549434662, 0.19563333690166473, 0.1654929667711258, 0.09639962762594223, 0.02715233713388443]"
blur-light,object,796,704,572,0,0.3390082120895386,"[572, 597, 132, 704, 144]","[0.3390082120895386, 0.0545354001224041, 0.05204261466860771, 0.05081145465373993, 0.026912769302725792]"
blur-light,object,797,770,316,0,0.28937816619873047,"[316, 770, 314, 71, 319]","[0.28937816619873047, 0.28331679105758667, 0.06516093015670776, 0.048733849078416824, 0.03839757665991783]"
blur-light,object,798,428,681,0,0.106450155377388,"[681, 677, 418, 626, 128]","[0.106450155377388, 0.07349555939435959, 0.06692606210708618, 0.05248004198074341, 0.04785969480872154]"
blur-light,object,799,637,92,0,0.12072310596704483,"[92, 437, 42, 22, 442]","[0.12072310596704483, 0.08706635981798172, 0.08118247985839844, 0.05435996502637863, 0.034804943948984146]"
blur-light,object,800,879,491,0,0.07200966030359268,"[491, 778, 87, 710, 412]","[0.07200966030359268, 0.07042834907770157, 0.06166430190205574, 0.04689906910061836, 0.0468561053276062]"
blur-light,object,801,869,87,0,0.18458810448646545,"[87, 787, 671, 16, 494]","[0.18458810448646545, 0.14633460342884064, 0.0566391758620739, 0.037894800305366516, 0.0376824289560318]"
blur-light,object,802,690,312,0,0.17552413046360016,"[312, 584, 610, 45, 308]","[0.17552413046360016, 0.07323867082595825, 0.07121025770902634, 0.043744444847106934, 0.04287133738398552]"
blur-light,object,803,822,127,0,0.23905406892299652,"[127, 783, 324, 812, 845]","[0.23905406892299652, 0.09078142791986465, 0.057392511516809464, 0.034968312829732895, 0.03445524722337723]"
blur-light,object,804,880,21,0,0.07125933468341827,"[21, 22, 538, 94, 677]","[0.07125933468341827, 0.06158512458205223, 0.05739998072385788, 0.05262688919901848, 0.040083643049001694]"
blur-light,object,805,612,308,0,0.19724175333976746,"[308, 420, 92, 127, 42]","[0.19724175333976746, 0.15881653130054474, 0.10272151231765747, 0.04082462191581726, 0.037870556116104126]"
blur-light,object,806,879,898,0,0.26994121074676514,"[898, 783, 701, 457, 899]","[0.26994121074676514, 0.05990469455718994, 0.053144440054893494, 0.053080007433891296, 0.05168043449521065]"
blur-light,object,807,603,300,0,0.1716465801000595,"[300, 763, 764, 730, 740]","[0.1716465801000595, 0.13370820879936218, 0.08782380819320679, 0.06421656906604767, 0.04577392339706421]"
blur-light,object,808,707,701,0,0.1390257626771927,"[701, 418, 767, 845, 22]","[0.1390257626771927, 0.1169360876083374, 0.08661176264286041, 0.07833688706159592, 0.06431383639574051]"
blur-light,object,809,751,584,0,0.4052867889404297,"[584, 856, 699, 47, 610]","[0.4052867889404297, 0.03324005752801895, 0.03175828978419304, 0.02728373557329178, 0.017087595537304878]"
blur-light,object,810,407,407,1,0.461518794298172,"[407, 751, 436, 717, 895]","[0.461518794298172, 0.16232459247112274, 0.08731970191001892, 0.06474757194519043, 0.05284659564495087]"
blur-light,object,811,791,681,0,0.048409879207611084,"[681, 763, 846, 754, 626]","[0.048409879207611084, 0.043680306524038315, 0.04113180190324783, 0.03523516282439232, 0.031110256910324097]"
blur-light,object,812,645,143,0,0.19375769793987274,"[143, 701, 418, 600, 845]","[0.19375769793987274, 0.08423224091529846, 0.040590740740299225, 0.04023221135139465, 0.03759250044822693]"
blur-light,object,813,879,326,0,0.4858793616294861,"[326, 141, 87, 47, 24]","[0.4858793616294861, 0.10514514893293381, 0.08164297044277191, 0.06981609016656876, 0.0415879487991333]"
blur-light,object,814,612,786,0,0.4767848551273346,"[786, 872, 494, 559, 900]","[0.4767848551273346, 0.1392057090997696, 0.06540700793266296, 0.033227019011974335, 0.03132160007953644]"
blur-light,object,815,468,845,0,0.1747436225414276,"[845, 895, 120, 889, 404]","[0.1747436225414276, 0.11982335895299911, 0.10433552414178848, 0.03762589767575264, 0.0350017249584198]"
blur-light,object,816,603,776,0,0.27887430787086487,"[776, 699, 857, 538, 354]","[0.27887430787086487, 0.26796096563339233, 0.07627774029970169, 0.037927787750959396, 0.026585601270198822]"
blur-light,object,817,670,71,0,0.11687832325696945,"[71, 518, 818, 763, 512]","[0.11687832325696945, 0.08423216640949249, 0.06671222299337387, 0.06289264559745789, 0.060148656368255615]"
blur-light,object,818,468,701,0,0.7837660312652588,"[701, 92, 94, 740, 11]","[0.7837660312652588, 0.017980406060814857, 0.016688670963048935, 0.01585651934146881, 0.008894802071154118]"
blur-light,object,819,830,319,0,0.19825772941112518,"[319, 300, 326, 701, 513]","[0.19825772941112518, 0.07188840210437775, 0.06676719337701797, 0.048620279878377914, 0.04394035041332245]"
blur-light,object,820,670,701,0,0.3243691325187683,"[701, 301, 25, 783, 75]","[0.3243691325187683, 0.1193123534321785, 0.05878998711705208, 0.055398739874362946, 0.03001290373504162]"
blur-light,object,821,807,742,0,0.49075931310653687,"[742, 896, 818, 844, 848]","[0.49075931310653687, 0.06436722725629807, 0.05893833935260773, 0.05140237510204315, 0.048624154180288315]"
blur-light,object,822,602,733,0,0.11675862967967987,"[733, 916, 905, 23, 749]","[0.11675862967967987, 0.07280512154102325, 0.06287870556116104, 0.054226215928792953, 0.053057506680488586]"
blur-light,object,823,439,23,0,0.247788667678833,"[23, 22, 21, 701, 94]","[0.247788667678833, 0.22210785746574402, 0.19463609158992767, 0.19338813424110413, 0.031782619655132294]"
blur-light,object,824,198,187,0,0.36781877279281616,"[187, 196, 198, 155, 204]","[0.36781877279281616, 0.21650435030460358, 0.20937864482402802, 0.04752609133720398, 0.01708058826625347]"
blur-light,object,825,559,89,0,0.45897263288497925,"[89, 845, 326, 448, 818]","[0.45897263288497925, 0.07811420410871506, 0.06259848177433014, 0.028907110914587975, 0.02533596381545067]"
blur-light,object,826,919,845,0,0.1446024775505066,"[845, 677, 783, 772, 610]","[0.1446024775505066, 0.10678833723068237, 0.09806796908378601, 0.03952046483755112, 0.028794338926672935]"
blur-light,object,827,665,701,0,0.3443731665611267,"[701, 22, 42, 78, 141]","[0.3443731665611267, 0.23336835205554962, 0.08109813928604126, 0.021060878410935402, 0.01758475787937641]"
blur-light,object,828,919,701,0,0.24315820634365082,"[701, 920, 610, 94, 845]","[0.24315820634365082, 0.20774932205677032, 0.11781338602304459, 0.06693161278963089, 0.0487900972366333]"
blur-light,object,829,557,701,0,0.1143036037683487,"[701, 75, 677, 405, 845]","[0.1143036037683487, 0.06136924773454666, 0.04403754696249962, 0.041499216109514236, 0.03687862306833267]"
blur-light,object,830,864,610,0,0.10042334347963333,"[610, 56, 584, 812, 763]","[0.10042334347963333, 0.09166944772005081, 0.08685232698917389, 0.05956562981009483, 0.059229832142591476]"
blur-light,object,831,880,350,0,0.31457850337028503,"[350, 331, 880, 600, 671]","[0.31457850337028503, 0.23046331107616425, 0.05088299140334129, 0.04286743327975273, 0.038229361176490784]"
blur-light,object,832,870,610,0,0.4824376106262207,"[610, 701, 326, 323, 895]","[0.4824376106262207, 0.05208085849881172, 0.042803872376680374, 0.037885185331106186, 0.01689004898071289]"
blur-light,object,833,439,783,0,0.17176535725593567,"[783, 99, 80, 404, 610]","[0.17176535725593567, 0.11000008881092072, 0.07750745117664337, 0.03788347542285919, 0.03652148321270943]"
blur-light,object,834,728,22,0,0.12845617532730103,"[22, 89, 21, 129, 701]","[0.12845617532730103, 0.0988338366150856, 0.09023956954479218, 0.06736289709806442, 0.0514804981648922]"
blur-light,object,835,920,845,0,0.1821172684431076,"[845, 662, 405, 742, 745]","[0.1821172684431076, 0.10823741555213928, 0.06329885125160217, 0.050433672964572906, 0.05042092502117157]"
blur-light,object,836,608,488,0,0.11821769177913666,"[488, 89, 319, 572, 87]","[0.11821769177913666, 0.08009779453277588, 0.06615708023309708, 0.06580852717161179, 0.0349334180355072]"
blur-light,object,837,919,662,0,0.2288186252117157,"[662, 610, 916, 920, 742]","[0.2288186252117157, 0.16263379156589508, 0.0438266322016716, 0.03857402130961418, 0.036472421139478683]"
blur-light,object,838,612,518,0,0.176103875041008,"[518, 802, 506, 612, 621]","[0.176103875041008, 0.1014288142323494, 0.07383207231760025, 0.07241459935903549, 0.05761750414967537]"
blur-light,object,839,919,610,0,0.2278936356306076,"[610, 326, 626, 458, 619]","[0.2278936356306076, 0.12240417301654816, 0.0729711502790451, 0.06738418340682983, 0.05239749327301979]"
blur-light,object,840,571,527,0,0.1654984951019287,"[527, 707, 844, 742, 632]","[0.1654984951019287, 0.059961482882499695, 0.05710852891206741, 0.05363135784864426, 0.04538808390498161]"
blur-light,object,841,575,662,0,0.14882293343544006,"[662, 300, 740, 916, 898]","[0.14882293343544006, 0.1281522661447525, 0.03916023671627045, 0.03828190267086029, 0.03802875429391861]"
blur-light,object,842,870,326,0,0.08492153882980347,"[326, 763, 701, 127, 758]","[0.08492153882980347, 0.05024479702115059, 0.03645428270101547, 0.0331072136759758, 0.03201315924525261]"
blur-light,object,843,919,319,0,0.11453504115343094,"[319, 813, 53, 916, 111]","[0.11453504115343094, 0.050869423896074295, 0.03306076303124428, 0.026338964700698853, 0.025981660932302475]"
blur-light,object,844,879,701,0,0.6007101535797119,"[701, 326, 610, 846, 619]","[0.6007101535797119, 0.056512895971536636, 0.051110491156578064, 0.03787397965788841, 0.036300912499427795]"
blur-light,object,845,690,127,0,0.43414509296417236,"[127, 701, 308, 22, 895]","[0.43414509296417236, 0.07193395495414734, 0.06928762793540955, 0.04843379557132721, 0.043691739439964294]"
blur-light,object,846,879,701,0,0.42909714579582214,"[701, 127, 405, 22, 132]","[0.42909714579582214, 0.09174562245607376, 0.06695584952831268, 0.041068799793720245, 0.03751007467508316]"
blur-light,object,847,412,771,0,0.36193937063217163,"[771, 742, 662, 844, 900]","[0.36193937063217163, 0.157619908452034, 0.08870712667703629, 0.08856663107872009, 0.025009945034980774]"
blur-light,object,848,412,493,0,0.2348390817642212,"[493, 754, 769, 893, 553]","[0.2348390817642212, 0.11193907260894775, 0.10867152363061905, 0.07206929475069046, 0.054726552218198776]"
blur-light,object,849,751,55,0,0.17833566665649414,"[55, 751, 113, 817, 93]","[0.17833566665649414, 0.15143048763275146, 0.12369678914546967, 0.11671505123376846, 0.11324801295995712]"
blur-light,object,850,489,557,0,0.3295610845088959,"[557, 733, 456, 462, 484]","[0.3295610845088959, 0.19442620873451233, 0.08017420023679733, 0.05543562024831772, 0.046055715531110764]"
blur-light,object,851,223,128,0,0.19430215656757355,"[128, 13, 143, 20, 23]","[0.19430215656757355, 0.14673608541488647, 0.13008466362953186, 0.10973779857158661, 0.08745291084051132]"
blur-light,object,852,603,319,0,0.5247089266777039,"[319, 302, 308, 303, 307]","[0.5247089266777039, 0.1419043242931366, 0.0923585444688797, 0.03618330508470535, 0.027517857030034065]"
blur-light,object,853,862,701,0,0.5838761925697327,"[701, 99, 22, 130, 127]","[0.5838761925697327, 0.09708957374095917, 0.0880676805973053, 0.03084666095674038, 0.03010420873761177]"
blur-light,object,854,612,845,0,0.14363764226436615,"[845, 733, 677, 644, 557]","[0.14363764226436615, 0.07230789959430695, 0.06455107033252716, 0.05923798307776451, 0.04157091677188873]"
blur-light,object,855,154,22,0,0.16635434329509735,"[22, 99, 358, 21, 127]","[0.16635434329509735, 0.10972452163696289, 0.07387880235910416, 0.07265854626893997, 0.06331760436296463]"
blur-light,object,856,560,701,0,0.7669395208358765,"[701, 78, 417, 80, 418]","[0.7669395208358765, 0.06072394549846649, 0.03296620398759842, 0.014851836487650871, 0.013620507903397083]"
blur-light,object,857,852,681,0,0.06145939975976944,"[681, 845, 128, 22, 78]","[0.06145939975976944, 0.05804603546857834, 0.05380728840827942, 0.05312829837203026, 0.05225231871008873]"
blur-light,object,858,522,111,0,0.06047826260328293,"[111, 75, 813, 331, 53]","[0.06047826260328293, 0.03575504198670387, 0.024377819150686264, 0.023685751482844353, 0.01867716945707798]"
blur-light,object,859,430,111,0,0.06047826260328293,"[111, 75, 813, 331, 53]","[0.06047826260328293, 0.03575504198670387, 0.024377819150686264, 0.023685751482844353, 0.01867716945707798]"
blur-light,object,860,752,21,0,0.2000240981578827,"[21, 22, 127, 701, 129]","[0.2000240981578827, 0.11008740216493607, 0.07046560943126678, 0.0582369789481163, 0.048355817794799805]"
blur-light,object,861,852,92,0,0.5628475546836853,"[92, 11, 91, 128, 306]","[0.5628475546836853, 0.16988737881183624, 0.01753809303045273, 0.015788640826940536, 0.015060815028846264]"
blur-light,object,862,746,701,0,0.2403712272644043,"[701, 13, 21, 111, 261]","[0.2403712272644043, 0.0636359453201294, 0.034635163843631744, 0.02963491715490818, 0.02890889346599579]"
blur-light,object,863,702,702,1,0.7030235528945923,"[702, 602, 319, 846, 320]","[0.7030235528945923, 0.08522236347198486, 0.049406956881284714, 0.0275893434882164, 0.021633924916386604]"
blur-light,object,864,560,701,0,0.23690171539783478,"[701, 892, 600, 783, 714]","[0.23690171539783478, 0.12358963489532471, 0.08823536336421967, 0.05451519787311554, 0.04778821021318436]"
blur-light,object,865,746,701,0,0.191947340965271,"[701, 13, 111, 87, 326]","[0.191947340965271, 0.04509023204445839, 0.03587127476930618, 0.03040299564599991, 0.019545624032616615]"
blur-light,object,866,430,701,0,0.43573933839797974,"[701, 78, 22, 21, 405]","[0.43573933839797974, 0.042557090520858765, 0.04188200831413269, 0.03252999857068062, 0.02907288633286953]"
blur-light,object,867,450,326,0,0.33472180366516113,"[326, 11, 94, 325, 92]","[0.33472180366516113, 0.2650843858718872, 0.1102353110909462, 0.05988539382815361, 0.04496103897690773]"
blur-light,object,868,890,846,0,0.20035669207572937,"[846, 129, 818, 852, 701]","[0.20035669207572937, 0.07077637314796448, 0.05533542484045029, 0.05263115465641022, 0.04369039088487625]"
blur-light,object,869,746,701,0,0.29029709100723267,"[701, 331, 681, 326, 321]","[0.29029709100723267, 0.06788085401058197, 0.03339659795165062, 0.024086035788059235, 0.01946180872619152]"
blur-light,object,870,560,610,0,0.4291229248046875,"[610, 892, 701, 714, 592]","[0.4291229248046875, 0.07657026499509811, 0.07556021213531494, 0.05386384204030037, 0.04442853853106499]"
blur-light,object,871,752,701,0,0.2930731177330017,"[701, 78, 681, 326, 405]","[0.2930731177330017, 0.06838981062173843, 0.05017152056097984, 0.04548151046037674, 0.03043358027935028]"
blur-light,object,872,702,724,0,0.32351750135421753,"[724, 326, 300, 845, 913]","[0.32351750135421753, 0.12269295752048492, 0.10450958460569382, 0.03436579927802086, 0.03230838105082512]"
blur-light,object,873,160,21,0,0.31933721899986267,"[21, 22, 23, 299, 92]","[0.31933721899986267, 0.07774746417999268, 0.07623322308063507, 0.04599786549806595, 0.04400207847356796]"
blur-light,object,874,430,111,0,0.06047826260328293,"[111, 75, 813, 331, 53]","[0.06047826260328293, 0.03575504198670387, 0.024377819150686264, 0.023685751482844353, 0.01867716945707798]"
blur-light,object,875,430,111,0,0.06047826260328293,"[111, 75, 813, 331, 53]","[0.06047826260328293, 0.03575504198670387, 0.024377819150686264, 0.023685751482844353, 0.01867716945707798]"
blur-light,object,876,499,499,1,0.34470948576927185,"[499, 326, 895, 845, 87]","[0.34470948576927185, 0.27415624260902405, 0.04535895586013794, 0.03851790353655815, 0.036823470145463943]"
blur-light,object,877,418,418,1,0.27324068546295166,"[418, 517, 319, 111, 845]","[0.27324068546295166, 0.09240099787712097, 0.06860160082578659, 0.05193305388092995, 0.03496386483311653]"
blur-light,object,878,849,899,0,0.3506777584552765,"[899, 849, 659, 725, 883]","[0.3506777584552765, 0.3156128227710724, 0.12755632400512695, 0.11996906995773315, 0.009163015522062778]"
blur-light,object,879,899,418,0,0.05701616778969765,"[418, 784, 855, 818, 650]","[0.05701616778969765, 0.04706811159849167, 0.04675811156630516, 0.04149838536977768, 0.04122789949178696]"
blur-light,object,880,963,963,1,0.7197180390357971,"[963, 45, 941, 66, 962]","[0.7197180390357971, 0.01647724211215973, 0.016443554311990738, 0.014297086745500565, 0.013668741099536419]"
blur-light,object,881,956,949,0,0.27270936965942383,"[949, 953, 957, 938, 923]","[0.27270936965942383, 0.18727047741413116, 0.11376134306192398, 0.09743989259004593, 0.05124320834875107]"
blur-light,object,882,961,362,0,0.09837178885936737,"[362, 31, 350, 114, 351]","[0.09837178885936737, 0.08320904523134232, 0.08009141683578491, 0.0780155211687088, 0.046262335032224655]"
blur-light,object,883,786,128,0,0.37612858414649963,"[128, 22, 23, 93, 21]","[0.37612858414649963, 0.15398558974266052, 0.09750763326883316, 0.07568604499101639, 0.026838136836886406]"
blur-light,object,884,440,440,1,0.9553187489509583,"[440, 737, 907, 671, 786]","[0.9553187489509583, 0.023156875744462013, 0.017397573217749596, 0.00047970490413717926, 0.00029911319143138826]"
blur-light,object,885,846,701,0,0.4521767795085907,"[701, 846, 619, 417, 900]","[0.4521767795085907, 0.39917171001434326, 0.09070657193660736, 0.013621793128550053, 0.010231716558337212]"
blur-light,object,886,969,898,0,0.12480714917182922,"[898, 737, 883, 440, 585]","[0.12480714917182922, 0.09860656410455704, 0.09005893766880035, 0.08460310846567154, 0.08224646002054214]"
blur-light,object,887,945,31,0,0.33764180541038513,"[31, 64, 301, 971, 990]","[0.33764180541038513, 0.18270394206047058, 0.12479256093502045, 0.07271093130111694, 0.029702631756663322]"
blur-light,object,888,752,852,0,0.5358480215072632,"[852, 417, 405, 845, 701]","[0.5358480215072632, 0.10167062282562256, 0.07901294529438019, 0.030997615307569504, 0.013262327760457993]"
blur-light,object,889,651,648,0,0.21463175117969513,"[648, 651, 771, 605, 897]","[0.21463175117969513, 0.19038508832454681, 0.09723946452140808, 0.08913023769855499, 0.07546032965183258]"
blur-light,object,890,945,990,0,0.4123159646987915,"[990, 945, 948, 952, 957]","[0.4123159646987915, 0.39045780897140503, 0.10644268989562988, 0.065846286714077, 0.011070933192968369]"
blur-light,object,891,438,626,0,0.34749117493629456,"[626, 898, 907, 844, 499]","[0.34749117493629456, 0.11245820671319962, 0.06983674317598343, 0.05207386612892151, 0.03813018649816513]"
blur-light,object,892,441,773,0,0.15968778729438782,"[773, 604, 899, 572, 417]","[0.15968778729438782, 0.13740816712379456, 0.1324833333492279, 0.07593344151973724, 0.053689971566200256]"
blur-light,object,893,818,97,0,0.32342442870140076,"[97, 15, 326, 632, 321]","[0.32342442870140076, 0.15291453897953033, 0.11552219837903976, 0.09327682107686996, 0.04720417037606239]"
blur-light,object,894,941,952,0,0.9885503649711609,"[952, 113, 956, 941, 988]","[0.9885503649711609, 0.009042641147971153, 0.0007065985701046884, 0.000569016789086163, 0.0003097433946095407]"
blur-light,object,895,711,711,1,0.2745088040828705,"[711, 804, 503, 813, 585]","[0.2745088040828705, 0.14655373990535736, 0.05196799337863922, 0.03939245268702507, 0.02982117235660553]"
blur-light,object,896,152,155,0,0.26230472326278687,"[155, 196, 283, 152, 200]","[0.26230472326278687, 0.16398103535175323, 0.07460150867700577, 0.06584269553422928, 0.06314108520746231]"
blur-light,object,897,996,996,1,0.7773659229278564,"[996, 112, 599, 953, 883]","[0.7773659229278564, 0.01991129107773304, 0.01688644289970398, 0.012296540662646294, 0.012179400771856308]"
blur-light,object,898,898,719,0,0.14707233011722565,"[719, 773, 747, 731, 883]","[0.14707233011722565, 0.09626391530036926, 0.07696413993835449, 0.05363353714346886, 0.053570304065942764]"
blur-light,object,899,441,902,0,0.11982115358114243,"[902, 418, 767, 784, 813]","[0.11982115358114243, 0.10571205615997314, 0.10387492179870605, 0.05799286067485809, 0.04855522885918617]"
blur-light,object,900,953,129,0,0.3318313658237457,"[129, 11, 31, 701, 91]","[0.3318313658237457, 0.08938243240118027, 0.08627378195524216, 0.05847683176398277, 0.04207680746912956]"
blur-light,object,901,505,818,0,0.12722769379615784,"[818, 499, 662, 845, 610]","[0.12722769379615784, 0.1054287925362587, 0.059882473200559616, 0.04150256887078285, 0.03995741531252861]"
blur-light,object,902,773,501,0,0.37701013684272766,"[501, 578, 773, 299, 777]","[0.37701013684272766, 0.05049541965126991, 0.030687659978866577, 0.029594924300909042, 0.028963254764676094]"
blur-light,object,903,942,31,0,0.575509786605835,"[31, 701, 419, 461, 619]","[0.575509786605835, 0.07008984684944153, 0.04618759825825691, 0.033225540071725845, 0.028371460735797882]"
blur-light,object,904,891,650,0,0.20377959311008453,"[650, 581, 811, 681, 401]","[0.20377959311008453, 0.12060065567493439, 0.08269093930721283, 0.054479893296957016, 0.048023905605077744]"
blur-light,object,905,968,725,0,0.45724692940711975,"[725, 968, 505, 899, 849]","[0.45724692940711975, 0.19204138219356537, 0.11021017283201218, 0.07021208852529526, 0.061060864478349686]"
blur-light,object,906,942,52,0,0.2950858771800995,"[52, 64, 114, 55, 59]","[0.2950858771800995, 0.23558157682418823, 0.09097596257925034, 0.06558286398649216, 0.060186173766851425]"
blur-light,object,907,941,849,0,0.12686467170715332,"[849, 883, 73, 117, 748]","[0.12686467170715332, 0.11524927616119385, 0.08901409059762955, 0.053209349513053894, 0.04935889318585396]"
blur-light,object,908,418,494,0,0.6972707509994507,"[494, 699, 418, 767, 784]","[0.6972707509994507, 0.06653483211994171, 0.06018659099936485, 0.051404472440481186, 0.040524568408727646]"
blur-light,object,909,928,112,0,0.25332704186439514,"[112, 81, 728, 203, 127]","[0.25332704186439514, 0.24294337630271912, 0.16022361814975739, 0.048161931335926056, 0.025629814714193344]"
blur-light,object,910,934,59,0,0.34355244040489197,"[59, 64, 55, 111, 404]","[0.34355244040489197, 0.267720490694046, 0.08161813765764236, 0.039504099637269974, 0.02228931523859501]"
blur-light,object,911,968,443,0,0.1434071809053421,"[443, 893, 721, 619, 709]","[0.1434071809053421, 0.09834035485982895, 0.07711531221866608, 0.06819376349449158, 0.06109469756484032]"
blur-light,object,912,923,923,1,0.17286211252212524,"[923, 358, 828, 931, 932]","[0.17286211252212524, 0.10802105069160461, 0.09829229861497879, 0.09586018323898315, 0.07681815326213837]"
blur-light,object,913,194,175,0,0.18490348756313324,"[175, 182, 202, 191, 216]","[0.18490348756313324, 0.14064085483551025, 0.10387349873781204, 0.07482441514730453, 0.06487517058849335]"
blur-light,object,914,927,927,1,0.9922522902488708,"[927, 957, 883, 809, 868]","[0.9922522902488708, 0.0013427675003185868, 0.001113077742047608, 0.0004743744502775371, 0.00040092316339723766]"
blur-light,object,915,686,686,1,0.20228810608386993,"[686, 302, 811, 55, 828]","[0.20228810608386993, 0.13385456800460815, 0.11120568960905075, 0.06528199464082718, 0.053238946944475174]"
blur-light,object,916,737,600,0,0.11437048017978668,"[600, 557, 758, 747, 456]","[0.11437048017978668, 0.0949874222278595, 0.0541033111512661, 0.05340256169438362, 0.04275759309530258]"
blur-light,object,917,849,849,1,0.3783525824546814,"[849, 572, 790, 784, 725]","[0.3783525824546814, 0.1982315182685852, 0.04013724997639656, 0.03982820361852646, 0.039616215974092484]"
blur-light,object,918,855,855,1,0.9477205276489258,"[855, 898, 754, 686, 650]","[0.9477205276489258, 0.01286846213042736, 0.006554876919835806, 0.0053716013208031654, 0.004146345425397158]"
blur-light,object,919,611,320,0,0.16525474190711975,"[320, 319, 141, 623, 628]","[0.16525474190711975, 0.12508532404899597, 0.055454377084970474, 0.04312329739332199, 0.0406247153878212]"
blur-light,object,920,545,545,1,0.9135518670082092,"[545, 650, 87, 855, 828]","[0.9135518670082092, 0.023180242627859116, 0.016422932967543602, 0.012460104189813137, 0.004414194729179144]"
blur-light,object,921,761,592,0,0.10385065525770187,"[592, 600, 892, 763, 818]","[0.10385065525770187, 0.07153203338384628, 0.060959190130233765, 0.05545112118124962, 0.049710992723703384]"
blur-light,object,922,521,714,0,0.4068101644515991,"[714, 521, 818, 828, 618]","[0.4068101644515991, 0.09969436377286911, 0.09833649545907974, 0.07357087731361389, 0.06166324019432068]"
blur-light,object,923,626,701,0,0.21428556740283966,"[701, 326, 742, 626, 405]","[0.21428556740283966, 0.1487596184015274, 0.03936733677983284, 0.03760335594415665, 0.03574502840638161]"
blur-light,object,924,441,701,0,0.4408611059188843,"[701, 42, 317, 315, 40]","[0.4408611059188843, 0.17537297308444977, 0.028764043003320694, 0.02756178379058838, 0.024049628525972366]"
blur-light,object,925,438,503,0,0.28101977705955505,"[503, 899, 438, 572, 859]","[0.28101977705955505, 0.1728156954050064, 0.1240462064743042, 0.07193827629089355, 0.05980638042092323]"
blur-light,object,926,426,426,1,0.6628075242042542,"[426, 409, 778, 892, 826]","[0.6628075242042542, 0.23746547102928162, 0.04442007467150688, 0.0424596443772316, 0.007264044135808945]"
blur-light,object,927,710,701,0,0.30192291736602783,"[701, 92, 31, 301, 94]","[0.30192291736602783, 0.1741456836462021, 0.09555281698703766, 0.07718019187450409, 0.04641106352210045]"
blur-light,object,928,613,613,1,0.29491618275642395,"[613, 920, 846, 763, 448]","[0.29491618275642395, 0.06822614371776581, 0.054002366960048676, 0.05392466112971306, 0.03953400254249573]"
blur-light,object,929,574,952,0,0.13244500756263733,"[952, 90, 988, 852, 11]","[0.13244500756263733, 0.10154882073402405, 0.09979203343391418, 0.08941607922315598, 0.0791463628411293]"
blur-light,object,930,882,316,0,0.5436865091323853,"[316, 319, 889, 315, 776]","[0.5436865091323853, 0.18289713561534882, 0.02334708720445633, 0.017034081742167473, 0.016375159844756126]"
blur-light,object,931,647,647,1,0.2295488715171814,"[647, 592, 572, 132, 845]","[0.2295488715171814, 0.16893619298934937, 0.1015341654419899, 0.06073975935578346, 0.04514721408486366]"
blur-light,object,932,737,737,1,0.8882321119308472,"[737, 440, 898, 907, 411]","[0.8882321119308472, 0.10263790935277939, 0.004076450131833553, 0.0022748576011508703, 0.00046514737186953425]"
blur-light,object,933,963,963,1,0.9088491797447205,"[963, 599, 611, 750, 930]","[0.9088491797447205, 0.05610634386539459, 0.01628267392516136, 0.0012851911596953869, 0.0012019695714116096]"
blur-light,object,934,662,405,0,0.6539443731307983,"[405, 485, 745, 882, 754]","[0.6539443731307983, 0.09600280225276947, 0.029298920184373856, 0.02303449809551239, 0.018131352961063385]"
blur-light,object,935,891,891,1,0.5204230546951294,"[891, 570, 635, 650, 796]","[0.5204230546951294, 0.09340322762727737, 0.06347043812274933, 0.06106902286410332, 0.05361752212047577]"
blur-light,object,936,891,527,0,0.22081629931926727,"[527, 681, 662, 596, 620]","[0.22081629931926727, 0.1448020190000534, 0.11880956590175629, 0.045176468789577484, 0.04310225695371628]"
blur-light,object,937,710,701,0,0.466924250125885,"[701, 42, 22, 315, 448]","[0.466924250125885, 0.2789967358112335, 0.10106953978538513, 0.033492300659418106, 0.01298415195196867]"
blur-light,object,938,188,181,0,0.6120762825012207,"[181, 87, 188, 266, 850]","[0.6120762825012207, 0.11773233115673065, 0.06534655392169952, 0.04846761003136635, 0.0385105237364769]"
blur-light,object,939,503,503,1,0.9458260536193848,"[503, 711, 441, 505, 572]","[0.9458260536193848, 0.016266511753201485, 0.006221255753189325, 0.004493283573538065, 0.004426765721291304]"
blur-light,object,940,849,849,1,0.9567515254020691,"[849, 725, 899, 901, 505]","[0.9567515254020691, 0.03954525291919708, 0.0018786572618409991, 0.0007127397111617029, 0.0003797151439357549]"
blur-light,object,941,968,680,0,0.817587673664093,"[680, 849, 773, 31, 968]","[0.817587673664093, 0.026773199439048767, 0.0194590725004673, 0.017790814861655235, 0.012537759728729725]"
blur-light,object,942,438,996,0,0.14709514379501343,"[996, 434, 431, 956, 999]","[0.14709514379501343, 0.0996461883187294, 0.09025105088949203, 0.04586118087172508, 0.036054644733667374]"
blur-light,object,943,530,530,1,0.5229118466377258,"[530, 662, 742, 916, 520]","[0.5229118466377258, 0.1808890402317047, 0.046345293521881104, 0.03774689882993698, 0.02188025787472725]"
blur-light,object,944,613,613,1,0.9960829019546509,"[613, 818, 882, 570, 827]","[0.9960829019546509, 0.0014405398396775126, 0.000661797821521759, 0.00045132762170396745, 0.00019342228188179433]"
blur-light,object,945,786,786,1,0.5247619152069092,"[786, 688, 782, 742, 681]","[0.5247619152069092, 0.09540724754333496, 0.08512931317090988, 0.05358884111046791, 0.036869872361421585]"
blur-light,object,946,466,405,0,0.39852309226989746,"[405, 404, 895, 143, 845]","[0.39852309226989746, 0.1986381709575653, 0.07483743131160736, 0.06899037212133408, 0.06578826904296875]"
blur-light,object,947,466,701,0,0.2203090935945511,"[701, 405, 900, 146, 499]","[0.2203090935945511, 0.17650160193443298, 0.1201578825712204, 0.10876934975385666, 0.06945839524269104]"
blur-light,object,948,466,818,0,0.39497920870780945,"[818, 499, 418, 448, 324]","[0.39497920870780945, 0.2323037087917328, 0.030746065080165863, 0.021995699033141136, 0.015432341024279594]"
blur-light,object,949,547,547,1,0.6552284359931946,"[547, 900, 662, 404, 742]","[0.6552284359931946, 0.11834035068750381, 0.019682861864566803, 0.018781768158078194, 0.018118441104888916]"
blur-light,object,950,547,845,0,0.4900829792022705,"[845, 127, 87, 89, 132]","[0.4900829792022705, 0.09188692271709442, 0.06376291811466217, 0.03505310043692589, 0.023172087967395782]"
blur-light,object,951,547,626,0,0.06669534742832184,"[626, 754, 628, 418, 662]","[0.06669534742832184, 0.05018758401274681, 0.04450259730219841, 0.04296809807419777, 0.04118455573916435]"
blur-light,object,952,466,146,0,0.806726336479187,"[146, 89, 131, 132, 87]","[0.806726336479187, 0.04832129552960396, 0.03919941931962967, 0.032336242496967316, 0.03170526400208473]"
blur-light,object,953,466,404,0,0.42543911933898926,"[404, 895, 405, 845, 812]","[0.42543911933898926, 0.133949413895607, 0.12793798744678497, 0.11440692842006683, 0.04067343845963478]"
blur-light,object,954,829,900,0,0.1385606825351715,"[900, 495, 453, 705, 829]","[0.1385606825351715, 0.13473957777023315, 0.07765503227710724, 0.07404971867799759, 0.06660335510969162]"
blur-light,object,955,547,510,0,0.662778377532959,"[510, 404, 662, 845, 547]","[0.662778377532959, 0.10500778257846832, 0.030074015259742737, 0.029959456995129585, 0.02735198475420475]"
blur-light,object,956,829,758,0,0.19740049540996552,"[758, 609, 530, 920, 740]","[0.19740049540996552, 0.1499757170677185, 0.07111875712871552, 0.044436659663915634, 0.03889207914471626]"
blur-light,object,957,829,626,0,0.18767784535884857,"[626, 818, 362, 418, 763]","[0.18767784535884857, 0.12318065762519836, 0.061583127826452255, 0.03264905884861946, 0.032380957156419754]"
blur-light,object,958,829,632,0,0.05955123528838158,"[632, 626, 732, 898, 418]","[0.05955123528838158, 0.0541580393910408, 0.03993220254778862, 0.036985497921705246, 0.03464149311184883]"
blur-light,object,959,820,820,1,0.6917489171028137,"[820, 87, 80, 758, 812]","[0.6917489171028137, 0.16048748791217804, 0.03713275492191315, 0.016128402203321457, 0.007651436608284712]"
blur-light,object,960,820,87,0,0.9914616346359253,"[87, 136, 80, 802, 770]","[0.9914616346359253, 0.0020632846280932426, 0.0008413682808168232, 0.0006312780897133052, 0.0004195684741716832]"
blur-light,object,961,829,705,0,0.12281951308250427,"[705, 402, 404, 517, 660]","[0.12281951308250427, 0.06483123451471329, 0.04660440608859062, 0.04613002389669418, 0.044357988983392715]"
blur-light,object,962,820,308,0,0.17163488268852234,"[308, 139, 31, 319, 78]","[0.17163488268852234, 0.08687247335910797, 0.06632111966609955, 0.06370201706886292, 0.040513403713703156]"
blur-light,object,963,829,464,0,0.3978325426578522,"[464, 425, 900, 710, 791]","[0.3978325426578522, 0.2791062295436859, 0.07594092190265656, 0.03813585266470909, 0.024947455152869225]"
blur-light,object,964,829,530,0,0.11538583040237427,"[530, 784, 662, 674, 803]","[0.11538583040237427, 0.07984071969985962, 0.07857906818389893, 0.04071798548102379, 0.02877815067768097]"
blur-light,object,965,829,404,0,0.1607547402381897,"[404, 592, 751, 407, 662]","[0.1607547402381897, 0.10789002478122711, 0.07147558778524399, 0.06893526017665863, 0.051480114459991455]"
blur-light,object,966,820,610,0,0.1674632728099823,"[610, 592, 605, 507, 920]","[0.1674632728099823, 0.10478195548057556, 0.05513349175453186, 0.04521799460053444, 0.03545283526182175]"
blur-light,object,967,829,530,0,0.09602531045675278,"[530, 845, 813, 900, 907]","[0.09602531045675278, 0.052576541900634766, 0.04298922419548035, 0.038948990404605865, 0.036023471504449844]"
blur-light,object,968,102,102,1,0.2458103895187378,"[102, 135, 337, 21, 87]","[0.2458103895187378, 0.13659727573394775, 0.11035989969968796, 0.055465035140514374, 0.048754289746284485]"
blur-light,object,969,850,47,0,0.43675658106803894,"[47, 42, 43, 94, 850]","[0.43675658106803894, 0.19314400851726532, 0.030149798840284348, 0.027157381176948547, 0.022960394620895386]"
blur-light,object,970,850,850,1,0.7585439085960388,"[850, 325, 417, 326, 87]","[0.7585439085960388, 0.09003116935491562, 0.051438916474580765, 0.03328622877597809, 0.030833441764116287]"
blur-light,object,971,539,42,0,0.4206083416938782,"[42, 47, 94, 701, 496]","[0.4206083416938782, 0.3116498589515686, 0.030113624408841133, 0.029492277652025223, 0.02208724059164524]"
blur-light,object,972,374,715,0,0.09200385212898254,"[715, 818, 22, 21, 650]","[0.09200385212898254, 0.08595828711986542, 0.0818355455994606, 0.060356419533491135, 0.05943581089377403]"
blur-light,object,973,601,21,0,0.6669657230377197,"[21, 601, 23, 92, 86]","[0.6669657230377197, 0.16967132687568665, 0.07231201976537704, 0.013221824541687965, 0.012239774689078331]"
blur-light,object,974,929,701,0,0.5247768759727478,"[701, 21, 895, 94, 22]","[0.5247768759727478, 0.12308159470558167, 0.0835099071264267, 0.05493484437465668, 0.031518127769231796]"
blur-light,object,975,203,87,0,0.2648288905620575,"[87, 203, 204, 190, 212]","[0.2648288905620575, 0.2191358506679535, 0.18552327156066895, 0.13298045098781586, 0.022072579711675644]"
blur-light,object,976,532,701,0,0.7430099844932556,"[701, 541, 420, 722, 777]","[0.7430099844932556, 0.03348645940423012, 0.02912190929055214, 0.01423987653106451, 0.012383470311760902]"
blur-light,object,977,153,153,1,0.7808929085731506,"[153, 266, 204, 203, 190]","[0.7808929085731506, 0.07569204270839691, 0.02208508551120758, 0.02135922946035862, 0.01838732697069645]"
blur-light,object,978,733,733,1,0.3972437381744385,"[733, 557, 872, 600, 456]","[0.3972437381744385, 0.10116272419691086, 0.0770455002784729, 0.04703933745622635, 0.04361103102564812]"
blur-light,object,979,363,326,0,0.1549920290708542,"[326, 312, 314, 318, 307]","[0.1549920290708542, 0.12572386860847473, 0.08406215161085129, 0.07721100747585297, 0.05731014907360077]"
blur-light,object,980,674,674,1,0.421976238489151,"[674, 895, 511, 120, 510]","[0.421976238489151, 0.1485932320356369, 0.04848121479153633, 0.0215335451066494, 0.01796482503414154]"
blur-light,object,981,778,701,0,0.10885108262300491,"[701, 662, 999, 132, 499]","[0.10885108262300491, 0.1054162010550499, 0.09182970970869064, 0.0801146999001503, 0.04524201899766922]"
blur-light,object,982,765,619,0,0.10154254734516144,"[619, 496, 419, 883, 748]","[0.10154254734516144, 0.08666712045669556, 0.06313350051641464, 0.03997064754366875, 0.038677334785461426]"
blur-light,object,983,161,94,0,0.1610712707042694,"[94, 162, 22, 13, 10]","[0.1610712707042694, 0.10847621411085129, 0.09302730113267899, 0.08612886816263199, 0.055360808968544006]"
blur-light,object,984,539,285,0,0.3578988015651703,"[285, 281, 282, 129, 126]","[0.3578988015651703, 0.12477149069309235, 0.11533073335886002, 0.05679861456155777, 0.023382999002933502]"
blur-light,object,985,999,132,0,0.5923590660095215,"[132, 89, 143, 592, 144]","[0.5923590660095215, 0.11653823405504227, 0.08678516745567322, 0.042509716004133224, 0.03163361921906471]"
blur-light,object,986,715,89,0,0.4787146747112274,"[89, 679, 326, 22, 758]","[0.4787146747112274, 0.22913147509098053, 0.11012642085552216, 0.050734858959913254, 0.014530830085277557]"
blur-light,object,987,153,87,0,0.9951387643814087,"[87, 356, 89, 153, 359]","[0.9951387643814087, 0.0012911667581647635, 0.000774255720898509, 0.0005192419630475342, 0.000449979241238907]"
blur-light,object,988,161,161,1,0.5555768609046936,"[161, 87, 215, 217, 212]","[0.5555768609046936, 0.10777097940444946, 0.06310305744409561, 0.045292630791664124, 0.040240321308374405]"
blur-light,object,989,543,600,0,0.21989299356937408,"[600, 897, 892, 632, 771]","[0.21989299356937408, 0.1153196170926094, 0.08709771931171417, 0.07592720538377762, 0.049615003168582916]"
blur-light,object,990,161,22,0,0.28218114376068115,"[22, 132, 326, 701, 89]","[0.28218114376068115, 0.11215873062610626, 0.05595160648226738, 0.05338440090417862, 0.030763335525989532]"
blur-light,object,991,849,849,1,0.1546124666929245,"[849, 899, 560, 773, 504]","[0.1546124666929245, 0.13535816967487335, 0.10787834227085114, 0.08400436490774155, 0.05263053998351097]"
blur-light,object,992,422,895,0,0.24840646982192993,"[895, 143, 404, 157, 783]","[0.24840646982192993, 0.17981819808483124, 0.09916630387306213, 0.07903964072465897, 0.07062037289142609]"
blur-light,object,993,157,13,0,0.2187262326478958,"[13, 249, 284, 250, 157]","[0.2187262326478958, 0.16925016045570374, 0.1483251005411148, 0.09482908248901367, 0.05319114401936531]"
blur-light,object,994,193,182,0,0.16310569643974304,"[182, 186, 261, 281, 185]","[0.16310569643974304, 0.15970675647258759, 0.11717896163463593, 0.09682511538267136, 0.09439104795455933]"
blur-light,object,995,728,90,0,0.1720961481332779,"[90, 701, 64, 55, 767]","[0.1720961481332779, 0.16456349194049835, 0.09007348865270615, 0.08115923404693604, 0.055165670812129974]"
blur-light,object,996,201,94,0,0.5082852840423584,"[94, 127, 196, 112, 285]","[0.5082852840423584, 0.05061175301671028, 0.04645538702607155, 0.03815110772848129, 0.023634903132915497]"
blur-light,object,997,174,281,0,0.19708356261253357,"[281, 198, 196, 285, 174]","[0.19708356261253357, 0.15605588257312775, 0.15446843206882477, 0.1283685564994812, 0.08323527127504349]"
blur-light,object,998,171,16,0,0.627514123916626,"[16, 23, 94, 87, 21]","[0.627514123916626, 0.08447632193565369, 0.07512011379003525, 0.06085820496082306, 0.040532998740673065]"
blur-light,object,999,161,94,0,0.5356672406196594,"[94, 161, 195, 162, 164]","[0.5356672406196594, 0.09652282297611237, 0.06380967795848846, 0.05732307210564613, 0.026742754504084587]"
blur-light,object,1000,882,882,1,0.3982182741165161,"[882, 790, 417, 701, 784]","[0.3982182741165161, 0.20190246403217316, 0.07939665764570236, 0.03732352703809738, 0.019814589992165565]"
blur-light,object,1001,199,252,0,0.3806300461292267,"[252, 22, 23, 199, 369]","[0.3806300461292267, 0.1370316594839096, 0.08696217834949493, 0.07816850394010544, 0.03561634197831154]"
blur-light,object,1002,226,226,1,0.24338559806346893,"[226, 182, 184, 163, 175]","[0.24338559806346893, 0.23529662191867828, 0.06822120398283005, 0.04982076957821846, 0.03963585942983627]"
blur-light,object,1003,559,559,1,0.6291681528091431,"[559, 303, 307, 302, 75]","[0.6291681528091431, 0.09474906325340271, 0.025578990578651428, 0.02514769695699215, 0.024101395159959793]"
blur-light,object,1004,532,557,0,0.1964479386806488,"[557, 596, 456, 733, 146]","[0.1964479386806488, 0.0829765647649765, 0.07734502106904984, 0.07061046361923218, 0.06112037971615791]"
blur-light,object,1005,882,759,0,0.11633391678333282,"[759, 622, 597, 626, 632]","[0.11633391678333282, 0.0933590680360794, 0.09183753281831741, 0.09130892902612686, 0.08726613223552704]"
blur-light,object,1006,174,93,0,0.13821139931678772,"[93, 21, 275, 350, 23]","[0.13821139931678772, 0.12571467459201813, 0.0632774829864502, 0.048388443887233734, 0.040508169680833817]"
blur-light,object,1007,86,86,1,0.9558181762695312,"[86, 82, 99, 21, 129]","[0.9558181762695312, 0.03124522790312767, 0.0035080285742878914, 0.0011864016996696591, 0.0011567125329747796]"
blur-light,object,1008,178,178,1,0.15600745379924774,"[178, 216, 356, 23, 129]","[0.15600745379924774, 0.13439080119132996, 0.11515770852565765, 0.0955420434474945, 0.0626191720366478]"
blur-light,object,1009,252,81,0,0.31029757857322693,"[81, 94, 80, 196, 584]","[0.31029757857322693, 0.13114114105701447, 0.06364570558071136, 0.06114090979099274, 0.054176781326532364]"
blur-light,object,1010,156,356,0,0.35309353470802307,"[356, 221, 94, 22, 13]","[0.35309353470802307, 0.16252116858959198, 0.09225615113973618, 0.0637134313583374, 0.03808765113353729]"
blur-light,object,1011,208,89,0,0.29728949069976807,"[89, 13, 21, 31, 141]","[0.29728949069976807, 0.11587648093700409, 0.09723546355962753, 0.05481112748384476, 0.04775408282876015]"
blur-light,object,1012,543,701,0,0.1029493436217308,"[701, 600, 21, 23, 89]","[0.1029493436217308, 0.09425295144319534, 0.09371329843997955, 0.0917055681347847, 0.06970200687646866]"
blur-light,object,1013,444,15,0,0.3112327754497528,"[15, 326, 93, 895, 80]","[0.3112327754497528, 0.12737229466438293, 0.08209692686796188, 0.04477529227733612, 0.028403880074620247]"
blur-light,object,1014,823,617,0,0.7732236385345459,"[617, 434, 863, 132, 568]","[0.7732236385345459, 0.03528492897748947, 0.02327343262732029, 0.020002543926239014, 0.014816663227975368]"
blur-light,object,1015,841,496,0,0.2583749294281006,"[496, 608, 461, 615, 723]","[0.2583749294281006, 0.06189128756523132, 0.04107033461332321, 0.03528238832950592, 0.03135453909635544]"
blur-light,object,1016,581,485,0,0.1276831328868866,"[485, 511, 53, 754, 531]","[0.1276831328868866, 0.08886075019836426, 0.08812384307384491, 0.0864751785993576, 0.0746687799692154]"
blur-light,object,1017,601,92,0,0.253152459859848,"[92, 127, 325, 701, 132]","[0.253152459859848, 0.24734149873256683, 0.07422623038291931, 0.05914761871099472, 0.05693207308650017]"
blur-light,object,1018,857,143,0,0.12349536269903183,"[143, 31, 22, 141, 136]","[0.12349536269903183, 0.11902716010808945, 0.0635092481970787, 0.06120429188013077, 0.060862619429826736]"
blur-light,object,1019,822,610,0,0.13203005492687225,"[610, 405, 701, 845, 783]","[0.13203005492687225, 0.06901955604553223, 0.042254455387592316, 0.040776122361421585, 0.030950304120779037]"
blur-light,object,1020,543,600,0,0.10223205387592316,"[600, 701, 897, 852, 892]","[0.10223205387592316, 0.05759140104055405, 0.040272314101457596, 0.03886839374899864, 0.03549647703766823]"
blur-light,object,1021,559,701,0,0.39876821637153625,"[701, 326, 559, 456, 727]","[0.39876821637153625, 0.30113670229911804, 0.10666161775588989, 0.07166197150945663, 0.02043757028877735]"
blur-light,object,1022,863,683,0,0.5791769623756409,"[683, 863, 645, 538, 600]","[0.5791769623756409, 0.06215916946530342, 0.048555903136730194, 0.038640767335891724, 0.03154919669032097]"
blur-light,object,1023,486,701,0,0.4993439018726349,"[701, 600, 989, 22, 78]","[0.4993439018726349, 0.05937502905726433, 0.04752308502793312, 0.041947659105062485, 0.03209295868873596]"
blur-light,object,1024,450,64,0,0.2825022041797638,"[64, 319, 674, 11, 817]","[0.2825022041797638, 0.08395850658416748, 0.0794181078672409, 0.0659690797328949, 0.049380432814359665]"
blur-light,object,1025,615,677,0,0.27940836548805237,"[677, 128, 783, 127, 99]","[0.27940836548805237, 0.19040116667747498, 0.060239702463150024, 0.04930007457733154, 0.04838517680764198]"
blur-light,object,1026,579,579,1,0.3234005272388458,"[579, 872, 920, 494, 895]","[0.3234005272388458, 0.12907707691192627, 0.05770493671298027, 0.05601505562663078, 0.039972491562366486]"
blur-light,object,1027,790,312,0,0.43115752935409546,"[312, 314, 92, 315, 319]","[0.43115752935409546, 0.12004024535417557, 0.08289395272731781, 0.07708136737346649, 0.07053787261247635]"
blur-light,object,1028,160,22,0,0.13327497243881226,"[22, 13, 87, 128, 80]","[0.13327497243881226, 0.11624827235937119, 0.11122433096170425, 0.10093864053487778, 0.09389907121658325]"
blur-light,object,1029,422,92,0,0.11370663344860077,"[92, 845, 78, 895, 15]","[0.11370663344860077, 0.09273900091648102, 0.056302234530448914, 0.05416480079293251, 0.053724221885204315]"
blur-light,object,1030,882,80,0,0.1765054315328598,"[80, 326, 306, 701, 895]","[0.1765054315328598, 0.1536978781223297, 0.09928430616855621, 0.09047236293554306, 0.052336469292640686]"
blur-light,object,1031,608,608,1,0.4907168447971344,"[608, 499, 749, 777, 792]","[0.4907168447971344, 0.038237314671278, 0.03814120218157768, 0.0284078661352396, 0.026422839611768723]"
blur-light,object,1032,489,777,0,0.09550048410892487,"[777, 540, 517, 812, 683]","[0.09550048410892487, 0.09339726716279984, 0.08483828604221344, 0.03890307620167732, 0.034093502908945084]"
blur-light,object,1033,212,10,0,0.21442048251628876,"[10, 298, 94, 112, 42]","[0.21442048251628876, 0.1369275152683258, 0.06646662950515747, 0.06110260263085365, 0.049762316048145294]"
blur-light,object,1034,145,81,0,0.19890053570270538,"[81, 22, 127, 308, 139]","[0.19890053570270538, 0.10042417049407959, 0.09715739637613297, 0.07993778586387634, 0.06259405612945557]"
blur-light,object,1035,103,78,0,0.258176326751709,"[78, 90, 21, 103, 137]","[0.258176326751709, 0.2019186019897461, 0.16361165046691895, 0.06855857372283936, 0.02363545447587967]"
blur-light,object,1036,148,127,0,0.2566680610179901,"[127, 146, 128, 21, 132]","[0.2566680610179901, 0.1881035566329956, 0.1780610978603363, 0.0880807563662529, 0.039246100932359695]"
blur-light,object,1037,149,5,0,0.3392147123813629,"[5, 701, 325, 132, 113]","[0.3392147123813629, 0.08601567149162292, 0.047832079231739044, 0.04156024381518364, 0.04131495580077171]"
blur-light,object,1038,103,94,0,0.2172040194272995,"[94, 141, 818, 308, 92]","[0.2172040194272995, 0.19491854310035706, 0.06335070729255676, 0.04538234695792198, 0.04440325126051903]"
blur-light,object,1039,148,18,0,0.27185407280921936,"[18, 127, 895, 128, 143]","[0.27185407280921936, 0.1922263205051422, 0.13567015528678894, 0.07498307526111603, 0.05620500445365906]"
blur-light,object,1040,148,127,0,0.4756655693054199,"[127, 143, 21, 16, 18]","[0.4756655693054199, 0.15430527925491333, 0.11118434369564056, 0.02655142731964588, 0.025486575439572334]"
blur-light,object,1041,148,141,0,0.08827158063650131,"[141, 305, 84, 89, 23]","[0.08827158063650131, 0.08052932471036911, 0.07474356144666672, 0.07331962883472443, 0.05568248778581619]"
blur-light,object,1042,983,300,0,0.4271852672100067,"[300, 584, 701, 14, 71]","[0.4271852672100067, 0.11495967209339142, 0.10282576084136963, 0.08077584952116013, 0.051098305732011795]"
blur-light,object,1043,842,90,0,0.32025521993637085,"[90, 701, 14, 136, 971]","[0.32025521993637085, 0.3084346652030945, 0.2623206377029419, 0.04227576404809952, 0.011706618592143059]"
blur-light,object,1044,1,129,0,0.19436679780483246,"[129, 132, 315, 89, 94]","[0.19436679780483246, 0.11629016697406769, 0.10004562884569168, 0.09608191251754761, 0.06338313966989517]"
blur-light,object,1045,36,42,0,0.5195100903511047,"[42, 94, 139, 73, 47]","[0.5195100903511047, 0.21134425699710846, 0.02449781633913517, 0.018716538324952126, 0.016336098313331604]"
blur-light,object,1046,155,196,0,0.21246394515037537,"[196, 155, 198, 202, 358]","[0.21246394515037537, 0.10559145361185074, 0.07908223569393158, 0.078389473259449, 0.05679745972156525]"
blur-light,object,1047,148,21,0,0.27486100792884827,"[21, 127, 22, 23, 144]","[0.27486100792884827, 0.14700649678707123, 0.09366705268621445, 0.06427593529224396, 0.04404251649975777]"
blur-light,object,1048,148,14,0,0.36299630999565125,"[14, 88, 132, 146, 150]","[0.36299630999565125, 0.10122845321893692, 0.0945233479142189, 0.06270688772201538, 0.05829549580812454]"
blur-light,object,1049,822,783,0,0.12936212122440338,"[783, 453, 846, 845, 696]","[0.12936212122440338, 0.08188942819833755, 0.08049039542675018, 0.062685027718544, 0.05694694072008133]"
blur-light,object,1050,842,763,0,0.14107610285282135,"[763, 22, 21, 127, 23]","[0.14107610285282135, 0.12608517706394196, 0.1255447417497635, 0.12183890491724014, 0.06612659245729446]"
blur-light,object,1051,150,13,0,0.608977735042572,"[13, 143, 16, 21, 137]","[0.608977735042572, 0.08657147735357285, 0.0686899721622467, 0.042347490787506104, 0.03339993208646774]"
blur-light,object,1052,148,131,0,0.43143898248672485,"[131, 134, 144, 146, 18]","[0.43143898248672485, 0.10345000773668289, 0.09487088024616241, 0.07265038788318634, 0.05457247048616409]"
blur-light,object,1053,420,420,1,0.5887821912765503,"[420, 87, 818, 828, 53]","[0.5887821912765503, 0.038153573870658875, 0.027826545760035515, 0.023241812363266945, 0.01872400753200054]"
blur-light,object,1054,932,701,0,0.3865475654602051,"[701, 90, 11, 12, 301]","[0.3865475654602051, 0.22835490107536316, 0.03957148268818855, 0.03878852725028992, 0.03669336065649986]"
blur-light,object,1055,862,494,0,0.2122785747051239,"[494, 701, 127, 22, 846]","[0.2122785747051239, 0.07929124683141708, 0.05737277492880821, 0.04957184940576553, 0.04265860095620155]"
blur-light,object,1056,964,90,0,0.23945322632789612,"[90, 852, 113, 990, 701]","[0.23945322632789612, 0.11244802922010422, 0.06880447268486023, 0.05502662435173988, 0.04418769106268883]"
blur-light,object,1057,76,78,0,0.22105427086353302,"[78, 75, 895, 701, 22]","[0.22105427086353302, 0.08071094751358032, 0.05554265156388283, 0.05331044644117355, 0.05215669423341751]"
blur-light,object,1058,563,418,0,0.22746556997299194,"[418, 557, 127, 128, 784]","[0.22746556997299194, 0.11714977771043777, 0.11080966144800186, 0.07854510843753815, 0.055380240082740784]"
blur-light,object,1059,329,701,0,0.32321348786354065,"[701, 64, 405, 42, 55]","[0.32321348786354065, 0.23452962934970856, 0.06996197998523712, 0.05230887979269028, 0.030473431572318077]"
blur-light,object,1060,928,16,0,0.28999337553977966,"[16, 321, 87, 21, 81]","[0.28999337553977966, 0.14933276176452637, 0.06330478191375732, 0.052705250680446625, 0.048576030880212784]"
blur-light,object,1061,420,319,0,0.3027888238430023,"[319, 42, 420, 318, 111]","[0.3027888238430023, 0.2942175567150116, 0.14725594222545624, 0.05764322355389595, 0.029943834990262985]"
blur-light,object,1062,45,111,0,0.051849573850631714,"[111, 78, 405, 852, 845]","[0.051849573850631714, 0.04893726855516434, 0.04140973836183548, 0.037283677607774734, 0.03680465370416641]"
blur-light,object,1063,963,701,0,0.4287245571613312,"[701, 94, 42, 846, 308]","[0.4287245571613312, 0.14529556035995483, 0.07845773547887802, 0.07219845801591873, 0.020087389275431633]"
blur-light,object,1064,17,23,0,0.19079050421714783,"[23, 17, 22, 92, 128]","[0.19079050421714783, 0.10224148631095886, 0.0875842347741127, 0.07430711388587952, 0.04971925541758537]"
blur-light,object,1065,420,538,0,0.24438878893852234,"[538, 146, 420, 818, 701]","[0.24438878893852234, 0.11735332757234573, 0.10407503694295883, 0.07946106791496277, 0.07217232882976532]"
blur-light,object,1066,737,701,0,0.28223279118537903,"[701, 767, 845, 902, 418]","[0.28223279118537903, 0.055288251489400864, 0.04521891847252846, 0.04129517823457718, 0.032009925693273544]"
blur-light,object,1067,420,22,0,0.24499979615211487,"[22, 420, 127, 132, 701]","[0.24499979615211487, 0.16902558505535126, 0.14466848969459534, 0.10035181045532227, 0.0631067231297493]"
blur-light,object,1068,513,895,0,0.38262197375297546,"[895, 845, 610, 300, 405]","[0.38262197375297546, 0.11076512932777405, 0.07701440155506134, 0.05287189781665802, 0.05027823522686958]"
blur-light,object,1069,27,22,0,0.21044491231441498,"[22, 701, 92, 11, 94]","[0.21044491231441498, 0.19002597033977509, 0.07165075838565826, 0.06473575532436371, 0.051385730504989624]"
blur-light,object,1070,420,91,0,0.20569632947444916,"[91, 21, 319, 127, 22]","[0.20569632947444916, 0.14487099647521973, 0.0907418429851532, 0.07981796562671661, 0.06517782807350159]"
blur-light,object,1071,186,94,0,0.11724282801151276,"[94, 356, 701, 42, 12]","[0.11724282801151276, 0.0922672301530838, 0.07870583981275558, 0.0666019394993782, 0.05684521794319153]"
blur-light,object,1072,305,22,0,0.2020365595817566,"[22, 305, 21, 308, 80]","[0.2020365595817566, 0.10024061053991318, 0.06831149756908417, 0.06189294531941414, 0.0614561066031456]"
blur-light,object,1073,27,22,0,0.2263764590024948,"[22, 701, 42, 78, 11]","[0.2263764590024948, 0.20937079191207886, 0.13709034025669098, 0.04438053444027901, 0.03831259906291962]"
blur-light,object,1074,681,594,0,0.9936282634735107,"[594, 94, 462, 882, 92]","[0.9936282634735107, 0.001184548600576818, 0.0007228251197375357, 0.0004857294843532145, 0.00035277975257486105]"
blur-light,object,1075,790,790,1,0.7561942338943481,"[790, 326, 312, 419, 572]","[0.7561942338943481, 0.0267452634871006, 0.021119043231010437, 0.01725771650671959, 0.013314254581928253]"
blur-light,object,1076,679,141,0,0.6338426470756531,"[141, 326, 139, 319, 140]","[0.6338426470756531, 0.09039120376110077, 0.04647906869649887, 0.031022118404507637, 0.027671171352267265]"
blur-light,object,1077,441,855,0,0.3247225284576416,"[855, 572, 846, 907, 418]","[0.3247225284576416, 0.054496120661497116, 0.04666299372911453, 0.04528221860527992, 0.025081617757678032]"
blur-light,object,1078,929,405,0,0.4762633442878723,"[405, 701, 13, 132, 80]","[0.4762633442878723, 0.10761412233114243, 0.06717109680175781, 0.049441415816545486, 0.024991923943161964]"
blur-light,object,1079,87,87,1,0.9771909713745117,"[87, 21, 86, 22, 23]","[0.9771909713745117, 0.004862245637923479, 0.0028703424613922834, 0.00231300201267004, 0.0022116750478744507]"
blur-light,object,1080,268,13,0,0.27469602227211,"[13, 21, 23, 22, 87]","[0.27469602227211, 0.182478129863739, 0.10793783515691757, 0.0741729885339737, 0.0719442144036293]"
blur-light,object,1081,882,132,0,0.19484823942184448,"[132, 146, 129, 144, 127]","[0.19484823942184448, 0.19248215854167938, 0.11625625193119049, 0.0719655305147171, 0.06420561671257019]"
blur-light,object,1082,320,319,0,0.340625137090683,"[319, 320, 78, 308, 300]","[0.340625137090683, 0.24100510776042938, 0.10680176317691803, 0.05538187548518181, 0.05462683364748955]"
blur-light,object,1083,621,11,0,0.13427314162254333,"[11, 701, 758, 92, 889]","[0.13427314162254333, 0.12121235579252243, 0.08031292259693146, 0.06467323005199432, 0.05191081762313843]"
blur-light,object,1084,202,358,0,0.25717368721961975,"[358, 356, 359, 170, 336]","[0.25717368721961975, 0.22576142847537994, 0.16131027042865753, 0.06739101558923721, 0.04252032935619354]"
blur-light,object,1085,430,22,0,0.3719436228275299,"[22, 701, 405, 971, 78]","[0.3719436228275299, 0.21156682074069977, 0.06405331194400787, 0.02660437300801277, 0.026531880721449852]"
blur-light,object,1086,157,89,0,0.2854683995246887,"[89, 127, 81, 22, 99]","[0.2854683995246887, 0.11150822788476944, 0.09362491220235825, 0.08623996376991272, 0.07609815895557404]"
blur-light,object,1087,733,132,0,0.4661225974559784,"[132, 733, 845, 557, 111]","[0.4661225974559784, 0.054737213999032974, 0.0401541031897068, 0.029133522883057594, 0.028292600065469742]"
blur-light,object,1088,765,141,0,0.4122438430786133,"[141, 326, 319, 307, 87]","[0.4122438430786133, 0.39821115136146545, 0.01778867281973362, 0.016379116103053093, 0.012269462458789349]"
blur-light,object,1089,231,216,0,0.15800359845161438,"[216, 21, 13, 185, 22]","[0.15800359845161438, 0.1187114492058754, 0.08567900210618973, 0.08419018238782883, 0.07080436497926712]"
blur-light,object,1090,602,320,0,0.5782217383384705,"[320, 845, 319, 92, 664]","[0.5782217383384705, 0.18909583985805511, 0.02605830878019333, 0.020809641107916832, 0.019101610407233238]"
blur-light,object,1091,208,11,0,0.3944503366947174,"[11, 22, 31, 10, 129]","[0.3944503366947174, 0.20425227284431458, 0.10851026326417923, 0.08977682143449783, 0.057722654193639755]"
blur-light,object,1092,792,668,0,0.5064396858215332,"[668, 538, 420, 733, 724]","[0.5064396858215332, 0.058281756937503815, 0.04743649438023567, 0.037510860711336136, 0.03640656918287277]"
blur-light,object,1093,621,895,0,0.2542901933193207,"[895, 75, 300, 319, 321]","[0.2542901933193207, 0.18055106699466705, 0.0735870972275734, 0.056923605501651764, 0.03038213402032852]"
blur-light,object,1094,765,845,0,0.34176164865493774,"[845, 326, 557, 120, 784]","[0.34176164865493774, 0.05324619635939598, 0.03186165541410446, 0.029434749856591225, 0.02874576300382614]"
blur-light,object,1095,177,170,0,0.5268805623054504,"[170, 177, 307, 76, 354]","[0.5268805623054504, 0.10641021281480789, 0.10023311525583267, 0.051216039806604385, 0.03330073133111]"
blur-light,object,1096,199,199,1,0.48162227869033813,"[199, 192, 196, 233, 226]","[0.48162227869033813, 0.15362407267093658, 0.13351255655288696, 0.035934653133153915, 0.0351964570581913]"
blur-light,object,1097,645,733,0,0.18648561835289001,"[733, 557, 701, 600, 494]","[0.18648561835289001, 0.10126524418592453, 0.0705518051981926, 0.06449240446090698, 0.03349969536066055]"
blur-light,object,1098,199,170,0,0.5331602692604065,"[170, 196, 177, 198, 233]","[0.5331602692604065, 0.10173464566469193, 0.08339463919401169, 0.06883001327514648, 0.06500500440597534]"
blur-light,object,1099,170,272,0,0.49419456720352173,"[272, 280, 331, 13, 277]","[0.49419456720352173, 0.1001371294260025, 0.09951479732990265, 0.08553966879844666, 0.03758162632584572]"
blur-light,object,1100,880,448,0,0.15652644634246826,"[448, 863, 538, 677, 321]","[0.15652644634246826, 0.055912554264068604, 0.03515414148569107, 0.03141413629055023, 0.029044639319181442]"
blur-light,object,1101,188,298,0,0.8018749356269836,"[298, 336, 356, 382, 11]","[0.8018749356269836, 0.09945893287658691, 0.01938091404736042, 0.018420984968543053, 0.01571590267121792]"
blur-light,object,1102,621,22,0,0.3942449390888214,"[22, 812, 895, 326, 701]","[0.3942449390888214, 0.0676342099905014, 0.06296631693840027, 0.0590168759226799, 0.05059461295604706]"
blur-light,object,1103,170,87,0,0.30228498578071594,"[87, 13, 21, 131, 127]","[0.30228498578071594, 0.1877727061510086, 0.05877591669559479, 0.05849190428853035, 0.056205589324235916]"
blur-light,object,1104,250,87,0,0.7100883722305298,"[87, 89, 22, 21, 356]","[0.7100883722305298, 0.23439420759677887, 0.020717544481158257, 0.01716216839849949, 0.0046830247156322]"
blur-light,object,1105,354,64,0,0.18346984684467316,"[64, 42, 55, 141, 12]","[0.18346984684467316, 0.1672085076570511, 0.09833890944719315, 0.0979699045419693, 0.07101984322071075]"
blur-light,object,1106,522,78,0,0.062467608600854874,"[78, 701, 681, 13, 80]","[0.062467608600854874, 0.05048190429806709, 0.038065966218709946, 0.03722689300775528, 0.03477625176310539]"
blur-light,object,1107,267,22,0,0.537885308265686,"[22, 89, 155, 204, 21]","[0.537885308265686, 0.10352177917957306, 0.0804615393280983, 0.07073656469583511, 0.04967578873038292]"
blur-light,object,1108,945,301,0,0.34597277641296387,"[301, 949, 989, 945, 584]","[0.34597277641296387, 0.1357267200946808, 0.07077758014202118, 0.04963718354701996, 0.04697013646364212]"
blur-light,object,1109,340,135,0,0.24462094902992249,"[135, 141, 22, 127, 701]","[0.24462094902992249, 0.1732119619846344, 0.12728354334831238, 0.08902031928300858, 0.04844305291771889]"
blur-light,object,1110,772,600,0,0.49535295367240906,"[600, 772, 920, 681, 892]","[0.49535295367240906, 0.0889829769730568, 0.042598187923431396, 0.0375860296189785, 0.029011594131588936]"
blur-light,object,1111,137,16,0,0.23426967859268188,"[16, 13, 20, 141, 138]","[0.23426967859268188, 0.1302100270986557, 0.11602722108364105, 0.10029508918523788, 0.08361790329217911]"
blur-light,object,1112,212,78,0,0.12788821756839752,"[78, 22, 701, 89, 73]","[0.12788821756839752, 0.08767450600862503, 0.07214412093162537, 0.04552491009235382, 0.04289986193180084]"
blur-light,object,1113,727,727,1,0.8994629979133606,"[727, 900, 701, 668, 538]","[0.8994629979133606, 0.01846296340227127, 0.01744772307574749, 0.01676018349826336, 0.01335268933326006]"
blur-light,object,1114,491,141,0,0.11186341196298599,"[141, 701, 94, 319, 845]","[0.11186341196298599, 0.07506825029850006, 0.0739840418100357, 0.06020386517047882, 0.04671747237443924]"
blur-light,object,1115,707,701,0,0.5686257481575012,"[701, 405, 143, 326, 895]","[0.5686257481575012, 0.04828830435872078, 0.02896341122686863, 0.02680438570678234, 0.022872235625982285]"
blur-light,object,1116,929,701,0,0.19234304130077362,"[701, 405, 677, 78, 22]","[0.19234304130077362, 0.12754520773887634, 0.06350178271532059, 0.06263376772403717, 0.05382043123245239]"
blur-light,object,1117,645,701,0,0.09835443645715714,"[701, 143, 517, 677, 845]","[0.09835443645715714, 0.08351308852434158, 0.07097586989402771, 0.0641757994890213, 0.04737919941544533]"
blur-light,object,1118,198,272,0,0.9703800082206726,"[272, 269, 196, 94, 198]","[0.9703800082206726, 0.0066947112791240215, 0.003051209030672908, 0.0026521552354097366, 0.002133185276761651]"
blur-light,object,1119,170,196,0,0.23146264255046844,"[196, 87, 13, 17, 331]","[0.23146264255046844, 0.1912389099597931, 0.08181288838386536, 0.05790281295776367, 0.05121365189552307]"
blur-light,object,1120,645,644,0,0.08953080326318741,"[644, 677, 600, 75, 872]","[0.08953080326318741, 0.06650490313768387, 0.06020612642168999, 0.05128295347094536, 0.04935414344072342]"
blur-light,object,1121,181,87,0,0.8007409572601318,"[87, 181, 356, 89, 134]","[0.8007409572601318, 0.06624206900596619, 0.04290382191538811, 0.026526497676968575, 0.011719737201929092]"
blur-light,object,1122,267,22,0,0.17743296921253204,"[22, 94, 286, 21, 38]","[0.17743296921253204, 0.16486699879169464, 0.11477389186620712, 0.08028089255094528, 0.07213524729013443]"
blur-light,object,1123,340,340,1,0.19446444511413574,"[340, 83, 99, 584, 566]","[0.19446444511413574, 0.11084233969449997, 0.08867345005273819, 0.07903525978326797, 0.044344592839479446]"
blur-light,object,1124,735,701,0,0.3632606565952301,"[701, 80, 323, 777, 699]","[0.3632606565952301, 0.036592017859220505, 0.03218795731663704, 0.024750426411628723, 0.022602468729019165]"
blur-light,object,1125,361,93,0,0.5418279767036438,"[93, 18, 80, 127, 99]","[0.5418279767036438, 0.11828738451004028, 0.07111398875713348, 0.04734561964869499, 0.040016960352659225]"
blur-light,object,1126,200,204,0,0.1876133233308792,"[204, 22, 200, 216, 127]","[0.1876133233308792, 0.184925839304924, 0.1595759093761444, 0.10896118730306625, 0.05688009783625603]"
blur-light,object,1127,912,845,0,0.11043992638587952,"[845, 777, 702, 499, 519]","[0.11043992638587952, 0.07364972680807114, 0.05986738204956055, 0.0537664070725441, 0.05111619085073471]"
blur-light,object,1128,160,845,0,0.17331647872924805,"[845, 22, 783, 895, 913]","[0.17331647872924805, 0.06472912430763245, 0.0646229088306427, 0.05691400542855263, 0.05075107142329216]"
blur-light,object,1129,188,94,0,0.13073870539665222,"[94, 189, 196, 87, 170]","[0.13073870539665222, 0.09688352793455124, 0.09460015594959259, 0.07672227919101715, 0.057538554072380066]"
blur-light,object,1130,872,683,0,0.26577121019363403,"[683, 872, 538, 517, 645]","[0.26577121019363403, 0.15225613117218018, 0.09546008706092834, 0.05829956755042076, 0.04699729382991791]"
blur-light,object,1131,338,216,0,0.5823585987091064,"[216, 358, 129, 112, 169]","[0.5823585987091064, 0.09868878126144409, 0.051279354840517044, 0.033436886966228485, 0.03317219018936157]"
blur-light,object,1132,191,104,0,0.15027323365211487,"[104, 191, 175, 350, 182]","[0.15027323365211487, 0.12174558639526367, 0.08426663279533386, 0.05522273853421211, 0.05135135352611542]"
blur-light,object,1133,226,182,0,0.16137970983982086,"[182, 281, 202, 282, 285]","[0.16137970983982086, 0.14921127259731293, 0.09717588126659393, 0.05482322350144386, 0.054695069789886475]"
blur-light,object,1134,953,701,0,0.18896335363388062,"[701, 650, 855, 78, 38]","[0.18896335363388062, 0.04911590740084648, 0.04045180231332779, 0.031011508777737617, 0.03064429573714733]"
blur-light,object,1135,544,127,0,0.37514907121658325,"[127, 40, 92, 93, 448]","[0.37514907121658325, 0.08969391137361526, 0.08290545642375946, 0.06127704307436943, 0.04958028718829155]"
blur-light,object,1136,757,530,0,0.15879878401756287,"[530, 786, 845, 742, 844]","[0.15879878401756287, 0.1335264891386032, 0.11356394737958908, 0.07974958419799805, 0.06003297120332718]"
