model,original,inpainted,object,ooc
base,0.3781882145998241,0.06772207563764292,0.18733509234828497,0.12225153913808268
crop,0.4388742304309587,0.05364995602462621,0.26824978012313105,0.1785400175901495
blur-nosal,0.3896218117854002,0.06068601583113457,0.1917326297273527,0.13544415127528583
cm-nosal,0.4397537379067722,0.058927000879507474,0.23131046613896217,0.17678100263852242
blur-strong,0.4177660510114336,0.056288478452066845,0.15919085312225154,0.14511873350923482
cm-strong,0.46174142480211083,0.04573438874230431,0.24450307827616535,0.1961301671064204
