model,original,inpainted,object,ooc
base,0.3781882145998241,0.06948109058927,0.1864555848724714,0.1248900615655233
crop,0.3007915567282322,0.04925241864555849,0.18469656992084432,0.09146877748460862
blur-nosal,0.2796833773087071,0.047493403693931395,0.14072119613016712,0.0773966578715919
blur-strong,0.2612137203166227,0.04573438874230431,0.10993843447669305,0.06508355321020229
cm-nosal,0.23834652594547054,0.036939313984168866,0.0932277924362357,0.06420404573438875
cm-strong,0.19085312225153914,0.03342128408091469,0.08179419525065963,0.051011433597185574
