model,dataset,idx,label,pred,correct,conf_top1,top5_idx,top5_probs
cm-nosal,original,0,361,361,1,0.1602633148431778,"[361, 263, 388, 223, 195]","[0.1602633148431778, 0.09577995538711548, 0.06589850783348083, 0.05990864336490631, 0.05295613408088684]"
cm-nosal,original,1,383,203,0,0.13134150207042694,"[203, 218, 212, 156, 194]","[0.13134150207042694, 0.12845690548419952, 0.12003204226493835, 0.11163041740655899, 0.0665523111820221]"
cm-nosal,original,2,356,356,1,0.422542929649353,"[356, 359, 333, 358, 281]","[0.422542929649353, 0.21505506336688995, 0.1446569412946701, 0.1340314894914627, 0.00952316913753748]"
cm-nosal,original,3,18,18,1,0.7164475917816162,"[18, 17, 40, 13, 317]","[0.7164475917816162, 0.030926384031772614, 0.029786942526698112, 0.017300207167863846, 0.013612053357064724]"
cm-nosal,original,4,295,367,0,0.34858983755111694,"[367, 297, 366, 904, 799]","[0.34858983755111694, 0.17076252400875092, 0.07223138213157654, 0.06272849440574646, 0.032405078411102295]"
cm-nosal,original,5,112,54,0,0.6134433150291443,"[54, 44, 64, 448, 806]","[0.6134433150291443, 0.04827176406979561, 0.02743609994649887, 0.025270860642194748, 0.020703572779893875]"
cm-nosal,original,6,32,32,1,0.2426186352968216,"[32, 956, 962, 924, 30]","[0.2426186352968216, 0.0635145753622055, 0.0530322901904583, 0.04696608707308769, 0.04485810920596123]"
cm-nosal,original,7,677,323,0,0.23346862196922302,"[323, 314, 310, 767, 749]","[0.23346862196922302, 0.08629455417394638, 0.08237967640161514, 0.07742951065301895, 0.06205844506621361]"
cm-nosal,original,8,438,572,0,0.1856682002544403,"[572, 804, 470, 534, 865]","[0.1856682002544403, 0.11098497360944748, 0.05728893354535103, 0.04321625456213951, 0.029986338689923286]"
cm-nosal,original,9,409,892,0,0.8543120622634888,"[892, 409, 79, 17, 635]","[0.8543120622634888, 0.05553886666893959, 0.017081622034311295, 0.006160130724310875, 0.004367857705801725]"
cm-nosal,original,10,71,75,0,0.16054359078407288,"[75, 566, 303, 11, 674]","[0.16054359078407288, 0.12825199961662292, 0.05493835359811783, 0.04907948151230812, 0.04696820676326752]"
cm-nosal,original,11,850,850,1,0.32858923077583313,"[850, 333, 258, 265, 99]","[0.32858923077583313, 0.3239246606826782, 0.13730698823928833, 0.08129168301820755, 0.031339749693870544]"
cm-nosal,original,12,12,12,1,0.5253546237945557,"[12, 594, 94, 43, 317]","[0.5253546237945557, 0.03470567613840103, 0.033767279237508774, 0.023371770977973938, 0.02103261835873127]"
cm-nosal,original,13,899,721,0,0.40227243304252625,"[721, 411, 911, 883, 562]","[0.40227243304252625, 0.23515351116657257, 0.03551164269447327, 0.0285029374063015, 0.02577669359743595]"
cm-nosal,original,14,338,338,1,0.9879173636436462,"[338, 223, 224, 334, 252]","[0.9879173636436462, 0.0033550127409398556, 0.0006675227778032422, 0.0006541436305269599, 0.0005354660097509623]"
cm-nosal,original,15,17,320,0,0.45299389958381653,"[320, 17, 840, 665, 92]","[0.45299389958381653, 0.4075143337249756, 0.030218707397580147, 0.010422004386782646, 0.008130975067615509]"
cm-nosal,original,16,363,549,0,0.33341073989868164,"[549, 419, 692, 478, 922]","[0.33341073989868164, 0.23063257336616516, 0.05092755705118179, 0.03983930125832558, 0.02739180624485016]"
cm-nosal,original,17,909,478,0,0.38555628061294556,"[478, 835, 519, 922, 492]","[0.38555628061294556, 0.09645803272724152, 0.03706251457333565, 0.03252192959189415, 0.030121153220534325]"
cm-nosal,original,18,679,679,1,0.8937769532203674,"[679, 443, 725, 883, 968]","[0.8937769532203674, 0.045979905873537064, 0.0160999558866024, 0.006635477300733328, 0.002684656996279955]"
cm-nosal,original,19,618,918,0,0.2849206328392029,"[918, 749, 798, 285, 591]","[0.2849206328392029, 0.13746152818202972, 0.02482212893664837, 0.022153768688440323, 0.017920659855008125]"
cm-nosal,original,20,618,504,0,0.3613519072532654,"[504, 721, 496, 934, 588]","[0.3613519072532654, 0.15510205924510956, 0.04854007810354233, 0.047161247581243515, 0.04381793737411499]"
cm-nosal,original,21,574,850,0,0.7161999940872192,"[850, 443, 828, 852, 572]","[0.7161999940872192, 0.02931133098900318, 0.024003736674785614, 0.015758376568555832, 0.010312030091881752]"
cm-nosal,original,22,658,474,0,0.40449339151382446,"[474, 721, 911, 775, 658]","[0.40449339151382446, 0.10187983512878418, 0.047472916543483734, 0.0473334938287735, 0.04575983062386513]"
cm-nosal,original,23,461,385,0,0.20350098609924316,"[385, 608, 48, 346, 197]","[0.20350098609924316, 0.11681343615055084, 0.07928898930549622, 0.050582289695739746, 0.026090091094374657]"
cm-nosal,original,24,132,89,0,0.9935302138328552,"[89, 421, 270, 702, 703]","[0.9935302138328552, 0.0011572925141081214, 0.000983334961347282, 0.0004903351073153317, 0.0002255370345665142]"
cm-nosal,original,25,122,314,0,0.43980976939201355,"[314, 79, 123, 300, 532]","[0.43980976939201355, 0.2464922070503235, 0.10800804197788239, 0.018239831551909447, 0.01635589823126793]"
cm-nosal,original,26,12,394,0,0.15844236314296722,"[394, 21, 140, 525, 142]","[0.15844236314296722, 0.09172651916742325, 0.08701163530349731, 0.0612955205142498, 0.04942987114191055]"
cm-nosal,original,27,679,679,1,0.22490496933460236,"[679, 563, 488, 303, 512]","[0.22490496933460236, 0.1408255696296692, 0.08437830209732056, 0.050906650722026825, 0.05018150433897972]"
cm-nosal,original,28,23,821,0,0.09141192585229874,"[821, 900, 718, 517, 879]","[0.09141192585229874, 0.06552945822477341, 0.06442848592996597, 0.03761289268732071, 0.036842502653598785]"
cm-nosal,original,29,937,544,0,0.48019498586654663,"[544, 909, 924, 949, 567]","[0.48019498586654663, 0.16239915788173676, 0.15823134779930115, 0.0363052599132061, 0.03581367805600166]"
cm-nosal,original,30,679,679,1,0.5691398978233337,"[679, 650, 469, 849, 302]","[0.5691398978233337, 0.05343278869986534, 0.052672263234853745, 0.03922330588102341, 0.03247195482254028]"
cm-nosal,original,31,335,850,0,0.12988606095314026,"[850, 271, 272, 282, 332]","[0.12988606095314026, 0.08341939747333527, 0.0608380064368248, 0.05973833054304123, 0.05613143742084503]"
cm-nosal,original,32,76,75,0,0.35450080037117004,"[75, 78, 309, 319, 302]","[0.35450080037117004, 0.0825856402516365, 0.046846192330121994, 0.04181227087974548, 0.03800584375858307]"
cm-nosal,original,33,851,859,0,0.22982268035411835,"[859, 851, 565, 786, 592]","[0.22982268035411835, 0.09835926443338394, 0.06260894984006882, 0.0511646494269371, 0.03055262565612793]"
cm-nosal,original,34,770,494,0,0.1907910853624344,"[494, 788, 794, 411, 486]","[0.1907910853624344, 0.18250419199466705, 0.09048986434936523, 0.06326314806938171, 0.032218143343925476]"
cm-nosal,original,35,122,467,0,0.14180797338485718,"[467, 37, 139, 122, 994]","[0.14180797338485718, 0.10353454947471619, 0.09418193250894547, 0.07668761163949966, 0.04396505653858185]"
cm-nosal,original,36,712,712,1,0.2655455768108368,"[712, 618, 828, 868, 961]","[0.2655455768108368, 0.10143077373504639, 0.0680721327662468, 0.056269608438014984, 0.0553034245967865]"
cm-nosal,original,37,852,947,0,0.20054100453853607,"[947, 997, 38, 992, 930]","[0.20054100453853607, 0.15361253917217255, 0.095307357609272, 0.03805020824074745, 0.034579355269670486]"
cm-nosal,original,38,12,529,0,0.07359680533409119,"[529, 700, 377, 298, 12]","[0.07359680533409119, 0.032903872430324554, 0.030975542962551117, 0.023600777611136436, 0.023024076595902443]"
cm-nosal,original,39,849,475,0,0.10533758252859116,"[475, 518, 647, 535, 773]","[0.10533758252859116, 0.09232471883296967, 0.05769386887550354, 0.05349315330386162, 0.05120761692523956]"
cm-nosal,original,40,606,859,0,0.5827111601829529,"[859, 726, 498, 481, 648]","[0.5827111601829529, 0.06430300325155258, 0.02575577236711979, 0.024023350328207016, 0.018279364332556725]"
cm-nosal,original,41,87,87,1,0.9528588056564331,"[87, 51, 765, 713, 88]","[0.9528588056564331, 0.014362362213432789, 0.0009376182570122182, 0.0008299140608869493, 0.0007254302618093789]"
cm-nosal,original,42,491,561,0,0.5672940611839294,"[561, 517, 491, 790, 595]","[0.5672940611839294, 0.12063755840063095, 0.09477415680885315, 0.04477838799357414, 0.028347395360469818]"
cm-nosal,original,43,964,962,0,0.47087743878364563,"[962, 931, 964, 924, 930]","[0.47087743878364563, 0.3604067862033844, 0.05283758416771889, 0.03996099904179573, 0.027298634871840477]"
cm-nosal,original,44,635,635,1,0.7261595129966736,"[635, 426, 409, 826, 778]","[0.7261595129966736, 0.14533263444900513, 0.04830241948366165, 0.011502289213240147, 0.009431813843548298]"
cm-nosal,original,45,335,335,1,0.5422769784927368,"[335, 382, 274, 280, 377]","[0.5422769784927368, 0.192564457654953, 0.053299807012081146, 0.04470377787947655, 0.019703352823853493]"
cm-nosal,original,46,825,649,0,0.1363491266965866,"[649, 979, 825, 327, 970]","[0.1363491266965866, 0.12201432883739471, 0.09496709704399109, 0.05620886757969856, 0.04442962631583214]"
cm-nosal,original,47,863,863,1,0.9905530214309692,"[863, 733, 171, 253, 639]","[0.9905530214309692, 0.0030436792876571417, 0.0004847987147513777, 0.0002956804819405079, 0.0002830630401149392]"
cm-nosal,original,48,839,815,0,0.24531906843185425,"[815, 839, 580, 327, 6]","[0.24531906843185425, 0.0785951018333435, 0.06884396076202393, 0.051923967897892, 0.04383561387658119]"
cm-nosal,original,49,257,99,0,0.1230177953839302,"[99, 100, 134, 127, 176]","[0.1230177953839302, 0.09668723493814468, 0.0887649729847908, 0.06434834003448486, 0.06247946247458458]"
cm-nosal,original,50,185,330,0,0.2715378999710083,"[330, 104, 271, 192, 207]","[0.2715378999710083, 0.10261008888483047, 0.08512721210718155, 0.037130776792764664, 0.033995866775512695]"
cm-nosal,original,51,489,580,0,0.23857535421848297,"[580, 703, 912, 843, 131]","[0.23857535421848297, 0.14969855546951294, 0.09841712564229965, 0.06918872892856598, 0.05578627064824104]"
cm-nosal,original,52,609,436,0,0.17604796588420868,"[436, 609, 864, 671, 656]","[0.17604796588420868, 0.11496690660715103, 0.07054313272237778, 0.06503821909427643, 0.05850902944803238]"
cm-nosal,original,53,847,815,0,0.20377345383167267,"[815, 288, 116, 287, 289]","[0.20377345383167267, 0.09514687210321426, 0.033654943108558655, 0.030717287212610245, 0.02813251130282879]"
cm-nosal,original,54,544,956,0,0.12572823464870453,"[956, 937, 327, 108, 935]","[0.12572823464870453, 0.09398622065782547, 0.06429112702608109, 0.04176798462867737, 0.03701857477426529]"
cm-nosal,original,55,179,295,0,0.15692724287509918,"[295, 297, 205, 294, 214]","[0.15692724287509918, 0.06448277086019516, 0.04074237495660782, 0.03932486101984978, 0.03723650053143501]"
cm-nosal,original,56,174,271,0,0.25593045353889465,"[271, 331, 274, 275, 269]","[0.25593045353889465, 0.0564008429646492, 0.04923151805996895, 0.04617220535874367, 0.028885135427117348]"
cm-nosal,original,57,349,349,1,0.7135438919067383,"[349, 348, 277, 270, 350]","[0.7135438919067383, 0.06040693074464798, 0.049454376101493835, 0.03220808878540993, 0.020840710029006004]"
cm-nosal,original,58,277,277,1,0.6577075719833374,"[277, 278, 280, 271, 273]","[0.6577075719833374, 0.18797078728675842, 0.02059084363281727, 0.010257421061396599, 0.009304611943662167]"
cm-nosal,original,59,518,843,0,0.2020111382007599,"[843, 433, 645, 801, 444]","[0.2020111382007599, 0.0641138032078743, 0.056579213589429855, 0.04821404442191124, 0.03674453869462013]"
cm-nosal,original,60,958,425,0,0.5736382603645325,"[425, 703, 958, 84, 912]","[0.5736382603645325, 0.0824790969491005, 0.034310635179281235, 0.03349224850535393, 0.02044663019478321]"
cm-nosal,original,61,385,385,1,0.7384468913078308,"[385, 101, 386, 178, 209]","[0.7384468913078308, 0.11383125185966492, 0.03449074923992157, 0.024306809529662132, 0.022670745849609375]"
cm-nosal,original,62,830,233,0,0.23998065292835236,"[233, 491, 703, 231, 177]","[0.23998065292835236, 0.06007682904601097, 0.04843229800462723, 0.03998110070824623, 0.03893117979168892]"
cm-nosal,original,63,132,132,1,0.3464154601097107,"[132, 129, 134, 99, 144]","[0.3464154601097107, 0.2710571885108948, 0.24127303063869476, 0.026428358629345894, 0.022359512746334076]"
cm-nosal,original,64,354,255,0,0.3114894926548004,"[255, 170, 372, 269, 177]","[0.3114894926548004, 0.1071874126791954, 0.09722866863012314, 0.08846745640039444, 0.05293465033173561]"
cm-nosal,original,65,879,865,0,0.13663938641548157,"[865, 832, 721, 716, 659]","[0.13663938641548157, 0.09339437633752823, 0.05879544839262962, 0.04067252203822136, 0.033031560480594635]"
cm-nosal,original,66,807,807,1,0.6748237013816833,"[807, 559, 17, 265, 858]","[0.6748237013816833, 0.035659756511449814, 0.03207571059465408, 0.02746015600860119, 0.017551802098751068]"
cm-nosal,original,67,863,863,1,0.4542599618434906,"[863, 580, 971, 682, 815]","[0.4542599618434906, 0.029342474415898323, 0.01913432590663433, 0.018444407731294632, 0.015811847522854805]"
cm-nosal,original,68,821,979,0,0.7722945213317871,"[979, 975, 821, 825, 718]","[0.7722945213317871, 0.03195084631443024, 0.027891766279935837, 0.02667287178337574, 0.01814846321940422]"
cm-nosal,original,69,656,609,0,0.13357798755168915,"[609, 706, 634, 649, 703]","[0.13357798755168915, 0.09378759562969208, 0.06907414644956589, 0.05865703523159027, 0.053509440273046494]"
cm-nosal,original,70,614,246,0,0.12591899931430817,"[246, 89, 355, 212, 267]","[0.12591899931430817, 0.11366984248161316, 0.07848407328128815, 0.049449678510427475, 0.026542719453573227]"
cm-nosal,original,71,294,274,0,0.12607550621032715,"[274, 347, 291, 227, 191]","[0.12607550621032715, 0.10915234684944153, 0.0747251957654953, 0.04057871177792549, 0.03879166021943092]"
cm-nosal,original,72,870,652,0,0.36020728945732117,"[652, 350, 119, 349, 61]","[0.36020728945732117, 0.03578899800777435, 0.03265751153230667, 0.03147955611348152, 0.026107951998710632]"
cm-nosal,original,73,346,48,0,0.38618695735931396,"[48, 39, 346, 343, 349]","[0.38618695735931396, 0.1565590649843216, 0.07948295027017593, 0.04207076504826546, 0.033560264855623245]"
cm-nosal,original,74,194,194,1,0.3209455609321594,"[194, 212, 269, 177, 189]","[0.3209455609321594, 0.07816005498170853, 0.06642359495162964, 0.06116567924618721, 0.05735423043370247]"
cm-nosal,original,75,287,287,1,0.8887448906898499,"[287, 272, 288, 289, 286]","[0.8887448906898499, 0.024567412212491035, 0.020158056169748306, 0.0131208011880517, 0.0113492701202631]"
cm-nosal,original,76,295,295,1,0.3387080132961273,"[295, 367, 297, 369, 267]","[0.3387080132961273, 0.06332242488861084, 0.0605023093521595, 0.05747959762811661, 0.042414940893650055]"
cm-nosal,original,77,92,92,1,0.2992119789123535,"[92, 320, 14, 319, 12]","[0.2992119789123535, 0.26538535952568054, 0.08911262452602386, 0.08712267130613327, 0.04734401777386665]"
cm-nosal,original,78,17,72,0,0.20852509140968323,"[72, 989, 376, 319, 815]","[0.20852509140968323, 0.1401766836643219, 0.10609372705221176, 0.07554209232330322, 0.053661592304706573]"
cm-nosal,original,79,105,105,1,0.4105517566204071,"[105, 289, 383, 671, 17]","[0.4105517566204071, 0.05845142528414726, 0.04365883022546768, 0.03322194889187813, 0.026930510997772217]"
cm-nosal,original,80,356,342,0,0.3272479176521301,"[342, 295, 206, 341, 366]","[0.3272479176521301, 0.18999245762825012, 0.1194608211517334, 0.065127432346344, 0.021427666768431664]"
cm-nosal,original,81,14,14,1,0.11737963557243347,"[14, 988, 364, 90, 375]","[0.11737963557243347, 0.09419170767068863, 0.06296508014202118, 0.06162355840206146, 0.05876556783914566]"
cm-nosal,original,82,378,378,1,0.14865387976169586,"[378, 8, 379, 344, 364]","[0.14865387976169586, 0.09719782322645187, 0.08620961755514145, 0.06452905386686325, 0.05366186797618866]"
cm-nosal,original,83,59,313,0,0.21158467233181,"[313, 943, 95, 59, 55]","[0.21158467233181, 0.19803637266159058, 0.09634188562631607, 0.08492611348628998, 0.03730103373527527]"
cm-nosal,original,84,95,95,1,0.8102221488952637,"[95, 114, 316, 113, 303]","[0.8102221488952637, 0.032199423760175705, 0.017405372112989426, 0.011349896900355816, 0.009828682988882065]"
cm-nosal,original,85,95,95,1,0.5869173407554626,"[95, 92, 313, 319, 46]","[0.5869173407554626, 0.1432829350233078, 0.033436521887779236, 0.024112816900014877, 0.024041542783379555]"
cm-nosal,original,86,379,378,0,0.3786485195159912,"[378, 381, 379, 369, 364]","[0.3786485195159912, 0.20448404550552368, 0.16771671175956726, 0.13962779939174652, 0.01451236754655838]"
cm-nosal,original,87,382,382,1,0.8352704048156738,"[382, 380, 381, 371, 376]","[0.8352704048156738, 0.10131819546222687, 0.017817027866840363, 0.015117092989385128, 0.0061868480406701565]"
cm-nosal,original,88,10,10,1,0.4193766415119171,"[10, 12, 11, 15, 94]","[0.4193766415119171, 0.3328653573989868, 0.07551238685846329, 0.05528103932738304, 0.03630244731903076]"
cm-nosal,original,89,383,383,1,0.8837602138519287,"[383, 105, 287, 280, 279]","[0.8837602138519287, 0.03822071850299835, 0.0307476669549942, 0.004817483481019735, 0.0035698593128472567]"
cm-nosal,original,90,378,378,1,0.7089669704437256,"[378, 382, 381, 379, 955]","[0.7089669704437256, 0.07910429686307907, 0.05670418217778206, 0.03158198297023773, 0.019321149215102196]"
cm-nosal,original,91,376,367,0,0.15505164861679077,"[367, 373, 383, 374, 365]","[0.15505164861679077, 0.13332435488700867, 0.0847887247800827, 0.08271297812461853, 0.07616643607616425]"
cm-nosal,original,92,21,22,0,0.17521639168262482,"[22, 379, 24, 15, 375]","[0.17521639168262482, 0.12346179038286209, 0.08324044197797775, 0.07479949295520782, 0.04882633313536644]"
cm-nosal,original,93,275,295,0,0.1916799545288086,"[295, 381, 388, 378, 369]","[0.1916799545288086, 0.1560359001159668, 0.09247361123561859, 0.03311492130160332, 0.030972860753536224]"
cm-nosal,original,94,85,134,0,0.08196080476045609,"[134, 376, 131, 85, 84]","[0.08196080476045609, 0.0787482038140297, 0.07352378964424133, 0.07318680733442307, 0.056740544736385345]"
cm-nosal,original,95,383,383,1,0.1873013973236084,"[383, 271, 371, 368, 331]","[0.1873013973236084, 0.12922188639640808, 0.07252742350101471, 0.05176573246717453, 0.043459951877593994]"
cm-nosal,original,96,18,128,0,0.6614407896995544,"[128, 18, 375, 84, 131]","[0.6614407896995544, 0.3028351664543152, 0.01134941540658474, 0.005488276947289705, 0.002798641799017787]"
cm-nosal,original,97,326,140,0,0.7118542194366455,"[140, 10, 326, 81, 142]","[0.7118542194366455, 0.051417116075754166, 0.0364382266998291, 0.0313321016728878, 0.028269071131944656]"
cm-nosal,original,98,379,379,1,0.7340562343597412,"[379, 387, 378, 91, 381]","[0.7340562343597412, 0.09516208618879318, 0.0799635797739029, 0.02036110684275627, 0.011970557272434235]"
cm-nosal,original,99,378,378,1,0.2218611240386963,"[378, 428, 381, 383, 379]","[0.2218611240386963, 0.08573459833860397, 0.0738564059138298, 0.06166774407029152, 0.04934040829539299]"
cm-nosal,original,100,378,90,0,0.11961326003074646,"[90, 108, 364, 135, 334]","[0.11961326003074646, 0.09346270561218262, 0.0918879508972168, 0.08967389166355133, 0.049740877002477646]"
cm-nosal,original,101,379,381,0,0.4635198414325714,"[381, 380, 374, 378, 379]","[0.4635198414325714, 0.057056475430727005, 0.05327487364411354, 0.0527777262032032, 0.050313714891672134]"
cm-nosal,original,102,12,12,1,0.9774184823036194,"[12, 14, 94, 15, 142]","[0.9774184823036194, 0.004455694928765297, 0.0036004772409796715, 0.0027501420117914677, 0.002482584910467267]"
cm-nosal,original,103,18,10,0,0.32767170667648315,"[10, 13, 18, 19, 20]","[0.32767170667648315, 0.28519535064697266, 0.1078282967209816, 0.06700678169727325, 0.05305057764053345]"
cm-nosal,original,104,428,327,0,0.09467138350009918,"[327, 30, 410, 428, 272]","[0.09467138350009918, 0.05986004322767258, 0.04286273568868637, 0.03806712478399277, 0.024938995018601418]"
cm-nosal,original,105,376,376,1,0.6486438512802124,"[376, 381, 368, 287, 371]","[0.6486438512802124, 0.04096607863903046, 0.037637755274772644, 0.019765235483646393, 0.01877811923623085]"
cm-nosal,original,106,379,379,1,0.41470903158187866,"[379, 374, 366, 368, 295]","[0.41470903158187866, 0.11102470755577087, 0.0917796641588211, 0.05852309614419937, 0.0360112190246582]"
cm-nosal,original,107,19,14,0,0.11692485213279724,"[14, 381, 96, 924, 448]","[0.11692485213279724, 0.06949862092733383, 0.05727048218250275, 0.0468449592590332, 0.042386528104543686]"
cm-nosal,original,108,18,89,0,0.15378108620643616,"[89, 22, 18, 90, 396]","[0.15378108620643616, 0.12181708961725235, 0.07356750965118408, 0.05926138162612915, 0.05267634615302086]"
cm-nosal,original,109,95,95,1,0.980279803276062,"[95, 94, 92, 90, 12]","[0.980279803276062, 0.00798359140753746, 0.007554417476058006, 0.0012595740845426917, 0.00039996951818466187]"
cm-nosal,original,110,95,951,0,0.1118050217628479,"[951, 380, 90, 319, 952]","[0.1118050217628479, 0.06435704976320267, 0.04307956621050835, 0.041021399199962616, 0.03808091953396797]"
cm-nosal,original,111,17,92,0,0.2593945860862732,"[92, 10, 11, 17, 94]","[0.2593945860862732, 0.19744694232940674, 0.1830413043498993, 0.1258707344532013, 0.056655123829841614]"
cm-nosal,original,112,232,239,0,0.23874828219413757,"[239, 232, 231, 217, 200]","[0.23874828219413757, 0.16881035268306732, 0.09838669747114182, 0.09140908718109131, 0.09001441299915314]"
cm-nosal,original,113,382,382,1,0.4141487181186676,"[382, 380, 158, 377, 151]","[0.4141487181186676, 0.3038507401943207, 0.06915808469057083, 0.0549323596060276, 0.029908761382102966]"
cm-nosal,original,114,622,59,0,0.11908967047929764,"[59, 55, 988, 304, 64]","[0.11908967047929764, 0.07491305470466614, 0.052933841943740845, 0.042839422821998596, 0.04169594869017601]"
cm-nosal,original,115,372,277,0,0.17527133226394653,"[277, 372, 104, 298, 373]","[0.17527133226394653, 0.16743992269039154, 0.163436159491539, 0.11018186807632446, 0.09293884038925171]"
cm-nosal,original,116,313,313,1,0.40618157386779785,"[313, 59, 989, 114, 55]","[0.40618157386779785, 0.1553645133972168, 0.12315688282251358, 0.06361230462789536, 0.03667692095041275]"
cm-nosal,original,117,18,18,1,0.5141501426696777,"[18, 84, 17, 364, 596]","[0.5141501426696777, 0.09290086477994919, 0.02560669556260109, 0.022336600348353386, 0.013638480566442013]"
cm-nosal,original,118,919,919,1,0.9541577100753784,"[919, 440, 703, 458, 716]","[0.9541577100753784, 0.019593844190239906, 0.0050426507368683815, 0.003891151398420334, 0.0029807561077177525]"
cm-nosal,original,119,92,92,1,0.2394588589668274,"[92, 21, 22, 14, 88]","[0.2394588589668274, 0.2060997039079666, 0.10141106694936752, 0.08052767068147659, 0.062497686594724655]"
cm-nosal,original,120,75,136,0,0.12256305664777756,"[136, 128, 91, 90, 14]","[0.12256305664777756, 0.08182079344987869, 0.078188955783844, 0.048429299145936966, 0.0379219613969326]"
cm-nosal,original,121,379,379,1,0.5434696078300476,"[379, 96, 381, 93, 368]","[0.5434696078300476, 0.12353267520666122, 0.09312639385461807, 0.04332444444298744, 0.03172557055950165]"
cm-nosal,original,122,272,278,0,0.2666429579257965,"[278, 274, 335, 330, 271]","[0.2666429579257965, 0.12862275540828705, 0.05659506842494011, 0.050308044999837875, 0.04485568776726723]"
cm-nosal,original,123,86,309,0,0.11931023001670837,"[309, 23, 127, 348, 21]","[0.11931023001670837, 0.06048378348350525, 0.058644507080316544, 0.05742141231894493, 0.04970812052488327]"
cm-nosal,original,124,275,378,0,0.13681447505950928,"[378, 380, 287, 275, 282]","[0.13681447505950928, 0.07515835016965866, 0.062301747500896454, 0.05368375405669212, 0.04563978686928749]"
cm-nosal,original,125,387,387,1,0.7897536754608154,"[387, 377, 379, 380, 371]","[0.7897536754608154, 0.04078703001141548, 0.02216089516878128, 0.01415308378636837, 0.011127002537250519]"
cm-nosal,original,126,12,989,0,0.39349034428596497,"[989, 325, 324, 14, 301]","[0.39349034428596497, 0.27905651926994324, 0.0932580828666687, 0.03712455555796623, 0.0169209111481905]"
cm-nosal,original,127,17,18,0,0.2267438918352127,"[18, 17, 13, 91, 90]","[0.2267438918352127, 0.14930905401706696, 0.1307092010974884, 0.084138423204422, 0.051742784678936005]"
cm-nosal,original,128,899,94,0,0.0758579671382904,"[94, 30, 562, 135, 132]","[0.0758579671382904, 0.07132846117019653, 0.06148569658398628, 0.057978514581918716, 0.046560171991586685]"
cm-nosal,original,129,365,365,1,0.4214712083339691,"[365, 380, 373, 382, 372]","[0.4214712083339691, 0.09451732039451599, 0.05769573152065277, 0.052584338933229446, 0.0444301962852478]"
cm-nosal,original,130,335,84,0,0.11141733825206757,"[84, 378, 374, 15, 381]","[0.11141733825206757, 0.0826246440410614, 0.049534738063812256, 0.04056312143802643, 0.03989466279745102]"
cm-nosal,original,131,23,81,0,0.10868865996599197,"[81, 275, 387, 396, 204]","[0.10868865996599197, 0.04848877340555191, 0.026227613911032677, 0.0244660172611475, 0.02206619828939438]"
cm-nosal,original,132,379,682,0,0.11792975664138794,"[682, 18, 442, 524, 540]","[0.11792975664138794, 0.0903511792421341, 0.07803547382354736, 0.06674850732088089, 0.06530279666185379]"
cm-nosal,original,133,988,28,0,0.10570182651281357,"[28, 105, 57, 89, 990]","[0.10570182651281357, 0.10114038735628128, 0.07084847241640091, 0.05499023199081421, 0.032012198120355606]"
cm-nosal,original,134,988,16,0,0.32426717877388,"[16, 988, 944, 952, 315]","[0.32426717877388, 0.23743677139282227, 0.0824727714061737, 0.05986801162362099, 0.039297088980674744]"
cm-nosal,original,135,17,17,1,0.2638590633869171,"[17, 19, 14, 15, 10]","[0.2638590633869171, 0.1603652536869049, 0.14240007102489471, 0.09673194587230682, 0.06678492575883865]"
cm-nosal,original,136,18,19,0,0.43025484681129456,"[19, 18, 17, 10, 13]","[0.43025484681129456, 0.12122754007577896, 0.07509972900152206, 0.06965955346822739, 0.052835382521152496]"
cm-nosal,original,137,39,378,0,0.13810160756111145,"[378, 387, 364, 82, 88]","[0.13810160756111145, 0.1268918216228485, 0.06004999205470085, 0.056938402354717255, 0.05522366240620613]"
cm-nosal,original,138,335,271,0,0.06684635579586029,"[271, 77, 335, 993, 74]","[0.06684635579586029, 0.05645817518234253, 0.04741441085934639, 0.041814349591732025, 0.040872491896152496]"
cm-nosal,original,139,376,368,0,0.630106508731842,"[368, 376, 924, 17, 374]","[0.630106508731842, 0.14260990917682648, 0.02335204742848873, 0.02037293277680874, 0.019128765910863876]"
cm-nosal,original,140,18,137,0,0.43535932898521423,"[137, 97, 85, 99, 18]","[0.43535932898521423, 0.15219195187091827, 0.06886585056781769, 0.03450792655348778, 0.03334110602736473]"
cm-nosal,original,141,134,129,0,0.2148101031780243,"[129, 89, 296, 127, 279]","[0.2148101031780243, 0.1360897272825241, 0.1096028983592987, 0.06928268820047379, 0.06877671182155609]"
cm-nosal,original,142,294,294,1,0.5304278135299683,"[294, 202, 296, 336, 349]","[0.5304278135299683, 0.06763837486505508, 0.03740261495113373, 0.030411478132009506, 0.02836424484848976]"
cm-nosal,original,143,472,472,1,0.8061040639877319,"[472, 693, 814, 977, 144]","[0.8061040639877319, 0.09259897470474243, 0.04806629940867424, 0.0067541287280619144, 0.004031504038721323]"
cm-nosal,original,144,354,344,0,0.4972943663597107,"[344, 354, 385, 345, 341]","[0.4972943663597107, 0.3370402157306671, 0.03616446256637573, 0.019466258585453033, 0.012344500049948692]"
cm-nosal,original,145,134,135,0,0.4214721918106079,"[135, 134, 141, 131, 133]","[0.4214721918106079, 0.10388731956481934, 0.06638574600219727, 0.04531498998403549, 0.030675943940877914]"
cm-nosal,original,146,821,975,0,0.557220995426178,"[975, 536, 718, 525, 460]","[0.557220995426178, 0.10549211502075195, 0.09509310871362686, 0.030956411734223366, 0.029253287240862846]"
cm-nosal,original,147,391,391,1,0.37441286444664,"[391, 389, 395, 39, 4]","[0.37441286444664, 0.2804907560348511, 0.1573977768421173, 0.018997957929968834, 0.011803127825260162]"
cm-nosal,original,148,391,391,1,0.4196522831916809,"[391, 389, 394, 395, 838]","[0.4196522831916809, 0.19240640103816986, 0.09170258045196533, 0.06439812481403351, 0.02345389313995838]"
cm-nosal,original,149,821,821,1,0.6288440823554993,"[821, 915, 727, 458, 914]","[0.6288440823554993, 0.06841480731964111, 0.040282443165779114, 0.031434316188097, 0.020899731665849686]"
cm-nosal,original,150,576,576,1,0.6912667155265808,"[576, 787, 614, 775, 514]","[0.6912667155265808, 0.08865233510732651, 0.06730358302593231, 0.03404757380485535, 0.015682987868785858]"
cm-nosal,original,151,140,140,1,0.3328312337398529,"[140, 98, 142, 337, 360]","[0.3328312337398529, 0.13556623458862305, 0.12353044003248215, 0.09604993462562561, 0.07695669680833817]"
cm-nosal,original,152,852,98,0,0.28512272238731384,"[98, 139, 239, 360, 218]","[0.28512272238731384, 0.267486035823822, 0.07786552608013153, 0.07683214545249939, 0.056202225387096405]"
cm-nosal,original,153,576,472,0,0.3211391568183899,"[472, 391, 576, 791, 693]","[0.3211391568183899, 0.11529498547315598, 0.05731408670544624, 0.04494048282504082, 0.04300934821367264]"
cm-nosal,original,154,472,472,1,0.17781992256641388,"[472, 975, 671, 135, 449]","[0.17781992256641388, 0.12468148022890091, 0.10600441694259644, 0.04998794198036194, 0.027539502829313278]"
cm-nosal,original,155,258,258,1,0.5580699443817139,"[258, 279, 203, 270, 257]","[0.5580699443817139, 0.1695886105298996, 0.09117195010185242, 0.06761252135038376, 0.04070708900690079]"
cm-nosal,original,156,143,141,0,0.974815845489502,"[141, 143, 142, 140, 139]","[0.974815845489502, 0.017612436786293983, 0.0029485987033694983, 0.0028581060469150543, 0.0003599040792323649]"
cm-nosal,original,157,198,240,0,0.3485131859779358,"[240, 241, 264, 238, 198]","[0.3485131859779358, 0.20516327023506165, 0.09608740359544754, 0.05534283071756363, 0.04567854851484299]"
cm-nosal,original,158,236,209,0,0.22218196094036102,"[209, 386, 182, 372, 184]","[0.22218196094036102, 0.09927461296319962, 0.07224468886852264, 0.06033565104007721, 0.0244626235216856]"
cm-nosal,original,159,576,576,1,0.99870765209198,"[576, 562, 873, 695, 879]","[0.99870765209198, 0.00015903753228485584, 8.255748252850026e-05, 5.164424146641977e-05, 3.454167381278239e-05]"
cm-nosal,original,160,483,483,1,0.628864049911499,"[483, 500, 888, 663, 832]","[0.628864049911499, 0.24566923081874847, 0.026457209140062332, 0.024411138147115707, 0.02063984051346779]"
cm-nosal,original,161,727,727,1,0.3903418779373169,"[727, 668, 835, 853, 975]","[0.3903418779373169, 0.05621536448597908, 0.049650873988866806, 0.044592492282390594, 0.03712315112352371]"
cm-nosal,original,162,238,276,0,0.10355009138584137,"[276, 267, 217, 362, 256]","[0.10355009138584137, 0.09315337240695953, 0.05997445061802864, 0.047849416732788086, 0.045858144760131836]"
cm-nosal,original,163,385,385,1,0.14778627455234528,"[385, 360, 357, 209, 348]","[0.14778627455234528, 0.10780017822980881, 0.06904437392950058, 0.06088102608919144, 0.05772460997104645]"
cm-nosal,original,164,472,472,1,0.4700949788093567,"[472, 573, 445, 575, 693]","[0.4700949788093567, 0.15173672139644623, 0.026727447286248207, 0.026658115908503532, 0.026390543207526207]"
cm-nosal,original,165,140,141,0,0.47202321887016296,"[141, 139, 131, 99, 140]","[0.47202321887016296, 0.10784465074539185, 0.05097748711705208, 0.04534377530217171, 0.0439147986471653]"
cm-nosal,original,166,352,142,0,0.11129884421825409,"[142, 141, 352, 131, 49]","[0.11129884421825409, 0.07266353815793991, 0.07038238644599915, 0.05814546346664429, 0.04513735696673393]"
cm-nosal,original,167,292,287,0,0.09438818693161011,"[287, 274, 292, 116, 337]","[0.09438818693161011, 0.08962841331958771, 0.06681409478187561, 0.05984032526612282, 0.03598610684275627]"
cm-nosal,original,168,806,568,0,0.0643896833062172,"[568, 387, 998, 975, 282]","[0.0643896833062172, 0.051630791276693344, 0.04363064467906952, 0.03962951898574829, 0.03650074452161789]"
cm-nosal,original,169,449,853,0,0.6093262434005737,"[853, 525, 425, 449, 562]","[0.6093262434005737, 0.08064832538366318, 0.07895083725452423, 0.044580429792404175, 0.017047956585884094]"
cm-nosal,original,170,164,271,0,0.05910171940922737,"[271, 137, 269, 825, 13]","[0.05910171940922737, 0.039761487394571304, 0.03813515231013298, 0.034857314079999924, 0.032028671354055405]"
cm-nosal,original,171,909,286,0,0.057844918221235275,"[286, 106, 296, 373, 273]","[0.057844918221235275, 0.05705270543694496, 0.03644515946507454, 0.03245687857270241, 0.028536120429635048]"
cm-nosal,original,172,576,576,1,0.9878072142601013,"[576, 724, 628, 694, 625]","[0.9878072142601013, 0.0037199347279965878, 0.0022009406238794327, 0.0010157697834074497, 0.000855421822052449]"
cm-nosal,original,173,727,727,1,0.5943199396133423,"[727, 821, 483, 975, 417]","[0.5943199396133423, 0.09481155872344971, 0.06534991413354874, 0.0417209267616272, 0.037352774292230606]"
cm-nosal,original,174,223,386,0,0.28164976835250854,"[386, 355, 101, 209, 224]","[0.28164976835250854, 0.059034574776887894, 0.03594791516661644, 0.02514682710170746, 0.0248169656842947]"
cm-nosal,original,175,132,132,1,0.7384999394416809,"[132, 134, 99, 89, 129]","[0.7384999394416809, 0.0918065682053566, 0.01155523769557476, 0.010615014471113682, 0.009603728540241718]"
cm-nosal,original,176,576,627,0,0.3464306592941284,"[627, 874, 576, 829, 734]","[0.3464306592941284, 0.10006885230541229, 0.08413746953010559, 0.06627292931079865, 0.0408765971660614]"
cm-nosal,original,177,391,391,1,0.4958476722240448,"[391, 389, 568, 395, 255]","[0.4958476722240448, 0.17396314442157745, 0.13807141780853271, 0.05443606525659561, 0.01307207066565752]"
cm-nosal,original,178,708,758,0,0.2346736639738083,"[758, 975, 842, 775, 395]","[0.2346736639738083, 0.058245062828063965, 0.034408051520586014, 0.029275421053171158, 0.02731216512620449]"
cm-nosal,original,179,132,132,1,0.14790186285972595,"[132, 129, 144, 330, 749]","[0.14790186285972595, 0.09697384387254715, 0.06824599206447601, 0.056812431663274765, 0.048626746982336044]"
cm-nosal,original,180,576,576,1,0.4240313172340393,"[576, 914, 484, 406, 562]","[0.4240313172340393, 0.07001286000013351, 0.029250500723719597, 0.02614551968872547, 0.020813608542084694]"
cm-nosal,original,181,143,143,1,0.871441662311554,"[143, 141, 137, 142, 128]","[0.871441662311554, 0.08364854007959366, 0.02183251455426216, 0.004446030594408512, 0.004385968204587698]"
cm-nosal,original,182,842,178,0,0.15217986702919006,"[178, 51, 211, 159, 209]","[0.15217986702919006, 0.07535974681377411, 0.07184208184480667, 0.046878427267074585, 0.03306378051638603]"
cm-nosal,original,183,372,275,0,0.14286428689956665,"[275, 346, 341, 356, 180]","[0.14286428689956665, 0.043352484703063965, 0.03757507726550102, 0.03753582388162613, 0.037497520446777344]"
cm-nosal,original,184,36,144,0,0.14531873166561127,"[144, 137, 97, 337, 344]","[0.14531873166561127, 0.1101972907781601, 0.09274066984653473, 0.06283645331859589, 0.04685511067509651]"
cm-nosal,original,185,660,525,0,0.198613241314888,"[525, 718, 462, 913, 744]","[0.198613241314888, 0.07765758782625198, 0.06285986304283142, 0.055966753512620926, 0.054427891969680786]"
cm-nosal,original,186,821,525,0,0.5179517269134521,"[525, 839, 460, 975, 562]","[0.5179517269134521, 0.20771276950836182, 0.04918628931045532, 0.030617741867899895, 0.024521468207240105]"
cm-nosal,original,187,449,718,0,0.4654998481273651,"[718, 449, 705, 706, 624]","[0.4654998481273651, 0.21006327867507935, 0.04024500399827957, 0.03233950212597847, 0.016412697732448578]"
cm-nosal,original,188,131,131,1,0.27605122327804565,"[131, 135, 108, 775, 568]","[0.27605122327804565, 0.05131649598479271, 0.04345238208770752, 0.03322959691286087, 0.032428398728370667]"
cm-nosal,original,189,576,576,1,0.9987039566040039,"[576, 814, 562, 469, 496]","[0.9987039566040039, 0.00012707592395599931, 8.040484681259841e-05, 5.364905155147426e-05, 5.140588109497912e-05]"
cm-nosal,original,190,140,140,1,0.6518287062644958,"[140, 142, 141, 129, 99]","[0.6518287062644958, 0.3359847962856293, 0.01042939256876707, 0.0004925263347104192, 0.00023776460147928447]"
cm-nosal,original,191,576,576,1,0.9222608208656311,"[576, 597, 787, 421, 420]","[0.9222608208656311, 0.004655890632420778, 0.003810015507042408, 0.0034163049422204494, 0.003038330702111125]"
cm-nosal,original,192,355,92,0,0.9268249273300171,"[92, 12, 133, 16, 134]","[0.9268249273300171, 0.024677008390426636, 0.013035408221185207, 0.008051672019064426, 0.0021038262639194727]"
cm-nosal,original,193,511,511,1,0.7990174889564514,"[511, 436, 817, 656, 581]","[0.7990174889564514, 0.10180770605802536, 0.07731638848781586, 0.006114413030445576, 0.004856339655816555]"
cm-nosal,original,194,417,417,1,0.30114471912384033,"[417, 701, 755, 976, 971]","[0.30114471912384033, 0.2719588279724121, 0.0659802109003067, 0.031287435442209244, 0.019900737330317497]"
cm-nosal,original,195,404,119,0,0.10804924368858337,"[119, 679, 121, 513, 429]","[0.10804924368858337, 0.09479397535324097, 0.06962445378303528, 0.0632874071598053, 0.05094047635793686]"
cm-nosal,original,196,701,795,0,0.2738867998123169,"[795, 557, 701, 723, 970]","[0.2738867998123169, 0.15651848912239075, 0.09027212858200073, 0.04371661692857742, 0.039135631173849106]"
cm-nosal,original,197,701,701,1,0.7837169766426086,"[701, 350, 417, 895, 146]","[0.7837169766426086, 0.029827231541275978, 0.02779904194176197, 0.014577834866940975, 0.009113750420510769]"
cm-nosal,original,198,701,701,1,0.992999792098999,"[701, 417, 557, 405, 900]","[0.992999792098999, 0.0027447333559393883, 0.001768623013049364, 0.001634433283470571, 7.080532668624073e-05]"
cm-nosal,original,199,350,701,0,0.3262249231338501,"[701, 812, 984, 958, 895]","[0.3262249231338501, 0.16299809515476227, 0.05926894769072533, 0.03539687767624855, 0.03533458337187767]"
cm-nosal,original,200,618,541,0,0.09258821606636047,"[541, 494, 171, 128, 836]","[0.09258821606636047, 0.08205607533454895, 0.05582521855831146, 0.04503354802727699, 0.044401608407497406]"
cm-nosal,original,201,984,984,1,0.7587513327598572,"[984, 975, 425, 980, 867]","[0.7587513327598572, 0.06657963991165161, 0.024744004011154175, 0.0209555272012949, 0.010873234830796719]"
cm-nosal,original,202,645,645,1,0.6055306196212769,"[645, 733, 614, 701, 74]","[0.6055306196212769, 0.08068198710680008, 0.0221310593187809, 0.021586216986179352, 0.018405670300126076]"
cm-nosal,original,203,808,850,0,0.08395779877901077,"[850, 587, 515, 6, 46]","[0.08395779877901077, 0.08238130807876587, 0.06010015681385994, 0.05196960270404816, 0.027722910046577454]"
cm-nosal,original,204,755,755,1,0.4993174374103546,"[755, 807, 657, 723, 672]","[0.4993174374103546, 0.1699528992176056, 0.039299946278333664, 0.029848678037524223, 0.021238837391138077]"
cm-nosal,original,205,663,663,1,0.722024142742157,"[663, 497, 483, 873, 698]","[0.722024142742157, 0.11086736619472504, 0.07328766584396362, 0.038855284452438354, 0.018716026097536087]"
cm-nosal,original,206,404,404,1,0.9958440661430359,"[404, 405, 908, 895, 657]","[0.9958440661430359, 0.0015374948270618916, 0.0012622927315533161, 0.0008954351651482284, 0.00022483462817035615]"
cm-nosal,original,207,540,540,1,0.9129520654678345,"[540, 517, 913, 724, 718]","[0.9129520654678345, 0.06572502106428146, 0.0019414082635194063, 0.0017056879587471485, 0.0016654783394187689]"
cm-nosal,original,208,958,984,0,0.2704251706600189,"[984, 483, 888, 425, 958]","[0.2704251706600189, 0.13738399744033813, 0.11628258228302002, 0.08990558236837387, 0.07185591757297516]"
cm-nosal,original,209,483,974,0,0.5308888554573059,"[974, 425, 497, 483, 562]","[0.5308888554573059, 0.17089132964611053, 0.04293625056743622, 0.04120924323797226, 0.03988533839583397]"
cm-nosal,original,210,898,437,0,0.22727802395820618,"[437, 846, 517, 818, 812]","[0.22727802395820618, 0.18770180642604828, 0.1378626525402069, 0.039344847202301025, 0.03839585930109024]"
cm-nosal,original,211,649,649,1,0.8368670344352722,"[649, 682, 100, 437, 976]","[0.8368670344352722, 0.11423610895872116, 0.008757336065173149, 0.008462296798825264, 0.0028060420881956816]"
cm-nosal,original,212,812,21,0,0.10774384438991547,"[21, 405, 23, 783, 701]","[0.10774384438991547, 0.08703264594078064, 0.08472652733325958, 0.07562191039323807, 0.06172715872526169]"
cm-nosal,original,213,701,701,1,0.9988237023353577,"[701, 405, 699, 417, 557]","[0.9988237023353577, 0.00047977332724258304, 0.00013630652392748743, 0.00010866048978641629, 7.762942550471053e-05]"
cm-nosal,original,214,405,701,0,0.3783521056175232,"[701, 405, 895, 33, 983]","[0.3783521056175232, 0.166029155254364, 0.10029588639736176, 0.04621376097202301, 0.03928564861416817]"
cm-nosal,original,215,832,832,1,0.6024454832077026,"[832, 437, 497, 668, 657]","[0.6024454832077026, 0.26509130001068115, 0.025837581604719162, 0.013138730078935623, 0.008624120615422726]"
cm-nosal,original,216,475,475,1,0.9870712161064148,"[475, 908, 672, 664, 812]","[0.9870712161064148, 0.001300124335102737, 0.0011567791225388646, 0.0009365114383399487, 0.0008936707163229585]"
cm-nosal,original,217,22,22,1,0.7979541420936584,"[22, 23, 21, 134, 8]","[0.7979541420936584, 0.08764141798019409, 0.05221214517951012, 0.011353356763720512, 0.005219280254095793]"
cm-nosal,original,218,724,914,0,0.41470396518707275,"[914, 780, 724, 871, 484]","[0.41470396518707275, 0.4096880555152893, 0.07488726079463959, 0.053784288465976715, 0.019728217273950577]"
cm-nosal,original,219,871,484,0,0.302619993686676,"[484, 871, 780, 733, 900]","[0.302619993686676, 0.2804808020591736, 0.15480464696884155, 0.08904234319925308, 0.07202696800231934]"
cm-nosal,original,220,807,327,0,0.22564686834812164,"[327, 723, 557, 807, 672]","[0.22564686834812164, 0.12032639980316162, 0.06919358670711517, 0.05127086117863655, 0.034966688603162766]"
cm-nosal,original,221,805,805,1,0.945078432559967,"[805, 879, 417, 831, 657]","[0.945078432559967, 0.01332950871437788, 0.0110812708735466, 0.004271962214261293, 0.001988048432394862]"
cm-nosal,original,222,405,701,0,0.3360493779182434,"[701, 783, 23, 93, 417]","[0.3360493779182434, 0.08782597631216049, 0.06923022121191025, 0.045804791152477264, 0.035508934408426285]"
cm-nosal,original,223,14,18,0,0.13932029902935028,"[18, 22, 21, 15, 12]","[0.13932029902935028, 0.11243724822998047, 0.10078676044940948, 0.07358689606189728, 0.0734318271279335]"
cm-nosal,original,224,22,24,0,0.3683752119541168,"[24, 22, 23, 448, 21]","[0.3683752119541168, 0.256853848695755, 0.1557358205318451, 0.02877001278102398, 0.022273825481534004]"
cm-nosal,original,225,404,404,1,0.9521300792694092,"[404, 405, 908, 895, 812]","[0.9521300792694092, 0.021002180874347687, 0.011023319326341152, 0.010343408212065697, 0.003514234209433198]"
cm-nosal,original,226,583,517,0,0.15919949114322662,"[517, 487, 919, 872, 835]","[0.15919949114322662, 0.14457382261753082, 0.10954128205776215, 0.10818241536617279, 0.046600040048360825]"
cm-nosal,original,227,900,900,1,0.8568033576011658,"[900, 595, 425, 812, 448]","[0.8568033576011658, 0.017116835340857506, 0.016059761866927147, 0.009197426959872246, 0.006759075913578272]"
cm-nosal,original,228,437,437,1,0.9978703260421753,"[437, 780, 517, 839, 733]","[0.9978703260421753, 0.0002135428658220917, 0.00015616693417541683, 0.00014359249325934798, 0.0001227129832841456]"
cm-nosal,original,229,345,349,0,0.17546994984149933,"[349, 354, 345, 385, 395]","[0.17546994984149933, 0.12059516459703445, 0.10012451559305191, 0.07109200954437256, 0.05880080163478851]"
cm-nosal,original,230,913,425,0,0.2171781063079834,"[425, 437, 663, 682, 755]","[0.2171781063079834, 0.0842081755399704, 0.06488791108131409, 0.05372301861643791, 0.047127388417720795]"
cm-nosal,original,231,839,580,0,0.18467803299427032,"[580, 733, 839, 799, 835]","[0.18467803299427032, 0.1475692242383957, 0.08935472369194031, 0.07451014965772629, 0.04996776953339577]"
cm-nosal,original,232,920,803,0,0.16933760046958923,"[803, 920, 895, 405, 833]","[0.16933760046958923, 0.14917589724063873, 0.13750870525836945, 0.06419067084789276, 0.03461456298828125]"
cm-nosal,original,233,802,795,0,0.17676177620887756,"[795, 205, 802, 143, 139]","[0.17676177620887756, 0.14974777400493622, 0.07839127629995346, 0.06634043157100677, 0.05817179009318352]"
cm-nosal,original,234,755,755,1,0.8757011294364929,"[755, 517, 821, 540, 718]","[0.8757011294364929, 0.039813630282878876, 0.015443449839949608, 0.009654085151851177, 0.008382461033761501]"
cm-nosal,original,235,93,21,0,0.2658674120903015,"[21, 93, 16, 94, 22]","[0.2658674120903015, 0.18003922700881958, 0.11672083288431168, 0.10943648964166641, 0.05735049024224281]"
cm-nosal,original,236,821,821,1,0.8013436794281006,"[821, 718, 449, 517, 460]","[0.8013436794281006, 0.10849837958812714, 0.012846141122281551, 0.01117712166160345, 0.006343848071992397]"
cm-nosal,original,237,437,460,0,0.4831630289554596,"[460, 978, 977, 437, 510]","[0.4831630289554596, 0.07817178219556808, 0.07623512297868729, 0.04565175622701645, 0.04075224697589874]"
cm-nosal,original,238,649,682,0,0.751764714717865,"[682, 437, 908, 3, 637]","[0.751764714717865, 0.12494164705276489, 0.022458234801888466, 0.013171891681849957, 0.009542319923639297]"
cm-nosal,original,239,682,682,1,0.6515726447105408,"[682, 497, 448, 437, 663]","[0.6515726447105408, 0.17148153483867645, 0.0808844193816185, 0.03641465678811073, 0.03389683738350868]"
cm-nosal,original,240,900,900,1,0.9997290968894958,"[900, 724, 540, 437, 863]","[0.9997290968894958, 3.6869809264317155e-05, 3.3635365980444476e-05, 3.308211307739839e-05, 2.5888510208460502e-05]"
cm-nosal,original,241,557,557,1,0.8970925211906433,"[557, 733, 9, 792, 484]","[0.8970925211906433, 0.07415729761123657, 0.0052941227331757545, 0.005286953411996365, 0.003628683043643832]"
cm-nosal,original,242,812,812,1,0.275736927986145,"[812, 616, 900, 517, 657]","[0.275736927986145, 0.11297319084405899, 0.08990933001041412, 0.05962257459759712, 0.05727200582623482]"
cm-nosal,original,243,988,988,1,0.9879040122032166,"[988, 944, 989, 311, 11]","[0.9879040122032166, 0.002163111697882414, 0.0017767582321539521, 0.0006972412811592221, 0.0006123085040599108]"
cm-nosal,original,244,322,324,0,0.8660576343536377,"[324, 325, 322, 321, 309]","[0.8660576343536377, 0.042594753205776215, 0.036350030452013016, 0.008315904065966606, 0.0035154346842318773]"
cm-nosal,original,245,131,131,1,0.3339998424053192,"[131, 114, 136, 105, 14]","[0.3339998424053192, 0.148920938372612, 0.07118099927902222, 0.039307329803705215, 0.034748196601867676]"
cm-nosal,original,246,309,985,0,0.5222541093826294,"[985, 946, 324, 309, 944]","[0.5222541093826294, 0.2541280686855316, 0.0557095967233181, 0.047855835407972336, 0.042311277240514755]"
cm-nosal,original,247,324,989,0,0.1094556450843811,"[989, 324, 377, 14, 136]","[0.1094556450843811, 0.10611486434936523, 0.07422026991844177, 0.0725230872631073, 0.04667698219418526]"
cm-nosal,original,248,133,133,1,0.8836202025413513,"[133, 40, 986, 94, 319]","[0.8836202025413513, 0.026533229276537895, 0.02263261005282402, 0.0054315924644470215, 0.004365843255072832]"
cm-nosal,original,249,988,988,1,0.31961458921432495,"[988, 97, 376, 370, 944]","[0.31961458921432495, 0.22040507197380066, 0.13714736700057983, 0.04791122302412987, 0.0361093170940876]"
cm-nosal,original,250,13,13,1,0.33731943368911743,"[13, 10, 12, 16, 21]","[0.33731943368911743, 0.24354436993598938, 0.178596630692482, 0.10933823883533478, 0.026337504386901855]"
cm-nosal,original,251,309,309,1,0.31674090027809143,"[309, 1, 572, 452, 591]","[0.31674090027809143, 0.04614025726914406, 0.040436048060655594, 0.03794100508093834, 0.028302812948822975]"
cm-nosal,original,252,991,991,1,0.6212939023971558,"[991, 985, 937, 115, 108]","[0.6212939023971558, 0.14096486568450928, 0.054191894829273224, 0.03551013022661209, 0.012061807326972485]"
cm-nosal,original,253,303,935,0,0.27141857147216797,"[935, 303, 308, 309, 937]","[0.27141857147216797, 0.17832602560520172, 0.1612773835659027, 0.056258782744407654, 0.04849962890148163]"
cm-nosal,original,254,309,985,0,0.3355291187763214,"[985, 309, 303, 325, 70]","[0.3355291187763214, 0.2277844250202179, 0.06955180317163467, 0.0640045553445816, 0.06009398400783539]"
cm-nosal,original,255,324,324,1,0.986100971698761,"[324, 325, 322, 947, 986]","[0.986100971698761, 0.01109728217124939, 0.0018208564724773169, 0.00037351768696680665, 6.385425513144583e-05]"
cm-nosal,original,256,303,17,0,0.35282230377197266,"[17, 303, 302, 92, 72]","[0.35282230377197266, 0.2572561502456665, 0.07986314594745636, 0.03350876644253731, 0.028905900195240974]"
cm-nosal,original,257,323,323,1,0.965801477432251,"[323, 321, 325, 324, 309]","[0.965801477432251, 0.020228058099746704, 0.004317786544561386, 0.0034689924214035273, 0.001224473468028009]"
cm-nosal,original,258,989,989,1,0.9913759827613831,"[989, 945, 986, 114, 939]","[0.9913759827613831, 0.001294821035116911, 0.001132858102209866, 0.0007638089591637254, 0.0006783895078115165]"
cm-nosal,original,259,324,324,1,0.863824188709259,"[324, 988, 136, 325, 309]","[0.863824188709259, 0.01618262194097042, 0.01155837345868349, 0.010529479943215847, 0.010272693820297718]"
cm-nosal,original,260,989,989,1,0.9666767120361328,"[989, 943, 945, 939, 949]","[0.9666767120361328, 0.011400765739381313, 0.009410480968654156, 0.005402722395956516, 0.001809673267416656]"
cm-nosal,original,261,323,323,1,0.4184693396091461,"[323, 584, 644, 879, 310]","[0.4184693396091461, 0.20205636322498322, 0.07788421958684921, 0.023692326620221138, 0.021318651735782623]"
cm-nosal,original,262,78,12,0,0.14243736863136292,"[12, 396, 140, 78, 135]","[0.14243736863136292, 0.12766492366790771, 0.069100521504879, 0.0580025352537632, 0.05064845085144043]"
cm-nosal,original,263,945,311,0,0.14669547975063324,"[311, 59, 313, 312, 55]","[0.14669547975063324, 0.12398697435855865, 0.11061038821935654, 0.10967104136943817, 0.10163876414299011]"
cm-nosal,original,264,303,989,0,0.07786490768194199,"[989, 304, 91, 17, 378]","[0.07786490768194199, 0.06993177533149719, 0.06986778229475021, 0.05986489728093147, 0.05503291264176369]"
cm-nosal,original,265,78,310,0,0.3240157961845398,"[310, 302, 303, 75, 300]","[0.3240157961845398, 0.18244652450084686, 0.16079075634479523, 0.09304223209619522, 0.09127604216337204]"
cm-nosal,original,266,323,323,1,0.9976488947868347,"[323, 671, 28, 56, 587]","[0.9976488947868347, 0.00175033463165164, 7.749663927825168e-05, 6.127695087343454e-05, 4.823541530640796e-05]"
cm-nosal,original,267,309,309,1,0.10569819808006287,"[309, 711, 301, 17, 397]","[0.10569819808006287, 0.0971817895770073, 0.0478791706264019, 0.04648971185088158, 0.04606330767273903]"
cm-nosal,original,268,77,31,0,0.626437246799469,"[31, 304, 943, 939, 317]","[0.626437246799469, 0.06602083891630173, 0.051328692585229874, 0.042060717940330505, 0.029163962230086327]"
cm-nosal,original,269,945,989,0,0.24079886078834534,"[989, 552, 88, 316, 945]","[0.24079886078834534, 0.09526373445987701, 0.09124662727117538, 0.06369797885417938, 0.055818066000938416]"
cm-nosal,original,270,322,310,0,0.272874116897583,"[310, 324, 309, 323, 74]","[0.272874116897583, 0.15623420476913452, 0.13255202770233154, 0.1078747808933258, 0.09221019595861435]"
cm-nosal,original,271,27,1,0,0.4429006278514862,"[1, 27, 333, 114, 356]","[0.4429006278514862, 0.24971653521060944, 0.14311324059963226, 0.015301192179322243, 0.009067066013813019]"
cm-nosal,original,272,321,321,1,0.999394416809082,"[321, 324, 309, 322, 325]","[0.999394416809082, 0.0002166574413422495, 8.792078733677045e-05, 6.850962381577119e-05, 5.368936763261445e-05]"
cm-nosal,original,273,323,323,1,0.9887130260467529,"[323, 951, 321, 723, 14]","[0.9887130260467529, 0.004732153378427029, 0.0008661865722388029, 0.0007722390000708401, 0.0007460666238330305]"
cm-nosal,original,274,937,937,1,0.8228054642677307,"[937, 329, 988, 951, 105]","[0.8228054642677307, 0.023430606350302696, 0.022210238501429558, 0.01275610364973545, 0.01188868097960949]"
cm-nosal,original,275,73,319,0,0.21574099361896515,"[319, 323, 324, 310, 309]","[0.21574099361896515, 0.1833435446023941, 0.11318306624889374, 0.0572863407433033, 0.052974991500377655]"
cm-nosal,original,276,322,322,1,0.9833216667175293,"[322, 325, 330, 869, 88]","[0.9833216667175293, 0.0065515837632119656, 0.0008210150990635157, 0.0007270856876857579, 0.000580165593419224]"
cm-nosal,original,277,40,47,0,0.17590676248073578,"[47, 46, 44, 42, 55]","[0.17590676248073578, 0.15455973148345947, 0.13342037796974182, 0.037567343562841415, 0.02994168922305107]"
cm-nosal,original,278,31,248,0,0.05404563993215561,"[248, 381, 273, 189, 469]","[0.05404563993215561, 0.04863404855132103, 0.044177621603012085, 0.03877025097608566, 0.029735224321484566]"
cm-nosal,original,279,321,321,1,0.9962167143821716,"[321, 324, 74, 90, 94]","[0.9962167143821716, 0.0011441330425441265, 0.0005739044863730669, 0.00018054366228170693, 0.00017674492846708745]"
cm-nosal,original,280,58,58,1,0.1168847605586052,"[58, 59, 31, 133, 57]","[0.1168847605586052, 0.06744395941495895, 0.06513389199972153, 0.05452509596943855, 0.04154582694172859]"
cm-nosal,original,281,309,309,1,0.4002768099308014,"[309, 935, 303, 991, 938]","[0.4002768099308014, 0.18966269493103027, 0.11379028111696243, 0.03558867424726486, 0.028808606788516045]"
cm-nosal,original,282,303,309,0,0.43482232093811035,"[309, 308, 77, 316, 310]","[0.43482232093811035, 0.08906880021095276, 0.08401774615049362, 0.039659932255744934, 0.03873977065086365]"
cm-nosal,original,283,325,325,1,0.9692474603652954,"[325, 322, 326, 324, 989]","[0.9692474603652954, 0.024891916662454605, 0.003226346103474498, 0.001242968370206654, 0.00022555112082045525]"
cm-nosal,original,284,323,323,1,0.9999412298202515,"[323, 74, 72, 73, 319]","[0.9999412298202515, 2.9946952054160647e-05, 1.0256332643621136e-05, 4.265920779289445e-06, 3.941710019716993e-06]"
cm-nosal,original,285,304,304,1,0.7790409922599792,"[304, 314, 303, 30, 237]","[0.7790409922599792, 0.11919531226158142, 0.015601582825183868, 0.006702878978103399, 0.00604366697371006]"
cm-nosal,original,286,18,18,1,0.9974000453948975,"[18, 128, 93, 134, 96]","[0.9974000453948975, 0.001105481875129044, 0.0002301747736055404, 0.0001847593521233648, 0.00013841465988662094]"
cm-nosal,original,287,178,178,1,0.681939423084259,"[178, 150, 208, 180, 209]","[0.681939423084259, 0.0877823531627655, 0.037173788994550705, 0.030456434935331345, 0.028338098898530006]"
cm-nosal,original,288,83,83,1,0.9894880056381226,"[83, 82, 86, 815, 76]","[0.9894880056381226, 0.001633881707675755, 0.0012251174775883555, 0.0009955224813893437, 0.0006187467370182276]"
cm-nosal,original,289,362,362,1,0.9277037382125854,"[362, 278, 280, 102, 336]","[0.9277037382125854, 0.011373446322977543, 0.007613047491759062, 0.005625863093882799, 0.004457054194062948]"
cm-nosal,original,290,272,299,0,0.39443689584732056,"[299, 272, 336, 356, 500]","[0.39443689584732056, 0.09951218217611313, 0.06531373411417007, 0.05742184445261955, 0.03616011515259743]"
cm-nosal,original,291,102,102,1,0.3999518156051636,"[102, 334, 106, 358, 48]","[0.3999518156051636, 0.19407624006271362, 0.10522539168596268, 0.02264379896223545, 0.019173195585608482]"
cm-nosal,original,292,423,423,1,0.9959715008735657,"[423, 410, 739, 120, 463]","[0.9959715008735657, 0.0006121381302364171, 0.000431807100540027, 0.0003612541768234223, 0.00032258182181976736]"
cm-nosal,original,293,543,286,0,0.06413708627223969,"[286, 356, 358, 391, 491]","[0.06413708627223969, 0.04895550012588501, 0.047175370156764984, 0.03484337031841278, 0.03216726332902908]"
cm-nosal,original,294,277,299,0,0.14412178099155426,"[299, 278, 175, 193, 201]","[0.14412178099155426, 0.1268010437488556, 0.050131723284721375, 0.04173845052719116, 0.03494685888290405]"
cm-nosal,original,295,428,428,1,0.39301520586013794,"[428, 730, 343, 866, 856]","[0.39301520586013794, 0.18311938643455505, 0.0419682040810585, 0.039986345916986465, 0.03185538575053215]"
cm-nosal,original,296,134,43,0,0.1808733344078064,"[43, 858, 825, 327, 50]","[0.1808733344078064, 0.09721837937831879, 0.07840248942375183, 0.0756535530090332, 0.062039218842983246]"
cm-nosal,original,297,298,298,1,0.8343855142593384,"[298, 299, 104, 362, 357]","[0.8343855142593384, 0.01794905588030815, 0.016910869628190994, 0.010674466378986835, 0.009757149964571]"
cm-nosal,original,298,170,380,0,0.08049190044403076,"[380, 188, 192, 373, 331]","[0.08049190044403076, 0.08015194535255432, 0.06549189984798431, 0.042254671454429626, 0.041885845363140106]"
cm-nosal,original,299,363,363,1,0.33314669132232666,"[363, 335, 365, 24, 281]","[0.33314669132232666, 0.07072386145591736, 0.05278978869318962, 0.03753587231040001, 0.03408293053507805]"
cm-nosal,original,300,356,291,0,0.11102978885173798,"[291, 930, 8, 331, 330]","[0.11102978885173798, 0.10152846574783325, 0.07778742909431458, 0.05371513217687607, 0.04823615774512291]"
cm-nosal,original,301,161,161,1,0.5213623642921448,"[161, 162, 167, 166, 253]","[0.5213623642921448, 0.26758313179016113, 0.07618332654237747, 0.06182253733277321, 0.01215177308768034]"
cm-nosal,original,302,254,254,1,0.6169039011001587,"[254, 245, 242, 105, 180]","[0.6169039011001587, 0.12241840362548828, 0.026004670187830925, 0.015515056438744068, 0.012925613671541214]"
cm-nosal,original,303,145,145,1,0.9999997615814209,"[145, 18, 146, 97, 96]","[0.9999997615814209, 1.7157974241399643e-07, 4.341919535022498e-08, 1.741542021704845e-08, 1.2487472389466348e-08]"
cm-nosal,original,304,171,104,0,0.10480664670467377,"[104, 373, 374, 278, 381]","[0.10480664670467377, 0.08460444211959839, 0.07443678379058838, 0.06487781554460526, 0.0491136871278286]"
cm-nosal,original,305,299,82,0,0.1439133882522583,"[82, 86, 272, 318, 331]","[0.1439133882522583, 0.07736582309007645, 0.03409995511174202, 0.034078169614076614, 0.03318106755614281]"
cm-nosal,original,306,251,251,1,0.8906314373016357,"[251, 222, 397, 115, 212]","[0.8906314373016357, 0.03855816274881363, 0.006059057544916868, 0.005604267586022615, 0.005065907724201679]"
cm-nosal,original,307,292,292,1,0.41073015332221985,"[292, 254, 282, 281, 202]","[0.41073015332221985, 0.10979414731264114, 0.06258155405521393, 0.03456787019968033, 0.03189641237258911]"
cm-nosal,original,308,77,77,1,0.2076703906059265,"[77, 46, 825, 315, 120]","[0.2076703906059265, 0.1153184249997139, 0.08198259025812149, 0.06299902498722076, 0.04200567677617073]"
cm-nosal,original,309,305,305,1,0.34818798303604126,"[305, 997, 947, 988, 995]","[0.34818798303604126, 0.12242051959037781, 0.06935882568359375, 0.053860537707805634, 0.038707222789525986]"
cm-nosal,original,310,299,360,0,0.22845935821533203,"[360, 282, 342, 334, 337]","[0.22845935821533203, 0.048172153532505035, 0.038295239210128784, 0.03459114208817482, 0.028460899367928505]"
cm-nosal,original,311,83,83,1,0.6660950183868408,"[83, 133, 37, 360, 852]","[0.6660950183868408, 0.05573752894997597, 0.025578534230589867, 0.013694636523723602, 0.009053649380803108]"
cm-nosal,original,312,362,362,1,0.28774723410606384,"[362, 287, 280, 331, 272]","[0.28774723410606384, 0.08471015840768814, 0.056036680936813354, 0.04495229572057724, 0.0396224707365036]"
cm-nosal,original,313,85,85,1,0.9851809740066528,"[85, 63, 81, 331, 140]","[0.9851809740066528, 0.004209455568343401, 0.0015111826360225677, 0.0014442239189520478, 0.0010350056691095233]"
cm-nosal,original,314,203,203,1,0.9344392418861389,"[203, 185, 192, 188, 202]","[0.9344392418861389, 0.017791302874684334, 0.01723422110080719, 0.009244364686310291, 0.005596572998911142]"
cm-nosal,original,315,79,301,0,0.17926809191703796,"[301, 113, 738, 989, 27]","[0.17926809191703796, 0.07914595305919647, 0.07148133963346481, 0.05076322704553604, 0.050102103501558304]"
cm-nosal,original,316,71,71,1,0.4340340793132782,"[71, 993, 115, 140, 269]","[0.4340340793132782, 0.11887407302856445, 0.031819406896829605, 0.02751537412405014, 0.023919662460684776]"
cm-nosal,original,317,298,994,0,0.3155369162559509,"[994, 298, 114, 61, 330]","[0.3155369162559509, 0.2377723902463913, 0.056395966559648514, 0.05102171376347542, 0.04717981070280075]"
cm-nosal,original,318,336,336,1,0.1608496457338333,"[336, 335, 12, 355, 274]","[0.1608496457338333, 0.13166444003582, 0.11903708428144455, 0.08391159027814865, 0.07664137333631516]"
cm-nosal,original,319,425,425,1,0.7788459062576294,"[425, 449, 497, 421, 912]","[0.7788459062576294, 0.07439794391393661, 0.02469140850007534, 0.01087650004774332, 0.010149708017706871]"
cm-nosal,original,320,137,131,0,0.22939065098762512,"[131, 997, 136, 18, 91]","[0.22939065098762512, 0.09779347479343414, 0.06568605452775955, 0.05598064884543419, 0.04404671862721443]"
cm-nosal,original,321,372,275,0,0.06314912438392639,"[275, 120, 79, 23, 276]","[0.06314912438392639, 0.0629337951540947, 0.0516267791390419, 0.05051279440522194, 0.04338569939136505]"
cm-nosal,original,322,958,671,0,0.08458921313285828,"[671, 825, 332, 649, 970]","[0.08458921313285828, 0.05002392455935478, 0.033461298793554306, 0.024823937565088272, 0.02436514012515545]"
cm-nosal,original,323,232,348,0,0.07280774414539337,"[348, 184, 186, 225, 209]","[0.07280774414539337, 0.04300538823008537, 0.03455624729394913, 0.029748791828751564, 0.02693159691989422]"
cm-nosal,original,324,279,296,0,0.46927201747894287,"[296, 279, 348, 270, 81]","[0.46927201747894287, 0.28785499930381775, 0.0707361251115799, 0.052792295813560486, 0.02045702002942562]"
cm-nosal,original,325,146,269,0,0.09986289590597153,"[269, 272, 350, 141, 671]","[0.09986289590597153, 0.08150797337293625, 0.05840269848704338, 0.04268239066004753, 0.02776067890226841]"
cm-nosal,original,326,352,350,0,0.18945011496543884,"[350, 352, 276, 349, 348]","[0.18945011496543884, 0.17759095132350922, 0.0691409632563591, 0.05322936549782753, 0.028303002938628197]"
cm-nosal,original,327,958,958,1,0.8312301635742188,"[958, 649, 825, 980, 979]","[0.8312301635742188, 0.053220219910144806, 0.03156054764986038, 0.021934131160378456, 0.01156502403318882]"
cm-nosal,original,328,958,958,1,0.9142999649047852,"[958, 649, 425, 282, 912]","[0.9142999649047852, 0.016758497804403305, 0.007981405593454838, 0.006217500194907188, 0.004953972529619932]"
cm-nosal,original,329,275,275,1,0.6573119163513184,"[275, 172, 269, 349, 212]","[0.6573119163513184, 0.09761137515306473, 0.0357588566839695, 0.02278592251241207, 0.020068027079105377]"
cm-nosal,original,330,888,888,1,0.748345673084259,"[888, 975, 525, 449, 821]","[0.748345673084259, 0.08351779729127884, 0.035587020218372345, 0.028212038800120354, 0.02603224478662014]"
cm-nosal,original,331,352,730,0,0.48141801357269287,"[730, 352, 25, 71, 119]","[0.48141801357269287, 0.11789344996213913, 0.05651208013296127, 0.05263016000390053, 0.03133198246359825]"
cm-nosal,original,332,85,85,1,0.6535313129425049,"[85, 86, 84, 138, 99]","[0.6535313129425049, 0.043595992028713226, 0.03661242127418518, 0.026751449331641197, 0.024724135175347328]"
cm-nosal,original,333,9,9,1,0.4462837278842926,"[9, 276, 336, 177, 350]","[0.4462837278842926, 0.19136667251586914, 0.048026807606220245, 0.041446100920438766, 0.02950378507375717]"
cm-nosal,original,334,199,357,0,0.18281787633895874,"[357, 297, 295, 358, 37]","[0.18281787633895874, 0.09250394999980927, 0.0877465158700943, 0.03727622702717781, 0.03693158179521561]"
cm-nosal,original,335,522,805,0,0.3422199785709381,"[805, 768, 522, 880, 870]","[0.3422199785709381, 0.15053637325763702, 0.13420556485652924, 0.12244100123643875, 0.0255520511418581]"
cm-nosal,original,336,340,410,0,0.3018970489501953,"[410, 780, 900, 914, 890]","[0.3018970489501953, 0.09051869064569473, 0.076146200299263, 0.03835786506533623, 0.028857246041297913]"
cm-nosal,original,337,9,9,1,0.8724672794342041,"[9, 275, 355, 170, 182]","[0.8724672794342041, 0.021758588030934334, 0.018126538023352623, 0.011558445170521736, 0.010633890517055988]"
cm-nosal,original,338,386,386,1,0.6046932935714722,"[386, 385, 101, 348, 346]","[0.6046932935714722, 0.16034241020679474, 0.05283801257610321, 0.04494048282504082, 0.03648088872432709]"
cm-nosal,original,339,274,272,0,0.23759794235229492,"[272, 269, 273, 9, 355]","[0.23759794235229492, 0.07518357783555984, 0.07450471073389053, 0.06415282189846039, 0.062120482325553894]"
cm-nosal,original,340,274,274,1,0.16332024335861206,"[274, 271, 262, 373, 259]","[0.16332024335861206, 0.10173854976892471, 0.09534064680337906, 0.08595119416713715, 0.049399472773075104]"
cm-nosal,original,341,254,245,0,0.35046547651290894,"[245, 254, 253, 263, 151]","[0.35046547651290894, 0.1312788724899292, 0.06402171403169632, 0.05199679732322693, 0.030862925574183464]"
cm-nosal,original,342,185,193,0,0.19724057614803314,"[193, 185, 192, 187, 186]","[0.19724057614803314, 0.16720029711723328, 0.06790214031934738, 0.06527774780988693, 0.06401491910219193]"
cm-nosal,original,343,169,355,0,0.12166841328144073,"[355, 191, 189, 265, 372]","[0.12166841328144073, 0.09309515357017517, 0.0806136354804039, 0.06871341913938522, 0.04171155020594597]"
cm-nosal,original,344,193,192,0,0.1440049707889557,"[192, 182, 187, 193, 204]","[0.1440049707889557, 0.1047610491514206, 0.08689452707767487, 0.07509517669677734, 0.04771969094872475]"
cm-nosal,original,345,355,888,0,0.2602503001689911,"[888, 145, 924, 146, 69]","[0.2602503001689911, 0.06112086400389671, 0.049834802746772766, 0.04166257008910179, 0.041085194796323776]"
cm-nosal,original,346,83,83,1,0.8990121483802795,"[83, 133, 142, 141, 135]","[0.8990121483802795, 0.04035310819745064, 0.01824774593114853, 0.008278005756437778, 0.006628905888646841]"
cm-nosal,original,347,355,355,1,0.8337931036949158,"[355, 200, 192, 231, 160]","[0.8337931036949158, 0.027743766084313393, 0.02322247065603733, 0.016469741240143776, 0.009860056452453136]"
cm-nosal,original,348,172,339,0,0.14084629714488983,"[339, 170, 209, 246, 348]","[0.14084629714488983, 0.1004875898361206, 0.07971594482660294, 0.05023126304149628, 0.04471253976225853]"
cm-nosal,original,349,958,958,1,0.7905702590942383,"[958, 84, 649, 806, 347]","[0.7905702590942383, 0.043486710637807846, 0.04045718163251877, 0.014657245948910713, 0.009690343402326107]"
cm-nosal,original,350,425,425,1,0.9481543898582458,"[425, 912, 984, 853, 888]","[0.9481543898582458, 0.008319849148392677, 0.007606966886669397, 0.007347641512751579, 0.005571918562054634]"
cm-nosal,original,351,958,958,1,0.8769334554672241,"[958, 348, 347, 350, 345]","[0.8769334554672241, 0.03794942423701286, 0.011040459387004375, 0.010445632040500641, 0.00914923008531332]"
cm-nosal,original,352,425,425,1,0.9084622859954834,"[425, 672, 915, 131, 339]","[0.9084622859954834, 0.02822599746286869, 0.017059223726391792, 0.012901894748210907, 0.0112743079662323]"
cm-nosal,original,353,681,0,0,0.1924106627702713,"[0, 264, 391, 428, 395]","[0.1924106627702713, 0.06758173555135727, 0.059304676949977875, 0.05340331420302391, 0.039084672927856445]"
cm-nosal,original,354,755,755,1,0.2594529092311859,"[755, 727, 562, 538, 975]","[0.2594529092311859, 0.14489315450191498, 0.04892875626683235, 0.04850161820650101, 0.043695587664842606]"
cm-nosal,original,355,251,251,1,0.630671501159668,"[251, 353, 249, 912, 703]","[0.630671501159668, 0.09484495222568512, 0.0323856882750988, 0.028905779123306274, 0.02144809626042843]"
cm-nosal,original,356,209,209,1,0.10722548514604568,"[209, 276, 211, 178, 343]","[0.10722548514604568, 0.10514874011278152, 0.08733338117599487, 0.08169733732938766, 0.048121578991413116]"
cm-nosal,original,357,872,381,0,0.13977696001529694,"[381, 413, 990, 850, 76]","[0.13977696001529694, 0.03691299632191658, 0.033994950354099274, 0.02991628274321556, 0.021667657420039177]"
cm-nosal,original,358,177,177,1,0.21752409636974335,"[177, 385, 224, 233, 297]","[0.21752409636974335, 0.1909020096063614, 0.1034868061542511, 0.07471966743469238, 0.04533999785780907]"
cm-nosal,original,359,172,172,1,0.2792399525642395,"[172, 291, 186, 272, 274]","[0.2792399525642395, 0.19409923255443573, 0.04919382184743881, 0.04270639643073082, 0.030521642416715622]"
cm-nosal,original,360,425,425,1,0.9709060788154602,"[425, 660, 448, 853, 449]","[0.9709060788154602, 0.00727276923134923, 0.0021905875764787197, 0.0016774543328210711, 0.0010595035273581743]"
cm-nosal,original,361,191,191,1,0.45387935638427734,"[191, 192, 189, 226, 186]","[0.45387935638427734, 0.12653766572475433, 0.12581509351730347, 0.07066012173891068, 0.04446212947368622]"
cm-nosal,original,362,23,84,0,0.22633448243141174,"[84, 16, 21, 128, 23]","[0.22633448243141174, 0.1742212027311325, 0.05012849345803261, 0.04136786237359047, 0.028386227786540985]"
cm-nosal,original,363,353,350,0,0.16132816672325134,"[350, 339, 180, 253, 353]","[0.16132816672325134, 0.11803493648767471, 0.0869361162185669, 0.05821949616074562, 0.0459524467587471]"
cm-nosal,original,364,209,209,1,0.09739746898412704,"[209, 238, 355, 240, 345]","[0.09739746898412704, 0.09704514592885971, 0.060648560523986816, 0.05236980691552162, 0.0466134212911129]"
cm-nosal,original,365,352,703,0,0.059695784002542496,"[703, 880, 84, 428, 391]","[0.059695784002542496, 0.05701945349574089, 0.04476794973015785, 0.03193721920251846, 0.031478144228458405]"
cm-nosal,original,366,690,595,0,0.22694094479084015,"[595, 866, 730, 637, 671]","[0.22694094479084015, 0.135216623544693, 0.12098530679941177, 0.09474481642246246, 0.07458744943141937]"
cm-nosal,original,367,348,348,1,0.31727445125579834,"[348, 349, 294, 341, 346]","[0.31727445125579834, 0.19073164463043213, 0.14075933396816254, 0.048840876668691635, 0.046140335500240326]"
cm-nosal,original,368,336,946,0,0.0809210017323494,"[946, 331, 86, 374, 82]","[0.0809210017323494, 0.0801844447851181, 0.06949345767498016, 0.048737213015556335, 0.048281215131282806]"
cm-nosal,original,369,574,574,1,0.999427855014801,"[574, 852, 99, 989, 429]","[0.999427855014801, 8.806018013274297e-05, 7.918370829429477e-05, 2.477322232152801e-05, 2.474651591910515e-05]"
cm-nosal,original,370,172,172,1,0.3085797429084778,"[172, 217, 348, 195, 213]","[0.3085797429084778, 0.08438289910554886, 0.040819767862558365, 0.033684808760881424, 0.0261733066290617]"
cm-nosal,original,371,428,428,1,0.8221086263656616,"[428, 525, 730, 706, 912]","[0.8221086263656616, 0.0405338890850544, 0.02150706946849823, 0.008287778124213219, 0.007507552858442068]"
cm-nosal,original,372,277,278,0,0.23241648077964783,"[278, 277, 274, 330, 293]","[0.23241648077964783, 0.11109694093465805, 0.07067883014678955, 0.04278364032506943, 0.04228612035512924]"
cm-nosal,original,373,209,342,0,0.22687743604183197,"[342, 349, 347, 209, 348]","[0.22687743604183197, 0.11937212944030762, 0.08131556957960129, 0.0671582818031311, 0.04782433807849884]"
cm-nosal,original,374,575,575,1,0.9262043833732605,"[575, 621, 731, 456, 171]","[0.9262043833732605, 0.004836886655539274, 0.0035966120194643736, 0.0034908398520201445, 0.003147349925711751]"
cm-nosal,original,375,958,958,1,0.9208934307098389,"[958, 649, 972, 976, 347]","[0.9208934307098389, 0.067901611328125, 0.006346560548990965, 0.0014531364431604743, 0.00029441420338116586]"
cm-nosal,original,376,340,340,1,0.29209327697753906,"[340, 292, 116, 282, 293]","[0.29209327697753906, 0.1093873679637909, 0.06280480325222015, 0.059049997478723526, 0.04854113608598709]"
cm-nosal,original,377,191,274,0,0.09000308066606522,"[274, 293, 191, 343, 291]","[0.09000308066606522, 0.04860040917992592, 0.04021710529923439, 0.03977682814002037, 0.037712112069129944]"
cm-nosal,original,378,232,239,0,0.32887089252471924,"[239, 217, 238, 232, 247]","[0.32887089252471924, 0.1894349604845047, 0.10419673472642899, 0.07634866237640381, 0.07348991930484772]"
cm-nosal,original,379,352,343,0,0.14184485375881195,"[343, 274, 352, 83, 278]","[0.14184485375881195, 0.09774082899093628, 0.0933988094329834, 0.08240702748298645, 0.0351262129843235]"
cm-nosal,original,380,373,373,1,0.1662174016237259,"[373, 381, 372, 106, 336]","[0.1662174016237259, 0.07803600281476974, 0.07416459918022156, 0.05557331442832947, 0.041865576058626175]"
cm-nosal,original,381,353,646,0,0.11924341320991516,"[646, 9, 104, 141, 140]","[0.11924341320991516, 0.088034987449646, 0.08591525256633759, 0.07028649002313614, 0.051324263215065]"
cm-nosal,original,382,888,888,1,0.9772891402244568,"[888, 958, 649, 646, 347]","[0.9772891402244568, 0.0077608367428183556, 0.00394294923171401, 0.0012291963212192059, 0.0011386621044948697]"
cm-nosal,original,383,286,102,0,0.2532617151737213,"[102, 9, 500, 54, 334]","[0.2532617151737213, 0.11420060694217682, 0.096157006919384, 0.06272021681070328, 0.030244335532188416]"
cm-nosal,original,384,299,299,1,0.8349794149398804,"[299, 376, 372, 271, 287]","[0.8349794149398804, 0.030019709840416908, 0.016026686877012253, 0.01027471199631691, 0.008770902641117573]"
cm-nosal,original,385,350,350,1,0.1389128416776657,"[350, 209, 287, 299, 269]","[0.1389128416776657, 0.05862731114029884, 0.054155610501766205, 0.045617081224918365, 0.040946222841739655]"
cm-nosal,original,386,143,143,1,0.9292283654212952,"[143, 146, 150, 20, 128]","[0.9292283654212952, 0.011336668394505978, 0.0070964982733130455, 0.00539432605728507, 0.005063814111053944]"
cm-nosal,original,387,336,336,1,0.7485619187355042,"[336, 48, 39, 109, 58]","[0.7485619187355042, 0.07330742478370667, 0.023756125941872597, 0.01802234537899494, 0.014578718692064285]"
cm-nosal,original,388,353,381,0,0.09439050406217575,"[381, 88, 775, 391, 55]","[0.09439050406217575, 0.08280446380376816, 0.07886012643575668, 0.04363309592008591, 0.039757534861564636]"
cm-nosal,original,389,305,938,0,0.4332643449306488,"[938, 28, 937, 305, 995]","[0.4332643449306488, 0.04138835147023201, 0.039289843291044235, 0.038508638739585876, 0.02947293408215046]"
cm-nosal,original,390,349,348,0,0.3162245452404022,"[348, 347, 349, 372, 294]","[0.3162245452404022, 0.19866903126239777, 0.1290561556816101, 0.045945484191179276, 0.02760700136423111]"
cm-nosal,original,391,11,825,0,0.4556501805782318,"[825, 327, 58, 119, 65]","[0.4556501805782318, 0.10739001631736755, 0.05491838604211807, 0.0504196397960186, 0.02266564592719078]"
cm-nosal,original,392,26,125,0,0.20258153975009918,"[125, 307, 113, 115, 77]","[0.20258153975009918, 0.14291121065616608, 0.12737737596035004, 0.027106348425149918, 0.02454320713877678]"
cm-nosal,original,393,336,336,1,0.4886881113052368,"[336, 42, 298, 299, 41]","[0.4886881113052368, 0.2605566084384918, 0.02973526529967785, 0.024336010217666626, 0.022907989099621773]"
cm-nosal,original,394,79,27,0,0.22043612599372864,"[27, 119, 114, 56, 125]","[0.22043612599372864, 0.15374532341957092, 0.10827191174030304, 0.04004567116498947, 0.038255710154771805]"
cm-nosal,original,395,63,924,0,0.13970284163951874,"[924, 54, 987, 329, 750]","[0.13970284163951874, 0.06698945164680481, 0.058562424033880234, 0.05080321058630943, 0.03850356116890907]"
cm-nosal,original,396,349,348,0,0.857045590877533,"[348, 349, 350, 22, 23]","[0.857045590877533, 0.10343983769416809, 0.014098726212978363, 0.003609389066696167, 0.0031083235517144203]"
cm-nosal,original,397,17,59,0,0.13756334781646729,"[59, 64, 50, 55, 39]","[0.13756334781646729, 0.1287505179643631, 0.09958144277334213, 0.08349250257015228, 0.036680493503808975]"
cm-nosal,original,398,354,387,0,0.07336238771677017,"[387, 287, 286, 269, 104]","[0.07336238771677017, 0.06998425722122192, 0.05821535736322403, 0.0515383817255497, 0.04932575672864914]"
cm-nosal,original,399,172,276,0,0.1017819344997406,"[276, 278, 277, 299, 269]","[0.1017819344997406, 0.09557078778743744, 0.0599907785654068, 0.05297654867172241, 0.03862171247601509]"
cm-nosal,original,400,390,390,1,0.8000776767730713,"[390, 327, 816, 55, 65]","[0.8000776767730713, 0.07584962248802185, 0.045460257679224014, 0.008741404861211777, 0.007716548163443804]"
cm-nosal,original,401,42,58,0,0.38538646697998047,"[58, 119, 115, 81, 125]","[0.38538646697998047, 0.21560119092464447, 0.04792327806353569, 0.03018977679312229, 0.01755032315850258]"
cm-nosal,original,402,251,251,1,0.6921445727348328,"[251, 54, 38, 45, 53]","[0.6921445727348328, 0.037442609667778015, 0.037246908992528915, 0.023751379922032356, 0.023423388600349426]"
cm-nosal,original,403,13,997,0,0.20844891667366028,"[997, 994, 995, 13, 81]","[0.20844891667366028, 0.09912844747304916, 0.06436560302972794, 0.060198623687028885, 0.059858862310647964]"
cm-nosal,original,404,139,139,1,0.9937684535980225,"[139, 81, 177, 8, 275]","[0.9937684535980225, 0.0020643335301429033, 0.00043377632391639054, 0.00031332505750469863, 0.0003112439007963985]"
cm-nosal,original,405,336,336,1,0.8601269125938416,"[336, 373, 283, 299, 372]","[0.8601269125938416, 0.021553052589297295, 0.014697946608066559, 0.012087295763194561, 0.007712259888648987]"
cm-nosal,original,406,277,139,0,0.2308012992143631,"[139, 271, 140, 213, 277]","[0.2308012992143631, 0.10377444326877594, 0.04377502575516701, 0.03884974867105484, 0.03661784157156944]"
cm-nosal,original,407,375,365,0,0.09494594484567642,"[365, 368, 375, 377, 9]","[0.09494594484567642, 0.09292412549257278, 0.08522888273000717, 0.05352441966533661, 0.05249612405896187]"
cm-nosal,original,408,26,12,0,0.1886477768421173,"[12, 113, 94, 307, 316]","[0.1886477768421173, 0.08372391760349274, 0.07757158577442169, 0.0576828196644783, 0.04524218663573265]"
cm-nosal,original,409,295,295,1,0.27235954999923706,"[295, 369, 297, 375, 367]","[0.27235954999923706, 0.21034936606884003, 0.08221138268709183, 0.037752751260995865, 0.030763186514377594]"
cm-nosal,original,410,674,596,0,0.07513608783483505,"[596, 703, 519, 428, 313]","[0.07513608783483505, 0.05637547746300697, 0.05501022934913635, 0.05183784291148186, 0.05097677558660507]"
cm-nosal,original,411,57,57,1,0.5407797694206238,"[57, 825, 385, 41, 343]","[0.5407797694206238, 0.08175352215766907, 0.0379604808986187, 0.03623516857624054, 0.024830713868141174]"
cm-nosal,original,412,59,825,0,0.5036264657974243,"[825, 988, 119, 51, 57]","[0.5036264657974243, 0.07621482014656067, 0.05137655511498451, 0.036693159490823746, 0.03570910543203354]"
cm-nosal,original,413,357,336,0,0.6984521746635437,"[336, 349, 357, 350, 972]","[0.6984521746635437, 0.032831478863954544, 0.027680646628141403, 0.0275278277695179, 0.01581091806292534]"
cm-nosal,original,414,336,336,1,0.9724703431129456,"[336, 294, 298, 356, 299]","[0.9724703431129456, 0.007860448211431503, 0.0042088949121534824, 0.0023356496822088957, 0.0011617415584623814]"
cm-nosal,original,415,86,86,1,0.14148634672164917,"[86, 82, 10, 429, 139]","[0.14148634672164917, 0.13411150872707367, 0.053718145936727524, 0.04096005856990814, 0.03732241690158844]"
cm-nosal,original,416,62,42,0,0.3597297668457031,"[42, 970, 972, 979, 36]","[0.3597297668457031, 0.14556355774402618, 0.06627004593610764, 0.03460361436009407, 0.03450727462768555]"
cm-nosal,original,417,677,52,0,0.07852742820978165,"[52, 825, 602, 327, 488]","[0.07852742820978165, 0.06958816945552826, 0.04773051291704178, 0.04467127472162247, 0.0391092449426651]"
cm-nosal,original,418,387,356,0,0.2890819013118744,"[356, 387, 162, 278, 151]","[0.2890819013118744, 0.24511893093585968, 0.03351082652807236, 0.033101245760917664, 0.028657643124461174]"
cm-nosal,original,419,85,138,0,0.5138587355613708,"[138, 141, 83, 127, 99]","[0.5138587355613708, 0.20638348162174225, 0.039551813155412674, 0.038100361824035645, 0.029695603996515274]"
cm-nosal,original,420,544,728,0,0.07690294086933136,"[728, 23, 935, 991, 616]","[0.07690294086933136, 0.050157152116298676, 0.036945831030607224, 0.03454359248280525, 0.030037060379981995]"
cm-nosal,original,421,77,76,0,0.8252326846122742,"[76, 77, 74, 73, 219]","[0.8252326846122742, 0.08238239586353302, 0.010377531871199608, 0.006900022737681866, 0.0041098082438111305]"
cm-nosal,original,422,357,81,0,0.5370148420333862,"[81, 135, 357, 136, 336]","[0.5370148420333862, 0.024815402925014496, 0.019379429519176483, 0.01910407841205597, 0.01823885552585125]"
cm-nosal,original,423,383,383,1,0.9234172701835632,"[383, 299, 371, 291, 76]","[0.9234172701835632, 0.018788659945130348, 0.01677916757762432, 0.007562956772744656, 0.0042359246872365475]"
cm-nosal,original,424,277,277,1,0.13786692917346954,"[277, 365, 298, 387, 271]","[0.13786692917346954, 0.10183300822973251, 0.07091307640075684, 0.055341046303510666, 0.05525129288434982]"
cm-nosal,original,425,803,803,1,0.31271064281463623,"[803, 866, 595, 779, 517]","[0.31271064281463623, 0.2652387320995331, 0.053382180631160736, 0.028943520039319992, 0.023678012192249298]"
cm-nosal,original,426,792,84,0,0.08205894380807877,"[84, 580, 637, 723, 738]","[0.08205894380807877, 0.07145564258098602, 0.055708352476358414, 0.044777221977710724, 0.04418594762682915]"
cm-nosal,original,427,795,795,1,0.6649131774902344,"[795, 802, 913, 537, 161]","[0.6649131774902344, 0.04124409705400467, 0.027641693130135536, 0.020224686712026596, 0.013971146196126938]"
cm-nosal,original,428,83,83,1,0.9686548113822937,"[83, 775, 282, 842, 86]","[0.9686548113822937, 0.0044294605031609535, 0.002852117642760277, 0.0021769648883491755, 0.002102508442476392]"
cm-nosal,original,429,24,128,0,0.1469489187002182,"[128, 462, 386, 127, 205]","[0.1469489187002182, 0.1118001937866211, 0.057884637266397476, 0.045661281794309616, 0.030428767204284668]"
cm-nosal,original,430,802,517,0,0.1174822449684143,"[517, 433, 676, 693, 595]","[0.1174822449684143, 0.07973968237638474, 0.0705147236585617, 0.03173389658331871, 0.031466662883758545]"
cm-nosal,original,431,491,599,0,0.043950680643320084,"[599, 537, 428, 476, 131]","[0.043950680643320084, 0.03687640652060509, 0.03145911917090416, 0.03137420862913132, 0.031045304611325264]"
cm-nosal,original,432,277,360,0,0.1615758240222931,"[360, 98, 213, 272, 158]","[0.1615758240222931, 0.10775522887706757, 0.056375522166490555, 0.04718997702002525, 0.04498104751110077]"
cm-nosal,original,433,802,802,1,0.9483233094215393,"[802, 573, 97, 814, 537]","[0.9483233094215393, 0.013335485011339188, 0.005890384316444397, 0.0037540565244853497, 0.0031455433927476406]"
cm-nosal,original,434,802,802,1,0.9726741909980774,"[802, 537, 795, 491, 444]","[0.9726741909980774, 0.013417603448033333, 0.0025997820775955915, 0.0016229256289079785, 0.0010755134280771017]"
cm-nosal,original,435,516,395,0,0.13108393549919128,"[395, 391, 492, 738, 516]","[0.13108393549919128, 0.1260642409324646, 0.11886268109083176, 0.04970860481262207, 0.04516475647687912]"
cm-nosal,original,436,13,13,1,0.8909285068511963,"[13, 10, 16, 15, 19]","[0.8909285068511963, 0.03632647171616554, 0.02488250657916069, 0.023714877665042877, 0.014991160482168198]"
cm-nosal,original,437,296,296,1,0.8093202710151672,"[296, 348, 270, 258, 279]","[0.8093202710151672, 0.05271394923329353, 0.021574072539806366, 0.015312978066504002, 0.01436474546790123]"
cm-nosal,original,438,425,425,1,0.3719051480293274,"[425, 915, 657, 258, 762]","[0.3719051480293274, 0.06212737783789635, 0.03393732011318207, 0.03116307593882084, 0.03003842756152153]"
cm-nosal,original,439,223,223,1,0.22062836587429047,"[223, 258, 18, 256, 279]","[0.22062836587429047, 0.19890089333057404, 0.027829289436340332, 0.027338245883584023, 0.01570284552872181]"
cm-nosal,original,440,795,795,1,0.1801130771636963,"[795, 835, 880, 144, 792]","[0.1801130771636963, 0.06728867441415787, 0.05590314418077469, 0.04037320613861084, 0.036959271878004074]"
cm-nosal,original,441,13,13,1,0.1734485924243927,"[13, 9, 397, 309, 76]","[0.1734485924243927, 0.07282126694917679, 0.06252926588058472, 0.03353848680853844, 0.032882239669561386]"
cm-nosal,original,442,227,224,0,0.35914164781570435,"[224, 256, 244, 246, 197]","[0.35914164781570435, 0.12300190329551697, 0.04980035871267319, 0.03689775615930557, 0.03656061738729477]"
cm-nosal,original,443,867,562,0,0.17971813678741455,"[562, 660, 867, 425, 458]","[0.17971813678741455, 0.10855795443058014, 0.08277206867933273, 0.06386980414390564, 0.05678119882941246]"
cm-nosal,original,444,232,232,1,0.2223859280347824,"[232, 229, 217, 256, 155]","[0.2223859280347824, 0.135706827044487, 0.1031239926815033, 0.060928162187337875, 0.05666129291057587]"
cm-nosal,original,445,795,795,1,0.9856283664703369,"[795, 450, 537, 880, 830]","[0.9856283664703369, 0.0014909639721736312, 0.0014052068581804633, 0.001399836502969265, 0.0012038764543831348]"
cm-nosal,original,446,81,81,1,0.8986505270004272,"[81, 146, 127, 296, 20]","[0.8986505270004272, 0.0654677227139473, 0.006364526692777872, 0.002737766597419977, 0.0021930893417447805]"
cm-nosal,original,447,238,445,0,0.06670177727937698,"[445, 238, 241, 253, 172]","[0.06670177727937698, 0.048076122999191284, 0.043470948934555054, 0.036247752606868744, 0.03279535472393036]"
cm-nosal,original,448,296,265,0,0.2684877812862396,"[265, 296, 270, 850, 222]","[0.2684877812862396, 0.25950291752815247, 0.10791754722595215, 0.06756831705570221, 0.057001739740371704]"
cm-nosal,original,449,172,172,1,0.9796342253684998,"[172, 792, 222, 173, 247]","[0.9796342253684998, 0.002674248069524765, 0.0026693937834352255, 0.00133693334646523, 0.0012635423336178064]"
cm-nosal,original,450,178,159,0,0.24848511815071106,"[159, 349, 209, 205, 262]","[0.24848511815071106, 0.1117699071764946, 0.08397252857685089, 0.06534580886363983, 0.06439220160245895]"
cm-nosal,original,451,803,970,0,0.17326414585113525,"[970, 795, 803, 510, 595]","[0.17326414585113525, 0.15748295187950134, 0.11500808596611023, 0.10718409717082977, 0.0832771509885788]"
cm-nosal,original,452,331,131,0,0.9128158688545227,"[131, 134, 394, 331, 294]","[0.9128158688545227, 0.006882066372781992, 0.004291112069040537, 0.00382077693939209, 0.003102787770330906]"
cm-nosal,original,453,292,292,1,0.18994943797588348,"[292, 282, 474, 285, 883]","[0.18994943797588348, 0.10842621326446533, 0.09626517444849014, 0.05730746313929558, 0.03806392475962639]"
cm-nosal,original,454,787,971,0,0.04488386586308479,"[971, 410, 544, 876, 637]","[0.04488386586308479, 0.043004024773836136, 0.04272657632827759, 0.031946223229169846, 0.024105146527290344]"
cm-nosal,original,455,231,258,0,0.11569289863109589,"[258, 974, 260, 231, 267]","[0.11569289863109589, 0.08350429683923721, 0.07873207330703735, 0.041032008826732635, 0.0354115329682827]"
cm-nosal,original,456,81,81,1,0.9659580588340759,"[81, 6, 792, 5, 700]","[0.9659580588340759, 0.016893310472369194, 0.0010289667407050729, 0.0008140557329170406, 0.0006699701771140099]"
cm-nosal,original,457,803,803,1,0.6155569553375244,"[803, 847, 786, 792, 547]","[0.6155569553375244, 0.07271105796098709, 0.02165514975786209, 0.017206013202667236, 0.0164276622235775]"
cm-nosal,original,458,792,537,0,0.07376604527235031,"[537, 795, 203, 193, 450]","[0.07376604527235031, 0.07208997011184692, 0.045250337570905685, 0.045110903680324554, 0.04478367418050766]"
cm-nosal,original,459,654,388,0,0.392174631357193,"[388, 874, 9, 279, 803]","[0.392174631357193, 0.12410378456115723, 0.04435576871037483, 0.038759637624025345, 0.02506955713033676]"
cm-nosal,original,460,170,355,0,0.19492995738983154,"[355, 270, 170, 249, 267]","[0.19492995738983154, 0.10579678416252136, 0.10265330225229263, 0.08388431370258331, 0.044121045619249344]"
cm-nosal,original,461,199,256,0,0.2502421736717224,"[256, 976, 197, 975, 913]","[0.2502421736717224, 0.11374649405479431, 0.10398402065038681, 0.07411033660173416, 0.0710240975022316]"
cm-nosal,original,462,795,795,1,0.5821174383163452,"[795, 246, 170, 171, 225]","[0.5821174383163452, 0.04510551318526268, 0.03751590847969055, 0.02468765340745449, 0.015782944858074188]"
cm-nosal,original,463,802,802,1,0.9144325256347656,"[802, 970, 537, 795, 8]","[0.9144325256347656, 0.013639252632856369, 0.0104727977886796, 0.00862270686775446, 0.006347231566905975]"
cm-nosal,original,464,198,198,1,0.5426375865936279,"[198, 196, 194, 155, 275]","[0.5426375865936279, 0.09013788402080536, 0.04090743511915207, 0.036584869027137756, 0.024543562904000282]"
cm-nosal,original,465,209,349,0,0.40377670526504517,"[349, 348, 178, 350, 343]","[0.40377670526504517, 0.08096949011087418, 0.06925205141305923, 0.06571250408887863, 0.05201832950115204]"
cm-nosal,original,466,247,257,0,0.05974913761019707,"[257, 212, 204, 170, 239]","[0.05974913761019707, 0.053331408649683, 0.03661283105611801, 0.0325884185731411, 0.03250761702656746]"
cm-nosal,original,467,224,295,0,0.3804084062576294,"[295, 297, 224, 239, 214]","[0.3804084062576294, 0.2383454144001007, 0.041172754019498825, 0.03768220543861389, 0.03309525549411774]"
cm-nosal,original,468,258,258,1,0.9019115567207336,"[258, 279, 270, 257, 203]","[0.9019115567207336, 0.02912919595837593, 0.021798187866806984, 0.013152127154171467, 0.007151642348617315]"
cm-nosal,original,469,13,13,1,0.33841845393180847,"[13, 95, 94, 283, 377]","[0.33841845393180847, 0.1787695586681366, 0.07336793094873428, 0.044921815395355225, 0.031861960887908936]"
cm-nosal,original,470,339,339,1,0.4366978108882904,"[339, 159, 178, 211, 172]","[0.4366978108882904, 0.20269635319709778, 0.08419163525104523, 0.04201246052980423, 0.033031195402145386]"
cm-nosal,original,471,888,888,1,0.8108632564544678,"[888, 649, 276, 293, 839]","[0.8108632564544678, 0.027257056906819344, 0.019133087247610092, 0.014308634214103222, 0.014204327017068863]"
cm-nosal,original,472,258,270,0,0.5055630207061768,"[270, 258, 257, 279, 203]","[0.5055630207061768, 0.16238074004650116, 0.060569487512111664, 0.050407275557518005, 0.04063287377357483]"
cm-nosal,original,473,792,296,0,0.361157089471817,"[296, 279, 700, 270, 203]","[0.361157089471817, 0.08126096427440643, 0.06151752546429634, 0.03525035083293915, 0.019571075215935707]"
cm-nosal,original,474,792,88,0,0.43754681944847107,"[88, 830, 544, 792, 756]","[0.43754681944847107, 0.07577761262655258, 0.06589967757463455, 0.04682569205760956, 0.02493138797581196]"
cm-nosal,original,475,346,346,1,0.4485774338245392,"[346, 386, 354, 347, 355]","[0.4485774338245392, 0.071742482483387, 0.07057661563158035, 0.06446502357721329, 0.05376318842172623]"
cm-nosal,original,476,671,514,0,0.15405818819999695,"[514, 883, 560, 600, 572]","[0.15405818819999695, 0.1448129266500473, 0.04117981344461441, 0.03033439815044403, 0.025636911392211914]"
cm-nosal,original,477,724,724,1,0.9263753890991211,"[724, 780, 628, 625, 832]","[0.9263753890991211, 0.013653232716023922, 0.009005004540085793, 0.005419689230620861, 0.004868446849286556]"
cm-nosal,original,478,394,394,1,0.5516749620437622,"[394, 391, 573, 144, 739]","[0.5516749620437622, 0.08533461391925812, 0.024501927196979523, 0.016146637499332428, 0.014798983000218868]"
cm-nosal,original,479,672,970,0,0.9539068341255188,"[970, 148, 979, 672, 879]","[0.9539068341255188, 0.012501578778028488, 0.005053629167377949, 0.0031143592204898596, 0.002475967863574624]"
cm-nosal,original,480,289,82,0,0.11391912400722504,"[82, 355, 292, 69, 282]","[0.11391912400722504, 0.06999397277832031, 0.06171906366944313, 0.06147199124097824, 0.05720677226781845]"
cm-nosal,original,481,818,417,0,0.22206611931324005,"[417, 577, 518, 657, 849]","[0.22206611931324005, 0.06266100704669952, 0.05976651981472969, 0.059283822774887085, 0.05021272227168083]"
cm-nosal,original,482,853,975,0,0.23169749975204468,"[975, 525, 23, 912, 136]","[0.23169749975204468, 0.09003619849681854, 0.08608938753604889, 0.07794161140918732, 0.04417017102241516]"
cm-nosal,original,483,239,239,1,0.7867136597633362,"[239, 232, 231, 230, 256]","[0.7867136597633362, 0.06165303289890289, 0.04099155217409134, 0.015879523009061813, 0.012492337264120579]"
cm-nosal,original,484,425,425,1,0.989859402179718,"[425, 853, 497, 915, 716]","[0.989859402179718, 0.0025303002912551165, 0.0018494443502277136, 0.0011255145072937012, 0.0006491615786217153]"
cm-nosal,original,485,355,355,1,0.709359347820282,"[355, 270, 568, 170, 228]","[0.709359347820282, 0.2054021954536438, 0.014628361910581589, 0.012045902200043201, 0.007568530738353729]"
cm-nosal,original,486,863,863,1,0.7631988525390625,"[863, 917, 448, 920, 919]","[0.7631988525390625, 0.0508689358830452, 0.044487860053777695, 0.02697923593223095, 0.011804557405412197]"
cm-nosal,original,487,349,267,0,0.1692611128091812,"[267, 972, 958, 500, 266]","[0.1692611128091812, 0.1233343556523323, 0.08880256116390228, 0.05109388381242752, 0.03402853012084961]"
cm-nosal,original,488,703,975,0,0.40638574957847595,"[975, 425, 706, 449, 703]","[0.40638574957847595, 0.14489689469337463, 0.09011896699666977, 0.03912542015314102, 0.023858502507209778]"
cm-nosal,original,489,425,425,1,0.8300595879554749,"[425, 915, 663, 716, 698]","[0.8300595879554749, 0.05047418549656868, 0.01703566312789917, 0.016663074493408203, 0.014297240413725376]"
cm-nosal,original,490,795,795,1,0.8211064338684082,"[795, 835, 395, 807, 391]","[0.8211064338684082, 0.03641520440578461, 0.015047222375869751, 0.011997510679066181, 0.010848506353795528]"
cm-nosal,original,491,690,519,0,0.18784208595752716,"[519, 765, 634, 583, 856]","[0.18784208595752716, 0.15999644994735718, 0.08317733556032181, 0.04890279844403267, 0.04680117592215538]"
cm-nosal,original,492,672,672,1,0.9642901420593262,"[672, 915, 123, 879, 3]","[0.9642901420593262, 0.004303586669266224, 0.003093281527981162, 0.0027205951046198606, 0.002089420100674033]"
cm-nosal,original,493,671,970,0,0.4612419903278351,"[970, 537, 671, 350, 795]","[0.4612419903278351, 0.21074064075946808, 0.030297115445137024, 0.026261746883392334, 0.025324532762169838]"
cm-nosal,original,494,81,970,0,0.6125596761703491,"[970, 980, 33, 591, 17]","[0.6125596761703491, 0.1353307068347931, 0.0491059385240078, 0.021514056250452995, 0.011912060901522636]"
cm-nosal,original,495,733,979,0,0.4976179897785187,"[979, 970, 888, 9, 825]","[0.4976179897785187, 0.07237850874662399, 0.04743906483054161, 0.04384079575538635, 0.033419881016016006]"
cm-nosal,original,496,672,672,1,0.9484493732452393,"[672, 525, 915, 888, 132]","[0.9484493732452393, 0.017008529976010323, 0.007008288521319628, 0.003893033368512988, 0.0023697037249803543]"
cm-nosal,original,497,795,795,1,0.12906280159950256,"[795, 460, 977, 537, 913]","[0.12906280159950256, 0.09205669909715652, 0.075642429292202, 0.0734572634100914, 0.04537896811962128]"
cm-nosal,original,498,663,975,0,0.39653515815734863,"[975, 410, 663, 970, 483]","[0.39653515815734863, 0.08911484479904175, 0.053225792944431305, 0.04038934037089348, 0.03058561682701111]"
cm-nosal,original,499,705,525,0,0.31814810633659363,"[525, 975, 816, 835, 979]","[0.31814810633659363, 0.2432730793952942, 0.04130614176392555, 0.02147173136472702, 0.02087796851992607]"
cm-nosal,original,500,675,867,0,0.056065429002046585,"[867, 498, 563, 707, 664]","[0.056065429002046585, 0.04726676270365715, 0.04585834965109825, 0.04468958079814911, 0.03266388550400734]"
cm-nosal,original,501,404,404,1,0.9875609278678894,"[404, 895, 908, 701, 405]","[0.9875609278678894, 0.009595686569809914, 0.0023865560069680214, 0.00015230879944283515, 0.00010213366476818919]"
cm-nosal,original,502,609,17,0,0.34247615933418274,"[17, 634, 472, 609, 131]","[0.34247615933418274, 0.06246552616357803, 0.05646326392889023, 0.04514431580901146, 0.024889331310987473]"
cm-nosal,original,503,672,672,1,0.7102472186088562,"[672, 970, 832, 915, 980]","[0.7102472186088562, 0.11989378184080124, 0.017588244751095772, 0.01726713217794895, 0.01655304990708828]"
cm-nosal,original,504,915,915,1,0.9004558324813843,"[915, 727, 538, 668, 460]","[0.9004558324813843, 0.05218896642327309, 0.014317965134978294, 0.005333995912224054, 0.0017287035007029772]"
cm-nosal,original,505,336,347,0,0.406897634267807,"[347, 355, 336, 348, 345]","[0.406897634267807, 0.18934591114521027, 0.05526863783597946, 0.044687192887067795, 0.04206693917512894]"
cm-nosal,original,506,515,89,0,0.06837449967861176,"[89, 171, 374, 172, 230]","[0.06837449967861176, 0.06139598414301872, 0.05090032145380974, 0.039497435092926025, 0.035416264086961746]"
cm-nosal,original,507,425,425,1,0.6711755394935608,"[425, 716, 538, 594, 516]","[0.6711755394935608, 0.06449613720178604, 0.029882455244660378, 0.018207035958766937, 0.013210495002567768]"
cm-nosal,original,508,404,404,1,0.8398328423500061,"[404, 498, 751, 908, 814]","[0.8398328423500061, 0.031139809638261795, 0.009063055738806725, 0.005560450721532106, 0.005290284287184477]"
cm-nosal,original,509,724,724,1,0.643383800983429,"[724, 554, 540, 975, 625]","[0.643383800983429, 0.05397981405258179, 0.05194744095206261, 0.02961425855755806, 0.028110424056649208]"
cm-nosal,original,510,718,520,0,0.10506261885166168,"[520, 718, 877, 743, 727]","[0.10506261885166168, 0.09616230428218842, 0.08648580312728882, 0.08623551577329636, 0.0822683796286583]"
cm-nosal,original,511,671,671,1,0.20225326716899872,"[671, 205, 224, 244, 256]","[0.20225326716899872, 0.0651954784989357, 0.059119127690792084, 0.04318251460790634, 0.039172686636447906]"
cm-nosal,original,512,147,147,1,0.9722971320152283,"[147, 913, 460, 972, 150]","[0.9722971320152283, 0.005752955563366413, 0.004168733023107052, 0.00402968842536211, 0.0016491346759721637]"
cm-nosal,original,513,484,484,1,0.5514775514602661,"[484, 871, 780, 391, 395]","[0.5514775514602661, 0.34790512919425964, 0.04241299256682396, 0.014657915569841862, 0.013166100718080997]"
cm-nosal,original,514,449,437,0,0.17778223752975464,"[437, 449, 425, 716, 460]","[0.17778223752975464, 0.1710626780986786, 0.08948903530836105, 0.0655326098203659, 0.0482923798263073]"
cm-nosal,original,515,842,977,0,0.6339046359062195,"[977, 842, 445, 460, 150]","[0.6339046359062195, 0.1711767017841339, 0.018003838136792183, 0.01631810888648033, 0.01354827731847763]"
cm-nosal,original,516,708,460,0,0.17609478533267975,"[460, 403, 972, 835, 525]","[0.17609478533267975, 0.12168972939252853, 0.07411643862724304, 0.0679168775677681, 0.0463327132165432]"
cm-nosal,original,517,393,393,1,0.29860302805900574,"[393, 443, 971, 107, 709]","[0.29860302805900574, 0.18984273076057434, 0.09731597453355789, 0.05578986927866936, 0.05097856745123863]"
cm-nosal,original,518,862,872,0,0.623047947883606,"[872, 846, 733, 604, 9]","[0.623047947883606, 0.06895305216312408, 0.058566927909851074, 0.02492697909474373, 0.022617492824792862]"
cm-nosal,original,519,625,625,1,0.9732168912887573,"[625, 554, 484, 510, 871]","[0.9732168912887573, 0.02517608180642128, 0.0004331899690441787, 0.000431811495218426, 9.694114123703912e-05]"
cm-nosal,original,520,977,914,0,0.20950078964233398,"[914, 975, 207, 150, 977]","[0.20950078964233398, 0.16757875680923462, 0.0859772339463234, 0.05173312872648239, 0.040766745805740356]"
cm-nosal,original,521,536,975,0,0.3721948564052582,"[975, 557, 733, 693, 472]","[0.3721948564052582, 0.05922751873731613, 0.056164760142564774, 0.04613595828413963, 0.02740011177957058]"
cm-nosal,original,522,472,978,0,0.34207409620285034,"[978, 472, 977, 625, 801]","[0.34207409620285034, 0.24687032401561737, 0.07156742364168167, 0.04581402987241745, 0.03820239380002022]"
cm-nosal,original,523,437,437,1,0.8809449672698975,"[437, 780, 510, 484, 460]","[0.8809449672698975, 0.034388601779937744, 0.019536416977643967, 0.011041614226996899, 0.009052585810422897]"
cm-nosal,original,524,393,393,1,0.7693763971328735,"[393, 108, 973, 998, 109]","[0.7693763971328735, 0.22828339040279388, 0.0008895643404684961, 0.0006118330638855696, 0.00012350748875178397]"
cm-nosal,original,525,394,973,0,0.36632049083709717,"[973, 970, 6, 5, 979]","[0.36632049083709717, 0.06061088293790817, 0.05710162967443466, 0.05633114278316498, 0.045182351022958755]"
cm-nosal,original,526,147,147,1,0.6055653095245361,"[147, 360, 20, 148, 913]","[0.6055653095245361, 0.03536564111709595, 0.03155050799250603, 0.02040468156337738, 0.02028222195804119]"
cm-nosal,original,527,437,682,0,0.6332606077194214,"[682, 437, 483, 657, 668]","[0.6332606077194214, 0.21884901821613312, 0.0289172176271677, 0.02457071654498577, 0.010988608933985233]"
cm-nosal,original,528,373,354,0,0.2978193759918213,"[354, 568, 262, 281, 246]","[0.2978193759918213, 0.07738247513771057, 0.02745080180466175, 0.027344392612576485, 0.025933824479579926]"
cm-nosal,original,529,147,147,1,0.21272826194763184,"[147, 148, 842, 976, 137]","[0.21272826194763184, 0.13414862751960754, 0.10884760320186615, 0.05634808540344238, 0.03888364136219025]"
cm-nosal,original,530,143,98,0,0.7889770865440369,"[98, 146, 20, 142, 143]","[0.7889770865440369, 0.04551481828093529, 0.04068398103117943, 0.03693651407957077, 0.03395813703536987]"
cm-nosal,original,531,625,625,1,0.958509087562561,"[625, 554, 694, 408, 536]","[0.958509087562561, 0.02654964104294777, 0.005187344271689653, 0.0025196517817676067, 0.0015848880866542459]"
cm-nosal,original,532,833,472,0,0.10634541511535645,"[472, 751, 975, 408, 693]","[0.10634541511535645, 0.08644527196884155, 0.08499644696712494, 0.06915667653083801, 0.06900639832019806]"
cm-nosal,original,533,403,628,0,0.4562821090221405,"[628, 975, 510, 554, 460]","[0.4562821090221405, 0.1170312762260437, 0.06866862624883652, 0.06362158060073853, 0.05666013062000275]"
cm-nosal,original,534,914,914,1,0.4947049617767334,"[914, 871, 780, 484, 839]","[0.4947049617767334, 0.1717592030763626, 0.14807839691638947, 0.1415543258190155, 0.014961379580199718]"
cm-nosal,original,535,484,484,1,0.42697158455848694,"[484, 557, 871, 628, 832]","[0.42697158455848694, 0.07582707703113556, 0.0731985941529274, 0.03514723852276802, 0.0348895899951458]"
cm-nosal,original,536,148,148,1,0.6267743706703186,"[148, 833, 4, 975, 147]","[0.6267743706703186, 0.09772810339927673, 0.03177569434046745, 0.024226363748311996, 0.02070397138595581]"
cm-nosal,original,537,554,554,1,0.9862073659896851,"[554, 724, 914, 833, 562]","[0.9862073659896851, 0.004422486759722233, 0.002058733021840453, 0.0015656640753149986, 0.0007536980556324124]"
cm-nosal,original,538,814,625,0,0.9194697141647339,"[625, 814, 408, 576, 693]","[0.9194697141647339, 0.017758416011929512, 0.014084524475038052, 0.01354717742651701, 0.010492054745554924]"
cm-nosal,original,539,983,973,0,0.6175383925437927,"[973, 972, 970, 976, 979]","[0.6175383925437927, 0.10801901668310165, 0.03847905620932579, 0.032688502222299576, 0.030200164765119553]"
cm-nosal,original,540,267,267,1,0.16238319873809814,"[267, 194, 192, 6, 186]","[0.16238319873809814, 0.07928375899791718, 0.07288862764835358, 0.06076549366116524, 0.06030940264463425]"
cm-nosal,original,541,625,625,1,0.8074926137924194,"[625, 814, 510, 403, 554]","[0.8074926137924194, 0.039042260497808456, 0.038493018597364426, 0.035844072699546814, 0.017213664948940277]"
cm-nosal,original,542,554,832,0,0.15409240126609802,"[832, 554, 895, 538, 403]","[0.15409240126609802, 0.12313610315322876, 0.09087438881397247, 0.04781542718410492, 0.03442203253507614]"
cm-nosal,original,543,554,460,0,0.2921363115310669,"[460, 977, 807, 628, 915]","[0.2921363115310669, 0.25488945841789246, 0.05631469190120697, 0.041301026940345764, 0.040587492287158966]"
cm-nosal,original,544,554,833,0,0.5008321404457092,"[833, 554, 460, 595, 866]","[0.5008321404457092, 0.19488264620304108, 0.06540799885988235, 0.03588440269231796, 0.033952031284570694]"
cm-nosal,original,545,625,625,1,0.8273115158081055,"[625, 407, 554, 555, 565]","[0.8273115158081055, 0.041470251977443695, 0.02624095045030117, 0.014175373129546642, 0.01295913103967905]"
cm-nosal,original,546,437,536,0,0.20994533598423004,"[536, 978, 975, 628, 472]","[0.20994533598423004, 0.17256002128124237, 0.15151013433933258, 0.12613892555236816, 0.04216828569769859]"
cm-nosal,original,547,146,395,0,0.1825684756040573,"[395, 146, 296, 33, 801]","[0.1825684756040573, 0.0991290807723999, 0.05554557591676712, 0.033309124410152435, 0.032436858862638474]"
cm-nosal,original,548,625,625,1,0.9391992092132568,"[625, 517, 724, 865, 554]","[0.9391992092132568, 0.008642428554594517, 0.006838157773017883, 0.005737130995839834, 0.005133254919201136]"
cm-nosal,original,549,148,148,1,0.6151629686355591,"[148, 147, 408, 814, 976]","[0.6151629686355591, 0.250411719083786, 0.013660304248332977, 0.008858324959874153, 0.007109881844371557]"
cm-nosal,original,550,914,914,1,0.9509375095367432,"[914, 718, 871, 484, 853]","[0.9509375095367432, 0.017200248315930367, 0.006061896216124296, 0.005932291503995657, 0.0030524504836648703]"
cm-nosal,original,551,484,484,1,0.7752111554145813,"[484, 871, 890, 417, 724]","[0.7752111554145813, 0.06134860962629318, 0.03310099616646767, 0.019878419116139412, 0.013379407115280628]"
cm-nosal,original,552,484,484,1,0.7693510055541992,"[484, 871, 404, 437, 669]","[0.7693510055541992, 0.10098418593406677, 0.01780112087726593, 0.017674338072538376, 0.013627679087221622]"
cm-nosal,original,553,115,115,1,0.3145504295825958,"[115, 952, 107, 941, 110]","[0.3145504295825958, 0.16920341551303864, 0.11474968492984772, 0.037966039031744, 0.037302400916814804]"
cm-nosal,original,554,775,775,1,0.41270703077316284,"[775, 236, 842, 638, 879]","[0.41270703077316284, 0.08056860417127609, 0.06274689733982086, 0.050774019211530685, 0.03711544722318649]"
cm-nosal,original,555,115,329,0,0.48910418152809143,"[329, 115, 110, 65, 396]","[0.48910418152809143, 0.41116881370544434, 0.034079696983098984, 0.0214791651815176, 0.009167205542325974]"
cm-nosal,original,556,484,484,1,0.8509190082550049,"[484, 871, 914, 780, 657]","[0.8509190082550049, 0.14101307094097137, 0.005335798021405935, 0.00228662951849401, 6.729357846779749e-05]"
cm-nosal,original,557,4,4,1,0.5584129691123962,"[4, 3, 6, 2, 5]","[0.5584129691123962, 0.2729159891605377, 0.07310722023248672, 0.033408962190151215, 0.016185913234949112]"
cm-nosal,original,558,983,983,1,0.3160626292228699,"[983, 392, 396, 552, 971]","[0.3160626292228699, 0.11391381174325943, 0.05285559222102165, 0.029667656868696213, 0.0247974656522274]"
cm-nosal,original,559,842,842,1,0.8345716595649719,"[842, 433, 445, 639, 416]","[0.8345716595649719, 0.027054565027356148, 0.0259519312530756, 0.013541849330067635, 0.013164258562028408]"
cm-nosal,original,560,115,115,1,0.8437602519989014,"[115, 110, 65, 25, 863]","[0.8437602519989014, 0.03916027024388313, 0.0088820094242692, 0.008622056804597378, 0.00849489588290453]"
cm-nosal,original,561,391,391,1,0.7433680891990662,"[391, 739, 491, 463, 523]","[0.7433680891990662, 0.03477717190980911, 0.018102552741765976, 0.01807817630469799, 0.013608927838504314]"
cm-nosal,original,562,123,775,0,0.15027199685573578,"[775, 123, 987, 90, 10]","[0.15027199685573578, 0.1187867745757103, 0.04260057955980301, 0.04168954864144325, 0.025949077680706978]"
cm-nosal,original,563,253,339,0,0.4944053292274475,"[339, 253, 168, 264, 161]","[0.4944053292274475, 0.1878250241279602, 0.05253847688436508, 0.029611151665449142, 0.0213403832167387]"
cm-nosal,original,564,484,484,1,0.8455560803413391,"[484, 871, 914, 780, 724]","[0.8455560803413391, 0.12157019227743149, 0.026978304609656334, 0.003343672724440694, 0.0007408466772176325]"
cm-nosal,original,565,437,437,1,0.740143358707428,"[437, 462, 510, 780, 425]","[0.740143358707428, 0.11558715254068375, 0.028126919642090797, 0.009696959517896175, 0.008983664214611053]"
cm-nosal,original,566,148,148,1,0.26319649815559387,"[148, 975, 977, 525, 472]","[0.26319649815559387, 0.2411620020866394, 0.050310004502534866, 0.04880925640463829, 0.04788677394390106]"
cm-nosal,original,567,147,145,0,0.16728995740413666,"[145, 150, 975, 148, 100]","[0.16728995740413666, 0.11299711465835571, 0.07526002824306488, 0.0670420452952385, 0.057164404541254044]"
cm-nosal,original,568,148,148,1,0.8822337985038757,"[148, 146, 147, 833, 150]","[0.8822337985038757, 0.0576443076133728, 0.03519830107688904, 0.006307031027972698, 0.004467418417334557]"
cm-nosal,original,569,608,977,0,0.09886714816093445,"[977, 394, 65, 970, 395]","[0.09886714816093445, 0.096173956990242, 0.08127395063638687, 0.08008605986833572, 0.06082431972026825]"
cm-nosal,original,570,62,491,0,0.1411599963903427,"[491, 428, 346, 61, 355]","[0.1411599963903427, 0.05565045773983002, 0.036091528832912445, 0.02470378391444683, 0.023098578676581383]"
cm-nosal,original,571,972,913,0,0.05204904079437256,"[913, 835, 972, 556, 979]","[0.05204904079437256, 0.04826148599386215, 0.03705663979053497, 0.03555002436041832, 0.033704064786434174]"
cm-nosal,original,572,139,298,0,0.21203100681304932,"[298, 135, 42, 293, 133]","[0.21203100681304932, 0.06390278786420822, 0.04351292923092842, 0.029597917571663857, 0.028977442532777786]"
cm-nosal,original,573,354,354,1,0.4020942747592926,"[354, 178, 172, 351, 159]","[0.4020942747592926, 0.12040967494249344, 0.09249111264944077, 0.04811733588576317, 0.035364679992198944]"
cm-nosal,original,574,140,141,0,0.23933511972427368,"[141, 139, 50, 58, 460]","[0.23933511972427368, 0.13166314363479614, 0.12227644771337509, 0.09284965693950653, 0.03690212965011597]"
cm-nosal,original,575,437,437,1,0.962712824344635,"[437, 483, 744, 978, 974]","[0.962712824344635, 0.0062974304892122746, 0.002432513516396284, 0.002429552609100938, 0.0022363332100212574]"
cm-nosal,original,576,529,708,0,0.598677933216095,"[708, 246, 701, 178, 394]","[0.598677933216095, 0.04407069832086563, 0.022346256300807, 0.022121980786323547, 0.009520336985588074]"
cm-nosal,original,577,66,66,1,0.26302817463874817,"[66, 48, 276, 272, 305]","[0.26302817463874817, 0.07696759700775146, 0.05046861618757248, 0.0418691523373127, 0.030602648854255676]"
cm-nosal,original,578,511,511,1,0.3164880871772766,"[511, 479, 404, 751, 468]","[0.3164880871772766, 0.14015601575374603, 0.06785424798727036, 0.03501628711819649, 0.027999887242913246]"
cm-nosal,original,579,376,376,1,0.7286694049835205,"[376, 352, 273, 374, 373]","[0.7286694049835205, 0.053993117064237595, 0.030938025563955307, 0.029191507026553154, 0.010004070587456226]"
cm-nosal,original,580,404,895,0,0.8318557143211365,"[895, 404, 833, 558, 471]","[0.8318557143211365, 0.07628723233938217, 0.05104338005185127, 0.013410799205303192, 0.0043947394005954266]"
cm-nosal,original,581,207,299,0,0.5008270740509033,"[299, 298, 372, 296, 336]","[0.5008270740509033, 0.17292264103889465, 0.11669863760471344, 0.07306387275457382, 0.03140889108181]"
cm-nosal,original,582,33,58,0,0.17872151732444763,"[58, 60, 143, 118, 33]","[0.17872151732444763, 0.07153862714767456, 0.06367779523134232, 0.047497108578681946, 0.0460442453622818]"
cm-nosal,original,583,34,305,0,0.11103551834821701,"[305, 749, 84, 306, 34]","[0.11103551834821701, 0.09013841301202774, 0.06093215569853783, 0.05287734419107437, 0.04864457994699478]"
cm-nosal,original,584,112,112,1,0.9559336304664612,"[112, 125, 952, 109, 394]","[0.9559336304664612, 0.004536543972790241, 0.0041496725752949715, 0.004077661782503128, 0.003943805117160082]"
cm-nosal,original,585,792,883,0,0.269661009311676,"[883, 966, 354, 505, 463]","[0.269661009311676, 0.0723496675491333, 0.06887460500001907, 0.05345737934112549, 0.014512484893202782]"
cm-nosal,original,586,172,173,0,0.2476712018251419,"[173, 172, 159, 273, 176]","[0.2476712018251419, 0.09458794444799423, 0.09438852220773697, 0.07313255220651627, 0.06243635341525078]"
cm-nosal,original,587,222,258,0,0.08568359911441803,"[258, 104, 181, 293, 355]","[0.08568359911441803, 0.08009739220142365, 0.05458429083228111, 0.03538421913981438, 0.029029224067926407]"
cm-nosal,original,588,140,139,0,0.24482698738574982,"[139, 140, 143, 99, 130]","[0.24482698738574982, 0.18745167553424835, 0.07772060483694077, 0.05133570358157158, 0.04067337512969971]"
cm-nosal,original,589,218,97,0,0.1776922196149826,"[97, 143, 217, 139, 150]","[0.1776922196149826, 0.11079840362071991, 0.06951476633548737, 0.06773661822080612, 0.05665438622236252]"
cm-nosal,original,590,459,339,0,0.3673890233039856,"[339, 842, 977, 639, 801]","[0.3673890233039856, 0.12989772856235504, 0.05482640489935875, 0.04083789885044098, 0.03093384951353073]"
cm-nosal,original,591,112,112,1,0.17258842289447784,"[112, 150, 296, 180, 210]","[0.17258842289447784, 0.14789240062236786, 0.07481789588928223, 0.04089026525616646, 0.03193114325404167]"
cm-nosal,original,592,609,609,1,0.634780764579773,"[609, 436, 754, 867, 864]","[0.634780764579773, 0.05037820711731911, 0.019576523452997208, 0.018082892522215843, 0.015548148192465305]"
cm-nosal,original,593,247,374,0,0.13081714510917664,"[374, 360, 296, 150, 273]","[0.13081714510917664, 0.0868205726146698, 0.07570437341928482, 0.05988086387515068, 0.04213305562734604]"
cm-nosal,original,594,354,354,1,0.9375501275062561,"[354, 159, 351, 184, 163]","[0.9375501275062561, 0.013929572887718678, 0.009373641572892666, 0.007445687428116798, 0.005667146760970354]"
cm-nosal,original,595,842,702,0,0.09577850997447968,"[702, 327, 774, 445, 684]","[0.09577850997447968, 0.06772613525390625, 0.04869475215673447, 0.04650130122900009, 0.04166587069630623]"
cm-nosal,original,596,232,9,0,0.12500296533107758,"[9, 342, 280, 276, 298]","[0.12500296533107758, 0.10232017189264297, 0.10117875784635544, 0.0663859099149704, 0.048823557794094086]"
cm-nosal,original,597,437,460,0,0.37311917543411255,"[460, 977, 913, 974, 976]","[0.37311917543411255, 0.1734582930803299, 0.062300972640514374, 0.04821620509028435, 0.035482726991176605]"
cm-nosal,original,598,386,386,1,0.4628395736217499,"[386, 385, 343, 101, 372]","[0.4628395736217499, 0.11134622246026993, 0.06171729788184166, 0.047539129853248596, 0.04356789216399193]"
cm-nosal,original,599,145,48,0,0.07775008678436279,"[48, 139, 140, 327, 6]","[0.07775008678436279, 0.07092038542032242, 0.06293758749961853, 0.056058887392282486, 0.041833072900772095]"
cm-nosal,original,600,193,191,0,0.38984400033950806,"[191, 193, 235, 213, 227]","[0.38984400033950806, 0.21805748343467712, 0.07304895669221878, 0.03243540599942207, 0.03204542025923729]"
cm-nosal,original,601,79,79,1,0.8448996543884277,"[79, 71, 124, 126, 310]","[0.8448996543884277, 0.023280618712306023, 0.017639104276895523, 0.015965843573212624, 0.010225889272987843]"
cm-nosal,original,602,139,139,1,0.9947829842567444,"[139, 140, 125, 119, 17]","[0.9947829842567444, 0.0009704130934551358, 0.00040070677641779184, 0.0003766547015402466, 0.00033334578620269895]"
cm-nosal,original,603,814,977,0,0.42391499876976013,"[977, 978, 975, 972, 958]","[0.42391499876976013, 0.20596502721309662, 0.15575343370437622, 0.048675451427698135, 0.027293778955936432]"
cm-nosal,original,604,765,765,1,0.806338906288147,"[765, 421, 559, 519, 879]","[0.806338906288147, 0.04978340119123459, 0.045614033937454224, 0.012009545229375362, 0.0037829556968063116]"
cm-nosal,original,605,677,677,1,0.223043754696846,"[677, 275, 307, 331, 293]","[0.223043754696846, 0.12267319113016129, 0.059302326291799545, 0.05494605004787445, 0.04206392168998718]"
cm-nosal,original,606,792,506,0,0.8495661616325378,"[506, 616, 634, 677, 462]","[0.8495661616325378, 0.013649596832692623, 0.013068271800875664, 0.012885471805930138, 0.008556049317121506]"
cm-nosal,original,607,652,825,0,0.1954745352268219,"[825, 43, 458, 174, 568]","[0.1954745352268219, 0.0875154659152031, 0.04679957777261734, 0.038287658244371414, 0.03748246282339096]"
cm-nosal,original,608,707,707,1,0.5189834833145142,"[707, 421, 637, 905, 840]","[0.5189834833145142, 0.11030970513820648, 0.04742687568068504, 0.03905374929308891, 0.02448243834078312]"
cm-nosal,original,609,863,863,1,0.49104177951812744,"[863, 226, 385, 806, 69]","[0.49104177951812744, 0.1627504825592041, 0.0364830382168293, 0.03243618458509445, 0.03196036070585251]"
cm-nosal,original,610,670,891,0,0.059884265065193176,"[891, 63, 611, 641, 546]","[0.059884265065193176, 0.048297613859176636, 0.026957018300890923, 0.02665713056921959, 0.025050798431038857]"
cm-nosal,original,611,439,706,0,0.19924749433994293,"[706, 756, 839, 799, 741]","[0.19924749433994293, 0.10467731207609177, 0.039205506443977356, 0.03524414822459221, 0.031663231551647186]"
cm-nosal,original,612,355,23,0,0.17262013256549835,"[23, 8, 221, 197, 206]","[0.17262013256549835, 0.07564177364110947, 0.046929262578487396, 0.041948672384023666, 0.038320451974868774]"
cm-nosal,original,613,319,965,0,0.04505045339465141,"[965, 64, 188, 95, 695]","[0.04505045339465141, 0.03702421486377716, 0.03480521962046623, 0.025132805109024048, 0.022996095940470695]"
cm-nosal,original,614,778,458,0,0.10746206343173981,"[458, 587, 778, 704, 519]","[0.10746206343173981, 0.10705424100160599, 0.06400240957736969, 0.054323092103004456, 0.044455766677856445]"
cm-nosal,original,615,958,428,0,0.25879883766174316,"[428, 706, 738, 123, 603]","[0.25879883766174316, 0.23395447432994843, 0.10277954488992691, 0.06980205327272415, 0.0639195367693901]"
cm-nosal,original,616,879,628,0,0.2727902829647064,"[628, 721, 469, 893, 525]","[0.2727902829647064, 0.14956913888454437, 0.12540893256664276, 0.060133196413517, 0.041009820997714996]"
cm-nosal,original,617,70,70,1,0.7641458511352539,"[70, 313, 303, 315, 134]","[0.7641458511352539, 0.12105576694011688, 0.07551492750644684, 0.00611867755651474, 0.005922163370996714]"
cm-nosal,original,618,471,574,0,0.1464935839176178,"[574, 63, 971, 100, 394]","[0.1464935839176178, 0.09077323228120804, 0.05274546146392822, 0.039650652557611465, 0.03054983727633953]"
cm-nosal,original,619,583,88,0,0.09121660143136978,"[88, 374, 853, 378, 406]","[0.09121660143136978, 0.0872545838356018, 0.054360322654247284, 0.049407120794057846, 0.04335404932498932]"
cm-nosal,original,620,792,695,0,0.12665516138076782,"[695, 427, 792, 825, 46]","[0.12665516138076782, 0.11779365688562393, 0.081802137196064, 0.030397627502679825, 0.026886703446507454]"
cm-nosal,original,621,583,792,0,0.26477327942848206,"[792, 872, 500, 583, 594]","[0.26477327942848206, 0.13752037286758423, 0.07662466168403625, 0.049006346613168716, 0.04863518103957176]"
cm-nosal,original,622,7,8,0,0.2807615101337433,"[8, 12, 51, 87, 467]","[0.2807615101337433, 0.08266867697238922, 0.059668250381946564, 0.05736056715250015, 0.04761052504181862]"
cm-nosal,original,623,86,86,1,0.26372990012168884,"[86, 825, 292, 85, 309]","[0.26372990012168884, 0.13747760653495789, 0.09376410394906998, 0.06863664090633392, 0.05024740472435951]"
cm-nosal,original,624,919,498,0,0.22277268767356873,"[498, 781, 919, 727, 874]","[0.22277268767356873, 0.1484089344739914, 0.11636082828044891, 0.05296687036752701, 0.04412516951560974]"
cm-nosal,original,625,539,876,0,0.6009607315063477,"[876, 435, 539, 463, 961]","[0.6009607315063477, 0.10072383284568787, 0.05129028856754303, 0.048478953540325165, 0.019068097695708275]"
cm-nosal,original,626,287,287,1,0.48272979259490967,"[287, 282, 291, 331, 281]","[0.48272979259490967, 0.15504595637321472, 0.0785713642835617, 0.020424406975507736, 0.01996699906885624]"
cm-nosal,original,627,471,471,1,0.40867289900779724,"[471, 6, 744, 657, 621]","[0.40867289900779724, 0.061301376670598984, 0.04597504436969757, 0.04061032831668854, 0.03880907967686653]"
cm-nosal,original,628,513,772,0,0.1827140748500824,"[772, 576, 703, 421, 730]","[0.1827140748500824, 0.12764722108840942, 0.1241636574268341, 0.10519538819789886, 0.038846757262945175]"
cm-nosal,original,629,679,679,1,0.37059691548347473,"[679, 566, 513, 774, 30]","[0.37059691548347473, 0.32527732849121094, 0.03633119538426399, 0.017087971791625023, 0.016288762912154198]"
cm-nosal,original,630,426,426,1,0.23295952379703522,"[426, 778, 635, 868, 450]","[0.23295952379703522, 0.20968547463417053, 0.11238007247447968, 0.0355977937579155, 0.02315387688577175]"
cm-nosal,original,631,583,334,0,0.1316540688276291,"[334, 580, 738, 365, 462]","[0.1316540688276291, 0.09134425222873688, 0.07782984524965286, 0.06992082297801971, 0.06717803329229355]"
cm-nosal,original,632,637,637,1,0.9893730282783508,"[637, 886, 721, 707, 480]","[0.9893730282783508, 0.002371586859226227, 0.0015315446071326733, 0.0009873253293335438, 0.0009718225919641554]"
cm-nosal,original,633,571,571,1,0.34148621559143066,"[571, 707, 637, 412, 480]","[0.34148621559143066, 0.1389654278755188, 0.08010528236627579, 0.05809986591339111, 0.04615158215165138]"
cm-nosal,original,634,737,829,0,0.07724177837371826,"[829, 853, 516, 787, 634]","[0.07724177837371826, 0.04199773073196411, 0.034841325134038925, 0.03057323582470417, 0.02756459452211857]"
cm-nosal,original,635,463,463,1,0.2428283393383026,"[463, 756, 653, 469, 505]","[0.2428283393383026, 0.08437708765268326, 0.08353977650403976, 0.06993312388658524, 0.045638103038072586]"
cm-nosal,original,636,520,520,1,0.9015752673149109,"[520, 516, 729, 431, 750]","[0.9015752673149109, 0.05158983916044235, 0.008078162558376789, 0.006435541436076164, 0.005048155784606934]"
cm-nosal,original,637,458,458,1,0.5539692044258118,"[458, 922, 921, 610, 411]","[0.5539692044258118, 0.21193252503871918, 0.04223288968205452, 0.037515848875045776, 0.01798010617494583]"
cm-nosal,original,638,427,847,0,0.11013613641262054,"[847, 428, 105, 948, 659]","[0.11013613641262054, 0.04895728453993797, 0.029848646372556686, 0.028102075681090355, 0.02508368156850338]"
cm-nosal,original,639,651,651,1,0.4162229895591736,"[651, 453, 548, 893, 648]","[0.4162229895591736, 0.04725354537367821, 0.03740352392196655, 0.03388359025120735, 0.03221622109413147]"
cm-nosal,original,640,846,427,0,0.4909352660179138,"[427, 894, 519, 619, 846]","[0.4909352660179138, 0.11276563256978989, 0.09748141467571259, 0.047860532999038696, 0.03030845895409584]"
cm-nosal,original,641,896,896,1,0.6104956269264221,"[896, 435, 876, 861, 804]","[0.6104956269264221, 0.3583764433860779, 0.02113530971109867, 0.0024323516990989447, 0.0007124641560949385]"
cm-nosal,original,642,45,513,0,0.21701574325561523,"[513, 819, 558, 445, 776]","[0.21701574325561523, 0.08347184211015701, 0.08202880620956421, 0.03424021601676941, 0.03423221409320831]"
cm-nosal,original,643,444,671,0,0.27606791257858276,"[671, 870, 612, 444, 428]","[0.27606791257858276, 0.27435532212257385, 0.1136867105960846, 0.1062544509768486, 0.023026729002594948]"
cm-nosal,original,644,224,224,1,0.5809704661369324,"[224, 244, 297, 256, 267]","[0.5809704661369324, 0.21912018954753876, 0.12136667966842651, 0.02256707288324833, 0.007337119430303574]"
cm-nosal,original,645,738,756,0,0.2666712999343872,"[756, 815, 716, 421, 904]","[0.2666712999343872, 0.23871047794818878, 0.1077183410525322, 0.05084528401494026, 0.038345206528902054]"
cm-nosal,original,646,495,583,0,0.3588491380214691,"[583, 799, 495, 556, 789]","[0.3588491380214691, 0.19404205679893494, 0.09772264212369919, 0.08796626329421997, 0.038432952016592026]"
cm-nosal,original,647,354,182,0,0.22183619439601898,"[182, 460, 106, 299, 191]","[0.22183619439601898, 0.0608624629676342, 0.049863021820783615, 0.04306602105498314, 0.0364893339574337]"
cm-nosal,original,648,315,313,0,0.4083646833896637,"[313, 17, 73, 312, 382]","[0.4083646833896637, 0.09341844171285629, 0.03126518800854683, 0.028354184702038765, 0.02529022842645645]"
cm-nosal,original,649,728,703,0,0.3428005874156952,"[703, 845, 593, 843, 709]","[0.3428005874156952, 0.029600659385323524, 0.025012455880641937, 0.024856962263584137, 0.023453716188669205]"
cm-nosal,original,650,715,715,1,0.6187246441841125,"[715, 652, 792, 834, 491]","[0.6187246441841125, 0.03503599017858505, 0.023109765723347664, 0.021922601386904716, 0.01660207472741604]"
cm-nosal,original,651,284,284,1,0.9980131387710571,"[284, 250, 134, 227, 283]","[0.9980131387710571, 0.0002365334366913885, 0.00017238642612937838, 0.00015966632054187357, 9.867499466054142e-05]"
cm-nosal,original,652,295,295,1,0.7038000226020813,"[295, 297, 369, 337, 357]","[0.7038000226020813, 0.1535032093524933, 0.0213443823158741, 0.01998952217400074, 0.01972533017396927]"
cm-nosal,original,653,471,460,0,0.2538677155971527,"[460, 471, 727, 833, 634]","[0.2538677155971527, 0.09217622876167297, 0.06582290679216385, 0.058867599815130234, 0.0384591743350029]"
cm-nosal,original,654,665,665,1,0.7033730149269104,"[665, 870, 880, 671, 476]","[0.7033730149269104, 0.06250046193599701, 0.042728766798973083, 0.0298745259642601, 0.026377253234386444]"
cm-nosal,original,655,217,160,0,0.7898414731025696,"[160, 214, 200, 199, 226]","[0.7898414731025696, 0.048234015703201294, 0.023193996399641037, 0.014707444235682487, 0.007653596345335245]"
cm-nosal,original,656,775,775,1,0.5932748913764954,"[775, 552, 887, 697, 578]","[0.5932748913764954, 0.08491979539394379, 0.051419686526060104, 0.01896962895989418, 0.015864893794059753]"
cm-nosal,original,657,143,389,0,0.24860385060310364,"[389, 391, 394, 395, 134]","[0.24860385060310364, 0.23801440000534058, 0.06023332476615906, 0.04747892543673515, 0.019444657489657402]"
cm-nosal,original,658,806,728,0,0.054484568536281586,"[728, 264, 154, 792, 491]","[0.054484568536281586, 0.052365925163030624, 0.04066965728998184, 0.03688989207148552, 0.035851217806339264]"
cm-nosal,original,659,171,171,1,0.4714587926864624,"[171, 180, 178, 172, 208]","[0.4714587926864624, 0.15127329528331757, 0.05886407941579819, 0.04534681886434555, 0.042407140135765076]"
cm-nosal,original,660,637,637,1,0.3518403172492981,"[637, 700, 412, 692, 539]","[0.3518403172492981, 0.04983912408351898, 0.04349973052740097, 0.04091791808605194, 0.03116801008582115]"
cm-nosal,original,661,875,30,0,0.06524863094091415,"[30, 311, 46, 312, 39]","[0.06524863094091415, 0.06073685735464096, 0.04843754321336746, 0.04243237152695656, 0.041018225252628326]"
cm-nosal,original,662,614,614,1,0.9173521995544434,"[614, 496, 887, 775, 697]","[0.9173521995544434, 0.027301568537950516, 0.017555180937051773, 0.008532773703336716, 0.005201167427003384]"
cm-nosal,original,663,185,185,1,0.2267877608537674,"[185, 202, 184, 186, 193]","[0.2267877608537674, 0.15904614329338074, 0.13244910538196564, 0.08891687542200089, 0.08181686699390411]"
cm-nosal,original,664,583,583,1,0.9958611130714417,"[583, 956, 634, 469, 8]","[0.9958611130714417, 0.000259664113400504, 0.00017844360263552517, 0.00015994910791050643, 0.0001434456935385242]"
cm-nosal,original,665,674,835,0,0.14267048239707947,"[835, 912, 12, 47, 472]","[0.14267048239707947, 0.06104598194360733, 0.058015722781419754, 0.04380275309085846, 0.03633948415517807]"
cm-nosal,original,666,198,202,0,0.24616754055023193,"[202, 192, 170, 177, 266]","[0.24616754055023193, 0.12895014882087708, 0.10501875728368759, 0.07045846432447433, 0.04580829665064812]"
cm-nosal,original,667,571,706,0,0.16699692606925964,"[706, 571, 698, 660, 799]","[0.16699692606925964, 0.11190897226333618, 0.06531628221273422, 0.04760301485657692, 0.04663071781396866]"
cm-nosal,original,668,870,866,0,0.27866822481155396,"[866, 665, 670, 561, 870]","[0.27866822481155396, 0.15465572476387024, 0.11432421207427979, 0.07514852285385132, 0.03859477862715721]"
cm-nosal,original,669,614,614,1,0.23478923738002777,"[614, 552, 955, 410, 529]","[0.23478923738002777, 0.13318578898906708, 0.05089837685227394, 0.048904720693826675, 0.044299911707639694]"
cm-nosal,original,670,822,642,0,0.19083119928836823,"[642, 822, 915, 476, 706]","[0.19083119928836823, 0.10162591934204102, 0.09175271540880203, 0.05804092437028885, 0.056323207914829254]"
cm-nosal,original,671,216,181,0,0.24248270690441132,"[181, 169, 216, 188, 189]","[0.24248270690441132, 0.20425109565258026, 0.15886154770851135, 0.10839514434337616, 0.03988075628876686]"
cm-nosal,original,672,209,207,0,0.10259055346250534,"[207, 159, 184, 213, 168]","[0.10259055346250534, 0.08500644564628601, 0.08338278532028198, 0.06608021259307861, 0.06115822494029999]"
cm-nosal,original,673,775,775,1,0.4259210228919983,"[775, 578, 462, 501, 842]","[0.4259210228919983, 0.1821451336145401, 0.1107305958867073, 0.07676055282354355, 0.05013531446456909]"
cm-nosal,original,674,559,765,0,0.46756890416145325,"[765, 559, 791, 706, 877]","[0.46756890416145325, 0.26455992460250854, 0.05838257446885109, 0.035960301756858826, 0.03370804339647293]"
cm-nosal,original,675,830,491,0,0.09902224689722061,"[491, 830, 389, 595, 90]","[0.09902224689722061, 0.07036466896533966, 0.06084657832980156, 0.05742865428328514, 0.03621998429298401]"
cm-nosal,original,676,532,532,1,0.8266705274581909,"[532, 765, 519, 853, 634]","[0.8266705274581909, 0.047950245440006256, 0.037695884704589844, 0.011361734941601753, 0.009067370556294918]"
cm-nosal,original,677,233,233,1,0.5404595732688904,"[233, 221, 199, 220, 226]","[0.5404595732688904, 0.15238605439662933, 0.05741528421640396, 0.04849143698811531, 0.04683266207575798]"
cm-nosal,original,678,765,765,1,0.6316902041435242,"[765, 520, 506, 421, 960]","[0.6316902041435242, 0.04946468025445938, 0.03451601043343544, 0.03228110447525978, 0.024223102256655693]"
cm-nosal,original,679,428,822,0,0.10523664951324463,"[822, 621, 612, 579, 412]","[0.10523664951324463, 0.05064273998141289, 0.048014987260103226, 0.04481728747487068, 0.038492146879434586]"
cm-nosal,original,680,765,765,1,0.29464155435562134,"[765, 835, 688, 583, 421]","[0.29464155435562134, 0.0785386860370636, 0.05814482271671295, 0.04898858442902565, 0.04688345640897751]"
cm-nosal,original,681,420,420,1,0.7788794636726379,"[420, 971, 601, 808, 515]","[0.7788794636726379, 0.03277857229113579, 0.02111167088150978, 0.01203489676117897, 0.008231816813349724]"
cm-nosal,original,682,571,757,0,0.08282595872879028,"[757, 705, 634, 867, 609]","[0.08282595872879028, 0.08077377080917358, 0.05384106561541557, 0.044997699558734894, 0.0440547876060009]"
cm-nosal,original,683,177,177,1,0.6408770084381104,"[177, 170, 160, 101, 385]","[0.6408770084381104, 0.15496908128261566, 0.04264788702130318, 0.018536681309342384, 0.011765777133405209]"
cm-nosal,original,684,846,853,0,0.23405395448207855,"[853, 213, 602, 489, 919]","[0.23405395448207855, 0.10568741708993912, 0.0421614870429039, 0.038086894899606705, 0.03738773241639137]"
cm-nosal,original,685,236,236,1,0.3596814274787903,"[236, 237, 234, 253, 225]","[0.3596814274787903, 0.11645574122667313, 0.052898820489645004, 0.04914693906903267, 0.038731951266527176]"
cm-nosal,original,686,201,708,0,0.4822506308555603,"[708, 681, 756, 653, 539]","[0.4822506308555603, 0.05121106281876564, 0.04320898652076721, 0.028760477900505066, 0.0281095989048481]"
cm-nosal,original,687,953,123,0,0.10343879461288452,"[123, 293, 39, 292, 48]","[0.10343879461288452, 0.08976176381111145, 0.08478744328022003, 0.07304020971059799, 0.05766335502266884]"
cm-nosal,original,688,637,637,1,0.7967761754989624,"[637, 448, 410, 756, 412]","[0.7967761754989624, 0.07639475166797638, 0.02819240093231201, 0.012705398723483086, 0.007983612827956676]"
cm-nosal,original,689,420,258,0,0.06337832659482956,"[258, 765, 118, 391, 775]","[0.06337832659482956, 0.05568619444966316, 0.038474492728710175, 0.03618958964943886, 0.024432960897684097]"
cm-nosal,original,690,602,602,1,0.3151560127735138,"[602, 747, 733, 422, 731]","[0.3151560127735138, 0.0744297206401825, 0.06447617709636688, 0.05049079284071922, 0.03067735582590103]"
cm-nosal,original,691,806,462,0,0.11030272394418716,"[462, 655, 514, 552, 792]","[0.11030272394418716, 0.07453043013811111, 0.07224295288324356, 0.06033845245838165, 0.055728644132614136]"
cm-nosal,original,692,608,543,0,0.07934393733739853,"[543, 797, 636, 750, 399]","[0.07934393733739853, 0.041461020708084106, 0.03982775658369064, 0.03922707587480545, 0.03835638612508774]"
cm-nosal,original,693,775,416,0,0.12693804502487183,"[416, 706, 534, 655, 661]","[0.12693804502487183, 0.08649630844593048, 0.05015060678124428, 0.04836706444621086, 0.03946415334939957]"
cm-nosal,original,694,614,614,1,0.3340883255004883,"[614, 616, 898, 971, 788]","[0.3340883255004883, 0.12202852219343185, 0.035592950880527496, 0.03231661021709442, 0.02786915935575962]"
cm-nosal,original,695,728,199,0,0.09961750358343124,"[199, 191, 851, 183, 568]","[0.09961750358343124, 0.06783702969551086, 0.035882674157619476, 0.03566383570432663, 0.03191250562667847]"
cm-nosal,original,696,836,775,0,0.23780371248722076,"[775, 708, 852, 842, 462]","[0.23780371248722076, 0.12357936054468155, 0.050523437559604645, 0.036993637681007385, 0.028474394232034683]"
cm-nosal,original,697,361,361,1,0.3994735777378082,"[361, 383, 275, 239, 375]","[0.3994735777378082, 0.18701177835464478, 0.11776499450206757, 0.043891265988349915, 0.02410048432648182]"
cm-nosal,original,698,842,395,0,0.32845860719680786,"[395, 389, 522, 842, 225]","[0.32845860719680786, 0.07878046482801437, 0.05155627056956291, 0.03290164843201637, 0.03233266994357109]"
cm-nosal,original,699,444,444,1,0.7639191150665283,"[444, 880, 671, 870, 612]","[0.7639191150665283, 0.14729300141334534, 0.02530839666724205, 0.009922467172145844, 0.007713282480835915]"
cm-nosal,original,700,364,568,0,0.11789803951978683,"[568, 354, 267, 291, 330]","[0.11789803951978683, 0.07264839112758636, 0.057573914527893066, 0.052912939339876175, 0.04424741119146347]"
cm-nosal,original,701,707,707,1,0.8493826985359192,"[707, 480, 732, 571, 526]","[0.8493826985359192, 0.06153671070933342, 0.01923597976565361, 0.007452644407749176, 0.005251677706837654]"
cm-nosal,original,702,151,244,0,0.1352013647556305,"[244, 235, 160, 227, 196]","[0.1352013647556305, 0.07817649841308594, 0.05856148526072502, 0.056483589112758636, 0.05225776508450508]"
cm-nosal,original,703,765,877,0,0.22648188471794128,"[877, 756, 421, 640, 425]","[0.22648188471794128, 0.22448675334453583, 0.04424796998500824, 0.04131115600466728, 0.03126111254096031]"
cm-nosal,original,704,571,571,1,0.594986081123352,"[571, 884, 743, 624, 442]","[0.594986081123352, 0.045535165816545486, 0.03528796508908272, 0.02909007854759693, 0.024548104032874107]"
cm-nosal,original,705,197,197,1,0.1531268209218979,"[197, 199, 224, 205, 226]","[0.1531268209218979, 0.09200993180274963, 0.0687587782740593, 0.06482294946908951, 0.06400776654481888]"
cm-nosal,original,706,681,424,0,0.09400507807731628,"[424, 564, 799, 727, 669]","[0.09400507807731628, 0.08927527070045471, 0.06966676563024521, 0.030309580266475677, 0.02927650511264801]"
cm-nosal,original,707,382,994,0,0.10193609446287155,"[994, 368, 22, 372, 24]","[0.10193609446287155, 0.09423556178808212, 0.06009737402200699, 0.04681146889925003, 0.040489282459020615]"
cm-nosal,original,708,765,642,0,0.538760244846344,"[642, 706, 877, 716, 532]","[0.538760244846344, 0.13163849711418152, 0.03731571510434151, 0.028477700427174568, 0.027300631627440453]"
cm-nosal,original,709,559,211,0,0.09300828725099564,"[211, 703, 237, 256, 214]","[0.09300828725099564, 0.0652737095952034, 0.057263705879449844, 0.04110490158200264, 0.040124401450157166]"
cm-nosal,original,710,708,224,0,0.07010722160339355,"[224, 708, 700, 739, 706]","[0.07010722160339355, 0.062322307378053665, 0.0597376748919487, 0.04045059531927109, 0.03492588922381401]"
cm-nosal,original,711,202,228,0,0.172934889793396,"[228, 202, 181, 204, 266]","[0.172934889793396, 0.13654077053070068, 0.08821992576122284, 0.080666683614254, 0.06698623299598694]"
cm-nosal,original,712,469,414,0,0.23785747587680817,"[414, 87, 568, 834, 444]","[0.23785747587680817, 0.10820899903774261, 0.047903239727020264, 0.0385727621614933, 0.036432474851608276]"
cm-nosal,original,713,875,875,1,0.08693435788154602,"[875, 712, 721, 816, 677]","[0.08693435788154602, 0.06338346004486084, 0.05389202758669853, 0.049657486379146576, 0.04591789096593857]"
cm-nosal,original,714,284,284,1,0.5397071838378906,"[284, 178, 211, 209, 219]","[0.5397071838378906, 0.07454484701156616, 0.048335712403059006, 0.037899281829595566, 0.030931485816836357]"
cm-nosal,original,715,199,254,0,0.12157649546861649,"[254, 816, 88, 721, 806]","[0.12157649546861649, 0.11617905646562576, 0.10745348781347275, 0.10474424064159393, 0.04822802171111107]"
cm-nosal,original,716,529,529,1,0.5737953782081604,"[529, 433, 929, 842, 520]","[0.5737953782081604, 0.07715367525815964, 0.06300385296344757, 0.03872370719909668, 0.03542797639966011]"
cm-nosal,original,717,157,263,0,0.6282736659049988,"[263, 162, 161, 230, 157]","[0.6282736659049988, 0.08723044395446777, 0.04252910614013672, 0.032934412360191345, 0.0254527498036623]"
cm-nosal,original,718,850,265,0,0.27048465609550476,"[265, 266, 911, 568, 8]","[0.27048465609550476, 0.14518484473228455, 0.05907434970140457, 0.04060523584485054, 0.039799679070711136]"
cm-nosal,original,719,529,876,0,0.27753376960754395,"[876, 435, 529, 419, 445]","[0.27753376960754395, 0.18690843880176544, 0.06643643230199814, 0.04207230731844902, 0.03570985049009323]"
cm-nosal,original,720,186,263,0,0.1482999622821808,"[263, 180, 273, 208, 185]","[0.1482999622821808, 0.06192364543676376, 0.06027175113558769, 0.04436081275343895, 0.04090850427746773]"
cm-nosal,original,721,361,361,1,0.99554044008255,"[361, 244, 355, 362, 254]","[0.99554044008255, 0.0005397496279329062, 0.0005164231406524777, 0.0004924596287310123, 0.00023790093837305903]"
cm-nosal,original,722,684,806,0,0.19600075483322144,"[806, 587, 767, 769, 700]","[0.19600075483322144, 0.11416758596897125, 0.09271497279405594, 0.07959070056676865, 0.04620562866330147]"
cm-nosal,original,723,846,831,0,0.8468287587165833,"[831, 669, 721, 434, 750]","[0.8468287587165833, 0.021311352029442787, 0.019478797912597656, 0.01595916785299778, 0.009362192824482918]"
cm-nosal,original,724,156,259,0,0.1436682939529419,"[259, 163, 957, 211, 263]","[0.1436682939529419, 0.09719544649124146, 0.07889478653669357, 0.06013176590204239, 0.05199426785111427]"
cm-nosal,original,725,175,721,0,0.12336415797472,"[721, 184, 209, 434, 424]","[0.12336415797472, 0.06949669122695923, 0.0595407672226429, 0.037218160927295685, 0.028686949983239174]"
cm-nosal,original,726,258,258,1,0.5966082811355591,"[258, 259, 359, 283, 257]","[0.5966082811355591, 0.16082336008548737, 0.03700898587703705, 0.03213324770331383, 0.021421631798148155]"
cm-nosal,original,727,254,254,1,0.5227307081222534,"[254, 245, 262, 192, 182]","[0.5227307081222534, 0.12565043568611145, 0.08714962750673294, 0.038517970591783524, 0.028111202642321587]"
cm-nosal,original,728,529,934,0,0.4062435030937195,"[934, 940, 945, 948, 529]","[0.4062435030937195, 0.05747637152671814, 0.04231995716691017, 0.0317080020904541, 0.030049923807382584]"
cm-nosal,original,729,267,296,0,0.17557227611541748,"[296, 850, 48, 298, 39]","[0.17557227611541748, 0.08561031520366669, 0.041934359818696976, 0.036419808864593506, 0.03580545261502266]"
cm-nosal,original,730,257,208,0,0.2624562680721283,"[208, 257, 180, 172, 222]","[0.2624562680721283, 0.11249029636383057, 0.06218492239713669, 0.05897654592990875, 0.03993617370724678]"
cm-nosal,original,731,529,691,0,0.11300211399793625,"[691, 529, 739, 865, 424]","[0.11300211399793625, 0.10982046276330948, 0.08259065449237823, 0.05315176397562027, 0.04162697494029999]"
cm-nosal,original,732,765,765,1,0.6009588837623596,"[765, 516, 619, 532, 520]","[0.6009588837623596, 0.17442280054092407, 0.043279316276311874, 0.03396831452846527, 0.028808528557419777]"
cm-nosal,original,733,532,669,0,0.7052313089370728,"[669, 516, 532, 520, 431]","[0.7052313089370728, 0.04526292905211449, 0.037473615258932114, 0.02636002190411091, 0.01598137803375721]"
cm-nosal,original,734,227,347,0,0.3392047882080078,"[347, 381, 369, 355, 295]","[0.3392047882080078, 0.055811185389757156, 0.043390557169914246, 0.03131614997982979, 0.027604755014181137]"
cm-nosal,original,735,520,520,1,0.2795921862125397,"[520, 729, 453, 765, 516]","[0.2795921862125397, 0.20992974936962128, 0.15801794826984406, 0.12934409081935883, 0.033762600272893906]"
cm-nosal,original,736,999,435,0,0.260433167219162,"[435, 876, 961, 669, 478]","[0.260433167219162, 0.1290958970785141, 0.09575942158699036, 0.036859121173620224, 0.03412092477083206]"
cm-nosal,original,737,174,348,0,0.07290437817573547,"[348, 31, 209, 178, 265]","[0.07290437817573547, 0.058664847165346146, 0.0575440488755703, 0.04968056082725525, 0.04902211204171181]"
cm-nosal,original,738,841,887,0,0.11365481466054916,"[887, 534, 617, 877, 610]","[0.11365481466054916, 0.06416288018226624, 0.04074125736951828, 0.029138894751667976, 0.026915909722447395]"
cm-nosal,original,739,846,846,1,0.20756924152374268,"[846, 532, 619, 811, 753]","[0.20756924152374268, 0.08578717708587646, 0.0639336034655571, 0.0551321916282177, 0.05035800114274025]"
cm-nosal,original,740,999,520,0,0.07273107022047043,"[520, 406, 486, 731, 700]","[0.07273107022047043, 0.062422044575214386, 0.04147934913635254, 0.035552021116018295, 0.03102269023656845]"
cm-nosal,original,741,258,258,1,0.9077341556549072,"[258, 257, 333, 89, 332]","[0.9077341556549072, 0.01830631121993065, 0.01577272266149521, 0.011109059676527977, 0.009530942887067795]"
cm-nosal,original,742,851,831,0,0.5669335126876831,"[831, 750, 532, 478, 598]","[0.5669335126876831, 0.22329838573932648, 0.021219059824943542, 0.011364818550646305, 0.008692818693816662]"
cm-nosal,original,743,423,423,1,0.7730849981307983,"[423, 532, 550, 966, 889]","[0.7730849981307983, 0.04048381745815277, 0.025535479187965393, 0.010901715606451035, 0.007916193455457687]"
cm-nosal,original,744,233,197,0,0.5707976222038269,"[197, 199, 183, 233, 177]","[0.5707976222038269, 0.1791432797908783, 0.1185544952750206, 0.025735778734087944, 0.02534470707178116]"
cm-nosal,original,745,253,242,0,0.15759237110614777,"[242, 180, 163, 230, 179]","[0.15759237110614777, 0.12977667152881622, 0.11413628607988358, 0.05865385755896568, 0.04452385753393173]"
cm-nosal,original,746,655,689,0,0.2864168584346771,"[689, 655, 869, 794, 501]","[0.2864168584346771, 0.10934166610240936, 0.0859585776925087, 0.05835789069533348, 0.04288910701870918]"
cm-nosal,original,747,422,834,0,0.41600513458251953,"[834, 869, 568, 880, 882]","[0.41600513458251953, 0.0658855065703392, 0.0375102274119854, 0.035600874572992325, 0.03427969664335251]"
cm-nosal,original,748,765,764,0,0.20134632289409637,"[764, 729, 559, 904, 702]","[0.20134632289409637, 0.05748530104756355, 0.04801061749458313, 0.04672198370099068, 0.04326920583844185]"
cm-nosal,original,749,545,545,1,0.5783625841140747,"[545, 765, 421, 506, 12]","[0.5783625841140747, 0.08949507772922516, 0.051557764410972595, 0.04253804311156273, 0.016350410878658295]"
cm-nosal,original,750,841,187,0,0.08384784311056137,"[187, 840, 243, 198, 735]","[0.08384784311056137, 0.07933385670185089, 0.0443420335650444, 0.03459512069821358, 0.03341604396700859]"
cm-nosal,original,751,655,411,0,0.18477706611156464,"[411, 655, 501, 689, 564]","[0.18477706611156464, 0.13925136625766754, 0.11278155446052551, 0.08936581015586853, 0.050432831048965454]"
cm-nosal,original,752,846,532,0,0.27700960636138916,"[532, 846, 619, 786, 526]","[0.27700960636138916, 0.1778763234615326, 0.15261463820934296, 0.12906059622764587, 0.03283024579286575]"
cm-nosal,original,753,999,648,0,0.35968640446662903,"[648, 851, 760, 651, 799]","[0.35968640446662903, 0.14917056262493134, 0.057076595723629, 0.05054955929517746, 0.029524659737944603]"
cm-nosal,original,754,841,254,0,0.39062196016311646,"[254, 151, 655, 578, 457]","[0.39062196016311646, 0.034459248185157776, 0.03299384191632271, 0.024395834654569626, 0.020006775856018066]"
cm-nosal,original,755,655,655,1,0.1439242959022522,"[655, 775, 594, 445, 699]","[0.1439242959022522, 0.10905840992927551, 0.10455009341239929, 0.04213828966021538, 0.03214434161782265]"
cm-nosal,original,756,579,854,0,0.7868494391441345,"[854, 642, 687, 579, 542]","[0.7868494391441345, 0.06444646418094635, 0.01666220836341381, 0.01353696919977665, 0.01245057862251997]"
cm-nosal,original,757,198,196,0,0.18998409807682037,"[196, 198, 192, 169, 212]","[0.18998409807682037, 0.18840569257736206, 0.11249048262834549, 0.050668731331825256, 0.034262049943208694]"
cm-nosal,original,758,614,416,0,0.4407736659049988,"[416, 614, 430, 445, 702]","[0.4407736659049988, 0.07958588749170303, 0.061867695301771164, 0.03784078732132912, 0.030713334679603577]"
cm-nosal,original,759,689,775,0,0.25245606899261475,"[775, 776, 689, 552, 411]","[0.25245606899261475, 0.07639724016189575, 0.05983572453260422, 0.05416802689433098, 0.03711017593741417]"
cm-nosal,original,760,863,539,0,0.1984730362892151,"[539, 480, 894, 534, 857]","[0.1984730362892151, 0.12248821556568146, 0.06114486977458, 0.06108466163277626, 0.02930910512804985]"
cm-nosal,original,761,851,527,0,0.3232932388782501,"[527, 765, 556, 827, 575]","[0.3232932388782501, 0.20802831649780273, 0.04195650294423103, 0.0252597164362669, 0.023825297132134438]"
cm-nosal,original,762,444,444,1,0.9041616916656494,"[444, 671, 694, 870, 486]","[0.9041616916656494, 0.02619476616382599, 0.007321447599679232, 0.005838435608893633, 0.005718830972909927]"
cm-nosal,original,763,230,239,0,0.5301167368888855,"[239, 230, 264, 231, 238]","[0.5301167368888855, 0.062058158218860626, 0.03906799107789993, 0.03127511590719223, 0.028702668845653534]"
cm-nosal,original,764,254,254,1,0.34935182332992554,"[254, 171, 203, 154, 243]","[0.34935182332992554, 0.04974592477083206, 0.03025742992758751, 0.02737158164381981, 0.024180056527256966]"
cm-nosal,original,765,199,244,0,0.4326310157775879,"[244, 199, 252, 256, 224]","[0.4326310157775879, 0.15744605660438538, 0.08414943516254425, 0.05626867339015007, 0.04705379903316498]"
cm-nosal,original,766,493,548,0,0.22058510780334473,"[548, 453, 894, 760, 648]","[0.22058510780334473, 0.19283199310302734, 0.13336728513240814, 0.04895026236772537, 0.04157954081892967]"
cm-nosal,original,767,882,424,0,0.2897351384162903,"[424, 588, 453, 860, 624]","[0.2897351384162903, 0.07307398319244385, 0.029757553711533546, 0.02565661631524563, 0.025460001081228256]"
cm-nosal,original,768,739,953,0,0.13694630563259125,"[953, 954, 987, 739, 942]","[0.13694630563259125, 0.09295210987329483, 0.06740752607584, 0.04120897129178047, 0.03438692167401314]"
cm-nosal,original,769,846,846,1,0.2863020896911621,"[846, 619, 515, 725, 747]","[0.2863020896911621, 0.1562490165233612, 0.08946334570646286, 0.060986075550317764, 0.040863052010536194]"
cm-nosal,original,770,614,614,1,0.9273340106010437,"[614, 697, 411, 568, 655]","[0.9273340106010437, 0.01740923337638378, 0.00863869208842516, 0.008456695824861526, 0.0018492439994588494]"
cm-nosal,original,771,579,624,0,0.17848525941371918,"[624, 767, 421, 517, 846]","[0.17848525941371918, 0.10916467010974884, 0.0701892077922821, 0.04379207268357277, 0.042371004819869995]"
cm-nosal,original,772,882,775,0,0.16716544330120087,"[775, 657, 774, 846, 655]","[0.16716544330120087, 0.08126305788755417, 0.06807275116443634, 0.05332096293568611, 0.0382874570786953]"
cm-nosal,original,773,778,597,0,0.23180942237377167,"[597, 414, 828, 748, 630]","[0.23180942237377167, 0.14741463959217072, 0.07880925387144089, 0.034726694226264954, 0.03218706324696541]"
cm-nosal,original,774,882,894,0,0.7295732498168945,"[894, 493, 519, 492, 495]","[0.7295732498168945, 0.16325902938842773, 0.04232821986079216, 0.02878682315349579, 0.006738247349858284]"
cm-nosal,original,775,550,532,0,0.25801339745521545,"[532, 765, 583, 398, 556]","[0.25801339745521545, 0.1466301828622818, 0.059675365686416626, 0.05452018603682518, 0.05038764327764511]"
cm-nosal,original,776,284,583,0,0.46858125925064087,"[583, 765, 104, 843, 785]","[0.46858125925064087, 0.06595553457736969, 0.048961203545331955, 0.027420882135629654, 0.023478930816054344]"
cm-nosal,original,777,851,598,0,0.517207682132721,"[598, 548, 651, 851, 782]","[0.517207682132721, 0.38419046998023987, 0.03155318275094032, 0.028726430609822273, 0.009983329102396965]"
cm-nosal,original,778,651,894,0,0.2660712003707886,"[894, 553, 519, 583, 799]","[0.2660712003707886, 0.20971226692199707, 0.2046595811843872, 0.048322997987270355, 0.022740298882126808]"
cm-nosal,original,779,681,526,0,0.9171653389930725,"[526, 736, 532, 745, 732]","[0.9171653389930725, 0.019140977412462234, 0.013866744004189968, 0.005581940524280071, 0.005015610717236996]"
cm-nosal,original,780,420,420,1,0.9117586612701416,"[420, 775, 515, 253, 502]","[0.9117586612701416, 0.0052040512673556805, 0.003629229962825775, 0.0030227999668568373, 0.0030211296398192644]"
cm-nosal,original,781,532,532,1,0.5682953000068665,"[532, 634, 778, 762, 471]","[0.5682953000068665, 0.07240038365125656, 0.04951035976409912, 0.0308633241802454, 0.028424683958292007]"
cm-nosal,original,782,423,423,1,0.0914594829082489,"[423, 621, 700, 450, 942]","[0.0914594829082489, 0.06856659054756165, 0.03634878993034363, 0.032982394099235535, 0.03254096582531929]"
cm-nosal,original,783,201,192,0,0.4309309422969818,"[192, 201, 187, 170, 155]","[0.4309309422969818, 0.15969997644424438, 0.13723936676979065, 0.07451128214597702, 0.03832554444670677]"
cm-nosal,original,784,690,690,1,0.8101414442062378,"[690, 345, 603, 346, 866]","[0.8101414442062378, 0.13423652946949005, 0.021241793408989906, 0.009729525074362755, 0.003832658752799034]"
cm-nosal,original,785,807,807,1,0.3394763171672821,"[807, 421, 840, 792, 87]","[0.3394763171672821, 0.05136813595890999, 0.04222339391708374, 0.03893733769655228, 0.03713202476501465]"
cm-nosal,original,786,836,420,0,0.13572674989700317,"[420, 558, 880, 400, 695]","[0.13572674989700317, 0.12956485152244568, 0.06760179996490479, 0.06362191587686539, 0.05385847017168999]"
cm-nosal,original,787,779,779,1,0.9074189066886902,"[779, 874, 408, 561, 554]","[0.9074189066886902, 0.021639931946992874, 0.02046792581677437, 0.008980839513242245, 0.006325531750917435]"
cm-nosal,original,788,872,880,0,0.41467753052711487,"[880, 523, 843, 975, 646]","[0.41467753052711487, 0.0726073831319809, 0.030741499736905098, 0.026960430666804314, 0.022055432200431824]"
cm-nosal,original,789,516,728,0,0.07342761009931564,"[728, 469, 739, 455, 666]","[0.07342761009931564, 0.05350111797451973, 0.031043503433465958, 0.028078708797693253, 0.02560690976679325]"
cm-nosal,original,790,807,877,0,0.26787909865379333,"[877, 716, 707, 448, 410]","[0.26787909865379333, 0.16927258670330048, 0.15714643895626068, 0.10120180994272232, 0.04988394305109978]"
cm-nosal,original,791,880,880,1,0.07783518731594086,"[880, 603, 518, 706, 444]","[0.07783518731594086, 0.07281261682510376, 0.05416424199938774, 0.043428756296634674, 0.04148034006357193]"
cm-nosal,original,792,678,576,0,0.12152378261089325,"[576, 420, 880, 838, 971]","[0.12152378261089325, 0.10904005914926529, 0.038435034453868866, 0.03384625166654587, 0.03283948823809624]"
cm-nosal,original,793,603,603,1,0.14466218650341034,"[603, 84, 264, 787, 561]","[0.14466218650341034, 0.051531992852687836, 0.03843749314546585, 0.038394223898649216, 0.03235394135117531]"
cm-nosal,original,794,665,671,0,0.44158703088760376,"[671, 249, 248, 665, 235]","[0.44158703088760376, 0.06828585267066956, 0.04970797151327133, 0.04864171892404556, 0.046291451901197433]"
cm-nosal,original,795,541,170,0,0.2263033539056778,"[170, 247, 462, 400, 255]","[0.2263033539056778, 0.09414467215538025, 0.06617716699838638, 0.057368211448192596, 0.03239264711737633]"
cm-nosal,original,796,704,608,0,0.10523620992898941,"[608, 704, 474, 457, 791]","[0.10523620992898941, 0.08058036118745804, 0.07857106626033783, 0.06159710884094238, 0.04534867778420448]"
cm-nosal,original,797,770,59,0,0.2247695028781891,"[59, 55, 315, 944, 835]","[0.2247695028781891, 0.08983970433473587, 0.05695674940943718, 0.04908902570605278, 0.04681248962879181]"
cm-nosal,original,798,428,568,0,0.43265247344970703,"[568, 873, 743, 576, 874]","[0.43265247344970703, 0.06446573883295059, 0.06096692383289337, 0.05004014074802399, 0.043807756155729294]"
cm-nosal,original,799,637,884,0,0.3130325376987457,"[884, 663, 497, 406, 483]","[0.3130325376987457, 0.18617770075798035, 0.1307343989610672, 0.03274989873170853, 0.0280446857213974]"
cm-nosal,original,800,879,414,0,0.22543302178382874,"[414, 412, 463, 842, 797]","[0.22543302178382874, 0.10431500524282455, 0.08130539953708649, 0.08064113557338715, 0.055477358400821686]"
cm-nosal,original,801,869,880,0,0.41255253553390503,"[880, 665, 671, 870, 670]","[0.41255253553390503, 0.18956966698169708, 0.1727350652217865, 0.08336273580789566, 0.052841126918792725]"
cm-nosal,original,802,690,533,0,0.07464680820703506,"[533, 721, 406, 411, 303]","[0.07464680820703506, 0.0416557751595974, 0.034524090588092804, 0.028623031452298164, 0.026753386482596397]"
cm-nosal,original,803,822,887,0,0.25992637872695923,"[887, 738, 728, 880, 981]","[0.25992637872695923, 0.07605955004692078, 0.054780397564172745, 0.05312397703528404, 0.05023618042469025]"
cm-nosal,original,804,880,355,0,0.12160354107618332,"[355, 880, 522, 870, 671]","[0.12160354107618332, 0.09071878343820572, 0.046534184366464615, 0.04566998407244682, 0.04235363379120827]"
cm-nosal,original,805,612,118,0,0.2797694504261017,"[118, 913, 320, 671, 395]","[0.2797694504261017, 0.040263909846544266, 0.03948662057518959, 0.03691307082772255, 0.023919180035591125]"
cm-nosal,original,806,879,411,0,0.10859478265047073,"[411, 614, 523, 642, 491]","[0.10859478265047073, 0.06921840459108353, 0.06014574319124222, 0.05325360968708992, 0.045259714126586914]"
cm-nosal,original,807,603,690,0,0.33342164754867554,"[690, 765, 603, 665, 870]","[0.33342164754867554, 0.31177496910095215, 0.1447550505399704, 0.01827791891992092, 0.014171763323247433]"
cm-nosal,original,808,707,707,1,0.6438568234443665,"[707, 571, 706, 480, 904]","[0.6438568234443665, 0.09278203547000885, 0.04548429697751999, 0.01624106429517269, 0.011216790415346622]"
cm-nosal,original,809,751,864,0,0.26632049679756165,"[864, 609, 555, 856, 476]","[0.26632049679756165, 0.09775367379188538, 0.09536799043416977, 0.05610770359635353, 0.043076369911432266]"
cm-nosal,original,810,407,407,1,0.28377753496170044,"[407, 436, 468, 734, 575]","[0.28377753496170044, 0.2370048463344574, 0.14289072155952454, 0.1341521441936493, 0.04811130091547966]"
cm-nosal,original,811,791,791,1,0.11171012371778488,"[791, 835, 874, 829, 561]","[0.11171012371778488, 0.07492799311876297, 0.05656176805496216, 0.050453219562768936, 0.04610920324921608]"
cm-nosal,original,812,645,645,1,0.15058393776416779,"[645, 880, 716, 576, 557]","[0.15058393776416779, 0.1350635588169098, 0.05744149163365364, 0.04854143038392067, 0.04624810814857483]"
cm-nosal,original,813,879,227,0,0.2540191411972046,"[227, 224, 205, 210, 159]","[0.2540191411972046, 0.17894531786441803, 0.15452390909194946, 0.05442933365702629, 0.026026669889688492]"
cm-nosal,original,814,612,612,1,0.5952070951461792,"[612, 671, 880, 857, 251]","[0.5952070951461792, 0.10437720268964767, 0.06319776177406311, 0.041073981672525406, 0.015342402271926403]"
cm-nosal,original,815,468,468,1,0.7216935157775879,"[468, 779, 734, 407, 751]","[0.7216935157775879, 0.15215443074703217, 0.015903284773230553, 0.014300668612122536, 0.012580388225615025]"
cm-nosal,original,816,603,603,1,0.20112256705760956,"[603, 652, 856, 354, 690]","[0.20112256705760956, 0.07010026276111603, 0.06529095023870468, 0.05390917882323265, 0.04735153913497925]"
cm-nosal,original,817,670,870,0,0.8309361338615417,"[870, 665, 880, 573, 670]","[0.8309361338615417, 0.04691895470023155, 0.03477492183446884, 0.021631566807627678, 0.020066941156983376]"
cm-nosal,original,818,468,950,0,0.15872728824615479,"[950, 468, 955, 611, 695]","[0.15872728824615479, 0.051866769790649414, 0.04358133673667908, 0.03337342292070389, 0.03226964920759201]"
cm-nosal,original,819,830,523,0,0.16222673654556274,"[523, 830, 875, 476, 559]","[0.16222673654556274, 0.13906948268413544, 0.08218131214380264, 0.06459613889455795, 0.04990936815738678]"
cm-nosal,original,820,670,880,0,0.3766329288482666,"[880, 665, 670, 802, 870]","[0.3766329288482666, 0.20877428352832794, 0.20624835789203644, 0.03860415145754814, 0.02388652414083481]"
cm-nosal,original,821,807,742,0,0.15793432295322418,"[742, 757, 896, 575, 812]","[0.15793432295322418, 0.1274392455816269, 0.08860774338245392, 0.045570094138383865, 0.03639347478747368]"
cm-nosal,original,822,602,775,0,0.5160166621208191,"[775, 602, 879, 496, 612]","[0.5160166621208191, 0.2807771563529968, 0.022451046854257584, 0.01348292175680399, 0.013232695870101452]"
cm-nosal,original,823,439,439,1,0.12234614789485931,"[439, 752, 594, 22, 914]","[0.12234614789485931, 0.11208060383796692, 0.05200182646512985, 0.03941735997796059, 0.02851719968020916]"
cm-nosal,original,824,198,192,0,0.30672407150268555,"[192, 187, 355, 219, 196]","[0.30672407150268555, 0.13238318264484406, 0.08691758662462234, 0.0561724454164505, 0.04729166254401207]"
cm-nosal,original,825,559,559,1,0.5127853751182556,"[559, 172, 765, 716, 46]","[0.5127853751182556, 0.047019653022289276, 0.03412554785609245, 0.029491625726222992, 0.026877475902438164]"
cm-nosal,original,826,919,557,0,0.4415384531021118,"[557, 733, 668, 682, 517]","[0.4415384531021118, 0.08783891797065735, 0.05661531165242195, 0.05138023570179939, 0.04721183702349663]"
cm-nosal,original,827,665,671,0,0.2558654546737671,"[671, 292, 444, 970, 282]","[0.2558654546737671, 0.08019835501909256, 0.04492897912859917, 0.029388446360826492, 0.019111493602395058]"
cm-nosal,original,828,919,456,0,0.07243303209543228,"[456, 646, 100, 835, 880]","[0.07243303209543228, 0.04858800396323204, 0.04665515571832657, 0.03191624954342842, 0.025401858612895012]"
cm-nosal,original,829,557,557,1,0.18160748481750488,"[557, 694, 970, 682, 913]","[0.18160748481750488, 0.14036618173122406, 0.07825073599815369, 0.07415749132633209, 0.0605945959687233]"
cm-nosal,original,830,864,450,0,0.17732000350952148,"[450, 753, 669, 829, 769]","[0.17732000350952148, 0.07366828620433807, 0.0722343921661377, 0.051341719925403595, 0.03463902324438095]"
cm-nosal,original,831,880,880,1,0.8860708475112915,"[880, 671, 491, 872, 429]","[0.8860708475112915, 0.06812293082475662, 0.010249401442706585, 0.007835962809622288, 0.003047536127269268]"
cm-nosal,original,832,870,870,1,0.11493588984012604,"[870, 880, 805, 444, 670]","[0.11493588984012604, 0.07851750403642654, 0.07369434833526611, 0.06037002429366112, 0.05900789797306061]"
cm-nosal,original,833,439,439,1,0.5227301716804504,"[439, 476, 498, 424, 890]","[0.5227301716804504, 0.08598999679088593, 0.0784580335021019, 0.027913032099604607, 0.02586018107831478]"
cm-nosal,original,834,728,775,0,0.1677539348602295,"[775, 880, 391, 608, 462]","[0.1677539348602295, 0.12101302295923233, 0.07346323132514954, 0.05869928374886513, 0.05673854425549507]"
cm-nosal,original,835,920,920,1,0.5475753545761108,"[920, 812, 557, 895, 21]","[0.5475753545761108, 0.08104220032691956, 0.037652771919965744, 0.03173664212226868, 0.029186543077230453]"
cm-nosal,original,836,608,852,0,0.057240743190050125,"[852, 863, 136, 137, 395]","[0.057240743190050125, 0.047870006412267685, 0.027243196964263916, 0.025554945692420006, 0.02200988493859768]"
cm-nosal,original,837,919,497,0,0.1878392994403839,"[497, 571, 698, 663, 498]","[0.1878392994403839, 0.15293307602405548, 0.1411728858947754, 0.09161806106567383, 0.06827481836080551]"
cm-nosal,original,838,612,612,1,0.9883648157119751,"[612, 559, 489, 870, 428]","[0.9883648157119751, 0.0019957434851676226, 0.0007243285654112697, 0.000655353011097759, 0.0005759235937148333]"
cm-nosal,original,839,919,919,1,0.3777022361755371,"[919, 781, 478, 458, 922]","[0.3777022361755371, 0.3030645251274109, 0.03654061257839203, 0.023457050323486328, 0.019648797810077667]"
cm-nosal,original,840,571,424,0,0.19419260323047638,"[424, 571, 624, 707, 454]","[0.19419260323047638, 0.11589623987674713, 0.05901560187339783, 0.048159874975681305, 0.04564053192734718]"
cm-nosal,original,841,575,603,0,0.17252305150032043,"[603, 569, 690, 874, 575]","[0.17252305150032043, 0.1401958018541336, 0.06687234342098236, 0.057870760560035706, 0.04671354591846466]"
cm-nosal,original,842,870,352,0,0.12470556050539017,"[352, 428, 463, 458, 351]","[0.12470556050539017, 0.058664608746767044, 0.05431312322616577, 0.03069114312529564, 0.02845851518213749]"
cm-nosal,original,843,919,498,0,0.6201683878898621,"[498, 743, 421, 860, 718]","[0.6201683878898621, 0.05233956128358841, 0.05004727095365524, 0.023587126284837723, 0.019740210846066475]"
cm-nosal,original,844,879,752,0,0.105470210313797,"[752, 416, 602, 870, 879]","[0.105470210313797, 0.09195469319820404, 0.07815234363079071, 0.06777481734752655, 0.05807894468307495]"
cm-nosal,original,845,690,406,0,0.12227704375982285,"[406, 454, 509, 582, 865]","[0.12227704375982285, 0.08213705569505692, 0.08197932690382004, 0.05827745050191879, 0.047116607427597046]"
cm-nosal,original,846,879,519,0,0.09850622713565826,"[519, 756, 412, 703, 423]","[0.09850622713565826, 0.05143027380108833, 0.04541116952896118, 0.029616715386509895, 0.027668477967381477]"
cm-nosal,original,847,412,706,0,0.12276012450456619,"[706, 458, 412, 556, 721]","[0.12276012450456619, 0.11881276965141296, 0.09199992567300797, 0.06632228195667267, 0.05672401562333107]"
cm-nosal,original,848,412,412,1,0.37249991297721863,"[412, 463, 704, 496, 637]","[0.37249991297721863, 0.06964355707168579, 0.04293634369969368, 0.035530734807252884, 0.02535885013639927]"
cm-nosal,original,849,751,661,0,0.35724419355392456,"[661, 751, 817, 468, 864]","[0.35724419355392456, 0.2890004515647888, 0.21116338670253754, 0.020190659910440445, 0.014833535999059677]"
cm-nosal,original,850,489,557,0,0.1690557599067688,"[557, 580, 733, 9, 489]","[0.1690557599067688, 0.15982434153556824, 0.08283413201570511, 0.08203352242708206, 0.052476175129413605]"
cm-nosal,original,851,223,522,0,0.49495184421539307,"[522, 225, 235, 416, 191]","[0.49495184421539307, 0.10566440969705582, 0.04294844716787338, 0.03998538851737976, 0.025999663397669792]"
cm-nosal,original,852,603,603,1,0.4916606545448303,"[603, 670, 665, 573, 345]","[0.4916606545448303, 0.1546841263771057, 0.09608055651187897, 0.021753402426838875, 0.016131605952978134]"
cm-nosal,original,853,862,546,0,0.07648405432701111,"[546, 890, 462, 258, 401]","[0.07648405432701111, 0.06754948943853378, 0.062097128480672836, 0.04554362967610359, 0.036915045231580734]"
cm-nosal,original,854,612,843,0,0.19407156109809875,"[843, 703, 702, 880, 832]","[0.19407156109809875, 0.07524745166301727, 0.0750708356499672, 0.06334494799375534, 0.05916759744286537]"
cm-nosal,original,855,154,154,1,0.7679199576377869,"[154, 368, 255, 204, 155]","[0.7679199576377869, 0.04976009204983711, 0.030347155407071114, 0.015768177807331085, 0.013180447742342949]"
cm-nosal,original,856,560,768,0,0.7273772358894348,"[768, 560, 981, 805, 429]","[0.7273772358894348, 0.17264008522033691, 0.024434855207800865, 0.01801149919629097, 0.014120598323643208]"
cm-nosal,original,857,852,752,0,0.6481019854545593,"[752, 868, 553, 852, 549]","[0.6481019854545593, 0.027914488688111305, 0.016411129385232925, 0.01574382372200489, 0.013784056529402733]"
cm-nosal,original,858,522,746,0,0.7246804237365723,"[746, 462, 792, 450, 573]","[0.7246804237365723, 0.17830419540405273, 0.01932215690612793, 0.010220002382993698, 0.004519578535109758]"
cm-nosal,original,859,430,430,1,0.09877655655145645,"[430, 840, 462, 890, 776]","[0.09877655655145645, 0.08031366020441055, 0.07632831484079361, 0.07415879517793655, 0.06379324942827225]"
cm-nosal,original,860,752,752,1,0.11032066494226456,"[752, 429, 890, 602, 704]","[0.11032066494226456, 0.060761459171772, 0.05027758330106735, 0.03799283131957054, 0.03597037494182587]"
cm-nosal,original,861,852,852,1,0.11743324249982834,"[852, 431, 752, 955, 529]","[0.11743324249982834, 0.07939250022172928, 0.06488694250583649, 0.05862785130739212, 0.05614137277007103]"
cm-nosal,original,862,746,746,1,0.9471274018287659,"[746, 537, 795, 890, 701]","[0.9471274018287659, 0.01214821171015501, 0.009463455528020859, 0.00295077683404088, 0.0027704047970473766]"
cm-nosal,original,863,702,702,1,0.8819099068641663,"[702, 602, 819, 843, 890]","[0.8819099068641663, 0.06175614520907402, 0.008926535956561565, 0.007039390970021486, 0.00568343186751008]"
cm-nosal,original,864,560,560,1,0.8965727686882019,"[560, 513, 787, 768, 518]","[0.8965727686882019, 0.027627551928162575, 0.018414661288261414, 0.006841390393674374, 0.004248317331075668]"
cm-nosal,original,865,746,746,1,0.9905706644058228,"[746, 795, 880, 615, 537]","[0.9905706644058228, 0.0033551997039467096, 0.0019560966175049543, 0.0006536076543852687, 0.00041267790948040783]"
cm-nosal,original,866,430,430,1,0.9573143720626831,"[430, 879, 159, 594, 890]","[0.9573143720626831, 0.0030673888977617025, 0.0029423071537166834, 0.0027790945023298264, 0.0024253728333860636]"
cm-nosal,original,867,450,450,1,0.8522412180900574,"[450, 469, 928, 909, 849]","[0.8522412180900574, 0.01148945651948452, 0.011282579973340034, 0.007805407978594303, 0.005866189021617174]"
cm-nosal,original,868,890,890,1,0.9969346523284912,"[890, 722, 429, 430, 805]","[0.9969346523284912, 0.0012685544788837433, 0.001020081457681954, 0.0005605198675766587, 3.512871262500994e-05]"
cm-nosal,original,869,746,746,1,0.9960885047912598,"[746, 795, 517, 450, 728]","[0.9960885047912598, 0.0027705759275704622, 0.00011395567707950249, 0.00010152657341677696, 9.736434003571048e-05]"
cm-nosal,original,870,560,560,1,0.505260169506073,"[560, 981, 768, 430, 433]","[0.505260169506073, 0.4246824085712433, 0.01683577336370945, 0.009455990977585316, 0.006005820352584124]"
cm-nosal,original,871,752,752,1,0.7967719435691833,"[752, 430, 981, 722, 890]","[0.7967719435691833, 0.03305653855204582, 0.023715151473879814, 0.01731034554541111, 0.009883211925625801]"
cm-nosal,original,872,702,516,0,0.14560572803020477,"[516, 880, 694, 559, 765]","[0.14560572803020477, 0.1175127699971199, 0.09665913134813309, 0.07185158133506775, 0.06739244610071182]"
cm-nosal,original,873,160,568,0,0.25150153040885925,"[568, 163, 213, 255, 220]","[0.25150153040885925, 0.114862821996212, 0.10525880008935928, 0.08767953515052795, 0.07316145300865173]"
cm-nosal,original,874,430,430,1,0.9857358336448669,"[430, 890, 491, 615, 652]","[0.9857358336448669, 0.0074221910908818245, 0.001058465801179409, 0.000739406212233007, 0.00043018453288823366]"
cm-nosal,original,875,430,430,1,0.9626040458679199,"[430, 890, 788, 954, 955]","[0.9626040458679199, 0.022843221202492714, 0.0015822123968973756, 0.0011328101390972733, 0.0006072158575989306]"
cm-nosal,original,876,499,499,1,0.4259268641471863,"[499, 596, 695, 813, 676]","[0.4259268641471863, 0.28286901116371155, 0.14140787720680237, 0.009058811701834202, 0.006659246049821377]"
cm-nosal,original,877,418,144,0,0.6217094659805298,"[144, 696, 558, 718, 693]","[0.6217094659805298, 0.08919333666563034, 0.02608911693096161, 0.019493956118822098, 0.018390275537967682]"
cm-nosal,original,878,849,849,1,0.5775793194770813,"[849, 940, 659, 725, 899]","[0.5775793194770813, 0.058037735521793365, 0.05660237371921539, 0.05367474630475044, 0.04009688273072243]"
cm-nosal,original,879,899,427,0,0.46142441034317017,"[427, 562, 505, 756, 661]","[0.46142441034317017, 0.12762631475925446, 0.10551483184099197, 0.03781408444046974, 0.024924321100115776]"
cm-nosal,original,880,963,963,1,0.9616716504096985,"[963, 941, 965, 924, 567]","[0.9616716504096985, 0.0063822525553405285, 0.0045041656121611595, 0.0030520542059093714, 0.0019279709085822105]"
cm-nosal,original,881,956,936,0,0.44689539074897766,"[936, 924, 956, 952, 943]","[0.44689539074897766, 0.12264708429574966, 0.08306729793548584, 0.07607679069042206, 0.0543452650308609]"
cm-nosal,original,882,961,868,0,0.05713595822453499,"[868, 969, 977, 961, 934]","[0.05713595822453499, 0.05662458762526512, 0.053755972534418106, 0.053700197488069534, 0.04843464493751526]"
cm-nosal,original,883,786,191,0,0.06703484803438187,"[191, 221, 390, 708, 267]","[0.06703484803438187, 0.05896622687578201, 0.04805627092719078, 0.04625772684812546, 0.04085469990968704]"
cm-nosal,original,884,440,440,1,0.994253933429718,"[440, 737, 441, 476, 455]","[0.994253933429718, 0.0025358442217111588, 0.0006434122333303094, 0.00028623928665183485, 0.00023453518224414438]"
cm-nosal,original,885,846,846,1,0.9754599332809448,"[846, 619, 849, 882, 470]","[0.9754599332809448, 0.021295946091413498, 0.00034294332726858556, 0.0002729648840613663, 0.0002602401946205646]"
cm-nosal,original,886,969,692,0,0.3301609754562378,"[692, 737, 572, 440, 415]","[0.3301609754562378, 0.1118648573756218, 0.06813374161720276, 0.04143791273236275, 0.039913471788167953]"
cm-nosal,original,887,945,883,0,0.3210696876049042,"[883, 1, 949, 943, 945]","[0.3210696876049042, 0.1300099939107895, 0.10014462471008301, 0.06833667308092117, 0.03628959506750107]"
cm-nosal,original,888,752,722,0,0.30058154463768005,"[722, 659, 852, 504, 889]","[0.30058154463768005, 0.1348419487476349, 0.05339374765753746, 0.037077613174915314, 0.02587331086397171]"
cm-nosal,original,889,651,651,1,0.2669183909893036,"[651, 648, 786, 606, 859]","[0.2669183909893036, 0.17068740725517273, 0.05620937421917915, 0.028873272240161896, 0.024140173569321632]"
cm-nosal,original,890,945,945,1,0.48256149888038635,"[945, 943, 948, 114, 838]","[0.48256149888038635, 0.10995426028966904, 0.04518701881170273, 0.03694478049874306, 0.027310512959957123]"
cm-nosal,original,891,438,441,0,0.4112511873245239,"[441, 722, 487, 398, 626]","[0.4112511873245239, 0.09294813126325607, 0.0811547264456749, 0.053474362939596176, 0.05222083255648613]"
cm-nosal,original,892,441,969,0,0.7748429179191589,"[969, 773, 441, 470, 960]","[0.7748429179191589, 0.05293424054980278, 0.03981618955731392, 0.02261848747730255, 0.018359875306487083]"
cm-nosal,original,893,818,563,0,0.12345018237829208,"[563, 917, 748, 770, 496]","[0.12345018237829208, 0.08276000618934631, 0.06925112009048462, 0.04759946092963219, 0.04272692650556564]"
cm-nosal,original,894,941,941,1,0.7294046878814697,"[941, 952, 943, 956, 346]","[0.7294046878814697, 0.26108023524284363, 0.0014567225007340312, 0.0014040085952728987, 0.0009386570891365409]"
cm-nosal,original,895,711,629,0,0.6721740961074829,"[629, 711, 845, 677, 470]","[0.6721740961074829, 0.0695299506187439, 0.03992772847414017, 0.01083411742001772, 0.009896373376250267]"
cm-nosal,original,896,152,160,0,0.2487526834011078,"[160, 152, 196, 217, 198]","[0.2487526834011078, 0.19816751778125763, 0.10993684083223343, 0.04178187623620033, 0.03107542358338833]"
cm-nosal,original,897,996,996,1,0.9307387471199036,"[996, 23, 924, 993, 825]","[0.9307387471199036, 0.019042233005166054, 0.015927869826555252, 0.0041899303905665874, 0.002968907356262207]"
cm-nosal,original,898,898,725,0,0.11211444437503815,"[725, 773, 849, 999, 505]","[0.11211444437503815, 0.07907706499099731, 0.064214326441288, 0.056595221161842346, 0.0516836903989315]"
cm-nosal,original,899,441,969,0,0.15098553895950317,"[969, 441, 747, 585, 859]","[0.15098553895950317, 0.13700821995735168, 0.07005634158849716, 0.0685693770647049, 0.04630666598677635]"
cm-nosal,original,900,953,728,0,0.07310914993286133,"[728, 173, 738, 690, 949]","[0.07310914993286133, 0.054287612438201904, 0.0530581958591938, 0.031032493337988853, 0.029804660007357597]"
cm-nosal,original,901,505,505,1,0.6207711696624756,"[505, 899, 503, 804, 725]","[0.6207711696624756, 0.04362194612622261, 0.03237360715866089, 0.02385161817073822, 0.020875457674264908]"
cm-nosal,original,902,773,773,1,0.674351692199707,"[773, 503, 604, 725, 618]","[0.674351692199707, 0.045589227229356766, 0.026852024719119072, 0.02425563521683216, 0.016247272491455078]"
cm-nosal,original,903,942,941,0,0.5913817286491394,"[941, 942, 567, 544, 939]","[0.5913817286491394, 0.2796803116798401, 0.04771127924323082, 0.011279243975877762, 0.008485398255288601]"
cm-nosal,original,904,891,581,0,0.2071944773197174,"[581, 790, 609, 891, 420]","[0.2071944773197174, 0.10628314316272736, 0.08246014267206192, 0.0745575800538063, 0.05260248854756355]"
cm-nosal,original,905,968,721,0,0.2273230105638504,"[721, 591, 411, 697, 496]","[0.2273230105638504, 0.17924106121063232, 0.0938430204987526, 0.059740033000707626, 0.0525185652077198]"
cm-nosal,original,906,942,961,0,0.20679722726345062,"[961, 901, 6, 849, 739]","[0.20679722726345062, 0.0750173032283783, 0.0637800544500351, 0.055018145591020584, 0.03770294040441513]"
cm-nosal,original,907,941,721,0,0.14585483074188232,"[721, 934, 116, 883, 719]","[0.14585483074188232, 0.11166313290596008, 0.0767076313495636, 0.053696151822805405, 0.040085334330797195]"
cm-nosal,original,908,418,494,0,0.24583464860916138,"[494, 743, 687, 894, 792]","[0.24583464860916138, 0.07546989619731903, 0.07024632394313812, 0.05925507843494415, 0.03536028787493706]"
cm-nosal,original,909,928,927,0,0.8851291537284851,"[927, 928, 728, 215, 156]","[0.8851291537284851, 0.020037561655044556, 0.006635186728090048, 0.005692708771675825, 0.005479954648762941]"
cm-nosal,original,910,934,472,0,0.7012045979499817,"[472, 934, 739, 696, 502]","[0.7012045979499817, 0.10617565363645554, 0.038047902286052704, 0.021257804706692696, 0.009732996113598347]"
cm-nosal,original,911,968,721,0,0.6029804944992065,"[721, 893, 835, 591, 55]","[0.6029804944992065, 0.03955025225877762, 0.027656711637973785, 0.020797360688447952, 0.01595684327185154]"
cm-nosal,original,912,923,923,1,0.9066894054412842,"[923, 928, 941, 935, 924]","[0.9066894054412842, 0.031758133322000504, 0.028380058705806732, 0.018400488421320915, 0.0021623079665005207]"
cm-nosal,original,913,194,202,0,0.09955521672964096,"[202, 277, 192, 219, 194]","[0.09955521672964096, 0.0944708064198494, 0.08288494497537613, 0.07995688170194626, 0.06557833403348923]"
cm-nosal,original,914,927,927,1,0.9966915845870972,"[927, 960, 928, 868, 883]","[0.9966915845870972, 0.0007128507131710649, 0.0004226994060445577, 0.00042013131314888597, 0.00034058719757013023]"
cm-nosal,original,915,686,748,0,0.2998546063899994,"[748, 686, 516, 492, 939]","[0.2998546063899994, 0.10937876254320145, 0.054033394902944565, 0.04672330990433693, 0.04644298925995827]"
cm-nosal,original,916,737,660,0,0.11131760478019714,"[660, 773, 915, 737, 758]","[0.11131760478019714, 0.07204274833202362, 0.045793768018484116, 0.038809552788734436, 0.034420859068632126]"
cm-nosal,original,917,849,314,0,0.19631589949131012,"[314, 63, 463, 60, 100]","[0.19631589949131012, 0.12959660589694977, 0.07887239009141922, 0.027473604306578636, 0.026828914880752563]"
cm-nosal,original,918,855,855,1,0.5921556353569031,"[855, 504, 464, 773, 898]","[0.5921556353569031, 0.0585603192448616, 0.03830760717391968, 0.03234819695353508, 0.02503078803420067]"
cm-nosal,original,919,611,521,0,0.1565273553133011,"[521, 611, 398, 926, 415]","[0.1565273553133011, 0.10739107429981232, 0.06371667236089706, 0.060574255883693695, 0.044155243784189224]"
cm-nosal,original,920,545,572,0,0.09801894426345825,"[572, 545, 968, 725, 711]","[0.09801894426345825, 0.055622197687625885, 0.055216170847415924, 0.05458448454737663, 0.0407615564763546]"
cm-nosal,original,921,761,806,0,0.23319098353385925,"[806, 816, 532, 518, 496]","[0.23319098353385925, 0.11257275193929672, 0.07134224474430084, 0.0528457835316658, 0.03222987800836563]"
cm-nosal,original,922,521,923,0,0.6725485920906067,"[923, 521, 959, 924, 809]","[0.6725485920906067, 0.053622983396053314, 0.05035333335399628, 0.030835673213005066, 0.027822820469737053]"
cm-nosal,original,923,626,901,0,0.15165548026561737,"[901, 849, 773, 725, 521]","[0.15165548026561737, 0.07521557807922363, 0.04700084030628204, 0.04389328137040138, 0.03383620083332062]"
cm-nosal,original,924,441,509,0,0.10089384764432907,"[509, 398, 845, 534, 942]","[0.10089384764432907, 0.09720176458358765, 0.09389276057481766, 0.0629274845123291, 0.05468272045254707]"
cm-nosal,original,925,438,438,1,0.2695816159248352,"[438, 711, 505, 647, 859]","[0.2695816159248352, 0.23738954961299896, 0.07101712375879288, 0.05390310660004616, 0.04047267884016037]"
cm-nosal,original,926,426,426,1,0.6942622065544128,"[426, 409, 685, 826, 778]","[0.6942622065544128, 0.1492365300655365, 0.060332320630550385, 0.04028700292110443, 0.029229281470179558]"
cm-nosal,original,927,710,710,1,0.22935478389263153,"[710, 700, 543, 413, 589]","[0.22935478389263153, 0.04526819288730621, 0.043594323098659515, 0.03229675814509392, 0.024652330204844475]"
cm-nosal,original,928,613,613,1,0.21667639911174774,"[613, 999, 710, 723, 882]","[0.21667639911174774, 0.08669953793287277, 0.0668158307671547, 0.025757094845175743, 0.023143116384744644]"
cm-nosal,original,929,574,666,0,0.17889805138111115,"[666, 910, 659, 626, 876]","[0.17889805138111115, 0.1584441065788269, 0.04752180725336075, 0.042581479996442795, 0.03894724324345589]"
cm-nosal,original,930,882,566,0,0.21753011643886566,"[566, 513, 652, 788, 486]","[0.21753011643886566, 0.0411427766084671, 0.0344524011015892, 0.03367789462208748, 0.03346540406346321]"
cm-nosal,original,931,647,647,1,0.41580334305763245,"[647, 492, 898, 442, 481]","[0.41580334305763245, 0.18584921956062317, 0.028914568945765495, 0.025588052347302437, 0.021481847390532494]"
cm-nosal,original,932,737,737,1,0.5389437079429626,"[737, 440, 441, 463, 692]","[0.5389437079429626, 0.30467721819877625, 0.02826298587024212, 0.013442322611808777, 0.009309332817792892]"
cm-nosal,original,933,963,963,1,0.6841062307357788,"[963, 599, 410, 611, 329]","[0.6841062307357788, 0.20370641350746155, 0.025717686861753464, 0.005572375375777483, 0.0034856919664889574]"
cm-nosal,original,934,662,622,0,0.10206946730613708,"[622, 662, 597, 508, 485]","[0.10206946730613708, 0.1003229096531868, 0.08498499542474747, 0.047735679894685745, 0.044765032827854156]"
cm-nosal,original,935,891,891,1,0.9670957922935486,"[891, 589, 778, 452, 796]","[0.9670957922935486, 0.001907283440232277, 0.001850440283305943, 0.0018459123093634844, 0.0016753626987338066]"
cm-nosal,original,936,891,891,1,0.9313378930091858,"[891, 492, 564, 765, 759]","[0.9313378930091858, 0.007144575007259846, 0.004722365643829107, 0.0044633434154093266, 0.0025217649526894093]"
cm-nosal,original,937,710,563,0,0.1343487948179245,"[563, 710, 549, 767, 784]","[0.1343487948179245, 0.11059992760419846, 0.037928659468889236, 0.035531122237443924, 0.03142659366130829]"
cm-nosal,original,938,188,202,0,0.31398510932922363,"[202, 188, 266, 181, 265]","[0.31398510932922363, 0.23391854763031006, 0.09507075697183609, 0.0932520180940628, 0.0736343115568161]"
cm-nosal,original,939,503,503,1,0.7057449221611023,"[503, 441, 563, 773, 883]","[0.7057449221611023, 0.05129100754857063, 0.0507081001996994, 0.028584225103259087, 0.010846596211194992]"
cm-nosal,original,940,849,849,1,0.7581101059913635,"[849, 725, 901, 899, 659]","[0.7581101059913635, 0.08321435004472733, 0.03122202306985855, 0.030671443790197372, 0.027746595442295074]"
cm-nosal,original,941,968,773,0,0.29846036434173584,"[773, 659, 720, 968, 804]","[0.29846036434173584, 0.21623212099075317, 0.08650683611631393, 0.07278348505496979, 0.06358510255813599]"
cm-nosal,original,942,438,956,0,0.14528632164001465,"[956, 568, 434, 944, 520]","[0.14528632164001465, 0.08391496539115906, 0.06896550208330154, 0.05054952949285507, 0.04835288226604462]"
cm-nosal,original,943,530,530,1,0.6209293007850647,"[530, 754, 485, 757, 660]","[0.6209293007850647, 0.04699079692363739, 0.0362534373998642, 0.03404594585299492, 0.030770592391490936]"
cm-nosal,original,944,613,613,1,0.7616732120513916,"[613, 447, 882, 632, 891]","[0.7616732120513916, 0.023685388267040253, 0.020264925435185432, 0.017427958548069, 0.012357139959931374]"
cm-nosal,original,945,786,786,1,0.7548246383666992,"[786, 778, 782, 688, 526]","[0.7548246383666992, 0.027784114703536034, 0.02615129016339779, 0.018789922818541527, 0.01833166927099228]"
cm-nosal,original,946,466,791,0,0.3076309561729431,"[791, 830, 744, 466, 534]","[0.3076309561729431, 0.058683399111032486, 0.05612621828913689, 0.05612381175160408, 0.05465107783675194]"
cm-nosal,original,947,466,842,0,0.10069701820611954,"[842, 591, 435, 756, 559]","[0.10069701820611954, 0.04633217677474022, 0.03679246827960014, 0.032394979149103165, 0.027193356305360794]"
cm-nosal,original,948,466,807,0,0.04901842027902603,"[807, 756, 708, 420, 812]","[0.04901842027902603, 0.047399722039699554, 0.03678124397993088, 0.03601419925689697, 0.03546004742383957]"
cm-nosal,original,949,547,547,1,0.9033454060554504,"[547, 705, 829, 595, 565]","[0.9033454060554504, 0.0704367607831955, 0.008821660652756691, 0.0048694610595703125, 0.003821409773081541]"
cm-nosal,original,950,547,547,1,0.7684184908866882,"[547, 705, 820, 565, 410]","[0.7684184908866882, 0.08678228408098221, 0.05317511782050133, 0.02132583223283291, 0.016912778839468956]"
cm-nosal,original,951,547,829,0,0.4709027409553528,"[829, 595, 547, 705, 449]","[0.4709027409553528, 0.06859246641397476, 0.062364641577005386, 0.0520879290997982, 0.03963041305541992]"
cm-nosal,original,952,466,466,1,0.8724498748779297,"[466, 895, 150, 535, 785]","[0.8724498748779297, 0.024625515565276146, 0.0042944857850670815, 0.004293942824006081, 0.0033076032996177673]"
cm-nosal,original,953,466,466,1,0.8570146560668945,"[466, 705, 547, 812, 581]","[0.8570146560668945, 0.06728186458349228, 0.012675438076257706, 0.011145921424031258, 0.00867027509957552]"
cm-nosal,original,954,829,829,1,0.660210371017456,"[829, 705, 874, 547, 495]","[0.660210371017456, 0.14055711030960083, 0.11493214964866638, 0.028918761759996414, 0.006450537126511335]"
cm-nosal,original,955,547,547,1,0.7176119089126587,"[547, 705, 466, 829, 920]","[0.7176119089126587, 0.2648313641548157, 0.008245669305324554, 0.003453073790296912, 0.00068944989470765]"
cm-nosal,original,956,829,829,1,0.9418264627456665,"[829, 874, 547, 812, 827]","[0.9418264627456665, 0.03985379636287689, 0.004991290159523487, 0.0025502352509647608, 0.0016544131794944406]"
cm-nosal,original,957,829,576,0,0.14222146570682526,"[576, 765, 497, 562, 586]","[0.14222146570682526, 0.060372740030288696, 0.05464828386902809, 0.049091678112745285, 0.04196575656533241]"
cm-nosal,original,958,829,829,1,0.11396029591560364,"[829, 536, 914, 565, 403]","[0.11396029591560364, 0.0968642607331276, 0.07125062495470047, 0.04752284660935402, 0.046966277062892914]"
cm-nosal,original,959,820,820,1,0.9997982382774353,"[820, 547, 847, 856, 730]","[0.9997982382774353, 0.00012277523637749255, 2.0810881323996e-05, 8.928123861551285e-06, 3.845751052722335e-06]"
cm-nosal,original,960,820,820,1,0.5136469006538391,"[820, 595, 569, 565, 51]","[0.5136469006538391, 0.05286066234111786, 0.03985179215669632, 0.03293595463037491, 0.02385607734322548]"
cm-nosal,original,961,829,829,1,0.923702597618103,"[829, 547, 705, 874, 654]","[0.923702597618103, 0.026369530707597733, 0.013874870724976063, 0.012305943295359612, 0.0066042570397257805]"
cm-nosal,original,962,820,115,0,0.22206352651119232,"[115, 937, 267, 938, 107]","[0.22206352651119232, 0.04868382588028908, 0.04412982985377312, 0.03054937720298767, 0.02160266786813736]"
cm-nosal,original,963,829,829,1,0.6879848837852478,"[829, 547, 705, 779, 866]","[0.6879848837852478, 0.24462151527404785, 0.030706515535712242, 0.006316122133284807, 0.0022011452820152044]"
cm-nosal,original,964,829,829,1,0.31195905804634094,"[829, 554, 555, 874, 407]","[0.31195905804634094, 0.2272556722164154, 0.14312155544757843, 0.0785725936293602, 0.06260602921247482]"
cm-nosal,original,965,829,829,1,0.9642777442932129,"[829, 874, 547, 705, 654]","[0.9642777442932129, 0.021697884425520897, 0.01003232505172491, 0.003006771206855774, 0.0003240033984184265]"
cm-nosal,original,966,820,820,1,0.437175989151001,"[820, 569, 637, 595, 652]","[0.437175989151001, 0.024172132834792137, 0.021679220721125603, 0.021489381790161133, 0.018702644854784012]"
cm-nosal,original,967,829,829,1,0.9702222943305969,"[829, 874, 698, 554, 561]","[0.9702222943305969, 0.019333284348249435, 0.0011510838521644473, 0.0008387718116864562, 0.0008091282215900719]"
cm-nosal,original,968,102,102,1,0.9770530462265015,"[102, 334, 328, 337, 316]","[0.9770530462265015, 0.016372282058000565, 0.0026262360624969006, 0.0013877381570637226, 0.0003041831951122731]"
cm-nosal,original,969,850,496,0,0.057948023080825806,"[496, 850, 827, 653, 265]","[0.057948023080825806, 0.04316948726773262, 0.03951186314225197, 0.038100823760032654, 0.027214594185352325]"
cm-nosal,original,970,850,850,1,0.6586350202560425,"[850, 865, 709, 692, 415]","[0.6586350202560425, 0.05341426655650139, 0.036963362246751785, 0.023817500099539757, 0.015951689332723618]"
cm-nosal,original,971,539,415,0,0.16196748614311218,"[415, 677, 390, 939, 421]","[0.16196748614311218, 0.06552214920520782, 0.05695964768528938, 0.05025041848421097, 0.04249002784490585]"
cm-nosal,original,972,374,374,1,0.7908313274383545,"[374, 372, 104, 150, 365]","[0.7908313274383545, 0.03457099199295044, 0.015114575624465942, 0.010967868380248547, 0.006551749538630247]"
cm-nosal,original,973,601,689,0,0.4070514738559723,"[689, 601, 869, 406, 578]","[0.4070514738559723, 0.33043697476387024, 0.07094944268465042, 0.050446849316358566, 0.0394698828458786]"
cm-nosal,original,974,929,601,0,0.31772497296333313,"[601, 735, 669, 411, 529]","[0.31772497296333313, 0.04685603454709053, 0.03788576275110245, 0.035140298306941986, 0.032005466520786285]"
cm-nosal,original,975,203,203,1,0.6876185536384583,"[203, 192, 229, 204, 190]","[0.6876185536384583, 0.09742818027734756, 0.027890251949429512, 0.021946538239717484, 0.020279660820961]"
cm-nosal,original,976,532,532,1,0.6582106947898865,"[532, 492, 868, 910, 940]","[0.6582106947898865, 0.06063289940357208, 0.036897893995046616, 0.02956446260213852, 0.0196961872279644]"
cm-nosal,original,977,153,153,1,0.5223017334938049,"[153, 207, 169, 219, 222]","[0.5223017334938049, 0.07188669592142105, 0.04038601368665695, 0.0394916906952858, 0.03474092483520508]"
cm-nosal,original,978,733,890,0,0.2863636016845703,"[890, 702, 416, 842, 212]","[0.2863636016845703, 0.19309552013874054, 0.07530000805854797, 0.04043015465140343, 0.03563942387700081]"
cm-nosal,original,979,363,125,0,0.49576419591903687,"[125, 363, 60, 67, 106]","[0.49576419591903687, 0.14079993963241577, 0.0691569522023201, 0.05552997440099716, 0.02874986082315445]"
cm-nosal,original,980,674,674,1,0.3741304278373718,"[674, 613, 468, 791, 803]","[0.3741304278373718, 0.09747199714183807, 0.04133250191807747, 0.03160670027136803, 0.031426917761564255]"
cm-nosal,original,981,778,549,0,0.4802038371562958,"[549, 478, 879, 758, 742]","[0.4802038371562958, 0.06299930810928345, 0.05375148728489876, 0.01852698251605034, 0.01830587163567543]"
cm-nosal,original,982,765,496,0,0.24245336651802063,"[496, 697, 700, 883, 765]","[0.24245336651802063, 0.1843629628419876, 0.05075521022081375, 0.042313963174819946, 0.03994544595479965]"
cm-nosal,original,983,161,161,1,0.9280562996864319,"[161, 162, 227, 155, 264]","[0.9280562996864319, 0.03702004253864288, 0.003144156653434038, 0.002733472967520356, 0.0025260825641453266]"
cm-nosal,original,984,539,112,0,0.19768214225769043,"[112, 247, 273, 263, 271]","[0.19768214225769043, 0.0773938000202179, 0.06526834517717361, 0.06151491403579712, 0.03249291703104973]"
cm-nosal,original,985,999,728,0,0.23328818380832672,"[728, 700, 999, 529, 666]","[0.23328818380832672, 0.0721273347735405, 0.0625343844294548, 0.054014258086681366, 0.042092807590961456]"
cm-nosal,original,986,715,788,0,0.10892412811517715,"[788, 251, 388, 241, 903]","[0.10892412811517715, 0.03839153051376343, 0.023871945217251778, 0.023597756400704384, 0.022853782400488853]"
cm-nosal,original,987,153,153,1,0.3678834140300751,"[153, 203, 266, 204, 265]","[0.3678834140300751, 0.1443917602300644, 0.11141185462474823, 0.08008494228124619, 0.07359661161899567]"
cm-nosal,original,988,161,162,0,0.344879686832428,"[162, 161, 232, 345, 195]","[0.344879686832428, 0.25199592113494873, 0.04882774129509926, 0.04847428947687149, 0.043702881783246994]"
cm-nosal,original,989,543,242,0,0.2315729260444641,"[242, 422, 254, 243, 161]","[0.2315729260444641, 0.11853932589292526, 0.10166191309690475, 0.09390943497419357, 0.09084834903478622]"
cm-nosal,original,990,161,162,0,0.356401264667511,"[162, 161, 230, 253, 263]","[0.356401264667511, 0.1649342030286789, 0.11145848780870438, 0.07737390697002411, 0.033469002693891525]"
cm-nosal,original,991,849,504,0,0.4888048470020294,"[504, 438, 773, 899, 804]","[0.4888048470020294, 0.08477798849344254, 0.06293704360723495, 0.06131579726934433, 0.04502886161208153]"
cm-nosal,original,992,422,170,0,0.061835914850234985,"[170, 226, 162, 214, 422]","[0.061835914850234985, 0.06154809892177582, 0.050172001123428345, 0.04534538835287094, 0.044213637709617615]"
cm-nosal,original,993,157,157,1,0.24494335055351257,"[157, 259, 283, 338, 284]","[0.24494335055351257, 0.135984405875206, 0.07621293514966965, 0.07081829756498337, 0.04921930283308029]"
cm-nosal,original,994,193,182,0,0.21026253700256348,"[182, 185, 193, 186, 191]","[0.21026253700256348, 0.1889519840478897, 0.17331688106060028, 0.1604919582605362, 0.041947003453969955]"
cm-nosal,original,995,728,775,0,0.24372632801532745,"[775, 491, 728, 697, 999]","[0.24372632801532745, 0.06370951980352402, 0.05653482675552368, 0.040736932307481766, 0.03776070475578308]"
cm-nosal,original,996,201,189,0,0.2956044375896454,"[189, 201, 196, 194, 202]","[0.2956044375896454, 0.19627472758293152, 0.0899987667798996, 0.07190487533807755, 0.04647187143564224]"
cm-nosal,original,997,174,174,1,0.48754027485847473,"[174, 261, 235, 104, 225]","[0.48754027485847473, 0.17980921268463135, 0.05707426369190216, 0.04475245624780655, 0.0183736402541399]"
cm-nosal,original,998,171,237,0,0.3577716052532196,"[237, 171, 209, 236, 225]","[0.3577716052532196, 0.1427808552980423, 0.07049772888422012, 0.058814484626054764, 0.058143630623817444]"
cm-nosal,original,999,161,161,1,0.521817147731781,"[161, 162, 359, 182, 338]","[0.521817147731781, 0.14687778055667877, 0.09908701479434967, 0.012149469926953316, 0.011775276623666286]"
cm-nosal,original,1000,882,882,1,0.31065231561660767,"[882, 621, 686, 477, 784]","[0.31065231561660767, 0.04840601608157158, 0.04319146275520325, 0.03573165833950043, 0.029165305197238922]"
cm-nosal,original,1001,199,252,0,0.1953728049993515,"[252, 197, 205, 199, 93]","[0.1953728049993515, 0.06980477273464203, 0.06704305857419968, 0.06518544256687164, 0.05651496350765228]"
cm-nosal,original,1002,226,255,0,0.16989970207214355,"[255, 226, 175, 160, 207]","[0.16989970207214355, 0.14884933829307556, 0.11025722324848175, 0.08628320693969727, 0.07628051191568375]"
cm-nosal,original,1003,559,765,0,0.2757536768913269,"[765, 508, 532, 559, 579]","[0.2757536768913269, 0.13302874565124512, 0.07437504082918167, 0.06766811013221741, 0.06176625192165375]"
cm-nosal,original,1004,532,532,1,0.845309853553772,"[532, 579, 559, 526, 765]","[0.845309853553772, 0.08077067881822586, 0.056795623153448105, 0.0034142951481044292, 0.002615255769342184]"
cm-nosal,original,1005,882,518,0,0.17709565162658691,"[518, 615, 532, 461, 550]","[0.17709565162658691, 0.061121776700019836, 0.05980014055967331, 0.035717375576496124, 0.028675708919763565]"
cm-nosal,original,1006,174,254,0,0.166839137673378,"[254, 174, 180, 243, 350]","[0.166839137673378, 0.04873815178871155, 0.04478491470217705, 0.04199860990047455, 0.03906209394335747]"
cm-nosal,original,1007,86,86,1,0.842904269695282,"[86, 82, 85, 178, 171]","[0.842904269695282, 0.11611369997262955, 0.013671798631548882, 0.003947027493268251, 0.0013863907661288977]"
cm-nosal,original,1008,178,168,0,0.17769932746887207,"[168, 209, 178, 180, 225]","[0.17769932746887207, 0.16552992165088654, 0.1138177365064621, 0.07017043977975845, 0.04891300946474075]"
cm-nosal,original,1009,252,219,0,0.19284114241600037,"[219, 212, 197, 187, 7]","[0.19284114241600037, 0.06581296771764755, 0.04814538359642029, 0.04278814420104027, 0.02630864642560482]"
cm-nosal,original,1010,156,191,0,0.10392772406339645,"[191, 192, 155, 230, 226]","[0.10392772406339645, 0.09063129872083664, 0.0639818087220192, 0.060999780893325806, 0.05083766207098961]"
cm-nosal,original,1011,208,338,0,0.4158545136451721,"[338, 208, 529, 219, 254]","[0.4158545136451721, 0.08685209602117538, 0.03188958019018173, 0.02365858107805252, 0.016813132911920547]"
cm-nosal,original,1012,543,245,0,0.0599837452173233,"[245, 543, 236, 237, 834]","[0.0599837452173233, 0.05920988321304321, 0.05875106155872345, 0.053431712090969086, 0.047211047261953354]"
cm-nosal,original,1013,444,566,0,0.36703169345855713,"[566, 822, 880, 642, 541]","[0.36703169345855713, 0.1950121968984604, 0.06469850987195969, 0.06295925378799438, 0.02261733077466488]"
cm-nosal,original,1014,823,617,0,0.24654392898082733,"[617, 794, 434, 834, 435]","[0.24654392898082733, 0.12437116354703903, 0.12362072616815567, 0.043912846595048904, 0.04001545161008835]"
cm-nosal,original,1015,841,614,0,0.21029028296470642,"[614, 697, 775, 420, 655]","[0.21029028296470642, 0.16030755639076233, 0.06856010109186172, 0.06793852150440216, 0.04701097309589386]"
cm-nosal,original,1016,581,581,1,0.12148682773113251,"[581, 817, 751, 511, 450]","[0.12148682773113251, 0.09210141748189926, 0.0629357174038887, 0.057895176112651825, 0.05486325919628143]"
cm-nosal,original,1017,601,460,0,0.4337044954299927,"[460, 601, 942, 332, 8]","[0.4337044954299927, 0.11149291694164276, 0.02395457774400711, 0.020115509629249573, 0.02000015415251255]"
cm-nosal,original,1018,857,857,1,0.8029748797416687,"[857, 765, 846, 636, 600]","[0.8029748797416687, 0.15362313389778137, 0.003846342209726572, 0.0019775221589952707, 0.0018521687015891075]"
cm-nosal,original,1019,822,775,0,0.07164036482572556,"[775, 354, 467, 516, 408]","[0.07164036482572556, 0.053458087146282196, 0.051700714975595474, 0.04600633308291435, 0.04438992217183113]"
cm-nosal,original,1020,543,561,0,0.13370205461978912,"[561, 407, 573, 424, 88]","[0.13370205461978912, 0.08459845930337906, 0.04462459683418274, 0.03613370284438133, 0.028100822120904922]"
cm-nosal,original,1021,559,559,1,0.4980163276195526,"[559, 532, 421, 877, 624]","[0.4980163276195526, 0.10814544558525085, 0.06850405782461166, 0.06193916127085686, 0.040332455188035965]"
cm-nosal,original,1022,863,880,0,0.2539779245853424,"[880, 907, 702, 423, 865]","[0.2539779245853424, 0.0646761953830719, 0.05950136482715607, 0.04732096195220947, 0.04171573743224144]"
cm-nosal,original,1023,486,776,0,0.09802567958831787,"[776, 237, 236, 543, 615]","[0.09802567958831787, 0.07946103066205978, 0.06897251307964325, 0.04956413805484772, 0.046321719884872437]"
cm-nosal,original,1024,450,450,1,0.41566428542137146,"[450, 625, 428, 791, 790]","[0.41566428542137146, 0.0711904764175415, 0.06408821046352386, 0.02664535865187645, 0.02028968185186386]"
cm-nosal,original,1025,615,424,0,0.08889470249414444,"[424, 877, 762, 471, 745]","[0.08889470249414444, 0.07775473594665527, 0.055547136813402176, 0.054668646305799484, 0.044015299528837204]"
cm-nosal,original,1026,579,579,1,0.667845606803894,"[579, 642, 687, 881, 699]","[0.667845606803894, 0.09040471166372299, 0.07184098660945892, 0.02697121724486351, 0.02210686355829239]"
cm-nosal,original,1027,790,860,0,0.44506171345710754,"[860, 509, 398, 454, 415]","[0.44506171345710754, 0.23455721139907837, 0.09472649544477463, 0.022095058113336563, 0.01709005981683731]"
cm-nosal,original,1028,160,197,0,0.216904416680336,"[197, 788, 406, 183, 552]","[0.216904416680336, 0.06965521723031998, 0.06471890211105347, 0.04704681411385536, 0.0335189513862133]"
cm-nosal,original,1029,422,422,1,0.2050415575504303,"[422, 523, 411, 424, 683]","[0.2050415575504303, 0.11042770743370056, 0.0735410749912262, 0.06598324328660965, 0.04473796486854553]"
cm-nosal,original,1030,882,414,0,0.1678265631198883,"[414, 882, 505, 486, 515]","[0.1678265631198883, 0.057895638048648834, 0.044175125658512115, 0.04037513583898544, 0.03153011202812195]"
cm-nosal,original,1031,608,706,0,0.4632438123226166,"[706, 880, 674, 539, 799]","[0.4632438123226166, 0.07048272341489792, 0.03214884176850319, 0.028622878715395927, 0.024795925244688988]"
cm-nosal,original,1032,489,406,0,0.20803828537464142,"[406, 887, 497, 857, 886]","[0.20803828537464142, 0.1944912075996399, 0.045633185654878616, 0.033482614904642105, 0.026171190664172173]"
cm-nosal,original,1033,212,552,0,0.14174297451972961,"[552, 216, 965, 935, 212]","[0.14174297451972961, 0.1307474672794342, 0.07341553270816803, 0.06387132406234741, 0.06057380139827728]"
cm-nosal,original,1034,145,970,0,0.29499930143356323,"[970, 525, 979, 500, 355]","[0.29499930143356323, 0.09899453073740005, 0.0724775567650795, 0.06703532487154007, 0.04007529467344284]"
cm-nosal,original,1035,103,162,0,0.3217320442199707,"[162, 161, 344, 218, 217]","[0.3217320442199707, 0.1666032075881958, 0.04376028850674629, 0.04288553446531296, 0.04194717854261398]"
cm-nosal,original,1036,148,148,1,0.9838749170303345,"[148, 792, 472, 146, 977]","[0.9838749170303345, 0.0029101846739649773, 0.001637434819713235, 0.0015525114722549915, 0.001258092001080513]"
cm-nosal,original,1037,149,149,1,0.9289501905441284,"[149, 6, 3, 344, 5]","[0.9289501905441284, 0.05207011476159096, 0.010406119748950005, 0.003167138434946537, 0.0013747039483860135]"
cm-nosal,original,1038,103,103,1,0.9732508659362793,"[103, 394, 389, 344, 397]","[0.9732508659362793, 0.006164026912301779, 0.002988299820572138, 0.002493079751729965, 0.0015463684685528278]"
cm-nosal,original,1039,148,148,1,0.5328298807144165,"[148, 433, 84, 3, 29]","[0.5328298807144165, 0.38638344407081604, 0.019906535744667053, 0.009180251508951187, 0.00656476616859436]"
cm-nosal,original,1040,148,148,1,0.8759703040122986,"[148, 562, 84, 433, 227]","[0.8759703040122986, 0.06957608461380005, 0.007412324193865061, 0.0060479105450212955, 0.0031713652424514294]"
cm-nosal,original,1041,148,148,1,0.4508303701877594,"[148, 6, 801, 4, 146]","[0.4508303701877594, 0.18024936318397522, 0.14604514837265015, 0.05042634159326553, 0.032236404716968536]"
cm-nosal,original,1042,983,983,1,0.4906049072742462,"[983, 801, 107, 4, 3]","[0.4906049072742462, 0.16624188423156738, 0.06768252700567245, 0.026266086846590042, 0.017167098820209503]"
cm-nosal,original,1043,842,775,0,0.4479050636291504,"[775, 209, 801, 842, 211]","[0.4479050636291504, 0.0465717576444149, 0.043051715940237045, 0.038835711777210236, 0.032775480300188065]"
cm-nosal,original,1044,1,1,1,0.7959452867507935,"[1, 850, 417, 245, 980]","[0.7959452867507935, 0.03507941961288452, 0.0209005419164896, 0.015351882204413414, 0.008559583686292171]"
cm-nosal,original,1045,36,50,0,0.1945108324289322,"[50, 33, 395, 6, 397]","[0.1945108324289322, 0.18565717339515686, 0.10036182403564453, 0.09668109565973282, 0.03720619156956673]"
cm-nosal,original,1046,155,226,0,0.14875544607639313,"[226, 170, 187, 204, 193]","[0.14875544607639313, 0.12701600790023804, 0.10774354636669159, 0.05976672098040581, 0.04937655106186867]"
cm-nosal,original,1047,148,148,1,0.30072128772735596,"[148, 327, 775, 842, 611]","[0.30072128772735596, 0.10443039983510971, 0.09543444961309433, 0.050076354295015335, 0.02909359708428383]"
cm-nosal,original,1048,148,6,0,0.15088890492916107,"[6, 2, 149, 150, 3]","[0.15088890492916107, 0.1350945383310318, 0.1210848018527031, 0.08105374127626419, 0.08018036931753159]"
cm-nosal,original,1049,822,765,0,0.2617149353027344,"[765, 822, 411, 642, 414]","[0.2617149353027344, 0.1392914056777954, 0.03968358784914017, 0.03316301107406616, 0.02391750179231167]"
cm-nosal,original,1050,842,842,1,0.25299176573753357,"[842, 929, 942, 939, 522]","[0.25299176573753357, 0.08657946437597275, 0.06190051883459091, 0.05991645157337189, 0.04145662486553192]"
cm-nosal,original,1051,150,246,0,0.049229465425014496,"[246, 261, 395, 205, 297]","[0.049229465425014496, 0.04194832965731621, 0.041235506534576416, 0.0385698527097702, 0.030651923269033432]"
cm-nosal,original,1052,148,148,1,0.9200770854949951,"[148, 785, 673, 145, 18]","[0.9200770854949951, 0.02196761779487133, 0.009920702315866947, 0.009688284248113632, 0.003550746710970998]"
cm-nosal,original,1053,420,420,1,0.84610915184021,"[420, 636, 64, 676, 887]","[0.84610915184021, 0.0062459735199809074, 0.006082168780267239, 0.005039853043854237, 0.0047057149931788445]"
cm-nosal,original,1054,932,121,0,0.2568390369415283,"[121, 552, 122, 697, 118]","[0.2568390369415283, 0.08462822437286377, 0.055834364145994186, 0.045847088098526, 0.023952648043632507]"
cm-nosal,original,1055,862,424,0,0.6614593267440796,"[424, 401, 932, 842, 430]","[0.6614593267440796, 0.03879290446639061, 0.03270108997821808, 0.02090204879641533, 0.017855962738394737]"
cm-nosal,original,1056,964,658,0,0.18158046901226044,"[658, 850, 911, 806, 955]","[0.18158046901226044, 0.14619748294353485, 0.10082600265741348, 0.09081019461154938, 0.05229771509766579]"
cm-nosal,original,1057,76,906,0,0.07874239981174469,"[906, 76, 797, 53, 697]","[0.07874239981174469, 0.0768752172589302, 0.06355123221874237, 0.049019068479537964, 0.033534590154886246]"
cm-nosal,original,1058,563,211,0,0.2156050056219101,"[211, 816, 696, 151, 129]","[0.2156050056219101, 0.13881385326385498, 0.051491882652044296, 0.036790620535612106, 0.030779313296079636]"
cm-nosal,original,1059,329,934,0,0.27130135893821716,"[934, 112, 211, 932, 419]","[0.27130135893821716, 0.2137797325849533, 0.05919398367404938, 0.04571230709552765, 0.02954505942761898]"
cm-nosal,original,1060,928,169,0,0.06176016107201576,"[169, 457, 552, 359, 903]","[0.06176016107201576, 0.0594857782125473, 0.05099644511938095, 0.03628300875425339, 0.03574622422456741]"
cm-nosal,original,1061,420,420,1,0.3254086971282959,"[420, 683, 918, 558, 542]","[0.3254086971282959, 0.1368519365787506, 0.1293134093284607, 0.09198500216007233, 0.08449257910251617]"
cm-nosal,original,1062,45,182,0,0.07922156155109406,"[182, 434, 611, 529, 411]","[0.07922156155109406, 0.06266601383686066, 0.0613272450864315, 0.052241601049900055, 0.03333217278122902]"
cm-nosal,original,1063,963,987,0,0.1876070201396942,"[987, 163, 903, 998, 244]","[0.1876070201396942, 0.05121851712465286, 0.03439183533191681, 0.03438238799571991, 0.0340363085269928]"
cm-nosal,original,1064,17,23,0,0.23326057195663452,"[23, 65, 397, 47, 21]","[0.23326057195663452, 0.06599903106689453, 0.05099957063794136, 0.04799865186214447, 0.02627815119922161]"
cm-nosal,original,1065,420,420,1,0.6489656567573547,"[420, 842, 546, 910, 610]","[0.6489656567573547, 0.06831149011850357, 0.06230536475777626, 0.027332168072462082, 0.02291622757911682]"
cm-nosal,original,1066,737,836,0,0.09795283526182175,"[836, 929, 837, 902, 813]","[0.09795283526182175, 0.06452128291130066, 0.061123766005039215, 0.04841193929314613, 0.03297116234898567]"
cm-nosal,original,1067,420,420,1,0.4857212007045746,"[420, 515, 816, 614, 243]","[0.4857212007045746, 0.05617397278547287, 0.04933958500623703, 0.03525461629033089, 0.01596914790570736]"
cm-nosal,original,1068,513,513,1,0.4714776277542114,"[513, 890, 445, 764, 413]","[0.4714776277542114, 0.05782550945878029, 0.05392596125602722, 0.03887391462922096, 0.03564978390932083]"
cm-nosal,original,1069,27,842,0,0.1822064220905304,"[842, 27, 313, 616, 529]","[0.1822064220905304, 0.08658771216869354, 0.08553797751665115, 0.04658844694495201, 0.03740346431732178]"
cm-nosal,original,1070,420,420,1,0.1939932256937027,"[420, 208, 258, 714, 434]","[0.1939932256937027, 0.14111438393592834, 0.06281279027462006, 0.04098408669233322, 0.040713559836149216]"
cm-nosal,original,1071,186,283,0,0.13762378692626953,"[283, 285, 184, 230, 281]","[0.13762378692626953, 0.08089643716812134, 0.07803914695978165, 0.038350772112607956, 0.03384760394692421]"
cm-nosal,original,1072,305,993,0,0.22953246533870697,"[993, 245, 243, 208, 254]","[0.22953246533870697, 0.21229538321495056, 0.06929657608270645, 0.05182432383298874, 0.04621974751353264]"
cm-nosal,original,1073,27,114,0,0.2730634808540344,"[114, 341, 434, 419, 27]","[0.2730634808540344, 0.09251005202531815, 0.049106985330581665, 0.04506198316812515, 0.03395833447575569]"
cm-nosal,original,1074,681,594,0,0.961689293384552,"[594, 411, 578, 614, 910]","[0.961689293384552, 0.0027397843077778816, 0.0025192315224558115, 0.0021562008187174797, 0.0020451718010008335]"
cm-nosal,original,1075,790,790,1,0.523150622844696,"[790, 509, 865, 454, 582]","[0.523150622844696, 0.07767179608345032, 0.0481284074485302, 0.04751446843147278, 0.03545843064785004]"
cm-nosal,original,1076,679,50,0,0.08452539145946503,"[50, 67, 793, 63, 285]","[0.08452539145946503, 0.0804232656955719, 0.06851135939359665, 0.055648524314165115, 0.04939791187644005]"
cm-nosal,original,1077,441,441,1,0.7538207769393921,"[441, 457, 610, 419, 834]","[0.7538207769393921, 0.030226822942495346, 0.02549809403717518, 0.014205842278897762, 0.013934371992945671]"
cm-nosal,original,1078,929,529,0,0.3295355439186096,"[529, 929, 865, 415, 797]","[0.3295355439186096, 0.04873111471533775, 0.04665502533316612, 0.04335777088999748, 0.03809484466910362]"
cm-nosal,original,1079,87,87,1,0.9392746090888977,"[87, 171, 13, 377, 146]","[0.9392746090888977, 0.006068062502890825, 0.004242038354277611, 0.002631911775097251, 0.0020100700203329325]"
cm-nosal,original,1080,268,284,0,0.40367403626441956,"[284, 245, 151, 243, 105]","[0.40367403626441956, 0.09714702516794205, 0.04703568294644356, 0.033055003732442856, 0.028815804049372673]"
cm-nosal,original,1081,882,338,0,0.07814037799835205,"[338, 202, 265, 266, 749]","[0.07814037799835205, 0.056349530816078186, 0.03869885578751564, 0.03636709600687027, 0.035257961601018906]"
cm-nosal,original,1082,320,313,0,0.17810460925102234,"[313, 303, 90, 312, 307]","[0.17810460925102234, 0.06486931443214417, 0.06426659971475601, 0.055968113243579865, 0.04844028875231743]"
cm-nosal,original,1083,621,621,1,0.2635514438152313,"[621, 428, 571, 918, 657]","[0.2635514438152313, 0.12461012601852417, 0.04037712514400482, 0.03826947510242462, 0.031458184123039246]"
cm-nosal,original,1084,202,262,0,0.18879768252372742,"[262, 336, 202, 276, 186]","[0.18879768252372742, 0.07771553099155426, 0.06247751787304878, 0.05069822445511818, 0.038833145052194595]"
cm-nosal,original,1085,430,775,0,0.3982897996902466,"[775, 842, 733, 655, 130]","[0.3982897996902466, 0.1439296007156372, 0.030701536685228348, 0.02469491772353649, 0.02034749463200569]"
cm-nosal,original,1086,157,157,1,0.27616092562675476,"[157, 99, 81, 203, 212]","[0.27616092562675476, 0.1299743354320526, 0.03227335214614868, 0.02781004086136818, 0.021819258108735085]"
cm-nosal,original,1087,733,839,0,0.3117876350879669,"[839, 557, 522, 880, 843]","[0.3117876350879669, 0.09271575510501862, 0.079099141061306, 0.06608502566814423, 0.059922050684690475]"
cm-nosal,original,1088,765,428,0,0.081608347594738,"[428, 703, 912, 580, 104]","[0.081608347594738, 0.05623148754239082, 0.049525730311870575, 0.04179148003458977, 0.03828517347574234]"
cm-nosal,original,1089,231,332,0,0.12701544165611267,"[332, 277, 269, 185, 188]","[0.12701544165611267, 0.061689864844083786, 0.06011216342449188, 0.04961962252855301, 0.046793799847364426]"
cm-nosal,original,1090,602,702,0,0.4039745628833771,"[702, 602, 416, 703, 456]","[0.4039745628833771, 0.30473193526268005, 0.0545610710978508, 0.017719147726893425, 0.015503283590078354]"
cm-nosal,original,1091,208,263,0,0.3284722566604614,"[263, 376, 235, 225, 250]","[0.3284722566604614, 0.05125846713781357, 0.04812707006931305, 0.042346447706222534, 0.04033784568309784]"
cm-nosal,original,1092,792,224,0,0.09378687292337418,"[224, 792, 912, 469, 355]","[0.09378687292337418, 0.08229654282331467, 0.057285625487565994, 0.05421571433544159, 0.04735150560736656]"
cm-nosal,original,1093,621,575,0,0.09407127648591995,"[575, 621, 665, 787, 730]","[0.09407127648591995, 0.07717685401439667, 0.06853088736534119, 0.041377823799848557, 0.040707893669605255]"
cm-nosal,original,1094,765,703,0,0.153251513838768,"[703, 706, 765, 609, 474]","[0.153251513838768, 0.07862371951341629, 0.05287918448448181, 0.047466911375522614, 0.043240759521722794]"
cm-nosal,original,1095,177,177,1,0.5939158201217651,"[177, 170, 355, 246, 271]","[0.5939158201217651, 0.27043136954307556, 0.015109565109014511, 0.008003169670701027, 0.006668086629360914]"
cm-nosal,original,1096,199,199,1,0.4476619362831116,"[199, 233, 197, 256, 192]","[0.4476619362831116, 0.20029065012931824, 0.058991286903619766, 0.0564594566822052, 0.04732386767864227]"
cm-nosal,original,1097,645,914,0,0.5635457038879395,"[914, 780, 871, 517, 484]","[0.5635457038879395, 0.14303478598594666, 0.06747598946094513, 0.052970945835113525, 0.04269283264875412]"
cm-nosal,original,1098,199,199,1,0.2813020646572113,"[199, 256, 205, 233, 297]","[0.2813020646572113, 0.199858620762825, 0.04679540917277336, 0.04539500176906586, 0.04144958034157753]"
cm-nosal,original,1099,170,272,0,0.45388469099998474,"[272, 271, 273, 352, 274]","[0.45388469099998474, 0.18744327127933502, 0.1065046563744545, 0.08742104470729828, 0.04498985782265663]"
cm-nosal,original,1100,880,522,0,0.18141205608844757,"[522, 134, 429, 981, 127]","[0.18141205608844757, 0.14289718866348267, 0.13979920744895935, 0.07526987046003342, 0.05830030143260956]"
cm-nosal,original,1101,188,188,1,0.3972548842430115,"[188, 382, 267, 381, 189]","[0.3972548842430115, 0.10024988651275635, 0.059965018182992935, 0.031223488971590996, 0.023900551721453667]"
cm-nosal,original,1102,621,621,1,0.8608558177947998,"[621, 870, 665, 671, 670]","[0.8608558177947998, 0.05268721282482147, 0.048178017139434814, 0.009080378338694572, 0.0031771634239703417]"
cm-nosal,original,1103,170,170,1,0.26286202669143677,"[170, 177, 355, 226, 213]","[0.26286202669143677, 0.2104320377111435, 0.0653909221291542, 0.054402243345975876, 0.03765225410461426]"
cm-nosal,original,1104,250,250,1,0.5279514193534851,"[250, 248, 249, 258, 259]","[0.5279514193534851, 0.18453246355056763, 0.050935909152030945, 0.032150957733392715, 0.018671255558729172]"
cm-nosal,original,1105,354,381,0,0.13761509954929352,"[381, 730, 348, 372, 364]","[0.13761509954929352, 0.04907597228884697, 0.03613556921482086, 0.027667710557579994, 0.02321680448949337]"
cm-nosal,original,1106,522,84,0,0.10991867631673813,"[84, 49, 975, 977, 978]","[0.10991867631673813, 0.07590694725513458, 0.06550224870443344, 0.05980938300490379, 0.05689371004700661]"
cm-nosal,original,1107,267,267,1,0.8377203941345215,"[267, 258, 169, 257, 222]","[0.8377203941345215, 0.03434191271662712, 0.02099897898733616, 0.01836669072508812, 0.017440469935536385]"
cm-nosal,original,1108,945,932,0,0.21007294952869415,"[932, 215, 130, 939, 922]","[0.21007294952869415, 0.09149931371212006, 0.055317118763923645, 0.0523294061422348, 0.041886165738105774]"
cm-nosal,original,1109,340,340,1,0.2981826961040497,"[340, 211, 184, 88, 159]","[0.2981826961040497, 0.08835093677043915, 0.06395303457975388, 0.0475863553583622, 0.03650835156440735]"
cm-nosal,original,1110,772,772,1,0.415012001991272,"[772, 880, 442, 671, 517]","[0.415012001991272, 0.023305676877498627, 0.018400780856609344, 0.014126604422926903, 0.014015167020261288]"
cm-nosal,original,1111,137,17,0,0.2507909834384918,"[17, 137, 18, 23, 136]","[0.2507909834384918, 0.12246552854776382, 0.07059226930141449, 0.060457743704319, 0.05550370365381241]"
cm-nosal,original,1112,212,646,0,0.17069990932941437,"[646, 522, 230, 212, 355]","[0.17069990932941437, 0.16096371412277222, 0.098967045545578, 0.06272648274898529, 0.040657032281160355]"
cm-nosal,original,1113,727,562,0,0.08621829003095627,"[562, 224, 355, 843, 246]","[0.08621829003095627, 0.059784747660160065, 0.05509399622678757, 0.052810803055763245, 0.04387564957141876]"
cm-nosal,original,1114,491,491,1,0.17138974368572235,"[491, 395, 394, 544, 121]","[0.17138974368572235, 0.0949285626411438, 0.08072049170732498, 0.06095467135310173, 0.052140772342681885]"
cm-nosal,original,1115,707,583,0,0.12395158410072327,"[583, 843, 594, 269, 707]","[0.12395158410072327, 0.10809888690710068, 0.0858442559838295, 0.04487542435526848, 0.041738640516996384]"
cm-nosal,original,1116,929,929,1,0.1770935356616974,"[929, 870, 842, 703, 939]","[0.1770935356616974, 0.1440698355436325, 0.049966394901275635, 0.04860347509384155, 0.04722433537244797]"
cm-nosal,original,1117,645,645,1,0.9802165627479553,"[645, 123, 517, 522, 444]","[0.9802165627479553, 0.0075501566752791405, 0.0022273268550634384, 0.0018485928885638714, 0.0015113510889932513]"
cm-nosal,original,1118,198,355,0,0.16282832622528076,"[355, 230, 170, 371, 261]","[0.16282832622528076, 0.09980900585651398, 0.08805359899997711, 0.06476189941167831, 0.05889961123466492]"
cm-nosal,original,1119,170,355,0,0.15682213008403778,"[355, 233, 283, 182, 177]","[0.15682213008403778, 0.15652301907539368, 0.09144685417413712, 0.07362811267375946, 0.05382074415683746]"
cm-nosal,original,1120,645,645,1,0.25148671865463257,"[645, 970, 557, 497, 975]","[0.25148671865463257, 0.08183614164590836, 0.06860115379095078, 0.061454687267541885, 0.0508163683116436]"
cm-nosal,original,1121,181,181,1,0.6088758111000061,"[181, 267, 270, 348, 222]","[0.6088758111000061, 0.12152595818042755, 0.07843829691410065, 0.03253395855426788, 0.023934878408908844]"
cm-nosal,original,1122,267,246,0,0.1733437329530716,"[246, 355, 703, 169, 177]","[0.1733437329530716, 0.07325080782175064, 0.0601186640560627, 0.054914455860853195, 0.05071869120001793]"
cm-nosal,original,1123,340,340,1,0.09856174886226654,"[340, 292, 646, 406, 634]","[0.09856174886226654, 0.09092498570680618, 0.04613383486866951, 0.042223986238241196, 0.037111442536115646]"
cm-nosal,original,1124,735,835,0,0.33639392256736755,"[835, 994, 787, 853, 616]","[0.33639392256736755, 0.1087101474404335, 0.068568155169487, 0.028231306001544, 0.021753808483481407]"
cm-nosal,original,1125,361,361,1,0.9936726093292236,"[361, 297, 18, 295, 231]","[0.9936726093292236, 0.0011668178485706449, 0.0006501979078166187, 0.00047874602023512125, 0.00036421039840206504]"
cm-nosal,original,1126,200,204,0,0.21098767220973969,"[204, 200, 187, 160, 202]","[0.21098767220973969, 0.20993034541606903, 0.1099691390991211, 0.0827753022313118, 0.06100727245211601]"
cm-nosal,original,1127,912,912,1,0.3819986879825592,"[912, 395, 525, 448, 708]","[0.3819986879825592, 0.04367555305361748, 0.030941393226385117, 0.028567016124725342, 0.02696719951927662]"
cm-nosal,original,1128,160,701,0,0.1369888037443161,"[701, 160, 645, 345, 603]","[0.1369888037443161, 0.10899078845977783, 0.0851685106754303, 0.06414342671632767, 0.06398036330938339]"
cm-nosal,original,1129,188,188,1,0.6001855731010437,"[188, 203, 355, 212, 190]","[0.6001855731010437, 0.062186893075704575, 0.058336783200502396, 0.025749793276190758, 0.024682603776454926]"
cm-nosal,original,1130,872,872,1,0.7276022434234619,"[872, 560, 843, 489, 650]","[0.7276022434234619, 0.022415637969970703, 0.02005203440785408, 0.01517636701464653, 0.014114895835518837]"
cm-nosal,original,1131,338,332,0,0.5224906206130981,"[332, 284, 283, 129, 257]","[0.5224906206130981, 0.1070592999458313, 0.056345097720623016, 0.03812012821435928, 0.023385070264339447]"
cm-nosal,original,1132,191,271,0,0.1400725245475769,"[271, 191, 189, 235, 355]","[0.1400725245475769, 0.09515474736690521, 0.08419910818338394, 0.05808057263493538, 0.05769236758351326]"
cm-nosal,original,1133,226,202,0,0.18210935592651367,"[202, 186, 226, 185, 201]","[0.18210935592651367, 0.10520721226930618, 0.07175993919372559, 0.060580309480428696, 0.05380832776427269]"
cm-nosal,original,1134,953,843,0,0.23424381017684937,"[843, 84, 476, 130, 765]","[0.23424381017684937, 0.09061538428068161, 0.08553320914506912, 0.056771617382764816, 0.03991960361599922]"
cm-nosal,original,1135,544,568,0,0.1511487066745758,"[568, 523, 462, 469, 739]","[0.1511487066745758, 0.14565317332744598, 0.04659876599907875, 0.04022522270679474, 0.02477234974503517]"
cm-nosal,original,1136,757,757,1,0.9019872546195984,"[757, 660, 705, 407, 654]","[0.9019872546195984, 0.07320719212293625, 0.005879112984985113, 0.005782200489193201, 0.0020692215766757727]"
