model,dataset,idx,label,pred,correct,conf_top1,top5_idx,top5_probs
base,object,0,361,23,0,0.6291136741638184,"[23, 22, 9, 144, 21]","[0.6291136741638184, 0.05740780383348465, 0.029348595067858696, 0.02909141778945923, 0.017891094088554382]"
base,object,1,383,89,0,0.4056105613708496,"[89, 324, 610, 584, 701]","[0.4056105613708496, 0.10540567338466644, 0.0703858733177185, 0.05396363139152527, 0.043214648962020874]"
base,object,2,356,87,0,0.9311084151268005,"[87, 356, 358, 13, 359]","[0.9311084151268005, 0.027253318578004837, 0.011656183749437332, 0.004268632270395756, 0.0039024187717586756]"
base,object,3,18,127,0,0.4272562265396118,"[127, 128, 143, 22, 132]","[0.4272562265396118, 0.09158746153116226, 0.08638253062963486, 0.0718657448887825, 0.06232614070177078]"
base,object,4,295,893,0,0.16616712510585785,"[893, 844, 636, 710, 859]","[0.16616712510585785, 0.15676450729370117, 0.08717647194862366, 0.057154666632413864, 0.04590903967618942]"
base,object,5,112,616,0,0.12664222717285156,"[616, 42, 141, 129, 47]","[0.12664222717285156, 0.08205898851156235, 0.06618031114339828, 0.047638896852731705, 0.046761203557252884]"
base,object,6,32,288,0,0.11728417873382568,"[288, 73, 701, 989, 94]","[0.11728417873382568, 0.10975994169712067, 0.07390575110912323, 0.0652572512626648, 0.05690839886665344]"
base,object,7,677,701,0,0.4377874433994293,"[701, 143, 144, 895, 404]","[0.4377874433994293, 0.09660475701093674, 0.08768608421087265, 0.04658038914203644, 0.03564208373427391]"
base,object,8,438,804,0,0.17775101959705353,"[804, 883, 898, 572, 711]","[0.17775101959705353, 0.06660021096467972, 0.06104850396513939, 0.05013996362686157, 0.03640659898519516]"
base,object,9,409,892,0,0.68825763463974,"[892, 409, 426, 787, 572]","[0.68825763463974, 0.1609412282705307, 0.06723722070455551, 0.014164603315293789, 0.01012213621288538]"
base,object,10,71,127,0,0.17922435700893402,"[127, 138, 131, 143, 15]","[0.17922435700893402, 0.14765822887420654, 0.13602952659130096, 0.1124110221862793, 0.047901052981615067]"
base,object,11,850,850,1,0.9282969236373901,"[850, 265, 356, 87, 267]","[0.9282969236373901, 0.03356684744358063, 0.0067189158871769905, 0.003087615128606558, 0.0029493209440261126]"
base,object,12,12,12,1,0.40301790833473206,"[12, 701, 317, 38, 86]","[0.40301790833473206, 0.10152795165777206, 0.06351681798696518, 0.05509660392999649, 0.04650070518255234]"
base,object,13,899,883,0,0.4494355320930481,"[883, 604, 725, 503, 846]","[0.4494355320930481, 0.10954944789409637, 0.0734017863869667, 0.05191194266080856, 0.0502459742128849]"
base,object,14,338,357,0,0.1346805989742279,"[357, 182, 256, 208, 338]","[0.1346805989742279, 0.0930681899189949, 0.06917236000299454, 0.06814516335725784, 0.06777076423168182]"
base,object,15,17,17,1,0.7288433909416199,"[17, 11, 10, 13, 92]","[0.7288433909416199, 0.11207500100135803, 0.03304184228181839, 0.021050577983260155, 0.01764501817524433]"
base,object,16,363,64,0,0.22314852476119995,"[64, 42, 129, 90, 10]","[0.22314852476119995, 0.2009391337633133, 0.1278061866760254, 0.12104244530200958, 0.07564427703619003]"
base,object,17,909,492,0,0.43284857273101807,"[492, 478, 519, 692, 726]","[0.43284857273101807, 0.2545153498649597, 0.06836163252592087, 0.04445191100239754, 0.022006992250680923]"
base,object,18,679,327,0,0.49880313873291016,"[327, 63, 679, 883, 443]","[0.49880313873291016, 0.11177850514650345, 0.06790003925561905, 0.05199987813830376, 0.021230967715382576]"
base,object,19,618,846,0,0.07202151417732239,"[846, 883, 13, 960, 496]","[0.07202151417732239, 0.06836352497339249, 0.06036487594246864, 0.03477222099900246, 0.03411809355020523]"
base,object,20,618,731,0,0.20932526886463165,"[731, 420, 846, 840, 572]","[0.20932526886463165, 0.07281673699617386, 0.06456942111253738, 0.05876287445425987, 0.045787714421749115]"
base,object,21,574,574,1,0.6297008991241455,"[574, 87, 892, 818, 426]","[0.6297008991241455, 0.08441470563411713, 0.0564863346517086, 0.0264886524528265, 0.02221861481666565]"
base,object,22,658,887,0,0.12498506903648376,"[887, 614, 938, 354, 610]","[0.12498506903648376, 0.07836370170116425, 0.06139101833105087, 0.06048758327960968, 0.04632139205932617]"
base,object,23,461,87,0,0.17023886740207672,"[87, 23, 461, 93, 524]","[0.17023886740207672, 0.10084962844848633, 0.09017530083656311, 0.06344566494226456, 0.043368637561798096]"
base,object,24,132,132,1,0.5790400505065918,"[132, 89, 87, 127, 129]","[0.5790400505065918, 0.20806792378425598, 0.09177589416503906, 0.05064867064356804, 0.02411803975701332]"
base,object,25,122,723,0,0.1696009337902069,"[723, 989, 584, 11, 679]","[0.1696009337902069, 0.1061500534415245, 0.1055072546005249, 0.07039118558168411, 0.0479232519865036]"
base,object,26,12,319,0,0.1261208951473236,"[319, 141, 320, 92, 129]","[0.1261208951473236, 0.10086880624294281, 0.09079946577548981, 0.06190449744462967, 0.04767996072769165]"
base,object,27,679,679,1,0.7942801117897034,"[679, 645, 73, 815, 488]","[0.7942801117897034, 0.09661143273115158, 0.0297163724899292, 0.023952355608344078, 0.013228870928287506]"
base,object,28,23,21,0,0.6229280233383179,"[21, 138, 23, 144, 131]","[0.6229280233383179, 0.1841779202222824, 0.035927869379520416, 0.021882569417357445, 0.015166029334068298]"
base,object,29,937,924,0,0.2692286968231201,"[924, 909, 567, 813, 544]","[0.2692286968231201, 0.17124348878860474, 0.12297972291707993, 0.11445656418800354, 0.10151416063308716]"
base,object,30,679,679,1,0.14022384583950043,"[679, 417, 89, 456, 681]","[0.14022384583950043, 0.13121116161346436, 0.059753596782684326, 0.04200848191976547, 0.03139349818229675]"
base,object,31,335,182,0,0.1478353589773178,"[182, 94, 261, 174, 260]","[0.1478353589773178, 0.13242149353027344, 0.09485413879156113, 0.044691119343042374, 0.029704855754971504]"
base,object,32,76,128,0,0.34131306409835815,"[128, 895, 75, 18, 131]","[0.34131306409835815, 0.09966099262237549, 0.056654222309589386, 0.052625298500061035, 0.03911704942584038]"
base,object,33,851,592,0,0.37869516015052795,"[592, 818, 505, 899, 647]","[0.37869516015052795, 0.12726745009422302, 0.045553043484687805, 0.02800268679857254, 0.02573692984879017]"
base,object,34,770,922,0,0.6127601861953735,"[922, 685, 794, 446, 667]","[0.6127601861953735, 0.09785144031047821, 0.030056407675147057, 0.018339239060878754, 0.01053838711231947]"
base,object,35,122,121,0,0.2109260857105255,"[121, 989, 10, 15, 90]","[0.2109260857105255, 0.17630375921726227, 0.17019930481910706, 0.082923524081707, 0.03565775230526924]"
base,object,36,712,712,1,0.9548709392547607,"[712, 971, 572, 618, 787]","[0.9548709392547607, 0.023882944136857986, 0.005679825320839882, 0.002050834009423852, 0.0018332225736230612]"
base,object,37,852,574,0,0.3124859929084778,"[574, 714, 429, 988, 852]","[0.3124859929084778, 0.11058508604764938, 0.10660400986671448, 0.10525739192962646, 0.10310740023851395]"
base,object,38,12,92,0,0.3372870087623596,"[92, 127, 141, 319, 10]","[0.3372870087623596, 0.1814359873533249, 0.07134611159563065, 0.054554533213377, 0.02583654783666134]"
base,object,39,849,849,1,0.31225576996803284,"[849, 787, 818, 899, 758]","[0.31225576996803284, 0.13755163550376892, 0.11894252896308899, 0.07248372584581375, 0.042968738824129105]"
base,object,40,606,726,0,0.24942351877689362,"[726, 600, 505, 812, 587]","[0.24942351877689362, 0.09721630066633224, 0.07047703117132187, 0.06056883558630943, 0.03086436726152897]"
base,object,41,87,87,1,0.9819152355194092,"[87, 783, 701, 23, 134]","[0.9819152355194092, 0.0021960216108709574, 0.0020717945881187916, 0.0014439310180023313, 0.0012532899854704738]"
base,object,42,491,491,1,0.9857839345932007,"[491, 740, 613, 595, 830]","[0.9857839345932007, 0.00618945574387908, 0.0009934438858181238, 0.0008160468423739076, 0.0007360777817666531]"
base,object,43,964,931,0,0.5875673294067383,"[931, 964, 935, 965, 962]","[0.5875673294067383, 0.11958301067352295, 0.09597080200910568, 0.03996283933520317, 0.03851271793246269]"
base,object,44,635,426,0,0.7955482602119446,"[426, 892, 818, 635, 826]","[0.7955482602119446, 0.0883360281586647, 0.02907109633088112, 0.024774154648184776, 0.006926458794623613]"
base,object,45,335,335,1,0.11264839768409729,"[335, 43, 266, 267, 380]","[0.11264839768409729, 0.10230289399623871, 0.07152314484119415, 0.06517612189054489, 0.0517846904695034]"
base,object,46,825,87,0,0.7981750965118408,"[87, 42, 81, 39, 80]","[0.7981750965118408, 0.037056814879179, 0.03218793869018555, 0.016794148832559586, 0.013624485582113266]"
base,object,47,863,863,1,0.43444788455963135,"[863, 883, 862, 697, 572]","[0.43444788455963135, 0.12404348701238632, 0.05869835987687111, 0.04500031843781471, 0.04299287125468254]"
base,object,48,839,319,0,0.13689786195755005,"[319, 42, 404, 320, 47]","[0.13689786195755005, 0.13182148337364197, 0.0970480889081955, 0.07784881442785263, 0.03106178715825081]"
base,object,49,257,89,0,0.20977121591567993,"[89, 127, 146, 132, 938]","[0.20977121591567993, 0.19669175148010254, 0.08842354267835617, 0.04680570214986801, 0.04320498928427696]"
base,object,50,185,701,0,0.19772683084011078,"[701, 12, 42, 989, 10]","[0.19772683084011078, 0.13955125212669373, 0.05114364251494408, 0.04194144159555435, 0.03838232159614563]"
base,object,51,489,842,0,0.09846832603216171,"[842, 831, 489, 873, 913]","[0.09846832603216171, 0.04891248419880867, 0.04836444556713104, 0.04419468715786934, 0.028985921293497086]"
base,object,52,609,701,0,0.08407222479581833,"[701, 417, 805, 635, 771]","[0.08407222479581833, 0.06980022042989731, 0.05962381139397621, 0.043209224939346313, 0.03774327412247658]"
base,object,53,847,584,0,0.11081754416227341,"[584, 10, 701, 783, 42]","[0.11081754416227341, 0.07653205841779709, 0.07425916939973831, 0.05182642489671707, 0.04958922788500786]"
base,object,54,544,87,0,0.07757990062236786,"[87, 128, 350, 774, 85]","[0.07757990062236786, 0.034990884363651276, 0.032221607863903046, 0.02951859124004841, 0.025728346779942513]"
base,object,55,179,22,0,0.3237517774105072,"[22, 143, 21, 128, 80]","[0.3237517774105072, 0.21239572763442993, 0.10704348981380463, 0.061028022319078445, 0.045649025589227676]"
base,object,56,174,701,0,0.2848978638648987,"[701, 418, 783, 584, 319]","[0.2848978638648987, 0.09877486526966095, 0.0598619282245636, 0.026579607278108597, 0.023468874394893646]"
base,object,57,349,129,0,0.7313652038574219,"[129, 127, 92, 21, 132]","[0.7313652038574219, 0.24433967471122742, 0.004921033512800932, 0.004688474349677563, 0.00434565544128418]"
base,object,58,277,92,0,0.26050281524658203,"[92, 129, 277, 11, 42]","[0.26050281524658203, 0.11552843451499939, 0.09617403149604797, 0.0923687294125557, 0.0600939579308033]"
base,object,59,518,701,0,0.5478107929229736,"[701, 417, 610, 600, 841]","[0.5478107929229736, 0.15494918823242188, 0.027006473392248154, 0.02377576194703579, 0.022826775908470154]"
base,object,60,958,701,0,0.26269960403442383,"[701, 405, 662, 920, 840]","[0.26269960403442383, 0.20461505651474, 0.08354553580284119, 0.046614427119493484, 0.036104995757341385]"
base,object,61,385,354,0,0.3442069888114929,"[354, 129, 348, 349, 178]","[0.3442069888114929, 0.22979038953781128, 0.08521882444620132, 0.08172787725925446, 0.06725309789180756]"
base,object,62,830,131,0,0.30115294456481934,"[131, 134, 128, 132, 432]","[0.30115294456481934, 0.07042442262172699, 0.04012748599052429, 0.038228411227464676, 0.035164687782526016]"
base,object,63,132,132,1,0.5308813452720642,"[132, 129, 89, 127, 134]","[0.5308813452720642, 0.2142174392938614, 0.1802089661359787, 0.06464479863643646, 0.002586374059319496]"
base,object,64,354,354,1,0.4965088963508606,"[354, 349, 126, 134, 127]","[0.4965088963508606, 0.16417624056339264, 0.13734272122383118, 0.04053521901369095, 0.03439175337553024]"
base,object,65,879,908,0,0.0774780809879303,"[908, 751, 895, 610, 679]","[0.0774780809879303, 0.07007469981908798, 0.06096486374735832, 0.04554126039147377, 0.04551132395863533]"
base,object,66,807,807,1,0.1553686261177063,"[807, 699, 893, 718, 701]","[0.1553686261177063, 0.10277870297431946, 0.090533547103405, 0.07943888008594513, 0.06955714523792267]"
base,object,67,863,668,0,0.24693287909030914,"[668, 403, 517, 863, 783]","[0.24693287909030914, 0.0886778011918068, 0.07831552624702454, 0.06821022927761078, 0.046835966408252716]"
base,object,68,821,129,0,0.0595688670873642,"[129, 92, 600, 517, 534]","[0.0595688670873642, 0.050514403730630875, 0.042956944555044174, 0.033978693187236786, 0.03284897655248642]"
base,object,69,656,418,0,0.11975385248661041,"[418, 481, 767, 710, 812]","[0.11975385248661041, 0.06278139352798462, 0.062260281294584274, 0.059744056314229965, 0.04984714090824127]"
base,object,70,614,88,0,0.2505002021789551,"[88, 17, 461, 89, 21]","[0.2505002021789551, 0.11532247811555862, 0.10525456815958023, 0.06588609516620636, 0.05864895135164261]"
base,object,71,294,23,0,0.24567574262619019,"[23, 182, 233, 21, 87]","[0.24567574262619019, 0.08709541708230972, 0.07030556350946426, 0.05781959369778633, 0.03811857849359512]"
base,object,72,870,127,0,0.27506566047668457,"[127, 81, 89, 138, 16]","[0.27506566047668457, 0.07983680069446564, 0.07456860691308975, 0.0664936900138855, 0.04938060790300369]"
base,object,73,346,354,0,0.28150075674057007,"[354, 129, 89, 92, 349]","[0.28150075674057007, 0.1617664098739624, 0.14605669677257538, 0.07154393196105957, 0.03310558199882507]"
base,object,74,194,196,0,0.3609301447868347,"[196, 189, 198, 177, 187]","[0.3609301447868347, 0.11172876507043839, 0.0846501886844635, 0.059565261006355286, 0.059009190648794174]"
base,object,75,287,287,1,0.6269660592079163,"[287, 293, 533, 324, 285]","[0.6269660592079163, 0.10317032784223557, 0.037888605147600174, 0.027261368930339813, 0.02431783452630043]"
base,object,76,295,87,0,0.29651910066604614,"[87, 367, 267, 206, 221]","[0.29651910066604614, 0.07076602429151535, 0.051690101623535156, 0.0412449911236763, 0.031966451555490494]"
base,object,77,92,319,0,0.43789032101631165,"[319, 129, 320, 92, 141]","[0.43789032101631165, 0.16228139400482178, 0.06380006670951843, 0.04933031648397446, 0.03126819059252739]"
base,object,78,17,701,0,0.7082086801528931,"[701, 42, 319, 946, 723]","[0.7082086801528931, 0.07003888487815857, 0.01859351433813572, 0.011294241063296795, 0.010287703014910221]"
base,object,79,105,87,0,0.24972638487815857,"[87, 21, 23, 16, 22]","[0.24972638487815857, 0.19305551052093506, 0.042516183108091354, 0.03832175210118294, 0.03685365244746208]"
base,object,80,356,350,0,0.34338223934173584,"[350, 209, 21, 276, 243]","[0.34338223934173584, 0.21718131005764008, 0.09368962794542313, 0.06943345814943314, 0.05230027437210083]"
base,object,81,14,701,0,0.4363355338573456,"[701, 89, 87, 21, 783]","[0.4363355338573456, 0.05841318145394325, 0.052966829389333725, 0.03191198408603668, 0.026557255536317825]"
base,object,82,378,701,0,0.5260601043701172,"[701, 21, 23, 850, 600]","[0.5260601043701172, 0.12541162967681885, 0.07671137899160385, 0.01838502660393715, 0.015179679729044437]"
base,object,83,59,131,0,0.19018206000328064,"[131, 129, 132, 59, 127]","[0.19018206000328064, 0.18708845973014832, 0.16187867522239685, 0.10375965386629105, 0.035555072128772736]"
base,object,84,95,94,0,0.6965380907058716,"[94, 95, 989, 21, 307]","[0.6965380907058716, 0.21928687393665314, 0.012378411367535591, 0.005461968015879393, 0.0045809997245669365]"
base,object,85,95,92,0,0.5707082152366638,"[92, 95, 94, 21, 10]","[0.5707082152366638, 0.09053359925746918, 0.07456570863723755, 0.07085546106100082, 0.03790092095732689]"
base,object,86,379,128,0,0.43722566962242126,"[128, 93, 701, 350, 96]","[0.43722566962242126, 0.12784309685230255, 0.1237635612487793, 0.05455658212304115, 0.028824053704738617]"
base,object,87,382,87,0,0.6529216170310974,"[87, 382, 171, 151, 253]","[0.6529216170310974, 0.23576189577579498, 0.027708642184734344, 0.009785776026546955, 0.007613956928253174]"
base,object,88,10,10,1,0.9032359719276428,"[10, 11, 701, 12, 301]","[0.9032359719276428, 0.02760324440896511, 0.018005970865488052, 0.008138257078826427, 0.007929774932563305]"
base,object,89,383,383,1,0.7376214861869812,"[383, 384, 105, 350, 174]","[0.7376214861869812, 0.10973964631557465, 0.047933608293533325, 0.02051599882543087, 0.009419991634786129]"
base,object,90,378,701,0,0.4418018162250519,"[701, 417, 21, 94, 23]","[0.4418018162250519, 0.06269878149032593, 0.0433068610727787, 0.030270079150795937, 0.026841534301638603]"
base,object,91,376,89,0,0.3425314724445343,"[89, 129, 21, 22, 87]","[0.3425314724445343, 0.17877711355686188, 0.17512992024421692, 0.049004409462213516, 0.04212029650807381]"
base,object,92,21,701,0,0.28804120421409607,"[701, 138, 81, 21, 23]","[0.28804120421409607, 0.10473361611366272, 0.07381731271743774, 0.03196275979280472, 0.023940255865454674]"
base,object,93,275,23,0,0.08783095329999924,"[23, 991, 21, 277, 374]","[0.08783095329999924, 0.08239226788282394, 0.06134331226348877, 0.035341113805770874, 0.03505174443125725]"
base,object,94,85,128,0,0.1570574790239334,"[128, 131, 132, 13, 141]","[0.1570574790239334, 0.13570120930671692, 0.13053806126117706, 0.07255829125642776, 0.06467324495315552]"
base,object,95,383,299,0,0.18052469193935394,"[299, 42, 350, 883, 17]","[0.18052469193935394, 0.142266184091568, 0.04911896213889122, 0.04493118077516556, 0.036168694496154785]"
base,object,96,18,87,0,0.4238072633743286,"[87, 18, 740, 872, 895]","[0.4238072633743286, 0.1184249222278595, 0.04940721392631531, 0.03625521808862686, 0.030817067250609398]"
base,object,97,326,326,1,0.9660921692848206,"[326, 701, 141, 288, 140]","[0.9660921692848206, 0.011358686722815037, 0.0020910350140184164, 0.0015716786729171872, 0.0014266964280977845]"
base,object,98,379,128,0,0.13802188634872437,"[128, 87, 103, 233, 413]","[0.13802188634872437, 0.12456841766834259, 0.058170709758996964, 0.04647055268287659, 0.037611182779073715]"
base,object,99,378,87,0,0.333414226770401,"[87, 128, 143, 23, 21]","[0.333414226770401, 0.22069767117500305, 0.1324315369129181, 0.04533816874027252, 0.030155854299664497]"
base,object,100,378,701,0,0.6926044821739197,"[701, 81, 21, 23, 128]","[0.6926044821739197, 0.0394558310508728, 0.02701287902891636, 0.022585056722164154, 0.015050969086587429]"
base,object,101,379,368,0,0.2078784853219986,"[368, 367, 10, 21, 94]","[0.2078784853219986, 0.18538957834243774, 0.1698937714099884, 0.03777684271335602, 0.029319001361727715]"
base,object,102,12,12,1,0.97454833984375,"[12, 10, 140, 15, 13]","[0.97454833984375, 0.008795330300927162, 0.005770401563495398, 0.002988011809065938, 0.0019056058954447508]"
base,object,103,18,143,0,0.1529112458229065,"[143, 132, 131, 128, 144]","[0.1529112458229065, 0.10702650994062424, 0.09932102262973785, 0.08944139629602432, 0.0701015368103981]"
base,object,104,428,584,0,0.18408872187137604,"[584, 723, 319, 94, 45]","[0.18408872187137604, 0.14561519026756287, 0.08059731870889664, 0.04666215926408768, 0.03838213160634041]"
base,object,105,376,22,0,0.19385886192321777,"[22, 21, 701, 11, 89]","[0.19385886192321777, 0.18380200862884521, 0.12662644684314728, 0.07778852432966232, 0.06683100014925003]"
base,object,106,379,701,0,0.15445545315742493,"[701, 21, 87, 126, 23]","[0.15445545315742493, 0.14445599913597107, 0.12997612357139587, 0.056877970695495605, 0.042855892330408096]"
base,object,107,19,92,0,0.6245899796485901,"[92, 11, 129, 128, 10]","[0.6245899796485901, 0.1692960262298584, 0.03269943594932556, 0.02798766829073429, 0.025671686977148056]"
base,object,108,18,701,0,0.27905726432800293,"[701, 87, 89, 321, 517]","[0.27905726432800293, 0.1420259326696396, 0.08485860377550125, 0.034967076033353806, 0.032951470464468]"
base,object,109,95,95,1,0.6534196138381958,"[95, 92, 10, 94, 12]","[0.6534196138381958, 0.13424578309059143, 0.10478579998016357, 0.04818025231361389, 0.013087566941976547]"
base,object,110,95,92,0,0.22629116475582123,"[92, 701, 21, 417, 319]","[0.22629116475582123, 0.1498350203037262, 0.05240890011191368, 0.04030855372548103, 0.034815046936273575]"
base,object,111,17,92,0,0.6180665493011475,"[92, 94, 16, 17, 129]","[0.6180665493011475, 0.06239042803645134, 0.04381098970770836, 0.019600307568907738, 0.014996860176324844]"
base,object,112,232,232,1,0.5392147302627563,"[232, 196, 217, 239, 200]","[0.5392147302627563, 0.18247516453266144, 0.1179896667599678, 0.06476698070764542, 0.016969159245491028]"
base,object,113,382,382,1,0.22106952965259552,"[382, 335, 373, 274, 376]","[0.22106952965259552, 0.18937556445598602, 0.04962269589304924, 0.02889135107398033, 0.027007216587662697]"
base,object,114,622,418,0,0.3690435588359833,"[418, 892, 89, 600, 589]","[0.3690435588359833, 0.04134051874279976, 0.028219865635037422, 0.02567838504910469, 0.02500971406698227]"
base,object,115,372,280,0,0.266460657119751,"[280, 298, 335, 225, 43]","[0.266460657119751, 0.16609814763069153, 0.07316000014543533, 0.03286866843700409, 0.03236961364746094]"
base,object,116,313,313,1,0.4572370946407318,"[313, 892, 141, 456, 733]","[0.4572370946407318, 0.1877540946006775, 0.15125088393688202, 0.040933359414339066, 0.027660390362143517]"
base,object,117,18,143,0,0.45934000611305237,"[143, 21, 895, 701, 404]","[0.45934000611305237, 0.1037367656826973, 0.10333440452814102, 0.08232678472995758, 0.0741460919380188]"
base,object,118,919,919,1,0.7102956175804138,"[919, 921, 520, 892, 781]","[0.7102956175804138, 0.0189608596265316, 0.01517864316701889, 0.012577550485730171, 0.010364606976509094]"
base,object,119,92,92,1,0.9346904754638672,"[92, 21, 129, 93, 94]","[0.9346904754638672, 0.009706469252705574, 0.00881863571703434, 0.006409065332263708, 0.004480064380913973]"
base,object,120,75,94,0,0.25763145089149475,"[94, 128, 92, 134, 23]","[0.25763145089149475, 0.1419573426246643, 0.10812415927648544, 0.08625005930662155, 0.047179896384477615]"
base,object,121,379,128,0,0.22156459093093872,"[128, 42, 93, 94, 416]","[0.22156459093093872, 0.11134955286979675, 0.0544438399374485, 0.03974268212914467, 0.03224492818117142]"
base,object,122,272,189,0,0.4053766131401062,"[189, 21, 188, 10, 280]","[0.4053766131401062, 0.06591609120368958, 0.03774813935160637, 0.03341704607009888, 0.026569923385977745]"
base,object,123,86,701,0,0.2293398082256317,"[701, 92, 11, 127, 21]","[0.2293398082256317, 0.1363970935344696, 0.08087845891714096, 0.07196196168661118, 0.048721861094236374]"
base,object,124,275,21,0,0.1658751517534256,"[21, 22, 170, 94, 354]","[0.1658751517534256, 0.1134442463517189, 0.07089512795209885, 0.05895758420228958, 0.0494355745613575]"
base,object,125,387,87,0,0.16816486418247223,"[87, 89, 21, 11, 42]","[0.16816486418247223, 0.09773924201726913, 0.06853736191987991, 0.059537146240472794, 0.05953672155737877]"
base,object,126,12,11,0,0.3177395462989807,"[11, 701, 42, 90, 12]","[0.3177395462989807, 0.2561156749725342, 0.11734633147716522, 0.03940717130899429, 0.038977570831775665]"
base,object,127,17,87,0,0.27136871218681335,"[87, 524, 461, 818, 812]","[0.27136871218681335, 0.09664900600910187, 0.07309315353631973, 0.040469445288181305, 0.038904182612895966]"
base,object,128,899,883,0,0.24819700419902802,"[883, 953, 725, 441, 946]","[0.24819700419902802, 0.09499688446521759, 0.07302965968847275, 0.06041497737169266, 0.041641052812337875]"
base,object,129,365,616,0,0.09067006409168243,"[616, 12, 42, 299, 43]","[0.09067006409168243, 0.07642696052789688, 0.07515271008014679, 0.052240677177906036, 0.04702264070510864]"
base,object,130,335,701,0,0.18303182721138,"[701, 42, 92, 319, 81]","[0.18303182721138, 0.18288038671016693, 0.0950845256447792, 0.06378743797540665, 0.04713079705834389]"
base,object,131,23,138,0,0.22436116635799408,"[138, 42, 17, 93, 87]","[0.22436116635799408, 0.12635104358196259, 0.08536702394485474, 0.05165707692503929, 0.04702381417155266]"
base,object,132,379,21,0,0.18595317006111145,"[21, 701, 23, 22, 895]","[0.18595317006111145, 0.13484162092208862, 0.1311095654964447, 0.0942162498831749, 0.05883175879716873]"
base,object,133,988,701,0,0.8227884769439697,"[701, 417, 42, 418, 319]","[0.8227884769439697, 0.02369055338203907, 0.012886861339211464, 0.010457993485033512, 0.006812385283410549]"
base,object,134,988,89,0,0.186361163854599,"[89, 132, 417, 701, 22]","[0.186361163854599, 0.11500182747840881, 0.10853580385446548, 0.08714204281568527, 0.04190589860081673]"
base,object,135,17,127,0,0.3268868327140808,"[127, 701, 132, 129, 144]","[0.3268868327140808, 0.16615071892738342, 0.07272348552942276, 0.06786322593688965, 0.05557168275117874]"
base,object,136,18,127,0,0.15109005570411682,"[127, 18, 128, 92, 146]","[0.15109005570411682, 0.1475890725851059, 0.13311822712421417, 0.10165893286466599, 0.047349024564027786]"
base,object,137,39,701,0,0.08239956200122833,"[701, 92, 23, 21, 783]","[0.08239956200122833, 0.06808796525001526, 0.06541813910007477, 0.06201727315783501, 0.05926189571619034]"
base,object,138,335,42,0,0.19113866984844208,"[42, 11, 12, 13, 319]","[0.19113866984844208, 0.12091486901044846, 0.0721672773361206, 0.0661374181509018, 0.04561997577548027]"
base,object,139,376,92,0,0.3105848431587219,"[92, 701, 89, 42, 11]","[0.3105848431587219, 0.1272834986448288, 0.06540892273187637, 0.05821624770760536, 0.046469271183013916]"
base,object,140,18,143,0,0.40088537335395813,"[143, 701, 895, 127, 99]","[0.40088537335395813, 0.12615559995174408, 0.05932382494211197, 0.03754645958542824, 0.029783984646201134]"
base,object,141,134,127,0,0.4904579222202301,"[127, 132, 89, 129, 146]","[0.4904579222202301, 0.19524145126342773, 0.1623978167772293, 0.10776973515748978, 0.018680192530155182]"
base,object,142,294,9,0,0.18247824907302856,"[9, 21, 22, 23, 701]","[0.18247824907302856, 0.09463442862033844, 0.09003157168626785, 0.04778226837515831, 0.04714483767747879]"
base,object,143,472,132,0,0.18320247530937195,"[132, 701, 405, 404, 127]","[0.18320247530937195, 0.1555691361427307, 0.08299346268177032, 0.08088619261980057, 0.06199595704674721]"
base,object,144,354,354,1,0.9902811050415039,"[354, 351, 129, 136, 209]","[0.9902811050415039, 0.0019627760630100965, 0.00090694212121889, 0.0007124707917682827, 0.0005430218880064785]"
base,object,145,134,141,0,0.2995127737522125,"[141, 140, 307, 142, 134]","[0.2995127737522125, 0.16800600290298462, 0.16800567507743835, 0.14857447147369385, 0.02907339669764042]"
base,object,146,821,319,0,0.254349946975708,"[319, 93, 92, 59, 320]","[0.254349946975708, 0.07500157505273819, 0.07310037314891815, 0.06035081297159195, 0.05261201411485672]"
base,object,147,391,127,0,0.2622462213039398,"[127, 138, 129, 89, 132]","[0.2622462213039398, 0.1648305505514145, 0.13024988770484924, 0.11718125641345978, 0.0939834713935852]"
base,object,148,391,127,0,0.1529483199119568,"[127, 92, 317, 129, 138]","[0.1529483199119568, 0.09914407134056091, 0.09882359206676483, 0.07528656721115112, 0.06482728570699692]"
base,object,149,821,818,0,0.17401191592216492,"[818, 840, 777, 807, 87]","[0.17401191592216492, 0.08679790794849396, 0.05272180587053299, 0.045289602130651474, 0.0434674397110939]"
base,object,150,576,883,0,0.11836188286542892,"[883, 863, 524, 776, 517]","[0.11836188286542892, 0.04462676867842674, 0.04156022146344185, 0.038769304752349854, 0.0330127589404583]"
base,object,151,140,141,0,0.4256032109260559,"[141, 99, 94, 140, 21]","[0.4256032109260559, 0.08972561359405518, 0.05543989688158035, 0.0528515987098217, 0.05191256105899811]"
base,object,152,852,94,0,0.0971079021692276,"[94, 139, 36, 316, 10]","[0.0971079021692276, 0.09551608562469482, 0.06657885760068893, 0.06266482174396515, 0.05445597693324089]"
base,object,153,576,127,0,0.2695736289024353,"[127, 319, 404, 131, 92]","[0.2695736289024353, 0.1152176558971405, 0.07423030585050583, 0.05023612454533577, 0.03300930932164192]"
base,object,154,472,127,0,0.20846685767173767,"[127, 404, 143, 405, 895]","[0.20846685767173767, 0.16577179729938507, 0.13632231950759888, 0.08120065182447433, 0.05031171441078186]"
base,object,155,258,22,0,0.1709386557340622,"[22, 202, 270, 153, 189]","[0.1709386557340622, 0.09779888391494751, 0.07452041655778885, 0.07045533508062363, 0.05820761248469353]"
base,object,156,143,21,0,0.2253403216600418,"[21, 143, 92, 128, 94]","[0.2253403216600418, 0.1882607489824295, 0.15962375700473785, 0.10008843243122101, 0.07913108915090561]"
base,object,157,198,80,0,0.10262297093868256,"[80, 89, 85, 129, 143]","[0.10262297093868256, 0.08997450023889542, 0.0801103487610817, 0.07686860114336014, 0.060208290815353394]"
base,object,158,236,42,0,0.14379309117794037,"[42, 92, 31, 850, 354]","[0.14379309117794037, 0.0708659440279007, 0.06723127514123917, 0.06711277365684509, 0.060017555952072144]"
base,object,159,576,701,0,0.15182645618915558,"[701, 895, 812, 138, 143]","[0.15182645618915558, 0.0741993710398674, 0.06421255320310593, 0.06006462126970291, 0.03808208554983139]"
base,object,160,483,87,0,0.2761123478412628,"[87, 740, 21, 701, 812]","[0.2761123478412628, 0.047403253614902496, 0.0450359471142292, 0.04128521308302879, 0.04054642096161842]"
base,object,161,727,87,0,0.2532348334789276,"[87, 701, 319, 356, 668]","[0.2532348334789276, 0.1186428815126419, 0.05329485237598419, 0.022776000201702118, 0.015518327243626118]"
base,object,162,238,701,0,0.19478273391723633,"[701, 321, 783, 308, 87]","[0.19478273391723633, 0.06977749615907669, 0.051619816571474075, 0.04740617424249649, 0.04683513939380646]"
base,object,163,385,23,0,0.18583974242210388,"[23, 87, 367, 209, 13]","[0.18583974242210388, 0.17192266881465912, 0.08428032696247101, 0.08042069524526596, 0.05997718870639801]"
base,object,164,472,404,0,0.37736883759498596,"[404, 628, 143, 812, 814]","[0.37736883759498596, 0.06310214102268219, 0.061104897409677505, 0.03370893746614456, 0.03136002644896507]"
base,object,165,140,701,0,0.3396542966365814,"[701, 138, 143, 418, 128]","[0.3396542966365814, 0.07487068325281143, 0.05044867470860481, 0.03942003473639488, 0.023128492757678032]"
base,object,166,352,701,0,0.26757052540779114,"[701, 92, 129, 89, 127]","[0.26757052540779114, 0.12142448872327805, 0.10467454791069031, 0.10351309180259705, 0.05877324193716049]"
base,object,167,292,701,0,0.12282877415418625,"[701, 584, 73, 288, 323]","[0.12282877415418625, 0.07090111076831818, 0.06352292001247406, 0.06289990246295929, 0.039324793964624405]"
base,object,168,806,767,0,0.14502787590026855,"[767, 418, 769, 840, 628]","[0.14502787590026855, 0.10543714463710785, 0.08473598957061768, 0.04438769072294235, 0.02501419372856617]"
base,object,169,449,701,0,0.08004448562860489,"[701, 319, 892, 600, 464]","[0.08004448562860489, 0.030650394037365913, 0.027330735698342323, 0.026417389512062073, 0.024678586050868034]"
base,object,170,164,701,0,0.3277985751628876,"[701, 87, 138, 783, 94]","[0.3277985751628876, 0.048430219292640686, 0.043016497045755386, 0.037543974816799164, 0.02897445112466812]"
base,object,171,909,141,0,0.17965716123580933,"[141, 319, 132, 131, 13]","[0.17965716123580933, 0.060020625591278076, 0.046139203011989594, 0.042381566017866135, 0.041585661470890045]"
base,object,172,576,404,0,0.16932427883148193,"[404, 913, 895, 814, 576]","[0.16932427883148193, 0.12202636897563934, 0.10800477862358093, 0.10106728225946426, 0.07910597324371338]"
base,object,173,727,668,0,0.10371968895196915,"[668, 812, 87, 727, 701]","[0.10371968895196915, 0.09055781364440918, 0.06276959925889969, 0.03865696117281914, 0.03591340780258179]"
base,object,174,223,143,0,0.24633589386940002,"[143, 128, 21, 895, 701]","[0.24633589386940002, 0.13545624911785126, 0.10434388369321823, 0.03841385245323181, 0.03277689963579178]"
base,object,175,132,132,1,0.910474419593811,"[132, 89, 134, 129, 146]","[0.910474419593811, 0.05547857657074928, 0.0033495407551527023, 0.003171360120177269, 0.00295663601718843]"
base,object,176,576,87,0,0.06429256498813629,"[87, 128, 132, 129, 628]","[0.06429256498813629, 0.055912844836711884, 0.03784672170877457, 0.0358436293900013, 0.027644028887152672]"
base,object,177,391,94,0,0.1566925346851349,"[94, 42, 319, 129, 92]","[0.1566925346851349, 0.09061519056558609, 0.06950132548809052, 0.052289001643657684, 0.04792686179280281]"
base,object,178,708,898,0,0.07826177775859833,"[898, 720, 553, 628, 662]","[0.07826177775859833, 0.07203050702810287, 0.053711794316768646, 0.04371792823076248, 0.041890114545822144]"
base,object,179,132,132,1,0.32358571887016296,"[132, 89, 600, 129, 94]","[0.32358571887016296, 0.2127249389886856, 0.06269167363643646, 0.03369331359863281, 0.02542034164071083]"
base,object,180,576,755,0,0.08560066670179367,"[755, 510, 872, 576, 319]","[0.08560066670179367, 0.05740268900990486, 0.05431829020380974, 0.041392888873815536, 0.033859919756650925]"
base,object,181,143,143,1,0.6006219983100891,"[143, 128, 21, 22, 701]","[0.6006219983100891, 0.08952753990888596, 0.046483855694532394, 0.04175863415002823, 0.032160185277462006]"
base,object,182,842,701,0,0.361372709274292,"[701, 405, 21, 141, 23]","[0.361372709274292, 0.15115384757518768, 0.1049688532948494, 0.04499558359384537, 0.027727877721190453]"
base,object,183,372,87,0,0.21220427751541138,"[87, 128, 701, 9, 21]","[0.21220427751541138, 0.06726645678281784, 0.0664963498711586, 0.06086551025509834, 0.059727005660533905]"
base,object,184,36,138,0,0.2827009856700897,"[138, 42, 319, 59, 701]","[0.2827009856700897, 0.09396053850650787, 0.0880807414650917, 0.05411979928612709, 0.0431496724486351]"
base,object,185,660,701,0,0.7384852766990662,"[701, 417, 892, 404, 895]","[0.7384852766990662, 0.021348247304558754, 0.011461167596280575, 0.010913131758570671, 0.010671858675777912]"
base,object,186,821,92,0,0.1252165138721466,"[92, 320, 319, 131, 129]","[0.1252165138721466, 0.06431528925895691, 0.060031261295080185, 0.057070691138505936, 0.03181889280676842]"
base,object,187,449,701,0,0.45744749903678894,"[701, 919, 900, 699, 600]","[0.45744749903678894, 0.039360854774713516, 0.01415441557765007, 0.013893191702663898, 0.013174058869481087]"
base,object,188,131,129,0,0.10691428929567337,"[129, 12, 14, 701, 93]","[0.10691428929567337, 0.09827900677919388, 0.08635959029197693, 0.0788627564907074, 0.07767423987388611]"
base,object,189,576,404,0,0.18034429848194122,"[404, 895, 18, 143, 128]","[0.18034429848194122, 0.14162582159042358, 0.0785517618060112, 0.056574124842882156, 0.04946067929267883]"
base,object,190,140,142,0,0.5389204025268555,"[142, 140, 141, 12, 23]","[0.5389204025268555, 0.3231510818004608, 0.11618682742118835, 0.004701165482401848, 0.0026347620878368616]"
base,object,191,576,517,0,0.370647668838501,"[517, 484, 900, 583, 872]","[0.370647668838501, 0.09380445629358292, 0.041976116597652435, 0.03803352639079094, 0.036140598356723785]"
base,object,192,355,92,0,0.23024651408195496,"[92, 51, 354, 12, 277]","[0.23024651408195496, 0.09654359519481659, 0.07589083164930344, 0.063665471971035, 0.048794835805892944]"
base,object,193,511,511,1,0.5547187328338623,"[511, 817, 436, 751, 656]","[0.5547187328338623, 0.1939561665058136, 0.17192861437797546, 0.03628774359822273, 0.010295724496245384]"
base,object,194,417,701,0,0.40171629190444946,"[701, 111, 87, 534, 553]","[0.40171629190444946, 0.04184287041425705, 0.041227564215660095, 0.03917079418897629, 0.0384049229323864]"
base,object,195,404,11,0,0.30148395895957947,"[11, 127, 22, 21, 701]","[0.30148395895957947, 0.07889152318239212, 0.07099436223506927, 0.0491165928542614, 0.03909669443964958]"
base,object,196,701,701,1,0.7169269919395447,"[701, 42, 417, 319, 574]","[0.7169269919395447, 0.0415121391415596, 0.01872381381690502, 0.01642504334449768, 0.010260067880153656]"
base,object,197,701,132,0,0.1995309740304947,"[132, 350, 701, 600, 131]","[0.1995309740304947, 0.16308526694774628, 0.07694394886493683, 0.0495629720389843, 0.028683291748166084]"
base,object,198,701,701,1,0.985529363155365,"[701, 417, 806, 443, 818]","[0.985529363155365, 0.005509807262569666, 0.0008562863804399967, 0.0007936683832667768, 0.0005800147773697972]"
base,object,199,350,128,0,0.07517893612384796,"[128, 85, 127, 132, 131]","[0.07517893612384796, 0.06800737231969833, 0.04360305145382881, 0.033432479947805405, 0.030814824625849724]"
base,object,200,618,892,0,0.7798900604248047,"[892, 613, 512, 723, 409]","[0.7798900604248047, 0.03404756635427475, 0.019867252558469772, 0.015636172145605087, 0.011341966688632965]"
base,object,201,984,984,1,0.9891529083251953,"[984, 484, 319, 840, 64]","[0.9891529083251953, 0.0014926812145859003, 0.0012027912307530642, 0.000520335219334811, 0.0004981524543836713]"
base,object,202,645,645,1,0.32468047738075256,"[645, 452, 883, 616, 697]","[0.32468047738075256, 0.14937245845794678, 0.042692631483078, 0.036586832255125046, 0.02629617229104042]"
base,object,203,808,59,0,0.20434226095676422,"[59, 129, 701, 31, 132]","[0.20434226095676422, 0.16322144865989685, 0.15194307267665863, 0.10141544044017792, 0.03784530982375145]"
base,object,204,755,805,0,0.18602290749549866,"[805, 755, 807, 417, 723]","[0.18602290749549866, 0.15713746845722198, 0.10742991417646408, 0.046447884291410446, 0.03814807906746864]"
base,object,205,663,663,1,0.4670390486717224,"[663, 668, 873, 698, 483]","[0.4670390486717224, 0.12714697420597076, 0.10615374892950058, 0.0950777605175972, 0.07452114671468735]"
base,object,206,404,404,1,0.9847801923751831,"[404, 895, 908, 812, 405]","[0.9847801923751831, 0.012266709469258785, 0.0016734821256250143, 0.0005417365464381874, 0.00011445862764958292]"
base,object,207,540,92,0,0.06965993344783783,"[92, 127, 895, 23, 517]","[0.06965993344783783, 0.06392659991979599, 0.06355766952037811, 0.06269845366477966, 0.05986626446247101]"
base,object,208,958,920,0,0.1937369704246521,"[920, 662, 701, 417, 574]","[0.1937369704246521, 0.15603752434253693, 0.11232703924179077, 0.10937301814556122, 0.03742675855755806]"
base,object,209,483,777,0,0.11442980170249939,"[777, 812, 913, 783, 840]","[0.11442980170249939, 0.09571724385023117, 0.06477074325084686, 0.053376633673906326, 0.049824073910713196]"
base,object,210,898,701,0,0.6528751850128174,"[701, 42, 89, 87, 23]","[0.6528751850128174, 0.022478774189949036, 0.02096310444176197, 0.015494911931455135, 0.010936208069324493]"
base,object,211,649,682,0,0.32034963369369507,"[682, 649, 400, 442, 873]","[0.32034963369369507, 0.04264197126030922, 0.038697391748428345, 0.03627489507198334, 0.033998895436525345]"
base,object,212,812,701,0,0.25590673089027405,"[701, 405, 418, 128, 21]","[0.25590673089027405, 0.10190756618976593, 0.058589477092027664, 0.02426161617040634, 0.023625366389751434]"
base,object,213,701,701,1,0.9331603646278381,"[701, 417, 90, 301, 64]","[0.9331603646278381, 0.01571156643331051, 0.015358472242951393, 0.005397844593971968, 0.004491944797337055]"
base,object,214,405,701,0,0.22147642076015472,"[701, 418, 405, 813, 143]","[0.22147642076015472, 0.08175527304410934, 0.06795208156108856, 0.025932878255844116, 0.022789310663938522]"
base,object,215,832,832,1,0.3874973654747009,"[832, 442, 437, 538, 668]","[0.3874973654747009, 0.24216358363628387, 0.10830286145210266, 0.07124730944633484, 0.06111816316843033]"
base,object,216,475,774,0,0.15503087639808655,"[774, 899, 790, 633, 818]","[0.15503087639808655, 0.09774532914161682, 0.07765279710292816, 0.07504522055387497, 0.04677530750632286]"
base,object,217,22,22,1,0.8171004056930542,"[22, 23, 21, 134, 99]","[0.8171004056930542, 0.12546007335186005, 0.03308754786849022, 0.006060597486793995, 0.005046169739216566]"
base,object,218,724,780,0,0.7279831171035767,"[780, 645, 517, 724, 456]","[0.7279831171035767, 0.091339111328125, 0.0394170843064785, 0.0317976288497448, 0.022640444338321686]"
base,object,219,871,484,0,0.7809367775917053,"[484, 871, 812, 780, 900]","[0.7809367775917053, 0.04715511575341225, 0.0427725650370121, 0.02503066696226597, 0.014289638958871365]"
base,object,220,807,14,0,0.1519019901752472,"[14, 719, 452, 618, 679]","[0.1519019901752472, 0.08609900623559952, 0.0444868803024292, 0.04302649572491646, 0.033196233212947845]"
base,object,221,805,805,1,0.5946833491325378,"[805, 146, 132, 701, 417]","[0.5946833491325378, 0.13483832776546478, 0.08920960128307343, 0.05825577303767204, 0.02797921560704708]"
base,object,222,405,701,0,0.10891742259263992,"[701, 418, 87, 813, 405]","[0.10891742259263992, 0.0836561918258667, 0.043927911669015884, 0.036887455731630325, 0.030286479741334915]"
base,object,223,14,701,0,0.3784119188785553,"[701, 143, 146, 21, 677]","[0.3784119188785553, 0.06625981628894806, 0.04762919619679451, 0.028114493936300278, 0.023335736244916916]"
base,object,224,22,87,0,0.5492011904716492,"[87, 22, 21, 89, 143]","[0.5492011904716492, 0.2015979140996933, 0.12325301766395569, 0.06236207112669945, 0.00826873816549778]"
base,object,225,404,404,1,0.9278618693351746,"[404, 812, 405, 895, 908]","[0.9278618693351746, 0.04312216490507126, 0.014900589361786842, 0.004807531367987394, 0.0015188197139650583]"
base,object,226,583,517,0,0.4551038146018982,"[517, 583, 579, 872, 681]","[0.4551038146018982, 0.2835822105407715, 0.058267395943403244, 0.05043651908636093, 0.02632535994052887]"
base,object,227,900,900,1,0.9764670729637146,"[900, 604, 448, 437, 442]","[0.9764670729637146, 0.006975620519369841, 0.003996482118964195, 0.0028520168270915747, 0.0011285018408671021]"
base,object,228,437,701,0,0.12168516218662262,"[701, 920, 418, 840, 520]","[0.12168516218662262, 0.11099030077457428, 0.10065413266420364, 0.059908416122198105, 0.03896341472864151]"
base,object,229,345,350,0,0.20958057045936584,"[350, 51, 89, 21, 354]","[0.20958057045936584, 0.15308184921741486, 0.08768821507692337, 0.08350320160388947, 0.051939427852630615]"
base,object,230,913,319,0,0.15919622778892517,"[319, 755, 87, 42, 913]","[0.15919622778892517, 0.08134647458791733, 0.053068216890096664, 0.04546105116605759, 0.03377191349864006]"
base,object,231,839,839,1,0.5323543548583984,"[839, 718, 580, 905, 900]","[0.5323543548583984, 0.34682443737983704, 0.03684977814555168, 0.017279760912060738, 0.01703399047255516]"
base,object,232,920,920,1,0.2869427502155304,"[920, 872, 740, 598, 600]","[0.2869427502155304, 0.11815287172794342, 0.0793028324842453, 0.031589072197675705, 0.028385449200868607]"
base,object,233,802,701,0,0.16910125315189362,"[701, 989, 321, 783, 584]","[0.16910125315189362, 0.0874517485499382, 0.07371047884225845, 0.06882546842098236, 0.04672186076641083]"
base,object,234,755,755,1,0.8295621275901794,"[755, 132, 807, 19, 129]","[0.8295621275901794, 0.02412070333957672, 0.014431481249630451, 0.012299898080527782, 0.012114403769373894]"
base,object,235,93,93,1,0.15779408812522888,"[93, 87, 21, 23, 701]","[0.15779408812522888, 0.12061340361833572, 0.09967773407697678, 0.0916629433631897, 0.06824653595685959]"
base,object,236,821,319,0,0.5002976655960083,"[319, 821, 320, 420, 87]","[0.5002976655960083, 0.10194295644760132, 0.04244256392121315, 0.039412226527929306, 0.030153630301356316]"
base,object,237,437,701,0,0.12322479486465454,"[701, 813, 418, 553, 677]","[0.12322479486465454, 0.04064923897385597, 0.03835553675889969, 0.031114360317587852, 0.026035426184535027]"
base,object,238,649,474,0,0.17644533514976501,"[474, 733, 657, 749, 682]","[0.17644533514976501, 0.1166982352733612, 0.0713396668434143, 0.06705091893672943, 0.05294929817318916]"
base,object,239,682,442,0,0.1774497777223587,"[442, 437, 583, 448, 668]","[0.1774497777223587, 0.14592403173446655, 0.07033541798591614, 0.03547536954283714, 0.035242341458797455]"
base,object,240,900,900,1,0.9936211705207825,"[900, 87, 474, 708, 442]","[0.9936211705207825, 0.0009650000720284879, 0.0007423062925226986, 0.0007144022965803742, 0.0003977123415097594]"
base,object,241,557,494,0,0.3722976744174957,"[494, 843, 733, 600, 618]","[0.3722976744174957, 0.10040315240621567, 0.06112246587872505, 0.05828854441642761, 0.046017296612262726]"
base,object,242,812,87,0,0.15646836161613464,"[87, 813, 769, 319, 484]","[0.15646836161613464, 0.12519605457782745, 0.05694323405623436, 0.035482753068208694, 0.031855300068855286]"
base,object,243,988,989,0,0.3638901710510254,"[989, 129, 852, 988, 11]","[0.3638901710510254, 0.283756822347641, 0.05028371512889862, 0.0462186336517334, 0.04255948215723038]"
base,object,244,322,326,0,0.8061478734016418,"[326, 21, 129, 94, 138]","[0.8061478734016418, 0.03128252550959587, 0.030291540548205376, 0.020161127671599388, 0.014004708267748356]"
base,object,245,131,129,0,0.15904425084590912,"[129, 89, 92, 127, 21]","[0.15904425084590912, 0.1469930112361908, 0.10867048799991608, 0.10544413328170776, 0.10097789019346237]"
base,object,246,309,701,0,0.8151273727416992,"[701, 418, 319, 42, 417]","[0.8151273727416992, 0.022947343066334724, 0.017680415883660316, 0.01570271886885166, 0.010975581593811512]"
base,object,247,324,701,0,0.324409157037735,"[701, 89, 324, 308, 94]","[0.324409157037735, 0.23321790993213654, 0.061108071357011795, 0.023985398933291435, 0.02168423682451248]"
base,object,248,133,92,0,0.42366737127304077,"[92, 11, 59, 93, 132]","[0.42366737127304077, 0.09211724251508713, 0.09080108255147934, 0.07102882862091064, 0.0533633790910244]"
base,object,249,988,988,1,0.9547509551048279,"[988, 87, 989, 952, 129]","[0.9547509551048279, 0.016103580594062805, 0.010011707432568073, 0.004795338958501816, 0.003317828755825758]"
base,object,250,13,12,0,0.5225562453269958,"[12, 10, 13, 129, 141]","[0.5225562453269958, 0.05682860314846039, 0.05324951186776161, 0.048686303198337555, 0.04401785135269165]"
base,object,251,309,701,0,0.8466814160346985,"[701, 989, 22, 42, 11]","[0.8466814160346985, 0.024698425084352493, 0.014176911674439907, 0.007718184497207403, 0.004378671292215586]"
base,object,252,991,991,1,0.30572348833084106,"[991, 883, 985, 89, 938]","[0.30572348833084106, 0.11123490333557129, 0.054634351283311844, 0.04173425957560539, 0.03716297820210457]"
base,object,253,303,92,0,0.6702028512954712,"[92, 94, 93, 701, 307]","[0.6702028512954712, 0.0387376993894577, 0.03757183626294136, 0.036246683448553085, 0.02680085226893425]"
base,object,254,309,989,0,0.11475712060928345,"[989, 319, 42, 701, 15]","[0.11475712060928345, 0.10927146673202515, 0.10496314615011215, 0.07923963665962219, 0.04632507264614105]"
base,object,255,324,324,1,0.9972010850906372,"[324, 325, 326, 701, 322]","[0.9972010850906372, 0.0014440588420256972, 0.000950764340814203, 0.0002478998794686049, 3.2433214073535055e-05]"
base,object,256,303,319,0,0.15956249833106995,"[319, 895, 92, 302, 21]","[0.15956249833106995, 0.12552891671657562, 0.060393013060092926, 0.05394206568598747, 0.0506601557135582]"
base,object,257,323,701,0,0.22752831876277924,"[701, 319, 323, 82, 86]","[0.22752831876277924, 0.18406379222869873, 0.11671022325754166, 0.03276178240776062, 0.02148931659758091]"
base,object,258,989,989,1,0.47806763648986816,"[989, 417, 319, 719, 301]","[0.47806763648986816, 0.24536330997943878, 0.026415491476655006, 0.023297101259231567, 0.019230917096138]"
base,object,259,324,324,1,0.26203975081443787,"[324, 89, 701, 22, 892]","[0.26203975081443787, 0.13090364634990692, 0.08805057406425476, 0.04926995560526848, 0.03116033412516117]"
base,object,260,989,989,1,0.9595898985862732,"[989, 957, 11, 950, 990]","[0.9595898985862732, 0.0058569833636283875, 0.004561432171612978, 0.004185441881418228, 0.003957413602620363]"
base,object,261,323,323,1,0.9656169414520264,"[323, 72, 73, 319, 74]","[0.9656169414520264, 0.013279803097248077, 0.003774045966565609, 0.0036635028664022684, 0.00342372409068048]"
base,object,262,78,92,0,0.19837713241577148,"[92, 73, 78, 21, 12]","[0.19837713241577148, 0.17704692482948303, 0.1587802767753601, 0.07788604497909546, 0.06051366403698921]"
base,object,263,945,701,0,0.33595651388168335,"[701, 301, 31, 417, 952]","[0.33595651388168335, 0.10159603506326675, 0.0765935555100441, 0.04220219701528549, 0.03115752898156643]"
base,object,264,303,701,0,0.40573713183403015,"[701, 89, 895, 94, 883]","[0.40573713183403015, 0.08849247545003891, 0.08223702758550644, 0.03087637573480606, 0.028663452714681625]"
base,object,265,78,319,0,0.12028587609529495,"[319, 15, 512, 16, 23]","[0.12028587609529495, 0.11289957165718079, 0.06486820429563522, 0.052149269729852676, 0.0478668175637722]"
base,object,266,323,323,1,0.9987767338752747,"[323, 701, 671, 321, 326]","[0.9987767338752747, 0.0011239239247515798, 3.378564724698663e-05, 2.6796093152370304e-05, 1.0766058039735071e-05]"
base,object,267,309,701,0,0.4711391031742096,"[701, 723, 584, 319, 417]","[0.4711391031742096, 0.1433672308921814, 0.06072930619120598, 0.050698425620794296, 0.021286318078637123]"
base,object,268,77,92,0,0.20511490106582642,"[92, 11, 21, 12, 94]","[0.20511490106582642, 0.11981738358736038, 0.11094748228788376, 0.06572668999433517, 0.05931968241930008]"
base,object,269,945,701,0,0.24664652347564697,"[701, 417, 87, 418, 600]","[0.24664652347564697, 0.15178737044334412, 0.12288260459899902, 0.035876624286174774, 0.024590173736214638]"
base,object,270,322,701,0,0.18588027358055115,"[701, 42, 319, 12, 989]","[0.18588027358055115, 0.17109107971191406, 0.09606276452541351, 0.0684562474489212, 0.06545578688383102]"
base,object,271,27,27,1,0.6103705763816833,"[27, 1, 701, 301, 59]","[0.6103705763816833, 0.09301232546567917, 0.05243351683020592, 0.03697879984974861, 0.03337355703115463]"
base,object,272,321,321,1,0.999308705329895,"[321, 701, 326, 323, 557]","[0.999308705329895, 0.0005229145754128695, 9.882579615805298e-05, 2.2989839635556564e-05, 8.240373063017614e-06]"
base,object,273,323,323,1,0.7995434403419495,"[323, 701, 740, 795, 584]","[0.7995434403419495, 0.06966385990381241, 0.01399077195674181, 0.013740907423198223, 0.011015697382390499]"
base,object,274,937,988,0,0.2506411671638489,"[988, 701, 86, 952, 141]","[0.2506411671638489, 0.08432587236166, 0.06190553307533264, 0.049878254532814026, 0.04577389359474182]"
base,object,275,73,319,0,0.40402746200561523,"[319, 15, 42, 308, 81]","[0.40402746200561523, 0.11689099669456482, 0.05264073982834816, 0.04619692638516426, 0.03917345032095909]"
base,object,276,322,322,1,0.5666025280952454,"[322, 81, 326, 538, 86]","[0.5666025280952454, 0.06949886679649353, 0.034470345824956894, 0.03423358500003815, 0.02378058061003685]"
base,object,277,40,129,0,0.22372248768806458,"[129, 131, 132, 134, 127]","[0.22372248768806458, 0.10001815855503082, 0.09276643395423889, 0.053243041038513184, 0.041813742369413376]"
base,object,278,31,701,0,0.8836017847061157,"[701, 42, 308, 723, 301]","[0.8836017847061157, 0.011859877966344357, 0.010297145694494247, 0.005327941384166479, 0.005097150336951017]"
base,object,279,321,321,1,0.9895499348640442,"[321, 21, 701, 22, 23]","[0.9895499348640442, 0.0031410737428814173, 0.0018620028859004378, 0.001662694034166634, 0.0005048767197877169]"
base,object,280,58,701,0,0.5945488214492798,"[701, 679, 488, 417, 883]","[0.5945488214492798, 0.03530363738536835, 0.020275302231311798, 0.019196240231394768, 0.01897428184747696]"
base,object,281,309,302,0,0.36986076831817627,"[302, 318, 126, 21, 303]","[0.36986076831817627, 0.1799517273902893, 0.08321046084165573, 0.03707561641931534, 0.028347298502922058]"
base,object,282,303,303,1,0.5143038034439087,"[303, 94, 302, 127, 141]","[0.5143038034439087, 0.1117166131734848, 0.05642096698284149, 0.04998725652694702, 0.04280148446559906]"
base,object,283,325,325,1,0.6378633379936218,"[325, 326, 701, 324, 322]","[0.6378633379936218, 0.3538501560688019, 0.004761056043207645, 0.0007481957436539233, 0.0007250725175254047]"
base,object,284,323,323,1,0.9992582201957703,"[323, 72, 701, 319, 73]","[0.9992582201957703, 0.00029209189233370125, 0.00020063563715666533, 3.728609954123385e-05, 2.667601074790582e-05]"
base,object,285,304,304,1,0.3377508521080017,"[304, 94, 701, 87, 92]","[0.3377508521080017, 0.09595981240272522, 0.07184001803398132, 0.04734914377331734, 0.047308921813964844]"
base,object,286,18,18,1,0.6521668434143066,"[18, 128, 143, 134, 13]","[0.6521668434143066, 0.2180332988500595, 0.08809845894575119, 0.005326664075255394, 0.004604531452059746]"
base,object,287,178,178,1,0.8742597699165344,"[178, 159, 209, 208, 89]","[0.8742597699165344, 0.06789836287498474, 0.013421067968010902, 0.009539050981402397, 0.006014432292431593]"
base,object,288,83,87,0,0.675862729549408,"[87, 83, 141, 23, 21]","[0.675862729549408, 0.10086631029844284, 0.0307896938174963, 0.021648282185196877, 0.02099800854921341]"
base,object,289,362,23,0,0.15524835884571075,"[23, 362, 94, 21, 128]","[0.15524835884571075, 0.08523385226726532, 0.08379894495010376, 0.07854858785867691, 0.07481033354997635]"
base,object,290,272,578,0,0.08684512227773666,"[578, 138, 87, 735, 94]","[0.08684512227773666, 0.06963523477315903, 0.06399135291576385, 0.056029655039310455, 0.05237670615315437]"
base,object,291,102,23,0,0.17576028406620026,"[23, 9, 783, 701, 87]","[0.17576028406620026, 0.09010978788137436, 0.08614715188741684, 0.044524505734443665, 0.0413501001894474]"
base,object,292,423,423,1,0.4373607933521271,"[423, 883, 572, 765, 604]","[0.4373607933521271, 0.0824328288435936, 0.07618557661771774, 0.07043004781007767, 0.0591687336564064]"
base,object,293,543,748,0,0.16686350107192993,"[748, 893, 431, 516, 710]","[0.16686350107192993, 0.11238372325897217, 0.11153243482112885, 0.05836092308163643, 0.05400613695383072]"
base,object,294,277,21,0,0.2796863913536072,"[21, 189, 192, 94, 191]","[0.2796863913536072, 0.12473007291555405, 0.11104339361190796, 0.06272539496421814, 0.057378098368644714]"
base,object,295,428,513,0,0.055879101157188416,"[513, 812, 21, 600, 701]","[0.055879101157188416, 0.04736779257655144, 0.04383769631385803, 0.04370709881186485, 0.02670201286673546]"
base,object,296,134,141,0,0.18376460671424866,"[141, 127, 23, 21, 93]","[0.18376460671424866, 0.16960425674915314, 0.1430465579032898, 0.11831244081258774, 0.07369589060544968]"
base,object,297,298,298,1,0.18936124444007874,"[298, 988, 94, 87, 141]","[0.18936124444007874, 0.1377125382423401, 0.08001139760017395, 0.07240273803472519, 0.04224523901939392]"
base,object,298,170,94,0,0.34935352206230164,"[94, 87, 285, 13, 356]","[0.34935352206230164, 0.13235604763031006, 0.04024231806397438, 0.0369972363114357, 0.029073933139443398]"
base,object,299,363,24,0,0.2768528461456299,"[24, 43, 87, 42, 288]","[0.2768528461456299, 0.19555194675922394, 0.08230356127023697, 0.06970731168985367, 0.051850710064172745]"
base,object,300,356,94,0,0.20420528948307037,"[94, 92, 12, 51, 47]","[0.20420528948307037, 0.17907555401325226, 0.1312454342842102, 0.10366301983594894, 0.060826364904642105]"
base,object,301,161,253,0,0.2035595178604126,"[253, 162, 277, 264, 278]","[0.2035595178604126, 0.18093359470367432, 0.1677321344614029, 0.0911010280251503, 0.06227611377835274]"
base,object,302,254,944,0,0.47336578369140625,"[944, 701, 89, 243, 643]","[0.47336578369140625, 0.054059941321611404, 0.04210224375128746, 0.03646913543343544, 0.026377005502581596]"
base,object,303,145,145,1,0.9701124429702759,"[145, 89, 146, 171, 99]","[0.9701124429702759, 0.004282759502530098, 0.0035461741499602795, 0.002658439800143242, 0.002519599860534072]"
base,object,304,171,129,0,0.23469248414039612,"[129, 376, 21, 89, 11]","[0.23469248414039612, 0.13775849342346191, 0.11680768430233002, 0.09953287988901138, 0.047773752361536026]"
base,object,305,299,701,0,0.73412024974823,"[701, 42, 86, 83, 417]","[0.73412024974823, 0.08379188925027847, 0.03441525250673294, 0.03101278841495514, 0.014061307534575462]"
base,object,306,251,251,1,0.9882374405860901,"[251, 246, 293, 81, 21]","[0.9882374405860901, 0.008346392773091793, 0.0008005650597624481, 0.0002464276331011206, 0.0002401889651082456]"
base,object,307,292,584,0,0.26179778575897217,"[584, 679, 282, 38, 883]","[0.26179778575897217, 0.14631855487823486, 0.05506541207432747, 0.04013962671160698, 0.021489862352609634]"
base,object,308,77,92,0,0.4176556169986725,"[92, 324, 94, 93, 89]","[0.4176556169986725, 0.09136572480201721, 0.05856223404407501, 0.05220632627606392, 0.04824130982160568]"
base,object,309,305,701,0,0.6652330756187439,"[701, 89, 21, 87, 22]","[0.6652330756187439, 0.06171513348817825, 0.04958634078502655, 0.03635433688759804, 0.03316526859998703]"
base,object,310,299,141,0,0.17923270165920258,"[141, 319, 85, 94, 12]","[0.17923270165920258, 0.1027505099773407, 0.09984006732702255, 0.07908415049314499, 0.07887484133243561]"
base,object,311,83,87,0,0.45276305079460144,"[87, 21, 701, 138, 840]","[0.45276305079460144, 0.21972231566905975, 0.04450361430644989, 0.040242988616228104, 0.016061505302786827]"
base,object,312,362,21,0,0.8182687163352966,"[21, 24, 23, 94, 82]","[0.8182687163352966, 0.09134320914745331, 0.026595421135425568, 0.01944688707590103, 0.0028080709744244814]"
base,object,313,85,85,1,0.9108229279518127,"[85, 81, 141, 21, 23]","[0.9108229279518127, 0.029663847759366035, 0.010686647146940231, 0.009770221076905727, 0.006630802061408758]"
base,object,314,203,203,1,0.9802712202072144,"[203, 189, 192, 265, 196]","[0.9802712202072144, 0.008708423934876919, 0.002778433496132493, 0.002543581649661064, 0.0010952638695016503]"
base,object,315,79,81,0,0.11150665581226349,"[81, 42, 701, 323, 321]","[0.11150665581226349, 0.10104682296514511, 0.0850241631269455, 0.053129032254219055, 0.048563454300165176]"
base,object,316,71,126,0,0.3656054437160492,"[126, 938, 94, 616, 701]","[0.3656054437160492, 0.136062353849411, 0.11122287809848785, 0.03994332626461983, 0.03192145749926567]"
base,object,317,298,47,0,0.16766425967216492,"[47, 38, 87, 40, 42]","[0.16766425967216492, 0.10727770626544952, 0.09449408948421478, 0.08500661700963974, 0.07250808924436569]"
base,object,318,336,299,0,0.20305749773979187,"[299, 331, 43, 298, 12]","[0.20305749773979187, 0.18636073172092438, 0.15710923075675964, 0.06485052406787872, 0.04226754978299141]"
base,object,319,425,425,1,0.7590824365615845,"[425, 448, 449, 517, 913]","[0.7590824365615845, 0.045544859021902084, 0.04524057358503342, 0.023930517956614494, 0.009239948354661465]"
base,object,320,137,131,0,0.30369243025779724,"[131, 87, 128, 127, 136]","[0.30369243025779724, 0.1680004745721817, 0.12178882211446762, 0.09115447849035263, 0.05264916270971298]"
base,object,321,372,701,0,0.4498741924762726,"[701, 15, 73, 81, 23]","[0.4498741924762726, 0.05699973553419113, 0.04264035448431969, 0.029559839516878128, 0.022849230095744133]"
base,object,322,958,13,0,0.14476929605007172,"[13, 988, 649, 336, 298]","[0.14476929605007172, 0.1261342614889145, 0.12184671312570572, 0.1145453155040741, 0.0820547416806221]"
base,object,323,232,701,0,0.3388279676437378,"[701, 416, 94, 989, 862]","[0.3388279676437378, 0.13674254715442657, 0.04176653176546097, 0.03732133284211159, 0.031855206936597824]"
base,object,324,279,89,0,0.579406201839447,"[89, 129, 87, 127, 81]","[0.579406201839447, 0.19109176099300385, 0.11229420453310013, 0.039295900613069534, 0.026516636833548546]"
base,object,325,146,127,0,0.3131387531757355,"[127, 132, 138, 131, 146]","[0.3131387531757355, 0.24161194264888763, 0.14012862741947174, 0.050846174359321594, 0.04758591949939728]"
base,object,326,352,701,0,0.48239535093307495,"[701, 350, 319, 23, 138]","[0.48239535093307495, 0.02945735864341259, 0.027509016916155815, 0.02660081908106804, 0.022581184282898903]"
base,object,327,958,701,0,0.6625676155090332,"[701, 141, 783, 23, 405]","[0.6625676155090332, 0.07246095687150955, 0.023330699652433395, 0.02267903834581375, 0.019408883526921272]"
base,object,328,958,533,0,0.16008169949054718,"[533, 806, 90, 658, 47]","[0.16008169949054718, 0.13386186957359314, 0.0624842569231987, 0.05694587156176567, 0.052286405116319656]"
base,object,329,275,143,0,0.36457327008247375,"[143, 21, 307, 989, 308]","[0.36457327008247375, 0.13643157482147217, 0.12118306756019592, 0.04028350114822388, 0.032450735569000244]"
base,object,330,888,769,0,0.4671785235404968,"[769, 462, 783, 642, 126]","[0.4671785235404968, 0.07431678473949432, 0.03658932074904442, 0.017259323969483376, 0.01596018113195896]"
base,object,331,352,92,0,0.39811867475509644,"[92, 120, 21, 136, 91]","[0.39811867475509644, 0.2311815768480301, 0.05396368354558945, 0.052041977643966675, 0.04199530929327011]"
base,object,332,85,85,1,0.1745978146791458,"[85, 82, 135, 21, 23]","[0.1745978146791458, 0.16942833364009857, 0.11295126378536224, 0.0777445137500763, 0.05304693430662155]"
base,object,333,9,138,0,0.4871968626976013,"[138, 127, 94, 9, 132]","[0.4871968626976013, 0.06392735242843628, 0.06321360915899277, 0.04410967975854874, 0.02879112958908081]"
base,object,334,199,22,0,0.08394552022218704,"[22, 23, 91, 369, 80]","[0.08394552022218704, 0.07851859927177429, 0.06236749142408371, 0.05955640971660614, 0.052360959351062775]"
base,object,335,522,319,0,0.06433355063199997,"[319, 628, 141, 132, 92]","[0.06433355063199997, 0.050832055509090424, 0.039195284247398376, 0.036466509103775024, 0.034344930201768875]"
base,object,336,340,319,0,0.11251364648342133,"[319, 42, 701, 141, 418]","[0.11251364648342133, 0.09459241479635239, 0.06460582464933395, 0.03254307433962822, 0.03228757530450821]"
base,object,337,9,12,0,0.13725873827934265,"[12, 21, 701, 307, 15]","[0.13725873827934265, 0.09468193352222443, 0.08988574147224426, 0.08352050185203552, 0.06109429895877838]"
base,object,338,386,87,0,0.23836611211299896,"[87, 127, 349, 348, 129]","[0.23836611211299896, 0.1136496439576149, 0.09972044825553894, 0.08810862898826599, 0.06221776455640793]"
base,object,339,274,317,0,0.3713470697402954,"[317, 513, 432, 319, 776]","[0.3713470697402954, 0.11206798255443573, 0.10197271406650543, 0.04509228095412254, 0.039555538445711136]"
base,object,340,274,21,0,0.36720001697540283,"[21, 182, 354, 23, 89]","[0.36720001697540283, 0.06270439922809601, 0.04928451031446457, 0.03409874439239502, 0.03209035471081734]"
base,object,341,254,89,0,0.3549177050590515,"[89, 701, 129, 21, 87]","[0.3549177050590515, 0.1532750427722931, 0.12445506453514099, 0.07359569519758224, 0.06729558855295181]"
base,object,342,185,187,0,0.21168574690818787,"[187, 21, 193, 12, 92]","[0.21168574690818787, 0.14217045903205872, 0.07561526447534561, 0.06965280324220657, 0.05317377671599388]"
base,object,343,169,23,0,0.20925909280776978,"[23, 21, 22, 42, 87]","[0.20925909280776978, 0.10609914362430573, 0.08894138783216476, 0.05417448282241821, 0.0525975227355957]"
base,object,344,193,196,0,0.4858193099498749,"[196, 182, 189, 192, 187]","[0.4858193099498749, 0.13097190856933594, 0.0500052236020565, 0.04547247290611267, 0.045111335813999176]"
base,object,345,355,701,0,0.5622280836105347,"[701, 42, 38, 129, 417]","[0.5622280836105347, 0.058789853006601334, 0.03230607509613037, 0.02340278960764408, 0.02172631025314331]"
base,object,346,83,83,1,0.6237964034080505,"[83, 340, 86, 396, 82]","[0.6237964034080505, 0.2564524710178375, 0.02718670852482319, 0.026518892496824265, 0.017586035653948784]"
base,object,347,355,196,0,0.4493843913078308,"[196, 19, 354, 16, 192]","[0.4493843913078308, 0.1136583685874939, 0.07282248884439468, 0.057089511305093765, 0.039131589233875275]"
base,object,348,172,21,0,0.42951440811157227,"[21, 128, 701, 143, 94]","[0.42951440811157227, 0.1483149379491806, 0.13736552000045776, 0.04595695808529854, 0.026865294203162193]"
base,object,349,958,474,0,0.3381637930870056,"[474, 649, 806, 434, 958]","[0.3381637930870056, 0.0760139599442482, 0.056742794811725616, 0.052895113825798035, 0.023611994460225105]"
base,object,350,425,21,0,0.15375617146492004,"[21, 584, 141, 913, 98]","[0.15375617146492004, 0.09519091248512268, 0.08657383918762207, 0.054529886692762375, 0.047697603702545166]"
base,object,351,958,417,0,0.48408353328704834,"[417, 701, 405, 850, 129]","[0.48408353328704834, 0.25623470544815063, 0.06861679255962372, 0.02476634830236435, 0.018206782639026642]"
base,object,352,425,701,0,0.9031772017478943,"[701, 87, 88, 557, 840]","[0.9031772017478943, 0.01704045757651329, 0.008908679708838463, 0.006497224792838097, 0.006192899774760008]"
base,object,353,681,131,0,0.23018024861812592,"[131, 128, 129, 404, 92]","[0.23018024861812592, 0.15437309443950653, 0.10344181954860687, 0.06738113611936569, 0.056435536593198776]"
base,object,354,755,87,0,0.6316623687744141,"[87, 701, 755, 319, 545]","[0.6316623687744141, 0.06079983711242676, 0.041722171008586884, 0.03998378664255142, 0.014150400646030903]"
base,object,355,251,138,0,0.21872423589229584,"[138, 319, 42, 15, 307]","[0.21872423589229584, 0.11157924681901932, 0.09574345499277115, 0.05326157063245773, 0.04445021227002144]"
base,object,356,209,21,0,0.12781766057014465,"[21, 354, 184, 47, 989]","[0.12781766057014465, 0.12392790615558624, 0.07059980183839798, 0.07005172967910767, 0.06646978855133057]"
base,object,357,872,15,0,0.14829544723033905,"[15, 701, 16, 92, 42]","[0.14829544723033905, 0.12450923770666122, 0.10870417207479477, 0.10715898871421814, 0.05304441228508949]"
base,object,358,177,21,0,0.25523489713668823,"[21, 87, 94, 128, 177]","[0.25523489713668823, 0.13276804983615875, 0.09241051226854324, 0.07916843891143799, 0.07281883805990219]"
base,object,359,172,94,0,0.3636103570461273,"[94, 12, 89, 140, 10]","[0.3636103570461273, 0.06449143588542938, 0.05079903453588486, 0.04631542041897774, 0.03152015805244446]"
base,object,360,425,425,1,0.32620057463645935,"[425, 701, 777, 448, 405]","[0.32620057463645935, 0.07128209620714188, 0.04859394207596779, 0.04186491295695305, 0.03609060123562813]"
base,object,361,191,191,1,0.34381362795829773,"[191, 189, 182, 175, 186]","[0.34381362795829773, 0.26285669207572937, 0.16340422630310059, 0.05249883607029915, 0.03095376305282116]"
base,object,362,23,16,0,0.41653838753700256,"[16, 21, 127, 91, 23]","[0.41653838753700256, 0.17216704785823822, 0.13829010725021362, 0.036962512880563736, 0.03304547816514969]"
base,object,363,353,11,0,0.6101804971694946,"[11, 350, 92, 10, 16]","[0.6101804971694946, 0.0977100059390068, 0.07021114230155945, 0.05599204823374748, 0.03645561262965202]"
base,object,364,209,21,0,0.2730477452278137,"[21, 872, 23, 9, 87]","[0.2730477452278137, 0.054346609860658646, 0.03025246597826481, 0.02892930991947651, 0.027592048048973083]"
base,object,365,352,89,0,0.1348617970943451,"[89, 324, 701, 94, 319]","[0.1348617970943451, 0.06511435657739639, 0.06409445405006409, 0.04941418021917343, 0.04879970848560333]"
base,object,366,690,701,0,0.8198850750923157,"[701, 417, 893, 557, 748]","[0.8198850750923157, 0.012829103507101536, 0.007971319369971752, 0.007888675667345524, 0.006815276108682156]"
base,object,367,348,130,0,0.17729000747203827,"[130, 120, 129, 126, 701]","[0.17729000747203827, 0.11549162119626999, 0.10611061751842499, 0.08146000653505325, 0.07556528598070145]"
base,object,368,336,42,0,0.11779872328042984,"[42, 9, 138, 58, 141]","[0.11779872328042984, 0.10049846023321152, 0.09491485357284546, 0.047042034566402435, 0.045781102031469345]"
base,object,369,574,574,1,0.7738102674484253,"[574, 950, 951, 87, 940]","[0.7738102674484253, 0.05862867087125778, 0.026109574362635612, 0.012421926483511925, 0.008333667181432247]"
base,object,370,172,394,0,0.1334926337003708,"[394, 349, 88, 134, 127]","[0.1334926337003708, 0.11743409186601639, 0.10303173214197159, 0.059780512005090714, 0.05192790552973747]"
base,object,371,428,141,0,0.30950915813446045,"[141, 319, 42, 307, 47]","[0.30950915813446045, 0.14363454282283783, 0.1331930160522461, 0.08716122061014175, 0.07357132434844971]"
base,object,372,277,701,0,0.5874955654144287,"[701, 416, 94, 319, 862]","[0.5874955654144287, 0.03352877125144005, 0.022282341495156288, 0.013969315215945244, 0.013884028419852257]"
base,object,373,209,354,0,0.6534473896026611,"[354, 348, 209, 349, 350]","[0.6534473896026611, 0.07020659744739532, 0.06296562403440475, 0.052106037735939026, 0.04805197939276695]"
base,object,374,575,895,0,0.12094750255346298,"[895, 754, 404, 818, 892]","[0.12094750255346298, 0.09353231638669968, 0.05430298298597336, 0.05270342901349068, 0.042353805154561996]"
base,object,375,958,86,0,0.18592782318592072,"[86, 298, 142, 336, 47]","[0.18592782318592072, 0.12508688867092133, 0.06068440526723862, 0.05823647230863571, 0.05256592109799385]"
base,object,376,340,701,0,0.23791514337062836,"[701, 340, 21, 699, 87]","[0.23791514337062836, 0.17604437470436096, 0.053442202508449554, 0.04864643141627312, 0.034016724675893784]"
base,object,377,191,701,0,0.7606400847434998,"[701, 418, 416, 417, 73]","[0.7606400847434998, 0.03428998216986656, 0.014786073006689548, 0.012111023999750614, 0.010259361937642097]"
base,object,378,232,239,0,0.30013173818588257,"[239, 152, 196, 232, 217]","[0.30013173818588257, 0.09036754071712494, 0.08763108402490616, 0.07677684724330902, 0.0497443713247776]"
base,object,379,352,701,0,0.551021158695221,"[701, 417, 94, 610, 354]","[0.551021158695221, 0.07898980379104614, 0.02958770841360092, 0.028933333232998848, 0.016005774959921837]"
base,object,380,373,261,0,0.20628046989440918,"[261, 94, 373, 354, 174]","[0.20628046989440918, 0.1756758987903595, 0.0655931606888771, 0.034717001020908356, 0.029609087854623795]"
base,object,381,353,143,0,0.14475539326667786,"[143, 128, 127, 141, 132]","[0.14475539326667786, 0.12668776512145996, 0.10431402176618576, 0.08308403193950653, 0.0774403065443039]"
base,object,382,888,888,1,0.408117413520813,"[888, 701, 404, 23, 619]","[0.408117413520813, 0.2186172753572464, 0.04196625202894211, 0.011978553608059883, 0.011975668370723724]"
base,object,383,286,21,0,0.10710321366786957,"[21, 138, 701, 141, 94]","[0.10710321366786957, 0.09296604245901108, 0.08396635949611664, 0.06659039109945297, 0.05741162598133087]"
base,object,384,299,299,1,0.5089531540870667,"[299, 285, 298, 43, 331]","[0.5089531540870667, 0.07544300705194473, 0.05841064453125, 0.037770625203847885, 0.03126204013824463]"
base,object,385,350,21,0,0.3836774230003357,"[21, 23, 94, 12, 89]","[0.3836774230003357, 0.18109072744846344, 0.09967274218797684, 0.041973017156124115, 0.04089495912194252]"
base,object,386,143,143,1,0.991176962852478,"[143, 87, 128, 81, 13]","[0.991176962852478, 0.0016822124598547816, 0.0014517587842419744, 0.001019644201733172, 0.0007115854532457888]"
base,object,387,336,141,0,0.3207800090312958,"[141, 319, 23, 701, 94]","[0.3207800090312958, 0.08741339296102524, 0.07725933194160461, 0.06318411976099014, 0.05459761247038841]"
base,object,388,353,21,0,0.4016285240650177,"[21, 315, 129, 94, 92]","[0.4016285240650177, 0.10752858221530914, 0.08605191111564636, 0.06592495739459991, 0.06341760605573654]"
base,object,389,305,89,0,0.28262680768966675,"[89, 87, 701, 895, 80]","[0.28262680768966675, 0.14735913276672363, 0.058259185403585434, 0.047944869846105576, 0.04268919304013252]"
base,object,390,349,348,0,0.45406675338745117,"[348, 349, 87, 23, 350]","[0.45406675338745117, 0.1916857808828354, 0.18249909579753876, 0.04821198061108589, 0.037453543394804]"
base,object,391,11,701,0,0.6549540758132935,"[701, 143, 989, 15, 92]","[0.6549540758132935, 0.045213643461465836, 0.041078031063079834, 0.019453955814242363, 0.017403822392225266]"
base,object,392,26,319,0,0.13594606518745422,"[319, 23, 94, 701, 93]","[0.13594606518745422, 0.06690915673971176, 0.058140166103839874, 0.05163918063044548, 0.047908466309309006]"
base,object,393,336,45,0,0.07065418362617493,"[45, 9, 21, 616, 354]","[0.07065418362617493, 0.0639364942908287, 0.06252817809581757, 0.051069386303424835, 0.050377409905195236]"
base,object,394,79,23,0,0.11764495819807053,"[23, 895, 21, 131, 89]","[0.11764495819807053, 0.0924595519900322, 0.07815892994403839, 0.07442893087863922, 0.05733606591820717]"
base,object,395,63,42,0,0.08614855259656906,"[42, 584, 81, 592, 87]","[0.08614855259656906, 0.08163785934448242, 0.05945282429456711, 0.05455247312784195, 0.04652738943696022]"
base,object,396,349,701,0,0.1620221883058548,"[701, 416, 31, 21, 42]","[0.1620221883058548, 0.08371304720640182, 0.08071716129779816, 0.07685766369104385, 0.04986364766955376]"
base,object,397,17,92,0,0.23289526998996735,"[92, 11, 129, 10, 319]","[0.23289526998996735, 0.10172878950834274, 0.08318348228931427, 0.08213379979133606, 0.0768720805644989]"
base,object,398,354,21,0,0.21134980022907257,"[21, 9, 42, 354, 23]","[0.21134980022907257, 0.09231586754322052, 0.06870782375335693, 0.049785055220127106, 0.045401882380247116]"
base,object,399,172,354,0,0.33728888630867004,"[354, 170, 184, 21, 182]","[0.33728888630867004, 0.13691429793834686, 0.09349440038204193, 0.0414910614490509, 0.033817216753959656]"
base,object,400,390,725,0,0.19977107644081116,"[725, 129, 59, 111, 899]","[0.19977107644081116, 0.13154353201389313, 0.09684880822896957, 0.08851930499076843, 0.07000388950109482]"
base,object,401,42,132,0,0.23450049757957458,"[132, 129, 131, 127, 92]","[0.23450049757957458, 0.1397790163755417, 0.13951945304870605, 0.07693415880203247, 0.06009349599480629]"
base,object,402,251,288,0,0.1579582691192627,"[288, 251, 89, 23, 143]","[0.1579582691192627, 0.07916656881570816, 0.07531920075416565, 0.05391343683004379, 0.04609151929616928]"
base,object,403,13,701,0,0.17542888224124908,"[701, 129, 87, 94, 21]","[0.17542888224124908, 0.1335197240114212, 0.0829567238688469, 0.06276256591081619, 0.05235493555665016]"
base,object,404,139,139,1,0.9991868138313293,"[139, 23, 81, 141, 143]","[0.9991868138313293, 9.053565736394376e-05, 6.589650001842529e-05, 3.571077832020819e-05, 3.064568227273412e-05]"
base,object,405,336,336,1,0.46536514163017273,"[336, 373, 350, 345, 291]","[0.46536514163017273, 0.0548316091299057, 0.04496007040143013, 0.03960740938782692, 0.03141018748283386]"
base,object,406,277,701,0,0.4135015606880188,"[701, 94, 11, 92, 989]","[0.4135015606880188, 0.06397390365600586, 0.06074153259396553, 0.052397988736629486, 0.04157691448926926]"
base,object,407,375,21,0,0.1827770471572876,"[21, 701, 81, 80, 132]","[0.1827770471572876, 0.11090344935655594, 0.06437848508358002, 0.054934658110141754, 0.049410201609134674]"
base,object,408,26,92,0,0.10057960450649261,"[92, 128, 59, 47, 93]","[0.10057960450649261, 0.07028300315141678, 0.05757015943527222, 0.04192546010017395, 0.03682329133152962]"
base,object,409,295,87,0,0.15923789143562317,"[87, 182, 474, 496, 285]","[0.15923789143562317, 0.12019722908735275, 0.06075843423604965, 0.04948145151138306, 0.04473957419395447]"
base,object,410,674,319,0,0.4165094196796417,"[319, 674, 812, 913, 755]","[0.4165094196796417, 0.1564253717660904, 0.09049545973539352, 0.03909243270754814, 0.026624271646142006]"
base,object,411,57,42,0,0.2060151845216751,"[42, 59, 319, 111, 41]","[0.2060151845216751, 0.16154903173446655, 0.05138416588306427, 0.02915841154754162, 0.029050137847661972]"
base,object,412,59,129,0,0.11250489205121994,"[129, 432, 65, 132, 600]","[0.11250489205121994, 0.07724646478891373, 0.06910230219364166, 0.057610299438238144, 0.05301259830594063]"
base,object,413,357,496,0,0.16991715133190155,"[496, 474, 357, 100, 524]","[0.16991715133190155, 0.08943576365709305, 0.0492047555744648, 0.03624971583485603, 0.03243875131011009]"
base,object,414,336,23,0,0.18335223197937012,"[23, 12, 94, 21, 42]","[0.18335223197937012, 0.14797340333461761, 0.09369861334562302, 0.07705820351839066, 0.07575494050979614]"
base,object,415,86,701,0,0.2430495172739029,"[701, 86, 42, 418, 319]","[0.2430495172739029, 0.13057245314121246, 0.07124330848455429, 0.053708285093307495, 0.04951997473835945]"
base,object,416,62,42,0,0.32410186529159546,"[42, 58, 57, 139, 36]","[0.32410186529159546, 0.22977881133556366, 0.07019844651222229, 0.049748484045267105, 0.01599494367837906]"
base,object,417,677,92,0,0.15572786331176758,"[92, 131, 132, 128, 769]","[0.15572786331176758, 0.1491502821445465, 0.07393155992031097, 0.06840022653341293, 0.029502999037504196]"
base,object,418,387,21,0,0.11228848248720169,"[21, 23, 94, 87, 22]","[0.11228848248720169, 0.09576062113046646, 0.08371328562498093, 0.07587000727653503, 0.07034249603748322]"
base,object,419,85,701,0,0.30655938386917114,"[701, 138, 141, 81, 85]","[0.30655938386917114, 0.08458762615919113, 0.06038682907819748, 0.04845406860113144, 0.042922355234622955]"
base,object,420,544,701,0,0.14208869636058807,"[701, 87, 938, 81, 80]","[0.14208869636058807, 0.10729673504829407, 0.09585391730070114, 0.05899294838309288, 0.03220905736088753]"
base,object,421,77,92,0,0.303499311208725,"[92, 93, 127, 133, 91]","[0.303499311208725, 0.09688170999288559, 0.0631425529718399, 0.06069406867027283, 0.0556124709546566]"
base,object,422,357,701,0,0.5104944705963135,"[701, 23, 128, 21, 22]","[0.5104944705963135, 0.12497541308403015, 0.05219726264476776, 0.031231191009283066, 0.020836565643548965]"
base,object,423,383,87,0,0.08794766664505005,"[87, 701, 953, 288, 783]","[0.08794766664505005, 0.07832245528697968, 0.06988800317049026, 0.04581289365887642, 0.0379033125936985]"
base,object,424,277,92,0,0.6163244247436523,"[92, 86, 12, 319, 11]","[0.6163244247436523, 0.11639239639043808, 0.09702641516923904, 0.019554290920495987, 0.01860600896179676]"
base,object,425,803,491,0,0.11024120450019836,"[491, 87, 758, 883, 461]","[0.11024120450019836, 0.09914335608482361, 0.06973648071289062, 0.06776821613311768, 0.06766294687986374]"
base,object,426,792,668,0,0.1759416162967682,"[668, 733, 682, 557, 600]","[0.1759416162967682, 0.06805125623941422, 0.05803128331899643, 0.05687310919165611, 0.0547456294298172]"
base,object,427,795,138,0,0.11924275010824203,"[138, 128, 131, 143, 134]","[0.11924275010824203, 0.11869599670171738, 0.10412327945232391, 0.07957829535007477, 0.05514470487833023]"
base,object,428,83,83,1,0.47971367835998535,"[83, 840, 340, 464, 506]","[0.47971367835998535, 0.05915861949324608, 0.04750644415616989, 0.035173214972019196, 0.022430602461099625]"
base,object,429,24,701,0,0.49443769454956055,"[701, 81, 319, 42, 418]","[0.49443769454956055, 0.046761415898799896, 0.025871509686112404, 0.0245186910033226, 0.018580958247184753]"
base,object,430,802,701,0,0.13541238009929657,"[701, 802, 25, 321, 625]","[0.13541238009929657, 0.1353270560503006, 0.06653300672769547, 0.0352027602493763, 0.0336482897400856]"
base,object,431,491,701,0,0.17359670996665955,"[701, 769, 87, 662, 128]","[0.17359670996665955, 0.06387082487344742, 0.04600692540407181, 0.04409043490886688, 0.04204455390572548]"
base,object,432,277,38,0,0.40007731318473816,"[38, 21, 354, 94, 277]","[0.40007731318473816, 0.18515527248382568, 0.14741986989974976, 0.0803179070353508, 0.012445012107491493]"
base,object,433,802,814,0,0.1877012848854065,"[814, 802, 80, 895, 408]","[0.1877012848854065, 0.14432282745838165, 0.13653801381587982, 0.13641579449176788, 0.03476342558860779]"
base,object,434,802,701,0,0.16001690924167633,"[701, 802, 413, 723, 740]","[0.16001690924167633, 0.11555874347686768, 0.08126688748598099, 0.07921954989433289, 0.034663375467061996]"
base,object,435,516,516,1,0.24738875031471252,"[516, 144, 492, 588, 325]","[0.24738875031471252, 0.06402312964200974, 0.06142250448465347, 0.05455099418759346, 0.05001497268676758]"
base,object,436,13,13,1,0.9083609580993652,"[13, 10, 15, 16, 87]","[0.9083609580993652, 0.03854307532310486, 0.02233959175646305, 0.009829210117459297, 0.006098632700741291]"
base,object,437,296,296,1,0.6627825498580933,"[296, 87, 89, 270, 127]","[0.6627825498580933, 0.17030708491802216, 0.06077329441905022, 0.02528587356209755, 0.011217285878956318]"
base,object,438,425,701,0,0.3730115592479706,"[701, 425, 405, 600, 777]","[0.3730115592479706, 0.09506992250680923, 0.05658450722694397, 0.03749599680304527, 0.024103736504912376]"
base,object,439,223,701,0,0.4054785668849945,"[701, 21, 23, 895, 405]","[0.4054785668849945, 0.10430248826742172, 0.06384024024009705, 0.04741901159286499, 0.04084904491901398]"
base,object,440,795,128,0,0.14131338894367218,"[128, 131, 134, 129, 132]","[0.14131338894367218, 0.1125890240073204, 0.07973895967006683, 0.0639481320977211, 0.05432925000786781]"
base,object,441,13,87,0,0.2180120199918747,"[87, 141, 21, 94, 13]","[0.2180120199918747, 0.2149468958377838, 0.1224101111292839, 0.09607117623090744, 0.07068087160587311]"
base,object,442,227,331,0,0.11747204512357712,"[331, 171, 236, 354, 268]","[0.11747204512357712, 0.08535871654748917, 0.07914403825998306, 0.07776521891355515, 0.0761745274066925]"
base,object,443,867,701,0,0.3630366623401642,"[701, 664, 553, 920, 851]","[0.3630366623401642, 0.028658492490649223, 0.028018981218338013, 0.02384989708662033, 0.02316826581954956]"
base,object,444,232,232,1,0.3695019781589508,"[232, 196, 217, 19, 198]","[0.3695019781589508, 0.12351096421480179, 0.04746514931321144, 0.044281937181949615, 0.027120918035507202]"
base,object,445,795,131,0,0.3410763442516327,"[131, 138, 127, 129, 134]","[0.3410763442516327, 0.12289514392614365, 0.035261526703834534, 0.03498087823390961, 0.033823441714048386]"
base,object,446,81,129,0,0.27864208817481995,"[129, 89, 127, 132, 701]","[0.27864208817481995, 0.19276508688926697, 0.1454598307609558, 0.13443101942539215, 0.046309661120176315]"
base,object,447,238,21,0,0.3250420093536377,"[21, 701, 171, 237, 23]","[0.3250420093536377, 0.13289198279380798, 0.051664188504219055, 0.04580822214484215, 0.031685493886470795]"
base,object,448,296,89,0,0.41855448484420776,"[89, 21, 208, 87, 850]","[0.41855448484420776, 0.2065112143754959, 0.04847250506281853, 0.04181569069623947, 0.04001395031809807]"
base,object,449,172,172,1,0.43686535954475403,"[172, 354, 10, 94, 701]","[0.43686535954475403, 0.10092107206583023, 0.038210127502679825, 0.02693096362054348, 0.023938508704304695]"
base,object,450,178,524,0,0.3299800753593445,"[524, 10, 461, 21, 317]","[0.3299800753593445, 0.0982452854514122, 0.08755216747522354, 0.07965908944606781, 0.03733115643262863]"
base,object,451,803,701,0,0.2135757952928543,"[701, 625, 510, 812, 898]","[0.2135757952928543, 0.07730349898338318, 0.06096544861793518, 0.05566096678376198, 0.034941013902425766]"
base,object,452,331,87,0,0.5641427636146545,"[87, 138, 89, 131, 13]","[0.5641427636146545, 0.11321993172168732, 0.06002482399344444, 0.040903329849243164, 0.038744304329156876]"
base,object,453,292,87,0,0.3416127562522888,"[87, 701, 883, 89, 103]","[0.3416127562522888, 0.20194555819034576, 0.08466152101755142, 0.03176084905862808, 0.028074946254491806]"
base,object,454,787,89,0,0.8067681193351746,"[89, 132, 701, 21, 129]","[0.8067681193351746, 0.07152611762285233, 0.04717467725276947, 0.02011646330356598, 0.01357453502714634]"
base,object,455,231,129,0,0.10117510706186295,"[129, 13, 89, 883, 11]","[0.10117510706186295, 0.09519108384847641, 0.07778314501047134, 0.07503717392683029, 0.06737948209047318]"
base,object,456,81,81,1,0.2932993173599243,"[81, 129, 87, 131, 134]","[0.2932993173599243, 0.2379155158996582, 0.10216674953699112, 0.09107530117034912, 0.037260208278894424]"
base,object,457,803,920,0,0.12188560515642166,"[920, 701, 895, 448, 851]","[0.12188560515642166, 0.11678487807512283, 0.07778563350439072, 0.03327121213078499, 0.03163948655128479]"
base,object,458,792,701,0,0.42670702934265137,"[701, 920, 812, 510, 840]","[0.42670702934265137, 0.031112387776374817, 0.024584395810961723, 0.024060755968093872, 0.020943839102983475]"
base,object,459,654,701,0,0.08307847380638123,"[701, 609, 710, 754, 745]","[0.08307847380638123, 0.07603494822978973, 0.07198192179203033, 0.06176924332976341, 0.04874425008893013]"
base,object,460,170,87,0,0.3718680441379547,"[87, 21, 278, 16, 13]","[0.3718680441379547, 0.07732414454221725, 0.057460397481918335, 0.049630943685770035, 0.032725993543863297]"
base,object,461,199,199,1,0.2362438440322876,"[199, 23, 80, 22, 21]","[0.2362438440322876, 0.18243014812469482, 0.04689446836709976, 0.02739761769771576, 0.02363860420882702]"
base,object,462,795,129,0,0.15130163729190826,"[129, 138, 131, 58, 574]","[0.15130163729190826, 0.10530009120702744, 0.0795554369688034, 0.06556151807308197, 0.058966752141714096]"
base,object,463,802,701,0,0.47182655334472656,"[701, 42, 319, 989, 94]","[0.47182655334472656, 0.04173065349459648, 0.03145696222782135, 0.027712490409612656, 0.019227448850870132]"
base,object,464,198,87,0,0.6442355513572693,"[87, 196, 198, 21, 89]","[0.6442355513572693, 0.08108542114496231, 0.038989562541246414, 0.031544070690870285, 0.027317633852362633]"
base,object,465,209,143,0,0.20729774236679077,"[143, 21, 354, 349, 80]","[0.20729774236679077, 0.18799078464508057, 0.08546695113182068, 0.03588288277387619, 0.035731229931116104]"
base,object,466,247,416,0,0.11866514384746552,"[416, 42, 701, 697, 452]","[0.11866514384746552, 0.08342553675174713, 0.07385547459125519, 0.05042710527777672, 0.0500834658741951]"
base,object,467,224,21,0,0.3297763168811798,"[21, 22, 265, 379, 256]","[0.3297763168811798, 0.10441537201404572, 0.038088519126176834, 0.03795124590396881, 0.036604512482881546]"
base,object,468,258,89,0,0.23272117972373962,"[89, 452, 258, 434, 617]","[0.23272117972373962, 0.11274866759777069, 0.08979091048240662, 0.05767519772052765, 0.056824419647455215]"
base,object,469,13,13,1,0.3311385214328766,"[13, 94, 10, 141, 129]","[0.3311385214328766, 0.22243888676166534, 0.15210850536823273, 0.06954371184110641, 0.037720438092947006]"
base,object,470,339,89,0,0.23363856971263885,"[89, 701, 87, 354, 16]","[0.23363856971263885, 0.12898528575897217, 0.09859932959079742, 0.09096121788024902, 0.04924216866493225]"
base,object,471,888,888,1,0.9645577073097229,"[888, 525, 464, 701, 919]","[0.9645577073097229, 0.006806292571127415, 0.006557168439030647, 0.0017523601418361068, 0.0015998617745935917]"
base,object,472,258,203,0,0.3313554525375366,"[203, 189, 265, 285, 270]","[0.3313554525375366, 0.2668263018131256, 0.05721370875835419, 0.05513923242688179, 0.025811612606048584]"
base,object,473,792,701,0,0.44179418683052063,"[701, 895, 138, 783, 143]","[0.44179418683052063, 0.06118518114089966, 0.036256320774555206, 0.03309793025255203, 0.031050905585289]"
base,object,474,792,128,0,0.12926743924617767,"[128, 131, 319, 129, 138]","[0.12926743924617767, 0.12813761830329895, 0.09020767360925674, 0.08291622251272202, 0.06825772672891617]"
base,object,475,346,349,0,0.14198431372642517,"[349, 348, 209, 307, 89]","[0.14198431372642517, 0.13233725726604462, 0.052286118268966675, 0.04136188328266144, 0.03285672888159752]"
base,object,476,671,892,0,0.2997674345970154,"[892, 600, 701, 671, 409]","[0.2997674345970154, 0.21547934412956238, 0.052747245877981186, 0.03509112447500229, 0.03229103982448578]"
base,object,477,724,668,0,0.2457580268383026,"[668, 724, 540, 628, 517]","[0.2457580268383026, 0.1078471690416336, 0.06343334913253784, 0.05993669852614403, 0.05792236328125]"
base,object,478,394,89,0,0.2909380793571472,"[89, 127, 132, 129, 23]","[0.2909380793571472, 0.17829248309135437, 0.1707482933998108, 0.08542467653751373, 0.04011823982000351]"
base,object,479,672,701,0,0.416378915309906,"[701, 87, 132, 417, 89]","[0.416378915309906, 0.045425038784742355, 0.04039803147315979, 0.03312008082866669, 0.027488909661769867]"
base,object,480,289,82,0,0.5382827520370483,"[82, 81, 85, 142, 86]","[0.5382827520370483, 0.14819909632205963, 0.037419747561216354, 0.031930189579725266, 0.027745135128498077]"
base,object,481,818,818,1,0.1238691657781601,"[818, 787, 828, 633, 417]","[0.1238691657781601, 0.09685444831848145, 0.07677917927503586, 0.07510014623403549, 0.034453134983778]"
base,object,482,853,913,0,0.15039868652820587,"[913, 21, 354, 975, 47]","[0.15039868652820587, 0.09885488450527191, 0.05082591623067856, 0.05027070641517639, 0.03835061937570572]"
base,object,483,239,87,0,0.4655083119869232,"[87, 22, 10, 11, 21]","[0.4655083119869232, 0.1874193400144577, 0.06291918456554413, 0.03957873582839966, 0.029280906543135643]"
base,object,484,425,425,1,0.6525390148162842,"[425, 462, 449, 832, 893]","[0.6525390148162842, 0.07974313944578171, 0.05498627945780754, 0.03625903278589249, 0.015706771984696388]"
base,object,485,355,16,0,0.40822431445121765,"[16, 127, 87, 22, 92]","[0.40822431445121765, 0.20420610904693604, 0.10065386444330215, 0.0633254125714302, 0.048587366938591]"
base,object,486,863,863,1,0.8278312087059021,"[863, 898, 773, 790, 491]","[0.8278312087059021, 0.017296943813562393, 0.009262713603675365, 0.007787485606968403, 0.006556462962180376]"
base,object,487,349,701,0,0.5402300357818604,"[701, 895, 143, 404, 814]","[0.5402300357818604, 0.0988444834947586, 0.024823149666190147, 0.021614920347929, 0.01971578225493431]"
base,object,488,703,681,0,0.07938681542873383,"[681, 872, 583, 664, 402]","[0.07938681542873383, 0.0789659321308136, 0.0585024319589138, 0.03846648335456848, 0.02742357738316059]"
base,object,489,425,425,1,0.16140040755271912,"[425, 448, 913, 449, 517]","[0.16140040755271912, 0.14135859906673431, 0.08575607091188431, 0.07476974278688431, 0.06319186836481094]"
base,object,490,795,628,0,0.12150417268276215,"[628, 132, 131, 129, 404]","[0.12150417268276215, 0.08339259773492813, 0.07058482617139816, 0.06168460473418236, 0.050329044461250305]"
base,object,491,690,513,0,0.383951872587204,"[513, 730, 354, 776, 676]","[0.383951872587204, 0.0692828819155693, 0.05504728853702545, 0.02656898833811283, 0.02644003927707672]"
base,object,492,672,672,1,0.2156434953212738,"[672, 92, 448, 315, 131]","[0.2156434953212738, 0.08160161972045898, 0.042669061571359634, 0.0363321378827095, 0.03507395461201668]"
base,object,493,671,892,0,0.08416043967008591,"[892, 600, 783, 418, 402]","[0.08416043967008591, 0.05559674650430679, 0.041288185864686966, 0.03992806375026703, 0.0395963229238987]"
base,object,494,81,42,0,0.7801373600959778,"[42, 10, 701, 94, 14]","[0.7801373600959778, 0.050951067358255386, 0.03680256009101868, 0.01364045962691307, 0.012011517770588398]"
base,object,495,733,600,0,0.10538212954998016,"[600, 733, 484, 845, 474]","[0.10538212954998016, 0.07835664600133896, 0.07376085966825485, 0.05678767338395119, 0.052131034433841705]"
base,object,496,672,89,0,0.2948574125766754,"[89, 144, 701, 132, 93]","[0.2948574125766754, 0.1527392417192459, 0.10253723710775375, 0.08002869039773941, 0.07724623382091522]"
base,object,497,795,131,0,0.1228255107998848,"[131, 128, 129, 132, 92]","[0.1228255107998848, 0.09608384966850281, 0.07600285857915878, 0.05299864336848259, 0.048188235610723495]"
base,object,498,663,625,0,0.36782148480415344,"[625, 510, 701, 812, 895]","[0.36782148480415344, 0.20786194503307343, 0.06156911328434944, 0.034391190856695175, 0.018240410834550858]"
base,object,499,705,701,0,0.42417341470718384,"[701, 418, 87, 813, 319]","[0.42417341470718384, 0.042704589664936066, 0.026591816917061806, 0.026548586785793304, 0.01886816881597042]"
base,object,500,675,886,0,0.29230794310569763,"[886, 892, 916, 481, 701]","[0.29230794310569763, 0.10438358038663864, 0.035327646881341934, 0.027267202734947205, 0.025476934388279915]"
base,object,501,404,404,1,0.9971277117729187,"[404, 895, 908, 812, 405]","[0.9971277117729187, 0.0024474633391946554, 0.0003408463962841779, 4.9491161917103454e-05, 9.432258593733422e-06]"
base,object,502,609,628,0,0.23980334401130676,"[628, 755, 319, 701, 510]","[0.23980334401130676, 0.09957537800073624, 0.04664209857583046, 0.03734692558646202, 0.025816187262535095]"
base,object,503,672,701,0,0.5365698933601379,"[701, 417, 86, 774, 89]","[0.5365698933601379, 0.07164103537797928, 0.058206707239151, 0.026661036536097527, 0.023997334763407707]"
base,object,504,915,727,0,0.28869879245758057,"[727, 251, 138, 755, 915]","[0.28869879245758057, 0.10715470463037491, 0.059741221368312836, 0.037554461508989334, 0.031005488708615303]"
base,object,505,336,9,0,0.2679162621498108,"[9, 350, 354, 23, 87]","[0.2679162621498108, 0.1647108942270279, 0.04315129667520523, 0.04299400746822357, 0.04138816148042679]"
base,object,506,515,138,0,0.4185177683830261,"[138, 701, 93, 42, 127]","[0.4185177683830261, 0.21384626626968384, 0.06678567081689835, 0.03614424541592598, 0.03476899862289429]"
base,object,507,425,425,1,0.8795177340507507,"[425, 449, 87, 462, 517]","[0.8795177340507507, 0.030111633241176605, 0.02043275162577629, 0.009223852306604385, 0.009135773405432701]"
base,object,508,404,404,1,0.6935921311378479,"[404, 42, 769, 405, 616]","[0.6935921311378479, 0.06971649080514908, 0.024613460525870323, 0.01948738284409046, 0.015636393800377846]"
base,object,509,724,892,0,0.11155740171670914,"[892, 724, 540, 73, 510]","[0.11155740171670914, 0.06978491693735123, 0.05534272640943527, 0.04179518669843674, 0.03952287510037422]"
base,object,510,718,642,0,0.26481693983078003,"[642, 520, 619, 525, 858]","[0.26481693983078003, 0.17363806068897247, 0.09719474613666534, 0.05862395465373993, 0.05718570575118065]"
base,object,511,671,87,0,0.15646836161613464,"[87, 813, 769, 319, 484]","[0.15646836161613464, 0.12519605457782745, 0.05694323405623436, 0.035482753068208694, 0.031855300068855286]"
base,object,512,147,783,0,0.10175292193889618,"[783, 94, 21, 87, 23]","[0.10175292193889618, 0.0977577418088913, 0.07716726511716843, 0.07487408071756363, 0.06376419961452484]"
base,object,513,484,484,1,0.9807204604148865,"[484, 871, 701, 895, 780]","[0.9807204604148865, 0.004888513125479221, 0.001964569091796875, 0.001961356494575739, 0.0011651780223473907]"
base,object,514,449,701,0,0.5247812271118164,"[701, 418, 783, 872, 319]","[0.5247812271118164, 0.06698057055473328, 0.026740865781903267, 0.020813118666410446, 0.016138844192028046]"
base,object,515,842,701,0,0.13190637528896332,"[701, 87, 769, 128, 405]","[0.13190637528896332, 0.11546165496110916, 0.03363780677318573, 0.03303297981619835, 0.0314035601913929]"
base,object,516,708,674,0,0.5794816017150879,"[674, 913, 628, 755, 519]","[0.5794816017150879, 0.08076712489128113, 0.03297996148467064, 0.03202260285615921, 0.02327839471399784]"
base,object,517,393,701,0,0.4317919909954071,"[701, 600, 87, 783, 301]","[0.4317919909954071, 0.03706231713294983, 0.028272369876503944, 0.02049959823489189, 0.019474392756819725]"
base,object,518,862,701,0,0.08019997179508209,"[701, 583, 129, 733, 723]","[0.08019997179508209, 0.06251159310340881, 0.050498705357313156, 0.04787011444568634, 0.045681100338697433]"
base,object,519,625,625,1,0.9078874588012695,"[625, 554, 510, 517, 555]","[0.9078874588012695, 0.058519620448350906, 0.006452606990933418, 0.0028863295447081327, 0.0023132753558456898]"
base,object,520,977,895,0,0.33392027020454407,"[895, 783, 131, 913, 845]","[0.33392027020454407, 0.1659499704837799, 0.07148338854312897, 0.04785940423607826, 0.026738306507468224]"
base,object,521,536,769,0,0.073305644094944,"[769, 87, 600, 840, 701]","[0.073305644094944, 0.04643463343381882, 0.03475411236286163, 0.024531763046979904, 0.02381688728928566]"
base,object,522,472,405,0,0.14805474877357483,"[405, 701, 814, 418, 812]","[0.14805474877357483, 0.1125708669424057, 0.0895221009850502, 0.08582565188407898, 0.05829482898116112]"
base,object,523,437,920,0,0.07791044563055038,"[920, 845, 701, 892, 418]","[0.07791044563055038, 0.05571816861629486, 0.04362005740404129, 0.04251638799905777, 0.040910523384809494]"
base,object,524,393,701,0,0.8011400699615479,"[701, 301, 42, 723, 308]","[0.8011400699615479, 0.09383410215377808, 0.01632104441523552, 0.004178733564913273, 0.004174584522843361]"
base,object,525,394,21,0,0.22519899904727936,"[21, 89, 126, 326, 141]","[0.22519899904727936, 0.10294995456933975, 0.0959821417927742, 0.09166596829891205, 0.054795585572719574]"
base,object,526,147,21,0,0.1091746985912323,"[21, 701, 100, 22, 735]","[0.1091746985912323, 0.0805051326751709, 0.07995637506246567, 0.06979475170373917, 0.0635673925280571]"
base,object,527,437,708,0,0.0724567249417305,"[708, 13, 87, 474, 494]","[0.0724567249417305, 0.070855051279068, 0.0556701198220253, 0.05006825923919678, 0.042343877255916595]"
base,object,528,373,94,0,0.24810993671417236,"[94, 92, 43, 93, 134]","[0.24810993671417236, 0.22056163847446442, 0.08132430166006088, 0.03828931972384453, 0.03394226357340813]"
base,object,529,147,701,0,0.3600330650806427,"[701, 23, 21, 128, 81]","[0.3600330650806427, 0.10678058862686157, 0.0821823850274086, 0.040564004331827164, 0.027798034250736237]"
base,object,530,143,127,0,0.3086414039134979,"[127, 21, 94, 141, 129]","[0.3086414039134979, 0.2223387360572815, 0.08192203938961029, 0.08018549531698227, 0.03749193623661995]"
base,object,531,625,625,1,0.8134049773216248,"[625, 628, 510, 812, 554]","[0.8134049773216248, 0.048923734575510025, 0.04544897750020027, 0.015205088071525097, 0.006308085285127163]"
base,object,532,833,510,0,0.25061964988708496,"[510, 484, 873, 812, 913]","[0.25061964988708496, 0.06613627076148987, 0.056411340832710266, 0.05446944013237953, 0.04731294512748718]"
base,object,533,403,510,0,0.23687294125556946,"[510, 403, 913, 460, 320]","[0.23687294125556946, 0.2327866107225418, 0.056296125054359436, 0.03284921869635582, 0.0313037633895874]"
base,object,534,914,733,0,0.10086172819137573,"[733, 812, 132, 780, 600]","[0.10086172819137573, 0.06358679383993149, 0.048741646111011505, 0.04499192163348198, 0.03510429337620735]"
base,object,535,484,628,0,0.10456186532974243,"[628, 557, 840, 540, 510]","[0.10456186532974243, 0.08939625322818756, 0.062301155179739, 0.05786861851811409, 0.051878925412893295]"
base,object,536,148,143,0,0.4249235689640045,"[143, 128, 404, 895, 99]","[0.4249235689640045, 0.3203401267528534, 0.07574398815631866, 0.047801848500967026, 0.020443221554160118]"
base,object,537,554,510,0,0.409477561712265,"[510, 628, 812, 540, 583]","[0.409477561712265, 0.25702106952667236, 0.1285504400730133, 0.013999388553202152, 0.013305858708918095]"
base,object,538,814,814,1,0.436314195394516,"[814, 625, 301, 472, 404]","[0.436314195394516, 0.11757232248783112, 0.042301345616579056, 0.0329647921025753, 0.029699524864554405]"
base,object,539,983,396,0,0.18305687606334686,"[396, 973, 397, 123, 329]","[0.18305687606334686, 0.14314697682857513, 0.13308072090148926, 0.04087277129292488, 0.02763085439801216]"
base,object,540,267,181,0,0.17015351355075836,"[181, 265, 87, 266, 189]","[0.17015351355075836, 0.16106601059436798, 0.09389379620552063, 0.08746156841516495, 0.0859641507267952]"
base,object,541,625,625,1,0.23517563939094543,"[625, 701, 510, 42, 557]","[0.23517563939094543, 0.18595126271247864, 0.13967502117156982, 0.019390013068914413, 0.01643790304660797]"
base,object,542,554,701,0,0.1024329736828804,"[701, 574, 405, 553, 418]","[0.1024329736828804, 0.07585344463586807, 0.07036060839891434, 0.060027848929166794, 0.054397616535425186]"
base,object,543,554,681,0,0.09002981334924698,"[681, 628, 754, 893, 402]","[0.09002981334924698, 0.08094624429941177, 0.06557399034500122, 0.0633779987692833, 0.05353672429919243]"
base,object,544,554,628,0,0.3347534239292145,"[628, 319, 138, 510, 755]","[0.3347534239292145, 0.04585997015237808, 0.04365251958370209, 0.03571607172489166, 0.03318905830383301]"
base,object,545,625,625,1,0.520492434501648,"[625, 628, 510, 404, 812]","[0.520492434501648, 0.2005188763141632, 0.07368359714746475, 0.03343141824007034, 0.031056512147188187]"
base,object,546,437,87,0,0.15646836161613464,"[87, 813, 769, 319, 484]","[0.15646836161613464, 0.12519605457782745, 0.05694323405623436, 0.035482753068208694, 0.031855300068855286]"
base,object,547,146,81,0,0.09987588226795197,"[81, 349, 129, 94, 134]","[0.09987588226795197, 0.09098470211029053, 0.07952584326267242, 0.07162082195281982, 0.05925876274704933]"
base,object,548,625,625,1,0.8219076991081238,"[625, 576, 892, 442, 510]","[0.8219076991081238, 0.03415297344326973, 0.018179012462496758, 0.01272114459425211, 0.012180578894913197]"
base,object,549,148,127,0,0.2978501617908478,"[127, 128, 146, 138, 99]","[0.2978501617908478, 0.13536611199378967, 0.13030315935611725, 0.0431818850338459, 0.0373673141002655]"
base,object,550,914,129,0,0.11069470643997192,"[129, 127, 610, 94, 89]","[0.11069470643997192, 0.07176082581281662, 0.07089239358901978, 0.054632626473903656, 0.051145702600479126]"
base,object,551,484,540,0,0.265256404876709,"[540, 812, 668, 628, 724]","[0.265256404876709, 0.09219945967197418, 0.08894047886133194, 0.054767947643995285, 0.04735717922449112]"
base,object,552,484,812,0,0.20216919481754303,"[812, 484, 404, 517, 914]","[0.20216919481754303, 0.1786663681268692, 0.04926697537302971, 0.03847912698984146, 0.037348710000514984]"
base,object,553,115,129,0,0.5997188091278076,"[129, 989, 417, 903, 952]","[0.5997188091278076, 0.054400455206632614, 0.017898302525281906, 0.017613539472222328, 0.016939470544457436]"
base,object,554,775,321,0,0.6392889022827148,"[321, 701, 87, 317, 517]","[0.6392889022827148, 0.09870091080665588, 0.0855768620967865, 0.02972894348204136, 0.011052865535020828]"
base,object,555,115,701,0,0.14770257472991943,"[701, 59, 42, 64, 90]","[0.14770257472991943, 0.0722476914525032, 0.05862525850534439, 0.05606034770607948, 0.0549800843000412]"
base,object,556,484,484,1,0.9719114899635315,"[484, 871, 628, 812, 780]","[0.9719114899635315, 0.013691307045519352, 0.002927830209955573, 0.0027393114287406206, 0.00228544301353395]"
base,object,557,4,404,0,0.21951693296432495,"[404, 895, 22, 128, 143]","[0.21951693296432495, 0.13454359769821167, 0.13182054460048676, 0.0884825736284256, 0.0694786012172699]"
base,object,558,983,701,0,0.1587047576904297,"[701, 301, 895, 25, 321]","[0.1587047576904297, 0.05901230126619339, 0.05897590145468712, 0.04838717356324196, 0.04007476195693016]"
base,object,559,842,701,0,0.5827348232269287,"[701, 405, 418, 416, 783]","[0.5827348232269287, 0.12462888658046722, 0.019047552719712257, 0.01327747292816639, 0.011942615732550621]"
base,object,560,115,783,0,0.2541908323764801,"[783, 767, 701, 953, 584]","[0.2541908323764801, 0.0710226520895958, 0.04626978188753128, 0.04249794781208038, 0.038425929844379425]"
base,object,561,391,87,0,0.1095365509390831,"[87, 319, 89, 13, 317]","[0.1095365509390831, 0.08287301659584045, 0.07516944408416748, 0.06868377327919006, 0.06832536309957504]"
base,object,562,123,323,0,0.1353273093700409,"[323, 319, 82, 12, 94]","[0.1353273093700409, 0.11199241131544113, 0.07627668976783752, 0.07535691559314728, 0.07186830043792725]"
base,object,563,253,173,0,0.23623625934123993,"[173, 350, 354, 351, 16]","[0.23623625934123993, 0.09917886555194855, 0.057157404720783234, 0.04772059991955757, 0.04508368298411369]"
base,object,564,484,484,1,0.6038603186607361,"[484, 780, 404, 871, 914]","[0.6038603186607361, 0.09185496717691422, 0.08083537220954895, 0.07160647213459015, 0.039402253925800323]"
base,object,565,437,583,0,0.08270645141601562,"[583, 840, 846, 699, 920]","[0.08270645141601562, 0.07160931080579758, 0.062095385044813156, 0.05033449828624725, 0.04137857258319855]"
base,object,566,148,701,0,0.11805735528469086,"[701, 131, 405, 129, 404]","[0.11805735528469086, 0.08677733689546585, 0.04753325879573822, 0.04605504497885704, 0.03481297567486763]"
base,object,567,147,895,0,0.10684426128864288,"[895, 146, 129, 144, 127]","[0.10684426128864288, 0.09210937470197678, 0.06401293724775314, 0.05964254215359688, 0.04915686696767807]"
base,object,568,148,895,0,0.4108479619026184,"[895, 80, 23, 404, 128]","[0.4108479619026184, 0.10776243358850479, 0.107103131711483, 0.058870140463113785, 0.058347929269075394]"
base,object,569,608,701,0,0.2633320391178131,"[701, 812, 723, 402, 889]","[0.2633320391178131, 0.036337826400995255, 0.03619726374745369, 0.021078649908304214, 0.019678723067045212]"
base,object,570,62,701,0,0.6176329255104065,"[701, 677, 783, 42, 138]","[0.6176329255104065, 0.03182712942361832, 0.028511105105280876, 0.025086350739002228, 0.02458217553794384]"
base,object,571,972,288,0,0.040203437209129333,"[288, 350, 496, 989, 885]","[0.040203437209129333, 0.03141777217388153, 0.02579386904835701, 0.02485855482518673, 0.02325824834406376]"
base,object,572,139,42,0,0.3891570270061493,"[42, 701, 319, 317, 308]","[0.3891570270061493, 0.13022156059741974, 0.07265984266996384, 0.0299521554261446, 0.021366896107792854]"
base,object,573,354,21,0,0.3233340382575989,"[21, 129, 354, 938, 127]","[0.3233340382575989, 0.11418304592370987, 0.06126662343740463, 0.06032401695847511, 0.05154777690768242]"
base,object,574,140,138,0,0.18639355897903442,"[138, 42, 128, 319, 701]","[0.18639355897903442, 0.06687989830970764, 0.06518760323524475, 0.06206376478075981, 0.05925555154681206]"
base,object,575,437,701,0,0.1972331404685974,"[701, 94, 21, 812, 418]","[0.1972331404685974, 0.06005999445915222, 0.05151861160993576, 0.038860369473695755, 0.03105568140745163]"
base,object,576,529,701,0,0.3005146086215973,"[701, 129, 418, 128, 677]","[0.3005146086215973, 0.05404962599277496, 0.03189776465296745, 0.0314582958817482, 0.028573384508490562]"
base,object,577,66,701,0,0.3706948459148407,"[701, 42, 418, 319, 783]","[0.3706948459148407, 0.08932255208492279, 0.040436986833810806, 0.030230671167373657, 0.029145507141947746]"
base,object,578,511,511,1,0.5831648111343384,"[511, 609, 717, 817, 436]","[0.5831648111343384, 0.14752618968486786, 0.03953365609049797, 0.03371362388134003, 0.03298913687467575]"
base,object,579,376,92,0,0.75520920753479,"[92, 21, 354, 11, 319]","[0.75520920753479, 0.049326151609420776, 0.03744460269808769, 0.03494253754615784, 0.017243705689907074]"
base,object,580,404,404,1,0.9522068500518799,"[404, 812, 895, 908, 744]","[0.9522068500518799, 0.01680106297135353, 0.009791387245059013, 0.0067115831188857555, 0.00316659570671618]"
base,object,581,207,21,0,0.2160336673259735,"[21, 209, 373, 189, 291]","[0.2160336673259735, 0.046874307096004486, 0.041202954947948456, 0.035305798053741455, 0.035172514617443085]"
base,object,582,33,47,0,0.1505327671766281,"[47, 141, 134, 12, 80]","[0.1505327671766281, 0.05983730033040047, 0.051433026790618896, 0.05035824328660965, 0.03664412721991539]"
base,object,583,34,701,0,0.22940593957901,"[701, 128, 127, 129, 138]","[0.22940593957901, 0.1331503689289093, 0.06272099167108536, 0.03722525015473366, 0.03657867759466171]"
base,object,584,112,112,1,0.2177424430847168,"[112, 952, 938, 193, 187]","[0.2177424430847168, 0.1942775547504425, 0.11666601151227951, 0.043125320225954056, 0.030361440032720566]"
base,object,585,792,141,0,0.1518854945898056,"[141, 131, 128, 319, 92]","[0.1518854945898056, 0.12666544318199158, 0.12087099999189377, 0.0837186649441719, 0.07489050179719925]"
base,object,586,172,89,0,0.16591309010982513,"[89, 92, 354, 11, 16]","[0.16591309010982513, 0.1546618640422821, 0.12940597534179688, 0.11884534358978271, 0.07847238332033157]"
base,object,587,222,89,0,0.20696723461151123,"[89, 87, 129, 13, 132]","[0.20696723461151123, 0.13486598432064056, 0.12959450483322144, 0.049752164632081985, 0.048267919570207596]"
base,object,588,140,701,0,0.24698545038700104,"[701, 143, 138, 128, 127]","[0.24698545038700104, 0.06299411505460739, 0.06128320470452309, 0.05606244131922722, 0.03911837190389633]"
base,object,589,218,80,0,0.17854107916355133,"[80, 143, 128, 21, 85]","[0.17854107916355133, 0.15316905081272125, 0.11014996469020844, 0.09594714641571045, 0.06457676738500595]"
base,object,590,459,701,0,0.11452097445726395,"[701, 405, 129, 144, 127]","[0.11452097445726395, 0.08540510386228561, 0.06595819443464279, 0.06211250275373459, 0.05911541357636452]"
base,object,591,112,132,0,0.2010347545146942,"[132, 21, 129, 89, 127]","[0.2010347545146942, 0.16361428797245026, 0.1599711775779724, 0.11099028587341309, 0.05296754837036133]"
base,object,592,609,609,1,0.1318376362323761,"[609, 628, 481, 482, 754]","[0.1318376362323761, 0.11374569684267044, 0.07331475615501404, 0.06379703432321548, 0.061679720878601074]"
base,object,593,247,23,0,0.09900322556495667,"[23, 129, 92, 13, 87]","[0.09900322556495667, 0.07748348265886307, 0.07065919786691666, 0.07041971385478973, 0.06537812948226929]"
base,object,594,354,354,1,0.8593356609344482,"[354, 159, 701, 730, 351]","[0.8593356609344482, 0.030581220984458923, 0.026690641418099403, 0.006296697538346052, 0.004887480288743973]"
base,object,595,842,701,0,0.46615082025527954,"[701, 132, 405, 723, 131]","[0.46615082025527954, 0.324944406747818, 0.025395460426807404, 0.025267302989959717, 0.014957966282963753]"
base,object,596,232,22,0,0.4146672487258911,"[22, 87, 23, 143, 21]","[0.4146672487258911, 0.19798643887043, 0.05733859911561012, 0.056633252650499344, 0.0385609045624733]"
base,object,597,437,701,0,0.04936859756708145,"[701, 87, 769, 813, 520]","[0.04936859756708145, 0.047730326652526855, 0.04198324307799339, 0.03854550048708916, 0.027470150962471962]"
base,object,598,386,87,0,0.48064374923706055,"[87, 350, 386, 354, 291]","[0.48064374923706055, 0.08368466049432755, 0.05846014991402626, 0.05302681773900986, 0.024177495390176773]"
base,object,599,145,701,0,0.53515625,"[701, 405, 87, 21, 417]","[0.53515625, 0.05007868632674217, 0.044439926743507385, 0.022060412913560867, 0.014874285086989403]"
base,object,600,193,191,0,0.2540203034877777,"[191, 196, 282, 16, 198]","[0.2540203034877777, 0.10905437171459198, 0.06458121538162231, 0.03936518356204033, 0.03607865795493126]"
base,object,601,79,79,1,0.833855390548706,"[79, 92, 89, 71, 127]","[0.833855390548706, 0.05381421372294426, 0.035155002027750015, 0.011754178442060947, 0.005883243400603533]"
base,object,602,139,139,1,0.3370426893234253,"[139, 141, 138, 42, 319]","[0.3370426893234253, 0.10707490891218185, 0.0911514014005661, 0.0842006653547287, 0.053006839007139206]"
base,object,603,814,628,0,0.0629945620894432,"[628, 319, 774, 87, 42]","[0.0629945620894432, 0.031497761607170105, 0.027655519545078278, 0.023656461387872696, 0.023626679554581642]"
base,object,604,765,765,1,0.8974174857139587,"[765, 559, 532, 87, 553]","[0.8974174857139587, 0.04736190661787987, 0.009019055403769016, 0.004923147615045309, 0.004125064238905907]"
base,object,605,677,701,0,0.567177414894104,"[701, 417, 496, 572, 21]","[0.567177414894104, 0.05322543904185295, 0.020999308675527573, 0.01767284795641899, 0.01556374505162239]"
base,object,606,792,129,0,0.14400330185890198,"[129, 87, 749, 132, 144]","[0.14400330185890198, 0.09813599288463593, 0.0771636962890625, 0.07010287046432495, 0.05966975539922714]"
base,object,607,652,413,0,0.26270726323127747,"[413, 87, 183, 787, 701]","[0.26270726323127747, 0.15689197182655334, 0.11786850541830063, 0.05084732919931412, 0.031851716339588165]"
base,object,608,707,872,0,0.1705724149942398,"[872, 442, 892, 701, 733]","[0.1705724149942398, 0.0820440948009491, 0.053418535739183426, 0.03781341761350632, 0.03734170272946358]"
base,object,609,863,863,1,0.9889959096908569,"[863, 733, 40, 568, 708]","[0.9889959096908569, 0.001684506656602025, 0.0012984598288312554, 0.0009178886539302766, 0.0008735339506529272]"
base,object,610,670,670,1,0.18131747841835022,"[670, 87, 701, 518, 11]","[0.18131747841835022, 0.09086417406797409, 0.05163700133562088, 0.03603317588567734, 0.0315825454890728]"
base,object,611,439,701,0,0.10790254175662994,"[701, 872, 892, 783, 644]","[0.10790254175662994, 0.07801071554422379, 0.0688975378870964, 0.04298117011785507, 0.03097539208829403]"
base,object,612,355,22,0,0.26784640550613403,"[22, 21, 735, 23, 989]","[0.26784640550613403, 0.16632167994976044, 0.13774803280830383, 0.06973730772733688, 0.026274558156728745]"
base,object,613,319,701,0,0.25366127490997314,"[701, 21, 895, 128, 22]","[0.25366127490997314, 0.043930213898420334, 0.03874274343252182, 0.031013350933790207, 0.027092110365629196]"
base,object,614,778,517,0,0.1181865856051445,"[517, 87, 404, 448, 900]","[0.1181865856051445, 0.09265218675136566, 0.058555446565151215, 0.05654507875442505, 0.049932464957237244]"
base,object,615,958,42,0,0.4696478247642517,"[42, 307, 701, 47, 677]","[0.4696478247642517, 0.05603101849555969, 0.055608928203582764, 0.03760145232081413, 0.03127095475792885]"
base,object,616,879,132,0,0.10548508912324905,"[132, 129, 138, 141, 146]","[0.10548508912324905, 0.07627463340759277, 0.050911255180835724, 0.03605242073535919, 0.034629885107278824]"
base,object,617,70,70,1,0.5636709332466125,"[70, 313, 321, 733, 92]","[0.5636709332466125, 0.13058936595916748, 0.09225399047136307, 0.05715668201446533, 0.050329066812992096]"
base,object,618,471,87,0,0.10602118074893951,"[87, 135, 793, 316, 21]","[0.10602118074893951, 0.041988492012023926, 0.03481237217783928, 0.03465792164206505, 0.034519217908382416]"
base,object,619,583,583,1,0.6068783402442932,"[583, 442, 872, 764, 839]","[0.6068783402442932, 0.13517186045646667, 0.07373110949993134, 0.04570874944329262, 0.02293267846107483]"
base,object,620,792,572,0,0.2214890718460083,"[572, 87, 883, 474, 319]","[0.2214890718460083, 0.14050453901290894, 0.05705687403678894, 0.04409389570355415, 0.030587637796998024]"
base,object,621,583,583,1,0.935154378414154,"[583, 517, 765, 442, 900]","[0.935154378414154, 0.011807149276137352, 0.006268272642046213, 0.00429232744500041, 0.00411260174587369]"
base,object,622,7,92,0,0.20958873629570007,"[92, 15, 12, 7, 989]","[0.20958873629570007, 0.10147564113140106, 0.07198870927095413, 0.05416380986571312, 0.05180516093969345]"
base,object,623,86,86,1,0.6187289357185364,"[86, 701, 82, 88, 129]","[0.6187289357185364, 0.0753493681550026, 0.054964933544397354, 0.03415409475564957, 0.025118479505181313]"
base,object,624,919,701,0,0.041430167853832245,"[701, 919, 549, 534, 778]","[0.041430167853832245, 0.039548177272081375, 0.03148796036839485, 0.030473632737994194, 0.02934902533888817]"
base,object,625,539,769,0,0.07817663252353668,"[769, 813, 499, 87, 319]","[0.07817663252353668, 0.06328380107879639, 0.05707276239991188, 0.054284848272800446, 0.03702044486999512]"
base,object,626,287,282,0,0.16085802018642426,"[282, 287, 281, 288, 86]","[0.16085802018642426, 0.11675737053155899, 0.0942169800400734, 0.06172816455364227, 0.0608706921339035]"
base,object,627,471,744,0,0.29430219531059265,"[744, 657, 895, 403, 404]","[0.29430219531059265, 0.2535616159439087, 0.23241466283798218, 0.0517033152282238, 0.04636724293231964]"
base,object,628,513,763,0,0.3660997152328491,"[763, 413, 513, 784, 404]","[0.3660997152328491, 0.06133762001991272, 0.05417291447520256, 0.04288173094391823, 0.03927228972315788]"
base,object,629,679,679,1,0.6997511386871338,"[679, 488, 56, 560, 455]","[0.6997511386871338, 0.12046413868665695, 0.0291066225618124, 0.015418524853885174, 0.0118265300989151]"
base,object,630,426,426,1,0.3633177876472473,"[426, 787, 778, 892, 635]","[0.3633177876472473, 0.2794823944568634, 0.057268042117357254, 0.02609170973300934, 0.017055721953511238]"
base,object,631,583,583,1,0.9793577790260315,"[583, 900, 708, 733, 442]","[0.9793577790260315, 0.007137519773095846, 0.0015290570445358753, 0.0015213884180411696, 0.0013763002352789044]"
base,object,632,637,553,0,0.5422563552856445,"[553, 892, 674, 480, 637]","[0.5422563552856445, 0.07290898263454437, 0.04863886907696724, 0.03553168103098869, 0.03466390073299408]"
base,object,633,571,571,1,0.14453989267349243,"[571, 553, 754, 493, 484]","[0.14453989267349243, 0.06359782069921494, 0.04977152496576309, 0.03501700609922409, 0.033422064036130905]"
base,object,634,737,737,1,0.37904298305511475,"[737, 916, 560, 735, 781]","[0.37904298305511475, 0.10861513763666153, 0.04473355785012245, 0.04343240335583687, 0.02932887338101864]"
base,object,635,463,572,0,0.5656511783599854,"[572, 883, 524, 461, 966]","[0.5656511783599854, 0.17230652272701263, 0.07750451564788818, 0.024486949667334557, 0.021094178780913353]"
base,object,636,520,520,1,0.771107017993927,"[520, 729, 769, 402, 462]","[0.771107017993927, 0.025506384670734406, 0.022082127630710602, 0.015666771680116653, 0.011328887194395065]"
base,object,637,458,458,1,0.2700712978839874,"[458, 414, 921, 610, 711]","[0.2700712978839874, 0.08140826225280762, 0.07217952609062195, 0.07212908565998077, 0.05925966799259186]"
base,object,638,427,545,0,0.04821738228201866,"[545, 464, 900, 538, 710]","[0.04821738228201866, 0.040670692920684814, 0.03478578105568886, 0.03312527760863304, 0.032748863101005554]"
base,object,639,651,605,0,0.22592784464359283,"[605, 771, 754, 742, 778]","[0.22592784464359283, 0.0737234354019165, 0.07079819589853287, 0.052717264741659164, 0.03935570269823074]"
base,object,640,846,892,0,0.11336196959018707,"[892, 846, 619, 872, 831]","[0.11336196959018707, 0.07932467758655548, 0.03623192012310028, 0.032751765102148056, 0.029662663117051125]"
base,object,641,896,532,0,0.07523064315319061,"[532, 896, 755, 813, 618]","[0.07523064315319061, 0.07261303812265396, 0.032781802117824554, 0.026001816615462303, 0.02311316691339016]"
base,object,642,45,701,0,0.31790870428085327,"[701, 42, 783, 841, 45]","[0.31790870428085327, 0.08359933644533157, 0.04770047217607498, 0.04289582371711731, 0.03436499834060669]"
base,object,643,444,671,0,0.8285649418830872,"[671, 444, 535, 665, 870]","[0.8285649418830872, 0.12058877944946289, 0.007025203201919794, 0.006166627164930105, 0.002952843438833952]"
base,object,644,224,199,0,0.38009950518608093,"[199, 224, 233, 177, 256]","[0.38009950518608093, 0.11214009672403336, 0.104378841817379, 0.07775788754224777, 0.048459310084581375]"
base,object,645,738,87,0,0.15646836161613464,"[87, 813, 769, 319, 484]","[0.15646836161613464, 0.12519605457782745, 0.05694323405623436, 0.035482753068208694, 0.031855300068855286]"
base,object,646,495,604,0,0.5472438335418701,"[604, 495, 583, 799, 900]","[0.5472438335418701, 0.2454136162996292, 0.1212504655122757, 0.04379555955529213, 0.009333021007478237]"
base,object,647,354,42,0,0.19364038109779358,"[42, 87, 336, 13, 10]","[0.19364038109779358, 0.11820022761821747, 0.10447420179843903, 0.09659648686647415, 0.039689116179943085]"
base,object,648,315,141,0,0.4551791250705719,"[141, 313, 315, 127, 132]","[0.4551791250705719, 0.31221649050712585, 0.029675887897610664, 0.027585072442889214, 0.024048129096627235]"
base,object,649,728,553,0,0.08296074718236923,"[553, 404, 718, 526, 517]","[0.08296074718236923, 0.07601457834243774, 0.045035090297460556, 0.044578831642866135, 0.0420391708612442]"
base,object,650,715,87,0,0.15646836161613464,"[87, 813, 769, 319, 484]","[0.15646836161613464, 0.12519605457782745, 0.05694323405623436, 0.035482753068208694, 0.031855300068855286]"
base,object,651,284,284,1,0.8351174592971802,"[284, 182, 196, 151, 237]","[0.8351174592971802, 0.0255386121571064, 0.009890120476484299, 0.00892138946801424, 0.007410389371216297]"
base,object,652,295,87,0,0.9919828772544861,"[87, 23, 13, 100, 21]","[0.9919828772544861, 0.0021068649366497993, 0.0016376640414819121, 0.0008461328106932342, 0.00028819809085689485]"
base,object,653,471,701,0,0.09288240224123001,"[701, 87, 16, 783, 758]","[0.09288240224123001, 0.07208278030157089, 0.0284265149384737, 0.024161892011761665, 0.022024013102054596]"
base,object,654,665,665,1,0.8367757201194763,"[665, 671, 670, 444, 880]","[0.8367757201194763, 0.12222182005643845, 0.007659084629267454, 0.006331959273666143, 0.005018487572669983]"
base,object,655,217,81,0,0.14124275743961334,"[81, 239, 217, 19, 152]","[0.14124275743961334, 0.12099870294332504, 0.08524443954229355, 0.05099968984723091, 0.03414184972643852]"
base,object,656,775,775,1,0.11334412544965744,"[775, 728, 887, 614, 883]","[0.11334412544965744, 0.07568211108446121, 0.06799139827489853, 0.061385758221149445, 0.052688855677843094]"
base,object,657,143,701,0,0.10590606927871704,"[701, 319, 87, 81, 11]","[0.10590606927871704, 0.07944060862064362, 0.07846038788557053, 0.059912241995334625, 0.035197995603084564]"
base,object,658,806,701,0,0.7953603267669678,"[701, 818, 517, 748, 600]","[0.7953603267669678, 0.02390436641871929, 0.021304238587617874, 0.01569700427353382, 0.010656782425940037]"
base,object,659,171,171,1,0.8017258048057556,"[171, 178, 676, 151, 172]","[0.8017258048057556, 0.05846749246120453, 0.022998837754130363, 0.019130218774080276, 0.00969962403178215]"
base,object,660,637,851,0,0.1634281426668167,"[851, 707, 846, 480, 886]","[0.1634281426668167, 0.14814968407154083, 0.07597947865724564, 0.06813978403806686, 0.03249770402908325]"
base,object,661,875,701,0,0.13704875111579895,"[701, 600, 892, 143, 783]","[0.13704875111579895, 0.11561724543571472, 0.07847461849451065, 0.050022635608911514, 0.04002092406153679]"
base,object,662,614,614,1,0.735831081867218,"[614, 883, 524, 775, 461]","[0.735831081867218, 0.06723779439926147, 0.05399695038795471, 0.011034371331334114, 0.00966196320950985]"
base,object,663,185,191,0,0.35167914628982544,"[191, 182, 184, 185, 186]","[0.35167914628982544, 0.14214366674423218, 0.11910881847143173, 0.08046465367078781, 0.045956600457429886]"
base,object,664,583,583,1,0.9327499270439148,"[583, 882, 872, 517, 484]","[0.9327499270439148, 0.00669122114777565, 0.005606758873909712, 0.005183144472539425, 0.004619129002094269]"
base,object,665,674,59,0,0.63178551197052,"[59, 674, 812, 814, 701]","[0.63178551197052, 0.0810587927699089, 0.04280833154916763, 0.03016233816742897, 0.027396125718951225]"
base,object,666,198,198,1,0.5347248911857605,"[198, 196, 192, 194, 285]","[0.5347248911857605, 0.16418986022472382, 0.06338939815759659, 0.033574316650629044, 0.027171991765499115]"
base,object,667,571,701,0,0.1561293751001358,"[701, 418, 767, 892, 557]","[0.1561293751001358, 0.08931498974561691, 0.05210810527205467, 0.04870709031820297, 0.03800900653004646]"
base,object,668,870,670,0,0.1414082944393158,"[670, 518, 570, 665, 758]","[0.1414082944393158, 0.14064760506153107, 0.08795066922903061, 0.06688956171274185, 0.05763474851846695]"
base,object,669,614,614,1,0.7593094706535339,"[614, 721, 443, 793, 411]","[0.7593094706535339, 0.02909853495657444, 0.02699008770287037, 0.014958186075091362, 0.01463740598410368]"
base,object,670,822,701,0,0.6170079708099365,"[701, 783, 405, 845, 723]","[0.6170079708099365, 0.04189072921872139, 0.029723068699240685, 0.019820233806967735, 0.0193522647023201]"
base,object,671,216,191,0,0.18595610558986664,"[191, 189, 184, 202, 175]","[0.18595610558986664, 0.16275519132614136, 0.06887315958738327, 0.06196335330605507, 0.044578250497579575]"
base,object,672,209,354,0,0.1250445395708084,"[354, 129, 12, 92, 350]","[0.1250445395708084, 0.0805530920624733, 0.07362453639507294, 0.03847360610961914, 0.03379122540354729]"
base,object,673,775,144,0,0.1725134700536728,"[144, 840, 131, 699, 92]","[0.1725134700536728, 0.07225590944290161, 0.07041220366954803, 0.06682547181844711, 0.06668540835380554]"
base,object,674,559,319,0,0.09338199347257614,"[319, 913, 755, 87, 701]","[0.09338199347257614, 0.06697537004947662, 0.05242522805929184, 0.03877246007323265, 0.0342269092798233]"
base,object,675,830,701,0,0.8205503821372986,"[701, 920, 418, 417, 625]","[0.8205503821372986, 0.02172495797276497, 0.012321773916482925, 0.007234497461467981, 0.005231007933616638]"
base,object,676,532,318,0,0.08584950119256973,"[318, 517, 913, 769, 572]","[0.08584950119256973, 0.07838273793458939, 0.0648273304104805, 0.0350528247654438, 0.030898423865437508]"
base,object,677,233,233,1,0.17751413583755493,"[233, 266, 21, 265, 221]","[0.17751413583755493, 0.1717023253440857, 0.1044805496931076, 0.08830928057432175, 0.08110913634300232]"
base,object,678,765,765,1,0.7712719440460205,"[765, 520, 583, 553, 664]","[0.7712719440460205, 0.03598518297076225, 0.03160426765680313, 0.019153278321027756, 0.01542746089398861]"
base,object,679,428,604,0,0.14018596708774567,"[604, 754, 583, 572, 710]","[0.14018596708774567, 0.08102601021528244, 0.055698879063129425, 0.03808431699872017, 0.037818800657987595]"
base,object,680,765,701,0,0.07715216279029846,"[701, 418, 75, 783, 892]","[0.07715216279029846, 0.04561634361743927, 0.04447031766176224, 0.04437880963087082, 0.03642605245113373]"
base,object,681,420,138,0,0.40333637595176697,"[138, 701, 679, 418, 584]","[0.40333637595176697, 0.04823321849107742, 0.03228171542286873, 0.03193052113056183, 0.028828546404838562]"
base,object,682,571,892,0,0.2023441642522812,"[892, 517, 453, 583, 872]","[0.2023441642522812, 0.09117809683084488, 0.051463864743709564, 0.03332429751753807, 0.027533702552318573]"
base,object,683,177,94,0,0.6099100112915039,"[94, 87, 141, 13, 10]","[0.6099100112915039, 0.08076392859220505, 0.06088856980204582, 0.04691782221198082, 0.032959096133708954]"
base,object,684,846,846,1,0.2882687449455261,"[846, 420, 319, 701, 619]","[0.2882687449455261, 0.09231195598840714, 0.08270687609910965, 0.06080802530050278, 0.033416759222745895]"
base,object,685,236,11,0,0.456913024187088,"[11, 10, 90, 21, 524]","[0.456913024187088, 0.0984087735414505, 0.04868312552571297, 0.031126342713832855, 0.02725861966609955]"
base,object,686,201,81,0,0.06198934093117714,"[81, 87, 10, 13, 628]","[0.06198934093117714, 0.04471508413553238, 0.04291835054755211, 0.04231050983071327, 0.03954259678721428]"
base,object,687,953,42,0,0.710507869720459,"[42, 39, 319, 307, 141]","[0.710507869720459, 0.06694425642490387, 0.03454715013504028, 0.034098293632268906, 0.024304406717419624]"
base,object,688,637,748,0,0.05318579450249672,"[748, 892, 844, 920, 553]","[0.05318579450249672, 0.05305524542927742, 0.052018094807863235, 0.04779069870710373, 0.04498383775353432]"
base,object,689,420,138,0,0.281318336725235,"[138, 701, 89, 418, 81]","[0.281318336725235, 0.20864993333816528, 0.03614240512251854, 0.027560221031308174, 0.026378829032182693]"
base,object,690,602,602,1,0.30562618374824524,"[602, 456, 702, 600, 733]","[0.30562618374824524, 0.1423662304878235, 0.11890800297260284, 0.07657738775014877, 0.0746452808380127]"
base,object,691,806,862,0,0.10548683255910873,"[862, 701, 883, 723, 840]","[0.10548683255910873, 0.07253164798021317, 0.06424368917942047, 0.04509535804390907, 0.03681999444961548]"
base,object,692,608,132,0,0.31277215480804443,"[132, 911, 610, 721, 117]","[0.31277215480804443, 0.04607998579740524, 0.044390760362148285, 0.04004373028874397, 0.02937520667910576]"
base,object,693,775,21,0,0.13802076876163483,"[21, 677, 701, 23, 138]","[0.13802076876163483, 0.11141471564769745, 0.11112121492624283, 0.07778794318437576, 0.041155554354190826]"
base,object,694,614,701,0,0.26826557517051697,"[701, 584, 42, 308, 138]","[0.26826557517051697, 0.07414396107196808, 0.05581430718302727, 0.05579511821269989, 0.05543425306677818]"
base,object,695,728,702,0,0.12424687296152115,"[702, 493, 851, 731, 553]","[0.12424687296152115, 0.11606268584728241, 0.07754924148321152, 0.06354054063558578, 0.04919838532805443]"
base,object,696,836,701,0,0.32825610041618347,"[701, 87, 417, 769, 405]","[0.32825610041618347, 0.09619688987731934, 0.03231097757816315, 0.03135567903518677, 0.02843926101922989]"
base,object,697,361,783,0,0.15717266499996185,"[783, 19, 81, 368, 143]","[0.15717266499996185, 0.14874564111232758, 0.07992058247327805, 0.06973250955343246, 0.053133487701416016]"
base,object,698,842,701,0,0.8450438380241394,"[701, 405, 920, 418, 520]","[0.8450438380241394, 0.011864789761602879, 0.009548735804855824, 0.006681296043097973, 0.0053879264742136]"
base,object,699,444,748,0,0.06965018063783646,"[748, 828, 600, 701, 892]","[0.06965018063783646, 0.05832836776971817, 0.057601448148489, 0.0494462326169014, 0.045706070959568024]"
base,object,700,364,47,0,0.28951531648635864,"[47, 43, 354, 42, 291]","[0.28951531648635864, 0.2607135474681854, 0.062391120940446854, 0.03642630577087402, 0.020211396738886833]"
base,object,701,707,898,0,0.06926080584526062,"[898, 892, 872, 572, 804]","[0.06926080584526062, 0.05083906650543213, 0.0403505302965641, 0.035135701298713684, 0.02841765061020851]"
base,object,702,151,235,0,0.21203452348709106,"[235, 187, 354, 182, 225]","[0.21203452348709106, 0.11348264664411545, 0.07901819050312042, 0.07472670078277588, 0.05559385195374489]"
base,object,703,765,781,0,0.18746179342269897,"[781, 791, 900, 755, 807]","[0.18746179342269897, 0.11729013174772263, 0.09494177997112274, 0.05585098639130592, 0.0349058173596859]"
base,object,704,571,442,0,0.21385017037391663,"[442, 768, 592, 560, 892]","[0.21385017037391663, 0.15076416730880737, 0.10923221707344055, 0.05181945115327835, 0.043551914393901825]"
base,object,705,197,22,0,0.2263956218957901,"[22, 23, 42, 16, 350]","[0.2263956218957901, 0.1480097472667694, 0.09365737438201904, 0.07443363219499588, 0.03870964050292969]"
base,object,706,681,87,0,0.1142987310886383,"[87, 128, 701, 127, 129]","[0.1142987310886383, 0.08882391452789307, 0.08106811344623566, 0.06078548729419708, 0.028467921540141106]"
base,object,707,382,10,0,0.1891942173242569,"[10, 701, 883, 448, 64]","[0.1891942173242569, 0.1552324742078781, 0.07134148478507996, 0.06976540386676788, 0.037510696798563004]"
base,object,708,765,520,0,0.12344346940517426,"[520, 699, 519, 532, 711]","[0.12344346940517426, 0.11960547417402267, 0.07072865962982178, 0.0510648675262928, 0.0466642901301384]"
base,object,709,559,448,0,0.09555505216121674,"[448, 144, 754, 755, 600]","[0.09555505216121674, 0.0851486474275589, 0.04906131327152252, 0.04622811824083328, 0.033015020191669464]"
base,object,710,708,42,0,0.11685661226511002,"[42, 628, 10, 319, 13]","[0.11685661226511002, 0.09340076893568039, 0.09018287807703018, 0.04936976358294487, 0.04230546951293945]"
base,object,711,202,129,0,0.47930821776390076,"[129, 216, 202, 189, 178]","[0.47930821776390076, 0.2348116636276245, 0.04577559605240822, 0.029993552714586258, 0.01634073071181774]"
base,object,712,469,87,0,0.25439050793647766,"[87, 863, 524, 461, 570]","[0.25439050793647766, 0.09117832779884338, 0.09020230174064636, 0.049564044922590256, 0.030704012140631676]"
base,object,713,875,420,0,0.1355135142803192,"[420, 818, 875, 618, 701]","[0.1355135142803192, 0.08160138875246048, 0.08056546002626419, 0.043229732662439346, 0.030990255996584892]"
base,object,714,284,284,1,0.4615997076034546,"[284, 129, 178, 159, 171]","[0.4615997076034546, 0.1215859204530716, 0.08959987014532089, 0.04034290090203285, 0.03659860044717789]"
base,object,715,199,87,0,0.16591636836528778,"[87, 21, 23, 22, 128]","[0.16591636836528778, 0.15639138221740723, 0.11753939092159271, 0.10279830545186996, 0.06196141988039017]"
base,object,716,529,89,0,0.13147369027137756,"[89, 755, 87, 898, 701]","[0.13147369027137756, 0.08453763276338577, 0.037872686982154846, 0.03340572118759155, 0.025179604068398476]"
base,object,717,157,89,0,0.34827104210853577,"[89, 701, 129, 277, 11]","[0.34827104210853577, 0.17870989441871643, 0.06083736941218376, 0.05524813383817673, 0.05266542360186577]"
base,object,718,850,938,0,0.1892494410276413,"[938, 850, 21, 8, 47]","[0.1892494410276413, 0.09606924653053284, 0.07122232019901276, 0.07092612236738205, 0.05935544893145561]"
base,object,719,529,87,0,0.1497044712305069,"[87, 813, 402, 418, 755]","[0.1497044712305069, 0.07036802172660828, 0.07002469897270203, 0.045947298407554626, 0.0233614519238472]"
base,object,720,186,21,0,0.20624691247940063,"[21, 225, 151, 182, 87]","[0.20624691247940063, 0.0999550148844719, 0.061004627496004105, 0.027845218777656555, 0.027609005570411682]"
base,object,721,361,361,1,0.7085214257240295,"[361, 87, 989, 93, 10]","[0.7085214257240295, 0.09981243312358856, 0.02918259985744953, 0.019954664632678032, 0.005992996506392956]"
base,object,722,684,87,0,0.8415188193321228,"[87, 850, 496, 326, 324]","[0.8415188193321228, 0.023646486923098564, 0.013523012399673462, 0.01261654868721962, 0.008675825782120228]"
base,object,723,846,831,0,0.9255434274673462,"[831, 846, 750, 519, 419]","[0.9255434274673462, 0.007212195545434952, 0.006912785116583109, 0.006698078941553831, 0.0037710813339799643]"
base,object,724,156,129,0,0.28108224272727966,"[129, 11, 92, 989, 993]","[0.28108224272727966, 0.26790276169776917, 0.2004496455192566, 0.022504158318042755, 0.017823180183768272]"
base,object,725,175,90,0,0.2685885727405548,"[90, 701, 129, 938, 301]","[0.2685885727405548, 0.22186651825904846, 0.0719202309846878, 0.028125448152422905, 0.025997379794716835]"
base,object,726,258,258,1,0.18997816741466522,"[258, 153, 89, 259, 260]","[0.18997816741466522, 0.17219281196594238, 0.1673886626958847, 0.1609928458929062, 0.04104320704936981]"
base,object,727,254,243,0,0.6727606654167175,"[243, 254, 9, 234, 21]","[0.6727606654167175, 0.08675169199705124, 0.030421849340200424, 0.027190247550606728, 0.021920980885624886]"
base,object,728,529,701,0,0.327861487865448,"[701, 22, 129, 90, 11]","[0.327861487865448, 0.22080016136169434, 0.12963198125362396, 0.10480471700429916, 0.03607754409313202]"
base,object,729,267,181,0,0.3566780984401703,"[181, 298, 87, 267, 850]","[0.3566780984401703, 0.06977901607751846, 0.06584279239177704, 0.042688798159360886, 0.03890612721443176]"
base,object,730,257,87,0,0.18898038566112518,"[87, 356, 31, 850, 153]","[0.18898038566112518, 0.08244957774877548, 0.028720084577798843, 0.027002133429050446, 0.026381725445389748]"
base,object,731,529,138,0,0.1533600389957428,"[138, 701, 405, 129, 127]","[0.1533600389957428, 0.10363271832466125, 0.04636315628886223, 0.04397018626332283, 0.04374931380152702]"
base,object,732,765,765,1,0.972318172454834,"[765, 604, 532, 883, 846]","[0.972318172454834, 0.0033678708132356405, 0.0024670977145433426, 0.002224844414740801, 0.001611031824722886]"
base,object,733,532,701,0,0.04728591814637184,"[701, 532, 319, 783, 769]","[0.04728591814637184, 0.041755590587854385, 0.034736182540655136, 0.03092997707426548, 0.030253060162067413]"
base,object,734,227,16,0,0.1999211609363556,"[16, 367, 23, 21, 22]","[0.1999211609363556, 0.16991767287254333, 0.0785304382443428, 0.06260574609041214, 0.035661544650793076]"
base,object,735,520,520,1,0.91331547498703,"[520, 516, 421, 453, 765]","[0.91331547498703, 0.029438409954309464, 0.016262473538517952, 0.008855508640408516, 0.006012199446558952]"
base,object,736,999,532,0,0.1328718364238739,"[532, 596, 742, 831, 851]","[0.1328718364238739, 0.09451191872358322, 0.08662890642881393, 0.061552178114652634, 0.037934400141239166]"
base,object,737,174,23,0,0.1756221055984497,"[23, 21, 129, 350, 94]","[0.1756221055984497, 0.15926074981689453, 0.046149224042892456, 0.042455583810806274, 0.038966938853263855]"
base,object,738,841,448,0,0.16391614079475403,"[448, 524, 93, 841, 617]","[0.16391614079475403, 0.09158124029636383, 0.0644519254565239, 0.05080840736627579, 0.04930002987384796]"
base,object,739,846,701,0,0.8468194603919983,"[701, 417, 610, 846, 841]","[0.8468194603919983, 0.06642057001590729, 0.009770404547452927, 0.008795415051281452, 0.008352169767022133]"
base,object,740,999,416,0,0.09790267795324326,"[416, 583, 812, 644, 484]","[0.09790267795324326, 0.0489906407892704, 0.04445218667387962, 0.03288199380040169, 0.032205890864133835]"
base,object,741,258,22,0,0.4597507119178772,"[22, 87, 356, 89, 153]","[0.4597507119178772, 0.1351006180047989, 0.08791223168373108, 0.052972398698329926, 0.033158667385578156]"
base,object,742,851,416,0,0.11787625402212143,"[416, 557, 405, 422, 845]","[0.11787625402212143, 0.08647038042545319, 0.06060728803277016, 0.04052881523966789, 0.0389225073158741]"
base,object,743,423,423,1,0.786309003829956,"[423, 604, 524, 758, 872]","[0.786309003829956, 0.0566805861890316, 0.016265345737338066, 0.01417909562587738, 0.01252056285738945]"
base,object,744,233,100,0,0.1386781632900238,"[100, 183, 94, 316, 24]","[0.1386781632900238, 0.13297317922115326, 0.11982347071170807, 0.09208560734987259, 0.035067807883024216]"
base,object,745,253,89,0,0.2669537365436554,"[89, 171, 16, 173, 354]","[0.2669537365436554, 0.12047209590673447, 0.08491691201925278, 0.045063309371471405, 0.04110502079129219]"
base,object,746,655,701,0,0.11889088898897171,"[701, 129, 144, 777, 583]","[0.11889088898897171, 0.052553582936525345, 0.03928639367222786, 0.03460206091403961, 0.02377537451684475]"
base,object,747,422,405,0,0.19552911818027496,"[405, 404, 895, 128, 131]","[0.19552911818027496, 0.07883089035749435, 0.07379927486181259, 0.06634372472763062, 0.03903649374842644]"
base,object,748,765,920,0,0.3549374043941498,"[920, 557, 892, 506, 553]","[0.3549374043941498, 0.07262122631072998, 0.06353986263275146, 0.04182354360818863, 0.03832709789276123]"
base,object,749,545,545,1,0.3930743336677551,"[545, 560, 506, 883, 787]","[0.3930743336677551, 0.09872642159461975, 0.054246559739112854, 0.04362288862466812, 0.04260098934173584]"
base,object,750,841,129,0,0.4235572814941406,"[129, 94, 23, 600, 701]","[0.4235572814941406, 0.05817554146051407, 0.05136074125766754, 0.0484972819685936, 0.03921912610530853]"
base,object,751,655,769,0,0.0821499302983284,"[769, 553, 846, 499, 813]","[0.0821499302983284, 0.06808020919561386, 0.045381974428892136, 0.04087107256054878, 0.03933992236852646]"
base,object,752,846,701,0,0.3747098743915558,"[701, 841, 417, 87, 42]","[0.3747098743915558, 0.06326540559530258, 0.026425890624523163, 0.023907795548439026, 0.020427631214261055]"
base,object,753,999,461,0,0.08996085822582245,"[461, 804, 587, 883, 664]","[0.08996085822582245, 0.08838026225566864, 0.05949481576681137, 0.04595883563160896, 0.04335538297891617]"
base,object,754,841,11,0,0.2976831793785095,"[11, 89, 129, 132, 127]","[0.2976831793785095, 0.1561298370361328, 0.11650727689266205, 0.036480434238910675, 0.02390902303159237]"
base,object,755,655,701,0,0.32507985830307007,"[701, 42, 319, 418, 584]","[0.32507985830307007, 0.1752031147480011, 0.0711664929986, 0.05972226336598396, 0.044889964163303375]"
base,object,756,579,315,0,0.581992506980896,"[315, 908, 812, 895, 127]","[0.581992506980896, 0.08927297592163086, 0.07164739072322845, 0.021653998643159866, 0.018618803471326828]"
base,object,757,198,198,1,0.2537887692451477,"[198, 87, 196, 174, 285]","[0.2537887692451477, 0.1600305289030075, 0.1148388460278511, 0.046441320329904556, 0.04306526109576225]"
base,object,758,614,701,0,0.27054181694984436,"[701, 614, 524, 461, 883]","[0.27054181694984436, 0.09160935133695602, 0.07440411299467087, 0.06189962476491928, 0.0511048249900341]"
base,object,759,689,88,0,0.33416375517845154,"[88, 552, 452, 14, 903]","[0.33416375517845154, 0.22432148456573486, 0.07978058606386185, 0.07081742584705353, 0.057975661009550095]"
base,object,760,863,863,1,0.22560393810272217,"[863, 708, 514, 883, 572]","[0.22560393810272217, 0.15451358258724213, 0.13505980372428894, 0.10582247376441956, 0.051615677773952484]"
base,object,761,851,892,0,0.10263568162918091,"[892, 556, 742, 553, 620]","[0.10263568162918091, 0.06250976026058197, 0.04659871384501457, 0.03792352229356766, 0.03424249589443207]"
base,object,762,444,444,1,0.9681419134140015,"[444, 671, 870, 701, 723]","[0.9681419134140015, 0.013999344781041145, 0.005694137886166573, 0.0018733005272224545, 0.001167459529824555]"
base,object,763,230,93,0,0.20429904758930206,"[93, 18, 16, 19, 127]","[0.20429904758930206, 0.10260102897882462, 0.0869191363453865, 0.07416508346796036, 0.060648851096630096]"
base,object,764,254,127,0,0.306764155626297,"[127, 89, 129, 21, 132]","[0.306764155626297, 0.23936335742473602, 0.17685756087303162, 0.01573288068175316, 0.013433471322059631]"
base,object,765,199,199,1,0.49725332856178284,"[199, 196, 233, 183, 198]","[0.49725332856178284, 0.22033415734767914, 0.1262778341770172, 0.027475226670503616, 0.022214367985725403]"
base,object,766,493,553,0,0.2912246882915497,"[553, 526, 423, 754, 742]","[0.2912246882915497, 0.2207830250263214, 0.04634913057088852, 0.046087268739938736, 0.030436590313911438]"
base,object,767,882,319,0,0.2979041337966919,"[319, 42, 92, 15, 86]","[0.2979041337966919, 0.07547101378440857, 0.06570130586624146, 0.0367748998105526, 0.03299267590045929]"
base,object,768,739,459,0,0.10683748871088028,"[459, 92, 522, 416, 952]","[0.10683748871088028, 0.07913053780794144, 0.05533056706190109, 0.047386862337589264, 0.046858709305524826]"
base,object,769,846,701,0,0.3685581088066101,"[701, 846, 619, 499, 883]","[0.3685581088066101, 0.13366353511810303, 0.04565056040883064, 0.018696514889597893, 0.017912855371832848]"
base,object,770,614,614,1,0.3493756949901581,"[614, 883, 645, 321, 863]","[0.3493756949901581, 0.11484503746032715, 0.049770817160606384, 0.040780045092105865, 0.02459426410496235]"
base,object,771,579,517,0,0.2250935286283493,"[517, 87, 701, 872, 572]","[0.2250935286283493, 0.05964452773332596, 0.04260103031992912, 0.03717847540974617, 0.034937139600515366]"
base,object,772,882,701,0,0.1873977929353714,"[701, 319, 127, 92, 144]","[0.1873977929353714, 0.13112489879131317, 0.06209574267268181, 0.050958484411239624, 0.04856162518262863]"
base,object,773,778,129,0,0.15541930496692657,"[129, 326, 23, 409, 892]","[0.15541930496692657, 0.09500619024038315, 0.0744076818227768, 0.06366982311010361, 0.03893609717488289]"
base,object,774,882,872,0,0.20543701946735382,"[872, 600, 524, 461, 402]","[0.20543701946735382, 0.07033346593379974, 0.05562540516257286, 0.0511685386300087, 0.050545983016490936]"
base,object,775,550,892,0,0.1725035458803177,"[892, 418, 920, 701, 769]","[0.1725035458803177, 0.06970508396625519, 0.06467236578464508, 0.04716324061155319, 0.033398471772670746]"
base,object,776,284,89,0,0.615900993347168,"[89, 132, 127, 94, 21]","[0.615900993347168, 0.03904891386628151, 0.03315678611397743, 0.031074516475200653, 0.020657021552324295]"
base,object,777,851,598,0,0.9015904664993286,"[598, 920, 851, 664, 548]","[0.9015904664993286, 0.04380037635564804, 0.009978401474654675, 0.007309034466743469, 0.005347934551537037]"
base,object,778,651,87,0,0.06399267911911011,"[87, 534, 769, 813, 402]","[0.06399267911911011, 0.059290263801813126, 0.043342556804418564, 0.03397922217845917, 0.023569324985146523]"
base,object,779,681,526,0,0.28339651226997375,"[526, 553, 742, 878, 517]","[0.28339651226997375, 0.08602350950241089, 0.06893322616815567, 0.056622251868247986, 0.05573536455631256]"
base,object,780,420,132,0,0.2787044942378998,"[132, 138, 129, 89, 127]","[0.2787044942378998, 0.21600812673568726, 0.08668000996112823, 0.05886423960328102, 0.05482728034257889]"
base,object,781,532,895,0,0.23399175703525543,"[895, 404, 583, 908, 532]","[0.23399175703525543, 0.15714049339294434, 0.08927452564239502, 0.0406920425593853, 0.03273085877299309]"
base,object,782,423,423,1,0.10653844475746155,"[423, 710, 765, 899, 505]","[0.10653844475746155, 0.05928954854607582, 0.04927996173501015, 0.04635613411664963, 0.040106259286403656]"
base,object,783,201,93,0,0.13195976614952087,"[93, 953, 12, 196, 138]","[0.13195976614952087, 0.12701839208602905, 0.09110108762979507, 0.07641594111919403, 0.07143987715244293]"
base,object,784,690,513,0,0.12579084932804108,"[513, 45, 354, 586, 895]","[0.12579084932804108, 0.1212051510810852, 0.09185671806335449, 0.04799531772732735, 0.042582057416439056]"
base,object,785,807,87,0,0.20126016438007355,"[87, 755, 807, 448, 319]","[0.20126016438007355, 0.14937612414360046, 0.07413910329341888, 0.0544716976583004, 0.04002484306693077]"
base,object,786,836,413,0,0.14272841811180115,"[413, 128, 93, 570, 895]","[0.14272841811180115, 0.07510901987552643, 0.07500572502613068, 0.062461692839860916, 0.04697692394256592]"
base,object,787,779,779,1,0.8290192484855652,"[779, 740, 625, 404, 593]","[0.8290192484855652, 0.01688035950064659, 0.0145589429885149, 0.01308645959943533, 0.00950902234762907]"
base,object,788,872,92,0,0.22319677472114563,"[92, 319, 320, 517, 127]","[0.22319677472114563, 0.21924200654029846, 0.11397536098957062, 0.057495612651109695, 0.051543254405260086]"
base,object,789,516,431,0,0.4985921084880829,"[431, 89, 516, 601, 452]","[0.4985921084880829, 0.12309836596250534, 0.10610051453113556, 0.07216043025255203, 0.022971201688051224]"
base,object,790,807,553,0,0.16742202639579773,"[553, 448, 442, 437, 892]","[0.16742202639579773, 0.11973731219768524, 0.04485146328806877, 0.0265976469963789, 0.024161886423826218]"
base,object,791,880,87,0,0.15931247174739838,"[87, 600, 783, 892, 677]","[0.15931247174739838, 0.07640736550092697, 0.06940300762653351, 0.0387108288705349, 0.03609143942594528]"
base,object,792,678,701,0,0.3522369861602783,"[701, 87, 587, 804, 812]","[0.3522369861602783, 0.09706936031579971, 0.020223652943968773, 0.020005956292152405, 0.018891792744398117]"
base,object,793,603,763,0,0.43043550848960876,"[763, 701, 740, 354, 758]","[0.43043550848960876, 0.05444352328777313, 0.04896341264247894, 0.034809112548828125, 0.03289069980382919]"
base,object,794,665,701,0,0.834154486656189,"[701, 417, 288, 42, 23]","[0.834154486656189, 0.022285206243395805, 0.008804400451481342, 0.007876727730035782, 0.007516398560255766]"
base,object,795,541,701,0,0.6969552040100098,"[701, 783, 143, 895, 841]","[0.6969552040100098, 0.0166015587747097, 0.015576271340250969, 0.014759896323084831, 0.01110761146992445]"
base,object,796,704,416,0,0.19337162375450134,"[416, 132, 572, 417, 87]","[0.19337162375450134, 0.08582253754138947, 0.08408733457326889, 0.04621291905641556, 0.04263167828321457]"
base,object,797,770,770,1,0.39543119072914124,"[770, 64, 31, 774, 51]","[0.39543119072914124, 0.2511374056339264, 0.03219645097851753, 0.0314834825694561, 0.019560931250452995]"
base,object,798,428,701,0,0.44563886523246765,"[701, 418, 662, 804, 872]","[0.44563886523246765, 0.0722411572933197, 0.031087027862668037, 0.021958816796541214, 0.02116885408759117]"
base,object,799,637,42,0,0.11281838268041611,"[42, 319, 92, 701, 15]","[0.11281838268041611, 0.11126192659139633, 0.08279477804899216, 0.03823336213827133, 0.03374249115586281]"
base,object,800,879,461,0,0.0841844230890274,"[461, 491, 787, 524, 87]","[0.0841844230890274, 0.06415306776762009, 0.04988454282283783, 0.046975817531347275, 0.03828081116080284]"
base,object,801,869,671,0,0.3182831108570099,"[671, 787, 880, 80, 87]","[0.3182831108570099, 0.2855052947998047, 0.1321907341480255, 0.03690140321850777, 0.03349640965461731]"
base,object,802,690,38,0,0.0962289497256279,"[38, 42, 354, 701, 80]","[0.0962289497256279, 0.053505029529333115, 0.04918511584401131, 0.04868072643876076, 0.027843110263347626]"
base,object,803,822,628,0,0.10047135502099991,"[628, 755, 503, 913, 532]","[0.10047135502099991, 0.04788767546415329, 0.04446514695882797, 0.04119737818837166, 0.030386455357074738]"
base,object,804,880,701,0,0.054374661296606064,"[701, 668, 416, 87, 812]","[0.054374661296606064, 0.04789901152253151, 0.04034091904759407, 0.04008397459983826, 0.03617357462644577]"
base,object,805,612,92,0,0.1293661892414093,"[92, 319, 129, 93, 420]","[0.1293661892414093, 0.10843702405691147, 0.07310841977596283, 0.06193109229207039, 0.04702769219875336]"
base,object,806,879,461,0,0.12543104588985443,"[461, 51, 783, 112, 570]","[0.12543104588985443, 0.10480096936225891, 0.055731985718011856, 0.04513940215110779, 0.04475979134440422]"
base,object,807,603,730,0,0.2136894315481186,"[730, 603, 872, 870, 532]","[0.2136894315481186, 0.2075069546699524, 0.06821709871292114, 0.05576097220182419, 0.049843911081552505]"
base,object,808,707,701,0,0.16623331606388092,"[701, 418, 677, 783, 767]","[0.16623331606388092, 0.14290589094161987, 0.09576587378978729, 0.04548060521483421, 0.04178636893630028]"
base,object,809,751,584,0,0.4488217234611511,"[584, 856, 730, 555, 866]","[0.4488217234611511, 0.12061408907175064, 0.06244785338640213, 0.029845567420125008, 0.029217461124062538]"
base,object,810,407,407,1,0.6458157300949097,"[407, 436, 734, 468, 817]","[0.6458157300949097, 0.16201569139957428, 0.06550990790128708, 0.04504207521677017, 0.023693058639764786]"
base,object,811,791,701,0,0.0759626179933548,"[701, 846, 42, 883, 319]","[0.0759626179933548, 0.07538211345672607, 0.057459667325019836, 0.055785853415727615, 0.04498458653688431]"
base,object,812,645,783,0,0.08200620114803314,"[783, 845, 677, 668, 701]","[0.08200620114803314, 0.06039940193295479, 0.04997992515563965, 0.042250245809555054, 0.04002895951271057]"
base,object,813,879,701,0,0.3572193682193756,"[701, 584, 38, 988, 141]","[0.3572193682193756, 0.037303101271390915, 0.03506145998835564, 0.027396518737077713, 0.024780914187431335]"
base,object,814,612,872,0,0.42524823546409607,"[872, 494, 604, 843, 733]","[0.42524823546409607, 0.1518932282924652, 0.07524324208498001, 0.06872714310884476, 0.053538642823696136]"
base,object,815,468,625,0,0.3655930757522583,"[625, 740, 701, 864, 354]","[0.3655930757522583, 0.12955647706985474, 0.09435417503118515, 0.02827155590057373, 0.027992459014058113]"
base,object,816,603,812,0,0.1380990445613861,"[812, 513, 699, 461, 776]","[0.1380990445613861, 0.10110299289226532, 0.05626408010721207, 0.03976494073867798, 0.03019489161670208]"
base,object,817,670,518,0,0.10900970548391342,"[518, 560, 880, 870, 671]","[0.10900970548391342, 0.07755856961011887, 0.0627279132604599, 0.05826050043106079, 0.046239033341407776]"
base,object,818,468,701,0,0.7011685371398926,"[701, 740, 416, 417, 87]","[0.7011685371398926, 0.04154923930764198, 0.01526334136724472, 0.008662083186209202, 0.00643334211781621]"
base,object,819,830,733,0,0.08735044300556183,"[733, 503, 701, 517, 872]","[0.08735044300556183, 0.032259341329336166, 0.029943671077489853, 0.029910236597061157, 0.027868282049894333]"
base,object,820,670,701,0,0.4866296648979187,"[701, 417, 301, 920, 740]","[0.4866296648979187, 0.07123532891273499, 0.04101572185754776, 0.036140818148851395, 0.034366171807050705]"
base,object,821,807,742,0,0.14183717966079712,"[742, 423, 786, 437, 818]","[0.14183717966079712, 0.049670349806547165, 0.04649275913834572, 0.03631964698433876, 0.03607382997870445]"
base,object,822,602,87,0,0.1266622245311737,"[87, 319, 533, 769, 402]","[0.1266622245311737, 0.04124773293733597, 0.03740484640002251, 0.03500601276755333, 0.031284574419260025]"
base,object,823,439,701,0,0.25412923097610474,"[701, 22, 21, 23, 128]","[0.25412923097610474, 0.13643494248390198, 0.11204555630683899, 0.09404360502958298, 0.06466814875602722]"
base,object,824,198,198,1,0.20730431377887726,"[198, 196, 282, 192, 21]","[0.20730431377887726, 0.20091167092323303, 0.09679071605205536, 0.08475133031606674, 0.051166970282793045]"
base,object,825,559,89,0,0.4975862205028534,"[89, 946, 21, 944, 953]","[0.4975862205028534, 0.16435308754444122, 0.04522477462887764, 0.017053138464689255, 0.01647324301302433]"
base,object,826,919,677,0,0.12005604803562164,"[677, 845, 456, 733, 701]","[0.12005604803562164, 0.08921578526496887, 0.04827708378434181, 0.046566057950258255, 0.04449298605322838]"
base,object,827,665,701,0,0.3763664960861206,"[701, 42, 321, 15, 783]","[0.3763664960861206, 0.3477068841457367, 0.02763775736093521, 0.018715163692831993, 0.01683572307229042]"
base,object,828,919,701,0,0.30357396602630615,"[701, 920, 143, 895, 22]","[0.30357396602630615, 0.16385099291801453, 0.10507005453109741, 0.09206358343362808, 0.08521029353141785]"
base,object,829,557,600,0,0.06552548706531525,"[600, 128, 129, 701, 132]","[0.06552548706531525, 0.05648967996239662, 0.047151658684015274, 0.04668436944484711, 0.043460678309202194]"
base,object,830,864,701,0,0.36350589990615845,"[701, 584, 783, 812, 56]","[0.36350589990615845, 0.09974119067192078, 0.04327317699790001, 0.02894160896539688, 0.028892092406749725]"
base,object,831,880,600,0,0.18692150712013245,"[600, 557, 442, 432, 880]","[0.18692150712013245, 0.08073191344738007, 0.04615257680416107, 0.03586220741271973, 0.028865283355116844]"
base,object,832,870,701,0,0.21130363643169403,"[701, 610, 417, 841, 418]","[0.21130363643169403, 0.1740332394838333, 0.04153916612267494, 0.04009958729147911, 0.03680283576250076]"
base,object,833,439,783,0,0.2368735522031784,"[783, 404, 895, 812, 701]","[0.2368735522031784, 0.23215779662132263, 0.10859847813844681, 0.08408358693122864, 0.049690522253513336]"
base,object,834,728,701,0,0.8525443077087402,"[701, 89, 22, 417, 610]","[0.8525443077087402, 0.03330668807029724, 0.008991142734885216, 0.008307254873216152, 0.00564595777541399]"
base,object,835,920,701,0,0.24415911734104156,"[701, 920, 841, 610, 662]","[0.24415911734104156, 0.11061480641365051, 0.06357692182064056, 0.060368817299604416, 0.045764099806547165]"
base,object,836,608,701,0,0.2011159211397171,"[701, 697, 417, 572, 89]","[0.2011159211397171, 0.0516832135617733, 0.03259053826332092, 0.03252480924129486, 0.022306427359580994]"
base,object,837,919,701,0,0.317754864692688,"[701, 418, 783, 920, 767]","[0.317754864692688, 0.06676236540079117, 0.04959356412291527, 0.03848562762141228, 0.03735402226448059]"
base,object,838,612,621,0,0.08058547973632812,"[621, 560, 701, 518, 787]","[0.08058547973632812, 0.06887262314558029, 0.054997045546770096, 0.0548710972070694, 0.04572107642889023]"
base,object,839,919,701,0,0.2798789441585541,"[701, 419, 781, 610, 692]","[0.2798789441585541, 0.05722817778587341, 0.051272545009851456, 0.03841584920883179, 0.02816239558160305]"
base,object,840,571,846,0,0.08580371737480164,"[846, 553, 423, 892, 583]","[0.08580371737480164, 0.07115481793880463, 0.059280190616846085, 0.045143987983465195, 0.0438709631562233]"
base,object,841,575,701,0,0.11771584302186966,"[701, 892, 664, 496, 520]","[0.11771584302186966, 0.11511832475662231, 0.04770791903138161, 0.026150383055210114, 0.020431194454431534]"
base,object,842,870,701,0,0.05022016167640686,"[701, 503, 804, 846, 828]","[0.05022016167640686, 0.03187136724591255, 0.026464860886335373, 0.023326052352786064, 0.023095589131116867]"
base,object,843,919,319,0,0.21754050254821777,"[319, 769, 813, 686, 418]","[0.21754050254821777, 0.08240747451782227, 0.048949554562568665, 0.02711840532720089, 0.02593480609357357]"
base,object,844,879,701,0,0.9014484286308289,"[701, 325, 443, 417, 841]","[0.9014484286308289, 0.012223459780216217, 0.009044796228408813, 0.004800408147275448, 0.004770992789417505]"
base,object,845,690,87,0,0.20223164558410645,"[87, 701, 23, 131, 92]","[0.20223164558410645, 0.13153240084648132, 0.05283463001251221, 0.0408693328499794, 0.03889067471027374]"
base,object,846,879,129,0,0.13884319365024567,"[129, 701, 131, 128, 127]","[0.13884319365024567, 0.11058159917593002, 0.09132526814937592, 0.06767258048057556, 0.0490054227411747]"
base,object,847,412,892,0,0.0941668301820755,"[892, 771, 448, 920, 617]","[0.0941668301820755, 0.07747850567102432, 0.07340382039546967, 0.06785079836845398, 0.03745654970407486]"
base,object,848,412,769,0,0.27351221442222595,"[769, 496, 553, 893, 748]","[0.27351221442222595, 0.09055381268262863, 0.08713053166866302, 0.07328992336988449, 0.0396975614130497]"
base,object,849,751,751,1,0.33342915773391724,"[751, 511, 447, 471, 730]","[0.33342915773391724, 0.28239721059799194, 0.0894165188074112, 0.03449168801307678, 0.02763812057673931]"
base,object,850,489,557,0,0.4175889194011688,"[557, 733, 840, 474, 750]","[0.4175889194011688, 0.2323622852563858, 0.08880244195461273, 0.02838277816772461, 0.02234029769897461]"
base,object,851,223,128,0,0.07082723826169968,"[128, 872, 13, 87, 91]","[0.07082723826169968, 0.06987504661083221, 0.05139048025012016, 0.040413856506347656, 0.03051811456680298]"
base,object,852,603,603,1,0.2204691618680954,"[603, 763, 513, 319, 730]","[0.2204691618680954, 0.13187244534492493, 0.13105951249599457, 0.08804929256439209, 0.05492104962468147]"
base,object,853,862,143,0,0.4434773027896881,"[143, 895, 130, 701, 127]","[0.4434773027896881, 0.16402293741703033, 0.13459722697734833, 0.06464558094739914, 0.017051905393600464]"
base,object,854,612,587,0,0.0631922036409378,"[587, 783, 677, 418, 127]","[0.0631922036409378, 0.06109042093157768, 0.03956674039363861, 0.036198899149894714, 0.03570514917373657]"
base,object,855,154,23,0,0.2415647953748703,"[23, 127, 21, 22, 87]","[0.2415647953748703, 0.17703098058700562, 0.16086773574352264, 0.09877201914787292, 0.0829085186123848]"
base,object,856,560,701,0,0.8705624341964722,"[701, 417, 989, 81, 783]","[0.8705624341964722, 0.07791263610124588, 0.012054008431732655, 0.01135593093931675, 0.003048596903681755]"
base,object,857,852,418,0,0.1346505880355835,"[418, 138, 681, 319, 129]","[0.1346505880355835, 0.05044795200228691, 0.0403648279607296, 0.040053896605968475, 0.032664377242326736]"
base,object,858,522,87,0,0.15646836161613464,"[87, 813, 769, 319, 484]","[0.15646836161613464, 0.12519605457782745, 0.05694323405623436, 0.035482753068208694, 0.031855300068855286]"
base,object,859,430,87,0,0.15646836161613464,"[87, 813, 769, 319, 484]","[0.15646836161613464, 0.12519605457782745, 0.05694323405623436, 0.035482753068208694, 0.031855300068855286]"
base,object,860,752,600,0,0.1346805840730667,"[600, 129, 418, 701, 813]","[0.1346805840730667, 0.06536412984132767, 0.04295027628540993, 0.041754260659217834, 0.02938310243189335]"
base,object,861,852,92,0,0.1916223019361496,"[92, 11, 129, 331, 319]","[0.1916223019361496, 0.09051164239645004, 0.05751161277294159, 0.052060406655073166, 0.02845129929482937]"
base,object,862,746,813,0,0.12050613015890121,"[813, 701, 111, 574, 87]","[0.12050613015890121, 0.08024507015943527, 0.0651182234287262, 0.04359336942434311, 0.03807791322469711]"
base,object,863,702,702,1,0.31436842679977417,"[702, 446, 517, 602, 664]","[0.31436842679977417, 0.17967519164085388, 0.17566807568073273, 0.061627376824617386, 0.029742933809757233]"
base,object,864,560,701,0,0.43786120414733887,"[701, 418, 417, 584, 892]","[0.43786120414733887, 0.07793702185153961, 0.05656466633081436, 0.03536834940314293, 0.035192716866731644]"
base,object,865,746,87,0,0.15380103886127472,"[87, 111, 813, 769, 701]","[0.15380103886127472, 0.07474709302186966, 0.05067775398492813, 0.035333916544914246, 0.030762804672122]"
base,object,866,430,701,0,0.5180301070213318,"[701, 417, 87, 813, 520]","[0.5180301070213318, 0.07210090756416321, 0.05470515042543411, 0.015733476728200912, 0.013500124216079712]"
base,object,867,450,94,0,0.20211781561374664,"[94, 325, 11, 989, 701]","[0.20211781561374664, 0.08920198678970337, 0.07435698062181473, 0.0495939627289772, 0.03286600485444069]"
base,object,868,890,813,0,0.16757051646709442,"[813, 87, 722, 589, 572]","[0.16757051646709442, 0.07223425805568695, 0.04139481112360954, 0.0396031029522419, 0.027689864858984947]"
base,object,869,746,87,0,0.3783694803714752,"[87, 701, 813, 769, 850]","[0.3783694803714752, 0.043183982372283936, 0.042680852115154266, 0.02784157730638981, 0.022648246958851814]"
base,object,870,560,417,0,0.3593209385871887,"[417, 701, 610, 841, 42]","[0.3593209385871887, 0.18091049790382385, 0.09138871729373932, 0.08376204967498779, 0.0314449667930603]"
base,object,871,752,701,0,0.08597908169031143,"[701, 87, 769, 813, 128]","[0.08597908169031143, 0.04643213376402855, 0.043735891580581665, 0.04137604311108589, 0.03210105374455452]"
base,object,872,702,138,0,0.09748408198356628,"[138, 319, 127, 128, 129]","[0.09748408198356628, 0.08667760342359543, 0.06440287828445435, 0.05741126462817192, 0.0524156279861927]"
base,object,873,160,21,0,0.15048035979270935,"[21, 163, 94, 944, 317]","[0.15048035979270935, 0.06137297675013542, 0.05958237871527672, 0.05439180135726929, 0.0471903532743454]"
base,object,874,430,87,0,0.15646836161613464,"[87, 813, 769, 319, 484]","[0.15646836161613464, 0.12519605457782745, 0.05694323405623436, 0.035482753068208694, 0.031855300068855286]"
base,object,875,430,87,0,0.15646836161613464,"[87, 813, 769, 319, 484]","[0.15646836161613464, 0.12519605457782745, 0.05694323405623436, 0.035482753068208694, 0.031855300068855286]"
base,object,876,499,499,1,0.34742486476898193,"[499, 448, 777, 701, 146]","[0.34742486476898193, 0.07138869166374207, 0.038675762712955475, 0.03764805570244789, 0.029129890725016594]"
base,object,877,418,517,0,0.21781551837921143,"[517, 701, 418, 404, 92]","[0.21781551837921143, 0.12889349460601807, 0.0822499617934227, 0.07534376531839371, 0.05723690241575241]"
base,object,878,849,849,1,0.6275018453598022,"[849, 725, 899, 505, 659]","[0.6275018453598022, 0.1483224481344223, 0.10216271877288818, 0.08759959042072296, 0.006278939079493284]"
base,object,879,899,418,0,0.05170612409710884,"[418, 899, 804, 461, 503]","[0.05170612409710884, 0.04899189993739128, 0.047413669526576996, 0.03450551629066467, 0.027492033317685127]"
base,object,880,963,963,1,0.9382203817367554,"[963, 533, 938, 924, 965]","[0.9382203817367554, 0.011048760265111923, 0.009940638206899166, 0.007150671444833279, 0.005367760080844164]"
base,object,881,956,938,0,0.7296962141990662,"[938, 935, 937, 924, 956]","[0.7296962141990662, 0.11062077432870865, 0.050690870732069016, 0.041824016720056534, 0.016241023316979408]"
base,object,882,961,984,0,0.16762518882751465,"[984, 910, 42, 31, 317]","[0.16762518882751465, 0.06065536290407181, 0.04351026937365532, 0.04025883227586746, 0.03803243488073349]"
base,object,883,786,701,0,0.11401141434907913,"[701, 23, 51, 600, 22]","[0.11401141434907913, 0.08442362397909164, 0.06194157898426056, 0.060011617839336395, 0.05469769239425659]"
base,object,884,440,440,1,0.9901663064956665,"[440, 737, 907, 783, 711]","[0.9901663064956665, 0.004920149687677622, 0.002567993476986885, 0.00034259376116096973, 0.00015129047096706927]"
base,object,885,846,846,1,0.23396825790405273,"[846, 129, 701, 127, 132]","[0.23396825790405273, 0.2057674378156662, 0.13210749626159668, 0.12225289642810822, 0.055698078125715256]"
base,object,886,969,441,0,0.22689449787139893,"[441, 883, 440, 787, 898]","[0.22689449787139893, 0.2084469050168991, 0.059099506586790085, 0.04564940184354782, 0.04319039732217789]"
base,object,887,945,31,0,0.35371628403663635,"[31, 64, 701, 804, 653]","[0.35371628403663635, 0.0880526602268219, 0.0756814032793045, 0.05316484719514847, 0.03832951933145523]"
base,object,888,752,852,0,0.2930150032043457,"[852, 417, 845, 714, 574]","[0.2930150032043457, 0.14664889872074127, 0.0388491228222847, 0.037864986807107925, 0.035493943840265274]"
base,object,889,651,851,0,0.08019143342971802,"[851, 771, 520, 664, 702]","[0.08019143342971802, 0.0695388987660408, 0.05455896258354187, 0.03416227176785469, 0.028447963297367096]"
base,object,890,945,945,1,0.49441251158714294,"[945, 990, 952, 948, 957]","[0.49441251158714294, 0.20734065771102905, 0.1600319892168045, 0.071441650390625, 0.04284743219614029]"
base,object,891,438,754,0,0.05047387629747391,"[754, 319, 572, 87, 464]","[0.05047387629747391, 0.04974362254142761, 0.042060017585754395, 0.04178760573267937, 0.030503299087285995]"
base,object,892,441,572,0,0.28351110219955444,"[572, 604, 899, 804, 969]","[0.28351110219955444, 0.12284550815820694, 0.07992634922266006, 0.07026828080415726, 0.0692441463470459]"
base,object,893,818,745,0,0.17507334053516388,"[745, 632, 896, 560, 448]","[0.17507334053516388, 0.06117181107401848, 0.05749404802918434, 0.05037699267268181, 0.03531258553266525]"
base,object,894,941,952,0,0.9271759986877441,"[952, 941, 956, 113, 988]","[0.9271759986877441, 0.06415622681379318, 0.0037020689342170954, 0.0014616386033594608, 0.0007082617375999689]"
base,object,895,711,711,1,0.21531379222869873,"[711, 699, 503, 548, 851]","[0.21531379222869873, 0.0812104195356369, 0.05830848589539528, 0.047339003533124924, 0.03910131752490997]"
base,object,896,152,196,0,0.27549034357070923,"[196, 152, 155, 204, 200]","[0.27549034357070923, 0.2317521870136261, 0.08654159307479858, 0.07929348945617676, 0.03117045760154724]"
base,object,897,996,996,1,0.5786462426185608,"[996, 126, 112, 935, 719]","[0.5786462426185608, 0.059809405356645584, 0.044267259538173676, 0.029258618131279945, 0.028529593721032143]"
base,object,898,898,572,0,0.31461748480796814,"[572, 899, 773, 505, 836]","[0.31461748480796814, 0.16285306215286255, 0.1140335351228714, 0.042041268199682236, 0.04110950604081154]"
base,object,899,441,747,0,0.05136816203594208,"[747, 844, 446, 728, 596]","[0.05136816203594208, 0.035328127443790436, 0.03473132848739624, 0.030133815482258797, 0.029126089066267014]"
base,object,900,953,129,0,0.38648417592048645,"[129, 11, 127, 89, 31]","[0.38648417592048645, 0.12100065499544144, 0.059047043323516846, 0.049215253442525864, 0.025037497282028198]"
base,object,901,505,701,0,0.2057580053806305,"[701, 920, 818, 610, 710]","[0.2057580053806305, 0.08349467068910599, 0.05382018908858299, 0.049846772104501724, 0.043615810573101044]"
base,object,902,773,474,0,0.12438367307186127,"[474, 773, 461, 578, 883]","[0.12438367307186127, 0.06497172266244888, 0.06307260692119598, 0.04363935813307762, 0.03264986723661423]"
base,object,903,942,701,0,0.17285005748271942,"[701, 496, 846, 493, 619]","[0.17285005748271942, 0.08761226385831833, 0.08103158324956894, 0.07315023988485336, 0.06232823431491852]"
base,object,904,891,650,0,0.2980048656463623,"[650, 546, 891, 745, 790]","[0.2980048656463623, 0.10270035266876221, 0.0889778733253479, 0.03422406315803528, 0.027088340371847153]"
base,object,905,968,849,0,0.6386524438858032,"[849, 505, 899, 725, 968]","[0.6386524438858032, 0.15483064949512482, 0.07106384634971619, 0.07062738388776779, 0.021408842876553535]"
base,object,906,942,55,0,0.1819833517074585,"[55, 64, 930, 961, 0]","[0.1819833517074585, 0.14218324422836304, 0.079092837870121, 0.07062168419361115, 0.05776531621813774]"
base,object,907,941,748,0,0.18307402729988098,"[748, 883, 944, 938, 787]","[0.18307402729988098, 0.18033458292484283, 0.1209058165550232, 0.05573573708534241, 0.05369052290916443]"
base,object,908,418,494,0,0.5886853933334351,"[494, 418, 696, 813, 784]","[0.5886853933334351, 0.13999396562576294, 0.05801650136709213, 0.05348682403564453, 0.016458839178085327]"
base,object,909,928,927,0,0.7440587878227234,"[927, 938, 883, 959, 728]","[0.7440587878227234, 0.05593030899763107, 0.05040383338928223, 0.013442245312035084, 0.01327470876276493]"
base,object,910,934,59,0,0.6114913821220398,"[59, 693, 416, 542, 934]","[0.6114913821220398, 0.051920581609010696, 0.05174529552459717, 0.04436972737312317, 0.024456409737467766]"
base,object,911,968,725,0,0.09936929494142532,"[725, 846, 863, 917, 721]","[0.09936929494142532, 0.09712833911180496, 0.07811220735311508, 0.07253599911928177, 0.0597606785595417]"
base,object,912,923,923,1,0.9642858505249023,"[923, 925, 935, 809, 932]","[0.9642858505249023, 0.006661028601229191, 0.006047562230378389, 0.0050561330281198025, 0.0027040233835577965]"
base,object,913,194,189,0,0.3398367166519165,"[189, 191, 170, 182, 175]","[0.3398367166519165, 0.21275323629379272, 0.12187855690717697, 0.05560913681983948, 0.0355444960296154]"
base,object,914,927,927,1,0.9882949590682983,"[927, 868, 963, 928, 924]","[0.9882949590682983, 0.003557308344170451, 0.0011358927004039288, 0.0007288219640031457, 0.0005510011105798185]"
base,object,915,686,813,0,0.1671316772699356,"[813, 686, 818, 745, 588]","[0.1671316772699356, 0.1284191906452179, 0.08153516054153442, 0.06595498323440552, 0.06503569334745407]"
base,object,916,737,840,0,0.0964219942688942,"[840, 493, 577, 617, 600]","[0.0964219942688942, 0.034962937235832214, 0.029432129114866257, 0.026002997532486916, 0.025660403072834015]"
base,object,917,849,572,0,0.3956831693649292,"[572, 849, 899, 725, 659]","[0.3956831693649292, 0.16271404922008514, 0.10322219133377075, 0.08626190572977066, 0.03650785610079765]"
base,object,918,855,855,1,0.43886956572532654,"[855, 650, 686, 811, 754]","[0.43886956572532654, 0.13619761168956757, 0.04290653020143509, 0.03652065247297287, 0.03129095956683159]"
base,object,919,611,319,0,0.14989839494228363,"[319, 42, 769, 628, 59]","[0.14989839494228363, 0.11727023869752884, 0.07901082932949066, 0.042463045567274094, 0.04046623781323433]"
base,object,920,545,545,1,0.4747658371925354,"[545, 87, 650, 572, 86]","[0.4747658371925354, 0.34718847274780273, 0.04278270900249481, 0.015835581347346306, 0.013960612006485462]"
base,object,921,761,701,0,0.10500390082597733,"[701, 600, 418, 584, 496]","[0.10500390082597733, 0.09449716657400131, 0.08614976704120636, 0.060607168823480606, 0.059335604310035706]"
base,object,922,521,521,1,0.2234213799238205,"[521, 572, 846, 532, 714]","[0.2234213799238205, 0.0822630301117897, 0.07435595244169235, 0.06696449965238571, 0.055932849645614624]"
base,object,923,626,701,0,0.17118045687675476,"[701, 87, 418, 755, 769]","[0.17118045687675476, 0.05649752914905548, 0.05471394583582878, 0.05356544256210327, 0.0442059300839901]"
base,object,924,441,701,0,0.7796609401702881,"[701, 315, 317, 319, 417]","[0.7796609401702881, 0.053815487772226334, 0.04272215813398361, 0.01577354222536087, 0.008740094490349293]"
base,object,925,438,438,1,0.33287903666496277,"[438, 899, 883, 572, 441]","[0.33287903666496277, 0.1692931354045868, 0.09914706647396088, 0.08946237713098526, 0.05859268829226494]"
base,object,926,426,426,1,0.7460022568702698,"[426, 409, 892, 826, 778]","[0.7460022568702698, 0.1216673031449318, 0.08633396029472351, 0.021089360117912292, 0.020913710817694664]"
base,object,927,710,701,0,0.7513673901557922,"[701, 319, 87, 417, 92]","[0.7513673901557922, 0.01774759031832218, 0.013764424249529839, 0.010021847672760487, 0.009933436289429665]"
base,object,928,613,613,1,0.12882252037525177,"[613, 701, 87, 846, 496]","[0.12882252037525177, 0.08159918338060379, 0.04351881518959999, 0.042527858167886734, 0.029539205133914948]"
base,object,929,574,952,0,0.2682541608810425,"[952, 90, 988, 129, 87]","[0.2682541608810425, 0.1197228953242302, 0.09015405178070068, 0.05587956681847572, 0.053767770528793335]"
base,object,930,882,513,0,0.1897151917219162,"[513, 316, 889, 566, 878]","[0.1897151917219162, 0.06322214752435684, 0.05596766620874405, 0.04481854289770126, 0.04276927188038826]"
base,object,931,647,647,1,0.7226767539978027,"[647, 461, 438, 572, 899]","[0.7226767539978027, 0.033029600977897644, 0.030840810388326645, 0.023867251351475716, 0.018521461635828018]"
base,object,932,737,737,1,0.855732798576355,"[737, 440, 898, 411, 907]","[0.855732798576355, 0.11531829833984375, 0.006659307051450014, 0.00512127298861742, 0.005080319009721279]"
base,object,933,963,963,1,0.9548145532608032,"[963, 599, 750, 957, 987]","[0.9548145532608032, 0.014930890873074532, 0.0038588293828070164, 0.003407454816624522, 0.002504409058019519]"
base,object,934,662,405,0,0.0834304466843605,"[405, 485, 754, 482, 745]","[0.0834304466843605, 0.07777714729309082, 0.0630333200097084, 0.06076446920633316, 0.04928874224424362]"
base,object,935,891,891,1,0.7195265889167786,"[891, 570, 461, 572, 452]","[0.7195265889167786, 0.037385493516922, 0.02409171313047409, 0.017130322754383087, 0.016157004982233047]"
base,object,936,891,891,1,0.11778715252876282,"[891, 765, 496, 699, 748]","[0.11778715252876282, 0.09405016154050827, 0.058688849210739136, 0.029811672866344452, 0.027272632345557213]"
base,object,937,710,701,0,0.5065540075302124,"[701, 42, 783, 319, 767]","[0.5065540075302124, 0.24180343747138977, 0.012282731011509895, 0.010606259107589722, 0.009853754192590714]"
base,object,938,188,87,0,0.34783461689949036,"[87, 181, 267, 189, 265]","[0.34783461689949036, 0.3158540427684784, 0.11605610698461533, 0.04677540436387062, 0.02664968930184841]"
base,object,939,503,503,1,0.8500854969024658,"[503, 604, 441, 505, 899]","[0.8500854969024658, 0.01616363227367401, 0.013014602474868298, 0.012562669813632965, 0.009818409569561481]"
base,object,940,849,849,1,0.9288166165351868,"[849, 725, 899, 505, 883]","[0.9288166165351868, 0.05389835685491562, 0.011875269934535027, 0.0016143305692821741, 0.0006050952360965312]"
base,object,941,968,680,0,0.3487694561481476,"[680, 849, 719, 631, 720]","[0.3487694561481476, 0.12390656024217606, 0.06480346620082855, 0.06406809389591217, 0.04233406484127045]"
base,object,942,438,956,0,0.14950095117092133,"[956, 938, 935, 936, 965]","[0.14950095117092133, 0.09844067692756653, 0.06398086994886398, 0.057295061647892, 0.05318940803408623]"
base,object,943,530,520,0,0.2392505407333374,"[520, 530, 757, 660, 662]","[0.2392505407333374, 0.13260701298713684, 0.055373065173625946, 0.05526338517665863, 0.05452680587768555]"
base,object,944,613,613,1,0.8181465268135071,"[613, 882, 524, 899, 461]","[0.8181465268135071, 0.025784604251384735, 0.021485714241862297, 0.020854858681559563, 0.015520954504609108]"
base,object,945,786,786,1,0.47638699412345886,"[786, 701, 534, 892, 592]","[0.47638699412345886, 0.07086589187383652, 0.04579165205359459, 0.03806767612695694, 0.026480726897716522]"
base,object,946,466,404,0,0.82916259765625,"[404, 845, 418, 814, 87]","[0.82916259765625, 0.03685794025659561, 0.010901246219873428, 0.009077365510165691, 0.0076848771423101425]"
base,object,947,466,404,0,0.1366480141878128,"[404, 701, 505, 405, 900]","[0.1366480141878128, 0.08624934405088425, 0.0630364641547203, 0.06101837009191513, 0.06047980859875679]"
base,object,948,466,818,0,0.08593972772359848,"[818, 510, 812, 418, 769]","[0.08593972772359848, 0.05915350466966629, 0.056921862065792084, 0.04588894918560982, 0.04546415060758591]"
base,object,949,547,595,0,0.19703255593776703,"[595, 510, 517, 701, 417]","[0.19703255593776703, 0.17999312281608582, 0.16533377766609192, 0.0758621096611023, 0.05785524845123291]"
base,object,950,547,701,0,0.20915290713310242,"[701, 491, 87, 417, 674]","[0.20915290713310242, 0.08079659193754196, 0.044475626200437546, 0.03888359293341637, 0.0346839465200901]"
base,object,951,547,510,0,0.08508337289094925,"[510, 710, 812, 662, 418]","[0.08508337289094925, 0.049388155341148376, 0.04077081009745598, 0.039503950625658035, 0.03086012415587902]"
base,object,952,466,849,0,0.5436378121376038,"[849, 895, 899, 146, 659]","[0.5436378121376038, 0.11874906718730927, 0.05230839550495148, 0.04876348376274109, 0.027251869440078735]"
base,object,953,466,404,0,0.561256468296051,"[404, 895, 908, 812, 405]","[0.561256468296051, 0.21354742348194122, 0.05523055046796799, 0.03176385164260864, 0.018069075420498848]"
base,object,954,829,495,0,0.5260223746299744,"[495, 453, 87, 493, 705]","[0.5260223746299744, 0.12560205161571503, 0.05921381711959839, 0.03594936802983284, 0.027303621172904968]"
base,object,955,547,510,0,0.4003285765647888,"[510, 517, 404, 803, 569]","[0.4003285765647888, 0.35388728976249695, 0.03206242248415947, 0.03094327077269554, 0.016326574608683586]"
base,object,956,829,510,0,0.324225515127182,"[510, 517, 758, 710, 740]","[0.324225515127182, 0.06831147521734238, 0.042978983372449875, 0.03932645544409752, 0.03813094273209572]"
base,object,957,829,418,0,0.45605766773223877,"[418, 507, 872, 818, 804]","[0.45605766773223877, 0.04923699051141739, 0.0465548038482666, 0.019071318209171295, 0.01811547763645649]"
base,object,958,829,872,0,0.055960606783628464,"[872, 418, 754, 662, 664]","[0.055960606783628464, 0.050464529544115067, 0.036228012293577194, 0.0331728495657444, 0.028702136129140854]"
base,object,959,820,87,0,0.3306609094142914,"[87, 820, 895, 701, 908]","[0.3306609094142914, 0.27914977073669434, 0.04756231978535652, 0.0411645844578743, 0.028326964005827904]"
base,object,960,820,87,0,0.5792101621627808,"[87, 701, 39, 491, 21]","[0.5792101621627808, 0.05693969875574112, 0.02453850582242012, 0.015601112507283688, 0.014859111979603767]"
base,object,961,829,654,0,0.2562061846256256,"[654, 829, 705, 779, 660]","[0.2562061846256256, 0.17485997080802917, 0.1045646220445633, 0.047176793217659, 0.045124854892492294]"
base,object,962,820,715,0,0.14859792590141296,"[715, 319, 42, 402, 787]","[0.14859792590141296, 0.10128343850374222, 0.055908188223838806, 0.027294106781482697, 0.025680195540189743]"
base,object,963,829,913,0,0.1345340460538864,"[913, 448, 900, 425, 840]","[0.1345340460538864, 0.12624210119247437, 0.06416042149066925, 0.05085750296711922, 0.03808921203017235]"
base,object,964,829,517,0,0.14968466758728027,"[517, 701, 491, 751, 740]","[0.14968466758728027, 0.06160670518875122, 0.04871441796422005, 0.03005031682550907, 0.027616867795586586]"
base,object,965,829,408,0,0.5097939372062683,"[408, 555, 654, 449, 407]","[0.5097939372062683, 0.09489058703184128, 0.07646860927343369, 0.055288203060626984, 0.025040509179234505]"
base,object,966,820,701,0,0.34006643295288086,"[701, 592, 795, 812, 517]","[0.34006643295288086, 0.0637812465429306, 0.06170720234513283, 0.04794205352663994, 0.04691878333687782]"
base,object,967,829,453,0,0.06188763305544853,"[453, 517, 520, 892, 701]","[0.06188763305544853, 0.06139000505208969, 0.05649768188595772, 0.04639481380581856, 0.03911476582288742]"
base,object,968,102,135,0,0.12674576044082642,"[135, 102, 12, 21, 85]","[0.12674576044082642, 0.11355902999639511, 0.09206206351518631, 0.07453088462352753, 0.07352003455162048]"
base,object,969,850,883,0,0.15163679420948029,"[883, 94, 14, 112, 23]","[0.15163679420948029, 0.1189289465546608, 0.045420896261930466, 0.03920428082346916, 0.030844509601593018]"
base,object,970,850,850,1,0.2673708200454712,"[850, 325, 701, 301, 326]","[0.2673708200454712, 0.19816024601459503, 0.19358906149864197, 0.06548387557268143, 0.047343820333480835]"
base,object,971,539,42,0,0.1762000322341919,"[42, 701, 496, 549, 47]","[0.1762000322341919, 0.0910242572426796, 0.062140703201293945, 0.03229169547557831, 0.031078752130270004]"
base,object,972,374,944,0,0.16051515936851501,"[944, 600, 51, 946, 787]","[0.16051515936851501, 0.08790367841720581, 0.040184568613767624, 0.027361229062080383, 0.027099955826997757]"
base,object,973,601,21,0,0.43757808208465576,"[21, 86, 601, 689, 133]","[0.43757808208465576, 0.1947413831949234, 0.15435796976089478, 0.02527989260852337, 0.022010372951626778]"
base,object,974,929,701,0,0.14770586788654327,"[701, 128, 21, 895, 94]","[0.14770586788654327, 0.08236866444349289, 0.08049152791500092, 0.0557476244866848, 0.05472126975655556]"
base,object,975,203,203,1,0.39015960693359375,"[203, 229, 89, 170, 192]","[0.39015960693359375, 0.07804285734891891, 0.07291765511035919, 0.05827796086668968, 0.044443484395742416]"
base,object,976,532,701,0,0.573932409286499,"[701, 417, 90, 87, 541]","[0.573932409286499, 0.06487496942281723, 0.06400147825479507, 0.0506596714258194, 0.026307670399546623]"
base,object,977,153,153,1,0.8473762273788452,"[153, 265, 89, 189, 203]","[0.8473762273788452, 0.025825712829828262, 0.018958717584609985, 0.017825817689299583, 0.01737327314913273]"
base,object,978,733,484,0,0.10781476646661758,"[484, 840, 600, 733, 872]","[0.10781476646661758, 0.0970495343208313, 0.08127891272306442, 0.05441948398947716, 0.05181046947836876]"
base,object,979,363,94,0,0.06955858319997787,"[94, 701, 73, 307, 12]","[0.06955858319997787, 0.06924426555633545, 0.06598081439733505, 0.043760403990745544, 0.03936909884214401]"
base,object,980,674,764,0,0.17350956797599792,"[764, 895, 913, 526, 511]","[0.17350956797599792, 0.1252792626619339, 0.06775584816932678, 0.0628284215927124, 0.05337607115507126]"
base,object,981,778,662,0,0.08343564718961716,"[662, 499, 818, 844, 761]","[0.08343564718961716, 0.05389014631509781, 0.05010262876749039, 0.04524645581841469, 0.03651722893118858]"
base,object,982,765,883,0,0.5298253893852234,"[883, 701, 417, 748, 496]","[0.5298253893852234, 0.08552032709121704, 0.04110074043273926, 0.024693945422768593, 0.02087814174592495]"
base,object,983,161,161,1,0.26124969124794006,"[161, 94, 21, 13, 162]","[0.26124969124794006, 0.19089588522911072, 0.06432633846998215, 0.03986973688006401, 0.03692031651735306]"
base,object,984,539,250,0,0.20041735470294952,"[250, 263, 282, 264, 151]","[0.20041735470294952, 0.1632065773010254, 0.07037579268217087, 0.06941328942775726, 0.038971833884716034]"
base,object,985,999,89,0,0.7033078074455261,"[89, 132, 129, 431, 770]","[0.7033078074455261, 0.14661163091659546, 0.019291676580905914, 0.016375569626688957, 0.009351390413939953]"
base,object,986,715,701,0,0.33297282457351685,"[701, 679, 883, 697, 87]","[0.33297282457351685, 0.18647876381874084, 0.043577276170253754, 0.02625177800655365, 0.021642407402396202]"
base,object,987,153,87,0,0.9764835834503174,"[87, 153, 203, 356, 793]","[0.9764835834503174, 0.004122446291148663, 0.003721429966390133, 0.0018414545338600874, 0.0015034889802336693]"
base,object,988,161,161,1,0.7245638370513916,"[161, 215, 247, 162, 938]","[0.7245638370513916, 0.06667159497737885, 0.0350952185690403, 0.027728550136089325, 0.027055524289608]"
base,object,989,543,417,0,0.08488655090332031,"[417, 892, 600, 701, 402]","[0.08488655090332031, 0.0823701024055481, 0.05178266018629074, 0.031717367470264435, 0.029673658311367035]"
base,object,990,161,701,0,0.1585318148136139,"[701, 11, 89, 22, 132]","[0.1585318148136139, 0.15129952132701874, 0.09073794633150101, 0.06506889313459396, 0.06221115216612816]"
base,object,991,849,504,0,0.29615795612335205,"[504, 505, 899, 968, 725]","[0.29615795612335205, 0.19194605946540833, 0.1449776291847229, 0.09422706812620163, 0.06638901680707932]"
base,object,992,422,404,0,0.2145339995622635,"[404, 783, 895, 80, 422]","[0.2145339995622635, 0.17088653147220612, 0.11691006273031235, 0.05995483696460724, 0.057374969124794006]"
base,object,993,157,157,1,0.35578641295433044,"[157, 10, 13, 217, 174]","[0.35578641295433044, 0.06655029952526093, 0.054610807448625565, 0.05050221458077431, 0.0444241501390934]"
base,object,994,193,182,0,0.5126520991325378,"[182, 193, 191, 235, 186]","[0.5126520991325378, 0.05914124473929405, 0.04655748978257179, 0.033048950135707855, 0.018327707424759865]"
base,object,995,728,701,0,0.3171082139015198,"[701, 59, 317, 674, 767]","[0.3171082139015198, 0.12943048775196075, 0.11300556361675262, 0.03133228048682213, 0.024823840707540512]"
base,object,996,201,191,0,0.1731041967868805,"[191, 189, 170, 196, 21]","[0.1731041967868805, 0.10793676227331161, 0.06841310113668442, 0.0631483793258667, 0.05528021603822708]"
base,object,997,174,285,0,0.32270970940589905,"[285, 174, 87, 282, 94]","[0.32270970940589905, 0.1439690887928009, 0.11077775806188583, 0.10634643584489822, 0.07557903230190277]"
base,object,998,171,129,0,0.17287632822990417,"[129, 87, 171, 16, 94]","[0.17287632822990417, 0.12179595977067947, 0.099155493080616, 0.07848956435918808, 0.06897109001874924]"
base,object,999,161,94,0,0.16159358620643616,"[94, 141, 176, 241, 161]","[0.16159358620643616, 0.06311821937561035, 0.061164434999227524, 0.06052759662270546, 0.05587950721383095]"
base,object,1000,882,787,0,0.17394249141216278,"[787, 518, 790, 882, 758]","[0.17394249141216278, 0.11104083806276321, 0.06967218965291977, 0.059841338545084, 0.05000312626361847]"
base,object,1001,199,369,0,0.21943317353725433,"[369, 367, 87, 252, 205]","[0.21943317353725433, 0.06635771691799164, 0.06170472502708435, 0.0612449087202549, 0.04891758784651756]"
base,object,1002,226,202,0,0.13203898072242737,"[202, 226, 193, 255, 163]","[0.13203898072242737, 0.1053544208407402, 0.06499189883470535, 0.06102361902594566, 0.054239463061094284]"
base,object,1003,559,765,0,0.17332646250724792,"[765, 559, 532, 730, 17]","[0.17332646250724792, 0.13554871082305908, 0.07179411500692368, 0.048843447118997574, 0.03774069994688034]"
base,object,1004,532,532,1,0.6112656593322754,"[532, 127, 733, 723, 596]","[0.6112656593322754, 0.04411332681775093, 0.037210822105407715, 0.020692797377705574, 0.018984848633408546]"
base,object,1005,882,740,0,0.12666423618793488,"[740, 622, 589, 818, 759]","[0.12666423618793488, 0.08405795693397522, 0.0783064141869545, 0.04597710445523262, 0.043837159872055054]"
base,object,1006,174,87,0,0.6344871520996094,"[87, 21, 89, 12, 23]","[0.6344871520996094, 0.05992152541875839, 0.02909936010837555, 0.02569609135389328, 0.021932633593678474]"
base,object,1007,86,86,1,0.9422616958618164,"[86, 82, 129, 127, 99]","[0.9422616958618164, 0.023220311850309372, 0.012926304712891579, 0.004599917680025101, 0.003419633489102125]"
base,object,1008,178,178,1,0.8913570046424866,"[178, 209, 349, 129, 87]","[0.8913570046424866, 0.03213467821478844, 0.012130919843912125, 0.008518700487911701, 0.004914697725325823]"
base,object,1009,252,94,0,0.14818647503852844,"[94, 89, 81, 21, 74]","[0.14818647503852844, 0.10150177776813507, 0.06555785238742828, 0.047722041606903076, 0.027126483619213104]"
base,object,1010,156,317,0,0.2300502061843872,"[317, 94, 701, 80, 21]","[0.2300502061843872, 0.11652974784374237, 0.06784375011920929, 0.04758178070187569, 0.04449906200170517]"
base,object,1011,208,87,0,0.1739233434200287,"[87, 151, 701, 21, 129]","[0.1739233434200287, 0.07006841897964478, 0.04369770362973213, 0.038958169519901276, 0.036758873611688614]"
base,object,1012,543,701,0,0.5432663559913635,"[701, 417, 87, 850, 89]","[0.5432663559913635, 0.13550452888011932, 0.029283901676535606, 0.022112596780061722, 0.01879485324025154]"
base,object,1013,444,772,0,0.5428942441940308,"[772, 513, 512, 600, 892]","[0.5428942441940308, 0.12796826660633087, 0.03982444852590561, 0.024930302053689957, 0.021550863981246948]"
base,object,1014,823,617,0,0.21249248087406158,"[617, 869, 89, 461, 411]","[0.21249248087406158, 0.03747953101992607, 0.03416736051440239, 0.03241574391722679, 0.026851603761315346]"
base,object,1015,841,883,0,0.06899697333574295,"[883, 402, 496, 419, 787]","[0.06899697333574295, 0.06559820473194122, 0.05748050659894943, 0.0373629592359066, 0.02895195409655571]"
base,object,1016,581,812,0,0.09143465012311935,"[812, 593, 662, 754, 859]","[0.09143465012311935, 0.06953633576631546, 0.06555324792861938, 0.063107930123806, 0.030342966318130493]"
base,object,1017,601,92,0,0.5103327035903931,"[92, 129, 701, 325, 93]","[0.5103327035903931, 0.1343589425086975, 0.062202200293540955, 0.054633062332868576, 0.028288090601563454]"
base,object,1018,857,513,0,0.17456310987472534,"[513, 557, 21, 776, 560]","[0.17456310987472534, 0.09792877733707428, 0.0827680304646492, 0.04797383025288582, 0.045194122940301895]"
base,object,1019,822,701,0,0.08398114889860153,"[701, 418, 405, 416, 783]","[0.08398114889860153, 0.0563906654715538, 0.028406906872987747, 0.026190465316176414, 0.022592851892113686]"
base,object,1020,543,87,0,0.1682698130607605,"[87, 813, 418, 350, 769]","[0.1682698130607605, 0.09120659530162811, 0.03939908370375633, 0.03919098898768425, 0.034106433391571045]"
base,object,1021,559,127,0,0.12907405197620392,"[127, 701, 807, 486, 89]","[0.12907405197620392, 0.11860959231853485, 0.09248033910989761, 0.07328079640865326, 0.051985327154397964]"
base,object,1022,863,683,0,0.3536057770252228,"[683, 863, 488, 645, 432]","[0.3536057770252228, 0.11045607924461365, 0.0903845727443695, 0.08820968866348267, 0.06466797739267349]"
base,object,1023,486,701,0,0.3548338711261749,"[701, 600, 301, 989, 513]","[0.3548338711261749, 0.1362188458442688, 0.059776488691568375, 0.05096028000116348, 0.025355154648423195]"
base,object,1024,450,625,0,0.3292368948459625,"[625, 709, 751, 511, 450]","[0.3292368948459625, 0.11193273961544037, 0.08649542182683945, 0.05000312253832817, 0.028562985360622406]"
base,object,1025,615,920,0,0.2198874056339264,"[920, 872, 667, 701, 812]","[0.2198874056339264, 0.0704813301563263, 0.052101604640483856, 0.05180828273296356, 0.043269235640764236]"
base,object,1026,579,579,1,0.15398797392845154,"[579, 456, 517, 872, 699]","[0.15398797392845154, 0.1179550290107727, 0.09555651247501373, 0.07947316020727158, 0.05903511494398117]"
base,object,1027,790,319,0,0.4969027638435364,"[319, 312, 92, 15, 131]","[0.4969027638435364, 0.03807247057557106, 0.03327349200844765, 0.029134811833500862, 0.027956100180745125]"
base,object,1028,160,85,0,0.20555660128593445,"[85, 872, 87, 206, 15]","[0.20555660128593445, 0.07177545875310898, 0.0553751103579998, 0.05384892597794533, 0.0463532991707325]"
base,object,1029,422,131,0,0.312279611825943,"[131, 127, 134, 129, 132]","[0.312279611825943, 0.15044666826725006, 0.12885552644729614, 0.10507538914680481, 0.10432341694831848]"
base,object,1030,882,129,0,0.18636201322078705,"[129, 138, 103, 131, 59]","[0.18636201322078705, 0.1244315356016159, 0.10129804909229279, 0.04090360552072525, 0.020731253549456596]"
base,object,1031,608,649,0,0.06100492179393768,"[649, 596, 448, 777, 587]","[0.06100492179393768, 0.042134445160627365, 0.03611527755856514, 0.03472748398780823, 0.028821662068367004]"
base,object,1032,489,862,0,0.1400955468416214,"[862, 474, 668, 319, 616]","[0.1400955468416214, 0.09865548461675644, 0.0907873660326004, 0.050120431929826736, 0.03869716823101044]"
base,object,1033,212,938,0,0.14543040096759796,"[938, 10, 12, 42, 112]","[0.14543040096759796, 0.09836982190608978, 0.07049039006233215, 0.05188189074397087, 0.033681001514196396]"
base,object,1034,145,138,0,0.3325602114200592,"[138, 319, 308, 81, 701]","[0.3325602114200592, 0.03733101487159729, 0.03526132181286812, 0.032569676637649536, 0.02883335016667843]"
base,object,1035,103,103,1,0.25171002745628357,"[103, 988, 952, 989, 90]","[0.25171002745628357, 0.17672187089920044, 0.11430933326482773, 0.0801883116364479, 0.05314959958195686]"
base,object,1036,148,132,0,0.25977370142936707,"[132, 127, 146, 144, 129]","[0.25977370142936707, 0.11028438061475754, 0.07622270286083221, 0.0731566995382309, 0.06641411781311035]"
base,object,1037,149,112,0,0.10163035988807678,"[112, 325, 723, 419, 149]","[0.10163035988807678, 0.08094584196805954, 0.06342872232198715, 0.05580582842230797, 0.047300200909376144]"
base,object,1038,103,129,0,0.3062039613723755,"[129, 141, 87, 94, 103]","[0.3062039613723755, 0.18146587908267975, 0.07576066255569458, 0.03682689741253853, 0.03210825100541115]"
base,object,1039,148,127,0,0.14945483207702637,"[127, 18, 128, 99, 146]","[0.14945483207702637, 0.14410124719142914, 0.09687241166830063, 0.0924561396241188, 0.08420925587415695]"
base,object,1040,148,701,0,0.1374719738960266,"[701, 89, 138, 21, 143]","[0.1374719738960266, 0.11376792192459106, 0.07394982129335403, 0.06956729292869568, 0.06837551295757294]"
base,object,1041,148,23,0,0.13410454988479614,"[23, 701, 21, 80, 89]","[0.13410454988479614, 0.122585229575634, 0.11158723384141922, 0.10380373895168304, 0.07542575895786285]"
base,object,1042,983,584,0,0.3721737563610077,"[584, 701, 71, 723, 14]","[0.3721737563610077, 0.26883500814437866, 0.05714201182126999, 0.05188998952507973, 0.02483917586505413]"
base,object,1043,842,701,0,0.5682277083396912,"[701, 14, 793, 898, 417]","[0.5682277083396912, 0.06516038626432419, 0.051995400339365005, 0.050957635045051575, 0.02434169501066208]"
base,object,1044,1,129,0,0.5103983879089355,"[129, 89, 132, 728, 701]","[0.5103983879089355, 0.12646989524364471, 0.09629986435174942, 0.028869938105344772, 0.014438438229262829]"
base,object,1045,36,94,0,0.1786462813615799,"[94, 47, 42, 21, 74]","[0.1786462813615799, 0.17272242903709412, 0.1535705178976059, 0.05125046893954277, 0.043520525097846985]"
base,object,1046,155,126,0,0.32372117042541504,"[126, 23, 200, 701, 204]","[0.32372117042541504, 0.05881720408797264, 0.046169281005859375, 0.04187263548374176, 0.032399870455265045]"
base,object,1047,148,89,0,0.07064235210418701,"[89, 42, 783, 701, 129]","[0.07064235210418701, 0.07052777707576752, 0.059402354061603546, 0.05555399879813194, 0.0548962727189064]"
base,object,1048,148,728,0,0.17740613222122192,"[728, 88, 601, 474, 89]","[0.17740613222122192, 0.058947622776031494, 0.056102607399225235, 0.050426825881004333, 0.04346183314919472]"
base,object,1049,822,701,0,0.3375052511692047,"[701, 783, 453, 846, 818]","[0.3375052511692047, 0.1353490650653839, 0.03667491301894188, 0.03429246321320534, 0.03249753266572952]"
base,object,1050,842,87,0,0.21427540481090546,"[87, 127, 89, 23, 22]","[0.21427540481090546, 0.15937650203704834, 0.15644076466560364, 0.039975278079509735, 0.03300989419221878]"
base,object,1051,150,23,0,0.1308744102716446,"[23, 199, 13, 80, 285]","[0.1308744102716446, 0.09043878316879272, 0.08329926431179047, 0.05907157436013222, 0.04540639743208885]"
base,object,1052,148,128,0,0.5668780207633972,"[128, 127, 131, 144, 18]","[0.5668780207633972, 0.08859128504991531, 0.06469626724720001, 0.04682786762714386, 0.037665557116270065]"
base,object,1053,420,774,0,0.08912874758243561,"[774, 849, 420, 127, 512]","[0.08912874758243561, 0.08857960253953934, 0.08689013868570328, 0.05338529497385025, 0.03168333321809769]"
base,object,1054,932,11,0,0.2750377953052521,"[11, 12, 301, 701, 90]","[0.2750377953052521, 0.10710478574037552, 0.10127710551023483, 0.08836351335048676, 0.08320464938879013]"
base,object,1055,862,701,0,0.2168416827917099,"[701, 437, 494, 532, 600]","[0.2168416827917099, 0.12903572618961334, 0.05460210517048836, 0.05100695416331291, 0.04039600491523743]"
base,object,1056,964,12,0,0.11113952845335007,"[12, 11, 850, 952, 90]","[0.11113952845335007, 0.1023913100361824, 0.07578399777412415, 0.05327516049146652, 0.05230215564370155]"
base,object,1057,76,138,0,0.11118893325328827,"[138, 128, 127, 9, 895]","[0.11118893325328827, 0.10662060230970383, 0.04898662492632866, 0.04774955287575722, 0.04545431211590767]"
base,object,1058,563,143,0,0.27562183141708374,"[143, 144, 128, 127, 432]","[0.27562183141708374, 0.2714589834213257, 0.13915382325649261, 0.10963217169046402, 0.01620163396000862]"
base,object,1059,329,701,0,0.18490442633628845,"[701, 42, 59, 129, 989]","[0.18490442633628845, 0.16556747257709503, 0.11911238729953766, 0.04345312714576721, 0.03911371901631355]"
base,object,1060,928,10,0,0.21336492896080017,"[10, 81, 319, 42, 15]","[0.21336492896080017, 0.10983022302389145, 0.0761774405837059, 0.055955298244953156, 0.04926426336169243]"
base,object,1061,420,517,0,0.2817595899105072,"[517, 319, 420, 769, 701]","[0.2817595899105072, 0.2416364848613739, 0.07847316563129425, 0.049991969019174576, 0.03843776136636734]"
base,object,1062,45,574,0,0.11666256934404373,"[574, 42, 769, 418, 45]","[0.11666256934404373, 0.05416028946638107, 0.03262525424361229, 0.029055939987301826, 0.027115650475025177]"
base,object,1063,963,701,0,0.39913514256477356,"[701, 989, 90, 11, 846]","[0.39913514256477356, 0.05840882658958435, 0.03853221982717514, 0.03321512043476105, 0.02751973830163479]"
base,object,1064,17,92,0,0.12974385917186737,"[92, 21, 131, 42, 23]","[0.12974385917186737, 0.0782267227768898, 0.07509979605674744, 0.07434514909982681, 0.07323198765516281]"
base,object,1065,420,701,0,0.14490073919296265,"[701, 755, 402, 132, 774]","[0.14490073919296265, 0.07865571975708008, 0.06424801051616669, 0.0601811520755291, 0.054689791053533554]"
base,object,1066,737,701,0,0.683369517326355,"[701, 443, 723, 417, 748]","[0.683369517326355, 0.032827239483594894, 0.031313396990299225, 0.019390545785427094, 0.015980176627635956]"
base,object,1067,420,138,0,0.2253364473581314,"[138, 701, 81, 420, 144]","[0.2253364473581314, 0.14827433228492737, 0.09221941232681274, 0.06102973222732544, 0.04396863654255867]"
base,object,1068,513,895,0,0.2263735830783844,"[895, 701, 404, 845, 600]","[0.2263735830783844, 0.08420136570930481, 0.06396068632602692, 0.042085207998752594, 0.03252015262842178]"
base,object,1069,27,701,0,0.17219218611717224,"[701, 92, 319, 141, 989]","[0.17219218611717224, 0.16747108101844788, 0.1136731281876564, 0.0394599586725235, 0.0343228243291378]"
base,object,1070,420,319,0,0.18293353915214539,"[319, 420, 701, 517, 138]","[0.18293353915214539, 0.15136811137199402, 0.1278621107339859, 0.03703606128692627, 0.02731276862323284]"
base,object,1071,186,10,0,0.08450059592723846,"[10, 12, 94, 42, 73]","[0.08450059592723846, 0.0774083361029625, 0.07124045491218567, 0.061389751732349396, 0.05291789770126343]"
base,object,1072,305,23,0,0.09212861210107803,"[23, 87, 701, 89, 15]","[0.09212861210107803, 0.09061814844608307, 0.08996519446372986, 0.055334895849227905, 0.05114757642149925]"
base,object,1073,27,701,0,0.4774537682533264,"[701, 308, 144, 22, 129]","[0.4774537682533264, 0.04951203614473343, 0.04655636474490166, 0.042489539831876755, 0.03272055462002754]"
base,object,1074,681,594,0,0.8364399671554565,"[594, 462, 839, 790, 696]","[0.8364399671554565, 0.012749673798680305, 0.009015473537147045, 0.007994064129889011, 0.00660070963203907]"
base,object,1075,790,790,1,0.3347034454345703,"[790, 883, 572, 692, 686]","[0.3347034454345703, 0.07600037008523941, 0.06148320063948631, 0.05401329696178436, 0.03556162863969803]"
base,object,1076,679,15,0,0.19431792199611664,"[15, 92, 10, 13, 141]","[0.19431792199611664, 0.08149812370538712, 0.08091072738170624, 0.0722556859254837, 0.05648527294397354]"
base,object,1077,441,892,0,0.5216352343559265,"[892, 441, 418, 701, 419]","[0.5216352343559265, 0.07774213701486588, 0.07730218023061752, 0.04941605404019356, 0.0095226364210248]"
base,object,1078,929,143,0,0.28641924262046814,"[143, 405, 553, 701, 128]","[0.28641924262046814, 0.09381662309169769, 0.0878005251288414, 0.08380908519029617, 0.03427509218454361]"
base,object,1079,87,87,1,0.9933458566665649,"[87, 42, 85, 86, 141]","[0.9933458566665649, 0.0010209284955635667, 0.0008283255738206208, 0.0007295752875506878, 0.0006628999835811555]"
base,object,1080,268,11,0,0.3591577708721161,"[11, 87, 16, 13, 92]","[0.3591577708721161, 0.20555046200752258, 0.11425929516553879, 0.08867009729146957, 0.06295055896043777]"
base,object,1081,882,132,0,0.5054187178611755,"[132, 89, 144, 129, 908]","[0.5054187178611755, 0.14164580404758453, 0.06915956735610962, 0.036315713077783585, 0.035059597343206406]"
base,object,1082,320,319,0,0.4745996594429016,"[319, 92, 320, 141, 15]","[0.4745996594429016, 0.09481344372034073, 0.08812117576599121, 0.06605707854032516, 0.030754540115594864]"
base,object,1083,621,701,0,0.19899116456508636,"[701, 889, 895, 908, 693]","[0.19899116456508636, 0.10069119930267334, 0.08796307444572449, 0.03964696824550629, 0.025151601061224937]"
base,object,1084,202,182,0,0.46633613109588623,"[182, 23, 87, 265, 850]","[0.46633613109588623, 0.03931078687310219, 0.03541148826479912, 0.023355329409241676, 0.02226066030561924]"
base,object,1085,430,701,0,0.21763019263744354,"[701, 418, 129, 132, 813]","[0.21763019263744354, 0.054525356739759445, 0.052577581256628036, 0.05097106844186783, 0.04679465293884277]"
base,object,1086,157,89,0,0.7125747203826904,"[89, 265, 173, 129, 87]","[0.7125747203826904, 0.040881749242544174, 0.04004039615392685, 0.019126294180750847, 0.013551015406847]"
base,object,1087,733,132,0,0.3463970124721527,"[132, 733, 557, 600, 131]","[0.3463970124721527, 0.14462606608867645, 0.11175995320081711, 0.06088627129793167, 0.025171099230647087]"
base,object,1088,765,524,0,0.0772317573428154,"[524, 755, 138, 141, 87]","[0.0772317573428154, 0.06359663605690002, 0.051484961062669754, 0.04476530849933624, 0.03817004710435867]"
base,object,1089,231,22,0,0.12676869332790375,"[22, 185, 8, 291, 175]","[0.12676869332790375, 0.09586422145366669, 0.06935568153858185, 0.06089248135685921, 0.06032343953847885]"
base,object,1090,602,572,0,0.15901535749435425,"[572, 840, 602, 845, 677]","[0.15901535749435425, 0.06081748008728027, 0.06008801609277725, 0.05185407027602196, 0.04737039655447006]"
base,object,1091,208,129,0,0.13524094223976135,"[129, 89, 11, 31, 112]","[0.13524094223976135, 0.07765122503042221, 0.06991880387067795, 0.05798783898353577, 0.03732791915535927]"
base,object,1092,792,668,0,0.6644082069396973,"[668, 538, 456, 127, 744]","[0.6644082069396973, 0.04526803642511368, 0.03312588110566139, 0.023015383630990982, 0.014891599304974079]"
base,object,1093,621,319,0,0.4623442590236664,"[319, 321, 138, 15, 81]","[0.4623442590236664, 0.10418765991926193, 0.049636293202638626, 0.031157726421952248, 0.02679082378745079]"
base,object,1094,765,783,0,0.16404679417610168,"[783, 532, 526, 546, 867]","[0.16404679417610168, 0.15713776648044586, 0.07464132457971573, 0.033511772751808167, 0.02614677883684635]"
base,object,1095,177,170,0,0.20618733763694763,"[170, 126, 177, 354, 87]","[0.20618733763694763, 0.19098913669586182, 0.1410059779882431, 0.0811164379119873, 0.039521198719739914]"
base,object,1096,199,199,1,0.5852144956588745,"[199, 233, 87, 192, 183]","[0.5852144956588745, 0.12246458232402802, 0.06108603999018669, 0.05290187522768974, 0.03718046098947525]"
base,object,1097,645,600,0,0.32715538144111633,"[600, 677, 845, 769, 494]","[0.32715538144111633, 0.06073615327477455, 0.06072865426540375, 0.022982338443398476, 0.019316567108035088]"
base,object,1098,199,183,0,0.4663674235343933,"[183, 196, 233, 198, 170]","[0.4663674235343933, 0.11071811616420746, 0.08837586641311646, 0.06802896410226822, 0.04074249789118767]"
base,object,1099,170,129,0,0.21984365582466125,"[129, 21, 127, 141, 80]","[0.21984365582466125, 0.11780667304992676, 0.08242447674274445, 0.07927001267671585, 0.05032504349946976]"
base,object,1100,880,442,0,0.2512795925140381,"[442, 863, 668, 583, 733]","[0.2512795925140381, 0.09429236501455307, 0.06673554331064224, 0.032422587275505066, 0.023555943742394447]"
base,object,1101,188,191,0,0.16486887633800507,"[191, 298, 189, 291, 11]","[0.16486887633800507, 0.1473897397518158, 0.11996009945869446, 0.10706829279661179, 0.052676972001791]"
base,object,1102,621,701,0,0.18950481712818146,"[701, 600, 131, 141, 326]","[0.18950481712818146, 0.06540772318840027, 0.04580867663025856, 0.03231634572148323, 0.02921520173549652]"
base,object,1103,170,87,0,0.5203653573989868,"[87, 19, 9, 127, 92]","[0.5203653573989868, 0.05664844810962677, 0.036098405718803406, 0.02726922556757927, 0.026761077344417572]"
base,object,1104,250,87,0,0.5793284773826599,"[87, 89, 21, 883, 250]","[0.5793284773826599, 0.16003592312335968, 0.040721431374549866, 0.034813184291124344, 0.028394080698490143]"
base,object,1105,354,92,0,0.24929805099964142,"[92, 42, 12, 10, 21]","[0.24929805099964142, 0.17609110474586487, 0.11725869029760361, 0.04865966737270355, 0.04123324900865555]"
base,object,1106,522,87,0,0.14735367894172668,"[87, 574, 769, 701, 662]","[0.14735367894172668, 0.04517938941717148, 0.03603224456310272, 0.028172306716442108, 0.026322662830352783]"
base,object,1107,267,129,0,0.6017681360244751,"[129, 89, 87, 132, 257]","[0.6017681360244751, 0.17463168501853943, 0.09193916618824005, 0.017100127413868904, 0.014538082294166088]"
base,object,1108,945,301,0,0.2706974148750305,"[301, 584, 679, 989, 723]","[0.2706974148750305, 0.19617776572704315, 0.16870711743831635, 0.05531052500009537, 0.038468778133392334]"
base,object,1109,340,340,1,0.3771774470806122,"[340, 82, 141, 86, 288]","[0.3771774470806122, 0.14816728234291077, 0.12234093248844147, 0.10356495529413223, 0.04304419830441475]"
base,object,1110,772,600,0,0.49970555305480957,"[600, 892, 845, 818, 804]","[0.49970555305480957, 0.02688702382147312, 0.026432150974869728, 0.02548355795443058, 0.022247716784477234]"
base,object,1111,137,128,0,0.17556235194206238,"[128, 143, 94, 87, 21]","[0.17556235194206238, 0.12274639308452606, 0.0968133807182312, 0.06697195768356323, 0.06456700712442398]"
base,object,1112,212,701,0,0.7646974325180054,"[701, 320, 94, 319, 89]","[0.7646974325180054, 0.03267240896821022, 0.026737134903669357, 0.017635902389883995, 0.01504791621118784]"
base,object,1113,727,727,1,0.09703762084245682,"[727, 402, 87, 701, 319]","[0.09703762084245682, 0.057572171092033386, 0.05402107909321785, 0.04685041308403015, 0.0355968214571476]"
base,object,1114,491,42,0,0.17042496800422668,"[42, 701, 15, 319, 138]","[0.17042496800422668, 0.11200782656669617, 0.10213603079319, 0.10049024224281311, 0.030674153938889503]"
base,object,1115,707,701,0,0.5130204558372498,"[701, 769, 662, 404, 895]","[0.5130204558372498, 0.040627095848321915, 0.028682760894298553, 0.014627726748585701, 0.013189509510993958]"
base,object,1116,929,701,0,0.3494627773761749,"[701, 405, 418, 128, 129]","[0.3494627773761749, 0.05639483779668808, 0.05124635249376297, 0.03313478082418442, 0.025728615000844002]"
base,object,1117,645,600,0,0.1752764880657196,"[600, 677, 845, 668, 701]","[0.1752764880657196, 0.15053871273994446, 0.04623900726437569, 0.04489440470933914, 0.030226977542042732]"
base,object,1118,198,177,0,0.3038475811481476,"[177, 170, 9, 87, 272]","[0.3038475811481476, 0.16501326858997345, 0.12184885144233704, 0.07206682860851288, 0.06373925507068634]"
base,object,1119,170,87,0,0.3866346478462219,"[87, 182, 196, 198, 174]","[0.3866346478462219, 0.3178477883338928, 0.0424933023750782, 0.039269834756851196, 0.026723546907305717]"
base,object,1120,645,677,0,0.29811999201774597,"[677, 769, 702, 845, 783]","[0.29811999201774597, 0.061807047575712204, 0.04096906632184982, 0.039095472544431686, 0.03318493068218231]"
base,object,1121,181,129,0,0.4895084798336029,"[129, 87, 181, 89, 22]","[0.4895084798336029, 0.2583450376987457, 0.1527339369058609, 0.049713198095560074, 0.007425057236105204]"
base,object,1122,267,23,0,0.130040243268013,"[23, 129, 178, 87, 21]","[0.130040243268013, 0.11614542454481125, 0.09684140980243683, 0.08305631577968597, 0.05926021188497543]"
base,object,1123,340,340,1,0.3393745720386505,"[340, 584, 282, 83, 464]","[0.3393745720386505, 0.17965735495090485, 0.06660933047533035, 0.04856318607926369, 0.028882376849651337]"
base,object,1124,735,701,0,0.2992508113384247,"[701, 42, 23, 21, 723]","[0.2992508113384247, 0.06790865957736969, 0.0594077967107296, 0.04287262633442879, 0.037685465067625046]"
base,object,1125,361,93,0,0.10406136512756348,"[93, 701, 144, 143, 127]","[0.10406136512756348, 0.09950032830238342, 0.08936520665884018, 0.08079389482736588, 0.06401662528514862]"
base,object,1126,200,200,1,0.27088651061058044,"[200, 21, 204, 87, 187]","[0.27088651061058044, 0.11642042547464371, 0.08356405794620514, 0.07197492569684982, 0.05923251807689667]"
base,object,1127,912,583,0,0.13824188709259033,"[583, 702, 520, 744, 657]","[0.13824188709259033, 0.10594704002141953, 0.07735248655080795, 0.06290337443351746, 0.06255395710468292]"
base,object,1128,160,895,0,0.1697969287633896,"[895, 130, 783, 662, 812]","[0.1697969287633896, 0.07894272357225418, 0.05866816267371178, 0.052423957735300064, 0.05209655687212944]"
base,object,1129,188,189,0,0.29516127705574036,"[189, 13, 94, 196, 87]","[0.29516127705574036, 0.09561433643102646, 0.060600511729717255, 0.055034343153238297, 0.034597065299749374]"
base,object,1130,872,872,1,0.2675088942050934,"[872, 683, 645, 657, 517]","[0.2675088942050934, 0.12729541957378387, 0.08451204001903534, 0.06635241955518723, 0.059783708304166794]"
base,object,1131,338,129,0,0.22085289657115936,"[129, 169, 112, 216, 296]","[0.22085289657115936, 0.17224088311195374, 0.16742181777954102, 0.10154607892036438, 0.05292019248008728]"
base,object,1132,191,189,0,0.12247797846794128,"[189, 191, 350, 134, 9]","[0.12247797846794128, 0.10003237426280975, 0.09696339070796967, 0.08204977214336395, 0.06322792172431946]"
base,object,1133,226,185,0,0.1668153554201126,"[185, 186, 182, 192, 193]","[0.1668153554201126, 0.1086038127541542, 0.08391444385051727, 0.07589595764875412, 0.0695747435092926]"
base,object,1134,953,701,0,0.2468225210905075,"[701, 42, 319, 418, 650]","[0.2468225210905075, 0.07306250184774399, 0.04981845244765282, 0.024353109300136566, 0.020189590752124786]"
base,object,1135,544,708,0,0.09494610130786896,"[708, 583, 127, 628, 92]","[0.09494610130786896, 0.05745704844594002, 0.05736692622303963, 0.056975919753313065, 0.04569337144494057]"
base,object,1136,757,757,1,0.22471299767494202,"[757, 771, 526, 742, 530]","[0.22471299767494202, 0.10439715534448624, 0.04860895127058029, 0.035445135086774826, 0.03472411260008812]"
