model,dataset,idx,label,pred,correct,conf_top1,top5_idx,top5_probs
base,ooc,0,361,832,0,0.054507967084646225,"[832, 239, 704, 232, 879]","[0.054507967084646225, 0.05414953455328941, 0.047945450991392136, 0.03404604271054268, 0.029259534552693367]"
base,ooc,1,383,218,0,0.2004677802324295,"[218, 162, 190, 161, 215]","[0.2004677802324295, 0.11975251138210297, 0.10339982062578201, 0.09561735391616821, 0.07622691243886948]"
base,ooc,2,356,358,0,0.38303160667419434,"[358, 356, 359, 336, 87]","[0.38303160667419434, 0.19351395964622498, 0.06227586045861244, 0.04297273978590965, 0.02351832576096058]"
base,ooc,3,18,472,0,0.10947813838720322,"[472, 621, 471, 929, 144]","[0.10947813838720322, 0.04612446948885918, 0.044033247977495193, 0.042227935045957565, 0.04122302681207657]"
base,ooc,4,295,703,0,0.13393236696720123,"[703, 519, 295, 425, 471]","[0.13393236696720123, 0.09472433477640152, 0.05090206116437912, 0.04024543613195419, 0.039245761930942535]"
base,ooc,5,112,47,0,0.16108371317386627,"[47, 53, 60, 54, 44]","[0.16108371317386627, 0.130588099360466, 0.09915176779031754, 0.07027816772460938, 0.05760781094431877]"
base,ooc,6,32,649,0,0.5812479853630066,"[649, 972, 66, 956, 976]","[0.5812479853630066, 0.05973655730485916, 0.032038960605859756, 0.02978023700416088, 0.026059763506054878]"
base,ooc,7,677,99,0,0.2993648946285248,"[99, 127, 128, 191, 352]","[0.2993648946285248, 0.14148671925067902, 0.0680980458855629, 0.04876857250928879, 0.02707347832620144]"
base,ooc,8,438,840,0,0.07861035317182541,"[840, 258, 17, 898, 88]","[0.07861035317182541, 0.049018073827028275, 0.04868506267666817, 0.04791326820850372, 0.04692913219332695]"
base,ooc,9,409,900,0,0.27547627687454224,"[900, 409, 437, 442, 557]","[0.27547627687454224, 0.2709634304046631, 0.06869269162416458, 0.04348793998360634, 0.028666792437434196]"
base,ooc,10,71,314,0,0.1972576379776001,"[314, 311, 307, 306, 312]","[0.1972576379776001, 0.17869295179843903, 0.06903570890426636, 0.052293144166469574, 0.044749993830919266]"
base,ooc,11,850,850,1,0.9193961024284363,"[850, 333, 29, 265, 529]","[0.9193961024284363, 0.022625911980867386, 0.013523118570446968, 0.005639973096549511, 0.004625020548701286]"
base,ooc,12,12,209,0,0.16838854551315308,"[209, 156, 211, 213, 182]","[0.16838854551315308, 0.07325023412704468, 0.07064777612686157, 0.06698806583881378, 0.0373934730887413]"
base,ooc,13,899,709,0,0.16149060428142548,"[709, 421, 725, 747, 917]","[0.16149060428142548, 0.08676128834486008, 0.049875255674123764, 0.04490136727690697, 0.03162343427538872]"
base,ooc,14,338,338,1,0.41472873091697693,"[338, 179, 205, 208, 357]","[0.41472873091697693, 0.13580578565597534, 0.13221906125545502, 0.02507130801677704, 0.019994137808680534]"
base,ooc,15,17,157,0,0.0869530588388443,"[157, 171, 845, 162, 752]","[0.0869530588388443, 0.07978980243206024, 0.04847925901412964, 0.04366622120141983, 0.039517879486083984]"
base,ooc,16,363,932,0,0.31345221400260925,"[932, 934, 118, 965, 338]","[0.31345221400260925, 0.15584249794483185, 0.0858105793595314, 0.025667179375886917, 0.023161763325333595]"
base,ooc,17,909,492,0,0.13033539056777954,"[492, 835, 448, 770, 704]","[0.13033539056777954, 0.09272816777229309, 0.07094427943229675, 0.04633037745952606, 0.04478728398680687]"
base,ooc,18,679,443,0,0.08238134533166885,"[443, 928, 402, 702, 808]","[0.08238134533166885, 0.06540348380804062, 0.061182912439107895, 0.04525793716311455, 0.0417666994035244]"
base,ooc,19,618,475,0,0.09256098419427872,"[475, 173, 816, 677, 425]","[0.09256098419427872, 0.04886183142662048, 0.04574907571077347, 0.04094792529940605, 0.03548849746584892]"
base,ooc,20,618,986,0,0.2296362817287445,"[986, 997, 13, 361, 12]","[0.2296362817287445, 0.1156722754240036, 0.05614517256617546, 0.04473868012428284, 0.03966834023594856]"
base,ooc,21,574,574,1,0.2763215899467468,"[574, 65, 538, 392, 849]","[0.2763215899467468, 0.07050350308418274, 0.06917809695005417, 0.033250074833631516, 0.030245590955018997]"
base,ooc,22,658,716,0,0.07106474786996841,"[716, 649, 443, 514, 474]","[0.07106474786996841, 0.06346438825130463, 0.048721592873334885, 0.04233774542808533, 0.03072563000023365]"
base,ooc,23,461,360,0,0.11390160024166107,"[360, 337, 131, 137, 20]","[0.11390160024166107, 0.08332567662000656, 0.0682564452290535, 0.06663715094327927, 0.04933301731944084]"
base,ooc,24,132,146,0,0.20432235300540924,"[146, 89, 348, 649, 178]","[0.20432235300540924, 0.1838369071483612, 0.07308329641819, 0.030150456354022026, 0.0283778328448534]"
base,ooc,25,122,573,0,0.13938698172569275,"[573, 613, 726, 625, 827]","[0.13938698172569275, 0.12183640897274017, 0.09293298423290253, 0.04085400700569153, 0.038356393575668335]"
base,ooc,26,12,34,0,0.12773658335208893,"[34, 360, 28, 36, 291]","[0.12773658335208893, 0.09082178771495819, 0.06485099345445633, 0.05116526782512665, 0.028506577014923096]"
base,ooc,27,679,350,0,0.23477932810783386,"[350, 300, 138, 352, 302]","[0.23477932810783386, 0.16613659262657166, 0.16025283932685852, 0.08263550698757172, 0.03998176008462906]"
base,ooc,28,23,91,0,0.32375168800354004,"[91, 321, 323, 136, 16]","[0.32375168800354004, 0.1777569055557251, 0.09662402421236038, 0.08062629401683807, 0.052743103355169296]"
base,ooc,29,937,544,0,0.6017321348190308,"[544, 909, 924, 567, 521]","[0.6017321348190308, 0.20975781977176666, 0.061646927148103714, 0.047139350324869156, 0.01356158684939146]"
base,ooc,30,679,93,0,0.12092087417840958,"[93, 91, 96, 315, 448]","[0.12092087417840958, 0.052036941051483154, 0.04262745752930641, 0.041409220546483994, 0.03948712721467018]"
base,ooc,31,335,182,0,0.2023545205593109,"[182, 186, 594, 154, 184]","[0.2023545205593109, 0.06394815444946289, 0.06178082898259163, 0.03326968476176262, 0.03236210718750954]"
base,ooc,32,76,18,0,0.40146902203559875,"[18, 138, 128, 93, 136]","[0.40146902203559875, 0.05259517580270767, 0.038473691791296005, 0.036233384162187576, 0.03287607431411743]"
base,ooc,33,851,915,0,0.14459316432476044,"[915, 565, 820, 571, 505]","[0.14459316432476044, 0.05074724927544594, 0.04563692957162857, 0.04028831794857979, 0.03516312688589096]"
base,ooc,34,770,794,0,0.1614549458026886,"[794, 611, 772, 646, 591]","[0.1614549458026886, 0.13716217875480652, 0.03785661607980728, 0.031225409358739853, 0.027127128094434738]"
base,ooc,35,122,121,0,0.6658469438552856,"[121, 122, 124, 963, 118]","[0.6658469438552856, 0.07255106419324875, 0.033305905759334564, 0.028386620804667473, 0.025924716144800186]"
base,ooc,36,712,828,0,0.5206308364868164,"[828, 577, 787, 618, 647]","[0.5206308364868164, 0.14610512554645538, 0.06999632716178894, 0.040692172944545746, 0.03481057286262512]"
base,ooc,37,852,429,0,0.13580428063869476,"[429, 727, 417, 900, 574]","[0.13580428063869476, 0.11298766732215881, 0.09130328893661499, 0.0664081797003746, 0.06546956300735474]"
base,ooc,38,12,460,0,0.40129992365837097,"[460, 537, 433, 131, 842]","[0.40129992365837097, 0.10093466937541962, 0.09182977676391602, 0.025393670424818993, 0.0218900665640831]"
base,ooc,39,849,849,1,0.16704140603542328,"[849, 676, 511, 535, 758]","[0.16704140603542328, 0.11269232630729675, 0.043730176985263824, 0.04332659766077995, 0.04204808548092842]"
base,ooc,40,606,448,0,0.6044604778289795,"[448, 939, 637, 649, 835]","[0.6044604778289795, 0.06400466710329056, 0.022012852132320404, 0.018517350777983665, 0.0123678557574749]"
base,ooc,41,87,437,0,0.27396804094314575,"[437, 716, 483, 616, 978]","[0.27396804094314575, 0.04597366973757744, 0.042837176471948624, 0.04122307151556015, 0.04033569246530533]"
base,ooc,42,491,693,0,0.12529225647449493,"[693, 433, 148, 801, 758]","[0.12529225647449493, 0.07254140079021454, 0.06418677419424057, 0.05590461939573288, 0.05192865431308746]"
base,ooc,43,964,931,0,0.5210394263267517,"[931, 964, 935, 924, 962]","[0.5210394263267517, 0.14420968294143677, 0.08798933029174805, 0.05302521958947182, 0.0443749763071537]"
base,ooc,44,635,746,0,0.8307892084121704,"[746, 826, 518, 468, 717]","[0.8307892084121704, 0.02767488732933998, 0.022888410836458206, 0.017870908603072166, 0.015127941966056824]"
base,ooc,45,335,382,0,0.35791245102882385,"[382, 384, 380, 335, 957]","[0.35791245102882385, 0.1264571100473404, 0.09217013418674469, 0.057716451585292816, 0.052280545234680176]"
base,ooc,46,825,17,0,0.5249887704849243,"[17, 10, 19, 13, 18]","[0.5249887704849243, 0.15403291583061218, 0.08932757377624512, 0.04814212769269943, 0.04330393299460411]"
base,ooc,47,863,863,1,0.19575007259845734,"[863, 193, 690, 207, 213]","[0.19575007259845734, 0.06619194149971008, 0.04456853121519089, 0.039141613990068436, 0.03499245271086693]"
base,ooc,48,839,913,0,0.06205606460571289,"[913, 17, 374, 467, 726]","[0.06205606460571289, 0.04854431375861168, 0.048272911459207535, 0.04586079344153404, 0.04127368703484535]"
base,ooc,49,257,831,0,0.39787691831588745,"[831, 564, 669, 606, 516]","[0.39787691831588745, 0.07134512811899185, 0.03708530217409134, 0.026991046965122223, 0.02291470393538475]"
base,ooc,50,185,970,0,0.4182509779930115,"[970, 296, 6, 980, 2]","[0.4182509779930115, 0.12778396904468536, 0.12685401737689972, 0.04552885890007019, 0.03662979230284691]"
base,ooc,51,489,458,0,0.08675538748502731,"[458, 839, 979, 525, 825]","[0.08675538748502731, 0.08146798610687256, 0.07027595490217209, 0.051726654171943665, 0.048839252442121506]"
base,ooc,52,609,751,0,0.1252119243144989,"[751, 791, 657, 706, 877]","[0.1252119243144989, 0.05851709097623825, 0.04073161631822586, 0.034921664744615555, 0.027971813455224037]"
base,ooc,53,847,573,0,0.33658942580223083,"[573, 752, 722, 908, 852]","[0.33658942580223083, 0.15869668126106262, 0.04971367493271828, 0.041282154619693756, 0.035706207156181335]"
base,ooc,54,544,123,0,0.07603266090154648,"[123, 575, 329, 866, 703]","[0.07603266090154648, 0.07057653367519379, 0.050905514508485794, 0.042811937630176544, 0.03445518761873245]"
base,ooc,55,179,205,0,0.262698233127594,"[205, 912, 386, 18, 701]","[0.262698233127594, 0.10807168483734131, 0.07411637157201767, 0.04999321699142456, 0.030983539298176765]"
base,ooc,56,174,264,0,0.25920653343200684,"[264, 214, 197, 752, 912]","[0.25920653343200684, 0.09116107225418091, 0.06307200342416763, 0.04973519966006279, 0.04143284261226654]"
base,ooc,57,349,491,0,0.12038660794496536,"[491, 84, 634, 374, 341]","[0.12038660794496536, 0.08164065331220627, 0.06658335775136948, 0.056437548249959946, 0.056319769471883774]"
base,ooc,58,277,94,0,0.24674294888973236,"[94, 272, 352, 273, 12]","[0.24674294888973236, 0.10841497033834457, 0.07918694615364075, 0.0776602253317833, 0.043014902621507645]"
base,ooc,59,518,519,0,0.09816194325685501,"[519, 44, 663, 71, 138]","[0.09816194325685501, 0.06236607953906059, 0.043624699115753174, 0.03689180687069893, 0.03648769110441208]"
base,ooc,60,958,977,0,0.11763913929462433,"[977, 970, 976, 978, 425]","[0.11763913929462433, 0.08633940666913986, 0.08275274187326431, 0.08097650110721588, 0.051840636879205704]"
base,ooc,61,385,354,0,0.3121603727340698,"[354, 385, 386, 101, 209]","[0.3121603727340698, 0.31214281916618347, 0.11463790386915207, 0.060113612562417984, 0.054009128361940384]"
base,ooc,62,830,123,0,0.09790404140949249,"[123, 839, 703, 489, 979]","[0.09790404140949249, 0.06589746475219727, 0.046217188239097595, 0.045481935143470764, 0.03833582624793053]"
base,ooc,63,132,132,1,0.34354186058044434,"[132, 134, 89, 129, 131]","[0.34354186058044434, 0.17421779036521912, 0.050887055695056915, 0.045211311429739, 0.02781371958553791]"
base,ooc,64,354,349,0,0.6301456093788147,"[349, 354, 386, 649, 51]","[0.6301456093788147, 0.08729640394449234, 0.03709004074335098, 0.030601749196648598, 0.028188616037368774]"
base,ooc,65,879,408,0,0.2054389864206314,"[408, 736, 537, 751, 511]","[0.2054389864206314, 0.20174595713615417, 0.05058150365948677, 0.03183140978217125, 0.01589963212609291]"
base,ooc,66,807,807,1,0.3870159089565277,"[807, 723, 716, 842, 660]","[0.3870159089565277, 0.17995817959308624, 0.1380828469991684, 0.05649172142148018, 0.02713039331138134]"
base,ooc,67,863,300,0,0.5460682511329651,"[300, 303, 350, 42, 413]","[0.5460682511329651, 0.12846404314041138, 0.09001920372247696, 0.04489532858133316, 0.027358802035450935]"
base,ooc,68,821,935,0,0.16289538145065308,"[935, 133, 574, 803, 212]","[0.16289538145065308, 0.13001663982868195, 0.0694190263748169, 0.050803594291210175, 0.04856257140636444]"
base,ooc,69,656,146,0,0.06994356215000153,"[146, 107, 6, 977, 980]","[0.06994356215000153, 0.05760867893695831, 0.05479314923286438, 0.0463334396481514, 0.04433911293745041]"
base,ooc,70,614,150,0,0.12155812978744507,"[150, 616, 34, 344, 394]","[0.12155812978744507, 0.11276693642139435, 0.0709829106926918, 0.06009025126695633, 0.05378119274973869]"
base,ooc,71,294,123,0,0.10143168270587921,"[123, 136, 357, 27, 316]","[0.10143168270587921, 0.07470577955245972, 0.050963036715984344, 0.03930749371647835, 0.03891061618924141]"
base,ooc,72,870,448,0,0.24715206027030945,"[448, 596, 612, 614, 870]","[0.24715206027030945, 0.048176851123571396, 0.04280567541718483, 0.041482314467430115, 0.038011930882930756]"
base,ooc,73,346,112,0,0.09872513264417648,"[112, 726, 753, 397, 462]","[0.09872513264417648, 0.06592442840337753, 0.06574670970439911, 0.04695630073547363, 0.032518453896045685]"
base,ooc,74,194,189,0,0.159628763794899,"[189, 192, 272, 198, 170]","[0.159628763794899, 0.09989675879478455, 0.09601032733917236, 0.06691181659698486, 0.06493844091892242]"
base,ooc,75,287,998,0,0.3031409680843353,"[998, 46, 40, 322, 47]","[0.3031409680843353, 0.17893506586551666, 0.08099018782377243, 0.05024825409054756, 0.047733377665281296]"
base,ooc,76,295,224,0,0.13838589191436768,"[224, 295, 208, 256, 205]","[0.13838589191436768, 0.12463565170764923, 0.12362080067396164, 0.08318787813186646, 0.07063208520412445]"
base,ooc,77,92,863,0,0.10637699067592621,"[863, 472, 350, 395, 608]","[0.10637699067592621, 0.07934372127056122, 0.03986433148384094, 0.03588195517659187, 0.03443169966340065]"
base,ooc,78,17,825,0,0.2933863401412964,"[825, 912, 251, 381, 387]","[0.2933863401412964, 0.1069253534078598, 0.07465646415948868, 0.044478002935647964, 0.03950617089867592]"
base,ooc,79,105,18,0,0.5381097793579102,"[18, 93, 85, 139, 21]","[0.5381097793579102, 0.024770619347691536, 0.020229397341609, 0.019102197140455246, 0.016892295330762863]"
base,ooc,80,356,997,0,0.1674019992351532,"[997, 342, 48, 298, 269]","[0.1674019992351532, 0.10779514163732529, 0.047847673296928406, 0.04457573965191841, 0.039680566638708115]"
base,ooc,81,14,263,0,0.583512008190155,"[263, 169, 151, 264, 225]","[0.583512008190155, 0.06482946872711182, 0.05016211047768593, 0.037963420152664185, 0.03476404398679733]"
base,ooc,82,378,346,0,0.15977519750595093,"[346, 205, 213, 345, 255]","[0.15977519750595093, 0.08239933103322983, 0.06547974795103073, 0.056584183126688004, 0.05638794228434563]"
base,ooc,83,59,888,0,0.20219610631465912,"[888, 347, 349, 442, 354]","[0.20219610631465912, 0.08505263924598694, 0.05113593488931656, 0.042077697813510895, 0.023458704352378845]"
base,ooc,84,95,825,0,0.10062164813280106,"[825, 119, 649, 972, 970]","[0.10062164813280106, 0.06583035737276077, 0.06577400863170624, 0.05901121348142624, 0.0441695898771286]"
base,ooc,85,95,33,0,0.16798831522464752,"[33, 977, 978, 394, 913]","[0.16798831522464752, 0.12929312884807587, 0.11094268411397934, 0.06023215129971504, 0.04699750244617462]"
base,ooc,86,379,430,0,0.3066180646419525,"[430, 429, 890, 981, 159]","[0.3066180646419525, 0.08975154906511307, 0.06670011579990387, 0.04735098406672478, 0.040079858154058456]"
base,ooc,87,382,382,1,0.3751075565814972,"[382, 286, 250, 134, 178]","[0.3751075565814972, 0.1452201008796692, 0.06479494273662567, 0.042425449937582016, 0.028171325102448463]"
base,ooc,88,10,86,0,0.23273323476314545,"[86, 249, 10, 974, 169]","[0.23273323476314545, 0.05873305723071098, 0.05075128749012947, 0.049831461161375046, 0.049307722598314285]"
base,ooc,89,383,383,1,0.597114622592926,"[383, 105, 174, 350, 269]","[0.597114622592926, 0.11575020849704742, 0.07979901134967804, 0.02929782122373581, 0.01655481569468975]"
base,ooc,90,378,698,0,0.15702012181282043,"[698, 829, 454, 497, 483]","[0.15702012181282043, 0.11160908639431, 0.08035789430141449, 0.0796627625823021, 0.07771407067775726]"
base,ooc,91,376,695,0,0.45682814717292786,"[695, 884, 486, 857, 463]","[0.45682814717292786, 0.06000567227602005, 0.04068803787231445, 0.02719329670071602, 0.022919904440641403]"
base,ooc,92,21,272,0,0.09699079394340515,"[272, 144, 677, 977, 842]","[0.09699079394340515, 0.0883885994553566, 0.07388067245483398, 0.06961842626333237, 0.036904387176036835]"
base,ooc,93,275,217,0,0.13332894444465637,"[217, 239, 232, 227, 347]","[0.13332894444465637, 0.09104704856872559, 0.05743464082479477, 0.05687534809112549, 0.05372190847992897]"
base,ooc,94,85,970,0,0.09681869298219681,"[970, 150, 562, 350, 20]","[0.09681869298219681, 0.06999330967664719, 0.0672335997223854, 0.06490448862314224, 0.051707178354263306]"
base,ooc,95,383,249,0,0.20006980001926422,"[249, 355, 176, 246, 212]","[0.20006980001926422, 0.09319055080413818, 0.09298228472471237, 0.08557242155075073, 0.057059817016124725]"
base,ooc,96,18,988,0,0.8350807428359985,"[988, 952, 944, 956, 16]","[0.8350807428359985, 0.03122032806277275, 0.021503325551748276, 0.011287590488791466, 0.010260154493153095]"
base,ooc,97,326,276,0,0.1340690702199936,"[276, 290, 288, 280, 138]","[0.1340690702199936, 0.09731636941432953, 0.09382845461368561, 0.04479800537228584, 0.03515158221125603]"
base,ooc,98,379,348,0,0.1860799491405487,"[348, 386, 177, 101, 136]","[0.1860799491405487, 0.09606293588876724, 0.05857264995574951, 0.04716082289814949, 0.03465605154633522]"
base,ooc,99,378,18,0,0.08140929788351059,"[18, 386, 272, 8, 350]","[0.08140929788351059, 0.07978667318820953, 0.0744175985455513, 0.07037510722875595, 0.0647260770201683]"
base,ooc,100,378,143,0,0.260341078042984,"[143, 99, 146, 137, 85]","[0.260341078042984, 0.13652433454990387, 0.11515891551971436, 0.10192790627479553, 0.06377007067203522]"
base,ooc,101,379,369,0,0.2567216455936432,"[369, 367, 377, 254, 164]","[0.2567216455936432, 0.09422895312309265, 0.060372527688741684, 0.04668739065527916, 0.04431302472949028]"
base,ooc,102,12,12,1,0.9311915040016174,"[12, 140, 21, 133, 15]","[0.9311915040016174, 0.013666367158293724, 0.004541044123470783, 0.004414191469550133, 0.004016195423901081]"
base,ooc,103,18,430,0,0.2533436119556427,"[430, 890, 981, 881, 512]","[0.2533436119556427, 0.21586257219314575, 0.17850585281848907, 0.03610650449991226, 0.020340312272310257]"
base,ooc,104,428,124,0,0.06558318436145782,"[124, 55, 246, 123, 60]","[0.06558318436145782, 0.05825517699122429, 0.053759027272462845, 0.05191752314567566, 0.04194366931915283]"
base,ooc,105,376,701,0,0.262807160615921,"[701, 218, 215, 336, 21]","[0.262807160615921, 0.16930121183395386, 0.08903501182794571, 0.0697246864438057, 0.0628795474767685]"
base,ooc,106,379,136,0,0.7620529532432556,"[136, 131, 137, 37, 135]","[0.7620529532432556, 0.024960841983556747, 0.020731229335069656, 0.018065104261040688, 0.017909346148371696]"
base,ooc,107,19,182,0,0.263882040977478,"[182, 386, 425, 185, 672]","[0.263882040977478, 0.08643002063035965, 0.04585791751742363, 0.045787736773490906, 0.025662057101726532]"
base,ooc,108,18,832,0,0.13629546761512756,"[832, 701, 355, 456, 676]","[0.13629546761512756, 0.07080958038568497, 0.0685305967926979, 0.06315478682518005, 0.025818102061748505]"
base,ooc,109,95,134,0,0.11986520141363144,"[134, 127, 24, 135, 336]","[0.11986520141363144, 0.07292065024375916, 0.05822180584073067, 0.041809383779764175, 0.03623703494668007]"
base,ooc,110,95,101,0,0.1644725501537323,"[101, 386, 351, 7, 295]","[0.1644725501537323, 0.09853123873472214, 0.049840137362480164, 0.02674846537411213, 0.02529982291162014]"
base,ooc,111,17,235,0,0.05569653958082199,"[235, 880, 690, 191, 603]","[0.05569653958082199, 0.04859025031328201, 0.031194739043712616, 0.028347156941890717, 0.028154926374554634]"
base,ooc,112,232,232,1,0.3557892441749573,"[232, 239, 196, 231, 217]","[0.3557892441749573, 0.25903207063674927, 0.16107644140720367, 0.046790383756160736, 0.03992884233593941]"
base,ooc,113,382,15,0,0.13375765085220337,"[15, 382, 365, 387, 274]","[0.13375765085220337, 0.09759478271007538, 0.0904674157500267, 0.039734985679388046, 0.02447492629289627]"
base,ooc,114,622,893,0,0.15196077525615692,"[893, 745, 798, 508, 695]","[0.15196077525615692, 0.08482689410448074, 0.06494049727916718, 0.06357253342866898, 0.05876617133617401]"
base,ooc,115,372,347,0,0.6054349541664124,"[347, 255, 373, 286, 287]","[0.6054349541664124, 0.07629057765007019, 0.037715066224336624, 0.022797701880335808, 0.0180470272898674]"
base,ooc,116,313,313,1,0.49527159333229065,"[313, 879, 456, 141, 621]","[0.49527159333229065, 0.06250341236591339, 0.04868628829717636, 0.025858068838715553, 0.021631116047501564]"
base,ooc,117,18,430,0,0.24713939428329468,"[430, 752, 895, 880, 573]","[0.24713939428329468, 0.13659337162971497, 0.08893531560897827, 0.06359249353408813, 0.036324869841337204]"
base,ooc,118,919,919,1,0.819290816783905,"[919, 575, 843, 703, 660]","[0.819290816783905, 0.024704553186893463, 0.01937125436961651, 0.015850936993956566, 0.012505327351391315]"
base,ooc,119,92,55,0,0.4350009858608246,"[55, 59, 96, 64, 121]","[0.4350009858608246, 0.3944012224674225, 0.03697236627340317, 0.03421482443809509, 0.01742546446621418]"
base,ooc,120,75,99,0,0.08796396106481552,"[99, 350, 225, 236, 730]","[0.08796396106481552, 0.059833258390426636, 0.057541027665138245, 0.0524216927587986, 0.0431649312376976]"
base,ooc,121,379,417,0,0.2731298506259918,"[417, 471, 849, 880, 515]","[0.2731298506259918, 0.0675157904624939, 0.03564789518713951, 0.0325530543923378, 0.030133137479424477]"
base,ooc,122,272,188,0,0.21615727245807648,"[188, 181, 189, 212, 263]","[0.21615727245807648, 0.13665997982025146, 0.10264664143323898, 0.043456897139549255, 0.04234473034739494]"
base,ooc,123,86,603,0,0.18279005587100983,"[603, 690, 408, 525, 913]","[0.18279005587100983, 0.14414764940738678, 0.11955708265304565, 0.03471944108605385, 0.027031177654862404]"
base,ooc,124,275,255,0,0.11069069802761078,"[255, 22, 410, 347, 603]","[0.11069069802761078, 0.09651686996221542, 0.09492070972919464, 0.06643779575824738, 0.025950545445084572]"
base,ooc,125,387,189,0,0.10384579002857208,"[189, 552, 173, 184, 191]","[0.10384579002857208, 0.08243971318006516, 0.0626552477478981, 0.061046913266181946, 0.039518360048532486]"
base,ooc,126,12,701,0,0.433636873960495,"[701, 211, 82, 11, 7]","[0.433636873960495, 0.06824677437543869, 0.06771516054868698, 0.05966115742921829, 0.038801271468400955]"
base,ooc,127,17,615,0,0.1132919117808342,"[615, 450, 526, 740, 869]","[0.1132919117808342, 0.06255672872066498, 0.04713323339819908, 0.037742435932159424, 0.02984454482793808]"
base,ooc,128,899,708,0,0.10191062837839127,"[708, 441, 725, 883, 438]","[0.10191062837839127, 0.07535222172737122, 0.07176978886127472, 0.07014209032058716, 0.05969993770122528]"
base,ooc,129,365,213,0,0.15692371129989624,"[213, 184, 186, 365, 189]","[0.15692371129989624, 0.137865349650383, 0.06924257427453995, 0.06075017526745796, 0.042014848440885544]"
base,ooc,130,335,336,0,0.16563360393047333,"[336, 81, 49, 289, 825]","[0.16563360393047333, 0.14395974576473236, 0.0851336270570755, 0.08381583541631699, 0.08153436332941055]"
base,ooc,131,23,836,0,0.19265276193618774,"[836, 837, 17, 643, 929]","[0.19265276193618774, 0.14221805334091187, 0.10973882675170898, 0.06320934742689133, 0.05079445615410805]"
base,ooc,132,379,112,0,0.42631796002388,"[112, 974, 980, 13, 107]","[0.42631796002388, 0.1435612291097641, 0.06578870862722397, 0.031551893800497055, 0.025775711983442307]"
base,ooc,133,988,86,0,0.09430593252182007,"[86, 8, 363, 56, 351]","[0.09430593252182007, 0.07240002602338791, 0.06174915283918381, 0.05006549879908562, 0.04608798399567604]"
base,ooc,134,988,349,0,0.54697185754776,"[349, 112, 336, 988, 20]","[0.54697185754776, 0.07852832973003387, 0.052314434200525284, 0.04576774686574936, 0.024495024234056473]"
base,ooc,135,17,131,0,0.17708426713943481,"[131, 17, 96, 14, 89]","[0.17708426713943481, 0.11045502871274948, 0.10146842151880264, 0.08662962168455124, 0.07983944565057755]"
base,ooc,136,18,672,0,0.048436280339956284,"[672, 621, 863, 428, 224]","[0.048436280339956284, 0.0353422574698925, 0.028668729588389397, 0.028004618361592293, 0.02509782649576664]"
base,ooc,137,39,302,0,0.25118374824523926,"[302, 36, 401, 413, 22]","[0.25118374824523926, 0.09352686256170273, 0.06860461831092834, 0.05742444470524788, 0.040672119706869125]"
base,ooc,138,335,849,0,0.23793061077594757,"[849, 999, 268, 606, 424]","[0.23793061077594757, 0.04463856667280197, 0.03653882071375847, 0.02798728458583355, 0.027410922572016716]"
base,ooc,139,376,879,0,0.06996095925569534,"[879, 733, 557, 616, 506]","[0.06996095925569534, 0.06851906329393387, 0.050984520465135574, 0.05023229494690895, 0.04643348976969719]"
base,ooc,140,18,137,0,0.10717692971229553,"[137, 646, 97, 144, 958]","[0.10717692971229553, 0.07094813883304596, 0.05841536447405815, 0.03858114033937454, 0.03475545719265938]"
base,ooc,141,134,134,1,0.6482893824577332,"[134, 348, 306, 302, 353]","[0.6482893824577332, 0.03474889323115349, 0.03438843414187431, 0.029141893610358238, 0.025344643741846085]"
base,ooc,142,294,275,0,0.060188017785549164,"[275, 958, 9, 170, 7]","[0.060188017785549164, 0.05616764724254608, 0.04816010221838951, 0.04472576081752777, 0.037566352635622025]"
base,ooc,143,472,91,0,0.311676949262619,"[91, 14, 16, 313, 47]","[0.311676949262619, 0.2473299205303192, 0.11391773074865341, 0.02887224406003952, 0.025271087884902954]"
base,ooc,144,354,271,0,0.38977310061454773,"[271, 274, 168, 339, 159]","[0.38977310061454773, 0.18002595007419586, 0.043036386370658875, 0.030279764905571938, 0.029460011050105095]"
base,ooc,145,134,674,0,0.0898798331618309,"[674, 763, 587, 748, 765]","[0.0898798331618309, 0.06419190764427185, 0.05086648836731911, 0.03276112303137779, 0.03166177496314049]"
base,ooc,146,821,15,0,0.2790871262550354,"[15, 14, 13, 10, 95]","[0.2790871262550354, 0.17335543036460876, 0.14219413697719574, 0.1328495591878891, 0.052893511950969696]"
base,ooc,147,391,48,0,0.202693372964859,"[48, 49, 217, 299, 106]","[0.202693372964859, 0.0827498584985733, 0.060775432735681534, 0.04363895580172539, 0.026936698704957962]"
base,ooc,148,391,391,1,0.3992267847061157,"[391, 525, 915, 460, 649]","[0.3992267847061157, 0.13540558516979218, 0.07473044097423553, 0.07457353174686432, 0.046902596950531006]"
base,ooc,149,821,497,0,0.4074707627296448,"[497, 538, 427, 832, 884]","[0.4074707627296448, 0.10116232186555862, 0.04606395959854126, 0.04501255601644516, 0.036789435893297195]"
base,ooc,150,576,880,0,0.1162337064743042,"[880, 491, 863, 472, 703]","[0.1162337064743042, 0.08721639961004257, 0.07781074196100235, 0.06346356868743896, 0.026723962277173996]"
base,ooc,151,140,140,1,0.14430227875709534,"[140, 20, 97, 58, 360]","[0.14430227875709534, 0.12613509595394135, 0.11543896049261093, 0.11199221760034561, 0.06956156343221664]"
base,ooc,152,852,35,0,0.4299658238887787,"[35, 97, 344, 36, 30]","[0.4299658238887787, 0.10428031533956528, 0.09636923670768738, 0.06301187723875046, 0.05854836106300354]"
base,ooc,153,576,912,0,0.11322382092475891,"[912, 575, 660, 756, 428]","[0.11322382092475891, 0.04317507892847061, 0.04300730302929878, 0.04216396436095238, 0.04177267476916313]"
base,ooc,154,472,913,0,0.11439862847328186,"[913, 460, 976, 628, 672]","[0.11439862847328186, 0.07109054923057556, 0.07041043043136597, 0.0666855126619339, 0.05944476276636124]"
base,ooc,155,258,332,0,0.42407259345054626,"[332, 258, 270, 222, 203]","[0.42407259345054626, 0.16596075892448425, 0.1164383813738823, 0.04784143343567848, 0.03418326750397682]"
base,ooc,156,143,354,0,0.13173872232437134,"[354, 424, 173, 171, 355]","[0.13173872232437134, 0.12548784911632538, 0.0831272229552269, 0.0575593039393425, 0.05417792871594429]"
base,ooc,157,198,242,0,0.06601051986217499,"[242, 736, 508, 253, 752]","[0.06601051986217499, 0.06535860896110535, 0.04181905835866928, 0.041153598576784134, 0.03398176282644272]"
base,ooc,158,236,164,0,0.14562243223190308,"[164, 162, 163, 394, 166]","[0.14562243223190308, 0.09932471811771393, 0.04594552889466286, 0.04191587120294571, 0.041831124573946]"
base,ooc,159,576,361,0,0.2122376412153244,"[361, 18, 84, 54, 65]","[0.2122376412153244, 0.03574403002858162, 0.02528020180761814, 0.024924324825406075, 0.020934350788593292]"
base,ooc,160,483,525,0,0.45184290409088135,"[525, 601, 861, 538, 896]","[0.45184290409088135, 0.036668237298727036, 0.023808537051081657, 0.021538689732551575, 0.017667829990386963]"
base,ooc,161,727,936,0,0.9416118264198303,"[936, 943, 956, 939, 944]","[0.9416118264198303, 0.024955596774816513, 0.0054316832683980465, 0.004008060321211815, 0.003060784423723817]"
base,ooc,162,238,232,0,0.07945134490728378,"[232, 23, 346, 179, 256]","[0.07945134490728378, 0.07437167316675186, 0.04820484295487404, 0.04475535824894905, 0.042957235127687454]"
base,ooc,163,385,286,0,0.056303903460502625,"[286, 348, 368, 294, 219]","[0.056303903460502625, 0.051498979330062866, 0.049510449171066284, 0.0438651517033577, 0.04364457353949547]"
base,ooc,164,472,693,0,0.2655438780784607,"[693, 801, 472, 814, 895]","[0.2655438780784607, 0.08677052706480026, 0.079365074634552, 0.055434394627809525, 0.040448691695928574]"
base,ooc,165,140,222,0,0.2412751466035843,"[222, 202, 257, 185, 87]","[0.2412751466035843, 0.07112150639295578, 0.03381745144724846, 0.03322385251522064, 0.033028241246938705]"
base,ooc,166,352,953,0,0.24750418961048126,"[953, 67, 825, 27, 49]","[0.24750418961048126, 0.06296402215957642, 0.0594736747443676, 0.04350850731134415, 0.0405840240418911]"
base,ooc,167,292,94,0,0.3273528814315796,"[94, 61, 282, 12, 285]","[0.3273528814315796, 0.18092457950115204, 0.06126611679792404, 0.045565251260995865, 0.022827787324786186]"
base,ooc,168,806,974,0,0.37459149956703186,"[974, 469, 980, 274, 309]","[0.37459149956703186, 0.21764959394931793, 0.11498042941093445, 0.023866023868322372, 0.021853260695934296]"
base,ooc,169,449,997,0,0.08454326540231705,"[997, 0, 397, 449, 525]","[0.08454326540231705, 0.054229266941547394, 0.04436231404542923, 0.042254604399204254, 0.04011707380414009]"
base,ooc,170,164,460,0,0.1755729466676712,"[460, 978, 977, 975, 693]","[0.1755729466676712, 0.12781953811645508, 0.10906720161437988, 0.06949321925640106, 0.05451344698667526]"
base,ooc,171,909,424,0,0.25970733165740967,"[424, 842, 430, 401, 130]","[0.25970733165740967, 0.20180270075798035, 0.060959797352552414, 0.035572558641433716, 0.0337524451315403]"
base,ooc,172,576,895,0,0.2230098396539688,"[895, 556, 405, 764, 472]","[0.2230098396539688, 0.15412917733192444, 0.0732448399066925, 0.05310620367527008, 0.035068683326244354]"
base,ooc,173,727,14,0,0.30018651485443115,"[14, 376, 989, 988, 947]","[0.30018651485443115, 0.1943410187959671, 0.15255266427993774, 0.05022790655493736, 0.04567836970090866]"
base,ooc,174,223,702,0,0.11036740243434906,"[702, 895, 447, 920, 602]","[0.11036740243434906, 0.07509998232126236, 0.05277402326464653, 0.05079813301563263, 0.04971267655491829]"
base,ooc,175,132,134,0,0.21915414929389954,"[134, 132, 131, 146, 780]","[0.21915414929389954, 0.16942398250102997, 0.05988170579075813, 0.05486419424414635, 0.03639814257621765]"
base,ooc,176,576,277,0,0.11250793933868408,"[277, 289, 562, 200, 297]","[0.11250793933868408, 0.06438171118497849, 0.034001629799604416, 0.026790253818035126, 0.023950746282935143]"
base,ooc,177,391,649,0,0.39276090264320374,"[649, 915, 483, 425, 775]","[0.39276090264320374, 0.058849893510341644, 0.03269870579242706, 0.026920728385448456, 0.02240235172212124]"
base,ooc,178,708,978,0,0.23125296831130981,"[978, 672, 807, 795, 975]","[0.23125296831130981, 0.08524880558252335, 0.08122086524963379, 0.062076982110738754, 0.05873279646039009]"
base,ooc,179,132,999,0,0.2506024241447449,"[999, 882, 553, 725, 745]","[0.2506024241447449, 0.05987222492694855, 0.03888591751456261, 0.036209143698215485, 0.029459534212946892]"
base,ooc,180,576,420,0,0.2679671347141266,"[420, 171, 889, 236, 700]","[0.2679671347141266, 0.14421015977859497, 0.03644903376698494, 0.02649126760661602, 0.02432188019156456]"
base,ooc,181,143,429,0,0.1095825806260109,"[429, 719, 722, 3, 725]","[0.1095825806260109, 0.09320886433124542, 0.07611817866563797, 0.048630986362695694, 0.041957270354032516]"
base,ooc,182,842,595,0,0.08735304325819016,"[595, 787, 805, 730, 491]","[0.08735304325819016, 0.065519779920578, 0.04553056135773659, 0.04122475907206535, 0.027615679427981377]"
base,ooc,183,372,387,0,0.18047256767749786,"[387, 16, 364, 90, 380]","[0.18047256767749786, 0.14297960698604584, 0.08239596337080002, 0.058487024158239365, 0.0438426248729229]"
base,ooc,184,36,84,0,0.4934154152870178,"[84, 330, 331, 86, 374]","[0.4934154152870178, 0.033366281539201736, 0.028509793803095818, 0.019932962954044342, 0.016601648181676865]"
base,ooc,185,660,736,0,0.18979418277740479,"[736, 532, 492, 526, 559]","[0.18979418277740479, 0.11004848778247833, 0.09101032465696335, 0.05684606730937958, 0.041638683527708054]"
base,ooc,186,821,915,0,0.13571032881736755,"[915, 456, 726, 595, 830]","[0.13571032881736755, 0.0488830991089344, 0.03372173011302948, 0.02668897435069084, 0.02628636546432972]"
base,ooc,187,449,324,0,0.18811243772506714,"[324, 992, 321, 325, 141]","[0.18811243772506714, 0.0890362411737442, 0.0864224061369896, 0.045745208859443665, 0.04036209359765053]"
base,ooc,188,131,176,0,0.11879132688045502,"[176, 23, 83, 805, 131]","[0.11879132688045502, 0.055511828511953354, 0.04238661751151085, 0.030679194256663322, 0.0282327588647604]"
base,ooc,189,576,532,0,0.3092036545276642,"[532, 846, 564, 526, 417]","[0.3092036545276642, 0.08152264356613159, 0.05129074677824974, 0.04888707399368286, 0.03666084632277489]"
base,ooc,190,140,142,0,0.18005168437957764,"[142, 318, 140, 616, 326]","[0.18005168437957764, 0.1683843731880188, 0.05365169048309326, 0.053596921265125275, 0.03943384438753128]"
base,ooc,191,576,707,0,0.18015305697917938,"[707, 571, 534, 872, 681]","[0.18015305697917938, 0.0955929309129715, 0.0626252144575119, 0.06129808351397514, 0.04291544482111931]"
base,ooc,192,355,291,0,0.3619007170200348,"[291, 386, 271, 274, 349]","[0.3619007170200348, 0.14939969778060913, 0.07053010165691376, 0.05541306361556053, 0.054978642612695694]"
base,ooc,193,511,511,1,0.5906358361244202,"[511, 436, 817, 751, 656]","[0.5906358361244202, 0.20650999248027802, 0.13606445491313934, 0.014137787744402885, 0.01082517858594656]"
base,ooc,194,417,975,0,0.30718737840652466,"[975, 449, 460, 536, 483]","[0.30718737840652466, 0.2128218561410904, 0.08025377243757248, 0.06099187210202217, 0.038687389343976974]"
base,ooc,195,404,649,0,0.10913228988647461,"[649, 690, 184, 76, 863]","[0.10913228988647461, 0.046281296759843826, 0.04438813775777817, 0.038492750376462936, 0.037978481501340866]"
base,ooc,196,701,414,0,0.10300739854574203,"[414, 533, 434, 721, 421]","[0.10300739854574203, 0.05586647614836693, 0.04710260406136513, 0.04626712203025818, 0.03485434874892235]"
base,ooc,197,701,705,0,0.6121647357940674,"[705, 466, 627, 547, 829]","[0.6121647357940674, 0.23114857077598572, 0.06478787213563919, 0.0208024550229311, 0.010121160186827183]"
base,ooc,198,701,701,1,0.3335186541080475,"[701, 943, 939, 417, 790]","[0.3335186541080475, 0.1601007878780365, 0.049140412360429764, 0.0471251904964447, 0.029068797826766968]"
base,ooc,199,350,970,0,0.6326587200164795,"[970, 483, 958, 649, 672]","[0.6326587200164795, 0.07379453629255295, 0.06322832405567169, 0.03317569941282272, 0.029955973848700523]"
base,ooc,200,618,758,0,0.19605077803134918,"[758, 613, 430, 404, 805]","[0.19605077803134918, 0.16272008419036865, 0.10482758283615112, 0.052048057317733765, 0.04094499722123146]"
base,ooc,201,984,404,0,0.06589142978191376,"[404, 871, 895, 471, 876]","[0.06589142978191376, 0.05653957277536392, 0.056138426065444946, 0.05227624624967575, 0.0453721284866333]"
base,ooc,202,645,288,0,0.09019094705581665,"[288, 138, 331, 282, 355]","[0.09019094705581665, 0.08330376446247101, 0.07341312617063522, 0.04066556319594383, 0.03394337743520737]"
base,ooc,203,808,114,0,0.08697617053985596,"[114, 54, 41, 315, 313]","[0.08697617053985596, 0.08252383768558502, 0.07252155989408493, 0.06795807182788849, 0.04369822144508362]"
base,ooc,204,755,672,0,0.5033004879951477,"[672, 807, 518, 805, 915]","[0.5033004879951477, 0.19824939966201782, 0.06613568216562271, 0.02542463317513466, 0.023004865273833275]"
base,ooc,205,663,698,0,0.2529865503311157,"[698, 663, 497, 668, 873]","[0.2529865503311157, 0.20922400057315826, 0.12309547513723373, 0.05736532807350159, 0.03886999934911728]"
base,ooc,206,404,64,0,0.1160302683711052,"[64, 657, 943, 847, 404]","[0.1160302683711052, 0.06222836300730705, 0.05876340717077255, 0.051240406930446625, 0.03823859244585037]"
base,ooc,207,540,624,0,0.11300084739923477,"[624, 762, 822, 420, 909]","[0.11300084739923477, 0.05315674468874931, 0.04358632117509842, 0.041048191487789154, 0.03696531057357788]"
base,ooc,208,958,56,0,0.17282895743846893,"[56, 222, 327, 321, 390]","[0.17282895743846893, 0.06412739306688309, 0.03907659649848938, 0.03455998748540878, 0.029851814731955528]"
base,ooc,209,483,84,0,0.48040300607681274,"[84, 88, 135, 580, 379]","[0.48040300607681274, 0.07173465192317963, 0.03350158780813217, 0.017891990020871162, 0.016382936388254166]"
base,ooc,210,898,266,0,0.20422512292861938,"[266, 267, 265, 355, 181]","[0.20422512292861938, 0.1189408078789711, 0.10040857642889023, 0.046259600669145584, 0.031086118891835213]"
base,ooc,211,649,89,0,0.08420930802822113,"[89, 744, 180, 749, 834]","[0.08420930802822113, 0.04722799360752106, 0.040643367916345596, 0.036849457770586014, 0.03623305261135101]"
base,ooc,212,812,522,0,0.3303624987602234,"[522, 912, 410, 401, 214]","[0.3303624987602234, 0.1293695867061615, 0.046159107238054276, 0.028685573488473892, 0.020637230947613716]"
base,ooc,213,701,701,1,0.15372152626514435,"[701, 1, 115, 29, 879]","[0.15372152626514435, 0.12503063678741455, 0.06244896352291107, 0.05581502243876457, 0.024879280477762222]"
base,ooc,214,405,148,0,0.4017125368118286,"[148, 140, 146, 147, 20]","[0.4017125368118286, 0.04617231711745262, 0.04582779482007027, 0.030673032626509666, 0.02492072619497776]"
base,ooc,215,832,832,1,0.1275644302368164,"[832, 707, 637, 410, 480]","[0.1275644302368164, 0.07168003916740417, 0.06627018749713898, 0.057180196046829224, 0.04792831093072891]"
base,ooc,216,475,571,0,0.2034132182598114,"[571, 765, 420, 415, 475]","[0.2034132182598114, 0.08439034223556519, 0.060877539217472076, 0.05249037966132164, 0.05096667259931564]"
base,ooc,217,22,879,0,0.5115964412689209,"[879, 728, 701, 93, 22]","[0.5115964412689209, 0.053124021738767624, 0.02812669612467289, 0.0218815840780735, 0.020537642762064934]"
base,ooc,218,724,133,0,0.18125617504119873,"[133, 74, 420, 75, 70]","[0.18125617504119873, 0.06349263340234756, 0.04808732122182846, 0.04653163626790047, 0.04366930201649666]"
base,ooc,219,871,871,1,0.43276622891426086,"[871, 484, 755, 900, 780]","[0.43276622891426086, 0.2955279052257538, 0.040105048567056656, 0.03775811195373535, 0.028437325730919838]"
base,ooc,220,807,574,0,0.0987708568572998,"[574, 434, 544, 919, 791]","[0.0987708568572998, 0.06196370720863342, 0.05149722471833229, 0.04025020822882652, 0.039474278688430786]"
base,ooc,221,805,805,1,0.2862653434276581,"[805, 701, 792, 148, 412]","[0.2862653434276581, 0.1322358399629593, 0.0881531834602356, 0.021001501008868217, 0.0172482430934906]"
base,ooc,222,405,660,0,0.106481172144413,"[660, 539, 437, 706, 733]","[0.106481172144413, 0.06034683808684349, 0.040742624551057816, 0.03863855451345444, 0.031455863267183304]"
base,ooc,223,14,839,0,0.35676267743110657,"[839, 233, 979, 199, 277]","[0.35676267743110657, 0.054204706102609634, 0.03998330980539322, 0.03272288292646408, 0.025061968713998795]"
base,ooc,224,22,206,0,0.20942242443561554,"[206, 22, 972, 775, 708]","[0.20942242443561554, 0.1220383495092392, 0.06197367236018181, 0.05158068984746933, 0.03787168487906456]"
base,ooc,225,404,847,0,0.14516660571098328,"[847, 812, 744, 657, 575]","[0.14516660571098328, 0.12778609991073608, 0.09551797062158585, 0.08270318806171417, 0.04949947074055672]"
base,ooc,226,583,872,0,0.23415140807628632,"[872, 128, 18, 835, 425]","[0.23415140807628632, 0.05832187086343765, 0.056164298206567764, 0.05488800257444382, 0.05051281303167343]"
base,ooc,227,900,532,0,0.19315676391124725,"[532, 541, 915, 492, 756]","[0.19315676391124725, 0.16312158107757568, 0.08909890800714493, 0.064398393034935, 0.024540221318602562]"
base,ooc,228,437,583,0,0.19736120104789734,"[583, 846, 648, 674, 840]","[0.19736120104789734, 0.1404300183057785, 0.039831098169088364, 0.030808351933956146, 0.024878880009055138]"
base,ooc,229,345,349,0,0.4922623336315155,"[349, 345, 350, 386, 351]","[0.4922623336315155, 0.22608107328414917, 0.07536318898200989, 0.07376190274953842, 0.03544217720627785]"
base,ooc,230,913,133,0,0.3004706799983978,"[133, 136, 44, 37, 131]","[0.3004706799983978, 0.07996668666601181, 0.054155949503183365, 0.041881587356328964, 0.038090676069259644]"
base,ooc,231,839,718,0,0.42701229453086853,"[718, 839, 448, 580, 900]","[0.42701229453086853, 0.23016765713691711, 0.08107084035873413, 0.06242245435714722, 0.028475400060415268]"
base,ooc,232,920,99,0,0.1368020921945572,"[99, 912, 483, 137, 500]","[0.1368020921945572, 0.07921568304300308, 0.03092261031270027, 0.030538124963641167, 0.029470523819327354]"
base,ooc,233,802,235,0,0.24125982820987701,"[235, 768, 172, 176, 170]","[0.24125982820987701, 0.1488810032606125, 0.06452412158250809, 0.04776099696755409, 0.041633572429418564]"
base,ooc,234,755,807,0,0.4489569067955017,"[807, 755, 580, 915, 835]","[0.4489569067955017, 0.413145512342453, 0.0330161526799202, 0.020521143451333046, 0.009496734477579594]"
base,ooc,235,93,164,0,0.14226344227790833,"[164, 85, 171, 195, 251]","[0.14226344227790833, 0.12296715378761292, 0.05634331330657005, 0.047151993960142136, 0.03256641700863838]"
base,ooc,236,821,703,0,0.3132612109184265,"[703, 912, 706, 511, 428]","[0.3132612109184265, 0.06520707160234451, 0.057756051421165466, 0.05765429884195328, 0.03286741301417351]"
base,ooc,237,437,144,0,0.2845010459423065,"[144, 142, 137, 135, 141]","[0.2845010459423065, 0.23273730278015137, 0.2146558165550232, 0.02929474599659443, 0.024249745532870293]"
base,ooc,238,649,791,0,0.19810150563716888,"[791, 682, 707, 833, 546]","[0.19810150563716888, 0.09990224242210388, 0.06267327070236206, 0.05426899343729019, 0.043044112622737885]"
base,ooc,239,682,715,0,0.2166544497013092,"[715, 846, 747, 778, 760]","[0.2166544497013092, 0.1918569952249527, 0.14403943717479706, 0.07293733209371567, 0.039644256234169006]"
base,ooc,240,900,454,0,0.27946043014526367,"[454, 900, 571, 538, 863]","[0.27946043014526367, 0.09352239221334457, 0.051536474376916885, 0.036306045949459076, 0.023029718548059464]"
base,ooc,241,557,843,0,0.18406251072883606,"[843, 958, 872, 557, 839]","[0.18406251072883606, 0.08433998376131058, 0.049341488629579544, 0.03833302855491638, 0.028975743800401688]"
base,ooc,242,812,795,0,0.34655821323394775,"[795, 802, 78, 33, 792]","[0.34655821323394775, 0.028426984325051308, 0.02352873422205448, 0.020328186452388763, 0.01922929659485817]"
base,ooc,243,988,90,0,0.17600317299365997,"[90, 988, 81, 53, 31]","[0.17600317299365997, 0.13911409676074982, 0.063933826982975, 0.04271842911839485, 0.04063490033149719]"
base,ooc,244,322,138,0,0.8409333825111389,"[138, 131, 331, 134, 141]","[0.8409333825111389, 0.03742041438817978, 0.03219670057296753, 0.03137614578008652, 0.01360450778156519]"
base,ooc,245,131,51,0,0.07531345635652542,"[51, 160, 153, 722, 229]","[0.07531345635652542, 0.0690947100520134, 0.055605582892894745, 0.03681854158639908, 0.036307159811258316]"
base,ooc,246,309,176,0,0.16717016696929932,"[176, 46, 39, 212, 356]","[0.16717016696929932, 0.06093030422925949, 0.050534188747406006, 0.03136174753308296, 0.028903866186738014]"
base,ooc,247,324,611,0,0.08330079168081284,"[611, 387, 101, 334, 296]","[0.08330079168081284, 0.05100330337882042, 0.033109117299318314, 0.03281385451555252, 0.03048808127641678]"
base,ooc,248,133,791,0,0.12757658958435059,"[791, 612, 744, 652, 830]","[0.12757658958435059, 0.07808003574609756, 0.044555727392435074, 0.04274570569396019, 0.03568209335207939]"
base,ooc,249,988,988,1,0.2772565186023712,"[988, 774, 398, 855, 951]","[0.2772565186023712, 0.1084880605340004, 0.059994906187057495, 0.05536220967769623, 0.035736046731472015]"
base,ooc,250,13,559,0,0.07396753877401352,"[559, 122, 202, 938, 738]","[0.07396753877401352, 0.04243561998009682, 0.03986913338303566, 0.03580063208937645, 0.031347889453172684]"
base,ooc,251,309,148,0,0.375914603471756,"[148, 833, 562, 977, 978]","[0.375914603471756, 0.23109588027000427, 0.056019365787506104, 0.024326948449015617, 0.012607398442924023]"
base,ooc,252,991,991,1,0.5588059425354004,"[991, 988, 429, 108, 430]","[0.5588059425354004, 0.15244042873382568, 0.044427089393138885, 0.02771458961069584, 0.021231846883893013]"
base,ooc,253,303,832,0,0.40782421827316284,"[832, 701, 141, 672, 908]","[0.40782421827316284, 0.08724723011255264, 0.06911381334066391, 0.05473921447992325, 0.049365490674972534]"
base,ooc,254,309,799,0,0.18282920122146606,"[799, 669, 765, 579, 532]","[0.18282920122146606, 0.15546952188014984, 0.1478884071111679, 0.07275259494781494, 0.0613567940890789]"
base,ooc,255,324,324,1,0.9445123672485352,"[324, 326, 325, 322, 129]","[0.9445123672485352, 0.04853767156600952, 0.005687971133738756, 0.0002584790054243058, 0.0002357517514610663]"
base,ooc,256,303,302,0,0.24588117003440857,"[302, 306, 304, 652, 28]","[0.24588117003440857, 0.07267159223556519, 0.0646628886461258, 0.037279777228832245, 0.034349143505096436]"
base,ooc,257,323,37,0,0.07373230159282684,"[37, 91, 133, 994, 25]","[0.07373230159282684, 0.07351478189229965, 0.059430334717035294, 0.04864223673939705, 0.04542888328433037]"
base,ooc,258,989,773,0,0.2110406458377838,"[773, 87, 725, 308, 315]","[0.2110406458377838, 0.07581872493028641, 0.0630846694111824, 0.05137725546956062, 0.04777606204152107]"
base,ooc,259,324,803,0,0.2575345039367676,"[803, 279, 847, 974, 812]","[0.2575345039367676, 0.14674419164657593, 0.1074766218662262, 0.02710782177746296, 0.02506401762366295]"
base,ooc,260,989,522,0,0.5522249937057495,"[522, 417, 339, 790, 943]","[0.5522249937057495, 0.07326974719762802, 0.06481986492872238, 0.03656797856092453, 0.02616807073354721]"
base,ooc,261,323,701,0,0.39964672923088074,"[701, 671, 872, 323, 755]","[0.39964672923088074, 0.236935555934906, 0.07704637199640274, 0.04906630888581276, 0.036777157336473465]"
base,ooc,262,78,12,0,0.4432702660560608,"[12, 11, 830, 93, 671]","[0.4432702660560608, 0.18053323030471802, 0.036226172000169754, 0.01804358884692192, 0.01579873263835907]"
base,ooc,263,945,700,0,0.12295739352703094,"[700, 222, 850, 108, 296]","[0.12295739352703094, 0.10533123463392258, 0.07589221000671387, 0.07566925883293152, 0.06597957015037537]"
base,ooc,264,303,449,0,0.12682212889194489,"[449, 472, 693, 137, 249]","[0.12682212889194489, 0.103969044983387, 0.09105857461690903, 0.05519874766469002, 0.05200393870472908]"
base,ooc,265,78,545,0,0.276580274105072,"[545, 420, 402, 776, 612]","[0.276580274105072, 0.24154679477214813, 0.06305693089962006, 0.05597595125436783, 0.04978585243225098]"
base,ooc,266,323,323,1,0.9457292556762695,"[323, 701, 444, 671, 417]","[0.9457292556762695, 0.03678303211927414, 0.008853752166032791, 0.003813370130956173, 0.0011705297511070967]"
base,ooc,267,309,706,0,0.22601701319217682,"[706, 421, 862, 756, 424]","[0.22601701319217682, 0.15770301222801208, 0.07162049412727356, 0.0697905421257019, 0.05774213746190071]"
base,ooc,268,77,278,0,0.21773706376552582,"[278, 276, 280, 336, 349]","[0.21773706376552582, 0.14007896184921265, 0.08103445172309875, 0.07440289855003357, 0.029902450740337372]"
base,ooc,269,945,419,0,0.09248277544975281,"[419, 990, 680, 952, 903]","[0.09248277544975281, 0.05616644024848938, 0.04687800258398056, 0.04141785204410553, 0.037100814282894135]"
base,ooc,270,322,8,0,0.2823296785354614,"[8, 7, 569, 756, 930]","[0.2823296785354614, 0.049212925136089325, 0.040276527404785156, 0.03697480261325836, 0.0357937254011631]"
base,ooc,271,27,492,0,0.1846608966588974,"[492, 684, 954, 607, 719]","[0.1846608966588974, 0.11756222695112228, 0.05641327053308487, 0.030072759836912155, 0.028537042438983917]"
base,ooc,272,321,321,1,0.9730015993118286,"[321, 25, 322, 28, 323]","[0.9730015993118286, 0.01064587663859129, 0.010467962361872196, 0.0006402126746252179, 0.00042254821164533496]"
base,ooc,273,323,323,1,0.996301531791687,"[323, 304, 316, 321, 319]","[0.996301531791687, 0.0005695932195521891, 0.000439978000940755, 0.0003761124680750072, 0.000338253885274753]"
base,ooc,274,937,519,0,0.49026942253112793,"[519, 525, 492, 596, 677]","[0.49026942253112793, 0.2505919337272644, 0.04344339668750763, 0.0434044674038887, 0.03662587329745293]"
base,ooc,275,73,884,0,0.21253037452697754,"[884, 500, 872, 892, 599]","[0.21253037452697754, 0.16661269962787628, 0.11624088883399963, 0.0984606221318245, 0.04815462604165077]"
base,ooc,276,322,672,0,0.12551717460155487,"[672, 135, 839, 322, 133]","[0.12551717460155487, 0.07472925633192062, 0.047303639352321625, 0.03486623242497444, 0.03323803469538689]"
base,ooc,277,40,16,0,0.20293539762496948,"[16, 91, 14, 133, 15]","[0.20293539762496948, 0.15903642773628235, 0.128887340426445, 0.05255785584449768, 0.05053417757153511]"
base,ooc,278,31,393,0,0.1584526151418686,"[393, 973, 277, 975, 472]","[0.1584526151418686, 0.08915714174509048, 0.04374200850725174, 0.04250847548246384, 0.03254788741469383]"
base,ooc,279,321,802,0,0.6024127006530762,"[802, 321, 537, 450, 795]","[0.6024127006530762, 0.2181355506181717, 0.0916079506278038, 0.010682955384254456, 0.007590253837406635]"
base,ooc,280,58,701,0,0.16605469584465027,"[701, 33, 107, 112, 396]","[0.16605469584465027, 0.11568774282932281, 0.10217589139938354, 0.1011681854724884, 0.051511574536561966]"
base,ooc,281,309,308,0,0.33783799409866333,"[308, 303, 246, 310, 312]","[0.33783799409866333, 0.1915597766637802, 0.0475495383143425, 0.04078659415245056, 0.03998748958110809]"
base,ooc,282,303,657,0,0.11421845108270645,"[657, 758, 744, 795, 832]","[0.11421845108270645, 0.07308492809534073, 0.05474108085036278, 0.04396307095885277, 0.038708724081516266]"
base,ooc,283,325,69,0,0.27846547961235046,"[69, 37, 60, 209, 51]","[0.27846547961235046, 0.04862193763256073, 0.04062065854668617, 0.028038574382662773, 0.025172138586640358]"
base,ooc,284,323,323,1,0.9214758276939392,"[323, 541, 444, 421, 642]","[0.9214758276939392, 0.0379314124584198, 0.005797967314720154, 0.005774091463536024, 0.0031815932597965]"
base,ooc,285,304,301,0,0.08030692487955093,"[301, 308, 304, 314, 22]","[0.08030692487955093, 0.07784193009138107, 0.06844794005155563, 0.054428260773420334, 0.045658618211746216]"
base,ooc,286,18,18,1,0.9918758869171143,"[18, 882, 171, 768, 93]","[0.9918758869171143, 0.0005346155376173556, 0.00044699438149109483, 0.00033017058740369976, 0.00032998359529301524]"
base,ooc,287,178,178,1,0.32493075728416443,"[178, 159, 161, 208, 209]","[0.32493075728416443, 0.15962529182434082, 0.10396569967269897, 0.09142047166824341, 0.05421599745750427]"
base,ooc,288,83,658,0,0.1930989921092987,"[658, 564, 474, 840, 87]","[0.1930989921092987, 0.08322369307279587, 0.07794260233640671, 0.05995989590883255, 0.03653594106435776]"
base,ooc,289,362,139,0,0.2917332947254181,"[139, 272, 161, 273, 97]","[0.2917332947254181, 0.06181860342621803, 0.048149704933166504, 0.038162197917699814, 0.029806355014443398]"
base,ooc,290,272,350,0,0.2787339687347412,"[350, 209, 274, 269, 342]","[0.2787339687347412, 0.08690455555915833, 0.03971278667449951, 0.03845882788300514, 0.03556632995605469]"
base,ooc,291,102,346,0,0.08948520570993423,"[346, 342, 460, 87, 564]","[0.08948520570993423, 0.07585679739713669, 0.0616532601416111, 0.04980967566370964, 0.04684579372406006]"
base,ooc,292,423,958,0,0.42785555124282837,"[958, 912, 483, 472, 99]","[0.42785555124282837, 0.1318347305059433, 0.04191455617547035, 0.03394577279686928, 0.025084586814045906]"
base,ooc,293,543,614,0,0.084554024040699,"[614, 564, 877, 490, 571]","[0.084554024040699, 0.06688541173934937, 0.0414113886654377, 0.037613287568092346, 0.028621092438697815]"
base,ooc,294,277,373,0,0.1496187448501587,"[373, 371, 372, 185, 296]","[0.1496187448501587, 0.11656443029642105, 0.0673496276140213, 0.054558344185352325, 0.0412626676261425]"
base,ooc,295,428,428,1,0.21631847321987152,"[428, 603, 690, 449, 586]","[0.21631847321987152, 0.19698557257652283, 0.07787130773067474, 0.05312560126185417, 0.025066843256354332]"
base,ooc,296,134,51,0,0.12222754210233688,"[51, 173, 171, 172, 516]","[0.12222754210233688, 0.09023871272802353, 0.0674893856048584, 0.06306518614292145, 0.04062113165855408]"
base,ooc,297,298,358,0,0.08979648351669312,"[358, 674, 298, 846, 382]","[0.08979648351669312, 0.08640648424625397, 0.06660094112157822, 0.031189147382974625, 0.026261242106556892]"
base,ooc,298,170,360,0,0.4213714599609375,"[360, 299, 286, 20, 178]","[0.4213714599609375, 0.0550994910299778, 0.03305044397711754, 0.030758783221244812, 0.02886856719851494]"
base,ooc,299,363,51,0,0.1862405687570572,"[51, 182, 206, 180, 39]","[0.1862405687570572, 0.12953530251979828, 0.1148151159286499, 0.06121044233441353, 0.03845524042844772]"
base,ooc,300,356,87,0,0.16104155778884888,"[87, 263, 225, 8, 189]","[0.16104155778884888, 0.10956083983182907, 0.04423174634575844, 0.02960771881043911, 0.02837076038122177]"
base,ooc,301,161,172,0,0.33910587430000305,"[172, 263, 162, 253, 176]","[0.33910587430000305, 0.15193678438663483, 0.08483591675758362, 0.06640031933784485, 0.054442912340164185]"
base,ooc,302,254,254,1,0.2668657600879669,"[254, 719, 113, 159, 243]","[0.2668657600879669, 0.16155707836151123, 0.12740156054496765, 0.06086750328540802, 0.060182761400938034]"
base,ooc,303,145,145,1,0.9740511178970337,"[145, 10, 89, 17, 18]","[0.9740511178970337, 0.010139081627130508, 0.0030751649755984545, 0.0020734332501888275, 0.0019176966743543744]"
base,ooc,304,171,541,0,0.0803251713514328,"[541, 88, 655, 87, 840]","[0.0803251713514328, 0.05133089795708656, 0.03354712948203087, 0.02788497880101204, 0.02010432444512844]"
base,ooc,305,299,331,0,0.2387724220752716,"[331, 336, 86, 85, 272]","[0.2387724220752716, 0.16866053640842438, 0.10193638503551483, 0.042141616344451904, 0.03374732285737991]"
base,ooc,306,251,251,1,0.995677649974823,"[251, 246, 212, 289, 258]","[0.995677649974823, 0.0021368684247136116, 0.0007896686438471079, 0.000423539022449404, 0.0001594274799572304]"
base,ooc,307,292,37,0,0.11485276371240616,"[37, 282, 47, 989, 994]","[0.11485276371240616, 0.0886787474155426, 0.060025107115507126, 0.04599044471979141, 0.04541323706507683]"
base,ooc,308,77,315,0,0.20895618200302124,"[315, 311, 16, 306, 303]","[0.20895618200302124, 0.13648070394992828, 0.07452666014432907, 0.07023146748542786, 0.05344777554273605]"
base,ooc,309,305,145,0,0.09294789284467697,"[145, 89, 349, 87, 306]","[0.09294789284467697, 0.08679748326539993, 0.05928627401590347, 0.05371265485882759, 0.05163431540131569]"
base,ooc,310,299,133,0,0.09446103125810623,"[133, 337, 349, 348, 20]","[0.09446103125810623, 0.09146042913198471, 0.06924500316381454, 0.06255603581666946, 0.05487052723765373]"
base,ooc,311,83,667,0,0.2624737322330475,"[667, 808, 921, 721, 906]","[0.2624737322330475, 0.14614757895469666, 0.037018418312072754, 0.0328267440199852, 0.032257381826639175]"
base,ooc,312,362,147,0,0.41793501377105713,"[147, 148, 98, 144, 362]","[0.41793501377105713, 0.08043444901704788, 0.07646957784891129, 0.047681745141744614, 0.037876714020967484]"
base,ooc,313,85,140,0,0.3905790448188782,"[140, 85, 138, 355, 99]","[0.3905790448188782, 0.11564812064170837, 0.045960113406181335, 0.04314429312944412, 0.042503807693719864]"
base,ooc,314,203,173,0,0.18427886068820953,"[173, 203, 376, 373, 89]","[0.18427886068820953, 0.15896424651145935, 0.05483047664165497, 0.03823985904455185, 0.0320843942463398]"
base,ooc,315,79,81,0,0.3366054594516754,"[81, 144, 371, 82, 83]","[0.3366054594516754, 0.06046738848090172, 0.04273660480976105, 0.041681867092847824, 0.03767198324203491]"
base,ooc,316,71,23,0,0.08266176283359528,"[23, 7, 8, 282, 202]","[0.08266176283359528, 0.06739749014377594, 0.05883379653096199, 0.041402269154787064, 0.03669017180800438]"
base,ooc,317,298,5,0,0.09737416356801987,"[5, 161, 6, 178, 327]","[0.09737416356801987, 0.06232112646102905, 0.05830841511487961, 0.0435362346470356, 0.04287015646696091]"
base,ooc,318,336,182,0,0.12771809101104736,"[182, 299, 235, 191, 163]","[0.12771809101104736, 0.09481911361217499, 0.07037271559238434, 0.05379684269428253, 0.038753509521484375]"
base,ooc,319,425,427,0,0.1557663232088089,"[427, 519, 492, 449, 778]","[0.1557663232088089, 0.0684368908405304, 0.05236705765128136, 0.050824716687202454, 0.04188033938407898]"
base,ooc,320,137,128,0,0.1141289547085762,"[128, 93, 18, 634, 8]","[0.1141289547085762, 0.06850510090589523, 0.05385535955429077, 0.04505537822842598, 0.044193070381879807]"
base,ooc,321,372,309,0,0.5324850678443909,"[309, 985, 946, 323, 324]","[0.5324850678443909, 0.1963777393102646, 0.08678895235061646, 0.03608006238937378, 0.03496832773089409]"
base,ooc,322,958,524,0,0.085555799305439,"[524, 905, 831, 415, 666]","[0.085555799305439, 0.06215775012969971, 0.05984380096197128, 0.0488051176071167, 0.03883225843310356]"
base,ooc,323,232,978,0,0.44267013669013977,"[978, 970, 460, 977, 913]","[0.44267013669013977, 0.11412791162729263, 0.08150779455900192, 0.07640630751848221, 0.042565666139125824]"
base,ooc,324,279,222,0,0.11522047221660614,"[222, 245, 267, 265, 208]","[0.11522047221660614, 0.08603410422801971, 0.06847380846738815, 0.06717655807733536, 0.05923128128051758]"
base,ooc,325,146,211,0,0.3301433026790619,"[211, 122, 159, 558, 88]","[0.3301433026790619, 0.2671341598033905, 0.07651705294847488, 0.07310225814580917, 0.014032620936632156]"
base,ooc,326,352,378,0,0.09152078628540039,"[378, 93, 135, 448, 96]","[0.09152078628540039, 0.08543954789638519, 0.0717150866985321, 0.05377567186951637, 0.047540076076984406]"
base,ooc,327,958,532,0,0.21174657344818115,"[532, 765, 789, 448, 731]","[0.21174657344818115, 0.0803900957107544, 0.0673179104924202, 0.06528659909963608, 0.054475124925374985]"
base,ooc,328,958,831,0,0.14089229702949524,"[831, 475, 706, 579, 492]","[0.14089229702949524, 0.04537868872284889, 0.03459019213914871, 0.03203846514225006, 0.02797544002532959]"
base,ooc,329,275,87,0,0.1627488136291504,"[87, 176, 981, 170, 251]","[0.1627488136291504, 0.11867755651473999, 0.06486010551452637, 0.03323847055435181, 0.03164144605398178]"
base,ooc,330,888,541,0,0.1353098303079605,"[541, 699, 642, 558, 822]","[0.1353098303079605, 0.09405051171779633, 0.07858327776193619, 0.0533062182366848, 0.04419834911823273]"
base,ooc,331,352,311,0,0.2719097137451172,"[311, 124, 312, 40, 457]","[0.2719097137451172, 0.08393670618534088, 0.06671636551618576, 0.032094910740852356, 0.03015345148742199]"
base,ooc,332,85,84,0,0.09951294213533401,"[84, 646, 226, 212, 210]","[0.09951294213533401, 0.0705542042851448, 0.06573120504617691, 0.04633725807070732, 0.02566126175224781]"
base,ooc,333,9,544,0,0.24405157566070557,"[544, 909, 715, 597, 695]","[0.24405157566070557, 0.10215573757886887, 0.08356382697820663, 0.03767591342329979, 0.028785742819309235]"
base,ooc,334,199,136,0,0.12551967799663544,"[136, 357, 913, 976, 649]","[0.12551967799663544, 0.10620611906051636, 0.06672393530607224, 0.05798714980483055, 0.03957345709204674]"
base,ooc,335,522,142,0,0.2785078287124634,"[142, 49, 133, 141, 272]","[0.2785078287124634, 0.12078524380922318, 0.09120896458625793, 0.053482118993997574, 0.03860992193222046]"
base,ooc,336,340,315,0,0.25080394744873047,"[315, 503, 311, 135, 767]","[0.25080394744873047, 0.05126923695206642, 0.044659778475761414, 0.04457191377878189, 0.041041918098926544]"
base,ooc,337,9,310,0,0.17708031833171844,"[310, 316, 9, 318, 343]","[0.17708031833171844, 0.08373621106147766, 0.06998290866613388, 0.04876912757754326, 0.042913682758808136]"
base,ooc,338,386,343,0,0.7746516466140747,"[343, 101, 346, 386, 348]","[0.7746516466140747, 0.08071254193782806, 0.024107957258820534, 0.0224801953881979, 0.0157683864235878]"
base,ooc,339,274,765,0,0.269338458776474,"[765, 184, 191, 213, 432]","[0.269338458776474, 0.10326004773378372, 0.07511253654956818, 0.06820647418498993, 0.04549310356378555]"
base,ooc,340,274,87,0,0.324739933013916,"[87, 365, 373, 150, 346]","[0.324739933013916, 0.06476700305938721, 0.057692546397447586, 0.03141661733388901, 0.03025750443339348]"
base,ooc,341,254,237,0,0.093236044049263,"[237, 151, 162, 254, 242]","[0.093236044049263, 0.05814984440803528, 0.053559448570013046, 0.04063574597239494, 0.036628980189561844]"
base,ooc,342,185,291,0,0.31414735317230225,"[291, 226, 185, 231, 186]","[0.31414735317230225, 0.14658740162849426, 0.09252163022756577, 0.04615740850567818, 0.027685903012752533]"
base,ooc,343,169,12,0,0.19939282536506653,"[12, 17, 524, 90, 8]","[0.19939282536506653, 0.07475434988737106, 0.044198840856552124, 0.03538372740149498, 0.025255121290683746]"
base,ooc,344,193,182,0,0.4509996473789215,"[182, 185, 186, 196, 194]","[0.4509996473789215, 0.1440999060869217, 0.06310917437076569, 0.04939476028084755, 0.04158817604184151]"
base,ooc,345,355,760,0,0.16195818781852722,"[760, 631, 812, 550, 896]","[0.16195818781852722, 0.12234097719192505, 0.04975176975131035, 0.04585809260606766, 0.03659607470035553]"
base,ooc,346,83,840,0,0.13170133531093597,"[840, 658, 850, 462, 204]","[0.13170133531093597, 0.0650840774178505, 0.05792231485247612, 0.04977035149931908, 0.03481145575642586]"
base,ooc,347,355,374,0,0.480664998292923,"[374, 218, 355, 231, 376]","[0.480664998292923, 0.0689823105931282, 0.06607036292552948, 0.05116942524909973, 0.019519226625561714]"
base,ooc,348,172,858,0,0.3004802167415619,"[858, 695, 490, 562, 506]","[0.3004802167415619, 0.058252301067113876, 0.04980378597974777, 0.036756210029125214, 0.02590692788362503]"
base,ooc,349,958,958,1,0.26210078597068787,"[958, 562, 649, 525, 825]","[0.26210078597068787, 0.09712585061788559, 0.08513517677783966, 0.08158880472183228, 0.03449828177690506]"
base,ooc,350,425,803,0,0.22319118678569794,"[803, 425, 792, 410, 408]","[0.22319118678569794, 0.0702354833483696, 0.04728595167398453, 0.03967822343111038, 0.033477067947387695]"
base,ooc,351,958,209,0,0.08063030242919922,"[209, 958, 270, 850, 211]","[0.08063030242919922, 0.0713200643658638, 0.06325728446245193, 0.053208716213703156, 0.04111894592642784]"
base,ooc,352,425,422,0,0.5372171401977539,"[422, 870, 830, 428, 612]","[0.5372171401977539, 0.2478518784046173, 0.024367036297917366, 0.012557461857795715, 0.009662791155278683]"
base,ooc,353,681,212,0,0.19624309241771698,"[212, 935, 792, 20, 131]","[0.19624309241771698, 0.048831816762685776, 0.038015007972717285, 0.03781579062342644, 0.030444927513599396]"
base,ooc,354,755,985,0,0.9580170512199402,"[985, 879, 672, 309, 325]","[0.9580170512199402, 0.008762172423303127, 0.004454083740711212, 0.004416969604790211, 0.002294914098456502]"
base,ooc,355,251,791,0,0.3156381845474243,"[791, 706, 562, 444, 772]","[0.3156381845474243, 0.057526953518390656, 0.05688798427581787, 0.01964380592107773, 0.018570998683571815]"
base,ooc,356,209,291,0,0.06861848384141922,"[291, 276, 972, 372, 76]","[0.06861848384141922, 0.06094493344426155, 0.045321233570575714, 0.04483190178871155, 0.04398658126592636]"
base,ooc,357,872,532,0,0.06824573874473572,"[532, 726, 891, 921, 16]","[0.06824573874473572, 0.05229908227920532, 0.04439050704240799, 0.04209292307496071, 0.03487330302596092]"
base,ooc,358,177,177,1,0.30091315507888794,"[177, 206, 350, 143, 9]","[0.30091315507888794, 0.11189831793308258, 0.06418308615684509, 0.06290194392204285, 0.05774018168449402]"
base,ooc,359,172,140,0,0.623369574546814,"[140, 142, 12, 141, 326]","[0.623369574546814, 0.11354123800992966, 0.08353511989116669, 0.052481044083833694, 0.022939732298254967]"
base,ooc,360,425,477,0,0.03782166913151741,"[477, 788, 165, 891, 494]","[0.03782166913151741, 0.03111567720770836, 0.030328186228871346, 0.026657097041606903, 0.02418568730354309]"
base,ooc,361,191,191,1,0.23209582269191742,"[191, 189, 175, 160, 182]","[0.23209582269191742, 0.16954118013381958, 0.09648510068655014, 0.07722562551498413, 0.05247119441628456]"
base,ooc,362,23,21,0,0.1562725454568863,"[21, 23, 20, 127, 962]","[0.1562725454568863, 0.13857027888298035, 0.08400040119886398, 0.03319306671619415, 0.02889425680041313]"
base,ooc,363,353,351,0,0.5444974303245544,"[351, 339, 350, 225, 354]","[0.5444974303245544, 0.30093812942504883, 0.04237527772784233, 0.014455835334956646, 0.013144751079380512]"
base,ooc,364,209,614,0,0.10587998479604721,"[614, 161, 338, 725, 411]","[0.10587998479604721, 0.0582125298678875, 0.042225923389196396, 0.03505723550915718, 0.03448460251092911]"
base,ooc,365,352,415,0,0.16365477442741394,"[415, 865, 850, 929, 523]","[0.16365477442741394, 0.1390562206506729, 0.12798357009887695, 0.04933274909853935, 0.03922855481505394]"
base,ooc,366,690,136,0,0.30326929688453674,"[136, 125, 397, 51, 309]","[0.30326929688453674, 0.05513960123062134, 0.03296278044581413, 0.025548845529556274, 0.019826579838991165]"
base,ooc,367,348,642,0,0.3260233402252197,"[642, 580, 822, 762, 706]","[0.3260233402252197, 0.14269348978996277, 0.09036650508642197, 0.06144743040204048, 0.059122223407030106]"
base,ooc,368,336,84,0,0.05917811766266823,"[84, 706, 750, 672, 161]","[0.05917811766266823, 0.04920854791998863, 0.04621170088648796, 0.04404449462890625, 0.04292745888233185]"
base,ooc,369,574,951,0,0.09244022518396378,"[951, 940, 649, 852, 90]","[0.09244022518396378, 0.05558263882994652, 0.02855588123202324, 0.02653234824538231, 0.026532310992479324]"
base,ooc,370,172,128,0,0.4788181185722351,"[128, 88, 136, 93, 351]","[0.4788181185722351, 0.3334210515022278, 0.04421863332390785, 0.011337250471115112, 0.009745082817971706]"
base,ooc,371,428,134,0,0.2676086723804474,"[134, 141, 706, 142, 140]","[0.2676086723804474, 0.12218425422906876, 0.09949646145105362, 0.06636083126068115, 0.035200085490942]"
base,ooc,372,277,532,0,0.15494376420974731,"[532, 851, 651, 548, 453]","[0.15494376420974731, 0.11032990366220474, 0.09397034347057343, 0.08319104462862015, 0.06598864495754242]"
base,ooc,373,209,170,0,0.1897745132446289,"[170, 348, 184, 182, 172]","[0.1897745132446289, 0.13964180648326874, 0.11990326642990112, 0.09626626968383789, 0.07103410363197327]"
base,ooc,374,575,575,1,0.9011117815971375,"[575, 621, 843, 757, 890]","[0.9011117815971375, 0.040993619710206985, 0.03573509305715561, 0.003529271809384227, 0.0033045285381376743]"
base,ooc,375,958,325,0,0.31772130727767944,"[325, 321, 322, 324, 136]","[0.31772130727767944, 0.12938696146011353, 0.06936565041542053, 0.06898466497659683, 0.037608176469802856]"
base,ooc,376,340,340,1,0.5739254355430603,"[340, 701, 984, 437, 562]","[0.5739254355430603, 0.14234225451946259, 0.088921457529068, 0.019252615049481392, 0.01891920529305935]"
base,ooc,377,191,795,0,0.38613006472587585,"[795, 970, 802, 214, 263]","[0.38613006472587585, 0.09278299659490585, 0.036621272563934326, 0.033675890415906906, 0.027579501271247864]"
base,ooc,378,232,232,1,0.4922894239425659,"[232, 155, 217, 196, 247]","[0.4922894239425659, 0.12449411302804947, 0.07567501813173294, 0.03368052467703819, 0.03022712655365467]"
base,ooc,379,352,354,0,0.6572628021240234,"[354, 701, 429, 349, 348]","[0.6572628021240234, 0.1031375601887703, 0.03874928131699562, 0.027097860351204872, 0.01682182587683201]"
base,ooc,380,373,294,0,0.40304383635520935,"[294, 276, 235, 373, 372]","[0.40304383635520935, 0.05745584890246391, 0.05339670181274414, 0.04796561226248741, 0.038470834493637085]"
base,ooc,381,353,91,0,0.29958125948905945,"[91, 80, 92, 128, 136]","[0.29958125948905945, 0.16090238094329834, 0.10829779505729675, 0.07004611194133759, 0.05205648019909859]"
base,ooc,382,888,57,0,0.3268929421901703,"[57, 53, 58, 61, 55]","[0.3268929421901703, 0.12009800225496292, 0.07790391892194748, 0.0630793645977974, 0.03751326724886894]"
base,ooc,383,286,853,0,0.9439747333526611,"[853, 87, 884, 797, 71]","[0.9439747333526611, 0.004371187184005976, 0.003268936648964882, 0.0027557495050132275, 0.0023937842343002558]"
base,ooc,384,299,364,0,0.5288527011871338,"[364, 335, 271, 382, 299]","[0.5288527011871338, 0.08973444998264313, 0.03648916631937027, 0.0349506139755249, 0.030166860669851303]"
base,ooc,385,350,614,0,0.1924067884683609,"[614, 776, 652, 266, 513]","[0.1924067884683609, 0.10934857279062271, 0.10161641240119934, 0.03126959502696991, 0.024286800995469093]"
base,ooc,386,143,143,1,0.9856122732162476,"[143, 146, 97, 139, 18]","[0.9856122732162476, 0.003379358444362879, 0.002421989571303129, 0.0020034604240208864, 0.001250261440873146]"
base,ooc,387,336,9,0,0.09858573228120804,"[9, 525, 421, 355, 843]","[0.09858573228120804, 0.06399144977331161, 0.05989648774266243, 0.04074573144316673, 0.03547915443778038]"
base,ooc,388,353,792,0,0.15645372867584229,"[792, 236, 237, 428, 278]","[0.15645372867584229, 0.10600937902927399, 0.0945584625005722, 0.07621477544307709, 0.04646505042910576]"
base,ooc,389,305,820,0,0.4521715044975281,"[820, 634, 847, 525, 547]","[0.4521715044975281, 0.13377399742603302, 0.12036222219467163, 0.05837797373533249, 0.030266599729657173]"
base,ooc,390,349,348,0,0.5285797715187073,"[348, 349, 346, 296, 39]","[0.5285797715187073, 0.3140758275985718, 0.020607054233551025, 0.014130170457065105, 0.013717364519834518]"
base,ooc,391,11,115,0,0.44699224829673767,"[115, 962, 963, 110, 329]","[0.44699224829673767, 0.08572917431592941, 0.08485184609889984, 0.04622400552034378, 0.03525465354323387]"
base,ooc,392,26,958,0,0.5461888909339905,"[958, 649, 425, 354, 976]","[0.5461888909339905, 0.1933976113796234, 0.06131383776664734, 0.027623426169157028, 0.024862684309482574]"
base,ooc,393,336,88,0,0.08549506962299347,"[88, 12, 382, 377, 428]","[0.08549506962299347, 0.08399774879217148, 0.04044776037335396, 0.03484371677041054, 0.03392336890101433]"
base,ooc,394,79,448,0,0.10591717064380646,"[448, 425, 863, 884, 245]","[0.10591717064380646, 0.037145763635635376, 0.03709248825907707, 0.03527368605136871, 0.03214993700385094]"
base,ooc,395,63,337,0,0.15825185179710388,"[337, 50, 360, 192, 69]","[0.15825185179710388, 0.10172025859355927, 0.07255254685878754, 0.03817521408200264, 0.03235660865902901]"
base,ooc,396,349,31,0,0.144160658121109,"[31, 119, 162, 161, 264]","[0.144160658121109, 0.06371226906776428, 0.05897611007094383, 0.04821547865867615, 0.04062743857502937]"
base,ooc,397,17,562,0,0.1271016001701355,"[562, 150, 871, 148, 814]","[0.1271016001701355, 0.10102015733718872, 0.09102915972471237, 0.08373874425888062, 0.06946788728237152]"
base,ooc,398,354,298,0,0.19651423394680023,"[298, 48, 135, 336, 50]","[0.19651423394680023, 0.14251847565174103, 0.060237038880586624, 0.046903081238269806, 0.03138170391321182]"
base,ooc,399,172,309,0,0.41002580523490906,"[309, 352, 271, 273, 993]","[0.41002580523490906, 0.03998720273375511, 0.03228333592414856, 0.020629988983273506, 0.018313100561499596]"
base,ooc,400,390,52,0,0.18495365977287292,"[52, 30, 488, 39, 58]","[0.18495365977287292, 0.06607071310281754, 0.056617651134729385, 0.04829233139753342, 0.044317688792943954]"
base,ooc,401,42,703,0,0.2168365716934204,"[703, 843, 879, 428, 345]","[0.2168365716934204, 0.06289408355951309, 0.06277935951948166, 0.0454789474606514, 0.03182493522763252]"
base,ooc,402,251,992,0,0.18176457285881042,"[992, 947, 991, 994, 996]","[0.18176457285881042, 0.132890522480011, 0.10380344837903976, 0.07605446875095367, 0.07009439915418625]"
base,ooc,403,13,408,0,0.37627658247947693,"[408, 652, 394, 663, 982]","[0.37627658247947693, 0.044757772237062454, 0.036607250571250916, 0.03360048681497574, 0.0329778827726841]"
base,ooc,404,139,139,1,0.9841777086257935,"[139, 976, 22, 81, 972]","[0.9841777086257935, 0.003264760598540306, 0.001171823008917272, 0.0010739682475104928, 0.0009136085282079875]"
base,ooc,405,336,386,0,0.3190457820892334,"[386, 101, 385, 336, 371]","[0.3190457820892334, 0.11984966695308685, 0.058753933757543564, 0.04562348499894142, 0.031048253178596497]"
base,ooc,406,277,309,0,0.15922367572784424,"[309, 303, 324, 938, 937]","[0.15922367572784424, 0.1283254772424698, 0.08902512490749359, 0.0758645310997963, 0.06146575137972832]"
base,ooc,407,375,707,0,0.283855140209198,"[707, 424, 480, 571, 786]","[0.283855140209198, 0.10462344437837601, 0.09284693002700806, 0.056553203612565994, 0.0355701670050621]"
base,ooc,408,26,994,0,0.40940946340560913,"[994, 27, 114, 57, 54]","[0.40940946340560913, 0.10654802620410919, 0.09413336962461472, 0.06021376699209213, 0.048362910747528076]"
base,ooc,409,295,205,0,0.0731552392244339,"[205, 206, 256, 348, 342]","[0.0731552392244339, 0.05615665391087532, 0.05268752574920654, 0.04679908603429794, 0.04261600971221924]"
base,ooc,410,674,908,0,0.35116249322891235,"[908, 672, 915, 517, 821]","[0.35116249322891235, 0.13326019048690796, 0.09768640249967575, 0.04960472881793976, 0.0283603947609663]"
base,ooc,411,57,48,0,0.23723648488521576,"[48, 140, 49, 13, 139]","[0.23723648488521576, 0.09979920834302902, 0.06519372761249542, 0.05586191639304161, 0.053208913654088974]"
base,ooc,412,59,135,0,0.15669547021389008,"[135, 50, 139, 133, 142]","[0.15669547021389008, 0.1043395921587944, 0.09266173094511032, 0.09199228882789612, 0.06981413066387177]"
base,ooc,413,357,171,0,0.15566973388195038,"[171, 263, 230, 163, 235]","[0.15566973388195038, 0.09352792054414749, 0.07806632667779922, 0.060062408447265625, 0.04426655173301697]"
base,ooc,414,336,170,0,0.1285552978515625,"[170, 277, 172, 981, 159]","[0.1285552978515625, 0.07911984622478485, 0.06477254629135132, 0.05885477736592293, 0.05465810000896454]"
base,ooc,415,86,430,0,0.9298279285430908,"[430, 429, 981, 805, 701]","[0.9298279285430908, 0.008881173096597195, 0.006906145252287388, 0.0053274668753147125, 0.005008019972592592]"
base,ooc,416,62,369,0,0.07157914340496063,"[369, 88, 368, 387, 371]","[0.07157914340496063, 0.06954732537269592, 0.06458272784948349, 0.04101273790001869, 0.04019838571548462]"
base,ooc,417,677,706,0,0.10906967520713806,"[706, 454, 624, 708, 498]","[0.10906967520713806, 0.08124276250600815, 0.046131812036037445, 0.04233632609248161, 0.0392267219722271]"
base,ooc,418,387,348,0,0.2450200468301773,"[348, 973, 33, 51, 390]","[0.2450200468301773, 0.15504591166973114, 0.11921193450689316, 0.03774077817797661, 0.034006912261247635]"
base,ooc,419,85,989,0,0.09468004107475281,"[989, 85, 15, 321, 326]","[0.09468004107475281, 0.09062392264604568, 0.06458299607038498, 0.058142516762018204, 0.05572076514363289]"
base,ooc,420,544,137,0,0.08631663024425507,"[137, 5, 450, 936, 565]","[0.08631663024425507, 0.06858561933040619, 0.05956654250621796, 0.04649712145328522, 0.045947108417749405]"
base,ooc,421,77,77,1,0.2721634805202484,"[77, 312, 311, 953, 309]","[0.2721634805202484, 0.21303032338619232, 0.1374160796403885, 0.09395892918109894, 0.03815953806042671]"
base,ooc,422,357,649,0,0.415492981672287,"[649, 958, 672, 347, 100]","[0.415492981672287, 0.0832318365573883, 0.054146770387887955, 0.04243066906929016, 0.028744930401444435]"
base,ooc,423,383,383,1,0.08132187277078629,"[383, 825, 79, 288, 497]","[0.08132187277078629, 0.05504840612411499, 0.052347131073474884, 0.04713300243020058, 0.0454060398042202]"
base,ooc,424,277,274,0,0.16331784427165985,"[274, 213, 225, 7, 211]","[0.16331784427165985, 0.08562503755092621, 0.07017684727907181, 0.06376343220472336, 0.04081622511148453]"
base,ooc,425,803,560,0,0.09021952003240585,"[560, 981, 879, 505, 866]","[0.09021952003240585, 0.042548276484012604, 0.0406024232506752, 0.039966631680727005, 0.037369031459093094]"
base,ooc,426,792,591,0,0.12407415360212326,"[591, 557, 396, 496, 448]","[0.12407415360212326, 0.08328499644994736, 0.057463739067316055, 0.04006463661789894, 0.03713247552514076]"
base,ooc,427,795,564,0,0.42382264137268066,"[564, 831, 707, 750, 423]","[0.42382264137268066, 0.13845448195934296, 0.04755235090851784, 0.0451335646212101, 0.04154113680124283]"
base,ooc,428,83,340,0,0.24518917500972748,"[340, 83, 99, 791, 177]","[0.24518917500972748, 0.235609769821167, 0.07622731477022171, 0.0381305068731308, 0.02908971719443798]"
base,ooc,429,24,95,0,0.22048944234848022,"[95, 364, 14, 16, 381]","[0.22048944234848022, 0.14698734879493713, 0.07067544758319855, 0.06664375960826874, 0.061904966831207275]"
base,ooc,430,802,25,0,0.8162946701049805,"[25, 119, 28, 328, 53]","[0.8162946701049805, 0.08677176386117935, 0.03029855154454708, 0.005616900976747274, 0.0038796348962932825]"
base,ooc,431,491,115,0,0.1675063669681549,"[115, 78, 329, 110, 65]","[0.1675063669681549, 0.15128785371780396, 0.08555527776479721, 0.0548662394285202, 0.04737299680709839]"
base,ooc,432,277,131,0,0.09080015867948532,"[131, 286, 17, 842, 176]","[0.09080015867948532, 0.06437034159898758, 0.03982233628630638, 0.030921462923288345, 0.022646857425570488]"
base,ooc,433,802,421,0,0.09901131689548492,"[421, 603, 751, 879, 764]","[0.09901131689548492, 0.09534373879432678, 0.06051649898290634, 0.05031478404998779, 0.04454982653260231]"
base,ooc,434,802,394,0,0.20904652774333954,"[394, 802, 143, 472, 792]","[0.20904652774333954, 0.12682360410690308, 0.07933588325977325, 0.076775461435318, 0.05276066064834595]"
base,ooc,435,516,88,0,0.12500058114528656,"[88, 998, 825, 91, 133]","[0.12500058114528656, 0.050828978419303894, 0.04855165630578995, 0.030277345329523087, 0.029276609420776367]"
base,ooc,436,13,15,0,0.519795298576355,"[15, 13, 21, 980, 10]","[0.519795298576355, 0.14705750346183777, 0.11362336575984955, 0.024660365656018257, 0.024114852771162987]"
base,ooc,437,296,296,1,0.7371987104415894,"[296, 270, 87, 341, 99]","[0.7371987104415894, 0.20268075168132782, 0.015480853617191315, 0.010925211943686008, 0.010422544553875923]"
base,ooc,438,425,437,0,0.3246603012084961,"[437, 425, 908, 405, 449]","[0.3246603012084961, 0.26414716243743896, 0.0358254574239254, 0.03439749404788017, 0.02820262871682644]"
base,ooc,439,223,913,0,0.33319559693336487,"[913, 404, 405, 977, 978]","[0.33319559693336487, 0.09559907019138336, 0.09546513110399246, 0.05990041047334671, 0.05197105556726456]"
base,ooc,440,795,704,0,0.04514479637145996,"[704, 870, 652, 99, 890]","[0.04514479637145996, 0.042711976915597916, 0.036033663898706436, 0.035925012081861496, 0.034716300666332245]"
base,ooc,441,13,355,0,0.07936125993728638,"[355, 99, 408, 142, 730]","[0.07936125993728638, 0.07048880308866501, 0.05999524146318436, 0.0570237971842289, 0.04794447124004364]"
base,ooc,442,227,349,0,0.4458170533180237,"[349, 171, 546, 849, 236]","[0.4458170533180237, 0.18239188194274902, 0.03186099976301193, 0.02703242376446724, 0.02679288573563099]"
base,ooc,443,867,832,0,0.0814288854598999,"[832, 595, 649, 898, 803]","[0.0814288854598999, 0.055994559079408646, 0.035278014838695526, 0.02997051551938057, 0.025355298072099686]"
base,ooc,444,232,232,1,0.8007198572158813,"[232, 212, 196, 217, 200]","[0.8007198572158813, 0.03152550011873245, 0.02058236673474312, 0.020023582503199577, 0.017731621861457825]"
base,ooc,445,795,683,0,0.06414363533258438,"[683, 835, 144, 757, 646]","[0.06414363533258438, 0.0420345813035965, 0.03648172318935394, 0.02934945560991764, 0.025116251781582832]"
base,ooc,446,81,751,0,0.08580553531646729,"[751, 714, 89, 456, 132]","[0.08580553531646729, 0.032549288123846054, 0.03102251887321472, 0.030247824266552925, 0.029657121747732162]"
base,ooc,447,238,445,0,0.19350208342075348,"[445, 842, 345, 433, 843]","[0.19350208342075348, 0.07146582007408142, 0.06682316213846207, 0.06235732510685921, 0.03629525750875473]"
base,ooc,448,296,162,0,0.2693859934806824,"[162, 684, 448, 8, 356]","[0.2693859934806824, 0.06980904191732407, 0.05057680234313011, 0.027068663388490677, 0.024607792496681213]"
base,ooc,449,172,652,0,0.059513360261917114,"[652, 253, 394, 391, 172]","[0.059513360261917114, 0.0488283708691597, 0.0365271233022213, 0.03477564826607704, 0.03196170926094055]"
base,ooc,450,178,178,1,0.20672957599163055,"[178, 168, 159, 246, 213]","[0.20672957599163055, 0.11446595937013626, 0.10911756753921509, 0.0812058374285698, 0.043657828122377396]"
base,ooc,451,803,450,0,0.24918429553508759,"[450, 769, 510, 798, 751]","[0.24918429553508759, 0.2326492816209793, 0.09044269472360611, 0.048169445246458054, 0.04064014181494713]"
base,ooc,452,331,17,0,0.5561644434928894,"[17, 15, 90, 320, 16]","[0.5561644434928894, 0.10642559081315994, 0.06739868968725204, 0.03574410825967789, 0.026133248582482338]"
base,ooc,453,292,217,0,0.24514085054397583,"[217, 355, 340, 348, 79]","[0.24514085054397583, 0.05106891691684723, 0.040135689079761505, 0.02024037577211857, 0.01963689737021923]"
base,ooc,454,787,765,0,0.37703078985214233,"[765, 520, 920, 706, 519]","[0.37703078985214233, 0.06742798537015915, 0.041119273751974106, 0.03849819675087929, 0.03729480504989624]"
base,ooc,455,231,842,0,0.4318104386329651,"[842, 263, 253, 231, 230]","[0.4318104386329651, 0.1628318876028061, 0.07485043257474899, 0.025915607810020447, 0.024472452700138092]"
base,ooc,456,81,723,0,0.1542295217514038,"[723, 825, 7, 134, 84]","[0.1542295217514038, 0.1376124769449234, 0.07087737321853638, 0.04680405929684639, 0.042266927659511566]"
base,ooc,457,803,398,0,0.23719865083694458,"[398, 441, 907, 696, 737]","[0.23719865083694458, 0.1367456316947937, 0.09297873079776764, 0.048153169453144073, 0.04469139501452446]"
base,ooc,458,792,736,0,0.10296020656824112,"[736, 812, 896, 879, 598]","[0.10296020656824112, 0.08001438528299332, 0.07883970439434052, 0.06347490847110748, 0.06305017322301865]"
base,ooc,459,654,864,0,0.3380248248577118,"[864, 408, 814, 812, 757]","[0.3380248248577118, 0.11477530747652054, 0.05284174904227257, 0.05247745290398598, 0.043537963181734085]"
base,ooc,460,170,184,0,0.17683196067810059,"[184, 534, 448, 171, 192]","[0.17683196067810059, 0.06382904946804047, 0.05936078727245331, 0.05260096862912178, 0.046134211122989655]"
base,ooc,461,199,224,0,0.22485166788101196,"[224, 344, 256, 346, 214]","[0.22485166788101196, 0.1476277858018875, 0.1413530856370926, 0.05496612936258316, 0.025696344673633575]"
base,ooc,462,795,102,0,0.08882789313793182,"[102, 334, 272, 946, 293]","[0.08882789313793182, 0.07885266840457916, 0.059769004583358765, 0.05245073884725571, 0.04605011269450188]"
base,ooc,463,802,598,0,0.6558313965797424,"[598, 564, 548, 762, 495]","[0.6558313965797424, 0.030340144410729408, 0.013643407262861729, 0.012614359147846699, 0.011106016114354134]"
base,ooc,464,198,198,1,0.15987513959407806,"[198, 496, 568, 697, 883]","[0.15987513959407806, 0.11038830131292343, 0.07294656336307526, 0.06728437542915344, 0.04658528417348862]"
base,ooc,465,209,134,0,0.20220252871513367,"[134, 21, 4, 22, 142]","[0.20220252871513367, 0.11416230350732803, 0.09876212477684021, 0.08681689947843552, 0.086446113884449]"
base,ooc,466,247,491,0,0.14595210552215576,"[491, 350, 97, 18, 349]","[0.14595210552215576, 0.14095744490623474, 0.11728734523057938, 0.08944151550531387, 0.08174781501293182]"
base,ooc,467,224,387,0,0.08760271966457367,"[387, 224, 381, 365, 237]","[0.08760271966457367, 0.06375738233327866, 0.05536976829171181, 0.04637390747666359, 0.033549241721630096]"
base,ooc,468,258,258,1,0.4947410821914673,"[258, 257, 279, 270, 248]","[0.4947410821914673, 0.0859990119934082, 0.05059223994612694, 0.04748329520225525, 0.045452043414115906]"
base,ooc,469,13,396,0,0.663982093334198,"[396, 97, 103, 309, 397]","[0.663982093334198, 0.02064562402665615, 0.011239003390073776, 0.010226886719465256, 0.00948267336934805]"
base,ooc,470,339,339,1,0.18017305433750153,"[339, 842, 242, 159, 391]","[0.18017305433750153, 0.15093886852264404, 0.049017533659935, 0.0393105186522007, 0.037805747240781784]"
base,ooc,471,888,525,0,0.38794681429862976,"[525, 888, 709, 893, 421]","[0.38794681429862976, 0.36834561824798584, 0.13823702931404114, 0.012218416668474674, 0.0066671110689640045]"
base,ooc,472,258,270,0,0.5303999185562134,"[270, 260, 333, 269, 373]","[0.5303999185562134, 0.08723988384008408, 0.05766313895583153, 0.03917626291513443, 0.024624155834317207]"
base,ooc,473,792,88,0,0.16470079123973846,"[88, 723, 806, 816, 496]","[0.16470079123973846, 0.0593070462346077, 0.057193148881196976, 0.03721537068486214, 0.027928845956921577]"
base,ooc,474,792,912,0,0.10455188155174255,"[912, 9, 346, 354, 49]","[0.10455188155174255, 0.09052112698554993, 0.07301097363233566, 0.0663655698299408, 0.06462069600820541]"
base,ooc,475,346,347,0,0.5318893194198608,"[347, 149, 342, 205, 208]","[0.5318893194198608, 0.3374303877353668, 0.014764364808797836, 0.010133888572454453, 0.00842265971004963]"
base,ooc,476,671,671,1,0.2549809515476227,"[671, 914, 350, 978, 733]","[0.2549809515476227, 0.06044359132647514, 0.05575958266854286, 0.04468984156847, 0.03357452154159546]"
base,ooc,477,724,406,0,0.23565255105495453,"[406, 846, 752, 857, 428]","[0.23565255105495453, 0.09562628716230392, 0.053435515612363815, 0.0527661070227623, 0.03570309281349182]"
base,ooc,478,394,394,1,0.08168745785951614,"[394, 845, 981, 752, 756]","[0.08168745785951614, 0.07399653643369675, 0.06968595832586288, 0.03327347710728645, 0.028097154572606087]"
base,ooc,479,672,750,0,0.1365961879491806,"[750, 178, 669, 681, 520]","[0.1365961879491806, 0.11666321754455566, 0.09705695509910583, 0.07934849709272385, 0.06296174228191376]"
base,ooc,480,289,82,0,0.11522471159696579,"[82, 9, 170, 66, 62]","[0.11522471159696579, 0.1105792224407196, 0.091091588139534, 0.050717081874608994, 0.043821752071380615]"
base,ooc,481,818,920,0,0.6157209873199463,"[920, 829, 615, 778, 534]","[0.6157209873199463, 0.07743509858846664, 0.02226216532289982, 0.01996932551264763, 0.013260716572403908]"
base,ooc,482,853,306,0,0.10647489130496979,"[306, 691, 836, 192, 303]","[0.10647489130496979, 0.058804016560316086, 0.04710464924573898, 0.04658389091491699, 0.04452976584434509]"
base,ooc,483,239,239,1,0.22534997761249542,"[239, 232, 241, 795, 240]","[0.22534997761249542, 0.14681462943553925, 0.10156477242708206, 0.08919256925582886, 0.06606632471084595]"
base,ooc,484,425,579,0,0.4071720242500305,"[579, 642, 555, 534, 791]","[0.4071720242500305, 0.10416294634342194, 0.049205344170331955, 0.031198859214782715, 0.029743680730462074]"
base,ooc,485,355,208,0,0.10561937093734741,"[208, 491, 325, 145, 797]","[0.10561937093734741, 0.08648733049631119, 0.05316031351685524, 0.049315571784973145, 0.04576554149389267]"
base,ooc,486,863,576,0,0.29746460914611816,"[576, 454, 612, 637, 424]","[0.29746460914611816, 0.07761470973491669, 0.06731537729501724, 0.043677184730768204, 0.04094421863555908]"
base,ooc,487,349,22,0,0.16172806918621063,"[22, 97, 143, 344, 500]","[0.16172806918621063, 0.14066073298454285, 0.1176365539431572, 0.09618913382291794, 0.05233385041356087]"
base,ooc,488,703,974,0,0.11944732815027237,"[974, 718, 449, 460, 978]","[0.11944732815027237, 0.1043916791677475, 0.10391847044229507, 0.09965531527996063, 0.055041827261447906]"
base,ooc,489,425,425,1,0.5285364985466003,"[425, 449, 517, 663, 694]","[0.5285364985466003, 0.12294498085975647, 0.04729168862104416, 0.0419989638030529, 0.0321023128926754]"
base,ooc,490,795,854,0,0.3717537820339203,"[854, 572, 894, 851, 470]","[0.3717537820339203, 0.1480892151594162, 0.07361654937267303, 0.04369246959686279, 0.042255524545907974]"
base,ooc,491,690,668,0,0.08345450460910797,"[668, 803, 586, 612, 873]","[0.08345450460910797, 0.06592068821191788, 0.05283194035291672, 0.0412532314658165, 0.034668080508708954]"
base,ooc,492,672,672,1,0.819850504398346,"[672, 990, 129, 645, 428]","[0.819850504398346, 0.02524792216718197, 0.02385142259299755, 0.014518738724291325, 0.010795226320624352]"
base,ooc,493,671,783,0,0.07605775445699692,"[783, 971, 671, 788, 695]","[0.07605775445699692, 0.059134360402822495, 0.05802445113658905, 0.04924232140183449, 0.03605841472744942]"
base,ooc,494,81,118,0,0.2457863688468933,"[118, 119, 975, 58, 344]","[0.2457863688468933, 0.13407917320728302, 0.05227038636803627, 0.03734007477760315, 0.035634737461805344]"
base,ooc,495,733,959,0,0.28703251481056213,"[959, 965, 54, 938, 924]","[0.28703251481056213, 0.14494076371192932, 0.10452622175216675, 0.0660780668258667, 0.049714647233486176]"
base,ooc,496,672,672,1,0.2797752916812897,"[672, 410, 132, 622, 110]","[0.2797752916812897, 0.03183968737721443, 0.022099986672401428, 0.01987798511981964, 0.017810015007853508]"
base,ooc,497,795,341,0,0.09464189410209656,"[341, 428, 463, 877, 427]","[0.09464189410209656, 0.08790940791368484, 0.08310476690530777, 0.0819745808839798, 0.07449668645858765]"
base,ooc,498,663,510,0,0.2755836248397827,"[510, 779, 408, 536, 705]","[0.2755836248397827, 0.15202809870243073, 0.07675265520811081, 0.06547907739877701, 0.05249783396720886]"
base,ooc,499,705,462,0,0.12767711281776428,"[462, 853, 79, 539, 721]","[0.12767711281776428, 0.11482997983694077, 0.041879963129758835, 0.03956948220729828, 0.03729429095983505]"
base,ooc,500,675,886,0,0.27641311287879944,"[886, 411, 450, 709, 882]","[0.27641311287879944, 0.04720507562160492, 0.03474787250161171, 0.030016707256436348, 0.021793074905872345]"
base,ooc,501,404,404,1,0.9585995674133301,"[404, 895, 908, 812, 913]","[0.9585995674133301, 0.012830660678446293, 0.007037356961518526, 0.006245124619454145, 0.005821867845952511]"
base,ooc,502,609,847,0,0.18957771360874176,"[847, 413, 954, 652, 738]","[0.18957771360874176, 0.0534951351583004, 0.049044881016016006, 0.04473428055644035, 0.040884945541620255]"
base,ooc,503,672,833,0,0.5196409225463867,"[833, 847, 510, 408, 625]","[0.5196409225463867, 0.07042239606380463, 0.031530216336250305, 0.02935034967958927, 0.020349713042378426]"
base,ooc,504,915,915,1,0.24698758125305176,"[915, 895, 134, 403, 251]","[0.24698758125305176, 0.11356222629547119, 0.06451978534460068, 0.04527703672647476, 0.041631508618593216]"
base,ooc,505,336,344,0,0.4477843642234802,"[344, 374, 350, 345, 652]","[0.4477843642234802, 0.06009387969970703, 0.03631802275776863, 0.03019627369940281, 0.024115275591611862]"
base,ooc,506,515,134,0,0.2493523508310318,"[134, 138, 135, 128, 127]","[0.2493523508310318, 0.18952041864395142, 0.09133172780275345, 0.08293949067592621, 0.039726242423057556]"
base,ooc,507,425,425,1,0.5260140299797058,"[425, 498, 821, 517, 497]","[0.5260140299797058, 0.12995359301567078, 0.050941791385412216, 0.026381943374872208, 0.024131381884217262]"
base,ooc,508,404,890,0,0.13051268458366394,"[890, 42, 977, 845, 352]","[0.13051268458366394, 0.08197368681430817, 0.07712242752313614, 0.04906872659921646, 0.03936264291405678]"
base,ooc,509,724,425,0,0.292297899723053,"[425, 970, 672, 483, 839]","[0.292297899723053, 0.10085508972406387, 0.07155223935842514, 0.06744634360074997, 0.052563898265361786]"
base,ooc,510,718,642,0,0.555465579032898,"[642, 532, 525, 709, 619]","[0.555465579032898, 0.05420585349202156, 0.04861275106668472, 0.03348027169704437, 0.027872595936059952]"
base,ooc,511,671,672,0,0.43990400433540344,"[672, 980, 970, 979, 972]","[0.43990400433540344, 0.28295063972473145, 0.058218568563461304, 0.05639036372303963, 0.013813557103276253]"
base,ooc,512,147,138,0,0.15788350999355316,"[138, 128, 127, 9, 23]","[0.15788350999355316, 0.136966735124588, 0.09851843118667603, 0.06340520828962326, 0.05866489186882973]"
base,ooc,513,484,484,1,0.35023340582847595,"[484, 871, 780, 914, 553]","[0.35023340582847595, 0.14242449402809143, 0.07945341616868973, 0.030382944270968437, 0.02755245752632618]"
base,ooc,514,449,705,0,0.32714006304740906,"[705, 547, 466, 538, 718]","[0.32714006304740906, 0.12721650302410126, 0.0531618632376194, 0.04398254305124283, 0.03896838054060936]"
base,ooc,515,842,41,0,0.05681491270661354,"[41, 71, 589, 611, 120]","[0.05681491270661354, 0.051789283752441406, 0.03905889391899109, 0.037556860595941544, 0.03596104308962822]"
base,ooc,516,708,772,0,0.5130391120910645,"[772, 958, 519, 835, 708]","[0.5130391120910645, 0.11020638793706894, 0.03667866438627243, 0.03409885987639427, 0.02774336002767086]"
base,ooc,517,393,831,0,0.10872839391231537,"[831, 532, 846, 890, 579]","[0.10872839391231537, 0.0993034690618515, 0.07207147032022476, 0.06289327144622803, 0.05037403106689453]"
base,ooc,518,862,975,0,0.12914817035198212,"[975, 471, 657, 843, 733]","[0.12914817035198212, 0.11382969468832016, 0.044511351734399796, 0.04021403566002846, 0.03942740708589554]"
base,ooc,519,625,555,0,0.2854839563369751,"[555, 625, 573, 864, 791]","[0.2854839563369751, 0.18843604624271393, 0.07400403916835785, 0.052409350872039795, 0.03610505908727646]"
base,ooc,520,977,895,0,0.08090790361166,"[895, 560, 835, 554, 764]","[0.08090790361166, 0.059002991765737534, 0.056343771517276764, 0.051835160702466965, 0.05123162642121315]"
base,ooc,521,536,576,0,0.7873135209083557,"[576, 694, 718, 454, 829]","[0.7873135209083557, 0.05297866463661194, 0.021928252652287483, 0.014199051074683666, 0.010099158622324467]"
base,ooc,522,472,795,0,0.056379128247499466,"[795, 802, 136, 98, 139]","[0.056379128247499466, 0.04904412850737572, 0.046744197607040405, 0.03788501396775246, 0.03434021398425102]"
base,ooc,523,437,128,0,0.10689347237348557,"[128, 318, 912, 16, 92]","[0.10689347237348557, 0.07808011025190353, 0.07144249975681305, 0.05686085298657417, 0.03937765210866928]"
base,ooc,524,393,144,0,0.07352706044912338,"[144, 148, 128, 330, 472]","[0.07352706044912338, 0.0652022510766983, 0.03821960464119911, 0.03522026166319847, 0.03176809847354889]"
base,ooc,525,394,89,0,0.3171555697917938,"[89, 988, 325, 379, 322]","[0.3171555697917938, 0.08047255128622055, 0.06883760541677475, 0.04076424613595009, 0.031729575246572495]"
base,ooc,526,147,100,0,0.26694491505622864,"[100, 183, 329, 206, 233]","[0.26694491505622864, 0.1326521337032318, 0.06129477545619011, 0.03737178072333336, 0.032917872071266174]"
base,ooc,527,437,460,0,0.3241642117500305,"[460, 657, 744, 437, 833]","[0.3241642117500305, 0.20820002257823944, 0.17006409168243408, 0.12508578598499298, 0.07394532114267349]"
base,ooc,528,373,354,0,0.14349190890789032,"[354, 346, 49, 48, 344]","[0.14349190890789032, 0.12686723470687866, 0.10487814992666245, 0.05186282843351364, 0.04663772135972977]"
base,ooc,529,147,445,0,0.488338828086853,"[445, 639, 842, 638, 775]","[0.488338828086853, 0.13051031529903412, 0.08507196605205536, 0.06046467274427414, 0.05193178728222847]"
base,ooc,530,143,1,0,0.15416650474071503,"[1, 309, 909, 121, 971]","[0.15416650474071503, 0.14744828641414642, 0.038030460476875305, 0.03044143132865429, 0.027072226628661156]"
base,ooc,531,625,407,0,0.08483906835317612,"[407, 803, 595, 672, 449]","[0.08483906835317612, 0.08432306349277496, 0.07501544803380966, 0.062322866171598434, 0.05681261792778969]"
base,ooc,532,833,876,0,0.08621490746736526,"[876, 634, 609, 472, 625]","[0.08621490746736526, 0.05938512459397316, 0.056893836706876755, 0.056354451924562454, 0.05066795274615288]"
base,ooc,533,403,825,0,0.09163778275251389,"[825, 858, 98, 18, 44]","[0.09163778275251389, 0.04921271279454231, 0.043214015662670135, 0.042057592421770096, 0.035738877952098846]"
base,ooc,534,914,460,0,0.2561935782432556,"[460, 484, 780, 871, 914]","[0.2561935782432556, 0.08612631261348724, 0.07462088763713837, 0.047746025025844574, 0.04264598712325096]"
base,ooc,535,484,9,0,0.0920260101556778,"[9, 233, 843, 428, 345]","[0.0920260101556778, 0.051250141113996506, 0.04915597289800644, 0.04829300567507744, 0.03034646436572075]"
base,ooc,536,148,12,0,0.06583518534898758,"[12, 22, 195, 214, 234]","[0.06583518534898758, 0.04262543469667435, 0.03273444250226021, 0.024881307035684586, 0.023676417768001556]"
base,ooc,537,554,975,0,0.371473103761673,"[975, 979, 525, 976, 338]","[0.371473103761673, 0.3347789943218231, 0.18982835114002228, 0.011625081300735474, 0.006207616068422794]"
base,ooc,538,814,472,0,0.2841707766056061,"[472, 814, 625, 408, 693]","[0.2841707766056061, 0.26465916633605957, 0.12957723438739777, 0.0345071442425251, 0.023988403379917145]"
base,ooc,539,983,483,0,0.16308702528476715,"[483, 396, 973, 124, 51]","[0.16308702528476715, 0.11837933957576752, 0.08231519907712936, 0.040760207921266556, 0.03285783529281616]"
base,ooc,540,267,181,0,0.41419103741645813,"[181, 348, 267, 349, 336]","[0.41419103741645813, 0.10023213177919388, 0.09064826369285583, 0.04715241119265556, 0.043696776032447815]"
base,ooc,541,625,595,0,0.3325539529323578,"[595, 866, 915, 573, 226]","[0.3325539529323578, 0.06443477421998978, 0.05841974914073944, 0.05413232371211052, 0.039479199796915054]"
base,ooc,542,554,743,0,0.13667280972003937,"[743, 829, 698, 525, 706]","[0.13667280972003937, 0.07686665654182434, 0.051322199404239655, 0.05070492997765541, 0.0465325191617012]"
base,ooc,543,554,536,0,0.11821266263723373,"[536, 718, 484, 694, 807]","[0.11821266263723373, 0.08920692652463913, 0.056762564927339554, 0.044533904641866684, 0.043431103229522705]"
base,ooc,544,554,724,0,0.18099753558635712,"[724, 517, 645, 780, 733]","[0.18099753558635712, 0.16540396213531494, 0.1237851157784462, 0.05986576899886131, 0.04101620987057686]"
base,ooc,545,625,510,0,0.3686659336090088,"[510, 625, 628, 554, 403]","[0.3686659336090088, 0.2313777357339859, 0.19441454112529755, 0.06042327731847763, 0.04451395943760872]"
base,ooc,546,437,425,0,0.22792968153953552,"[425, 460, 437, 972, 977]","[0.22792968153953552, 0.1278502643108368, 0.06113146245479584, 0.05986692011356354, 0.05153011530637741]"
base,ooc,547,146,863,0,0.10277329385280609,"[863, 637, 428, 947, 806]","[0.10277329385280609, 0.07156328856945038, 0.041897304356098175, 0.03722415119409561, 0.03647222742438316]"
base,ooc,548,625,866,0,0.07279042899608612,"[866, 609, 690, 958, 625]","[0.07279042899608612, 0.04724446311593056, 0.0460224524140358, 0.03880949318408966, 0.03803272917866707]"
base,ooc,549,148,825,0,0.3546943664550781,"[825, 821, 582, 497, 703]","[0.3546943664550781, 0.12890592217445374, 0.03520144522190094, 0.03482328727841377, 0.032064568251371384]"
base,ooc,550,914,871,0,0.4018217623233795,"[871, 914, 569, 484, 408]","[0.4018217623233795, 0.241811603307724, 0.06511331349611282, 0.05541854351758957, 0.03972382843494415]"
base,ooc,551,484,540,0,0.3398073613643646,"[540, 437, 751, 517, 914]","[0.3398073613643646, 0.2792874276638031, 0.05189303681254387, 0.04683792218565941, 0.03300110995769501]"
base,ooc,552,484,460,0,0.2680421471595764,"[460, 716, 706, 202, 660]","[0.2680421471595764, 0.21787205338478088, 0.04502059519290924, 0.035752348601818085, 0.03147854283452034]"
base,ooc,553,115,107,0,0.1088733822107315,"[107, 428, 112, 125, 8]","[0.1088733822107315, 0.06821194291114807, 0.06749109923839569, 0.047750554978847504, 0.03945508226752281]"
base,ooc,554,775,872,0,0.25652119517326355,"[872, 236, 165, 234, 225]","[0.25652119517326355, 0.16367127001285553, 0.05447284132242203, 0.04698069766163826, 0.023657850921154022]"
base,ooc,555,115,825,0,0.07257582247257233,"[825, 50, 984, 49, 135]","[0.07257582247257233, 0.059243809431791306, 0.035833537578582764, 0.03544439375400543, 0.03537368401885033]"
base,ooc,556,484,914,0,0.6221407055854797,"[914, 484, 780, 871, 462]","[0.6221407055854797, 0.1591716706752777, 0.06214602291584015, 0.056187208741903305, 0.025356855243444443]"
base,ooc,557,4,977,0,0.30930912494659424,"[977, 978, 972, 701, 895]","[0.30930912494659424, 0.10341999679803848, 0.06858859211206436, 0.06679736077785492, 0.03420797735452652]"
base,ooc,558,983,983,1,0.5784213542938232,"[983, 895, 701, 908, 404]","[0.5784213542938232, 0.1436607390642166, 0.12967927753925323, 0.05206596851348877, 0.011993663385510445]"
base,ooc,559,842,580,0,0.18639233708381653,"[580, 766, 831, 738, 122]","[0.18639233708381653, 0.10572123527526855, 0.08060608059167862, 0.07449278980493546, 0.05738532170653343]"
base,ooc,560,115,682,0,0.9560624957084656,"[682, 716, 733, 871, 862]","[0.9560624957084656, 0.004676762968301773, 0.0024743187241256237, 0.0023467110004276037, 0.002117420546710491]"
base,ooc,561,391,656,0,0.16087184846401215,"[656, 704, 609, 670, 436]","[0.16087184846401215, 0.13712675869464874, 0.11415141075849533, 0.06155763566493988, 0.057242315262556076]"
base,ooc,562,123,977,0,0.1910042017698288,"[977, 880, 123, 870, 121]","[0.1910042017698288, 0.08424615114927292, 0.061240892857313156, 0.0606832392513752, 0.05662182718515396]"
base,ooc,563,253,253,1,0.820181667804718,"[253, 158, 173, 161, 172]","[0.820181667804718, 0.02344168908894062, 0.02031816728413105, 0.020180804654955864, 0.01939590461552143]"
base,ooc,564,484,484,1,0.2852848768234253,"[484, 404, 895, 871, 744]","[0.2852848768234253, 0.14616505801677704, 0.0733863115310669, 0.05611231550574303, 0.051206301897764206]"
base,ooc,565,437,614,0,0.1055755540728569,"[614, 775, 448, 427, 695]","[0.1055755540728569, 0.0679093450307846, 0.05980198457837105, 0.045384425669908524, 0.04128653183579445]"
base,ooc,566,148,649,0,0.11727259308099747,"[649, 912, 9, 645, 671]","[0.11727259308099747, 0.1132768765091896, 0.10266998410224915, 0.059887729585170746, 0.05156570300459862]"
base,ooc,567,147,505,0,0.13801564276218414,"[505, 667, 596, 710, 412]","[0.13801564276218414, 0.05201495438814163, 0.03255696967244148, 0.031900569796562195, 0.030697399750351906]"
base,ooc,568,148,510,0,0.5670062303543091,"[510, 831, 408, 704, 579]","[0.5670062303543091, 0.04449012130498886, 0.04309720918536186, 0.037315428256988525, 0.02233266830444336]"
base,ooc,569,608,880,0,0.11062023788690567,"[880, 472, 172, 345, 100]","[0.11062023788690567, 0.0440606027841568, 0.04025992751121521, 0.03505310043692589, 0.03325764089822769]"
base,ooc,570,62,913,0,0.19616176187992096,"[913, 975, 976, 672, 972]","[0.19616176187992096, 0.16654559969902039, 0.09343207627534866, 0.07522004842758179, 0.0649275854229927]"
base,ooc,571,972,825,0,0.1572728455066681,"[825, 272, 537, 344, 330]","[0.1572728455066681, 0.07344578951597214, 0.042420219630002975, 0.03621393069624901, 0.03447660431265831]"
base,ooc,572,139,449,0,0.3447888493537903,"[449, 660, 40, 947, 144]","[0.3447888493537903, 0.059137992560863495, 0.0392606146633625, 0.03731689974665642, 0.033315155655145645]"
base,ooc,573,354,354,1,0.06846218556165695,"[354, 982, 603, 764, 690]","[0.06846218556165695, 0.057027287781238556, 0.05680027976632118, 0.048658594489097595, 0.04621360823512077]"
base,ooc,574,140,500,0,0.2758481800556183,"[500, 663, 750, 501, 649]","[0.2758481800556183, 0.07720687240362167, 0.07342011481523514, 0.030657878145575523, 0.029072050005197525]"
base,ooc,575,437,516,0,0.15694217383861542,"[516, 601, 578, 689, 697]","[0.15694217383861542, 0.1552783101797104, 0.14586088061332703, 0.11232636123895645, 0.04881284758448601]"
base,ooc,576,529,634,0,0.12216774374246597,"[634, 436, 408, 573, 717]","[0.12216774374246597, 0.09176848083734512, 0.07231106609106064, 0.05715090408921242, 0.04529266431927681]"
base,ooc,577,66,984,0,0.5418550968170166,"[984, 958, 389, 825, 0]","[0.5418550968170166, 0.06274988502264023, 0.05453198403120041, 0.05092352256178856, 0.02714238129556179]"
base,ooc,578,511,717,0,0.32775768637657166,"[717, 817, 511, 656, 654]","[0.32775768637657166, 0.20778486132621765, 0.10225348174571991, 0.06803344190120697, 0.030295852571725845]"
base,ooc,579,376,242,0,0.4308594763278961,"[242, 243, 159, 247, 236]","[0.4308594763278961, 0.0484958253800869, 0.044039756059646606, 0.04003995656967163, 0.03835040703415871]"
base,ooc,580,404,616,0,0.20130568742752075,"[616, 61, 42, 46, 488]","[0.20130568742752075, 0.0751948282122612, 0.0685453712940216, 0.056616391986608505, 0.04436638578772545]"
base,ooc,581,207,355,0,0.10222131013870239,"[355, 291, 255, 299, 207]","[0.10222131013870239, 0.08155912905931473, 0.06774979084730148, 0.062047384679317474, 0.057488419115543365]"
base,ooc,582,33,322,0,0.7917144298553467,"[322, 90, 324, 989, 46]","[0.7917144298553467, 0.021874554455280304, 0.017745226621627808, 0.016580263152718544, 0.012629332020878792]"
base,ooc,583,34,425,0,0.07085229456424713,"[425, 418, 642, 709, 563]","[0.07085229456424713, 0.059825338423252106, 0.04604141041636467, 0.039689578115940094, 0.03040427714586258]"
base,ooc,584,112,219,0,0.20564483106136322,"[219, 186, 185, 202, 354]","[0.20564483106136322, 0.19851064682006836, 0.14481772482395172, 0.08483076840639114, 0.05577005818486214]"
base,ooc,585,792,140,0,0.0980890542268753,"[140, 141, 58, 81, 750]","[0.0980890542268753, 0.07130450010299683, 0.04799472540616989, 0.04062962904572487, 0.02259862795472145]"
base,ooc,586,172,349,0,0.14970271289348602,"[349, 104, 171, 345, 172]","[0.14970271289348602, 0.08289877325296402, 0.06513647735118866, 0.05668732151389122, 0.045652613043785095]"
base,ooc,587,222,698,0,0.42437607049942017,"[698, 668, 576, 873, 682]","[0.42437607049942017, 0.13344000279903412, 0.09790855646133423, 0.04013253003358841, 0.031121814623475075]"
base,ooc,588,140,679,0,0.1962675303220749,"[679, 896, 89, 876, 443]","[0.1962675303220749, 0.044207748025655746, 0.03888258710503578, 0.03807564079761505, 0.03492940962314606]"
base,ooc,589,218,603,0,0.2649657726287842,"[603, 873, 698, 439, 408]","[0.2649657726287842, 0.12337563186883926, 0.062002383172512054, 0.0463590994477272, 0.03809651732444763]"
base,ooc,590,459,624,0,0.12888839840888977,"[624, 698, 454, 519, 703]","[0.12888839840888977, 0.12496642023324966, 0.0648876428604126, 0.058015771210193634, 0.05465082824230194]"
base,ooc,591,112,352,0,0.09605114161968231,"[352, 385, 353, 672, 386]","[0.09605114161968231, 0.07634690403938293, 0.06712865829467773, 0.06218797713518143, 0.04781544208526611]"
base,ooc,592,609,509,0,0.4944186210632324,"[509, 709, 321, 584, 323]","[0.4944186210632324, 0.07823226600885391, 0.05000532418489456, 0.047409966588020325, 0.03575655817985535]"
base,ooc,593,247,170,0,0.10250066220760345,"[170, 171, 217, 929, 151]","[0.10250066220760345, 0.08222786337137222, 0.0664730817079544, 0.056350719183683395, 0.043454769998788834]"
base,ooc,594,354,286,0,0.526900589466095,"[286, 368, 255, 382, 354]","[0.526900589466095, 0.13474543392658234, 0.04239872470498085, 0.022860398516058922, 0.01948353834450245]"
base,ooc,595,842,71,0,0.21457506716251373,"[71, 854, 55, 59, 846]","[0.21457506716251373, 0.1491066962480545, 0.0833311676979065, 0.06220899149775505, 0.043571583926677704]"
base,ooc,596,232,143,0,0.33054831624031067,"[143, 80, 13, 336, 16]","[0.33054831624031067, 0.09993700683116913, 0.09757504612207413, 0.0429866760969162, 0.0318915918469429]"
base,ooc,597,437,553,0,0.29239365458488464,"[553, 492, 999, 799, 421]","[0.29239365458488464, 0.19525210559368134, 0.07005705684423447, 0.0527641586959362, 0.03844140097498894]"
base,ooc,598,386,163,0,0.1560937911272049,"[163, 386, 51, 568, 291]","[0.1560937911272049, 0.09537509828805923, 0.08906127512454987, 0.061241455376148224, 0.050141945481300354]"
base,ooc,599,145,411,0,0.17596295475959778,"[411, 516, 909, 549, 610]","[0.17596295475959778, 0.1123616099357605, 0.054490044713020325, 0.03757837787270546, 0.03646506369113922]"
base,ooc,600,193,191,0,0.4227834939956665,"[191, 225, 235, 189, 214]","[0.4227834939956665, 0.09065797924995422, 0.08921203762292862, 0.052076585590839386, 0.04422169551253319]"
base,ooc,601,79,816,0,0.06951708346605301,"[816, 118, 541, 420, 413]","[0.06951708346605301, 0.06687162071466446, 0.04470474272966385, 0.031822189688682556, 0.027495628222823143]"
base,ooc,602,139,706,0,0.2330610603094101,"[706, 756, 792, 715, 150]","[0.2330610603094101, 0.07204151898622513, 0.06455659866333008, 0.02738211676478386, 0.022885391488671303]"
base,ooc,603,814,728,0,0.1731203943490982,"[728, 795, 792, 895, 591]","[0.1731203943490982, 0.14945845305919647, 0.1412716805934906, 0.04536046087741852, 0.041777875274419785]"
base,ooc,604,765,634,0,0.16287942230701447,"[634, 765, 730, 311, 790]","[0.16287942230701447, 0.08611445128917694, 0.07711339741945267, 0.06838113069534302, 0.04697682708501816]"
base,ooc,605,677,160,0,0.6717144846916199,"[160, 185, 738, 186, 184]","[0.6717144846916199, 0.04350147023797035, 0.017394615337252617, 0.01696881093084812, 0.014136086218059063]"
base,ooc,606,792,839,0,0.1303282380104065,"[839, 752, 460, 706, 835]","[0.1303282380104065, 0.10930857062339783, 0.0779644250869751, 0.03784291818737984, 0.037543874233961105]"
base,ooc,607,652,183,0,0.2540828585624695,"[183, 413, 197, 562, 483]","[0.2540828585624695, 0.16135293245315552, 0.08514971286058426, 0.07782668620347977, 0.05114572122693062]"
base,ooc,608,707,351,0,0.11428451538085938,"[351, 209, 302, 51, 354]","[0.11428451538085938, 0.0896972119808197, 0.07752415537834167, 0.055479250848293304, 0.04743301495909691]"
base,ooc,609,863,863,1,0.8603895306587219,"[863, 282, 105, 96, 93]","[0.8603895306587219, 0.04664824157953262, 0.011353622190654278, 0.004831003490835428, 0.00419346708804369]"
base,ooc,610,670,678,0,0.04519562050700188,"[678, 452, 731, 432, 617]","[0.04519562050700188, 0.03554105758666992, 0.032145511358976364, 0.03084545023739338, 0.024221912026405334]"
base,ooc,611,439,137,0,0.05828075855970383,"[137, 772, 763, 920, 558]","[0.05828075855970383, 0.05011752247810364, 0.027599018067121506, 0.02450765110552311, 0.02258569747209549]"
base,ooc,612,355,410,0,0.12171947211027145,"[410, 197, 832, 39, 51]","[0.12171947211027145, 0.07509485632181168, 0.07348258048295975, 0.055555496364831924, 0.03202793002128601]"
base,ooc,613,319,376,0,0.23925445973873138,"[376, 352, 382, 944, 988]","[0.23925445973873138, 0.2336374819278717, 0.1647767424583435, 0.05684981495141983, 0.04922349005937576]"
base,ooc,614,778,410,0,0.08059398084878922,"[410, 994, 44, 491, 24]","[0.08059398084878922, 0.0723414272069931, 0.06998304277658463, 0.06961487233638763, 0.055071864277124405]"
base,ooc,615,958,49,0,0.2176753431558609,"[49, 33, 45, 34, 58]","[0.2176753431558609, 0.09268378466367722, 0.0545167475938797, 0.046911388635635376, 0.03574586659669876]"
base,ooc,616,879,478,0,0.08111459761857986,"[478, 784, 492, 446, 398]","[0.08111459761857986, 0.07776099443435669, 0.06810096651315689, 0.06456022709608078, 0.04683331027626991]"
base,ooc,617,70,70,1,0.3915763199329376,"[70, 313, 300, 133, 311]","[0.3915763199329376, 0.08610580861568451, 0.05795631185173988, 0.05418090894818306, 0.030309375375509262]"
base,ooc,618,471,58,0,0.26220813393592834,"[58, 307, 28, 53, 304]","[0.26220813393592834, 0.0897197425365448, 0.07137194275856018, 0.0531725250184536, 0.024400554597377777]"
base,ooc,619,583,497,0,0.30088159441947937,"[497, 583, 839, 694, 912]","[0.30088159441947937, 0.09489934146404266, 0.09118358790874481, 0.06502312421798706, 0.0599970780313015]"
base,ooc,620,792,835,0,0.1810760349035263,"[835, 704, 806, 708, 471]","[0.1810760349035263, 0.05489525943994522, 0.03736739978194237, 0.034719593822956085, 0.02418258599936962]"
base,ooc,621,583,583,1,0.14079296588897705,"[583, 733, 843, 912, 765]","[0.14079296588897705, 0.1127280741930008, 0.07431554049253464, 0.045323047786951065, 0.04493675008416176]"
base,ooc,622,7,406,0,0.29715511202812195,"[406, 448, 410, 857, 594]","[0.29715511202812195, 0.12470786273479462, 0.06547532975673676, 0.0545458160340786, 0.052536848932504654]"
base,ooc,623,86,905,0,0.5997743606567383,"[905, 753, 87, 97, 790]","[0.5997743606567383, 0.03203330934047699, 0.027825823053717613, 0.027150046080350876, 0.018259316682815552]"
base,ooc,624,919,349,0,0.14684823155403137,"[349, 350, 919, 348, 972]","[0.14684823155403137, 0.10246209800243378, 0.09396257251501083, 0.02666611224412918, 0.02526547759771347]"
base,ooc,625,539,594,0,0.13150352239608765,"[594, 738, 834, 765, 261]","[0.13150352239608765, 0.0916348248720169, 0.07097440212965012, 0.06600158661603928, 0.05741420388221741]"
base,ooc,626,287,8,0,0.22087885439395905,"[8, 282, 193, 69, 317]","[0.22087885439395905, 0.10512170940637589, 0.06764009594917297, 0.04972042515873909, 0.033510711044073105]"
base,ooc,627,471,595,0,0.7771697044372559,"[595, 517, 657, 569, 803]","[0.7771697044372559, 0.05641966313123703, 0.05205183103680611, 0.025507332757115364, 0.02260764129459858]"
base,ooc,628,513,449,0,0.21591995656490326,"[449, 764, 763, 820, 772]","[0.21591995656490326, 0.137544646859169, 0.04601692780852318, 0.04496629908680916, 0.03832554072141647]"
base,ooc,629,679,210,0,0.19531355798244476,"[210, 164, 172, 61, 254]","[0.19531355798244476, 0.06949133425951004, 0.058340977877378464, 0.05493699759244919, 0.04647184908390045]"
base,ooc,630,426,426,1,0.3263438045978546,"[426, 635, 900, 972, 787]","[0.3263438045978546, 0.2614103853702545, 0.06396503001451492, 0.04886763170361519, 0.023219509050250053]"
base,ooc,631,583,583,1,0.7678862810134888,"[583, 835, 580, 912, 9]","[0.7678862810134888, 0.05190299078822136, 0.05039656534790993, 0.04734666645526886, 0.009223004803061485]"
base,ooc,632,637,553,0,0.10940662771463394,"[553, 480, 637, 204, 829]","[0.10940662771463394, 0.04377569630742073, 0.031908996403217316, 0.026536770164966583, 0.024710528552532196]"
base,ooc,633,571,637,0,0.19358260929584503,"[637, 571, 412, 704, 519]","[0.19358260929584503, 0.1492462009191513, 0.13233064115047455, 0.08564066141843796, 0.04218854010105133]"
base,ooc,634,737,554,0,0.3274591565132141,"[554, 694, 864, 737, 779]","[0.3274591565132141, 0.07901623845100403, 0.07136942446231842, 0.06923400610685349, 0.05064959079027176]"
base,ooc,635,463,469,0,0.06864188611507416,"[469, 808, 515, 463, 836]","[0.06864188611507416, 0.061378221958875656, 0.04489888623356819, 0.041235219687223434, 0.03641120344400406]"
base,ooc,636,520,425,0,0.23692546784877777,"[425, 716, 525, 912, 703]","[0.23692546784877777, 0.1789364516735077, 0.10086238384246826, 0.08018651604652405, 0.05846146494150162]"
base,ooc,637,458,458,1,0.450371652841568,"[458, 921, 610, 443, 411]","[0.450371652841568, 0.07262372970581055, 0.07190480083227158, 0.06161532923579216, 0.04966091364622116]"
base,ooc,638,427,614,0,0.05451047793030739,"[614, 538, 608, 884, 497]","[0.05451047793030739, 0.04667522385716438, 0.04312078282237053, 0.0324852392077446, 0.030246324837207794]"
base,ooc,639,651,509,0,0.10441375523805618,"[509, 953, 938, 382, 946]","[0.10441375523805618, 0.09909236431121826, 0.08591429889202118, 0.08293622732162476, 0.04799378663301468]"
base,ooc,640,846,807,0,0.16513413190841675,"[807, 755, 853, 471, 672]","[0.16513413190841675, 0.09018588811159134, 0.07386424392461777, 0.059361498802900314, 0.05811953917145729]"
base,ooc,641,896,420,0,0.18507038056850433,"[420, 896, 653, 756, 427]","[0.18507038056850433, 0.06611882895231247, 0.05838679522275925, 0.05269648879766464, 0.051909465342760086]"
base,ooc,642,45,736,0,0.13877709209918976,"[736, 422, 163, 541, 161]","[0.13877709209918976, 0.04920152202248573, 0.04389089345932007, 0.04346543550491333, 0.038144778460264206]"
base,ooc,643,444,671,0,0.6827927231788635,"[671, 566, 61, 787, 513]","[0.6827927231788635, 0.11121555417776108, 0.041193027049303055, 0.013867668807506561, 0.011843892745673656]"
base,ooc,644,224,199,0,0.41929131746292114,"[199, 256, 224, 197, 205]","[0.41929131746292114, 0.2031177580356598, 0.10701879858970642, 0.04559225216507912, 0.038749657571315765]"
base,ooc,645,738,705,0,0.3400823175907135,"[705, 466, 547, 829, 874]","[0.3400823175907135, 0.33936503529548645, 0.21918702125549316, 0.06816139817237854, 0.01683313585817814]"
base,ooc,646,495,583,0,0.5229344964027405,"[583, 604, 900, 495, 718]","[0.5229344964027405, 0.2523123621940613, 0.03507845848798752, 0.03257766366004944, 0.016396209597587585]"
base,ooc,647,354,336,0,0.20257464051246643,"[336, 348, 276, 272, 269]","[0.20257464051246643, 0.15337157249450684, 0.05373096838593483, 0.03014974296092987, 0.028387149795889854]"
base,ooc,648,315,88,0,0.31828752160072327,"[88, 96, 378, 17, 25]","[0.31828752160072327, 0.0830846056342125, 0.07359175384044647, 0.047075189650058746, 0.032042812556028366]"
base,ooc,649,728,403,0,0.8327757716178894,"[403, 536, 975, 460, 554]","[0.8327757716178894, 0.04506191238760948, 0.024678684771060944, 0.020989157259464264, 0.005752070806920528]"
base,ooc,650,715,698,0,0.247497096657753,"[698, 766, 781, 509, 582]","[0.247497096657753, 0.15685312449932098, 0.14916400611400604, 0.07841291278600693, 0.04717450961470604]"
base,ooc,651,284,284,1,0.7820212841033936,"[284, 158, 225, 227, 348]","[0.7820212841033936, 0.03379222750663757, 0.026073269546031952, 0.017743295058608055, 0.01377702783793211]"
base,ooc,652,295,150,0,0.18021732568740845,"[150, 295, 668, 294, 346]","[0.18021732568740845, 0.13156141340732574, 0.06920605897903442, 0.06255531311035156, 0.042425740510225296]"
base,ooc,653,471,793,0,0.11713825911283493,"[793, 420, 432, 889, 589]","[0.11713825911283493, 0.08311719447374344, 0.04034890606999397, 0.025274019688367844, 0.023608356714248657]"
base,ooc,654,665,665,1,0.8212906122207642,"[665, 880, 671, 670, 444]","[0.8212906122207642, 0.08224470913410187, 0.040467265993356705, 0.023561077192425728, 0.006842162925750017]"
base,ooc,655,217,217,1,0.3480357825756073,"[217, 264, 195, 254, 239]","[0.3480357825756073, 0.31927722692489624, 0.047559525817632675, 0.02568640746176243, 0.01692202500998974]"
base,ooc,656,775,994,0,0.19745683670043945,"[994, 990, 8, 992, 7]","[0.19745683670043945, 0.07255460321903229, 0.05575845018029213, 0.045724716037511826, 0.038220588117837906]"
base,ooc,657,143,843,0,0.22613412141799927,"[843, 135, 131, 9, 50]","[0.22613412141799927, 0.18861159682273865, 0.136688232421875, 0.038961030542850494, 0.024118222296237946]"
base,ooc,658,806,469,0,0.06842578947544098,"[469, 423, 788, 786, 882]","[0.06842578947544098, 0.051965344697237015, 0.04775429517030716, 0.046314485371112823, 0.028182093054056168]"
base,ooc,659,171,172,0,0.5687300562858582,"[172, 171, 178, 180, 159]","[0.5687300562858582, 0.22571660578250885, 0.04060669615864754, 0.019091274589300156, 0.017003320157527924]"
base,ooc,660,637,571,0,0.3374931812286377,"[571, 637, 557, 692, 412]","[0.3374931812286377, 0.24290971457958221, 0.10235646367073059, 0.031268294900655746, 0.019949056208133698]"
base,ooc,661,875,880,0,0.24894186854362488,"[880, 612, 870, 603, 444]","[0.24894186854362488, 0.10548695921897888, 0.08029235154390335, 0.07335920631885529, 0.04017679765820503]"
base,ooc,662,614,614,1,0.41808849573135376,"[614, 448, 775, 14, 40]","[0.41808849573135376, 0.11982892453670502, 0.051071688532829285, 0.04554152116179466, 0.02432454191148281]"
base,ooc,663,185,184,0,0.5928182005882263,"[184, 186, 182, 211, 255]","[0.5928182005882263, 0.060281649231910706, 0.04519224539399147, 0.037769440561532974, 0.028924498707056046]"
base,ooc,664,583,583,1,0.23458734154701233,"[583, 621, 575, 571, 708]","[0.23458734154701233, 0.10978657752275467, 0.05851197987794876, 0.051905419677495956, 0.044418320059776306]"
base,ooc,665,674,646,0,0.14042088389396667,"[646, 975, 573, 472, 621]","[0.14042088389396667, 0.10115025192499161, 0.0684848427772522, 0.06719725579023361, 0.041981782764196396]"
base,ooc,666,198,382,0,0.3427586555480957,"[382, 213, 156, 957, 364]","[0.3427586555480957, 0.04030655696988106, 0.039610687643289566, 0.029346469789743423, 0.024575307965278625]"
base,ooc,667,571,870,0,0.24610239267349243,"[870, 600, 340, 621, 583]","[0.24610239267349243, 0.05275518074631691, 0.048327308148145676, 0.04471374303102493, 0.041892342269420624]"
base,ooc,668,870,866,0,0.5173976421356201,"[866, 621, 595, 609, 491]","[0.5173976421356201, 0.05817171931266785, 0.052680015563964844, 0.03825892135500908, 0.03536462038755417]"
base,ooc,669,614,614,1,0.16297602653503418,"[614, 411, 721, 491, 591]","[0.16297602653503418, 0.0704115554690361, 0.06654664129018784, 0.045553747564554214, 0.040214307606220245]"
base,ooc,670,822,853,0,0.4099752902984619,"[853, 525, 449, 472, 693]","[0.4099752902984619, 0.08309144526720047, 0.05529928579926491, 0.047900326550006866, 0.03818218782544136]"
base,ooc,671,216,220,0,0.10378064960241318,"[220, 191, 373, 175, 348]","[0.10378064960241318, 0.07794345915317535, 0.054884959012269974, 0.053395263850688934, 0.03651276230812073]"
base,ooc,672,209,202,0,0.1675867736339569,"[202, 185, 243, 209, 184]","[0.1675867736339569, 0.09131629019975662, 0.07349228858947754, 0.05057408660650253, 0.05054274573922157]"
base,ooc,673,775,399,0,0.35036981105804443,"[399, 842, 808, 492, 445]","[0.35036981105804443, 0.14981621503829956, 0.05898985266685486, 0.028376517817378044, 0.024177292361855507]"
base,ooc,674,559,913,0,0.09862414002418518,"[913, 795, 674, 833, 803]","[0.09862414002418518, 0.06450164318084717, 0.051734842360019684, 0.03752985596656799, 0.03261113539338112]"
base,ooc,675,830,96,0,0.1254480928182602,"[96, 738, 595, 703, 866]","[0.1254480928182602, 0.10264693200588226, 0.07635954767465591, 0.04809611663222313, 0.04251783713698387]"
base,ooc,676,532,580,0,0.10090753436088562,"[580, 839, 410, 912, 730]","[0.10090753436088562, 0.08044052869081497, 0.042835161089897156, 0.02540835551917553, 0.02280794084072113]"
base,ooc,677,233,233,1,0.1264379471540451,"[233, 266, 21, 265, 22]","[0.1264379471540451, 0.11346087604761124, 0.10444584488868713, 0.07655251026153564, 0.05771332234144211]"
base,ooc,678,765,634,0,0.17708329856395721,"[634, 583, 832, 663, 561]","[0.17708329856395721, 0.07384331524372101, 0.06554507464170456, 0.05540887638926506, 0.049136195331811905]"
base,ooc,679,428,856,0,0.08655479550361633,"[856, 603, 866, 867, 471]","[0.08655479550361633, 0.07605897635221481, 0.07545750588178635, 0.060833197087049484, 0.04644189029932022]"
base,ooc,680,765,908,0,0.2583581805229187,"[908, 701, 573, 895, 913]","[0.2583581805229187, 0.2489228993654251, 0.12006250023841858, 0.0513300895690918, 0.04754919186234474]"
base,ooc,681,420,349,0,0.2850097119808197,"[349, 348, 352, 209, 225]","[0.2850097119808197, 0.21180950105190277, 0.03383013233542442, 0.029449298977851868, 0.029121918603777885]"
base,ooc,682,571,732,0,0.3875240683555603,"[732, 737, 707, 481, 710]","[0.3875240683555603, 0.10857828706502914, 0.07502429932355881, 0.055091697722673416, 0.052178479731082916]"
base,ooc,683,177,233,0,0.08291338384151459,"[233, 499, 177, 285, 94]","[0.08291338384151459, 0.07981729507446289, 0.07393229007720947, 0.046366482973098755, 0.04170278087258339]"
base,ooc,684,846,972,0,0.11519668996334076,"[972, 693, 976, 843, 733]","[0.11519668996334076, 0.06490179896354675, 0.06387036293745041, 0.05589066073298454, 0.05530482530593872]"
base,ooc,685,236,236,1,0.34511613845825195,"[236, 234, 465, 237, 416]","[0.34511613845825195, 0.09406092017889023, 0.0828278660774231, 0.049088768661022186, 0.029820162802934647]"
base,ooc,686,201,706,0,0.2732091546058655,"[706, 705, 835, 628, 703]","[0.2732091546058655, 0.15300366282463074, 0.06491050124168396, 0.0465601310133934, 0.043397240340709686]"
base,ooc,687,953,50,0,0.04848310723900795,"[50, 39, 84, 709, 764]","[0.04848310723900795, 0.048427123576402664, 0.046480752527713776, 0.036751892417669296, 0.03215038776397705]"
base,ooc,688,637,637,1,0.5335458517074585,"[637, 553, 707, 799, 412]","[0.5335458517074585, 0.05454559624195099, 0.043642763048410416, 0.0347549170255661, 0.024003462865948677]"
base,ooc,689,420,325,0,0.22289900481700897,"[325, 94, 989, 998, 339]","[0.22289900481700897, 0.12390567362308502, 0.05017627030611038, 0.048028118908405304, 0.046545300632715225]"
base,ooc,690,602,890,0,0.3149723410606384,"[890, 602, 313, 14, 462]","[0.3149723410606384, 0.12250488251447678, 0.05253245308995247, 0.03758605569601059, 0.025904925540089607]"
base,ooc,691,806,728,0,0.16956262290477753,"[728, 2, 258, 970, 394]","[0.16956262290477753, 0.09901164472103119, 0.09422957897186279, 0.058641254901885986, 0.054949577897787094]"
base,ooc,692,608,690,0,0.16172243654727936,"[690, 424, 538, 819, 706]","[0.16172243654727936, 0.08756379038095474, 0.07513028383255005, 0.038676004856824875, 0.036443427205085754]"
base,ooc,693,775,233,0,0.06132226437330246,"[233, 815, 282, 292, 85]","[0.06132226437330246, 0.04013489559292793, 0.03627016767859459, 0.03437812626361847, 0.03231670707464218]"
base,ooc,694,614,518,0,0.21992652118206024,"[518, 981, 429, 139, 251]","[0.21992652118206024, 0.16894030570983887, 0.05896485596895218, 0.03545261174440384, 0.028519267216324806]"
base,ooc,695,728,799,0,0.0929068773984909,"[799, 7, 412, 195, 398]","[0.0929068773984909, 0.05232429876923561, 0.039044108241796494, 0.03517693281173706, 0.02793598361313343]"
base,ooc,696,836,337,0,0.15345916152000427,"[337, 14, 13, 137, 462]","[0.15345916152000427, 0.09857098758220673, 0.07131201028823853, 0.06024222448468208, 0.04996278136968613]"
base,ooc,697,361,227,0,0.1316806524991989,"[227, 236, 217, 235, 234]","[0.1316806524991989, 0.07867398858070374, 0.07309748232364655, 0.05505965277552605, 0.05246478319168091]"
base,ooc,698,842,454,0,0.19708265364170074,"[454, 762, 624, 582, 415]","[0.19708265364170074, 0.17841240763664246, 0.17180350422859192, 0.11015006899833679, 0.04642551392316818]"
base,ooc,699,444,131,0,0.09960084408521652,"[131, 58, 100, 30, 99]","[0.09960084408521652, 0.08644811064004898, 0.08260485529899597, 0.07317686080932617, 0.055183637887239456]"
base,ooc,700,364,189,0,0.10087394714355469,"[189, 199, 355, 286, 197]","[0.10087394714355469, 0.09160534292459488, 0.08826174587011337, 0.08089904487133026, 0.0805688127875328]"
base,ooc,701,707,222,0,0.1641245186328888,"[222, 258, 574, 229, 173]","[0.1641245186328888, 0.11918742209672928, 0.077909454703331, 0.0642712265253067, 0.05553746223449707]"
base,ooc,702,151,237,0,0.14099398255348206,"[237, 301, 537, 309, 255]","[0.14099398255348206, 0.07182248681783676, 0.06108897924423218, 0.05568557605147362, 0.049001194536685944]"
base,ooc,703,765,765,1,0.22894293069839478,"[765, 791, 621, 706, 843]","[0.22894293069839478, 0.1661207377910614, 0.08061400800943375, 0.08006022125482559, 0.059580083936452866]"
base,ooc,704,571,571,1,0.18102747201919556,"[571, 407, 863, 919, 861]","[0.18102747201919556, 0.07948556542396545, 0.060474444180727005, 0.058079659938812256, 0.05165483430027962]"
base,ooc,705,197,18,0,0.3790818154811859,"[18, 137, 80, 23, 100]","[0.3790818154811859, 0.12259869277477264, 0.06804526597261429, 0.06012365594506264, 0.0454992949962616]"
base,ooc,706,681,972,0,0.1784779578447342,"[972, 139, 957, 437, 599]","[0.1784779578447342, 0.0923692062497139, 0.080893374979496, 0.05142241343855858, 0.04981894791126251]"
base,ooc,707,382,10,0,0.17071855068206787,"[10, 19, 16, 13, 12]","[0.17071855068206787, 0.11194640398025513, 0.09281045943498611, 0.07041925936937332, 0.06517550349235535]"
base,ooc,708,765,706,0,0.19109521806240082,"[706, 583, 743, 682, 799]","[0.19109521806240082, 0.14324592053890228, 0.12478675693273544, 0.05817357823252678, 0.04123378172516823]"
base,ooc,709,559,726,0,0.12122676521539688,"[726, 583, 731, 502, 420]","[0.12122676521539688, 0.06862768530845642, 0.06672494113445282, 0.047312408685684204, 0.025704771280288696]"
base,ooc,710,708,857,0,0.8515487313270569,"[857, 406, 800, 497, 860]","[0.8515487313270569, 0.05705488845705986, 0.017910996451973915, 0.009868202731013298, 0.007644239813089371]"
base,ooc,711,202,257,0,0.16929151117801666,"[257, 169, 178, 270, 216]","[0.16929151117801666, 0.10641523450613022, 0.09357880800962448, 0.09256561845541, 0.0706065446138382]"
base,ooc,712,469,956,0,0.12770046293735504,"[956, 326, 398, 136, 740]","[0.12770046293735504, 0.06254420429468155, 0.053253963589668274, 0.03532113507390022, 0.022355154156684875]"
base,ooc,713,875,494,0,0.14488312602043152,"[494, 532, 577, 523, 559]","[0.14488312602043152, 0.0928773283958435, 0.06998176872730255, 0.05200742557644844, 0.041118327528238297]"
base,ooc,714,284,159,0,0.5520914196968079,"[159, 150, 211, 112, 178]","[0.5520914196968079, 0.08681720495223999, 0.04881032928824425, 0.04330330714583397, 0.026368511840701103]"
base,ooc,715,199,682,0,0.11269666999578476,"[682, 807, 792, 765, 756]","[0.11269666999578476, 0.09627926349639893, 0.05928691849112511, 0.05557022988796234, 0.0508551150560379]"
base,ooc,716,529,611,0,0.2100813090801239,"[611, 265, 237, 266, 721]","[0.2100813090801239, 0.044893767684698105, 0.02805180847644806, 0.026371579617261887, 0.025114083662629128]"
base,ooc,717,157,263,0,0.8514881730079651,"[263, 173, 264, 253, 162]","[0.8514881730079651, 0.03905625641345978, 0.03505025804042816, 0.014650663360953331, 0.009418698959052563]"
base,ooc,718,850,372,0,0.11788147687911987,"[372, 350, 348, 209, 349]","[0.11788147687911987, 0.04594651982188225, 0.040054384618997574, 0.03550326079130173, 0.03408012539148331]"
base,ooc,719,529,805,0,0.0518890805542469,"[805, 646, 89, 716, 852]","[0.0518890805542469, 0.05118468403816223, 0.04556986317038536, 0.03413161635398865, 0.029099907726049423]"
base,ooc,720,186,263,0,0.1020536720752716,"[263, 235, 159, 236, 184]","[0.1020536720752716, 0.08190394937992096, 0.08138934522867203, 0.07319870591163635, 0.05563848838210106]"
base,ooc,721,361,361,1,0.8160914182662964,"[361, 25, 10, 71, 993]","[0.8160914182662964, 0.02334594912827015, 0.014331184327602386, 0.012661116197705269, 0.012023931369185448]"
base,ooc,722,684,258,0,0.22130902111530304,"[258, 87, 657, 879, 721]","[0.22130902111530304, 0.1013348326086998, 0.06051914021372795, 0.02779993787407875, 0.021703172475099564]"
base,ooc,723,846,831,0,0.18759091198444366,"[831, 721, 939, 411, 750]","[0.18759091198444366, 0.15958881378173828, 0.05669351667165756, 0.03326668217778206, 0.028146205469965935]"
base,ooc,724,156,161,0,0.1433667540550232,"[161, 168, 260, 932, 261]","[0.1433667540550232, 0.08464924991130829, 0.04585319384932518, 0.040295857936143875, 0.03797554969787598]"
base,ooc,725,175,344,0,0.14859437942504883,"[344, 212, 22, 360, 130]","[0.14859437942504883, 0.12837311625480652, 0.08596359193325043, 0.04877658933401108, 0.04384602606296539]"
base,ooc,726,258,258,1,0.4405198097229004,"[258, 279, 222, 251, 246]","[0.4405198097229004, 0.0962836816906929, 0.08819525688886642, 0.0552198700606823, 0.04354791343212128]"
base,ooc,727,254,243,0,0.21305689215660095,"[243, 246, 254, 163, 174]","[0.21305689215660095, 0.0691833645105362, 0.06683831661939621, 0.0417906828224659, 0.040213000029325485]"
base,ooc,728,529,672,0,0.15343305468559265,"[672, 646, 979, 269, 491]","[0.15343305468559265, 0.06454849243164062, 0.04242567718029022, 0.041295845061540604, 0.037761252373456955]"
base,ooc,729,267,266,0,0.30675846338272095,"[266, 267, 850, 181, 265]","[0.30675846338272095, 0.18490050733089447, 0.11507019400596619, 0.09635981917381287, 0.060815583914518356]"
base,ooc,730,257,257,1,0.06665526330471039,"[257, 646, 203, 862, 258]","[0.06665526330471039, 0.06268323957920074, 0.04939798265695572, 0.044708721339702606, 0.03705558925867081]"
base,ooc,731,529,49,0,0.1469840556383133,"[49, 346, 274, 295, 50]","[0.1469840556383133, 0.07558219134807587, 0.06510607153177261, 0.0400233156979084, 0.02951309084892273]"
base,ooc,732,765,765,1,0.5814321637153625,"[765, 703, 792, 843, 51]","[0.5814321637153625, 0.06737051904201508, 0.035932380706071854, 0.02713777683675289, 0.025198640301823616]"
base,ooc,733,532,802,0,0.3231774568557739,"[802, 795, 537, 792, 970]","[0.3231774568557739, 0.27041709423065186, 0.08046978712081909, 0.04911458119750023, 0.03370780125260353]"
base,ooc,734,227,972,0,0.21324947476387024,"[972, 195, 460, 235, 16]","[0.21324947476387024, 0.10790447890758514, 0.06537152826786041, 0.06041468307375908, 0.05027696490287781]"
base,ooc,735,520,765,0,0.42883557081222534,"[765, 520, 516, 703, 843]","[0.42883557081222534, 0.10077627003192902, 0.05333324521780014, 0.04365675151348114, 0.031151937320828438]"
base,ooc,736,999,831,0,0.0981639176607132,"[831, 532, 786, 739, 177]","[0.0981639176607132, 0.09604902565479279, 0.05562475696206093, 0.04398396611213684, 0.036416102200746536]"
base,ooc,737,174,343,0,0.06430155038833618,"[343, 346, 151, 278, 993]","[0.06430155038833618, 0.04977080971002579, 0.04898577556014061, 0.03602968901395798, 0.03279009833931923]"
base,ooc,738,841,450,0,0.1191902756690979,"[450, 399, 501, 652, 823]","[0.1191902756690979, 0.1004491001367569, 0.08883583545684814, 0.07002799957990646, 0.05398448184132576]"
base,ooc,739,846,738,0,0.13618382811546326,"[738, 428, 756, 870, 611]","[0.13618382811546326, 0.09706702828407288, 0.06311918050050735, 0.031210921704769135, 0.02835005894303322]"
base,ooc,740,999,583,0,0.09352301806211472,"[583, 799, 851, 598, 422]","[0.09352301806211472, 0.07738475501537323, 0.06529288738965988, 0.05457402393221855, 0.04955586418509483]"
base,ooc,741,258,87,0,0.12386840581893921,"[87, 258, 153, 909, 589]","[0.12386840581893921, 0.07974723726511002, 0.04356779903173447, 0.02706279046833515, 0.0243836697191]"
base,ooc,742,851,532,0,0.538891077041626,"[532, 526, 706, 831, 579]","[0.538891077041626, 0.10784288495779037, 0.04571736231446266, 0.04112061858177185, 0.03200992941856384]"
base,ooc,743,423,96,0,0.1409406065940857,"[96, 370, 423, 695, 488]","[0.1409406065940857, 0.13986113667488098, 0.08865933865308762, 0.0782562866806984, 0.06320469081401825]"
base,ooc,744,233,206,0,0.6892704963684082,"[206, 611, 197, 183, 544]","[0.6892704963684082, 0.024767884984612465, 0.023606736212968826, 0.02312772162258625, 0.008744582533836365]"
base,ooc,745,253,253,1,0.25189754366874695,"[253, 171, 178, 162, 264]","[0.25189754366874695, 0.18930615484714508, 0.10702940076589584, 0.0700194388628006, 0.039538875222206116]"
base,ooc,746,655,874,0,0.10443279147148132,"[874, 829, 863, 873, 555]","[0.10443279147148132, 0.08800071477890015, 0.08175896853208542, 0.0745532289147377, 0.05630068480968475]"
base,ooc,747,422,12,0,0.34841105341911316,"[12, 18, 764, 11, 693]","[0.34841105341911316, 0.1770119071006775, 0.08710359781980515, 0.07687627524137497, 0.044451139867305756]"
base,ooc,748,765,779,0,0.3468639552593231,"[779, 866, 621, 595, 870]","[0.3468639552593231, 0.146209716796875, 0.12304580956697464, 0.033400729298591614, 0.028945783153176308]"
base,ooc,749,545,770,0,0.14433583617210388,"[770, 37, 136, 135, 35]","[0.14433583617210388, 0.09103330224752426, 0.08711777627468109, 0.061911407858133316, 0.03945322334766388]"
base,ooc,750,841,657,0,0.41099780797958374,"[657, 744, 557, 524, 752]","[0.41099780797958374, 0.12649141252040863, 0.04040044546127319, 0.022404445335268974, 0.021187232807278633]"
base,ooc,751,655,839,0,0.19094352424144745,"[839, 825, 706, 663, 912]","[0.19094352424144745, 0.08038098365068436, 0.0512130968272686, 0.03817197307944298, 0.03209061920642853]"
base,ooc,752,846,839,0,0.3842138350009918,"[839, 580, 807, 858, 791]","[0.3842138350009918, 0.08327143639326096, 0.053205400705337524, 0.022605761885643005, 0.022418249398469925]"
base,ooc,753,999,970,0,0.15950700640678406,"[970, 890, 842, 445, 159]","[0.15950700640678406, 0.15439924597740173, 0.050177060067653656, 0.04147522896528244, 0.03350182995200157]"
base,ooc,754,841,472,0,0.13280290365219116,"[472, 444, 803, 569, 977]","[0.13280290365219116, 0.05645512044429779, 0.03178646042943001, 0.030090967193245888, 0.027596451342105865]"
base,ooc,755,655,756,0,0.16826826333999634,"[756, 738, 955, 412, 704]","[0.16826826333999634, 0.0733947828412056, 0.04380820691585541, 0.029894094914197922, 0.021496618166565895]"
base,ooc,756,579,516,0,0.1343991905450821,"[516, 532, 579, 881, 559]","[0.1343991905450821, 0.12138029932975769, 0.11051285266876221, 0.08143222332000732, 0.0594269335269928]"
base,ooc,757,198,198,1,0.7116754651069641,"[198, 196, 285, 281, 158]","[0.7116754651069641, 0.10991694033145905, 0.05673671513795853, 0.015913577750325203, 0.015341156162321568]"
base,ooc,758,614,614,1,0.35315465927124023,"[614, 775, 653, 496, 462]","[0.35315465927124023, 0.2253386378288269, 0.06455641239881516, 0.027701545506715775, 0.02532435581088066]"
base,ooc,759,689,775,0,0.20507843792438507,"[775, 756, 411, 797, 929]","[0.20507843792438507, 0.09667515009641647, 0.04202956706285477, 0.040649913251399994, 0.026799624785780907]"
base,ooc,760,863,863,1,0.1074029952287674,"[863, 514, 416, 862, 704]","[0.1074029952287674, 0.08566213399171829, 0.056275200098752975, 0.0420704111456871, 0.03727821633219719]"
base,ooc,761,851,609,0,0.324180006980896,"[609, 169, 4, 553, 178]","[0.324180006980896, 0.05717093497514725, 0.038288939744234085, 0.030950427055358887, 0.022998174652457237]"
base,ooc,762,444,444,1,0.10751879960298538,"[444, 819, 577, 714, 723]","[0.10751879960298538, 0.08322818577289581, 0.05550074949860573, 0.05229499191045761, 0.03904228284955025]"
base,ooc,763,230,920,0,0.3117557466030121,"[920, 575, 772, 471, 609]","[0.3117557466030121, 0.11275625228881836, 0.05167967826128006, 0.0329117514193058, 0.03040369413793087]"
base,ooc,764,254,728,0,0.10404917597770691,"[728, 921, 467, 922, 492]","[0.10404917597770691, 0.08268803358078003, 0.04213712736964226, 0.041701577603816986, 0.0379541851580143]"
base,ooc,765,199,13,0,0.4199695587158203,"[13, 17, 199, 12, 22]","[0.4199695587158203, 0.11214487254619598, 0.06209633871912956, 0.05934757739305496, 0.04055722802877426]"
base,ooc,766,493,458,0,0.19491729140281677,"[458, 471, 410, 522, 703]","[0.19491729140281677, 0.162266805768013, 0.06724768131971359, 0.053399134427309036, 0.044639844447374344]"
base,ooc,767,882,133,0,0.2556076645851135,"[133, 77, 998, 994, 313]","[0.2556076645851135, 0.05949648469686508, 0.057257331907749176, 0.05574007332324982, 0.03838521987199783]"
base,ooc,768,739,657,0,0.13443990051746368,"[657, 573, 856, 522, 744]","[0.13443990051746368, 0.05606255680322647, 0.052684638649225235, 0.049296021461486816, 0.048526566475629807]"
base,ooc,769,846,13,0,0.20683139562606812,"[13, 703, 17, 14, 94]","[0.20683139562606812, 0.12257300317287445, 0.09624526649713516, 0.06233493983745575, 0.05458546802401543]"
base,ooc,770,614,801,0,0.144551619887352,"[801, 616, 639, 139, 638]","[0.144551619887352, 0.13580092787742615, 0.11724838614463806, 0.11291570961475372, 0.07305197417736053]"
base,ooc,771,579,703,0,0.12254662811756134,"[703, 832, 924, 391, 128]","[0.12254662811756134, 0.039555538445711136, 0.038636766374111176, 0.03433234244585037, 0.024332603439688683]"
base,ooc,772,882,772,0,0.24965518712997437,"[772, 562, 853, 51, 727]","[0.24965518712997437, 0.06513160467147827, 0.04593326523900032, 0.043877944350242615, 0.0370681956410408]"
base,ooc,773,778,840,0,0.3598305284976959,"[840, 476, 882, 887, 778]","[0.3598305284976959, 0.1735522300004959, 0.036307331174612045, 0.0305964145809412, 0.022537244483828545]"
base,ooc,774,882,753,0,0.41464489698410034,"[753, 506, 634, 491, 462]","[0.41464489698410034, 0.1421760469675064, 0.053741663694381714, 0.044241905212402344, 0.03480607271194458]"
base,ooc,775,550,576,0,0.9933564066886902,"[576, 483, 694, 625, 510]","[0.9933564066886902, 0.0016961407382041216, 0.0007613302441313863, 0.00045813340693712234, 0.00044243223965168]"
base,ooc,776,284,646,0,0.15114592015743256,"[646, 132, 141, 410, 120]","[0.15114592015743256, 0.11808573454618454, 0.06484894454479218, 0.05601201578974724, 0.026569928973913193]"
base,ooc,777,851,598,0,0.21840114891529083,"[598, 548, 831, 632, 627]","[0.21840114891529083, 0.18828342854976654, 0.10689697414636612, 0.05065009370446205, 0.04670931398868561]"
base,ooc,778,651,760,0,0.18783535063266754,"[760, 651, 415, 744, 657]","[0.18783535063266754, 0.1289825290441513, 0.09130247682332993, 0.07522021234035492, 0.052344970405101776]"
base,ooc,779,681,526,0,0.2706323564052582,"[526, 726, 764, 532, 878]","[0.2706323564052582, 0.2510887086391449, 0.061693817377090454, 0.04694049432873726, 0.03397747129201889]"
base,ooc,780,420,205,0,0.13400998711585999,"[205, 981, 560, 439, 255]","[0.13400998711585999, 0.12168954312801361, 0.1130029633641243, 0.0660836398601532, 0.05157814174890518]"
base,ooc,781,532,706,0,0.21884554624557495,"[706, 471, 744, 835, 703]","[0.21884554624557495, 0.1975896656513214, 0.0954485759139061, 0.09151220321655273, 0.05027158185839653]"
base,ooc,782,423,812,0,0.073442742228508,"[812, 832, 505, 663, 708]","[0.073442742228508, 0.06787040829658508, 0.055904194712638855, 0.0498114712536335, 0.04049365967512131]"
base,ooc,783,201,393,0,0.3033793270587921,"[393, 971, 591, 443, 748]","[0.3033793270587921, 0.26338428258895874, 0.12463231384754181, 0.11642608046531677, 0.037750281393527985]"
base,ooc,784,690,362,0,0.17209318280220032,"[362, 353, 275, 730, 410]","[0.17209318280220032, 0.1421685367822647, 0.14026065170764923, 0.12048462778329849, 0.05207090079784393]"
base,ooc,785,807,807,1,0.3801073431968689,"[807, 313, 591, 315, 904]","[0.3801073431968689, 0.20056189596652985, 0.05892070755362511, 0.04092191904783249, 0.02087794989347458]"
base,ooc,786,836,976,0,0.13644744455814362,"[976, 18, 908, 972, 146]","[0.13644744455814362, 0.13116756081581116, 0.11093701422214508, 0.0917946845293045, 0.06382222473621368]"
base,ooc,787,779,779,1,0.27856218814849854,"[779, 803, 408, 472, 573]","[0.27856218814849854, 0.07342318445444107, 0.05596714839339256, 0.04581713676452637, 0.03415875881910324]"
base,ooc,788,872,559,0,0.2286335825920105,"[559, 846, 532, 877, 872]","[0.2286335825920105, 0.12345129996538162, 0.06806902587413788, 0.06545615941286087, 0.046532437205314636]"
base,ooc,789,516,427,0,0.08790065348148346,"[427, 463, 728, 544, 672]","[0.08790065348148346, 0.07925644516944885, 0.04886658489704132, 0.04554162919521332, 0.044886570423841476]"
base,ooc,790,807,448,0,0.3074421286582947,"[448, 549, 637, 695, 499]","[0.3074421286582947, 0.09545181691646576, 0.07733883708715439, 0.07075843960046768, 0.036088865250349045]"
base,ooc,791,880,970,0,0.15176190435886383,"[970, 146, 143, 349, 460]","[0.15176190435886383, 0.05559901148080826, 0.05391937494277954, 0.0422007292509079, 0.04195554554462433]"
base,ooc,792,678,863,0,0.07385366410017014,"[863, 381, 369, 384, 557]","[0.07385366410017014, 0.03627348691225052, 0.031090261414647102, 0.030261293053627014, 0.02866266295313835]"
base,ooc,793,603,444,0,0.3796243369579315,"[444, 880, 612, 576, 544]","[0.3796243369579315, 0.09419077634811401, 0.07791677862405777, 0.07100866734981537, 0.04457467049360275]"
base,ooc,794,665,812,0,0.34300488233566284,"[812, 417, 846, 715, 819]","[0.34300488233566284, 0.09805404394865036, 0.02607588842511177, 0.024613503366708755, 0.024441471323370934]"
base,ooc,795,541,978,0,0.37345489859580994,"[978, 701, 977, 405, 395]","[0.37345489859580994, 0.19166074693202972, 0.17019206285476685, 0.032351233065128326, 0.018131811171770096]"
base,ooc,796,704,430,0,0.19083794951438904,"[430, 492, 890, 704, 655]","[0.19083794951438904, 0.04969729110598564, 0.04664333909749985, 0.04655907303094864, 0.040818557143211365]"
base,ooc,797,770,726,0,0.28217461705207825,"[726, 514, 51, 746, 476]","[0.28217461705207825, 0.11681205779314041, 0.07117882370948792, 0.05068853124976158, 0.04159357771277428]"
base,ooc,798,428,69,0,0.1931462585926056,"[69, 735, 591, 6, 500]","[0.1931462585926056, 0.0758562982082367, 0.04217326641082764, 0.030202513560652733, 0.0200043972581625]"
base,ooc,799,637,989,0,0.1891913115978241,"[989, 213, 309, 15, 944]","[0.1891913115978241, 0.13968850672245026, 0.097504623234272, 0.051365748047828674, 0.038217805325984955]"
base,ooc,800,879,491,0,0.15501412749290466,"[491, 788, 917, 502, 414]","[0.15501412749290466, 0.07304947078227997, 0.04938863217830658, 0.03870772942900658, 0.03869355842471123]"
base,ooc,801,869,870,0,0.18063555657863617,"[870, 413, 758, 880, 787]","[0.18063555657863617, 0.07623837143182755, 0.06928574293851852, 0.052896030247211456, 0.03928264603018761]"
base,ooc,802,690,404,0,0.12872852385044098,"[404, 565, 755, 839, 460]","[0.12872852385044098, 0.060840584337711334, 0.05234352499246597, 0.04152335599064827, 0.034710343927145004]"
base,ooc,803,822,405,0,0.0768727958202362,"[405, 510, 832, 554, 555]","[0.0768727958202362, 0.07182052731513977, 0.05682791396975517, 0.048484981060028076, 0.04726538434624672]"
base,ooc,804,880,21,0,0.7005127668380737,"[21, 89, 23, 246, 172]","[0.7005127668380737, 0.039133068174123764, 0.031220437958836555, 0.028166498988866806, 0.026942279189825058]"
base,ooc,805,612,532,0,0.05088769271969795,"[532, 300, 774, 822, 752]","[0.05088769271969795, 0.04621298611164093, 0.04313540458679199, 0.03794245049357414, 0.03695063292980194]"
base,ooc,806,879,386,0,0.17131514847278595,"[386, 805, 544, 787, 655]","[0.17131514847278595, 0.08148586004972458, 0.04787342622876167, 0.04019204527139664, 0.04017552733421326]"
base,ooc,807,603,603,1,0.41521796584129333,"[603, 428, 471, 690, 870]","[0.41521796584129333, 0.12122555822134018, 0.07490688562393188, 0.05391988903284073, 0.025426814332604408]"
base,ooc,808,707,410,0,0.10497933626174927,"[410, 621, 428, 99, 870]","[0.10497933626174927, 0.09481257200241089, 0.05787061154842377, 0.04861681908369064, 0.03658945858478546]"
base,ooc,809,751,856,0,0.2557641267776489,"[856, 595, 866, 730, 476]","[0.2557641267776489, 0.20743069052696228, 0.15002094209194183, 0.10639794170856476, 0.023687317967414856]"
base,ooc,810,407,436,0,0.26774534583091736,"[436, 407, 734, 656, 468]","[0.26774534583091736, 0.2251579910516739, 0.18153636157512665, 0.05945418402552605, 0.05732914060354233]"
base,ooc,811,791,47,0,0.08473961800336838,"[47, 629, 398, 892, 898]","[0.08473961800336838, 0.06085637956857681, 0.05781311169266701, 0.04292234778404236, 0.041315652430057526]"
base,ooc,812,645,707,0,0.2381509691476822,"[707, 480, 571, 637, 771]","[0.2381509691476822, 0.11010073125362396, 0.09824815392494202, 0.06675806641578674, 0.040138453245162964]"
base,ooc,813,879,673,0,0.33861008286476135,"[673, 664, 846, 526, 681]","[0.33861008286476135, 0.15696558356285095, 0.06687100231647491, 0.05714225023984909, 0.052933137863874435]"
base,ooc,814,612,612,1,0.2016359567642212,"[612, 690, 863, 733, 880]","[0.2016359567642212, 0.09327780455350876, 0.08740197122097015, 0.06034696102142334, 0.04439253732562065]"
base,ooc,815,468,621,0,0.06850802153348923,"[621, 428, 169, 730, 159]","[0.06850802153348923, 0.054180044680833817, 0.048439472913742065, 0.03229507431387901, 0.031443968415260315]"
base,ooc,816,603,699,0,0.33229684829711914,"[699, 513, 758, 776, 711]","[0.33229684829711914, 0.1279892474412918, 0.06792350858449936, 0.052958596497774124, 0.03272278979420662]"
base,ooc,817,670,661,0,0.4949062764644623,"[661, 621, 880, 665, 670]","[0.4949062764644623, 0.12699158489704132, 0.07092785835266113, 0.06297279894351959, 0.049873340874910355]"
base,ooc,818,468,830,0,0.26845240592956543,"[830, 870, 423, 670, 665]","[0.26845240592956543, 0.09971634298563004, 0.08641877770423889, 0.06227568909525871, 0.040129389613866806]"
base,ooc,819,830,701,0,0.060404375195503235,"[701, 744, 560, 920, 497]","[0.060404375195503235, 0.033796295523643494, 0.032366640865802765, 0.030976392328739166, 0.02960987761616707]"
base,ooc,820,670,450,0,0.4579925537109375,"[450, 746, 613, 923, 830]","[0.4579925537109375, 0.0558125264942646, 0.04705420136451721, 0.028830338269472122, 0.017487434670329094]"
base,ooc,821,807,756,0,0.12818941473960876,"[756, 637, 609, 448, 914]","[0.12818941473960876, 0.08128098398447037, 0.05531749501824379, 0.05079042166471481, 0.048308033496141434]"
base,ooc,822,602,682,0,0.19333183765411377,"[682, 900, 871, 557, 657]","[0.19333183765411377, 0.18331436812877655, 0.061990056186914444, 0.04880029335618019, 0.034458864480257034]"
base,ooc,823,439,799,0,0.31987470388412476,"[799, 580, 706, 564, 561]","[0.31987470388412476, 0.03788022696971893, 0.03714289888739586, 0.02726457081735134, 0.024472711607813835]"
base,ooc,824,198,219,0,0.17628218233585358,"[219, 196, 198, 231, 903]","[0.17628218233585358, 0.0719824805855751, 0.05759504809975624, 0.04953298345208168, 0.04786377400159836]"
base,ooc,825,559,105,0,0.19581963121891022,"[105, 324, 89, 832, 140]","[0.19581963121891022, 0.10937633365392685, 0.07081249356269836, 0.06374573707580566, 0.04724350571632385]"
base,ooc,826,919,462,0,0.23038868606090546,"[462, 186, 561, 573, 736]","[0.23038868606090546, 0.13100601732730865, 0.11265058815479279, 0.04928596317768097, 0.03472810238599777]"
base,ooc,827,665,843,0,0.2533451020717621,"[843, 522, 791, 492, 805]","[0.2533451020717621, 0.08911629766225815, 0.08369658142328262, 0.04402441531419754, 0.04298390448093414]"
base,ooc,828,919,549,0,0.2144046127796173,"[549, 404, 647, 768, 407]","[0.2144046127796173, 0.13970108330249786, 0.0898282453417778, 0.0594182163476944, 0.03305104002356529]"
base,ooc,829,557,682,0,0.12722204625606537,"[682, 442, 562, 799, 884]","[0.12722204625606537, 0.05643097683787346, 0.05498304218053818, 0.04485328122973442, 0.039788030087947845]"
base,ooc,830,864,500,0,0.16764941811561584,"[500, 130, 483, 873, 352]","[0.16764941811561584, 0.1101049855351448, 0.09067834913730621, 0.07389391958713531, 0.07128830999135971]"
base,ooc,831,880,970,0,0.3152596354484558,"[970, 652, 177, 912, 483]","[0.3152596354484558, 0.2032100111246109, 0.050789471715688705, 0.035516735166311264, 0.03434942662715912]"
base,ooc,832,870,835,0,0.13765057921409607,"[835, 646, 580, 839, 476]","[0.13765057921409607, 0.04810833930969238, 0.03948833793401718, 0.03759133070707321, 0.035309962928295135]"
base,ooc,833,439,97,0,0.11451131850481033,"[97, 443, 208, 99, 915]","[0.11451131850481033, 0.0689956322312355, 0.03571099787950516, 0.02698148600757122, 0.024045845493674278]"
base,ooc,834,728,100,0,0.3396318554878235,"[100, 803, 792, 693, 472]","[0.3396318554878235, 0.0806807205080986, 0.04758818820118904, 0.041646767407655716, 0.030486010015010834]"
base,ooc,835,920,872,0,0.12903617322444916,"[872, 752, 784, 704, 742]","[0.12903617322444916, 0.06021089479327202, 0.056591279804706573, 0.04973013699054718, 0.0424637645483017]"
base,ooc,836,608,655,0,0.06041281297802925,"[655, 843, 448, 614, 738]","[0.06041281297802925, 0.05059822276234627, 0.044956106692552567, 0.04391350597143173, 0.042570143938064575]"
base,ooc,837,919,453,0,0.4161332845687866,"[453, 495, 736, 707, 548]","[0.4161332845687866, 0.05848805606365204, 0.04809270799160004, 0.044712696224451065, 0.03448999300599098]"
base,ooc,838,612,693,0,0.30182334780693054,"[693, 758, 491, 795, 608]","[0.30182334780693054, 0.0750918760895729, 0.06871865689754486, 0.0676615983247757, 0.049285922199487686]"
base,ooc,839,919,251,0,0.14565430581569672,"[251, 410, 246, 355, 787]","[0.14565430581569672, 0.10220956057310104, 0.07191018015146255, 0.06817701458930969, 0.052873268723487854]"
base,ooc,840,571,707,0,0.15882542729377747,"[707, 892, 840, 485, 921]","[0.15882542729377747, 0.13164956867694855, 0.06276196986436844, 0.06261298805475235, 0.027007337659597397]"
base,ooc,841,575,547,0,0.9059423208236694,"[547, 705, 829, 820, 565]","[0.9059423208236694, 0.0213581882417202, 0.016387326642870903, 0.007201795466244221, 0.00323768169619143]"
base,ooc,842,870,303,0,0.4531092941761017,"[303, 300, 989, 302, 306]","[0.4531092941761017, 0.066989965736866, 0.0479971244931221, 0.03871140629053116, 0.03504973277449608]"
base,ooc,843,919,970,0,0.1208924874663353,"[970, 757, 701, 557, 919]","[0.1208924874663353, 0.08311735838651657, 0.08259899169206619, 0.07509972900152206, 0.04076424613595009]"
base,ooc,844,879,915,0,0.14371900260448456,"[915, 431, 160, 525, 257]","[0.14371900260448456, 0.0713912844657898, 0.05930354446172714, 0.0469757542014122, 0.029345791786909103]"
base,ooc,845,690,152,0,0.1630413979291916,"[152, 20, 156, 218, 263]","[0.1630413979291916, 0.08544441312551498, 0.07978016138076782, 0.06484547257423401, 0.05104060098528862]"
base,ooc,846,879,45,0,0.1118805781006813,"[45, 410, 825, 953, 47]","[0.1118805781006813, 0.06674637645483017, 0.05916447937488556, 0.04620989039540291, 0.0317506268620491]"
base,ooc,847,412,23,0,0.11753962934017181,"[23, 213, 134, 80, 138]","[0.11753962934017181, 0.08976658433675766, 0.08732672035694122, 0.07753626257181168, 0.04209506884217262]"
base,ooc,848,412,769,0,0.23724965751171112,"[769, 549, 519, 921, 478]","[0.23724965751171112, 0.14755462110042572, 0.08479153364896774, 0.06714295595884323, 0.04978228360414505]"
base,ooc,849,751,751,1,0.6839659214019775,"[751, 817, 511, 573, 661]","[0.6839659214019775, 0.13456083834171295, 0.11719077080488205, 0.009967249818146229, 0.007859916426241398]"
base,ooc,850,489,879,0,0.19532327353954315,"[879, 706, 723, 835, 807]","[0.19532327353954315, 0.0532667301595211, 0.04593716934323311, 0.045155614614486694, 0.035963770002126694]"
base,ooc,851,223,562,0,0.43452879786491394,"[562, 491, 576, 669, 716]","[0.43452879786491394, 0.042454954236745834, 0.03474695608019829, 0.03313416987657547, 0.02371002361178398]"
base,ooc,852,603,22,0,0.22593802213668823,"[22, 93, 488, 23, 136]","[0.22593802213668823, 0.15833315253257751, 0.08233697712421417, 0.0664740726351738, 0.0659344345331192]"
base,ooc,853,862,272,0,0.15266914665699005,"[272, 815, 287, 352, 291]","[0.15266914665699005, 0.09408848732709885, 0.09334205090999603, 0.06515852361917496, 0.05198359489440918]"
base,ooc,854,612,129,0,0.13893122971057892,"[129, 144, 146, 137, 100]","[0.13893122971057892, 0.09721595793962479, 0.07201521098613739, 0.0705597773194313, 0.0592510960996151]"
base,ooc,855,154,212,0,0.31789064407348633,"[212, 194, 289, 204, 192]","[0.31789064407348633, 0.05126943811774254, 0.04445156827569008, 0.03686148673295975, 0.03406975418329239]"
base,ooc,856,560,22,0,0.3863542377948761,"[22, 129, 265, 132, 218]","[0.3863542377948761, 0.07735135406255722, 0.04218510910868645, 0.03576859086751938, 0.035379599779844284]"
base,ooc,857,852,85,0,0.21061113476753235,"[85, 628, 58, 812, 81]","[0.21061113476753235, 0.05937470495700836, 0.04460224136710167, 0.04235243424773216, 0.03900053724646568]"
base,ooc,858,522,594,0,0.8923975825309753,"[594, 854, 462, 696, 578]","[0.8923975825309753, 0.014251499436795712, 0.008227096870541573, 0.00798252783715725, 0.004285430535674095]"
base,ooc,859,430,532,0,0.27297043800354004,"[532, 634, 743, 668, 495]","[0.27297043800354004, 0.24544894695281982, 0.04955432191491127, 0.047188568860292435, 0.03074639104306698]"
base,ooc,860,752,983,0,0.2962632179260254,"[983, 149, 4, 3, 6]","[0.2962632179260254, 0.18247461318969727, 0.12587429583072662, 0.09386594593524933, 0.09274893254041672]"
base,ooc,861,852,628,0,0.23991495370864868,"[628, 779, 829, 920, 536]","[0.23991495370864868, 0.18146364390850067, 0.12249719351530075, 0.10191485285758972, 0.09974177926778793]"
base,ooc,862,746,828,0,0.3289927840232849,"[828, 811, 421, 815, 904]","[0.3289927840232849, 0.06956204026937485, 0.04303376004099846, 0.04150912165641785, 0.03952353075146675]"
base,ooc,863,702,319,0,0.381695032119751,"[319, 320, 602, 702, 879]","[0.381695032119751, 0.10020142793655396, 0.08462449908256531, 0.0709129124879837, 0.03683498501777649]"
base,ooc,864,560,72,0,0.3154453635215759,"[72, 815, 74, 876, 75]","[0.3154453635215759, 0.20090451836585999, 0.1151106208562851, 0.07037296146154404, 0.04681041091680527]"
base,ooc,865,746,970,0,0.19472160935401917,"[970, 131, 693, 979, 472]","[0.19472160935401917, 0.0897863507270813, 0.06469640135765076, 0.059408292174339294, 0.05697302892804146]"
base,ooc,866,430,668,0,0.08343717455863953,"[668, 434, 616, 783, 144]","[0.08343717455863953, 0.05657639354467392, 0.05253145843744278, 0.04901079088449478, 0.03556382283568382]"
base,ooc,867,450,326,0,0.16836866736412048,"[326, 306, 309, 303, 308]","[0.16836866736412048, 0.04881496727466583, 0.04590524360537529, 0.04463798552751541, 0.03977420926094055]"
base,ooc,868,890,10,0,0.055488184094429016,"[10, 145, 672, 18, 15]","[0.055488184094429016, 0.04502662643790245, 0.044681742787361145, 0.041560180485248566, 0.03805552423000336]"
base,ooc,869,746,137,0,0.24778275191783905,"[137, 1, 417, 338, 725]","[0.24778275191783905, 0.10332737863063812, 0.026689911261200905, 0.025141367688775063, 0.02164669893682003]"
base,ooc,870,560,417,0,0.5330191850662231,"[417, 701, 805, 895, 802]","[0.5330191850662231, 0.15596026182174683, 0.06847813725471497, 0.03004259243607521, 0.017765408381819725]"
base,ooc,871,752,858,0,0.2125815600156784,"[858, 825, 519, 703, 427]","[0.2125815600156784, 0.17220191657543182, 0.09687965363264084, 0.0908694639801979, 0.025196628645062447]"
base,ooc,872,702,313,0,0.05283280089497566,"[313, 835, 674, 133, 312]","[0.05283280089497566, 0.05014888569712639, 0.04888421297073364, 0.048496369272470474, 0.04307126626372337]"
base,ooc,873,160,168,0,0.15867026150226593,"[168, 237, 879, 816, 193]","[0.15867026150226593, 0.06378612667322159, 0.05061725527048111, 0.04236738383769989, 0.035273730754852295]"
base,ooc,874,430,316,0,0.09121367335319519,"[316, 623, 126, 77, 314]","[0.09121367335319519, 0.03162401542067528, 0.02386424131691456, 0.021550657227635384, 0.02050331048667431]"
base,ooc,875,430,318,0,0.34135016798973083,"[318, 316, 418, 111, 696]","[0.34135016798973083, 0.0744854211807251, 0.06137190759181976, 0.05873150750994682, 0.04368536174297333]"
base,ooc,876,499,525,0,0.42957383394241333,"[525, 449, 21, 839, 562]","[0.42957383394241333, 0.09652363508939743, 0.04019423574209213, 0.037512265145778656, 0.03478657081723213]"
base,ooc,877,418,764,0,0.1541891098022461,"[764, 120, 313, 730, 42]","[0.1541891098022461, 0.06877567619085312, 0.05563970282673836, 0.03853650763630867, 0.02963368408381939]"
base,ooc,878,849,725,0,0.2501072883605957,"[725, 849, 515, 961, 659]","[0.2501072883605957, 0.1030944213271141, 0.08480371534824371, 0.06731995940208435, 0.05315476655960083]"
base,ooc,879,899,576,0,0.15116338431835175,"[576, 833, 778, 562, 847]","[0.15116338431835175, 0.06379155069589615, 0.05143393948674202, 0.04924481362104416, 0.046831849962472916]"
base,ooc,880,963,963,1,0.7503851652145386,"[963, 987, 868, 398, 965]","[0.7503851652145386, 0.06856861710548401, 0.035965077579021454, 0.014325428754091263, 0.01061276812106371]"
base,ooc,881,956,938,0,0.555446445941925,"[938, 937, 924, 935, 956]","[0.555446445941925, 0.10893397778272629, 0.08891813457012177, 0.06544730812311172, 0.03275417163968086]"
base,ooc,882,961,519,0,0.3259316384792328,"[519, 8, 648, 896, 596]","[0.3259316384792328, 0.040615782141685486, 0.038385000079870224, 0.032422248274087906, 0.025532163679599762]"
base,ooc,883,786,649,0,0.1940789520740509,"[649, 471, 646, 888, 348]","[0.1940789520740509, 0.10690832138061523, 0.09803247451782227, 0.08813121914863586, 0.08377217501401901]"
base,ooc,884,440,440,1,0.7253234386444092,"[440, 758, 737, 447, 866]","[0.7253234386444092, 0.17693482339382172, 0.01631523296236992, 0.008176695555448532, 0.007499587722122669]"
base,ooc,885,846,693,0,0.42060911655426025,"[693, 472, 144, 871, 914]","[0.42060911655426025, 0.11212804913520813, 0.07682327926158905, 0.04872369021177292, 0.039516132324934006]"
base,ooc,886,969,608,0,0.30323198437690735,"[608, 441, 464, 610, 411]","[0.30323198437690735, 0.0946303978562355, 0.07500781118869781, 0.0457250252366066, 0.0366087406873703]"
base,ooc,887,945,150,0,0.30566492676734924,"[150, 975, 471, 646, 99]","[0.30566492676734924, 0.24715711176395416, 0.08310479670763016, 0.02643751911818981, 0.02223934791982174]"
base,ooc,888,752,561,0,0.27492088079452515,"[561, 423, 582, 480, 624]","[0.27492088079452515, 0.12808659672737122, 0.0497501976788044, 0.04328795149922371, 0.03568646311759949]"
base,ooc,889,651,437,0,0.35006287693977356,"[437, 660, 867, 757, 497]","[0.35006287693977356, 0.18123942613601685, 0.025992505252361298, 0.02465229108929634, 0.020085440948605537]"
base,ooc,890,945,945,1,0.2860988676548004,"[945, 582, 398, 618, 875]","[0.2860988676548004, 0.19224373996257782, 0.0812230035662651, 0.07251380383968353, 0.060754016041755676]"
base,ooc,891,438,833,0,0.15928895771503448,"[833, 460, 913, 540, 780]","[0.15928895771503448, 0.14980119466781616, 0.08258401602506638, 0.07667761296033859, 0.04246215149760246]"
base,ooc,892,441,417,0,0.20898164808750153,"[417, 971, 898, 929, 899]","[0.20898164808750153, 0.1293250471353531, 0.05364646390080452, 0.04557395353913307, 0.04139212146401405]"
base,ooc,893,818,88,0,0.1475948542356491,"[88, 981, 518, 471, 241]","[0.1475948542356491, 0.1353190392255783, 0.047774579375982285, 0.04436595365405083, 0.03371333330869675]"
base,ooc,894,941,952,0,0.5378149151802063,"[952, 941, 936, 106, 943]","[0.5378149151802063, 0.4466370940208435, 0.0032224191818386316, 0.001774535165168345, 0.0015015798853710294]"
base,ooc,895,711,562,0,0.3181447982788086,"[562, 975, 708, 682, 519]","[0.3181447982788086, 0.147575244307518, 0.07660156488418579, 0.06764274835586548, 0.0407843254506588]"
base,ooc,896,152,152,1,0.6445932984352112,"[152, 157, 155, 231, 230]","[0.6445932984352112, 0.07413186132907867, 0.029325945302844048, 0.020749961957335472, 0.018694201484322548]"
base,ooc,897,996,996,1,0.5064005851745605,"[996, 112, 956, 953, 51]","[0.5064005851745605, 0.0777469277381897, 0.06153309717774391, 0.052281416952610016, 0.03565823659300804]"
base,ooc,898,898,505,0,0.1363389790058136,"[505, 747, 463, 849, 882]","[0.1363389790058136, 0.13394570350646973, 0.09704841673374176, 0.08173277229070663, 0.05778883025050163]"
base,ooc,899,441,437,0,0.23105432093143463,"[437, 708, 637, 595, 866]","[0.23105432093143463, 0.21081076562404633, 0.06088675186038017, 0.05413185432553291, 0.035641685128211975]"
base,ooc,900,953,802,0,0.4648074209690094,"[802, 537, 90, 7, 795]","[0.4648074209690094, 0.06658045947551727, 0.03686804696917534, 0.035337723791599274, 0.027966279536485672]"
base,ooc,901,505,177,0,0.057162605226039886,"[177, 463, 189, 344, 562]","[0.057162605226039886, 0.055434390902519226, 0.04429871588945389, 0.04009800776839256, 0.03551291301846504]"
base,ooc,902,773,708,0,0.329136461019516,"[708, 982, 348, 234, 594]","[0.329136461019516, 0.0473405160009861, 0.02729204297065735, 0.02623622678220272, 0.020800238475203514]"
base,ooc,903,942,64,0,0.0965941771864891,"[64, 832, 448, 55, 31]","[0.0965941771864891, 0.07926846295595169, 0.05259362980723381, 0.03882318362593651, 0.03169039636850357]"
base,ooc,904,891,546,0,0.6163542866706848,"[546, 752, 891, 650, 790]","[0.6163542866706848, 0.08911986649036407, 0.03997361287474632, 0.03744488209486008, 0.027513815090060234]"
base,ooc,905,968,588,0,0.17535816133022308,"[588, 506, 640, 971, 868]","[0.17535816133022308, 0.05838427692651749, 0.05319991335272789, 0.05295019596815109, 0.039694853127002716]"
base,ooc,906,942,833,0,0.21595966815948486,"[833, 525, 913, 408, 825]","[0.21595966815948486, 0.10687995702028275, 0.04766261577606201, 0.043728455901145935, 0.043106790632009506]"
base,ooc,907,941,721,0,0.1039593517780304,"[721, 748, 61, 459, 123]","[0.1039593517780304, 0.09743369370698929, 0.05859643593430519, 0.04086608067154884, 0.04050992801785469]"
base,ooc,908,418,494,0,0.5475069284439087,"[494, 561, 912, 765, 799]","[0.5475069284439087, 0.08281449228525162, 0.07376070320606232, 0.06544908136129379, 0.029957318678498268]"
base,ooc,909,928,927,0,0.3867313265800476,"[927, 928, 719, 933, 572]","[0.3867313265800476, 0.1527136266231537, 0.042505428194999695, 0.03226311504840851, 0.020452097058296204]"
base,ooc,910,934,405,0,0.4303724467754364,"[405, 701, 557, 404, 693]","[0.4303724467754364, 0.18910373747348785, 0.16655004024505615, 0.034884560853242874, 0.03008057363331318]"
base,ooc,911,968,863,0,0.22733952105045319,"[863, 427, 443, 695, 420]","[0.22733952105045319, 0.10600416362285614, 0.054108697921037674, 0.04557791352272034, 0.037409331649541855]"
base,ooc,912,923,923,1,0.9801166653633118,"[923, 521, 925, 932, 861]","[0.9801166653633118, 0.0037046067882329226, 0.0030679218471050262, 0.0014753569848835468, 0.0013489315751940012]"
base,ooc,913,194,294,0,0.11347630620002747,"[294, 8, 185, 189, 192]","[0.11347630620002747, 0.08677899092435837, 0.03817012533545494, 0.03698834404349327, 0.035608358681201935]"
base,ooc,914,927,927,1,0.5725887417793274,"[927, 963, 868, 935, 957]","[0.5725887417793274, 0.050820428878068924, 0.04411701858043671, 0.027720430865883827, 0.026675695553421974]"
base,ooc,915,686,723,0,0.08590546250343323,"[723, 947, 997, 15, 738]","[0.08590546250343323, 0.056983791291713715, 0.04714682325720787, 0.04599891975522041, 0.0436566062271595]"
base,ooc,916,737,491,0,0.21360307931900024,"[491, 863, 955, 500, 391]","[0.21360307931900024, 0.07013773918151855, 0.04200325533747673, 0.0397220216691494, 0.02525283768773079]"
base,ooc,917,849,35,0,0.13537882268428802,"[35, 314, 488, 391, 113]","[0.13537882268428802, 0.11093887686729431, 0.05256081745028496, 0.04455479606986046, 0.04110618680715561]"
base,ooc,918,855,280,0,0.20946387946605682,"[280, 86, 82, 335, 703]","[0.20946387946605682, 0.12048602849245071, 0.0846993625164032, 0.053792804479599, 0.03238598257303238]"
base,ooc,919,611,49,0,0.15531973540782928,"[49, 458, 692, 141, 50]","[0.15531973540782928, 0.1183713749051094, 0.043877843767404556, 0.03939465060830116, 0.027849644422531128]"
base,ooc,920,545,755,0,0.08626943826675415,"[755, 82, 639, 360, 39]","[0.08626943826675415, 0.07019998878240585, 0.06487660109996796, 0.062286168336868286, 0.04412439465522766]"
base,ooc,921,761,81,0,0.39454135298728943,"[81, 89, 405, 391, 349]","[0.39454135298728943, 0.05598980933427811, 0.030070576816797256, 0.02822008542716503, 0.025823280215263367]"
base,ooc,922,521,822,0,0.15891246497631073,"[822, 861, 910, 618, 765]","[0.15891246497631073, 0.13759078085422516, 0.056992631405591965, 0.05382287874817848, 0.032618772238492966]"
base,ooc,923,626,946,0,0.2828158736228943,"[946, 985, 324, 953, 944]","[0.2828158736228943, 0.1157701313495636, 0.09440290182828903, 0.06475117802619934, 0.06250490248203278]"
base,ooc,924,441,119,0,0.14276368916034698,"[119, 88, 121, 124, 315]","[0.14276368916034698, 0.14199581742286682, 0.11806552857160568, 0.11760444939136505, 0.05797380954027176]"
base,ooc,925,438,765,0,0.25545552372932434,"[765, 559, 463, 423, 516]","[0.25545552372932434, 0.1612103134393692, 0.057020820677280426, 0.040720995515584946, 0.037447091192007065]"
base,ooc,926,426,778,0,0.40997177362442017,"[778, 409, 426, 826, 892]","[0.40997177362442017, 0.2757370173931122, 0.2744944393634796, 0.022586561739444733, 0.01164658647030592]"
base,ooc,927,710,439,0,0.053791940212249756,"[439, 570, 165, 676, 691]","[0.053791940212249756, 0.048892296850681305, 0.042061302810907364, 0.03632643073797226, 0.03376231715083122]"
base,ooc,928,613,634,0,0.2468821108341217,"[634, 920, 448, 703, 471]","[0.2468821108341217, 0.24612586200237274, 0.050668008625507355, 0.02962452545762062, 0.023379266262054443]"
base,ooc,929,574,84,0,0.09874941408634186,"[84, 346, 274, 271, 263]","[0.09874941408634186, 0.07207580655813217, 0.0694543868303299, 0.0507861003279686, 0.05065086483955383]"
base,ooc,930,882,105,0,0.06481251865625381,"[105, 583, 316, 595, 428]","[0.06481251865625381, 0.06064026057720184, 0.05490758270025253, 0.029196232557296753, 0.02811109833419323]"
base,ooc,931,647,647,1,0.12599042057991028,"[647, 741, 492, 792, 519]","[0.12599042057991028, 0.09603685885667801, 0.09019995480775833, 0.07702705264091492, 0.05301317572593689]"
base,ooc,932,737,737,1,0.8630263805389404,"[737, 440, 695, 626, 898]","[0.8630263805389404, 0.06249411776661873, 0.01199948787689209, 0.009803245775401592, 0.006858966313302517]"
base,ooc,933,963,963,1,0.8034892678260803,"[963, 599, 957, 987, 327]","[0.8034892678260803, 0.12765847146511078, 0.012211410328745842, 0.007677798625081778, 0.007559334859251976]"
base,ooc,934,662,704,0,0.09029381722211838,"[704, 405, 596, 606, 833]","[0.09029381722211838, 0.07188049703836441, 0.0527963824570179, 0.049214497208595276, 0.04105648398399353]"
base,ooc,935,891,891,1,0.9332621097564697,"[891, 572, 570, 402, 796]","[0.9332621097564697, 0.011153941974043846, 0.008012068457901478, 0.004179876763373613, 0.0038683651946485043]"
base,ooc,936,891,703,0,0.15927062928676605,"[703, 920, 706, 835, 562]","[0.15927062928676605, 0.14270202815532684, 0.04793662205338478, 0.03905358165502548, 0.032284028828144073]"
base,ooc,937,710,621,0,0.4756377637386322,"[621, 522, 191, 701, 189]","[0.4756377637386322, 0.08305025100708008, 0.054572686553001404, 0.025706332176923752, 0.024996614083647728]"
base,ooc,938,188,267,0,0.2821904718875885,"[267, 349, 188, 269, 137]","[0.2821904718875885, 0.0976409837603569, 0.055348269641399384, 0.052927739918231964, 0.04888918623328209]"
base,ooc,939,503,648,0,0.1629447191953659,"[648, 495, 503, 804, 618]","[0.1629447191953659, 0.12390872836112976, 0.06874857097864151, 0.04670724645256996, 0.03675367310643196]"
base,ooc,940,849,849,1,0.6290431618690491,"[849, 112, 653, 110, 725]","[0.6290431618690491, 0.051896557211875916, 0.047563496977090836, 0.03609847277402878, 0.034538231790065765]"
base,ooc,941,968,420,0,0.4761618375778198,"[420, 534, 621, 491, 680]","[0.4761618375778198, 0.1089240238070488, 0.060322802513837814, 0.025650298222899437, 0.021276263520121574]"
base,ooc,942,438,956,0,0.22369499504566193,"[956, 935, 936, 996, 965]","[0.22369499504566193, 0.08150682598352432, 0.054997850209474564, 0.03767108917236328, 0.03455391898751259]"
base,ooc,943,530,509,0,0.21225370466709137,"[509, 706, 703, 660, 415]","[0.21225370466709137, 0.17203393578529358, 0.1030060350894928, 0.09666182100772858, 0.05230122432112694]"
base,ooc,944,613,613,1,0.6203107237815857,"[613, 399, 423, 882, 632]","[0.6203107237815857, 0.04897147789597511, 0.03844812512397766, 0.02743956260383129, 0.014557456597685814]"
base,ooc,945,786,786,1,0.16755221784114838,"[786, 412, 771, 707, 827]","[0.16755221784114838, 0.08116178214550018, 0.0453622043132782, 0.03433199226856232, 0.03151021525263786]"
base,ooc,946,466,908,0,0.7253950834274292,"[908, 829, 404, 466, 744]","[0.7253950834274292, 0.106759212911129, 0.07129032164812088, 0.01310485228896141, 0.012388649396598339]"
base,ooc,947,466,146,0,0.1307990998029709,"[146, 833, 150, 437, 391]","[0.1307990998029709, 0.08341457694768906, 0.06813418120145798, 0.06789710372686386, 0.05876338109374046]"
base,ooc,948,466,410,0,0.28492116928100586,"[410, 756, 448, 428, 412]","[0.28492116928100586, 0.12552088499069214, 0.07242055237293243, 0.05184410512447357, 0.03632150962948799]"
base,ooc,949,547,595,0,0.5808305740356445,"[595, 547, 408, 565, 705]","[0.5808305740356445, 0.07772146165370941, 0.048535190522670746, 0.043374378234148026, 0.03665197268128395]"
base,ooc,950,547,915,0,0.3382115364074707,"[915, 701, 981, 744, 830]","[0.3382115364074707, 0.06598538160324097, 0.031671758741140366, 0.03024718351662159, 0.024182751774787903]"
base,ooc,951,547,304,0,0.24829041957855225,"[304, 395, 443, 301, 14]","[0.24829041957855225, 0.09139879792928696, 0.04611414670944214, 0.035698775202035904, 0.03146868571639061]"
base,ooc,952,466,895,0,0.18043790757656097,"[895, 146, 131, 471, 89]","[0.18043790757656097, 0.1359752118587494, 0.10597548633813858, 0.10402330011129379, 0.06915681809186935]"
base,ooc,953,466,404,0,0.3282376825809479,"[404, 895, 657, 764, 908]","[0.3282376825809479, 0.1371263712644577, 0.11899472028017044, 0.06741859763860703, 0.05231108516454697]"
base,ooc,954,829,829,1,0.5572231411933899,"[829, 705, 698, 497, 447]","[0.5572231411933899, 0.13830900192260742, 0.028169851750135422, 0.021329768002033234, 0.01992109976708889]"
base,ooc,955,547,705,0,0.5815416574478149,"[705, 510, 547, 498, 694]","[0.5815416574478149, 0.19658568501472473, 0.0749797374010086, 0.03724552318453789, 0.009921891614794731]"
base,ooc,956,829,652,0,0.10260535031557083,"[652, 489, 467, 614, 509]","[0.10260535031557083, 0.09507959336042404, 0.04214894771575928, 0.038910869508981705, 0.028729135170578957]"
base,ooc,957,829,492,0,0.27402472496032715,"[492, 890, 571, 423, 877]","[0.27402472496032715, 0.08038284629583359, 0.037616562098264694, 0.033108633011579514, 0.024209653958678246]"
base,ooc,958,829,554,0,0.10931342095136642,"[554, 915, 510, 803, 755]","[0.10931342095136642, 0.059376589953899384, 0.049309588968753815, 0.04092187434434891, 0.04014851897954941]"
base,ooc,959,820,820,1,0.21126267313957214,"[820, 701, 413, 408, 812]","[0.21126267313957214, 0.16572143137454987, 0.04815617576241493, 0.044424425810575485, 0.02789081074297428]"
base,ooc,960,820,458,0,0.3569851815700531,"[458, 291, 611, 286, 825]","[0.3569851815700531, 0.046192467212677, 0.04600387066602707, 0.04380333423614502, 0.033219143748283386]"
base,ooc,961,829,829,1,0.31887057423591614,"[829, 705, 654, 779, 660]","[0.31887057423591614, 0.25034216046333313, 0.1054697185754776, 0.06910359114408493, 0.03894776850938797]"
base,ooc,962,820,653,0,0.09102146327495575,"[653, 609, 49, 847, 177]","[0.09102146327495575, 0.07598480582237244, 0.05857178941369057, 0.02367154136300087, 0.021271003410220146]"
base,ooc,963,829,425,0,0.11785415560007095,"[425, 442, 706, 497, 915]","[0.11785415560007095, 0.09895499050617218, 0.08218535035848618, 0.049829017370939255, 0.04680454358458519]"
base,ooc,964,829,412,0,0.08258489519357681,"[412, 705, 791, 565, 790]","[0.08258489519357681, 0.05083829164505005, 0.043830614537000656, 0.04102766513824463, 0.03982524946331978]"
base,ooc,965,829,408,0,0.405007004737854,"[408, 449, 407, 654, 829]","[0.405007004737854, 0.19255094230175018, 0.06067401543259621, 0.042121633887290955, 0.034601952880620956]"
base,ooc,966,820,803,0,0.2192077338695526,"[803, 908, 795, 895, 920]","[0.2192077338695526, 0.18197603523731232, 0.14154505729675293, 0.04405025765299797, 0.03866177424788475]"
base,ooc,967,829,829,1,0.26884332299232483,"[829, 706, 835, 454, 637]","[0.26884332299232483, 0.25633129477500916, 0.06528688967227936, 0.05105874687433243, 0.03509584814310074]"
base,ooc,968,102,102,1,0.13871467113494873,"[102, 566, 182, 396, 282]","[0.13871467113494873, 0.08697086572647095, 0.05270569398999214, 0.04141634330153465, 0.030908556655049324]"
base,ooc,969,850,202,0,0.09504231065511703,"[202, 184, 756, 84, 265]","[0.09504231065511703, 0.06664887070655823, 0.052098508924245834, 0.05005980655550957, 0.04729859530925751]"
base,ooc,970,850,322,0,0.2423449605703354,"[322, 325, 37, 1, 995]","[0.2423449605703354, 0.12280027568340302, 0.08680076897144318, 0.03306833654642105, 0.03215165436267853]"
base,ooc,971,539,101,0,0.06791459769010544,"[101, 494, 123, 385, 390]","[0.06791459769010544, 0.058217961341142654, 0.055964767932891846, 0.048998381942510605, 0.037611380219459534]"
base,ooc,972,374,383,0,0.2521304786205292,"[383, 695, 150, 366, 105]","[0.2521304786205292, 0.06163962557911873, 0.04289894178509712, 0.04146666079759598, 0.03287171944975853]"
base,ooc,973,601,601,1,0.29830095171928406,"[601, 689, 987, 89, 578]","[0.29830095171928406, 0.13055860996246338, 0.06434712558984756, 0.04841350391507149, 0.0483337864279747]"
base,ooc,974,929,912,0,0.23580783605575562,"[912, 471, 694, 764, 413]","[0.23580783605575562, 0.19334009289741516, 0.1743387132883072, 0.11249209940433502, 0.03923756629228592]"
base,ooc,975,203,266,0,0.10926540940999985,"[266, 385, 265, 184, 170]","[0.10926540940999985, 0.09060053527355194, 0.06492780148983002, 0.049940694123506546, 0.049856700003147125]"
base,ooc,976,532,322,0,0.15610316395759583,"[322, 311, 989, 532, 312]","[0.15610316395759583, 0.07255380600690842, 0.039350125938653946, 0.03798962011933327, 0.029354866594076157]"
base,ooc,977,153,153,1,0.30999651551246643,"[153, 207, 202, 219, 208]","[0.30999651551246643, 0.1359775960445404, 0.0964602530002594, 0.07106655091047287, 0.05260728672146797]"
base,ooc,978,733,733,1,0.12041690945625305,"[733, 704, 835, 462, 843]","[0.12041690945625305, 0.08594236522912979, 0.08575578033924103, 0.07441522926092148, 0.03442177176475525]"
base,ooc,979,363,192,0,0.04627969488501549,"[192, 189, 500, 202, 334]","[0.04627969488501549, 0.030197424814105034, 0.02834242396056652, 0.027718063443899155, 0.02691083401441574]"
base,ooc,980,674,88,0,0.10454382002353668,"[88, 694, 580, 458, 9]","[0.10454382002353668, 0.08657000213861465, 0.06854186952114105, 0.04990799352526665, 0.039837125688791275]"
base,ooc,981,778,896,0,0.1375734806060791,"[896, 662, 549, 999, 700]","[0.1375734806060791, 0.10575835406780243, 0.09129902720451355, 0.04893484339118004, 0.04767686501145363]"
base,ooc,982,765,806,0,0.26677849888801575,"[806, 452, 546, 614, 928]","[0.26677849888801575, 0.05552603304386139, 0.04109971225261688, 0.04073524847626686, 0.0404951386153698]"
base,ooc,983,161,272,0,0.19643133878707886,"[272, 291, 271, 286, 372]","[0.19643133878707886, 0.1275586038827896, 0.09570596367120743, 0.09295720607042313, 0.07548140734434128]"
base,ooc,984,539,112,0,0.2108972817659378,"[112, 250, 274, 225, 172]","[0.2108972817659378, 0.10697747021913528, 0.10170063376426697, 0.0647609755396843, 0.06069747731089592]"
base,ooc,985,999,807,0,0.15039844810962677,"[807, 755, 395, 797, 132]","[0.15039844810962677, 0.12819376587867737, 0.06877296417951584, 0.0553748719394207, 0.03535095229744911]"
base,ooc,986,715,955,0,0.7073107361793518,"[955, 251, 151, 411, 490]","[0.7073107361793518, 0.05130377039313316, 0.04114549979567528, 0.032425057142972946, 0.028870126232504845]"
base,ooc,987,153,153,1,0.2933659553527832,"[153, 190, 265, 204, 194]","[0.2933659553527832, 0.08696883916854858, 0.07635841518640518, 0.04443594813346863, 0.04224753752350807]"
base,ooc,988,161,161,1,0.523506224155426,"[161, 215, 166, 162, 217]","[0.523506224155426, 0.12349122762680054, 0.09508731216192245, 0.04874202981591225, 0.03348183259367943]"
base,ooc,989,543,958,0,0.15389026701450348,"[958, 755, 701, 417, 575]","[0.15389026701450348, 0.07067649811506271, 0.0682634562253952, 0.036510199308395386, 0.03515239059925079]"
base,ooc,990,161,970,0,0.24547404050827026,"[970, 979, 6, 393, 973]","[0.24547404050827026, 0.08769047260284424, 0.0478660985827446, 0.03966827690601349, 0.03248671814799309]"
base,ooc,991,849,550,0,0.11710270494222641,"[550, 859, 896, 505, 897]","[0.11710270494222641, 0.08944970369338989, 0.07444707304239273, 0.06267786771059036, 0.056076373904943466]"
base,ooc,992,422,410,0,0.18716736137866974,"[410, 134, 172, 164, 522]","[0.18716736137866974, 0.11375769972801208, 0.0623762346804142, 0.04578613117337227, 0.044258423149585724]"
base,ooc,993,157,261,0,0.1601315289735794,"[261, 235, 250, 249, 248]","[0.1601315289735794, 0.12665393948554993, 0.12479373067617416, 0.12191520631313324, 0.035149600356817245]"
base,ooc,994,193,235,0,0.3383450508117676,"[235, 182, 255, 244, 262]","[0.3383450508117676, 0.1481127142906189, 0.12704333662986755, 0.07063040137290955, 0.051243774592876434]"
base,ooc,995,728,730,0,0.07597897946834564,"[730, 83, 255, 595, 888]","[0.07597897946834564, 0.06787408143281937, 0.03627752885222435, 0.026653915643692017, 0.025609608739614487]"
base,ooc,996,201,115,0,0.28246569633483887,"[115, 110, 65, 973, 116]","[0.28246569633483887, 0.16830916702747345, 0.1094031110405922, 0.05483110994100571, 0.02678224816918373]"
base,ooc,997,174,269,0,0.30389297008514404,"[269, 282, 287, 104, 272]","[0.30389297008514404, 0.05959433317184448, 0.055913638323545456, 0.03547804802656174, 0.028901563957333565]"
base,ooc,998,171,236,0,0.2233976125717163,"[236, 597, 171, 237, 524]","[0.2233976125717163, 0.11805493384599686, 0.10892006754875183, 0.06507543474435806, 0.04357427358627319]"
base,ooc,999,161,161,1,0.16726906597614288,"[161, 162, 237, 171, 238]","[0.16726906597614288, 0.10221706330776215, 0.04968908056616783, 0.04932713136076927, 0.035019997507333755]"
base,ooc,1000,882,787,0,0.3725256621837616,"[787, 581, 756, 791, 463]","[0.3725256621837616, 0.10553865134716034, 0.10151054710149765, 0.0651284009218216, 0.030404003337025642]"
base,ooc,1001,199,205,0,0.09559379518032074,"[205, 367, 23, 84, 888]","[0.09559379518032074, 0.0711090937256813, 0.07035166770219803, 0.06669202446937561, 0.05434597656130791]"
base,ooc,1002,226,159,0,0.1865037977695465,"[159, 354, 211, 180, 163]","[0.1865037977695465, 0.11737053841352463, 0.08632392436265945, 0.07060614228248596, 0.05349016562104225]"
base,ooc,1003,559,765,0,0.5034040808677673,"[765, 559, 560, 532, 718]","[0.5034040808677673, 0.2393675297498703, 0.02616298757493496, 0.018502632156014442, 0.014531043358147144]"
base,ooc,1004,532,532,1,0.6306410431861877,"[532, 846, 642, 706, 421]","[0.6306410431861877, 0.024803191423416138, 0.02215687558054924, 0.016636844724416733, 0.016225559636950493]"
base,ooc,1005,882,500,0,0.14210747182369232,"[500, 305, 630, 622, 518]","[0.14210747182369232, 0.07394097745418549, 0.06732363998889923, 0.05696827173233032, 0.05372855067253113]"
base,ooc,1006,174,246,0,0.10101865231990814,"[246, 212, 708, 170, 568]","[0.10101865231990814, 0.06711718440055847, 0.06633303314447403, 0.06166912987828255, 0.056302234530448914]"
base,ooc,1007,86,86,1,0.3020987808704376,"[86, 17, 988, 113, 82]","[0.3020987808704376, 0.22880682349205017, 0.0800766870379448, 0.06983014196157455, 0.06876680254936218]"
base,ooc,1008,178,178,1,0.868428111076355,"[178, 209, 211, 159, 168]","[0.868428111076355, 0.05824456736445427, 0.0300645362585783, 0.013490518555045128, 0.004581792280077934]"
base,ooc,1009,252,212,0,0.4207763075828552,"[212, 412, 471, 791, 708]","[0.4207763075828552, 0.05666603893041611, 0.04694964736700058, 0.025387216359376907, 0.02308061718940735]"
base,ooc,1010,156,197,0,0.31988194584846497,"[197, 256, 198, 267, 199]","[0.31988194584846497, 0.09445589035749435, 0.0357876718044281, 0.03350171819329262, 0.03343542665243149]"
base,ooc,1011,208,576,0,0.5232113003730774,"[576, 204, 202, 155, 160]","[0.5232113003730774, 0.06119215115904808, 0.03130364790558815, 0.030122127383947372, 0.02321752719581127]"
base,ooc,1012,543,393,0,0.8688294887542725,"[393, 108, 396, 932, 991]","[0.8688294887542725, 0.12435910850763321, 0.001802707090973854, 0.0013991285813972354, 0.0013526474358513951]"
base,ooc,1013,444,545,0,0.1685764193534851,"[545, 807, 97, 565, 815]","[0.1685764193534851, 0.0914512425661087, 0.07397575676441193, 0.061220914125442505, 0.028024351224303246]"
base,ooc,1014,823,744,0,0.36006683111190796,"[744, 657, 497, 682, 557]","[0.36006683111190796, 0.3146713972091675, 0.030525339767336845, 0.024345120415091515, 0.02225763350725174]"
base,ooc,1015,841,738,0,0.11282097548246384,"[738, 652, 17, 491, 303]","[0.11282097548246384, 0.09622235596179962, 0.0731353610754013, 0.04424877464771271, 0.04016385227441788]"
base,ooc,1016,581,420,0,0.4192649722099304,"[420, 589, 756, 546, 836]","[0.4192649722099304, 0.06544586271047592, 0.043999411165714264, 0.041001323610544205, 0.02618275210261345]"
base,ooc,1017,601,846,0,0.18342362344264984,"[846, 564, 831, 526, 532]","[0.18342362344264984, 0.11890657991170883, 0.07589893043041229, 0.050371889024972916, 0.0483081117272377]"
base,ooc,1018,857,148,0,0.4400003254413605,"[148, 693, 137, 758, 842]","[0.4400003254413605, 0.14643386006355286, 0.03962673991918564, 0.024175889790058136, 0.022394318133592606]"
base,ooc,1019,822,99,0,0.20092546939849854,"[99, 5, 58, 6, 65]","[0.20092546939849854, 0.05461246147751808, 0.04655936732888222, 0.041829802095890045, 0.03922262042760849]"
base,ooc,1020,543,970,0,0.19641247391700745,"[970, 349, 348, 346, 347]","[0.19641247391700745, 0.12931324541568756, 0.0659419521689415, 0.06518663465976715, 0.04206987842917442]"
base,ooc,1021,559,421,0,0.1654905080795288,"[421, 905, 431, 904, 516]","[0.1654905080795288, 0.04336479678750038, 0.04052376002073288, 0.02781510353088379, 0.02683080919086933]"
base,ooc,1022,863,857,0,0.2272038757801056,"[857, 747, 846, 546, 441]","[0.2272038757801056, 0.13049298524856567, 0.12884372472763062, 0.05253366380929947, 0.04286245256662369]"
base,ooc,1023,486,271,0,0.06081016734242439,"[271, 371, 274, 88, 82]","[0.06081016734242439, 0.05385589227080345, 0.034624986350536346, 0.023467091843485832, 0.02012675255537033]"
base,ooc,1024,450,450,1,0.4969717562198639,"[450, 625, 751, 511, 817]","[0.4969717562198639, 0.14639312028884888, 0.12358742952346802, 0.06948690861463547, 0.041207022964954376]"
base,ooc,1025,615,460,0,0.4714404046535492,"[460, 913, 833, 22, 703]","[0.4714404046535492, 0.22167222201824188, 0.027728959918022156, 0.014747131615877151, 0.014289649203419685]"
base,ooc,1026,579,579,1,0.5941593647003174,"[579, 598, 478, 745, 713]","[0.5941593647003174, 0.03507959842681885, 0.024598045274615288, 0.020509514957666397, 0.018517304211854935]"
base,ooc,1027,790,821,0,0.037167422473430634,"[821, 766, 525, 772, 814]","[0.037167422473430634, 0.028736017644405365, 0.028632109984755516, 0.021601108834147453, 0.020036347210407257]"
base,ooc,1028,160,362,0,0.12325108796358109,"[362, 206, 560, 56, 587]","[0.12325108796358109, 0.09553616493940353, 0.05948514863848686, 0.05879273638129234, 0.02865494415163994]"
base,ooc,1029,422,908,0,0.3845475912094116,"[908, 404, 913, 144, 405]","[0.3845475912094116, 0.2078583985567093, 0.06750111281871796, 0.049429912120103836, 0.03601570054888725]"
base,ooc,1030,882,60,0,0.17643147706985474,"[60, 112, 61, 63, 113]","[0.17643147706985474, 0.0760403722524643, 0.05080034211277962, 0.04002096876502037, 0.03376663103699684]"
base,ooc,1031,608,835,0,0.26452428102493286,"[835, 525, 471, 842, 853]","[0.26452428102493286, 0.0841834619641304, 0.05014532431960106, 0.04949432983994484, 0.03718089312314987]"
base,ooc,1032,489,523,0,0.12464955449104309,"[523, 489, 733, 616, 522]","[0.12464955449104309, 0.10551363974809647, 0.072968490421772, 0.0715389996767044, 0.05083698779344559]"
base,ooc,1033,212,189,0,0.2418874353170395,"[189, 202, 212, 8, 287]","[0.2418874353170395, 0.09253548830747604, 0.08140545338392258, 0.0742838978767395, 0.033183977007865906]"
base,ooc,1034,145,495,0,0.3077705204486847,"[495, 708, 840, 532, 789]","[0.3077705204486847, 0.0686645656824112, 0.046456824988126755, 0.04487108066678047, 0.035448890179395676]"
base,ooc,1035,103,227,0,0.24093547463417053,"[227, 104, 162, 6, 163]","[0.24093547463417053, 0.08271588385105133, 0.07404717803001404, 0.042929135262966156, 0.04223428666591644]"
base,ooc,1036,148,416,0,0.27285367250442505,"[416, 762, 819, 582, 788]","[0.27285367250442505, 0.09360232204198837, 0.0841774046421051, 0.04645110294222832, 0.04171453416347504]"
base,ooc,1037,149,268,0,0.10059622675180435,"[268, 502, 657, 433, 28]","[0.10059622675180435, 0.05265802890062332, 0.04633928835391998, 0.04426588490605354, 0.042670462280511856]"
base,ooc,1038,103,99,0,0.17950430512428284,"[99, 640, 63, 987, 599]","[0.17950430512428284, 0.11570386588573456, 0.10804541409015656, 0.0723026767373085, 0.05941599979996681]"
base,ooc,1039,148,18,0,0.16624923050403595,"[18, 143, 42, 146, 136]","[0.16624923050403595, 0.0663340613245964, 0.05749160423874855, 0.04782450944185257, 0.04007489234209061]"
base,ooc,1040,148,750,0,0.08115500211715698,"[750, 579, 423, 731, 564]","[0.08115500211715698, 0.046788185834884644, 0.046592243015766144, 0.044200681149959564, 0.04367374628782272]"
base,ooc,1041,148,394,0,0.44767674803733826,"[394, 395, 835, 586, 408]","[0.44767674803733826, 0.03743574768304825, 0.03661297261714935, 0.024875566363334656, 0.021866315975785255]"
base,ooc,1042,983,88,0,0.2365085929632187,"[88, 378, 96, 379, 393]","[0.2365085929632187, 0.1464199721813202, 0.0849841833114624, 0.04569811001420021, 0.04189189523458481]"
base,ooc,1043,842,663,0,0.12558262050151825,"[663, 354, 497, 355, 706]","[0.12558262050151825, 0.07999859005212784, 0.03934989869594574, 0.0311855748295784, 0.028421135619282722]"
base,ooc,1044,1,1,1,0.1243467703461647,"[1, 995, 136, 143, 20]","[0.1243467703461647, 0.10708378255367279, 0.09849123656749725, 0.09145212173461914, 0.07064729183912277]"
base,ooc,1045,36,50,0,0.41135743260383606,"[50, 49, 500, 350, 634]","[0.41135743260383606, 0.1200612261891365, 0.07134468108415604, 0.039241574704647064, 0.03658613562583923]"
base,ooc,1046,155,196,0,0.2932435870170593,"[196, 204, 200, 87, 155]","[0.2932435870170593, 0.11047931760549545, 0.08979678899049759, 0.08296389877796173, 0.05909889191389084]"
base,ooc,1047,148,683,0,0.04852790758013725,"[683, 776, 882, 812, 563]","[0.04852790758013725, 0.048301320523023605, 0.03723454847931862, 0.03718233108520508, 0.03592641279101372]"
base,ooc,1048,148,908,0,0.1032925546169281,"[908, 150, 871, 148, 780]","[0.1032925546169281, 0.09743274748325348, 0.08744365721940994, 0.07166378945112228, 0.050365786999464035]"
base,ooc,1049,822,94,0,0.3806908130645752,"[94, 16, 14, 12, 91]","[0.3806908130645752, 0.16526150703430176, 0.10789293795824051, 0.03477740287780762, 0.031077463179826736]"
base,ooc,1050,842,842,1,0.06979475915431976,"[842, 764, 12, 744, 558]","[0.06979475915431976, 0.05823173373937607, 0.05323582887649536, 0.041370075196027756, 0.041346386075019836]"
base,ooc,1051,150,406,0,0.1348486840724945,"[406, 1, 552, 819, 762]","[0.1348486840724945, 0.07650382071733475, 0.05304427817463875, 0.045172445476055145, 0.043329205363988876]"
base,ooc,1052,148,148,1,0.35197943449020386,"[148, 727, 145, 908, 672]","[0.35197943449020386, 0.13981813192367554, 0.11552461981773376, 0.024097349494695663, 0.023914862424135208]"
base,ooc,1053,420,772,0,0.19611293077468872,"[772, 984, 575, 475, 18]","[0.19611293077468872, 0.06126924604177475, 0.0497431643307209, 0.04710853099822998, 0.03791065514087677]"
base,ooc,1054,932,83,0,0.7999261617660522,"[83, 37, 124, 80, 141]","[0.7999261617660522, 0.025988366454839706, 0.023688102141022682, 0.01777842454612255, 0.01679818145930767]"
base,ooc,1055,862,385,0,0.17441488802433014,"[385, 101, 386, 243, 525]","[0.17441488802433014, 0.11039387434720993, 0.05568309128284454, 0.04551400989294052, 0.034264061599969864]"
base,ooc,1056,964,119,0,0.6196763515472412,"[119, 649, 328, 988, 825]","[0.6196763515472412, 0.027589580044150352, 0.026676319539546967, 0.024994350969791412, 0.022150611504912376]"
base,ooc,1057,76,977,0,0.185459703207016,"[977, 978, 913, 867, 975]","[0.185459703207016, 0.14620564877986908, 0.09439151734113693, 0.08996102213859558, 0.046034835278987885]"
base,ooc,1058,563,696,0,0.16012610495090485,"[696, 594, 91, 677, 693]","[0.16012610495090485, 0.15862669050693512, 0.10119803249835968, 0.07256560772657394, 0.057307690382003784]"
base,ooc,1059,329,977,0,0.49342650175094604,"[977, 344, 975, 701, 460]","[0.49342650175094604, 0.20256498456001282, 0.03574690222740173, 0.031928617507219315, 0.026694361120462418]"
base,ooc,1060,928,429,0,0.06533697992563248,"[429, 355, 621, 339, 249]","[0.06533697992563248, 0.06517007946968079, 0.05813702568411827, 0.03905205428600311, 0.03846919909119606]"
base,ooc,1061,420,895,0,0.061161842197179794,"[895, 726, 657, 764, 112]","[0.061161842197179794, 0.0548434741795063, 0.04403986781835556, 0.04091114178299904, 0.04042566567659378]"
base,ooc,1062,45,980,0,0.43942803144454956,"[980, 970, 974, 672, 979]","[0.43942803144454956, 0.27702251076698303, 0.11902811378240585, 0.020080994814634323, 0.01574130170047283]"
base,ooc,1063,963,351,0,0.16554203629493713,"[351, 291, 352, 353, 293]","[0.16554203629493713, 0.1108759418129921, 0.07636965066194534, 0.05394502356648445, 0.04364605247974396]"
base,ooc,1064,17,460,0,0.1260596364736557,"[460, 895, 807, 847, 977]","[0.1260596364736557, 0.08039359748363495, 0.07526230812072754, 0.06474239379167557, 0.05631304159760475]"
base,ooc,1065,420,453,0,0.18335096538066864,"[453, 420, 406, 765, 559]","[0.18335096538066864, 0.1462181955575943, 0.06404788047075272, 0.040702853351831436, 0.0348423607647419]"
base,ooc,1066,737,908,0,0.3616863191127777,"[908, 895, 755, 914, 144]","[0.3616863191127777, 0.09029749035835266, 0.08709510415792465, 0.0647890493273735, 0.04005425050854683]"
base,ooc,1067,420,420,1,0.35567209124565125,"[420, 744, 822, 394, 657]","[0.35567209124565125, 0.0953204482793808, 0.039705172181129456, 0.03648172318935394, 0.028897836804389954]"
base,ooc,1068,513,913,0,0.1425340473651886,"[913, 510, 908, 405, 517]","[0.1425340473651886, 0.10365697741508484, 0.07945306599140167, 0.06521596759557724, 0.04951872304081917]"
base,ooc,1069,27,825,0,0.1326005905866623,"[825, 912, 703, 649, 730]","[0.1326005905866623, 0.11289793998003006, 0.07165384292602539, 0.06987646967172623, 0.06806997209787369]"
base,ooc,1070,420,420,1,0.4995540678501129,"[420, 546, 506, 721, 791]","[0.4995540678501129, 0.08949893712997437, 0.03750809654593468, 0.03128655627369881, 0.019166436046361923]"
base,ooc,1071,186,336,0,0.07049140334129333,"[336, 330, 62, 44, 138]","[0.07049140334129333, 0.06889998912811279, 0.061298780143260956, 0.0403333380818367, 0.025206847116351128]"
base,ooc,1072,305,150,0,0.27673041820526123,"[150, 764, 471, 586, 847]","[0.27673041820526123, 0.06009548529982567, 0.045634444802999496, 0.03556813299655914, 0.03430795669555664]"
base,ooc,1073,27,974,0,0.6732224822044373,"[974, 814, 976, 978, 803]","[0.6732224822044373, 0.0754006877541542, 0.07483860105276108, 0.03336269035935402, 0.012266239151358604]"
base,ooc,1074,681,594,0,0.799936830997467,"[594, 822, 462, 696, 791]","[0.799936830997467, 0.036501020193099976, 0.018259327858686447, 0.006345388479530811, 0.00595851382240653]"
base,ooc,1075,790,797,0,0.08604451268911362,"[797, 949, 775, 790, 879]","[0.08604451268911362, 0.06111130490899086, 0.05454635247588158, 0.0486626923084259, 0.04658360779285431]"
base,ooc,1076,679,868,0,0.06409949064254761,"[868, 840, 736, 532, 741]","[0.06409949064254761, 0.04762395843863487, 0.04645095020532608, 0.04167832434177399, 0.03757178783416748]"
base,ooc,1077,441,898,0,0.14834310114383698,"[898, 867, 812, 801, 866]","[0.14834310114383698, 0.0733751654624939, 0.04335210099816322, 0.04221096262335777, 0.03320032358169556]"
base,ooc,1078,929,727,0,0.25098156929016113,"[727, 975, 835, 937, 977]","[0.25098156929016113, 0.12240792065858841, 0.082084521651268, 0.05921180173754692, 0.056482136249542236]"
base,ooc,1079,87,87,1,0.5861804485321045,"[87, 237, 178, 171, 679]","[0.5861804485321045, 0.07339631021022797, 0.036067940294742584, 0.023877110332250595, 0.02029808610677719]"
base,ooc,1080,268,291,0,0.39435669779777527,"[291, 119, 39, 125, 336]","[0.39435669779777527, 0.11925662308931351, 0.04827137291431427, 0.04009507969021797, 0.02606465294957161]"
base,ooc,1081,882,562,0,0.10427089780569077,"[562, 807, 727, 538, 9]","[0.10427089780569077, 0.07095243781805038, 0.05812874436378479, 0.04492936283349991, 0.0355624258518219]"
base,ooc,1082,320,354,0,0.31205326318740845,"[354, 780, 460, 558, 775]","[0.31205326318740845, 0.2049667239189148, 0.09722264856100082, 0.09494105726480484, 0.07845133543014526]"
base,ooc,1083,621,889,0,0.25809532403945923,"[889, 486, 670, 572, 621]","[0.25809532403945923, 0.14714568853378296, 0.052640773355960846, 0.03366776928305626, 0.03066122531890869]"
base,ooc,1084,202,170,0,0.08584870398044586,"[170, 182, 657, 192, 194]","[0.08584870398044586, 0.06986922770738602, 0.06894802302122116, 0.061099253594875336, 0.05431108921766281]"
base,ooc,1085,430,405,0,0.42484721541404724,"[405, 701, 980, 417, 900]","[0.42484721541404724, 0.17335152626037598, 0.09810581058263779, 0.0836750864982605, 0.07426844537258148]"
base,ooc,1086,157,905,0,0.12771400809288025,"[905, 284, 264, 151, 171]","[0.12771400809288025, 0.08841826766729355, 0.07105190306901932, 0.06536338478326797, 0.05653105303645134]"
base,ooc,1087,733,583,0,0.4669407308101654,"[583, 915, 495, 799, 846]","[0.4669407308101654, 0.0462162010371685, 0.04094051942229271, 0.03917921707034111, 0.0357496440410614]"
base,ooc,1088,765,752,0,0.21766091883182526,"[752, 981, 637, 755, 603]","[0.21766091883182526, 0.08838015794754028, 0.050973840057849884, 0.03849872946739197, 0.030194750055670738]"
base,ooc,1089,231,184,0,0.0885629653930664,"[184, 202, 185, 207, 169]","[0.0885629653930664, 0.0848488062620163, 0.05938174948096275, 0.05503973364830017, 0.046660859137773514]"
base,ooc,1090,602,365,0,0.1813877373933792,"[365, 88, 367, 381, 383]","[0.1813877373933792, 0.10980359464883804, 0.06538071483373642, 0.05971039831638336, 0.05405616760253906]"
base,ooc,1091,208,118,0,0.08977781236171722,"[118, 391, 53, 758, 42]","[0.08977781236171722, 0.07679484039545059, 0.06016915664076805, 0.03543136641383171, 0.025698432698845863]"
base,ooc,1092,792,977,0,0.15171676874160767,"[977, 460, 484, 913, 835]","[0.15171676874160767, 0.11493397504091263, 0.11100713908672333, 0.09829942882061005, 0.04591582342982292]"
base,ooc,1093,621,661,0,0.17152108252048492,"[661, 575, 665, 671, 561]","[0.17152108252048492, 0.12294599413871765, 0.1061079353094101, 0.04965994134545326, 0.04330334812402725]"
base,ooc,1094,765,867,0,0.4398707449436188,"[867, 447, 717, 609, 464]","[0.4398707449436188, 0.07313783466815948, 0.0699954405426979, 0.053133100271224976, 0.027566904202103615]"
base,ooc,1095,177,750,0,0.2242295742034912,"[750, 170, 233, 483, 177]","[0.2242295742034912, 0.17444458603858948, 0.08052681386470795, 0.0672263577580452, 0.04870443791151047]"
base,ooc,1096,199,199,1,0.17179518938064575,"[199, 369, 256, 364, 7]","[0.17179518938064575, 0.15664911270141602, 0.10489818453788757, 0.042689330875873566, 0.03386763483285904]"
base,ooc,1097,645,58,0,0.3940899074077606,"[58, 914, 871, 142, 300]","[0.3940899074077606, 0.03505231812596321, 0.029377873986959457, 0.022460628300905228, 0.021747661754488945]"
base,ooc,1098,199,197,0,0.2750265300273895,"[197, 366, 295, 294, 256]","[0.2750265300273895, 0.21525180339813232, 0.13349340856075287, 0.049258965998888016, 0.03409547731280327]"
base,ooc,1099,170,176,0,0.28721779584884644,"[176, 353, 273, 253, 171]","[0.28721779584884644, 0.1234889030456543, 0.08388475328683853, 0.068705253303051, 0.0649467334151268]"
base,ooc,1100,880,706,0,0.0689292848110199,"[706, 415, 757, 832, 424]","[0.0689292848110199, 0.06445807218551636, 0.06357838213443756, 0.04899892210960388, 0.04177910462021828]"
base,ooc,1101,188,887,0,0.10477830469608307,"[887, 750, 794, 611, 121]","[0.10477830469608307, 0.06708494573831558, 0.05881693586707115, 0.05787369981408119, 0.054896529763936996]"
base,ooc,1102,621,786,0,0.04267151653766632,"[786, 846, 896, 526, 304]","[0.04267151653766632, 0.04115013778209686, 0.04008600860834122, 0.036697741597890854, 0.03605328127741814]"
base,ooc,1103,170,177,0,0.15416885912418365,"[177, 178, 9, 246, 170]","[0.15416885912418365, 0.06988164782524109, 0.06102083995938301, 0.05573571100831032, 0.04880470409989357]"
base,ooc,1104,250,250,1,0.5956749320030212,"[250, 248, 171, 391, 166]","[0.5956749320030212, 0.10357341915369034, 0.07326007634401321, 0.019690079614520073, 0.016254877671599388]"
base,ooc,1105,354,125,0,0.37084946036338806,"[125, 962, 115, 766, 329]","[0.37084946036338806, 0.143857941031456, 0.05098270997405052, 0.04032348841428757, 0.026449935510754585]"
base,ooc,1106,522,265,0,0.11904093623161316,"[265, 189, 412, 267, 637]","[0.11904093623161316, 0.08155377209186554, 0.03976964205503464, 0.039332639425992966, 0.03791360184550285]"
base,ooc,1107,267,258,0,0.47267037630081177,"[258, 229, 568, 257, 208]","[0.47267037630081177, 0.06701897084712982, 0.046551965177059174, 0.034253355115652084, 0.03032364696264267]"
base,ooc,1108,945,625,0,0.3087964653968811,"[625, 693, 433, 580, 122]","[0.3087964653968811, 0.17304757237434387, 0.14815185964107513, 0.023412629961967468, 0.020544352009892464]"
base,ooc,1109,340,340,1,0.9878331422805786,"[340, 430, 251, 39, 890]","[0.9878331422805786, 0.003823527367785573, 0.0008457587100565434, 0.000747256213799119, 0.0005909276660531759]"
base,ooc,1110,772,870,0,0.11501547694206238,"[870, 575, 874, 880, 621]","[0.11501547694206238, 0.11295740306377411, 0.06282693147659302, 0.04788723215460777, 0.04687510058283806]"
base,ooc,1111,137,137,1,0.9255490899085999,"[137, 136, 20, 143, 275]","[0.9255490899085999, 0.026060478761792183, 0.021773099899291992, 0.0023380466736853123, 0.001627880847081542]"
base,ooc,1112,212,890,0,0.12608711421489716,"[890, 445, 838, 723, 981]","[0.12608711421489716, 0.08412078768014908, 0.07210089266300201, 0.04803885519504547, 0.04799654334783554]"
base,ooc,1113,727,525,0,0.19625714421272278,"[525, 803, 727, 203, 792]","[0.19625714421272278, 0.10646946728229523, 0.08788412064313889, 0.04328906908631325, 0.031219441443681717]"
base,ooc,1114,491,701,0,0.095001220703125,"[701, 225, 235, 703, 213]","[0.095001220703125, 0.05230746418237686, 0.042007263749837875, 0.037851668894290924, 0.03051839768886566]"
base,ooc,1115,707,896,0,0.13761819899082184,"[896, 549, 713, 620, 845]","[0.13761819899082184, 0.11721796542406082, 0.05459997057914734, 0.027148207649588585, 0.025303632020950317]"
base,ooc,1116,929,986,0,0.17995290458202362,"[986, 14, 82, 74, 815]","[0.17995290458202362, 0.05257374048233032, 0.04556543380022049, 0.04430384188890457, 0.04112150892615318]"
base,ooc,1117,645,840,0,0.18329277634620667,"[840, 790, 462, 828, 319]","[0.18329277634620667, 0.13953039050102234, 0.07820446044206619, 0.04907236993312836, 0.04308255761861801]"
base,ooc,1118,198,170,0,0.32332590222358704,"[170, 272, 177, 261, 269]","[0.32332590222358704, 0.16224129498004913, 0.1408286839723587, 0.06730704009532928, 0.06276308745145798]"
base,ooc,1119,170,88,0,0.6239385008811951,"[88, 90, 7, 325, 321]","[0.6239385008811951, 0.09590250253677368, 0.05726747587323189, 0.040708255022764206, 0.013854355551302433]"
base,ooc,1120,645,705,0,0.381675660610199,"[705, 547, 718, 829, 536]","[0.381675660610199, 0.3023677170276642, 0.09032823890447617, 0.051115527749061584, 0.03391679376363754]"
base,ooc,1121,181,181,1,0.49075138568878174,"[181, 296, 134, 286, 997]","[0.49075138568878174, 0.1383388489484787, 0.04779992252588272, 0.03629189357161522, 0.027180280536413193]"
base,ooc,1122,267,832,0,0.5476991534233093,"[832, 181, 222, 296, 267]","[0.5476991534233093, 0.16977690160274506, 0.05440039187669754, 0.030775053426623344, 0.01713830791413784]"
base,ooc,1123,340,396,0,0.5463238954544067,"[396, 340, 292, 108, 110]","[0.5463238954544067, 0.22444941103458405, 0.12954306602478027, 0.02630193904042244, 0.012235318310558796]"
base,ooc,1124,735,708,0,0.06805828213691711,"[708, 655, 594, 982, 614]","[0.06805828213691711, 0.043611086905002594, 0.03720235079526901, 0.035364046692848206, 0.03220637887716293]"
base,ooc,1125,361,361,1,0.08481457829475403,"[361, 375, 295, 128, 101]","[0.08481457829475403, 0.07721284031867981, 0.07068265229463577, 0.06174733117222786, 0.05668923631310463]"
base,ooc,1126,200,160,0,0.14204075932502747,"[160, 226, 204, 193, 185]","[0.14204075932502747, 0.13450443744659424, 0.12492138892412186, 0.10043748468160629, 0.07247429341077805]"
base,ooc,1127,912,634,0,0.3165515959262848,"[634, 912, 766, 415, 637]","[0.3165515959262848, 0.16256311535835266, 0.08541576564311981, 0.04204341396689415, 0.03722590208053589]"
base,ooc,1128,160,133,0,0.23992785811424255,"[133, 12, 16, 14, 91]","[0.23992785811424255, 0.20055097341537476, 0.11182896792888641, 0.08951156586408615, 0.06918474286794662]"
base,ooc,1129,188,348,0,0.3001406490802765,"[348, 355, 349, 188, 229]","[0.3001406490802765, 0.08918909728527069, 0.053063321858644485, 0.029904305934906006, 0.028780998662114143]"
base,ooc,1130,872,843,0,0.3689115643501282,"[843, 872, 733, 792, 421]","[0.3689115643501282, 0.3492051661014557, 0.07718807458877563, 0.029153641313314438, 0.02429872937500477]"
base,ooc,1131,338,384,0,0.28611454367637634,"[384, 216, 169, 112, 988]","[0.28611454367637634, 0.05590463802218437, 0.051451992243528366, 0.04452662914991379, 0.038764625787734985]"
base,ooc,1132,191,235,0,0.1651686728000641,"[235, 225, 191, 112, 209]","[0.1651686728000641, 0.15915793180465698, 0.15531736612319946, 0.10022794455289841, 0.03489982709288597]"
base,ooc,1133,226,182,0,0.38741782307624817,"[182, 170, 255, 196, 192]","[0.38741782307624817, 0.17254570126533508, 0.11667423695325851, 0.042132627218961716, 0.03285318985581398]"
base,ooc,1134,953,855,0,0.1415969580411911,"[855, 232, 677, 90, 805]","[0.1415969580411911, 0.06646612286567688, 0.05172739923000336, 0.04900979623198509, 0.0475202314555645]"
base,ooc,1135,544,977,0,0.22387617826461792,"[977, 449, 471, 525, 915]","[0.22387617826461792, 0.05590588599443436, 0.051787443459033966, 0.04124895855784416, 0.04083584249019623]"
base,ooc,1136,757,757,1,0.39960014820098877,"[757, 407, 660, 675, 410]","[0.39960014820098877, 0.22606346011161804, 0.18680702149868011, 0.04194130375981331, 0.022170864045619965]"
