model,dataset,idx,label,pred,correct,conf_top1,top5_idx,top5_probs
cm-strong,ooc,0,361,796,0,0.1414111852645874,"[796, 232, 295, 264, 281]","[0.1414111852645874, 0.07093025743961334, 0.06905324757099152, 0.048758067190647125, 0.04666142165660858]"
cm-strong,ooc,1,383,203,0,0.6911680698394775,"[203, 190, 181, 212, 188]","[0.6911680698394775, 0.09320817142724991, 0.039063453674316406, 0.028966663405299187, 0.02774275466799736]"
cm-strong,ooc,2,356,356,1,0.213914692401886,"[356, 359, 358, 338, 279]","[0.213914692401886, 0.13701027631759644, 0.11737016588449478, 0.06108609214425087, 0.05210614204406738]"
cm-strong,ooc,3,18,880,0,0.21124690771102905,"[880, 256, 99, 180, 223]","[0.21124690771102905, 0.09079761058092117, 0.07233737409114838, 0.0508401058614254, 0.030019070953130722]"
cm-strong,ooc,4,295,295,1,0.1576266586780548,"[295, 366, 583, 379, 525]","[0.1576266586780548, 0.15343829989433289, 0.09947780519723892, 0.03452450782060623, 0.03310965746641159]"
cm-strong,ooc,5,112,44,0,0.31036296486854553,"[44, 59, 53, 61, 47]","[0.31036296486854553, 0.10804971307516098, 0.07318717986345291, 0.05733274668455124, 0.04873281344771385]"
cm-strong,ooc,6,32,972,0,0.28439778089523315,"[972, 976, 928, 832, 43]","[0.28439778089523315, 0.059155698865652084, 0.055460136383771896, 0.05455232411623001, 0.04444527253508568]"
cm-strong,ooc,7,677,271,0,0.15563330054283142,"[271, 135, 274, 177, 331]","[0.15563330054283142, 0.07855463773012161, 0.05604439601302147, 0.05588299781084061, 0.04721427708864212]"
cm-strong,ooc,8,438,448,0,0.06810449808835983,"[448, 355, 137, 345, 610]","[0.06810449808835983, 0.05076555907726288, 0.02937358245253563, 0.02931453473865986, 0.028482617810368538]"
cm-strong,ooc,9,409,892,0,0.5229410529136658,"[892, 409, 417, 144, 835]","[0.5229410529136658, 0.40961018204689026, 0.015349101275205612, 0.0068010385148227215, 0.0030557047575712204]"
cm-strong,ooc,10,71,303,0,0.45177197456359863,"[303, 75, 677, 306, 119]","[0.45177197456359863, 0.2048283815383911, 0.018308598548173904, 0.016033440828323364, 0.014353546313941479]"
cm-strong,ooc,11,850,333,0,0.7754783630371094,"[333, 850, 332, 29, 179]","[0.7754783630371094, 0.08574717491865158, 0.05021647736430168, 0.01212328765541315, 0.006415748503059149]"
cm-strong,ooc,12,12,8,0,0.16047486662864685,"[8, 177, 12, 209, 193]","[0.16047486662864685, 0.14364749193191528, 0.08080480247735977, 0.07390885055065155, 0.039801593869924545]"
cm-strong,ooc,13,899,505,0,0.11987504363059998,"[505, 725, 773, 883, 737]","[0.11987504363059998, 0.09810806065797806, 0.0714191198348999, 0.052950017154216766, 0.05063697695732117]"
cm-strong,ooc,14,338,338,1,0.37581905722618103,"[338, 223, 224, 256, 357]","[0.37581905722618103, 0.2269529551267624, 0.08865198493003845, 0.08312990516424179, 0.026124728843569756]"
cm-strong,ooc,15,17,17,1,0.5102630853652954,"[17, 11, 92, 313, 315]","[0.5102630853652954, 0.0949346274137497, 0.051220815628767014, 0.027262773364782333, 0.026154832914471626]"
cm-strong,ooc,16,363,150,0,0.21019931137561798,"[150, 184, 281, 284, 327]","[0.21019931137561798, 0.03956664353609085, 0.03711066395044327, 0.03296835348010063, 0.027200279757380486]"
cm-strong,ooc,17,909,478,0,0.18296368420124054,"[478, 492, 519, 427, 726]","[0.18296368420124054, 0.17403027415275574, 0.1669989675283432, 0.10875487327575684, 0.0666683241724968]"
cm-strong,ooc,18,679,835,0,0.1009654626250267,"[835, 756, 469, 881, 883]","[0.1009654626250267, 0.0915784239768982, 0.08286252617835999, 0.03675137460231781, 0.03505467623472214]"
cm-strong,ooc,19,618,211,0,0.051624052226543427,"[211, 172, 134, 435, 279]","[0.051624052226543427, 0.040102358907461166, 0.03752049431204796, 0.034150928258895874, 0.03358374536037445]"
cm-strong,ooc,20,618,14,0,0.2908450961112976,"[14, 133, 136, 13, 19]","[0.2908450961112976, 0.15334457159042358, 0.1298651248216629, 0.05706622824072838, 0.05376159027218819]"
cm-strong,ooc,21,574,574,1,0.8323048949241638,"[574, 397, 448, 494, 913]","[0.8323048949241638, 0.01466225553303957, 0.011550786904990673, 0.010682517662644386, 0.0055386219173669815]"
cm-strong,ooc,22,658,721,0,0.2453821301460266,"[721, 611, 427, 911, 704]","[0.2453821301460266, 0.10755813866853714, 0.0707353875041008, 0.04462790861725807, 0.030008498579263687]"
cm-strong,ooc,23,461,131,0,0.2442062497138977,"[131, 33, 134, 360, 386]","[0.2442062497138977, 0.16805624961853027, 0.07167233526706696, 0.05966540798544884, 0.0530250184237957]"
cm-strong,ooc,24,132,89,0,0.19557951390743256,"[89, 222, 132, 169, 146]","[0.19557951390743256, 0.12437529861927032, 0.10129351168870926, 0.058705758303403854, 0.05226559564471245]"
cm-strong,ooc,25,122,909,0,0.12826165556907654,"[909, 939, 683, 415, 957]","[0.12826165556907654, 0.06301148235797882, 0.04824163392186165, 0.04595884308218956, 0.04066680744290352]"
cm-strong,ooc,26,12,271,0,0.0771685540676117,"[271, 43, 85, 343, 76]","[0.0771685540676117, 0.05494537577033043, 0.033275652676820755, 0.03041398897767067, 0.02758236974477768]"
cm-strong,ooc,27,679,138,0,0.36637285351753235,"[138, 275, 134, 58, 141]","[0.36637285351753235, 0.05739032104611397, 0.050367023795843124, 0.04402795061469078, 0.028557443991303444]"
cm-strong,ooc,28,23,91,0,0.47639748454093933,"[91, 16, 17, 136, 94]","[0.47639748454093933, 0.11795984208583832, 0.0623607411980629, 0.05346499755978584, 0.0258286502212286]"
cm-strong,ooc,29,937,544,0,0.3473529517650604,"[544, 567, 909, 941, 924]","[0.3473529517650604, 0.2405075579881668, 0.09374072402715683, 0.04192604497075081, 0.03718996420502663]"
cm-strong,ooc,30,679,10,0,0.11180337518453598,"[10, 303, 14, 16, 11]","[0.11180337518453598, 0.10166367143392563, 0.0970059260725975, 0.062407370656728745, 0.05656163766980171]"
cm-strong,ooc,31,335,281,0,0.13148196041584015,"[281, 283, 911, 284, 850]","[0.13148196041584015, 0.09247581660747528, 0.06544943153858185, 0.03688030317425728, 0.02656608633697033]"
cm-strong,ooc,32,76,18,0,0.17271186411380768,"[18, 127, 134, 272, 17]","[0.17271186411380768, 0.11515739560127258, 0.10145018249750137, 0.06738738715648651, 0.04889686405658722]"
cm-strong,ooc,33,851,851,1,0.5768333077430725,"[851, 475, 782, 859, 414]","[0.5768333077430725, 0.0927024558186531, 0.058473680168390274, 0.024216044694185257, 0.022647736594080925]"
cm-strong,ooc,34,770,806,0,0.28682148456573486,"[806, 591, 134, 610, 750]","[0.28682148456573486, 0.07930568605661392, 0.06385780870914459, 0.06095266714692116, 0.05534413084387779]"
cm-strong,ooc,35,122,12,0,0.2011353075504303,"[12, 133, 993, 122, 467]","[0.2011353075504303, 0.10919811576604843, 0.08541592955589294, 0.07013402879238129, 0.051493704319000244]"
cm-strong,ooc,36,712,828,0,0.6211807131767273,"[828, 618, 822, 653, 463]","[0.6211807131767273, 0.05997414514422417, 0.03761740028858185, 0.031888045370578766, 0.02705356292426586]"
cm-strong,ooc,37,852,433,0,0.3129304051399231,"[433, 900, 417, 405, 574]","[0.3129304051399231, 0.22062933444976807, 0.04756031557917595, 0.03127969056367874, 0.027187034487724304]"
cm-strong,ooc,38,12,99,0,0.09792161732912064,"[99, 345, 975, 209, 537]","[0.09792161732912064, 0.09132993221282959, 0.05901530385017395, 0.03489134460687637, 0.03402899205684662]"
cm-strong,ooc,39,849,787,0,0.16931931674480438,"[787, 570, 475, 479, 535]","[0.16931931674480438, 0.11238446831703186, 0.06742338091135025, 0.06556679308414459, 0.05458591878414154]"
cm-strong,ooc,40,606,273,0,0.1266578882932663,"[273, 89, 448, 250, 730]","[0.1266578882932663, 0.10084487497806549, 0.09014959633350372, 0.06038941070437431, 0.05758717283606529]"
cm-strong,ooc,41,87,87,1,0.18399497866630554,"[87, 975, 497, 980, 460]","[0.18399497866630554, 0.09764876216650009, 0.052399247884750366, 0.030276581645011902, 0.0275861956179142]"
cm-strong,ooc,42,491,491,1,0.2696797847747803,"[491, 814, 790, 801, 693]","[0.2696797847747803, 0.10274963080883026, 0.05576463043689728, 0.04520266130566597, 0.04183310270309448]"
cm-strong,ooc,43,964,964,1,0.42369741201400757,"[964, 962, 931, 930, 932]","[0.42369741201400757, 0.1309369057416916, 0.08231958001852036, 0.06014633551239967, 0.03590652346611023]"
cm-strong,ooc,44,635,635,1,0.47961658239364624,"[635, 409, 426, 826, 892]","[0.47961658239364624, 0.3427325189113617, 0.06687285006046295, 0.039954423904418945, 0.027513565495610237]"
cm-strong,ooc,45,335,382,0,0.6058339476585388,"[382, 335, 380, 322, 104]","[0.6058339476585388, 0.11699540913105011, 0.04498795419931412, 0.04247492551803589, 0.028585530817508698]"
cm-strong,ooc,46,825,18,0,0.18256814777851105,"[18, 15, 39, 994, 993]","[0.18256814777851105, 0.14692990481853485, 0.05116582289338112, 0.04510655254125595, 0.04374491795897484]"
cm-strong,ooc,47,863,331,0,0.35315755009651184,"[331, 134, 23, 86, 369]","[0.35315755009651184, 0.03835337609052658, 0.034903232008218765, 0.03328140079975128, 0.02602025866508484]"
cm-strong,ooc,48,839,44,0,0.40251657366752625,"[44, 56, 67, 858, 634]","[0.40251657366752625, 0.08177565038204193, 0.03851399943232536, 0.03104226663708687, 0.02145312912762165]"
cm-strong,ooc,49,257,181,0,0.2397950440645218,"[181, 831, 87, 267, 212]","[0.2397950440645218, 0.11920449137687683, 0.08725105226039886, 0.03749591112136841, 0.03298328071832657]"
cm-strong,ooc,50,185,349,0,0.34193331003189087,"[349, 296, 269, 12, 299]","[0.34193331003189087, 0.140292227268219, 0.1333445906639099, 0.0548265315592289, 0.03570571169257164]"
cm-strong,ooc,51,489,970,0,0.11340882629156113,"[970, 915, 972, 733, 975]","[0.11340882629156113, 0.06911762058734894, 0.044862985610961914, 0.036676716059446335, 0.03371237590909004]"
cm-strong,ooc,52,609,657,0,0.11477886885404587,"[657, 864, 727, 675, 751]","[0.11477886885404587, 0.08450044691562653, 0.08167413622140884, 0.07201334089040756, 0.05492796748876572]"
cm-strong,ooc,53,847,751,0,0.22058691084384918,"[751, 752, 573, 864, 575]","[0.22058691084384918, 0.17313238978385925, 0.03659357130527496, 0.02460359036922455, 0.02084088698029518]"
cm-strong,ooc,54,544,544,1,0.21550022065639496,"[544, 656, 567, 575, 479]","[0.21550022065639496, 0.14692041277885437, 0.1351098120212555, 0.04932663217186928, 0.04043641686439514]"
cm-strong,ooc,55,179,205,0,0.3300585448741913,"[205, 972, 236, 217, 197]","[0.3300585448741913, 0.053023386746644974, 0.04595720022916794, 0.03734259679913521, 0.03403982147574425]"
cm-strong,ooc,56,174,421,0,0.13972623646259308,"[421, 428, 645, 412, 666]","[0.13972623646259308, 0.09932218492031097, 0.05311189591884613, 0.04020824283361435, 0.03733750060200691]"
cm-strong,ooc,57,349,372,0,0.16486597061157227,"[372, 348, 357, 178, 373]","[0.16486597061157227, 0.0786367654800415, 0.07310415059328079, 0.06579433381557465, 0.04956858977675438]"
cm-strong,ooc,58,277,273,0,0.924791693687439,"[273, 134, 173, 277, 278]","[0.924791693687439, 0.008631530217826366, 0.006667512934654951, 0.005914885550737381, 0.004983693826943636]"
cm-strong,ooc,59,518,138,0,0.05431151017546654,"[138, 90, 37, 136, 884]","[0.05431151017546654, 0.04933235049247742, 0.045644525438547134, 0.03723394498229027, 0.036976564675569534]"
cm-strong,ooc,60,958,970,0,0.4125843048095703,"[970, 672, 979, 346, 976]","[0.4125843048095703, 0.2107592076063156, 0.06211010739207268, 0.0304147619754076, 0.026123046875]"
cm-strong,ooc,61,385,385,1,0.7405256032943726,"[385, 101, 209, 386, 354]","[0.7405256032943726, 0.0846957340836525, 0.044337861239910126, 0.02826320193707943, 0.015860283747315407]"
cm-strong,ooc,62,830,58,0,0.14444203674793243,"[58, 703, 815, 24, 410]","[0.14444203674793243, 0.10737614333629608, 0.04639687016606331, 0.03093726560473442, 0.029035942628979683]"
cm-strong,ooc,63,132,132,1,0.390322208404541,"[132, 134, 84, 144, 363]","[0.390322208404541, 0.15053874254226685, 0.0502876341342926, 0.043768469244241714, 0.04183121398091316]"
cm-strong,ooc,64,354,255,0,0.36891165375709534,"[255, 354, 160, 345, 386]","[0.36891165375709534, 0.22663186490535736, 0.0721353217959404, 0.044429756700992584, 0.03203132003545761]"
cm-strong,ooc,65,879,611,0,0.3432444632053375,"[611, 797, 736, 751, 573]","[0.3432444632053375, 0.29787716269493103, 0.020940842106938362, 0.020189514383673668, 0.018332088366150856]"
cm-strong,ooc,66,807,807,1,0.9416685104370117,"[807, 559, 462, 723, 706]","[0.9416685104370117, 0.0263130571693182, 0.012117442674934864, 0.0045343441888689995, 0.0023720604367554188]"
cm-strong,ooc,67,863,350,0,0.6626105308532715,"[350, 349, 209, 460, 286]","[0.6626105308532715, 0.06321567296981812, 0.033521249890327454, 0.023255858570337296, 0.022210899740457535]"
cm-strong,ooc,68,821,210,0,0.14830082654953003,"[210, 469, 13, 574, 961]","[0.14830082654953003, 0.09931629151105881, 0.0739513710141182, 0.050647079944610596, 0.05013090372085571]"
cm-strong,ooc,69,656,405,0,0.1280887871980667,"[405, 915, 637, 703, 609]","[0.1280887871980667, 0.10166320949792862, 0.06889105588197708, 0.05545765906572342, 0.047140106558799744]"
cm-strong,ooc,70,614,212,0,0.17990131676197052,"[212, 136, 112, 6, 463]","[0.17990131676197052, 0.15211866796016693, 0.12382136285305023, 0.0471823625266552, 0.04046774283051491]"
cm-strong,ooc,71,294,377,0,0.1102057546377182,"[377, 291, 225, 342, 255]","[0.1102057546377182, 0.10072968155145645, 0.05926847085356712, 0.056886062026023865, 0.04836954548954964]"
cm-strong,ooc,72,870,671,0,0.08612906187772751,"[671, 866, 595, 776, 870]","[0.08612906187772751, 0.07700455188751221, 0.05449781194329262, 0.048208191990852356, 0.04712309315800667]"
cm-strong,ooc,73,346,965,0,0.4581563472747803,"[965, 112, 944, 924, 923]","[0.4581563472747803, 0.06874406337738037, 0.05987461283802986, 0.036983948200941086, 0.03642674908041954]"
cm-strong,ooc,74,194,198,0,0.13777317106723785,"[198, 24, 212, 177, 196]","[0.13777317106723785, 0.12464384734630585, 0.11692043393850327, 0.10195531696081161, 0.07054691761732101]"
cm-strong,ooc,75,287,287,1,0.526562511920929,"[287, 133, 82, 136, 322]","[0.526562511920929, 0.046106405556201935, 0.025924690067768097, 0.025452176108956337, 0.02150462567806244]"
cm-strong,ooc,76,295,295,1,0.2476392388343811,"[295, 205, 224, 256, 227]","[0.2476392388343811, 0.2086913138628006, 0.0945204645395279, 0.06833349913358688, 0.05799826234579086]"
cm-strong,ooc,77,92,913,0,0.16302695870399475,"[913, 39, 395, 64, 672]","[0.16302695870399475, 0.08173724263906479, 0.07765525579452515, 0.07431941479444504, 0.04011652246117592]"
cm-strong,ooc,78,17,863,0,0.5258541703224182,"[863, 84, 671, 880, 287]","[0.5258541703224182, 0.06806600093841553, 0.05774519219994545, 0.02079087682068348, 0.02070579119026661]"
cm-strong,ooc,79,105,95,0,0.15372277796268463,"[95, 18, 370, 381, 134]","[0.15372277796268463, 0.08149266988039017, 0.05205522105097771, 0.04841070994734764, 0.048180144280195236]"
cm-strong,ooc,80,356,357,0,0.042643219232559204,"[357, 341, 135, 377, 273]","[0.042643219232559204, 0.038514960557222366, 0.03716408088803291, 0.036348503082990646, 0.03330380097031593]"
cm-strong,ooc,81,14,203,0,0.11006411910057068,"[203, 266, 267, 850, 291]","[0.11006411910057068, 0.06959421932697296, 0.05445171892642975, 0.0535430908203125, 0.0408674031496048]"
cm-strong,ooc,82,378,339,0,0.2409573495388031,"[339, 387, 347, 159, 354]","[0.2409573495388031, 0.1714581996202469, 0.1062745600938797, 0.06332933902740479, 0.05401204526424408]"
cm-strong,ooc,83,59,939,0,0.11876927316188812,"[939, 941, 737, 39, 88]","[0.11876927316188812, 0.1032499149441719, 0.04288894683122635, 0.03255019709467888, 0.032253772020339966]"
cm-strong,ooc,84,95,95,1,0.17242784798145294,"[95, 26, 119, 125, 390]","[0.17242784798145294, 0.07111852616071701, 0.043599165976047516, 0.03235765919089317, 0.032207880169153214]"
cm-strong,ooc,85,95,209,0,0.4734295904636383,"[209, 150, 236, 144, 134]","[0.4734295904636383, 0.07428736984729767, 0.03988694027066231, 0.03279552608728409, 0.03008522465825081]"
cm-strong,ooc,86,379,137,0,0.4431959390640259,"[137, 223, 131, 797, 840]","[0.4431959390640259, 0.060839708894491196, 0.022599443793296814, 0.018565163016319275, 0.018228473141789436]"
cm-strong,ooc,87,382,178,0,0.34772154688835144,"[178, 248, 273, 382, 176]","[0.34772154688835144, 0.06929241120815277, 0.04863566532731056, 0.04372318834066391, 0.04289361461997032]"
cm-strong,ooc,88,10,10,1,0.8389221429824829,"[10, 134, 231, 11, 356]","[0.8389221429824829, 0.019262252375483513, 0.015132024884223938, 0.011297374032437801, 0.010155848227441311]"
cm-strong,ooc,89,383,383,1,0.5142073631286621,"[383, 287, 105, 269, 276]","[0.5142073631286621, 0.11358679085969925, 0.04955160245299339, 0.04477805271744728, 0.030237728729844093]"
cm-strong,ooc,90,378,873,0,0.07804547995328903,"[873, 497, 562, 624, 483]","[0.07804547995328903, 0.06449104100465775, 0.046701811254024506, 0.04264344274997711, 0.02912362478673458]"
cm-strong,ooc,91,376,345,0,0.08443784713745117,"[345, 247, 231, 87, 162]","[0.08443784713745117, 0.08326300233602524, 0.056924089789390564, 0.0541781522333622, 0.03891238942742348]"
cm-strong,ooc,92,21,913,0,0.2063320428133011,"[913, 129, 131, 135, 395]","[0.2063320428133011, 0.07492046803236008, 0.06469496339559555, 0.05942583829164505, 0.04425440728664398]"
cm-strong,ooc,93,275,381,0,0.23088128864765167,"[381, 378, 278, 372, 366]","[0.23088128864765167, 0.1333252191543579, 0.0952315479516983, 0.0853034034371376, 0.037601083517074585]"
cm-strong,ooc,94,85,146,0,0.26931333541870117,"[146, 99, 20, 128, 21]","[0.26931333541870117, 0.11692185699939728, 0.07588931173086166, 0.07480700314044952, 0.05321966111660004]"
cm-strong,ooc,95,383,299,0,0.14178292453289032,"[299, 383, 222, 270, 257]","[0.14178292453289032, 0.0873037800192833, 0.06058260425925255, 0.059700265526771545, 0.04956193268299103]"
cm-strong,ooc,96,18,18,1,0.9692894816398621,"[18, 128, 93, 96, 370]","[0.9692894816398621, 0.009084154851734638, 0.008325665257871151, 0.006773477420210838, 0.0012982584303244948]"
cm-strong,ooc,97,326,329,0,0.2558198869228363,"[329, 276, 676, 397, 958]","[0.2558198869228363, 0.10903724282979965, 0.06256640702486038, 0.05284818634390831, 0.04350802302360535]"
cm-strong,ooc,98,379,295,0,0.325391948223114,"[295, 348, 8, 385, 93]","[0.325391948223114, 0.06326578557491302, 0.03530555218458176, 0.031265564262866974, 0.031114282086491585]"
cm-strong,ooc,99,378,137,0,0.29043933749198914,"[137, 295, 297, 386, 296]","[0.29043933749198914, 0.1159132793545723, 0.10794799029827118, 0.06647889316082001, 0.047726988792419434]"
cm-strong,ooc,100,378,137,0,0.3089749217033386,"[137, 143, 100, 98, 99]","[0.3089749217033386, 0.25317344069480896, 0.080474354326725, 0.04248621687293053, 0.033303383737802505]"
cm-strong,ooc,101,379,246,0,0.18140746653079987,"[246, 243, 180, 179, 242]","[0.18140746653079987, 0.079286590218544, 0.05219291150569916, 0.050193000584840775, 0.050081830471754074]"
cm-strong,ooc,102,12,12,1,0.8452086448669434,"[12, 134, 19, 144, 14]","[0.8452086448669434, 0.026256944984197617, 0.012231686152517796, 0.009170335717499256, 0.0075387414544820786]"
cm-strong,ooc,103,18,642,0,0.2439485788345337,"[642, 702, 162, 263, 602]","[0.2439485788345337, 0.21160690486431122, 0.04982645437121391, 0.04502188041806221, 0.035253897309303284]"
cm-strong,ooc,104,428,963,0,0.1810387521982193,"[963, 82, 44, 41, 24]","[0.1810387521982193, 0.11004194617271423, 0.05894257128238678, 0.05078919231891632, 0.04917772486805916]"
cm-strong,ooc,105,376,376,1,0.3787945806980133,"[376, 21, 90, 701, 92]","[0.3787945806980133, 0.17733928561210632, 0.058043621480464935, 0.04651547223329544, 0.01727485843002796]"
cm-strong,ooc,106,379,379,1,0.7859758734703064,"[379, 136, 380, 90, 91]","[0.7859758734703064, 0.053050003945827484, 0.041756339371204376, 0.015881402418017387, 0.010599594563245773]"
cm-strong,ooc,107,19,980,0,0.10155083984136581,"[980, 386, 136, 354, 277]","[0.10155083984136581, 0.07377398759126663, 0.06305420398712158, 0.040619757026433945, 0.027679087594151497]"
cm-strong,ooc,108,18,18,1,0.13262923061847687,"[18, 690, 900, 345, 172]","[0.13262923061847687, 0.11987800896167755, 0.06162916123867035, 0.06045069545507431, 0.050385039299726486]"
cm-strong,ooc,109,95,6,0,0.13604868948459625,"[6, 8, 390, 95, 1]","[0.13604868948459625, 0.03970663622021675, 0.03896104171872139, 0.035958219319581985, 0.028989968821406364]"
cm-strong,ooc,110,95,18,0,0.05735429376363754,"[18, 214, 238, 236, 6]","[0.05735429376363754, 0.05422474816441536, 0.04838572070002556, 0.037073489278554916, 0.03362244740128517]"
cm-strong,ooc,111,17,835,0,0.153153657913208,"[835, 235, 243, 348, 134]","[0.153153657913208, 0.05980805307626724, 0.05575486272573471, 0.05359058454632759, 0.03076246753334999]"
cm-strong,ooc,112,232,196,0,0.28553885221481323,"[196, 231, 192, 155, 200]","[0.28553885221481323, 0.11456163227558136, 0.10285018384456635, 0.07551335543394089, 0.06480607390403748]"
cm-strong,ooc,113,382,274,0,0.26717427372932434,"[274, 382, 365, 278, 271]","[0.26717427372932434, 0.2078658938407898, 0.07726473361253738, 0.04808919131755829, 0.040890179574489594]"
cm-strong,ooc,114,622,774,0,0.19665847718715668,"[774, 414, 485, 630, 759]","[0.19665847718715668, 0.08785152435302734, 0.07540182024240494, 0.05558551102876663, 0.05437441170215607]"
cm-strong,ooc,115,372,269,0,0.07769691199064255,"[269, 294, 286, 206, 354]","[0.07769691199064255, 0.07386480271816254, 0.07346297055482864, 0.06629639863967896, 0.050394196063280106]"
cm-strong,ooc,116,313,313,1,0.4853203594684601,"[313, 456, 462, 646, 839]","[0.4853203594684601, 0.13347162306308746, 0.04825592786073685, 0.04643237218260765, 0.023476291447877884]"
cm-strong,ooc,117,18,977,0,0.1291620135307312,"[977, 18, 752, 646, 430]","[0.1291620135307312, 0.10536981374025345, 0.08184579759836197, 0.07406887412071228, 0.04028076305985451]"
cm-strong,ooc,118,919,919,1,0.5253289341926575,"[919, 458, 412, 553, 440]","[0.5253289341926575, 0.13842454552650452, 0.09398099780082703, 0.01718839257955551, 0.013670743443071842]"
cm-strong,ooc,119,92,941,0,0.33266445994377136,"[941, 380, 1, 88, 90]","[0.33266445994377136, 0.08066818863153458, 0.06952375173568726, 0.06443805992603302, 0.05954604223370552]"
cm-strong,ooc,120,75,208,0,0.29616403579711914,"[208, 7, 344, 205, 206]","[0.29616403579711914, 0.05696912109851837, 0.04486982524394989, 0.04266537353396416, 0.04139835014939308]"
cm-strong,ooc,121,379,515,0,0.12732747197151184,"[515, 543, 723, 389, 397]","[0.12732747197151184, 0.052341971546411514, 0.05140255391597748, 0.04786401614546776, 0.03707582876086235]"
cm-strong,ooc,122,272,188,0,0.46681568026542664,"[188, 189, 192, 274, 181]","[0.46681568026542664, 0.06973197311162949, 0.047946374863386154, 0.03920770436525345, 0.033846184611320496]"
cm-strong,ooc,123,86,690,0,0.342742919921875,"[690, 727, 603, 853, 642]","[0.342742919921875, 0.07921997457742691, 0.07073068618774414, 0.03540784493088722, 0.026700874790549278]"
cm-strong,ooc,124,275,255,0,0.44943156838417053,"[255, 275, 220, 214, 347]","[0.44943156838417053, 0.14346735179424286, 0.06507416814565659, 0.021340832114219666, 0.021298419684171677]"
cm-strong,ooc,125,387,387,1,0.08608755469322205,"[387, 333, 358, 263, 552]","[0.08608755469322205, 0.06511132419109344, 0.051245562732219696, 0.04517195373773575, 0.04210655763745308]"
cm-strong,ooc,126,12,701,0,0.23346883058547974,"[701, 136, 131, 58, 137]","[0.23346883058547974, 0.18598835170269012, 0.12269069999456406, 0.049963220953941345, 0.04876790568232536]"
cm-strong,ooc,127,17,478,0,0.12672387063503265,"[478, 787, 524, 448, 236]","[0.12672387063503265, 0.09973304718732834, 0.08976894617080688, 0.08431009948253632, 0.05714205652475357]"
cm-strong,ooc,128,899,725,0,0.2281646877527237,"[725, 562, 899, 971, 883]","[0.2281646877527237, 0.07101904600858688, 0.06227855756878853, 0.06158675625920296, 0.03866712749004364]"
cm-strong,ooc,129,365,766,0,0.0786409080028534,"[766, 192, 213, 382, 174]","[0.0786409080028534, 0.05139271914958954, 0.04697908088564873, 0.04545556381344795, 0.04432482644915581]"
cm-strong,ooc,130,335,336,0,0.15600241720676422,"[336, 81, 272, 331, 280]","[0.15600241720676422, 0.10594692081212997, 0.07882825285196304, 0.05244792625308037, 0.02919517271220684]"
cm-strong,ooc,131,23,929,0,0.155306875705719,"[929, 903, 208, 971, 852]","[0.155306875705719, 0.11383730918169022, 0.08331312239170074, 0.04112127423286438, 0.03526444733142853]"
cm-strong,ooc,132,379,107,0,0.20286568999290466,"[107, 971, 974, 701, 980]","[0.20286568999290466, 0.17507989704608917, 0.09839852154254913, 0.06908407062292099, 0.03413601219654083]"
cm-strong,ooc,133,988,8,0,0.3106972277164459,"[8, 15, 38, 114, 91]","[0.3106972277164459, 0.08615466207265854, 0.07600229978561401, 0.06042817234992981, 0.05617043748497963]"
cm-strong,ooc,134,988,97,0,0.2739684581756592,"[97, 112, 20, 349, 143]","[0.2739684581756592, 0.15234482288360596, 0.15016986429691315, 0.05879300832748413, 0.030931461602449417]"
cm-strong,ooc,135,17,17,1,0.7248390913009644,"[17, 131, 14, 129, 90]","[0.7248390913009644, 0.09963521361351013, 0.04971596598625183, 0.026627106592059135, 0.02475971169769764]"
cm-strong,ooc,136,18,501,0,0.07823582738637924,"[501, 649, 442, 385, 101]","[0.07823582738637924, 0.07269363105297089, 0.07009143382310867, 0.06948458403348923, 0.03544164448976517]"
cm-strong,ooc,137,39,858,0,0.18031691014766693,"[858, 753, 401, 642, 703]","[0.18031691014766693, 0.11251845210790634, 0.07687975466251373, 0.061028581112623215, 0.03867329657077789]"
cm-strong,ooc,138,335,277,0,0.10554110258817673,"[277, 169, 196, 198, 12]","[0.10554110258817673, 0.07718710601329803, 0.06427248567342758, 0.04491247609257698, 0.04342317208647728]"
cm-strong,ooc,139,376,376,1,0.10574174672365189,"[376, 368, 721, 130, 146]","[0.10574174672365189, 0.05191349610686302, 0.051032669842243195, 0.03850989788770676, 0.03437662869691849]"
cm-strong,ooc,140,18,137,0,0.10034780949354172,"[137, 100, 562, 195, 99]","[0.10034780949354172, 0.06604591757059097, 0.046859145164489746, 0.04456641525030136, 0.03738246113061905]"
cm-strong,ooc,141,134,129,0,0.42712676525115967,"[129, 134, 99, 89, 146]","[0.42712676525115967, 0.09468122571706772, 0.07482819259166718, 0.05974910035729408, 0.03705192729830742]"
cm-strong,ooc,142,294,255,0,0.2647593915462494,"[255, 202, 228, 276, 185]","[0.2647593915462494, 0.0755699872970581, 0.05635913461446762, 0.05135410279035568, 0.04275266453623772]"
cm-strong,ooc,143,472,96,0,0.258510023355484,"[96, 16, 14, 364, 313]","[0.258510023355484, 0.08322270959615707, 0.07034040987491608, 0.057706695050001144, 0.037800028920173645]"
cm-strong,ooc,144,354,271,0,0.2772429883480072,"[271, 354, 101, 385, 342]","[0.2772429883480072, 0.09014790505170822, 0.08193881064653397, 0.07129525393247604, 0.06863227486610413]"
cm-strong,ooc,145,134,12,0,0.10590975731611252,"[12, 92, 816, 749, 16]","[0.10590975731611252, 0.07506158947944641, 0.07040968537330627, 0.03977551683783531, 0.038571469485759735]"
cm-strong,ooc,146,821,319,0,0.39556068181991577,"[319, 13, 308, 15, 12]","[0.39556068181991577, 0.1881697028875351, 0.12251830846071243, 0.08921509981155396, 0.07095787674188614]"
cm-strong,ooc,147,391,363,0,0.151503324508667,"[363, 106, 48, 391, 4]","[0.151503324508667, 0.08452674746513367, 0.051828883588314056, 0.047806624323129654, 0.03947834298014641]"
cm-strong,ooc,148,391,145,0,0.3309161365032196,"[145, 525, 391, 460, 389]","[0.3309161365032196, 0.2634391486644745, 0.12333821505308151, 0.038094911724328995, 0.02659943327307701]"
cm-strong,ooc,149,821,497,0,0.20272405445575714,"[497, 853, 538, 835, 884]","[0.20272405445575714, 0.10154358297586441, 0.09600429981946945, 0.09374593943357468, 0.09074113517999649]"
cm-strong,ooc,150,576,703,0,0.17392133176326752,"[703, 863, 491, 671, 7]","[0.17392133176326752, 0.172465518116951, 0.1177791878581047, 0.050742071121931076, 0.024674490094184875]"
cm-strong,ooc,151,140,140,1,0.45478057861328125,"[140, 20, 360, 974, 139]","[0.45478057861328125, 0.07375741004943848, 0.0647512823343277, 0.03021058812737465, 0.029290683567523956]"
cm-strong,ooc,152,852,234,0,0.6227332949638367,"[234, 35, 337, 37, 235]","[0.6227332949638367, 0.09164072573184967, 0.037064388394355774, 0.029170796275138855, 0.019445788115262985]"
cm-strong,ooc,153,576,18,0,0.15401490032672882,"[18, 912, 428, 410, 11]","[0.15401490032672882, 0.08407869935035706, 0.06795032322406769, 0.032521992921829224, 0.02781789004802704]"
cm-strong,ooc,154,472,976,0,0.34867244958877563,"[976, 977, 978, 460, 975]","[0.34867244958877563, 0.2167772501707077, 0.1418379843235016, 0.07044065743684769, 0.06166507303714752]"
cm-strong,ooc,155,258,332,0,0.25694364309310913,"[332, 283, 258, 368, 229]","[0.25694364309310913, 0.19341133534908295, 0.12115982919931412, 0.05538569763302803, 0.04678443446755409]"
cm-strong,ooc,156,143,169,0,0.07390564680099487,"[169, 173, 345, 354, 253]","[0.07390564680099487, 0.06545273214578629, 0.05948733538389206, 0.051621172577142715, 0.050779249519109726]"
cm-strong,ooc,157,198,246,0,0.2491426169872284,"[246, 178, 184, 172, 242]","[0.2491426169872284, 0.04050547257065773, 0.04001704230904579, 0.039769865572452545, 0.03829886019229889]"
cm-strong,ooc,158,236,237,0,0.18089725077152252,"[237, 92, 162, 88, 354]","[0.18089725077152252, 0.12359366565942764, 0.06742054224014282, 0.05460769310593605, 0.0455901212990284]"
cm-strong,ooc,159,576,544,0,0.18521633744239807,"[544, 82, 84, 67, 115]","[0.18521633744239807, 0.12553836405277252, 0.0839785486459732, 0.06505094468593597, 0.06329014897346497]"
cm-strong,ooc,160,483,483,1,0.39884987473487854,"[483, 698, 425, 532, 888]","[0.39884987473487854, 0.09203331172466278, 0.03120420314371586, 0.02148035541176796, 0.019820738583803177]"
cm-strong,ooc,161,727,944,0,0.2024514377117157,"[944, 953, 956, 37, 949]","[0.2024514377117157, 0.19170697033405304, 0.06833750009536743, 0.06727942824363708, 0.03561372309923172]"
cm-strong,ooc,162,238,295,0,0.1966356337070465,"[295, 217, 23, 179, 239]","[0.1966356337070465, 0.08221755921840668, 0.0482853427529335, 0.04169771075248718, 0.036956921219825745]"
cm-strong,ooc,163,385,344,0,0.12810298800468445,"[344, 209, 365, 141, 100]","[0.12810298800468445, 0.0924849584698677, 0.07933954894542694, 0.029182827100157738, 0.02334602363407612]"
cm-strong,ooc,164,472,405,0,0.10136602818965912,"[405, 693, 913, 755, 425]","[0.10136602818965912, 0.07898852974176407, 0.07564610242843628, 0.06855492293834686, 0.039754871279001236]"
cm-strong,ooc,165,140,202,0,0.22501075267791748,"[202, 129, 216, 211, 242]","[0.22501075267791748, 0.07747501879930496, 0.05495290085673332, 0.04463895410299301, 0.03956874459981918]"
cm-strong,ooc,166,352,209,0,0.10768537223339081,"[209, 458, 390, 128, 972]","[0.10768537223339081, 0.09221857786178589, 0.08725127577781677, 0.0639653280377388, 0.04740269482135773]"
cm-strong,ooc,167,292,12,0,0.29791203141212463,"[12, 43, 285, 616, 281]","[0.29791203141212463, 0.2494906634092331, 0.10107594728469849, 0.04672708734869957, 0.03468785062432289]"
cm-strong,ooc,168,806,703,0,0.16550977528095245,"[703, 879, 552, 112, 775]","[0.16550977528095245, 0.07814975082874298, 0.06756309419870377, 0.04640612006187439, 0.03457760438323021]"
cm-strong,ooc,169,449,129,0,0.16415032744407654,"[129, 23, 9, 353, 8]","[0.16415032744407654, 0.1387486606836319, 0.053636886179447174, 0.052259255200624466, 0.04092906042933464]"
cm-strong,ooc,170,164,562,0,0.10858584940433502,"[562, 137, 649, 437, 976]","[0.10858584940433502, 0.09812787175178528, 0.07724323123693466, 0.05899191275238991, 0.051347482949495316]"
cm-strong,ooc,171,909,424,0,0.31102797389030457,"[424, 467, 702, 543, 971]","[0.31102797389030457, 0.07710915058851242, 0.0602545365691185, 0.0556991882622242, 0.02953038550913334]"
cm-strong,ooc,172,576,868,0,0.23665045201778412,"[868, 648, 788, 414, 842]","[0.23665045201778412, 0.0991709977388382, 0.07754641771316528, 0.07363677769899368, 0.03635741025209427]"
cm-strong,ooc,173,727,14,0,0.1983327865600586,"[14, 311, 13, 988, 11]","[0.1983327865600586, 0.10792292654514313, 0.09194252640008926, 0.05742286145687103, 0.047526296228170395]"
cm-strong,ooc,174,223,602,0,0.34181806445121765,"[602, 702, 369, 128, 920]","[0.34181806445121765, 0.12632514536380768, 0.03738454356789589, 0.03474750369787216, 0.029054172337055206]"
cm-strong,ooc,175,132,460,0,0.1950426548719406,"[460, 780, 146, 914, 132]","[0.1950426548719406, 0.12692175805568695, 0.11281121522188187, 0.08673771470785141, 0.06877791881561279]"
cm-strong,ooc,176,576,377,0,0.12667316198349,"[377, 273, 89, 212, 192]","[0.12667316198349, 0.0527782142162323, 0.050519492477178574, 0.04503051936626434, 0.034653112292289734]"
cm-strong,ooc,177,391,354,0,0.07855232805013657,"[354, 391, 137, 972, 497]","[0.07855232805013657, 0.06335458159446716, 0.057326968759298325, 0.04236111417412758, 0.033665869385004044]"
cm-strong,ooc,178,708,977,0,0.154636412858963,"[977, 437, 978, 915, 425]","[0.154636412858963, 0.0653531551361084, 0.06122148036956787, 0.05827238783240318, 0.05140911787748337]"
cm-strong,ooc,179,132,999,0,0.07961109280586243,"[999, 478, 721, 892, 899]","[0.07961109280586243, 0.0704476609826088, 0.045730143785476685, 0.038976266980171204, 0.02931244857609272]"
cm-strong,ooc,180,576,429,0,0.24652497470378876,"[429, 19, 89, 13, 890]","[0.24652497470378876, 0.06070763245224953, 0.04414525628089905, 0.03125172480940819, 0.027493299916386604]"
cm-strong,ooc,181,143,3,0,0.1780271679162979,"[3, 971, 143, 841, 144]","[0.1780271679162979, 0.031965117901563644, 0.03182534873485565, 0.02504453808069229, 0.02499152347445488]"
cm-strong,ooc,182,842,134,0,0.1261497586965561,"[134, 225, 130, 730, 295]","[0.1261497586965561, 0.07000478357076645, 0.06178168207406998, 0.05403530225157738, 0.030411677435040474]"
cm-strong,ooc,183,372,286,0,0.45110389590263367,"[286, 95, 382, 287, 370]","[0.45110389590263367, 0.09583960473537445, 0.0805898979306221, 0.06397451460361481, 0.02943345718085766]"
cm-strong,ooc,184,36,58,0,0.19761072099208832,"[58, 131, 20, 391, 134]","[0.19761072099208832, 0.13175806403160095, 0.05735234171152115, 0.054920535534620285, 0.045247431844472885]"
cm-strong,ooc,185,660,579,0,0.06128005310893059,"[579, 591, 532, 526, 630]","[0.06128005310893059, 0.0551864318549633, 0.04087367653846741, 0.03492472693324089, 0.03382926806807518]"
cm-strong,ooc,186,821,472,0,0.16466623544692993,"[472, 429, 516, 741, 616]","[0.16466623544692993, 0.14571017026901245, 0.07034071534872055, 0.051854051649570465, 0.03356784209609032]"
cm-strong,ooc,187,449,624,0,0.15152056515216827,"[624, 17, 580, 582, 890]","[0.15152056515216827, 0.1379469782114029, 0.12640859186649323, 0.048713576048612595, 0.03736522048711777]"
cm-strong,ooc,188,131,131,1,0.26885268092155457,"[131, 17, 84, 134, 8]","[0.26885268092155457, 0.10183808952569962, 0.09921467304229736, 0.053118348121643066, 0.049674488604068756]"
cm-strong,ooc,189,576,882,0,0.14397704601287842,"[882, 736, 606, 811, 405]","[0.14397704601287842, 0.06241324171423912, 0.038745298981666565, 0.03501758724451065, 0.03270542994141579]"
cm-strong,ooc,190,140,140,1,0.21447370946407318,"[140, 3, 12, 133, 142]","[0.21447370946407318, 0.16330091655254364, 0.15997661650180817, 0.08736401051282883, 0.07591120153665543]"
cm-strong,ooc,191,576,854,0,0.3808564841747284,"[854, 559, 579, 517, 401]","[0.3808564841747284, 0.05968175083398819, 0.0504891499876976, 0.03140074014663696, 0.02916870079934597]"
cm-strong,ooc,192,355,296,0,0.2822111248970032,"[296, 291, 286, 348, 255]","[0.2822111248970032, 0.12150917947292328, 0.10969088971614838, 0.04799169674515724, 0.04006190598011017]"
cm-strong,ooc,193,511,436,0,0.4556761085987091,"[436, 511, 656, 581, 817]","[0.4556761085987091, 0.2842249274253845, 0.13025888800621033, 0.057320449501276016, 0.025318803265690804]"
cm-strong,ooc,194,417,975,0,0.7361783981323242,"[975, 449, 694, 562, 724]","[0.7361783981323242, 0.14055034518241882, 0.021416567265987396, 0.019287386909127235, 0.017115028575062752]"
cm-strong,ooc,195,404,649,0,0.21121333539485931,"[649, 690, 467, 866, 595]","[0.21121333539485931, 0.11171676963567734, 0.05955551937222481, 0.057193201035261154, 0.05037864297628403]"
cm-strong,ooc,196,701,785,0,0.9000518918037415,"[785, 806, 457, 496, 748]","[0.9000518918037415, 0.033412519842386246, 0.010480329394340515, 0.004303030204027891, 0.0036509069614112377]"
cm-strong,ooc,197,701,627,0,0.3134990632534027,"[627, 888, 705, 829, 694]","[0.3134990632534027, 0.21695242822170258, 0.13594181835651398, 0.03883245214819908, 0.02250669337809086]"
cm-strong,ooc,198,701,492,0,0.09281065315008163,"[492, 702, 416, 790, 701]","[0.09281065315008163, 0.07878342270851135, 0.05517079681158066, 0.05371550843119621, 0.04238034039735794]"
cm-strong,ooc,199,350,671,0,0.21985001862049103,"[671, 672, 979, 970, 912]","[0.21985001862049103, 0.1804109811782837, 0.15245145559310913, 0.08765920996665955, 0.03395587578415871]"
cm-strong,ooc,200,618,4,0,0.48501113057136536,"[4, 97, 870, 659, 463]","[0.48501113057136536, 0.1346031278371811, 0.09478697925806046, 0.046437766402959824, 0.022348864004015923]"
cm-strong,ooc,201,984,472,0,0.23706144094467163,"[472, 463, 984, 428, 876]","[0.23706144094467163, 0.2274433821439743, 0.1288808286190033, 0.10465274006128311, 0.022168751806020737]"
cm-strong,ooc,202,645,212,0,0.24692276120185852,"[212, 552, 723, 213, 805]","[0.24692276120185852, 0.19193390011787415, 0.08851414173841476, 0.0853780210018158, 0.01914217881858349]"
cm-strong,ooc,203,808,55,0,0.5736757516860962,"[55, 53, 114, 46, 64]","[0.5736757516860962, 0.05913560464978218, 0.04518445208668709, 0.035579003393650055, 0.029569169506430626]"
cm-strong,ooc,204,755,559,0,0.43464767932891846,"[559, 672, 756, 412, 723]","[0.43464767932891846, 0.1386089026927948, 0.09065555036067963, 0.07684970647096634, 0.05778954550623894]"
cm-strong,ooc,205,663,663,1,0.36319175362586975,"[663, 873, 668, 483, 698]","[0.36319175362586975, 0.1489458978176117, 0.09951595216989517, 0.09084565937519073, 0.08056243509054184]"
cm-strong,ooc,206,404,404,1,0.862739622592926,"[404, 542, 845, 395, 657]","[0.862739622592926, 0.061050716787576675, 0.01512059848755598, 0.011756711639463902, 0.007453668396919966]"
cm-strong,ooc,207,540,832,0,0.06872246414422989,"[832, 819, 423, 791, 708]","[0.06872246414422989, 0.05843983218073845, 0.05011184141039848, 0.0357055701315403, 0.02912168763577938]"
cm-strong,ooc,208,958,56,0,0.5981399416923523,"[56, 27, 947, 112, 616]","[0.5981399416923523, 0.03589082881808281, 0.0338914580643177, 0.022582219913601875, 0.018870148807764053]"
cm-strong,ooc,209,483,448,0,0.24233992397785187,"[448, 580, 89, 998, 853]","[0.24233992397785187, 0.0768526941537857, 0.06685928255319595, 0.04541471228003502, 0.041132789105176926]"
cm-strong,ooc,210,898,355,0,0.48401615023612976,"[355, 816, 84, 285, 226]","[0.48401615023612976, 0.05684823542833328, 0.027936339378356934, 0.025164784863591194, 0.023600639775395393]"
cm-strong,ooc,211,649,834,0,0.28208544850349426,"[834, 649, 721, 610, 888]","[0.28208544850349426, 0.1575605273246765, 0.0367564894258976, 0.03429494425654411, 0.024822086095809937]"
cm-strong,ooc,212,812,912,0,0.12828955054283142,"[912, 234, 522, 539, 716]","[0.12828955054283142, 0.11791186034679413, 0.09567717462778091, 0.0719209611415863, 0.0667475238442421]"
cm-strong,ooc,213,701,701,1,0.9756544828414917,"[701, 417, 90, 96, 879]","[0.9756544828414917, 0.014336049556732178, 0.0010947918053716421, 0.0006994872819632292, 0.0006202911608852446]"
cm-strong,ooc,214,405,141,0,0.18472012877464294,"[141, 143, 146, 140, 147]","[0.18472012877464294, 0.1527116298675537, 0.10703308880329132, 0.06217166408896446, 0.05965486541390419]"
cm-strong,ooc,215,832,832,1,0.46712639927864075,"[832, 756, 410, 559, 744]","[0.46712639927864075, 0.04857649281620979, 0.022033987566828728, 0.01996484212577343, 0.016948070377111435]"
cm-strong,ooc,216,475,718,0,0.3281453847885132,"[718, 475, 839, 792, 656]","[0.3281453847885132, 0.13680008053779602, 0.05969591438770294, 0.036042965948581696, 0.02723957784473896]"
cm-strong,ooc,217,22,723,0,0.11523979157209396,"[723, 96, 806, 879, 700]","[0.11523979157209396, 0.05746832489967346, 0.05648282542824745, 0.04405108466744423, 0.0425422228872776]"
cm-strong,ooc,218,724,519,0,0.15885597467422485,"[519, 565, 780, 914, 133]","[0.15885597467422485, 0.09801898896694183, 0.0941598042845726, 0.08220702409744263, 0.0805903896689415]"
cm-strong,ooc,219,871,871,1,0.25664764642715454,"[871, 744, 557, 657, 900]","[0.25664764642715454, 0.22338330745697021, 0.18276354670524597, 0.06433635205030441, 0.06070175766944885]"
cm-strong,ooc,220,807,460,0,0.12066327035427094,"[460, 557, 462, 733, 835]","[0.12066327035427094, 0.05742751434445381, 0.054065071046352386, 0.05310285463929176, 0.0411212258040905]"
cm-strong,ooc,221,805,805,1,0.9221511483192444,"[805, 895, 879, 164, 499]","[0.9221511483192444, 0.008767973631620407, 0.006748692598193884, 0.006689740344882011, 0.004163062199950218]"
cm-strong,ooc,222,405,804,0,0.06347831338644028,"[804, 756, 710, 412, 786]","[0.06347831338644028, 0.046417392790317535, 0.040050603449344635, 0.03997916355729103, 0.03909996524453163]"
cm-strong,ooc,223,14,394,0,0.07260865718126297,"[394, 839, 347, 979, 233]","[0.07260865718126297, 0.05340639501810074, 0.04745306819677353, 0.04455922171473503, 0.04225204512476921]"
cm-strong,ooc,224,22,22,1,0.5860469341278076,"[22, 23, 21, 143, 972]","[0.5860469341278076, 0.3535638451576233, 0.0233442522585392, 0.008575920946896076, 0.008540165610611439]"
cm-strong,ooc,225,404,657,0,0.3290933668613434,"[657, 405, 404, 895, 812]","[0.3290933668613434, 0.21643522381782532, 0.06345772743225098, 0.034731633961200714, 0.028690960258245468]"
cm-strong,ooc,226,583,835,0,0.7811869382858276,"[835, 479, 912, 872, 839]","[0.7811869382858276, 0.06825785338878632, 0.02098676562309265, 0.015972498804330826, 0.014895463362336159]"
cm-strong,ooc,227,900,448,0,0.11022340506315231,"[448, 690, 410, 462, 428]","[0.11022340506315231, 0.06778709590435028, 0.05135635659098625, 0.03467142954468727, 0.0339234434068203]"
cm-strong,ooc,228,437,437,1,0.4334186315536499,"[437, 744, 657, 812, 587]","[0.4334186315536499, 0.18649157881736755, 0.16583867371082306, 0.13288570940494537, 0.009451775811612606]"
cm-strong,ooc,229,345,351,0,0.5473237037658691,"[351, 349, 354, 345, 51]","[0.5473237037658691, 0.12595781683921814, 0.09396219253540039, 0.06680911034345627, 0.022840501740574837]"
cm-strong,ooc,230,913,489,0,0.11845970153808594,"[489, 133, 131, 114, 839]","[0.11845970153808594, 0.10936909914016724, 0.0384114645421505, 0.03493573144078255, 0.02523527480661869]"
cm-strong,ooc,231,839,580,0,0.15040920674800873,"[580, 904, 733, 877, 695]","[0.15040920674800873, 0.14517131447792053, 0.06626904010772705, 0.058357566595077515, 0.029881678521633148]"
cm-strong,ooc,232,920,912,0,0.4354330897331238,"[912, 525, 12, 210, 99]","[0.4354330897331238, 0.05611806362867355, 0.03181617334485054, 0.029799429699778557, 0.026742776855826378]"
cm-strong,ooc,233,802,429,0,0.27020639181137085,"[429, 701, 768, 213, 805]","[0.27020639181137085, 0.13007186353206635, 0.12219212204217911, 0.03330120071768761, 0.024958781898021698]"
cm-strong,ooc,234,755,807,0,0.15502606332302094,"[807, 448, 971, 580, 410]","[0.15502606332302094, 0.13408790528774261, 0.13209040462970734, 0.04984350502490997, 0.04810339957475662]"
cm-strong,ooc,235,93,218,0,0.15625211596488953,"[218, 490, 202, 184, 171]","[0.15625211596488953, 0.15116438269615173, 0.10001842677593231, 0.04614832624793053, 0.027077246457338333]"
cm-strong,ooc,236,821,839,0,0.2538869380950928,"[839, 912, 703, 491, 915]","[0.2538869380950928, 0.23254288733005524, 0.1406744420528412, 0.03673826530575752, 0.028334008529782295]"
cm-strong,ooc,237,437,425,0,0.13886277377605438,"[425, 129, 144, 460, 337]","[0.13886277377605438, 0.08248386532068253, 0.05665441229939461, 0.04815642908215523, 0.03792432323098183]"
cm-strong,ooc,238,649,920,0,0.12580016255378723,"[920, 727, 594, 839, 834]","[0.12580016255378723, 0.09224826842546463, 0.07786781340837479, 0.07709953933954239, 0.061534278094768524]"
cm-strong,ooc,239,682,497,0,0.28623127937316895,"[497, 747, 579, 884, 894]","[0.28623127937316895, 0.10128100961446762, 0.04934681951999664, 0.04171105474233627, 0.03178294748067856]"
cm-strong,ooc,240,900,877,0,0.09643210470676422,"[877, 718, 454, 694, 839]","[0.09643210470676422, 0.07272915542125702, 0.0671580582857132, 0.038776952773332596, 0.03615771606564522]"
cm-strong,ooc,241,557,523,0,0.09053187072277069,"[523, 733, 462, 799, 840]","[0.09053187072277069, 0.07093225419521332, 0.04330795258283615, 0.038315773010253906, 0.03004530817270279]"
cm-strong,ooc,242,812,258,0,0.2818979322910309,"[258, 257, 222, 223, 203]","[0.2818979322910309, 0.21797598898410797, 0.1822260171175003, 0.027307897806167603, 0.014660874381661415]"
cm-strong,ooc,243,988,96,0,0.12381408363580704,"[96, 93, 64, 137, 988]","[0.12381408363580704, 0.10492613166570663, 0.0713745728135109, 0.06440988928079605, 0.05726664140820503]"
cm-strong,ooc,244,322,326,0,0.21418717503547668,"[326, 138, 131, 83, 134]","[0.21418717503547668, 0.16510742902755737, 0.12176243960857391, 0.07198084145784378, 0.04900205880403519]"
cm-strong,ooc,245,131,386,0,0.08775380998849869,"[386, 420, 434, 181, 268]","[0.08775380998849869, 0.08066873997449875, 0.06761999428272247, 0.03511669114232063, 0.03388034552335739]"
cm-strong,ooc,246,309,933,0,0.17055080831050873,"[933, 726, 13, 934, 965]","[0.17055080831050873, 0.09184255450963974, 0.07818570733070374, 0.05415146052837372, 0.0521652027964592]"
cm-strong,ooc,247,324,22,0,0.0580553375184536,"[22, 269, 258, 222, 279]","[0.0580553375184536, 0.052645567804574966, 0.051247335970401764, 0.05085347965359688, 0.04993581771850586]"
cm-strong,ooc,248,133,612,0,0.17538894712924957,"[612, 391, 273, 463, 756]","[0.17538894712924957, 0.03226253390312195, 0.031328052282333374, 0.02804880030453205, 0.024810630828142166]"
cm-strong,ooc,249,988,988,1,0.8666003346443176,"[988, 721, 113, 666, 587]","[0.8666003346443176, 0.04373345524072647, 0.011136529967188835, 0.006685713306069374, 0.005806195084005594]"
cm-strong,ooc,250,13,202,0,0.18028493225574493,"[202, 226, 204, 182, 192]","[0.18028493225574493, 0.17382484674453735, 0.16203662753105164, 0.0725107491016388, 0.047620467841625214]"
cm-strong,ooc,251,309,338,0,0.10004457831382751,"[338, 913, 843, 408, 213]","[0.10004457831382751, 0.08301457017660141, 0.05311065539717674, 0.04440278932452202, 0.03747124969959259]"
cm-strong,ooc,252,991,991,1,0.9312838315963745,"[991, 112, 108, 199, 700]","[0.9312838315963745, 0.025050383061170578, 0.016910959035158157, 0.005784270819276571, 0.002029985887929797]"
cm-strong,ooc,253,303,143,0,0.15076462924480438,"[143, 81, 701, 97, 141]","[0.15076462924480438, 0.05220114439725876, 0.044355571269989014, 0.03901994600892067, 0.03847263380885124]"
cm-strong,ooc,254,309,905,0,0.31558528542518616,"[905, 594, 669, 696, 799]","[0.31558528542518616, 0.09589570015668869, 0.06151276081800461, 0.053188275545835495, 0.046903807669878006]"
cm-strong,ooc,255,324,324,1,0.9992085099220276,"[324, 322, 425, 474, 721]","[0.9992085099220276, 0.00021490802464541048, 0.00010044105147244409, 7.926438411232084e-05, 6.239131471375003e-05]"
cm-strong,ooc,256,303,303,1,0.14981777966022491,"[303, 237, 306, 305, 225]","[0.14981777966022491, 0.10772072523832321, 0.10114774852991104, 0.0420234277844429, 0.034965530037879944]"
cm-strong,ooc,257,323,123,0,0.8182921409606934,"[123, 323, 124, 37, 396]","[0.8182921409606934, 0.013645702041685581, 0.013644224964082241, 0.010934321209788322, 0.010624202899634838]"
cm-strong,ooc,258,989,948,0,0.21472297608852386,"[948, 989, 31, 951, 659]","[0.21472297608852386, 0.10553649067878723, 0.09972374141216278, 0.06690571457147598, 0.058078326284885406]"
cm-strong,ooc,259,324,145,0,0.587488055229187,"[145, 258, 279, 296, 270]","[0.587488055229187, 0.07027922570705414, 0.039822667837142944, 0.03433079272508621, 0.020630324259400368]"
cm-strong,ooc,260,989,989,1,0.3672037422657013,"[989, 522, 945, 933, 943]","[0.3672037422657013, 0.24622605741024017, 0.07499122619628906, 0.06737605482339859, 0.05763419345021248]"
cm-strong,ooc,261,323,671,0,0.2749040722846985,"[671, 323, 145, 872, 912]","[0.2749040722846985, 0.16043120622634888, 0.09254828840494156, 0.07117760181427002, 0.04289925843477249]"
cm-strong,ooc,262,78,12,0,0.19095930457115173,"[12, 78, 766, 645, 93]","[0.19095930457115173, 0.1310366839170456, 0.08470447361469269, 0.06688175350427628, 0.025404993444681168]"
cm-strong,ooc,263,945,129,0,0.1327160894870758,"[129, 701, 81, 971, 97]","[0.1327160894870758, 0.12324482202529907, 0.06768817454576492, 0.03540961071848869, 0.03404495492577553]"
cm-strong,ooc,264,303,272,0,0.19640670716762543,"[272, 209, 277, 278, 269]","[0.19640670716762543, 0.16029177606105804, 0.09897125512361526, 0.04396424442529678, 0.04223357141017914]"
cm-strong,ooc,265,78,432,0,0.421536386013031,"[432, 546, 612, 541, 234]","[0.421536386013031, 0.10879926383495331, 0.08901022374629974, 0.02694685384631157, 0.023671496659517288]"
cm-strong,ooc,266,323,323,1,0.9821073412895203,"[323, 701, 671, 625, 693]","[0.9821073412895203, 0.002629657741636038, 0.001555274473503232, 0.0012096501886844635, 0.0010321978479623795]"
cm-strong,ooc,267,309,766,0,0.09252388775348663,"[766, 235, 775, 212, 832]","[0.09252388775348663, 0.08595132827758789, 0.06327598541975021, 0.032043565064668655, 0.028217557817697525]"
cm-strong,ooc,268,77,51,0,0.22845643758773804,"[51, 37, 386, 69, 853]","[0.22845643758773804, 0.10888632386922836, 0.047667495906353, 0.04300305247306824, 0.024074574932456017]"
cm-strong,ooc,269,945,680,0,0.29313626885414124,"[680, 419, 942, 929, 64]","[0.29313626885414124, 0.052066344767808914, 0.03737957775592804, 0.03272762522101402, 0.030112627893686295]"
cm-strong,ooc,270,322,835,0,0.15656962990760803,"[835, 415, 391, 448, 389]","[0.15656962990760803, 0.06445560604333878, 0.05613819509744644, 0.044297367334365845, 0.0285309087485075]"
cm-strong,ooc,271,27,40,0,0.09280074387788773,"[40, 64, 1, 684, 710]","[0.09280074387788773, 0.08706199377775192, 0.07550038397312164, 0.06359649449586868, 0.03811054676771164]"
cm-strong,ooc,272,321,321,1,0.9799866080284119,"[321, 27, 25, 322, 28]","[0.9799866080284119, 0.012540867552161217, 0.001346333883702755, 0.0010740237776190042, 0.0009157361928373575]"
cm-strong,ooc,273,323,323,1,0.9999964237213135,"[323, 75, 304, 303, 306]","[0.9999964237213135, 1.0786357051983941e-06, 9.246953709407535e-07, 5.53963673155522e-07, 1.6895434384878172e-07]"
cm-strong,ooc,274,937,997,0,0.40734630823135376,"[997, 972, 962, 114, 577]","[0.40734630823135376, 0.1584787666797638, 0.07191220670938492, 0.034381892532110214, 0.021759793162345886]"
cm-strong,ooc,275,73,868,0,0.1340855360031128,"[868, 738, 500, 56, 532]","[0.1340855360031128, 0.081283338367939, 0.0473632737994194, 0.0397871732711792, 0.03399871289730072]"
cm-strong,ooc,276,322,322,1,0.42354249954223633,"[322, 24, 330, 448, 331]","[0.42354249954223633, 0.16573591530323029, 0.09322085976600647, 0.017836371436715126, 0.017581308260560036]"
cm-strong,ooc,277,40,108,0,0.18554727733135223,"[108, 57, 94, 946, 303]","[0.18554727733135223, 0.08982600271701813, 0.08741384744644165, 0.08050629496574402, 0.05679839476943016]"
cm-strong,ooc,278,31,115,0,0.2862517833709717,"[115, 393, 291, 330, 143]","[0.2862517833709717, 0.048019666224718094, 0.04660123959183693, 0.031640779227018356, 0.030544092878699303]"
cm-strong,ooc,279,321,321,1,0.2531798183917999,"[321, 568, 244, 802, 214]","[0.2531798183917999, 0.16033129394054413, 0.06142742931842804, 0.05089293792843819, 0.04139326885342598]"
cm-strong,ooc,280,58,94,0,0.31386110186576843,"[94, 107, 33, 34, 988]","[0.31386110186576843, 0.06090210750699043, 0.053148843348026276, 0.04562944918870926, 0.03794122487306595]"
cm-strong,ooc,281,309,128,0,0.08356572687625885,"[128, 308, 989, 23, 286]","[0.08356572687625885, 0.07575006783008575, 0.07259326428174973, 0.07256841659545898, 0.04442063719034195]"
cm-strong,ooc,282,303,972,0,0.2642466723918915,"[972, 976, 672, 979, 970]","[0.2642466723918915, 0.2343224436044693, 0.052163027226924896, 0.04703113064169884, 0.03964374586939812]"
cm-strong,ooc,283,325,325,1,0.24661171436309814,"[325, 291, 58, 500, 119]","[0.24661171436309814, 0.06805392354726791, 0.043154407292604446, 0.036520279943943024, 0.031008921563625336]"
cm-strong,ooc,284,323,323,1,0.9985927939414978,"[323, 639, 539, 489, 703]","[0.9985927939414978, 0.00011613478272920474, 9.306842548539862e-05, 6.703684630338103e-05, 4.835611616726965e-05]"
cm-strong,ooc,285,304,314,0,0.38163408637046814,"[314, 128, 274, 306, 319]","[0.38163408637046814, 0.08407294750213623, 0.06831374764442444, 0.034397777169942856, 0.029639730229973793]"
cm-strong,ooc,286,18,18,1,0.9338152408599854,"[18, 93, 514, 245, 13]","[0.9338152408599854, 0.00601257523521781, 0.005627712234854698, 0.004237574525177479, 0.0032608385663479567]"
cm-strong,ooc,287,178,178,1,0.8088635206222534,"[178, 180, 362, 208, 150]","[0.8088635206222534, 0.04940776154398918, 0.028177695348858833, 0.022236652672290802, 0.02068324200809002]"
cm-strong,ooc,288,83,911,0,0.173416405916214,"[911, 87, 170, 182, 83]","[0.173416405916214, 0.08851206302642822, 0.04953645169734955, 0.04477618634700775, 0.043604008853435516]"
cm-strong,ooc,289,362,235,0,0.4516381621360779,"[235, 362, 182, 244, 344]","[0.4516381621360779, 0.3383939564228058, 0.02314751408994198, 0.017651144415140152, 0.015188473276793957]"
cm-strong,ooc,290,272,280,0,0.2710307836532593,"[280, 272, 269, 350, 271]","[0.2710307836532593, 0.25185245275497437, 0.15189652144908905, 0.07691752910614014, 0.037506457418203354]"
cm-strong,ooc,291,102,568,0,0.5432964563369751,"[568, 652, 873, 87, 399]","[0.5432964563369751, 0.1546861231327057, 0.04091782867908478, 0.02395189180970192, 0.01679963804781437]"
cm-strong,ooc,292,423,410,0,0.14528696238994598,"[410, 756, 423, 703, 775]","[0.14528696238994598, 0.10558275878429413, 0.0832727774977684, 0.05173686146736145, 0.03003096394240856]"
cm-strong,ooc,293,543,894,0,0.19092757999897003,"[894, 831, 591, 634, 427]","[0.19092757999897003, 0.16820353269577026, 0.13974890112876892, 0.0801263153553009, 0.027842631563544273]"
cm-strong,ooc,294,277,291,0,0.11962363123893738,"[291, 255, 170, 355, 247]","[0.11962363123893738, 0.11358825862407684, 0.059230584651231766, 0.041535962373018265, 0.02870679646730423]"
cm-strong,ooc,295,428,428,1,0.1450175791978836,"[428, 462, 562, 594, 863]","[0.1450175791978836, 0.07522221654653549, 0.03274640440940857, 0.026565279811620712, 0.023803459480404854]"
cm-strong,ooc,296,134,89,0,0.12552829086780548,"[89, 516, 520, 178, 431]","[0.12552829086780548, 0.08766359090805054, 0.06565430760383606, 0.029523566365242004, 0.02911517210304737]"
cm-strong,ooc,297,298,787,0,0.24017776548862457,"[787, 858, 559, 377, 337]","[0.24017776548862457, 0.06889836490154266, 0.05137147009372711, 0.04385477676987648, 0.032040346413850784]"
cm-strong,ooc,298,170,291,0,0.2094312161207199,"[291, 373, 287, 269, 170]","[0.2094312161207199, 0.09705733507871628, 0.06983993202447891, 0.054642099887132645, 0.05208364501595497]"
cm-strong,ooc,299,363,363,1,0.2582760751247406,"[363, 330, 39, 49, 58]","[0.2582760751247406, 0.04966804385185242, 0.04825851321220398, 0.039423868060112, 0.03288392350077629]"
cm-strong,ooc,300,356,930,0,0.4611797034740448,"[930, 0, 260, 965, 121]","[0.4611797034740448, 0.09072147309780121, 0.04090166464447975, 0.03117973916232586, 0.0269569493830204]"
cm-strong,ooc,301,161,253,0,0.6037645936012268,"[253, 161, 167, 172, 166]","[0.6037645936012268, 0.14525729417800903, 0.06827115267515182, 0.059388648718595505, 0.039529841393232346]"
cm-strong,ooc,302,254,254,1,0.5054789185523987,"[254, 245, 193, 198, 94]","[0.5054789185523987, 0.057473525404930115, 0.030598223209381104, 0.02027486078441143, 0.01752902939915657]"
cm-strong,ooc,303,145,145,1,0.924248218536377,"[145, 96, 93, 445, 774]","[0.924248218536377, 0.029945412650704384, 0.01342118438333273, 0.0025829479563981295, 0.0016693666111677885]"
cm-strong,ooc,304,171,51,0,0.18950551748275757,"[51, 515, 381, 657, 879]","[0.18950551748275757, 0.050245773047208786, 0.04268422722816467, 0.02998695895075798, 0.027509601786732674]"
cm-strong,ooc,305,299,331,0,0.21066232025623322,"[331, 8, 83, 336, 349]","[0.21066232025623322, 0.14836299419403076, 0.10008879005908966, 0.057451438158750534, 0.053079754114151]"
cm-strong,ooc,306,251,251,1,0.7192855477333069,"[251, 849, 212, 289, 927]","[0.7192855477333069, 0.1347501277923584, 0.019447121769189835, 0.015927698463201523, 0.009554819203913212]"
cm-strong,ooc,307,292,133,0,0.2823844850063324,"[133, 956, 113, 292, 93]","[0.2823844850063324, 0.17849299311637878, 0.08717790246009827, 0.035421498119831085, 0.03464873880147934]"
cm-strong,ooc,308,77,953,0,0.13384155929088593,"[953, 956, 51, 616, 307]","[0.13384155929088593, 0.11108306795358658, 0.09772642701864243, 0.07904276251792908, 0.06471599638462067]"
cm-strong,ooc,309,305,145,0,0.22417938709259033,"[145, 306, 20, 128, 843]","[0.22417938709259033, 0.09332282096147537, 0.08186923712491989, 0.0557258166372776, 0.031795792281627655]"
cm-strong,ooc,310,299,23,0,0.1179279312491417,"[23, 386, 131, 360, 21]","[0.1179279312491417, 0.07496391236782074, 0.05257827043533325, 0.04608229547739029, 0.04291246086359024]"
cm-strong,ooc,311,83,360,0,0.1748015582561493,"[360, 337, 33, 396, 133]","[0.1748015582561493, 0.06582007557153702, 0.0625695139169693, 0.049330346286296844, 0.032454319298267365]"
cm-strong,ooc,312,362,294,0,0.09148512780666351,"[294, 296, 150, 106, 272]","[0.09148512780666351, 0.0665275901556015, 0.05494803562760353, 0.054798368364572525, 0.04727276787161827]"
cm-strong,ooc,313,85,85,1,0.8139346837997437,"[85, 99, 138, 134, 97]","[0.8139346837997437, 0.09826145321130753, 0.017146101221442223, 0.01222409587353468, 0.012125151231884956]"
cm-strong,ooc,314,203,203,1,0.23617523908615112,"[203, 188, 190, 153, 332]","[0.23617523908615112, 0.0939079150557518, 0.08171562105417252, 0.07162400335073471, 0.06017459183931351]"
cm-strong,ooc,315,79,937,0,0.2680514454841614,"[937, 81, 45, 139, 129]","[0.2680514454841614, 0.06567348539829254, 0.033324386924505234, 0.03315696120262146, 0.03113795444369316]"
cm-strong,ooc,316,71,269,0,0.12416030466556549,"[269, 396, 212, 121, 271]","[0.12416030466556549, 0.11857394874095917, 0.07368795573711395, 0.07182449102401733, 0.044106222689151764]"
cm-strong,ooc,317,298,34,0,0.26108255982398987,"[34, 33, 893, 6, 777]","[0.26108255982398987, 0.148515984416008, 0.0659850612282753, 0.06591136008501053, 0.04034478962421417]"
cm-strong,ooc,318,336,437,0,0.6473820209503174,"[437, 299, 336, 298, 442]","[0.6473820209503174, 0.1427871733903885, 0.04434088617563248, 0.023836836218833923, 0.014219054952263832]"
cm-strong,ooc,319,425,425,1,0.3422209918498993,"[425, 427, 519, 998, 611]","[0.3422209918498993, 0.14054475724697113, 0.1110793724656105, 0.028675517067313194, 0.025838833302259445]"
cm-strong,ooc,320,137,84,0,0.29091912508010864,"[84, 18, 295, 128, 85]","[0.29091912508010864, 0.18789835274219513, 0.045074786990880966, 0.030280111357569695, 0.02346549741923809]"
cm-strong,ooc,321,372,985,0,0.3197143077850342,"[985, 689, 309, 578, 879]","[0.3197143077850342, 0.11851144582033157, 0.11783627420663834, 0.047394655644893646, 0.04291897267103195]"
cm-strong,ooc,322,958,180,0,0.06941681355237961,"[180, 219, 212, 750, 721]","[0.06941681355237961, 0.04545227810740471, 0.035250984132289886, 0.034661535173654556, 0.032193705439567566]"
cm-strong,ooc,323,232,977,0,0.15923500061035156,"[977, 978, 460, 973, 975]","[0.15923500061035156, 0.14809586107730865, 0.08707228302955627, 0.0682072788476944, 0.06272771954536438]"
cm-strong,ooc,324,279,296,0,0.18132710456848145,"[296, 178, 208, 245, 284]","[0.18132710456848145, 0.1055607870221138, 0.09140048176050186, 0.04830542951822281, 0.03538407012820244]"
cm-strong,ooc,325,146,122,0,0.3987561762332916,"[122, 961, 965, 927, 121]","[0.3987561762332916, 0.05190758779644966, 0.04176798835396767, 0.03021296113729477, 0.02902752161026001]"
cm-strong,ooc,326,352,448,0,0.07474228739738464,"[448, 89, 96, 382, 381]","[0.07474228739738464, 0.05988919362425804, 0.059414856135845184, 0.039618123322725296, 0.03355036675930023]"
cm-strong,ooc,327,958,756,0,0.16471713781356812,"[756, 738, 526, 765, 428]","[0.16471713781356812, 0.09193270653486252, 0.0447704903781414, 0.0412067249417305, 0.03884296864271164]"
cm-strong,ooc,328,958,735,0,0.39924952387809753,"[735, 806, 908, 911, 704]","[0.39924952387809753, 0.051093120127916336, 0.038333456963300705, 0.02331838570535183, 0.022069795057177544]"
cm-strong,ooc,329,275,170,0,0.20777058601379395,"[170, 182, 212, 160, 196]","[0.20777058601379395, 0.161919966340065, 0.06013959273695946, 0.04108985885977745, 0.0367916040122509]"
cm-strong,ooc,330,888,910,0,0.0924525260925293,"[910, 699, 467, 220, 514]","[0.0924525260925293, 0.04612148180603981, 0.037138938903808594, 0.03506225347518921, 0.03441246226429939]"
cm-strong,ooc,331,352,51,0,0.11577004939317703,"[51, 711, 837, 31, 234]","[0.11577004939317703, 0.0496704988181591, 0.029911823570728302, 0.02576301619410515, 0.0238012857735157]"
cm-strong,ooc,332,85,84,0,0.19407474994659424,"[84, 805, 522, 85, 385]","[0.19407474994659424, 0.08920413255691528, 0.04259956628084183, 0.04143328592181206, 0.03658889979124069]"
cm-strong,ooc,333,9,348,0,0.11071242392063141,"[348, 137, 544, 13, 202]","[0.11071242392063141, 0.09183710813522339, 0.08834879100322723, 0.05326160043478012, 0.034158218652009964]"
cm-strong,ooc,334,199,136,0,0.2073778510093689,"[136, 357, 135, 500, 143]","[0.2073778510093689, 0.15370091795921326, 0.10227153450250626, 0.057690802961587906, 0.055448755621910095]"
cm-strong,ooc,335,522,49,0,0.5707716941833496,"[49, 142, 133, 58, 140]","[0.5707716941833496, 0.1254546344280243, 0.08214210718870163, 0.03627244755625725, 0.028717217966914177]"
cm-strong,ooc,336,340,915,0,0.06023821607232094,"[915, 887, 319, 94, 13]","[0.06023821607232094, 0.054604388773441315, 0.05203258991241455, 0.04449274018406868, 0.03619851917028427]"
cm-strong,ooc,337,9,275,0,0.10466884076595306,"[275, 316, 139, 347, 345]","[0.10466884076595306, 0.062370046973228455, 0.05327786132693291, 0.050829656422138214, 0.04806254431605339]"
cm-strong,ooc,338,386,101,0,0.6891689896583557,"[101, 386, 385, 348, 134]","[0.6891689896583557, 0.12091710418462753, 0.05356011912226677, 0.03374404087662697, 0.030432218685746193]"
cm-strong,ooc,339,274,184,0,0.9697803854942322,"[184, 213, 282, 225, 191]","[0.9697803854942322, 0.0033268616534769535, 0.0022786948829889297, 0.001729015726596117, 0.0015777616063132882]"
cm-strong,ooc,340,274,255,0,0.5259199738502502,"[255, 213, 185, 244, 8]","[0.5259199738502502, 0.04618816450238228, 0.03566041961312294, 0.03418072685599327, 0.03393527492880821]"
cm-strong,ooc,341,254,208,0,0.06816919893026352,"[208, 850, 242, 172, 356]","[0.06816919893026352, 0.05051833763718605, 0.033839479088783264, 0.030727891251444817, 0.0299935732036829]"
cm-strong,ooc,342,185,226,0,0.24607880413532257,"[226, 187, 192, 193, 200]","[0.24607880413532257, 0.12897278368473053, 0.10285833477973938, 0.08824881166219711, 0.08703429996967316]"
cm-strong,ooc,343,169,12,0,0.3051651120185852,"[12, 16, 80, 94, 13]","[0.3051651120185852, 0.14689816534519196, 0.08879879117012024, 0.045639704912900925, 0.03186216205358505]"
cm-strong,ooc,344,193,193,1,0.15913115441799164,"[193, 192, 226, 187, 255]","[0.15913115441799164, 0.13893559575080872, 0.13583329319953918, 0.07157707214355469, 0.06812380254268646]"
cm-strong,ooc,345,355,896,0,0.17200255393981934,"[896, 315, 564, 708, 598]","[0.17200255393981934, 0.08195853978395462, 0.08051133155822754, 0.05627043545246124, 0.048385340720415115]"
cm-strong,ooc,346,83,396,0,0.3434622883796692,"[396, 83, 99, 360, 566]","[0.3434622883796692, 0.1770188957452774, 0.05061068758368492, 0.03373400494456291, 0.030015576630830765]"
cm-strong,ooc,347,355,355,1,0.22327493131160736,"[355, 275, 196, 374, 231]","[0.22327493131160736, 0.08891509473323822, 0.07398046553134918, 0.03349314257502556, 0.03075702302157879]"
cm-strong,ooc,348,172,443,0,0.06733135879039764,"[443, 725, 64, 162, 385]","[0.06733135879039764, 0.05857783183455467, 0.044491708278656006, 0.036359768360853195, 0.03555241599678993]"
cm-strong,ooc,349,958,958,1,0.23240287601947784,"[958, 721, 806, 863, 727]","[0.23240287601947784, 0.10442344099283218, 0.049171753227710724, 0.04011400789022446, 0.037800081074237823]"
cm-strong,ooc,350,425,425,1,0.26881349086761475,"[425, 460, 525, 716, 839]","[0.26881349086761475, 0.059477515518665314, 0.0413268581032753, 0.025332216173410416, 0.023288952186703682]"
cm-strong,ooc,351,958,958,1,0.8152493834495544,"[958, 209, 338, 337, 249]","[0.8152493834495544, 0.03608796373009682, 0.012747433967888355, 0.007040507160127163, 0.004659094847738743]"
cm-strong,ooc,352,425,501,0,0.07036881893873215,"[501, 675, 721, 448, 569]","[0.07036881893873215, 0.06803157925605774, 0.05782896652817726, 0.04194962978363037, 0.04051575809717178]"
cm-strong,ooc,353,681,807,0,0.10791216045618057,"[807, 792, 835, 143, 421]","[0.10791216045618057, 0.10360140353441238, 0.09427034854888916, 0.03718569874763489, 0.037083808332681656]"
cm-strong,ooc,354,755,985,0,0.9873992204666138,"[985, 325, 879, 806, 658]","[0.9873992204666138, 0.0038749908562749624, 0.0019458773313090205, 0.0013336512492969632, 0.000644068990368396]"
cm-strong,ooc,355,251,251,1,0.3699271082878113,"[251, 212, 211, 198, 246]","[0.3699271082878113, 0.04245656356215477, 0.036731407046318054, 0.03303118422627449, 0.030433684587478638]"
cm-strong,ooc,356,209,262,0,0.0637846514582634,"[262, 271, 220, 276, 274]","[0.0637846514582634, 0.057897187769412994, 0.05568412318825722, 0.05084085091948509, 0.0497441366314888]"
cm-strong,ooc,357,872,921,0,0.11190595477819443,"[921, 787, 524, 583, 461]","[0.11190595477819443, 0.07814272493124008, 0.07650469243526459, 0.05533399432897568, 0.040359724313020706]"
cm-strong,ooc,358,177,205,0,0.209518164396286,"[205, 177, 197, 350, 649]","[0.209518164396286, 0.07509244233369827, 0.04073775187134743, 0.0394103117287159, 0.038733869791030884]"
cm-strong,ooc,359,172,172,1,0.6505110263824463,"[172, 94, 21, 140, 286]","[0.6505110263824463, 0.14336596429347992, 0.05194848030805588, 0.02233988605439663, 0.016211125999689102]"
cm-strong,ooc,360,425,442,0,0.43000292778015137,"[442, 448, 425, 695, 462]","[0.43000292778015137, 0.25924596190452576, 0.0752587541937828, 0.02282840944826603, 0.006960690952837467]"
cm-strong,ooc,361,191,191,1,0.11571088433265686,"[191, 186, 175, 226, 193]","[0.11571088433265686, 0.09948225319385529, 0.06448221206665039, 0.058988749980926514, 0.05718328803777695]"
cm-strong,ooc,362,23,23,1,0.3831787705421448,"[23, 21, 91, 853, 108]","[0.3831787705421448, 0.10679049789905548, 0.04038308560848236, 0.034474484622478485, 0.026545168831944466]"
cm-strong,ooc,363,353,351,0,0.3053874373435974,"[351, 339, 376, 159, 354]","[0.3053874373435974, 0.2427922934293747, 0.041340894997119904, 0.03671136125922203, 0.03287240490317345]"
cm-strong,ooc,364,209,379,0,0.27164334058761597,"[379, 205, 585, 176, 161]","[0.27164334058761597, 0.04334946349263191, 0.03730825334787369, 0.033983081579208374, 0.03371582180261612]"
cm-strong,ooc,365,352,582,0,0.23031312227249146,"[582, 476, 797, 467, 934]","[0.23031312227249146, 0.08073963224887848, 0.07413170486688614, 0.0735100656747818, 0.06510227918624878]"
cm-strong,ooc,366,690,88,0,0.11898200213909149,"[88, 407, 723, 121, 211]","[0.11898200213909149, 0.11753146350383759, 0.08845415711402893, 0.047727201133966446, 0.03667931258678436]"
cm-strong,ooc,367,348,634,0,0.15420904755592346,"[634, 603, 51, 690, 382]","[0.15420904755592346, 0.10239937156438828, 0.07013483345508575, 0.05493367090821266, 0.03961885720491409]"
cm-strong,ooc,368,336,970,0,0.09191915392875671,"[970, 672, 191, 184, 189]","[0.09191915392875671, 0.06838921457529068, 0.05831948295235634, 0.057625968009233475, 0.054121144115924835]"
cm-strong,ooc,369,574,574,1,0.10617579519748688,"[574, 1, 955, 390, 112]","[0.10617579519748688, 0.056363895535469055, 0.05582365021109581, 0.046400539577007294, 0.03812475502490997]"
cm-strong,ooc,370,172,172,1,0.17610645294189453,"[172, 349, 274, 128, 12]","[0.17610645294189453, 0.13581600785255432, 0.10260909050703049, 0.031552474945783615, 0.026810919865965843]"
cm-strong,ooc,371,428,915,0,0.13082800805568695,"[915, 428, 427, 449, 463]","[0.13082800805568695, 0.07633360475301743, 0.05264575779438019, 0.043688658624887466, 0.03150472044944763]"
cm-strong,ooc,372,277,868,0,0.11920087784528732,"[868, 725, 669, 619, 876]","[0.11920087784528732, 0.05533837154507637, 0.03762734681367874, 0.02959759719669819, 0.029530704021453857]"
cm-strong,ooc,373,209,209,1,0.16591906547546387,"[209, 170, 172, 178, 184]","[0.16591906547546387, 0.1627403199672699, 0.15813954174518585, 0.06480546295642853, 0.05913827195763588]"
cm-strong,ooc,374,575,575,1,0.9208968877792358,"[575, 621, 843, 491, 573]","[0.9208968877792358, 0.00882332120090723, 0.006376019213348627, 0.005753122270107269, 0.004130844958126545]"
cm-strong,ooc,375,958,131,0,0.06744909286499023,"[131, 136, 958, 7, 82]","[0.06744909286499023, 0.06362348049879074, 0.05506904050707817, 0.05442826822400093, 0.03808595985174179]"
cm-strong,ooc,376,340,340,1,0.7934305667877197,"[340, 701, 99, 144, 396]","[0.7934305667877197, 0.06844376027584076, 0.013295743614435196, 0.008512076921761036, 0.00764879398047924]"
cm-strong,ooc,377,191,15,0,0.11574427783489227,"[15, 7, 159, 191, 8]","[0.11574427783489227, 0.08230322599411011, 0.07970402389764786, 0.04463803768157959, 0.0444064624607563]"
cm-strong,ooc,378,232,232,1,0.5514413714408875,"[232, 239, 231, 160, 284]","[0.5514413714408875, 0.12770940363407135, 0.11610554158687592, 0.03433729708194733, 0.025727923959493637]"
cm-strong,ooc,379,352,386,0,0.25311461091041565,"[386, 354, 349, 273, 510]","[0.25311461091041565, 0.13898137211799622, 0.04366062209010124, 0.027722980827093124, 0.02304351143538952]"
cm-strong,ooc,380,373,373,1,0.19367478787899017,"[373, 291, 372, 276, 274]","[0.19367478787899017, 0.15850508213043213, 0.07381203025579453, 0.04911573976278305, 0.043897394090890884]"
cm-strong,ooc,381,353,11,0,0.14141854643821716,"[11, 14, 92, 17, 91]","[0.14141854643821716, 0.12632277607917786, 0.11809348315000534, 0.11637411266565323, 0.07995285093784332]"
cm-strong,ooc,382,888,19,0,0.25710049271583557,"[19, 319, 320, 596, 40]","[0.25710049271583557, 0.16716833412647247, 0.11878601461648941, 0.05917208641767502, 0.026965532451868057]"
cm-strong,ooc,383,286,63,0,0.30155032873153687,"[63, 87, 56, 44, 319]","[0.30155032873153687, 0.056279100477695465, 0.0511753112077713, 0.05056783929467201, 0.03262525796890259]"
cm-strong,ooc,384,299,299,1,0.6469323635101318,"[299, 287, 568, 298, 350]","[0.6469323635101318, 0.03958800807595253, 0.02042076736688614, 0.015122490003705025, 0.014718594960868359]"
cm-strong,ooc,385,350,266,0,0.12170436978340149,"[266, 94, 8, 265, 51]","[0.12170436978340149, 0.09084826707839966, 0.07287155836820602, 0.03965900465846062, 0.037458401173353195]"
cm-strong,ooc,386,143,143,1,0.9401381015777588,"[143, 980, 146, 20, 139]","[0.9401381015777588, 0.02089681848883629, 0.011793874204158783, 0.0037896614521741867, 0.002081661019474268]"
cm-strong,ooc,387,336,646,0,0.29923340678215027,"[646, 765, 706, 627, 525]","[0.29923340678215027, 0.25088566541671753, 0.14321793615818024, 0.04761302471160889, 0.02329671010375023]"
cm-strong,ooc,388,353,237,0,0.17603471875190735,"[237, 352, 278, 273, 214]","[0.17603471875190735, 0.09699945151805878, 0.074714794754982, 0.056071940809488297, 0.055895376950502396]"
cm-strong,ooc,389,305,835,0,0.059256136417388916,"[835, 703, 832, 970, 843]","[0.059256136417388916, 0.052810996770858765, 0.03845353052020073, 0.03682365268468857, 0.03505614399909973]"
cm-strong,ooc,390,349,349,1,0.44483497738838196,"[349, 346, 348, 347, 350]","[0.44483497738838196, 0.10482163727283478, 0.10445491224527359, 0.06962471455335617, 0.05149765685200691]"
cm-strong,ooc,391,11,115,0,0.24675123393535614,"[115, 110, 114, 328, 20]","[0.24675123393535614, 0.19482006132602692, 0.06109799072146416, 0.06023887172341347, 0.034102968871593475]"
cm-strong,ooc,392,26,649,0,0.19937455654144287,"[649, 958, 976, 347, 9]","[0.19937455654144287, 0.09808633476495743, 0.07585692405700684, 0.07069874554872513, 0.04070226475596428]"
cm-strong,ooc,393,336,202,0,0.16761241853237152,"[202, 184, 956, 192, 105]","[0.16761241853237152, 0.11575965583324432, 0.07145211100578308, 0.06888614594936371, 0.05983276665210724]"
cm-strong,ooc,394,79,314,0,0.31979984045028687,"[314, 448, 315, 716, 310]","[0.31979984045028687, 0.30450278520584106, 0.05903646722435951, 0.0335124172270298, 0.029153741896152496]"
cm-strong,ooc,395,63,750,0,0.07767327129840851,"[750, 50, 56, 34, 54]","[0.07767327129840851, 0.05651222541928291, 0.05592726543545723, 0.0554020069539547, 0.044284362345933914]"
cm-strong,ooc,396,349,276,0,0.07595733553171158,"[276, 242, 243, 180, 348]","[0.07595733553171158, 0.06497260183095932, 0.039959803223609924, 0.03580356761813164, 0.03347724303603172]"
cm-strong,ooc,397,17,17,1,0.1164383515715599,"[17, 562, 145, 908, 150]","[0.1164383515715599, 0.052579365670681, 0.04558267444372177, 0.02553807571530342, 0.022975480183959007]"
cm-strong,ooc,398,354,294,0,0.1001613512635231,"[294, 336, 140, 48, 350]","[0.1001613512635231, 0.09061077982187271, 0.08093055337667465, 0.05612858012318611, 0.03496970236301422]"
cm-strong,ooc,399,172,286,0,0.12715105712413788,"[286, 275, 269, 172, 349]","[0.12715105712413788, 0.0870414674282074, 0.07396629452705383, 0.049035269767045975, 0.039469413459300995]"
cm-strong,ooc,400,390,666,0,0.4308360815048218,"[666, 390, 55, 458, 596]","[0.4308360815048218, 0.0980038046836853, 0.09519902616739273, 0.061643801629543304, 0.03791568800806999]"
cm-strong,ooc,401,42,843,0,0.11067590117454529,"[843, 703, 562, 235, 428]","[0.11067590117454529, 0.08213545382022858, 0.04275225102901459, 0.02803930640220642, 0.026744632050395012]"
cm-strong,ooc,402,251,289,0,0.26101624965667725,"[289, 991, 251, 293, 947]","[0.26101624965667725, 0.17513009905815125, 0.10424058884382248, 0.09071499109268188, 0.07306081056594849]"
cm-strong,ooc,403,13,246,0,0.15597069263458252,"[246, 245, 170, 176, 209]","[0.15597069263458252, 0.11706189066171646, 0.04089009016752243, 0.038507021963596344, 0.03583407402038574]"
cm-strong,ooc,404,139,139,1,0.9054684042930603,"[139, 976, 972, 140, 23]","[0.9054684042930603, 0.019479582086205482, 0.007884066551923752, 0.004661400802433491, 0.003701047971844673]"
cm-strong,ooc,405,336,291,0,0.11570620536804199,"[291, 287, 296, 270, 269]","[0.11570620536804199, 0.0923704206943512, 0.05647772550582886, 0.050959039479494095, 0.04914381727576256]"
cm-strong,ooc,406,277,938,0,0.5607648491859436,"[938, 935, 937, 956, 263]","[0.5607648491859436, 0.048184849321842194, 0.04541972279548645, 0.029923731461167336, 0.028784317895770073]"
cm-strong,ooc,407,375,150,0,0.11084137111902237,"[150, 603, 221, 345, 169]","[0.11084137111902237, 0.07769890874624252, 0.056773021817207336, 0.041406746953725815, 0.030049877241253853]"
cm-strong,ooc,408,26,994,0,0.14086462557315826,"[994, 12, 37, 27, 26]","[0.14086462557315826, 0.1107918992638588, 0.08021081984043121, 0.07364610582590103, 0.0723787248134613]"
cm-strong,ooc,409,295,224,0,0.2313779592514038,"[224, 295, 327, 223, 239]","[0.2313779592514038, 0.10886361449956894, 0.10076624155044556, 0.03665595129132271, 0.0266816858202219]"
cm-strong,ooc,410,674,835,0,0.19782638549804688,"[835, 471, 315, 319, 313]","[0.19782638549804688, 0.1065642386674881, 0.07944659143686295, 0.059849563986063004, 0.03915731981396675]"
cm-strong,ooc,411,57,140,0,0.15296468138694763,"[140, 58, 134, 755, 139]","[0.15296468138694763, 0.09632817655801773, 0.0885007232427597, 0.064066581428051, 0.0410786010324955]"
cm-strong,ooc,412,59,139,0,0.2240690141916275,"[139, 58, 143, 131, 141]","[0.2240690141916275, 0.13425415754318237, 0.10022181272506714, 0.053888481110334396, 0.04355988651514053]"
cm-strong,ooc,413,357,260,0,0.169508159160614,"[260, 284, 235, 209, 283]","[0.169508159160614, 0.07158122956752777, 0.060634151101112366, 0.051377106457948685, 0.04363234341144562]"
cm-strong,ooc,414,336,255,0,0.14214584231376648,"[255, 170, 294, 243, 160]","[0.14214584231376648, 0.11106409132480621, 0.06220928579568863, 0.04228906333446503, 0.0339629165828228]"
cm-strong,ooc,415,86,430,0,0.9249424338340759,"[430, 429, 981, 890, 752]","[0.9249424338340759, 0.0518106184899807, 0.005671458784490824, 0.0033441511914134026, 0.0011500285472720861]"
cm-strong,ooc,416,62,84,0,0.16095519065856934,"[84, 374, 127, 381, 387]","[0.16095519065856934, 0.0909637063741684, 0.06457778066396713, 0.05735964700579643, 0.048442453145980835]"
cm-strong,ooc,417,677,744,0,0.18062549829483032,"[744, 624, 694, 398, 657]","[0.18062549829483032, 0.15996718406677246, 0.10378466546535492, 0.06269777566194534, 0.036490533500909805]"
cm-strong,ooc,418,387,348,0,0.289186030626297,"[348, 286, 397, 347, 51]","[0.289186030626297, 0.0897742435336113, 0.052412666380405426, 0.049172293394804, 0.04719585180282593]"
cm-strong,ooc,419,85,80,0,0.27829229831695557,"[80, 679, 85, 81, 135]","[0.27829229831695557, 0.20335575938224792, 0.09546548128128052, 0.0484115406870842, 0.04222726821899414]"
cm-strong,ooc,420,544,938,0,0.155271515250206,"[938, 936, 257, 868, 144]","[0.155271515250206, 0.06522686779499054, 0.062084414064884186, 0.06033966317772865, 0.05792952701449394]"
cm-strong,ooc,421,77,616,0,0.04335097223520279,"[616, 313, 319, 989, 377]","[0.04335097223520279, 0.04248480498790741, 0.039487626403570175, 0.037438418716192245, 0.036400191485881805]"
cm-strong,ooc,422,357,128,0,0.1706325113773346,"[128, 649, 143, 177, 205]","[0.1706325113773346, 0.13054120540618896, 0.12275322526693344, 0.04555816203355789, 0.037811897695064545]"
cm-strong,ooc,423,383,383,1,0.933464527130127,"[383, 17, 286, 355, 85]","[0.933464527130127, 0.005934292916208506, 0.004387335851788521, 0.0023358487524092197, 0.0022041203919798136]"
cm-strong,ooc,424,277,255,0,0.4836832582950592,"[255, 244, 253, 159, 376]","[0.4836832582950592, 0.056602008640766144, 0.05214884504675865, 0.04271220043301582, 0.023040516301989555]"
cm-strong,ooc,425,803,517,0,0.3263739347457886,"[517, 866, 595, 625, 803]","[0.3263739347457886, 0.0726594626903534, 0.06829142570495605, 0.058803390711545944, 0.05432328209280968]"
cm-strong,ooc,426,792,557,0,0.43106910586357117,"[557, 792, 483, 970, 795]","[0.43106910586357117, 0.10496999323368073, 0.09649000316858292, 0.054005224257707596, 0.045495785772800446]"
cm-strong,ooc,427,795,548,0,0.17328990995883942,"[548, 624, 598, 831, 480]","[0.17328990995883942, 0.05740280821919441, 0.05148269236087799, 0.03742711991071701, 0.03522636741399765]"
cm-strong,ooc,428,83,83,1,0.8708425164222717,"[83, 282, 87, 8, 110]","[0.8708425164222717, 0.017000146210193634, 0.014656508341431618, 0.010968877002596855, 0.009839389473199844]"
cm-strong,ooc,429,24,94,0,0.3085639178752899,"[94, 12, 16, 14, 18]","[0.3085639178752899, 0.08830223977565765, 0.07528864592313766, 0.04610266536474228, 0.04606500267982483]"
cm-strong,ooc,430,802,119,0,0.30970022082328796,"[119, 328, 616, 25, 327]","[0.30970022082328796, 0.05477706342935562, 0.045621052384376526, 0.04537992179393768, 0.03867387771606445]"
cm-strong,ooc,431,491,110,0,0.25202319025993347,"[110, 396, 115, 58, 329]","[0.25202319025993347, 0.10989140719175339, 0.09302601218223572, 0.07202059030532837, 0.03122131898999214]"
cm-strong,ooc,432,277,272,0,0.3312840163707733,"[272, 397, 269, 286, 271]","[0.3312840163707733, 0.15233680605888367, 0.11465892940759659, 0.02916148491203785, 0.02377372421324253]"
cm-strong,ooc,433,802,764,0,0.15042902529239655,"[764, 879, 784, 421, 971]","[0.15042902529239655, 0.06832712143659592, 0.04626486450433731, 0.040897611528635025, 0.040283139795064926]"
cm-strong,ooc,434,802,670,0,0.435465008020401,"[670, 665, 491, 802, 621]","[0.435465008020401, 0.32651203870773315, 0.17677782475948334, 0.010091635398566723, 0.008604735136032104]"
cm-strong,ooc,435,516,500,0,0.3135969042778015,"[500, 634, 519, 976, 516]","[0.3135969042778015, 0.07863828539848328, 0.06772869825363159, 0.04985466226935387, 0.026110181584954262]"
cm-strong,ooc,436,13,13,1,0.9612933397293091,"[13, 15, 85, 19, 10]","[0.9612933397293091, 0.007966217584908009, 0.005773700773715973, 0.0035038506612181664, 0.0018480888102203608]"
cm-strong,ooc,437,296,296,1,0.6406199336051941,"[296, 270, 258, 257, 202]","[0.6406199336051941, 0.23814712464809418, 0.06517494469881058, 0.008005771785974503, 0.005439837463200092]"
cm-strong,ooc,438,425,425,1,0.7895388603210449,"[425, 497, 780, 405, 682]","[0.7895388603210449, 0.05020933970808983, 0.01956232637166977, 0.014806789346039295, 0.012574691325426102]"
cm-strong,ooc,439,223,143,0,0.20126141607761383,"[143, 347, 18, 224, 405]","[0.20126141607761383, 0.15660716593265533, 0.07356597483158112, 0.06701446324586868, 0.06114353984594345]"
cm-strong,ooc,440,795,908,0,0.10967788845300674,"[908, 549, 870, 18, 443]","[0.10967788845300674, 0.09306767582893372, 0.08937471359968185, 0.054937463253736496, 0.05425572395324707]"
cm-strong,ooc,441,13,525,0,0.10934619605541229,"[525, 355, 99, 225, 291]","[0.10934619605541229, 0.09998006373643875, 0.0734604150056839, 0.05072535574436188, 0.03638897463679314]"
cm-strong,ooc,442,227,349,0,0.16350127756595612,"[349, 237, 6, 213, 350]","[0.16350127756595612, 0.08780727535486221, 0.057599857449531555, 0.05744677782058716, 0.04182228818535805]"
cm-strong,ooc,443,867,803,0,0.06410923600196838,"[803, 660, 412, 595, 569]","[0.06410923600196838, 0.06032191216945648, 0.05551068112254143, 0.049581676721572876, 0.035349421203136444]"
cm-strong,ooc,444,232,250,0,0.17726559937000275,"[250, 239, 232, 231, 248]","[0.17726559937000275, 0.16278816759586334, 0.11317895352840424, 0.06735633313655853, 0.05644106864929199]"
cm-strong,ooc,445,795,472,0,0.0751456469297409,"[472, 144, 112, 428, 344]","[0.0751456469297409, 0.05990453064441681, 0.048714373260736465, 0.04286523535847664, 0.03492264822125435]"
cm-strong,ooc,446,81,338,0,0.17984870076179504,"[338, 727, 144, 356, 701]","[0.17984870076179504, 0.07927055656909943, 0.05588580295443535, 0.039300233125686646, 0.035486165434122086]"
cm-strong,ooc,447,238,842,0,0.26376771926879883,"[842, 934, 112, 529, 838]","[0.26376771926879883, 0.038308076560497284, 0.03290959820151329, 0.030093858018517494, 0.028201010078191757]"
cm-strong,ooc,448,296,296,1,0.840861439704895,"[296, 263, 172, 265, 270]","[0.840861439704895, 0.020076507702469826, 0.014760912396013737, 0.011702942661941051, 0.007202489301562309]"
cm-strong,ooc,449,172,172,1,0.20597214996814728,"[172, 247, 253, 242, 806]","[0.20597214996814728, 0.11769193410873413, 0.08368378132581711, 0.06593941152095795, 0.03645613044500351]"
cm-strong,ooc,450,178,236,0,0.11079888045787811,"[236, 159, 351, 339, 354]","[0.11079888045787811, 0.09506513178348541, 0.0845111683011055, 0.07847876101732254, 0.07648210972547531]"
cm-strong,ooc,451,803,798,0,0.36149659752845764,"[798, 450, 405, 864, 674]","[0.36149659752845764, 0.06638197600841522, 0.05778955668210983, 0.03654633089900017, 0.02773153781890869]"
cm-strong,ooc,452,331,131,0,0.3399674892425537,"[131, 17, 13, 16, 93]","[0.3399674892425537, 0.19439050555229187, 0.13802899420261383, 0.050061970949172974, 0.04116618633270264]"
cm-strong,ooc,453,292,282,0,0.17374490201473236,"[282, 228, 355, 8, 292]","[0.17374490201473236, 0.12636101245880127, 0.1020447164773941, 0.06217692792415619, 0.04717305302619934]"
cm-strong,ooc,454,787,519,0,0.35508573055267334,"[519, 421, 516, 881, 431]","[0.35508573055267334, 0.05175395309925079, 0.04125543311238289, 0.03044544905424118, 0.030357280746102333]"
cm-strong,ooc,455,231,273,0,0.1915215402841568,"[273, 373, 231, 263, 159]","[0.1915215402841568, 0.10496735572814941, 0.0681956484913826, 0.042476262897253036, 0.04246556758880615]"
cm-strong,ooc,456,81,131,0,0.10556307435035706,"[131, 852, 839, 134, 672]","[0.10556307435035706, 0.07767446339130402, 0.0751885175704956, 0.03835129737854004, 0.03772520646452904]"
cm-strong,ooc,457,803,547,0,0.25291797518730164,"[547, 595, 467, 705, 764]","[0.25291797518730164, 0.07761912047863007, 0.04399328678846359, 0.042921267449855804, 0.042196840047836304]"
cm-strong,ooc,458,792,846,0,0.10771101713180542,"[846, 812, 760, 657, 492]","[0.10771101713180542, 0.08637194335460663, 0.06822601705789566, 0.05198686569929123, 0.048023488372564316]"
cm-strong,ooc,459,654,757,0,0.1944492906332016,"[757, 408, 436, 864, 717]","[0.1944492906332016, 0.15809912979602814, 0.11126209050416946, 0.06580439954996109, 0.04894857481122017]"
cm-strong,ooc,460,170,273,0,0.16549800336360931,"[273, 172, 170, 207, 246]","[0.16549800336360931, 0.05518965423107147, 0.05183985084295273, 0.04990879446268082, 0.048447586596012115]"
cm-strong,ooc,461,199,224,0,0.7400871515274048,"[224, 214, 226, 223, 235]","[0.7400871515274048, 0.0567619614303112, 0.054199375212192535, 0.02854350209236145, 0.023816963657736778]"
cm-strong,ooc,462,795,131,0,0.0802488923072815,"[131, 19, 15, 138, 853]","[0.0802488923072815, 0.07292328029870987, 0.05256856605410576, 0.043310895562171936, 0.03937389329075813]"
cm-strong,ooc,463,802,598,0,0.2373218536376953,"[598, 793, 203, 697, 831]","[0.2373218536376953, 0.16607441008090973, 0.060946911573410034, 0.04861479625105858, 0.03764471784234047]"
cm-strong,ooc,464,198,196,0,0.24948535859584808,"[196, 198, 69, 87, 903]","[0.24948535859584808, 0.24253007769584656, 0.15497207641601562, 0.07258936017751694, 0.03049756959080696]"
cm-strong,ooc,465,209,350,0,0.1708361804485321,"[350, 21, 23, 349, 134]","[0.1708361804485321, 0.13882222771644592, 0.1377534568309784, 0.13160884380340576, 0.044752977788448334]"
cm-strong,ooc,466,247,85,0,0.18170346319675446,"[85, 18, 23, 191, 189]","[0.18170346319675446, 0.06625119596719742, 0.040692076086997986, 0.040220338851213455, 0.03632599860429764]"
cm-strong,ooc,467,224,244,0,0.3929196298122406,"[244, 256, 345, 355, 205]","[0.3929196298122406, 0.06834538280963898, 0.06786223500967026, 0.032816171646118164, 0.030673304572701454]"
cm-strong,ooc,468,258,258,1,0.5447316765785217,"[258, 222, 257, 153, 270]","[0.5447316765785217, 0.07839757204055786, 0.07306350022554398, 0.050576888024806976, 0.04502848535776138]"
cm-strong,ooc,469,13,84,0,0.30451613664627075,"[84, 13, 150, 354, 284]","[0.30451613664627075, 0.058215271681547165, 0.053181663155555725, 0.030124666169285774, 0.021975748240947723]"
cm-strong,ooc,470,339,242,0,0.31302592158317566,"[242, 339, 243, 253, 159]","[0.31302592158317566, 0.24944137036800385, 0.1427622139453888, 0.04512496292591095, 0.032630275934934616]"
cm-strong,ooc,471,888,888,1,0.9606560468673706,"[888, 649, 716, 709, 858]","[0.9606560468673706, 0.01705176755785942, 0.00582064688205719, 0.002502457471564412, 0.0018323393305763602]"
cm-strong,ooc,472,258,89,0,0.5395374298095703,"[89, 270, 222, 269, 333]","[0.5395374298095703, 0.23131926357746124, 0.029507102444767952, 0.024311427026987076, 0.020379042252898216]"
cm-strong,ooc,473,792,879,0,0.07064925879240036,"[879, 723, 88, 806, 767]","[0.07064925879240036, 0.05047794431447983, 0.04899108037352562, 0.041354186832904816, 0.03657516464591026]"
cm-strong,ooc,474,792,634,0,0.40035998821258545,"[634, 912, 9, 386, 649]","[0.40035998821258545, 0.14027416706085205, 0.08656567335128784, 0.03840987756848335, 0.028343766927719116]"
cm-strong,ooc,475,346,347,0,0.34279361367225647,"[347, 344, 213, 342, 294]","[0.34279361367225647, 0.10129983723163605, 0.10090674459934235, 0.06690575927495956, 0.03148689866065979]"
cm-strong,ooc,476,671,671,1,0.22828440368175507,"[671, 701, 600, 135, 131]","[0.22828440368175507, 0.07878703624010086, 0.05180993676185608, 0.03702932596206665, 0.035299837589263916]"
cm-strong,ooc,477,724,857,0,0.38140153884887695,"[857, 406, 442, 668, 565]","[0.38140153884887695, 0.2609449625015259, 0.0672326385974884, 0.06138051673769951, 0.023328565061092377]"
cm-strong,ooc,478,394,646,0,0.1320854127407074,"[646, 701, 520, 791, 64]","[0.1320854127407074, 0.04206584393978119, 0.03705048933625221, 0.025780383497476578, 0.02447059564292431]"
cm-strong,ooc,479,672,750,0,0.855313241481781,"[750, 721, 672, 797, 178]","[0.855313241481781, 0.024165112525224686, 0.018541166558861732, 0.01135224848985672, 0.00689780293032527]"
cm-strong,ooc,480,289,282,0,0.20421944558620453,"[282, 67, 82, 276, 292]","[0.20421944558620453, 0.1372637152671814, 0.10492014139890671, 0.08126070350408554, 0.05670488253235817]"
cm-strong,ooc,481,818,466,0,0.2723982036113739,"[466, 920, 475, 851, 756]","[0.2723982036113739, 0.15158958733081818, 0.1264619529247284, 0.04212956875562668, 0.029978591948747635]"
cm-strong,ooc,482,853,363,0,0.09377112239599228,"[363, 356, 338, 824, 23]","[0.09377112239599228, 0.05557909607887268, 0.051211800426244736, 0.044348105788230896, 0.03341009095311165]"
cm-strong,ooc,483,239,232,0,0.4086804687976837,"[232, 239, 238, 240, 231]","[0.4086804687976837, 0.23241274058818817, 0.08830289542675018, 0.0700170025229454, 0.05845839902758598]"
cm-strong,ooc,484,425,642,0,0.2028329223394394,"[642, 579, 687, 624, 425]","[0.2028329223394394, 0.10921873152256012, 0.06515605747699738, 0.06322041153907776, 0.05662427470088005]"
cm-strong,ooc,485,355,181,0,0.10320833325386047,"[181, 965, 261, 961, 267]","[0.10320833325386047, 0.08137299120426178, 0.07065486907958984, 0.044360529631376266, 0.043383654206991196]"
cm-strong,ooc,486,863,863,1,0.34068694710731506,"[863, 454, 442, 637, 424]","[0.34068694710731506, 0.10241781175136566, 0.0933443009853363, 0.06831404566764832, 0.04604505002498627]"
cm-strong,ooc,487,349,500,0,0.49730050563812256,"[500, 22, 472, 141, 140]","[0.49730050563812256, 0.04937461018562317, 0.0360889732837677, 0.03216380253434181, 0.023024871945381165]"
cm-strong,ooc,488,703,718,0,0.1623506098985672,"[718, 565, 975, 888, 460]","[0.1623506098985672, 0.13010363280773163, 0.1240476444363594, 0.08665721118450165, 0.07269346714019775]"
cm-strong,ooc,489,425,425,1,0.8792970180511475,"[425, 497, 663, 449, 698]","[0.8792970180511475, 0.050107691437006, 0.02743188478052616, 0.019323265179991722, 0.005067255813628435]"
cm-strong,ooc,490,795,204,0,0.10274249315261841,"[204, 564, 470, 898, 637]","[0.10274249315261841, 0.0981840044260025, 0.09566128998994827, 0.06922273337841034, 0.042207881808280945]"
cm-strong,ooc,491,690,807,0,0.09607994556427002,"[807, 649, 652, 448, 764]","[0.09607994556427002, 0.06311225146055222, 0.04649866372346878, 0.031898945569992065, 0.031556472182273865]"
cm-strong,ooc,492,672,672,1,0.7892191410064697,"[672, 703, 908, 525, 448]","[0.7892191410064697, 0.015517831780016422, 0.012229378335177898, 0.011662100441753864, 0.011557245627045631]"
cm-strong,ooc,493,671,671,1,0.2822960913181305,"[671, 123, 695, 28, 65]","[0.2822960913181305, 0.08646068722009659, 0.06226098909974098, 0.052898649126291275, 0.03999767825007439]"
cm-strong,ooc,494,81,970,0,0.2338157594203949,"[970, 977, 979, 980, 460]","[0.2338157594203949, 0.10724802315235138, 0.09489359706640244, 0.060072168707847595, 0.03260193020105362]"
cm-strong,ooc,495,733,933,0,0.3573189377784729,"[933, 963, 924, 965, 964]","[0.3573189377784729, 0.22545433044433594, 0.0714258998632431, 0.05278366804122925, 0.029191305860877037]"
cm-strong,ooc,496,672,672,1,0.8782260417938232,"[672, 324, 325, 40, 134]","[0.8782260417938232, 0.02667851932346821, 0.010037880390882492, 0.005948180332779884, 0.004334805533289909]"
cm-strong,ooc,497,795,833,0,0.20603135228157043,"[833, 296, 423, 40, 427]","[0.20603135228157043, 0.10303567349910736, 0.06450046598911285, 0.033690180629491806, 0.03147098422050476]"
cm-strong,ooc,498,663,408,0,0.20399914681911469,"[408, 757, 609, 575, 404]","[0.20399914681911469, 0.1153704822063446, 0.055661391466856, 0.0489666573703289, 0.042849861085414886]"
cm-strong,ooc,499,705,462,0,0.2166445255279541,"[462, 699, 879, 843, 559]","[0.2166445255279541, 0.10182969272136688, 0.04734066128730774, 0.04665603116154671, 0.030530089512467384]"
cm-strong,ooc,500,675,812,0,0.07615984231233597,"[812, 405, 675, 480, 557]","[0.07615984231233597, 0.07230514287948608, 0.060244232416152954, 0.059357140213251114, 0.05432584136724472]"
cm-strong,ooc,501,404,404,1,0.9439195990562439,"[404, 908, 895, 405, 812]","[0.9439195990562439, 0.03517913445830345, 0.009862171486020088, 0.007606867700815201, 0.001423634123057127]"
cm-strong,ooc,502,609,444,0,0.17267218232154846,"[444, 17, 14, 413, 131]","[0.17267218232154846, 0.1474362313747406, 0.05094730854034424, 0.04275550693273544, 0.0357213132083416]"
cm-strong,ooc,503,672,672,1,0.6148484349250793,"[672, 821, 634, 703, 408]","[0.6148484349250793, 0.06721604615449905, 0.05826619267463684, 0.030784813687205315, 0.0144211919978261]"
cm-strong,ooc,504,915,915,1,0.3239596486091614,"[915, 835, 9, 908, 538]","[0.3239596486091614, 0.2664720416069031, 0.02072599157691002, 0.020339960232377052, 0.0201239176094532]"
cm-strong,ooc,505,336,346,0,0.16213956475257874,"[346, 345, 350, 275, 209]","[0.16213956475257874, 0.0771799236536026, 0.054320983588695526, 0.05368679016828537, 0.04927916079759598]"
cm-strong,ooc,506,515,131,0,0.1513490378856659,"[131, 23, 134, 82, 83]","[0.1513490378856659, 0.14683891832828522, 0.11493129283189774, 0.07680404931306839, 0.06336138397455215]"
cm-strong,ooc,507,425,425,1,0.8745315670967102,"[425, 821, 462, 497, 839]","[0.8745315670967102, 0.010671856813132763, 0.00866211112588644, 0.006743074394762516, 0.005174493882805109]"
cm-strong,ooc,508,404,845,0,0.2996479570865631,"[845, 65, 977, 890, 838]","[0.2996479570865631, 0.24554429948329926, 0.12107184529304504, 0.02763180620968342, 0.02390362322330475]"
cm-strong,ooc,509,724,970,0,0.1607772260904312,"[970, 832, 976, 724, 538]","[0.1607772260904312, 0.12982827425003052, 0.07932066172361374, 0.07429907470941544, 0.053475696593523026]"
cm-strong,ooc,510,718,915,0,0.8662959337234497,"[915, 642, 846, 619, 858]","[0.8662959337234497, 0.04121708124876022, 0.015398685820400715, 0.01129942573606968, 0.010483790189027786]"
cm-strong,ooc,511,671,979,0,0.5400893688201904,"[979, 970, 672, 975, 915]","[0.5400893688201904, 0.3186366558074951, 0.028193360194563866, 0.02637823298573494, 0.01757393591105938]"
cm-strong,ooc,512,147,9,0,0.14610712230205536,"[9, 138, 348, 228, 23]","[0.14610712230205536, 0.04958972707390785, 0.0382872074842453, 0.03617770969867706, 0.034343499690294266]"
cm-strong,ooc,513,484,871,0,0.3987721800804138,"[871, 484, 812, 914, 890]","[0.3987721800804138, 0.29785987734794617, 0.048409316688776016, 0.012596620246767998, 0.010669457726180553]"
cm-strong,ooc,514,449,881,0,0.1409205049276352,"[881, 703, 628, 858, 764]","[0.1409205049276352, 0.12529057264328003, 0.12350455671548843, 0.08739329874515533, 0.037243593484163284]"
cm-strong,ooc,515,842,515,0,0.19488190114498138,"[515, 611, 808, 999, 412]","[0.19488190114498138, 0.12654152512550354, 0.11406444013118744, 0.02264777198433876, 0.01897924579679966]"
cm-strong,ooc,516,708,525,0,0.21988411247730255,"[525, 835, 970, 682, 460]","[0.21988411247730255, 0.1488710194826126, 0.10744273662567139, 0.07017069309949875, 0.050999242812395096]"
cm-strong,ooc,517,393,195,0,0.17345434427261353,"[195, 726, 182, 492, 284]","[0.17345434427261353, 0.10896439105272293, 0.08016031235456467, 0.05991123989224434, 0.05485383793711662]"
cm-strong,ooc,518,862,733,0,0.3094213306903839,"[733, 832, 975, 267, 173]","[0.3094213306903839, 0.0607273206114769, 0.04874182119965553, 0.042691655457019806, 0.04193253070116043]"
cm-strong,ooc,519,625,625,1,0.7681841850280762,"[625, 781, 555, 554, 408]","[0.7681841850280762, 0.02598455920815468, 0.022139711305499077, 0.0180378295481205, 0.01786119118332863]"
cm-strong,ooc,520,977,573,0,0.08781908452510834,"[573, 606, 736, 383, 761]","[0.08781908452510834, 0.06339006870985031, 0.052725356072187424, 0.05238523706793785, 0.04985341802239418]"
cm-strong,ooc,521,536,576,0,0.23291753232479095,"[576, 718, 829, 874, 654]","[0.23291753232479095, 0.15415477752685547, 0.12495458871126175, 0.11403989046812057, 0.0574803464114666]"
cm-strong,ooc,522,472,58,0,0.13081559538841248,"[58, 895, 124, 669, 801]","[0.13081559538841248, 0.08417126536369324, 0.062051333487033844, 0.05336716026067734, 0.05130317062139511]"
cm-strong,ooc,523,437,448,0,0.18106333911418915,"[448, 410, 96, 858, 716]","[0.18106333911418915, 0.13021408021450043, 0.05983266979455948, 0.051683176308870316, 0.048628777265548706]"
cm-strong,ooc,524,393,472,0,0.23224328458309174,"[472, 693, 97, 209, 843]","[0.23224328458309174, 0.16518881916999817, 0.07261694222688675, 0.05431842803955078, 0.032538991421461105]"
cm-strong,ooc,525,394,390,0,0.2216305434703827,"[390, 131, 6, 324, 325]","[0.2216305434703827, 0.13124790787696838, 0.12076118588447571, 0.11350134760141373, 0.08633475750684738]"
cm-strong,ooc,526,147,295,0,0.06988560408353806,"[295, 360, 329, 970, 452]","[0.06988560408353806, 0.0543496310710907, 0.04279777780175209, 0.042426709085702896, 0.04197131097316742]"
cm-strong,ooc,527,437,437,1,0.3603004217147827,"[437, 744, 871, 460, 682]","[0.3603004217147827, 0.10883776843547821, 0.08756829053163528, 0.07554749399423599, 0.04967820271849632]"
cm-strong,ooc,528,373,261,0,0.11254537105560303,"[261, 373, 568, 283, 333]","[0.11254537105560303, 0.10935269296169281, 0.05605306103825569, 0.042642757296562195, 0.0382024347782135]"
cm-strong,ooc,529,147,445,0,0.14291055500507355,"[445, 876, 842, 890, 435]","[0.14291055500507355, 0.1371116042137146, 0.05705466866493225, 0.04949338734149933, 0.03681322559714317]"
cm-strong,ooc,530,143,94,0,0.4283829927444458,"[94, 552, 263, 797, 87]","[0.4283829927444458, 0.034384023398160934, 0.032536912709474564, 0.023368293419480324, 0.022876035422086716]"
cm-strong,ooc,531,625,625,1,0.608315110206604,"[625, 595, 779, 408, 517]","[0.608315110206604, 0.07825418561697006, 0.061980001628398895, 0.04508543759584427, 0.02771933190524578]"
cm-strong,ooc,532,833,472,0,0.38574591279029846,"[472, 975, 449, 914, 814]","[0.38574591279029846, 0.07418161630630493, 0.049434367567300797, 0.04874051362276077, 0.04162142425775528]"
cm-strong,ooc,533,403,500,0,0.09070020169019699,"[500, 132, 972, 825, 337]","[0.09070020169019699, 0.051321350038051605, 0.041365403681993484, 0.03797965124249458, 0.032837145030498505]"
cm-strong,ooc,534,914,484,0,0.23438900709152222,"[484, 733, 871, 780, 425]","[0.23438900709152222, 0.08302860707044601, 0.07432081550359726, 0.047430288046598434, 0.04290932044386864]"
cm-strong,ooc,535,484,915,0,0.1894676685333252,"[915, 795, 843, 978, 602]","[0.1894676685333252, 0.08023713529109955, 0.05843391269445419, 0.04675965756177902, 0.03104519098997116]"
cm-strong,ooc,536,148,22,0,0.28012001514434814,"[22, 921, 721, 636, 515]","[0.28012001514434814, 0.1189570277929306, 0.048496756702661514, 0.043916117399930954, 0.03356071189045906]"
cm-strong,ooc,537,554,979,0,0.7676927447319031,"[979, 975, 525, 974, 472]","[0.7676927447319031, 0.11297570168972015, 0.027215875685214996, 0.013852564617991447, 0.006000780500471592]"
cm-strong,ooc,538,814,814,1,0.2861725091934204,"[814, 408, 625, 576, 145]","[0.2861725091934204, 0.2575642168521881, 0.10334447026252747, 0.08713795244693756, 0.033765941858291626]"
cm-strong,ooc,539,983,525,0,0.07746540009975433,"[525, 972, 976, 84, 962]","[0.07746540009975433, 0.0611792728304863, 0.06043152138590813, 0.059243544936180115, 0.055175621062517166]"
cm-strong,ooc,540,267,979,0,0.06414075940847397,"[979, 291, 181, 346, 189]","[0.06414075940847397, 0.054717399179935455, 0.05141381174325943, 0.04906145855784416, 0.04508384317159653]"
cm-strong,ooc,541,625,491,0,0.35429778695106506,"[491, 751, 408, 866, 573]","[0.35429778695106506, 0.09820299595594406, 0.061770565807819366, 0.05996014177799225, 0.047525376081466675]"
cm-strong,ooc,542,554,881,0,0.5779063105583191,"[881, 483, 687, 519, 493]","[0.5779063105583191, 0.07130002975463867, 0.033796317875385284, 0.02600286900997162, 0.01739378459751606]"
cm-strong,ooc,543,554,718,0,0.8196755051612854,"[718, 460, 628, 703, 510]","[0.8196755051612854, 0.04189961776137352, 0.025729967281222343, 0.018447766080498695, 0.011756300926208496]"
cm-strong,ooc,544,554,755,0,0.23307691514492035,"[755, 517, 908, 807, 839]","[0.23307691514492035, 0.18544219434261322, 0.1113443449139595, 0.07467261701822281, 0.06792809814214706]"
cm-strong,ooc,545,625,625,1,0.9898199439048767,"[625, 510, 628, 554, 814]","[0.9898199439048767, 0.003470024559646845, 0.0020870056468993425, 0.0018179365433752537, 0.00036788120632991195]"
cm-strong,ooc,546,437,425,0,0.6335467100143433,"[425, 525, 853, 888, 386]","[0.6335467100143433, 0.03148416057229042, 0.029526496306061745, 0.024505630135536194, 0.023610206320881844]"
cm-strong,ooc,547,146,410,0,0.21818247437477112,"[410, 792, 738, 549, 8]","[0.21818247437477112, 0.052188750356435776, 0.029276186600327492, 0.02714155800640583, 0.02609867975115776]"
cm-strong,ooc,548,625,694,0,0.19883853197097778,"[694, 625, 449, 517, 779]","[0.19883853197097778, 0.1890692412853241, 0.1706847846508026, 0.14931710064411163, 0.03118671476840973]"
cm-strong,ooc,549,148,730,0,0.24368911981582642,"[730, 847, 970, 395, 506]","[0.24368911981582642, 0.07719320058822632, 0.06660504639148712, 0.0660470649600029, 0.05042625963687897]"
cm-strong,ooc,550,914,871,0,0.7126807570457458,"[871, 914, 449, 557, 484]","[0.7126807570457458, 0.17767828702926636, 0.018733566626906395, 0.012706929817795753, 0.008194656111299992]"
cm-strong,ooc,551,484,557,0,0.25669756531715393,"[557, 476, 914, 625, 484]","[0.25669756531715393, 0.12251629680395126, 0.06415487080812454, 0.03688298538327217, 0.031458184123039246]"
cm-strong,ooc,552,484,258,0,0.1688905656337738,"[258, 250, 843, 462, 257]","[0.1688905656337738, 0.056002069264650345, 0.04212332144379616, 0.04109465330839157, 0.03246137872338295]"
cm-strong,ooc,553,115,427,0,0.12916705012321472,"[427, 112, 1, 637, 310]","[0.12916705012321472, 0.05254483222961426, 0.03797268494963646, 0.03607241436839104, 0.025130340829491615]"
cm-strong,ooc,554,775,775,1,0.11346768587827682,"[775, 805, 652, 225, 236]","[0.11346768587827682, 0.08113401383161545, 0.07294860482215881, 0.06439435482025146, 0.054180361330509186]"
cm-strong,ooc,555,115,115,1,0.15013208985328674,"[115, 980, 544, 329, 469]","[0.15013208985328674, 0.1212579607963562, 0.06836912035942078, 0.04322173818945885, 0.03900855779647827]"
cm-strong,ooc,556,484,780,0,0.6531118750572205,"[780, 871, 914, 484, 682]","[0.6531118750572205, 0.18943430483341217, 0.09498195350170135, 0.033520761877298355, 0.013296215794980526]"
cm-strong,ooc,557,4,974,0,0.21880373358726501,"[974, 970, 913, 983, 483]","[0.21880373358726501, 0.08781902492046356, 0.06407255679368973, 0.059725042432546616, 0.057719361037015915]"
cm-strong,ooc,558,983,983,1,0.9106236100196838,"[983, 701, 417, 448, 920]","[0.9106236100196838, 0.019251041114330292, 0.015562159940600395, 0.008035465143620968, 0.006398841738700867]"
cm-strong,ooc,559,842,738,0,0.43483901023864746,"[738, 843, 184, 182, 84]","[0.43483901023864746, 0.10902538895606995, 0.07364106178283691, 0.029179470613598824, 0.025914806872606277]"
cm-strong,ooc,560,115,398,0,0.18370193243026733,"[398, 502, 775, 767, 411]","[0.18370193243026733, 0.09060534834861755, 0.07522235065698624, 0.04578113555908203, 0.04035411402583122]"
cm-strong,ooc,561,391,355,0,0.12246757745742798,"[355, 412, 250, 391, 863]","[0.12246757745742798, 0.08048288524150848, 0.06837011128664017, 0.06749770045280457, 0.045137856155633926]"
cm-strong,ooc,562,123,124,0,0.21290801465511322,"[124, 37, 119, 125, 79]","[0.21290801465511322, 0.07456132769584656, 0.06752552837133408, 0.047926899045705795, 0.037742212414741516]"
cm-strong,ooc,563,253,253,1,0.3733214735984802,"[253, 172, 161, 264, 173]","[0.3733214735984802, 0.24274243414402008, 0.10259342193603516, 0.06121087446808815, 0.047141898423433304]"
cm-strong,ooc,564,484,657,0,0.2840254604816437,"[657, 744, 895, 870, 702]","[0.2840254604816437, 0.0838606134057045, 0.04495752975344658, 0.04054735600948334, 0.033466886729002]"
cm-strong,ooc,565,437,374,0,0.1602969467639923,"[374, 611, 721, 614, 756]","[0.1602969467639923, 0.12262038141489029, 0.1015486940741539, 0.03503946214914322, 0.02564944326877594]"
cm-strong,ooc,566,148,843,0,0.3536311984062195,"[843, 583, 792, 756, 731]","[0.3536311984062195, 0.07342178374528885, 0.05650043487548828, 0.05441838502883911, 0.035403765738010406]"
cm-strong,ooc,567,147,412,0,0.1481778621673584,"[412, 894, 427, 881, 695]","[0.1481778621673584, 0.11561748385429382, 0.0915275365114212, 0.06627359986305237, 0.05175225809216499]"
cm-strong,ooc,568,148,510,0,0.4536631405353546,"[510, 408, 781, 554, 688]","[0.4536631405353546, 0.14668753743171692, 0.05001288279891014, 0.03719049319624901, 0.022488398477435112]"
cm-strong,ooc,569,608,84,0,0.14714695513248444,"[84, 693, 703, 972, 472]","[0.14714695513248444, 0.06703227013349533, 0.04214777797460556, 0.04032034054398537, 0.025031398981809616]"
cm-strong,ooc,570,62,975,0,0.15286032855510712,"[975, 327, 146, 100, 973]","[0.15286032855510712, 0.11387144029140472, 0.07824903726577759, 0.059326399117708206, 0.05143926665186882]"
cm-strong,ooc,571,972,82,0,0.33073678612709045,"[82, 328, 86, 23, 50]","[0.33073678612709045, 0.1039440855383873, 0.0815952867269516, 0.06411673873662949, 0.04759649187326431]"
cm-strong,ooc,572,139,835,0,0.11989893019199371,"[835, 467, 415, 558, 88]","[0.11989893019199371, 0.11806540191173553, 0.08656998723745346, 0.05971383675932884, 0.042499735951423645]"
cm-strong,ooc,573,354,354,1,0.12104380875825882,"[354, 212, 345, 160, 529]","[0.12104380875825882, 0.07766658067703247, 0.07484980672597885, 0.06303845345973969, 0.050220977514982224]"
cm-strong,ooc,574,140,500,0,0.12312381714582443,"[500, 750, 721, 682, 395]","[0.12312381714582443, 0.10991120338439941, 0.0505249984562397, 0.047927480190992355, 0.04451894015073776]"
cm-strong,ooc,575,437,721,0,0.39217495918273926,"[721, 697, 520, 431, 794]","[0.39217495918273926, 0.0825737789273262, 0.07061232626438141, 0.04893295839428902, 0.046475935727357864]"
cm-strong,ooc,576,529,908,0,0.06079579144716263,"[908, 436, 981, 634, 817]","[0.06079579144716263, 0.05844053998589516, 0.050522804260253906, 0.04251416400074959, 0.03874506428837776]"
cm-strong,ooc,577,66,992,0,0.19404706358909607,"[992, 997, 947, 912, 637]","[0.19404706358909607, 0.0920042172074318, 0.06513472646474838, 0.06294143944978714, 0.04267576336860657]"
cm-strong,ooc,578,511,817,0,0.11159870028495789,"[817, 87, 882, 511, 751]","[0.11159870028495789, 0.10230211913585663, 0.07706146687269211, 0.0487171933054924, 0.044214293360710144]"
cm-strong,ooc,579,376,209,0,0.13716217875480652,"[209, 182, 178, 162, 211]","[0.13716217875480652, 0.10823726654052734, 0.1065734326839447, 0.047790754586458206, 0.034514665603637695]"
cm-strong,ooc,580,404,489,0,0.10556618124246597,"[489, 858, 744, 657, 634]","[0.10556618124246597, 0.1042955070734024, 0.0967010110616684, 0.05955895408987999, 0.052881669253110886]"
cm-strong,ooc,581,207,207,1,0.37373974919319153,"[207, 255, 291, 209, 296]","[0.37373974919319153, 0.057091888040304184, 0.052981387823820114, 0.03352276608347893, 0.03184064105153084]"
cm-strong,ooc,582,33,322,0,0.6159394383430481,"[322, 90, 997, 46, 947]","[0.6159394383430481, 0.08963452279567719, 0.037217527627944946, 0.025794999673962593, 0.021500302478671074]"
cm-strong,ooc,583,34,764,0,0.25062522292137146,"[764, 693, 563, 616, 777]","[0.25062522292137146, 0.05446099862456322, 0.045031752437353134, 0.03564489632844925, 0.035436686128377914]"
cm-strong,ooc,584,112,963,0,0.1645992398262024,"[963, 965, 112, 962, 766]","[0.1645992398262024, 0.1614171415567398, 0.09359604120254517, 0.08206038922071457, 0.04967090114951134]"
cm-strong,ooc,585,792,87,0,0.09257051348686218,"[87, 58, 908, 21, 6]","[0.09257051348686218, 0.07318078726530075, 0.07123477756977081, 0.06698579341173172, 0.03859568387269974]"
cm-strong,ooc,586,172,161,0,0.15932899713516235,"[161, 339, 172, 215, 88]","[0.15932899713516235, 0.08153211325407028, 0.06066705659031868, 0.04786429554224014, 0.042824313044548035]"
cm-strong,ooc,587,222,562,0,0.28068074584007263,"[562, 682, 576, 708, 525]","[0.28068074584007263, 0.2623975872993469, 0.06826724112033844, 0.03994453325867653, 0.019817642867565155]"
cm-strong,ooc,588,140,679,0,0.13500668108463287,"[679, 78, 308, 81, 310]","[0.13500668108463287, 0.10081693530082703, 0.0576404333114624, 0.04813816398382187, 0.033314358443021774]"
cm-strong,ooc,589,218,256,0,0.7201936841011047,"[256, 244, 243, 233, 217]","[0.7201936841011047, 0.06223393231630325, 0.030585162341594696, 0.023345157504081726, 0.01005488634109497]"
cm-strong,ooc,590,459,858,0,0.1531640738248825,"[858, 743, 519, 424, 932]","[0.1531640738248825, 0.10637449473142624, 0.09137719124555588, 0.08076724410057068, 0.05352131649851799]"
cm-strong,ooc,591,112,129,0,0.16000498831272125,"[129, 351, 139, 112, 345]","[0.16000498831272125, 0.09267561137676239, 0.04243013262748718, 0.0382695309817791, 0.037087518721818924]"
cm-strong,ooc,592,609,509,0,0.36657148599624634,"[509, 448, 865, 582, 467]","[0.36657148599624634, 0.18060074746608734, 0.0417848601937294, 0.027092035859823227, 0.026819517835974693]"
cm-strong,ooc,593,247,212,0,0.3644448518753052,"[212, 338, 105, 229, 175]","[0.3644448518753052, 0.07508690655231476, 0.06235469877719879, 0.061712224036455154, 0.03202623128890991]"
cm-strong,ooc,594,354,243,0,0.2739986777305603,"[243, 163, 255, 220, 271]","[0.2739986777305603, 0.05586180463433266, 0.046236224472522736, 0.04369303584098816, 0.04002613574266434]"
cm-strong,ooc,595,842,854,0,0.1431327760219574,"[854, 796, 726, 721, 701]","[0.1431327760219574, 0.10214781761169434, 0.09716098010540009, 0.07166729122400284, 0.05368303135037422]"
cm-strong,ooc,596,232,21,0,0.11736588180065155,"[21, 269, 19, 128, 93]","[0.11736588180065155, 0.07950177788734436, 0.05848133936524391, 0.04583219066262245, 0.0447964146733284]"
cm-strong,ooc,597,437,534,0,0.4428139925003052,"[534, 492, 553, 421, 799]","[0.4428139925003052, 0.06848949939012527, 0.05852404236793518, 0.049165766686201096, 0.02358427830040455]"
cm-strong,ooc,598,386,386,1,0.17821310460567474,"[386, 385, 51, 191, 23]","[0.17821310460567474, 0.10350247472524643, 0.09774161875247955, 0.0479532890021801, 0.03499118611216545]"
cm-strong,ooc,599,145,169,0,0.07066952437162399,"[169, 771, 89, 11, 434]","[0.07066952437162399, 0.048829540610313416, 0.04818933084607124, 0.03639199212193489, 0.03357208892703056]"
cm-strong,ooc,600,193,191,0,0.21983790397644043,"[191, 175, 235, 261, 220]","[0.21983790397644043, 0.1412283331155777, 0.12733134627342224, 0.06699570268392563, 0.040177278220653534]"
cm-strong,ooc,601,79,372,0,0.05428493767976761,"[372, 374, 726, 777, 237]","[0.05428493767976761, 0.05023423954844475, 0.02418992854654789, 0.0181534793227911, 0.01809724047780037]"
cm-strong,ooc,602,139,462,0,0.21655164659023285,"[462, 738, 139, 703, 8]","[0.21655164659023285, 0.1434478461742401, 0.13668909668922424, 0.03370692953467369, 0.027008743956685066]"
cm-strong,ooc,603,814,832,0,0.18469423055648804,"[832, 915, 2, 81, 404]","[0.18469423055648804, 0.08542231470346451, 0.05694662779569626, 0.043007347732782364, 0.030986588448286057]"
cm-strong,ooc,604,765,730,0,0.17153505980968475,"[730, 677, 19, 583, 311]","[0.17153505980968475, 0.05684492737054825, 0.047811150550842285, 0.0419795885682106, 0.04144155606627464]"
cm-strong,ooc,605,677,562,0,0.09502460062503815,"[562, 133, 972, 134, 136]","[0.09502460062503815, 0.08739370107650757, 0.07933434098958969, 0.07283583283424377, 0.06055977940559387]"
cm-strong,ooc,606,792,489,0,0.3238426148891449,"[489, 462, 703, 792, 839]","[0.3238426148891449, 0.06742507964372635, 0.06487865746021271, 0.048760443925857544, 0.04179927706718445]"
cm-strong,ooc,607,652,972,0,0.7592827081680298,"[972, 649, 775, 136, 197]","[0.7592827081680298, 0.03850282356142998, 0.01438081357628107, 0.013328025117516518, 0.012306004762649536]"
cm-strong,ooc,608,707,339,0,0.29931196570396423,"[339, 858, 225, 467, 211]","[0.29931196570396423, 0.09515992552042007, 0.0862712487578392, 0.04541807249188423, 0.03149668499827385]"
cm-strong,ooc,609,863,863,1,0.9792987108230591,"[863, 652, 23, 69, 9]","[0.9792987108230591, 0.004022396169602871, 0.002706859726458788, 0.001585840480402112, 0.0010095089673995972]"
cm-strong,ooc,610,670,954,0,0.15313686430454254,"[954, 697, 434, 693, 496]","[0.15313686430454254, 0.10952247679233551, 0.0485864020884037, 0.04055800288915634, 0.036286089569330215]"
cm-strong,ooc,611,439,420,0,0.26689186692237854,"[420, 748, 975, 471, 546]","[0.26689186692237854, 0.02971622720360756, 0.029179854318499565, 0.026904849335551262, 0.024006526917219162]"
cm-strong,ooc,612,355,102,0,0.07113810628652573,"[102, 452, 735, 347, 23]","[0.07113810628652573, 0.05868334323167801, 0.058469608426094055, 0.05396530032157898, 0.03603366017341614]"
cm-strong,ooc,613,319,989,0,0.14122506976127625,"[989, 59, 988, 124, 313]","[0.14122506976127625, 0.11560096591711044, 0.08819729834794998, 0.04790569096803665, 0.03624342381954193]"
cm-strong,ooc,614,778,428,0,0.22164054214954376,"[428, 410, 695, 519, 583]","[0.22164054214954376, 0.0716426819562912, 0.06417211890220642, 0.06087632477283478, 0.059469591826200485]"
cm-strong,ooc,615,958,45,0,0.28450286388397217,"[45, 44, 67, 54, 58]","[0.28450286388397217, 0.07079567760229111, 0.056700851768255234, 0.04233761504292488, 0.03646285831928253]"
cm-strong,ooc,616,879,706,0,0.26155778765678406,"[706, 753, 492, 532, 646]","[0.26155778765678406, 0.16045407950878143, 0.060251474380493164, 0.052161507308483124, 0.05153739079833031]"
cm-strong,ooc,617,70,131,0,0.1193135604262352,"[131, 13, 313, 456, 134]","[0.1193135604262352, 0.07382047921419144, 0.06198075786232948, 0.05858803167939186, 0.055218953639268875]"
cm-strong,ooc,618,471,544,0,0.11411011964082718,"[544, 84, 35, 522, 9]","[0.11411011964082718, 0.08075949549674988, 0.06744707375764847, 0.04887000843882561, 0.030530765652656555]"
cm-strong,ooc,619,583,839,0,0.15995559096336365,"[839, 583, 912, 634, 724]","[0.15995559096336365, 0.11066155880689621, 0.0795208141207695, 0.04945831000804901, 0.04763009026646614]"
cm-strong,ooc,620,792,649,0,0.3826172649860382,"[649, 192, 792, 502, 596]","[0.3826172649860382, 0.07534435391426086, 0.057312268763780594, 0.028376447036862373, 0.012155040167272091]"
cm-strong,ooc,621,583,637,0,0.20514015853405,"[637, 583, 339, 835, 706]","[0.20514015853405, 0.10314623266458511, 0.10306275635957718, 0.09229503571987152, 0.03564441204071045]"
cm-strong,ooc,622,7,8,0,0.8757277727127075,"[8, 7, 87, 534, 213]","[0.8757277727127075, 0.042825955897569656, 0.014589541591703892, 0.006794809829443693, 0.004826446529477835]"
cm-strong,ooc,623,86,858,0,0.362400084733963,"[858, 40, 905, 19, 71]","[0.362400084733963, 0.09863637387752533, 0.06666292250156403, 0.05697806924581528, 0.03691340610384941]"
cm-strong,ooc,624,919,919,1,0.31901705265045166,"[919, 921, 405, 429, 659]","[0.31901705265045166, 0.17827950417995453, 0.10801057517528534, 0.03195077180862427, 0.02777831256389618]"
cm-strong,ooc,625,539,532,0,0.44571635127067566,"[532, 191, 594, 425, 642]","[0.44571635127067566, 0.06033001467585564, 0.05096537992358208, 0.04646681621670723, 0.03261849284172058]"
cm-strong,ooc,626,287,282,0,0.15081308782100677,"[282, 285, 209, 274, 272]","[0.15081308782100677, 0.13494530320167542, 0.08783947676420212, 0.061594318598508835, 0.05501096323132515]"
cm-strong,ooc,627,471,595,0,0.881782054901123,"[595, 143, 744, 981, 89]","[0.881782054901123, 0.010900492779910564, 0.008449588902294636, 0.007988344877958298, 0.007988299243152142]"
cm-strong,ooc,628,513,764,0,0.20647968351840973,"[764, 912, 693, 671, 763]","[0.20647968351840973, 0.13458266854286194, 0.06080787628889084, 0.040145888924598694, 0.03973975405097008]"
cm-strong,ooc,629,679,30,0,0.6772536039352417,"[30, 7, 139, 26, 517]","[0.6772536039352417, 0.035369325429201126, 0.018440498039126396, 0.018155990168452263, 0.015794925391674042]"
cm-strong,ooc,630,426,426,1,0.6499306559562683,"[426, 778, 787, 635, 172]","[0.6499306559562683, 0.21053947508335114, 0.00920485146343708, 0.008789410814642906, 0.007254504598677158]"
cm-strong,ooc,631,583,9,0,0.5743109583854675,"[9, 583, 733, 519, 835]","[0.5743109583854675, 0.3944171071052551, 0.010101373307406902, 0.00401426013559103, 0.0017906510038301349]"
cm-strong,ooc,632,637,637,1,0.6964682936668396,"[637, 553, 721, 840, 748]","[0.6964682936668396, 0.1421246975660324, 0.022622477263212204, 0.016198083758354187, 0.012803916819393635]"
cm-strong,ooc,633,571,571,1,0.444503515958786,"[571, 458, 637, 704, 707]","[0.444503515958786, 0.18933585286140442, 0.161036416888237, 0.0690600648522377, 0.01628948003053665]"
cm-strong,ooc,634,737,737,1,0.19503451883792877,"[737, 440, 517, 705, 900]","[0.19503451883792877, 0.18069113790988922, 0.10541833192110062, 0.0470486581325531, 0.04354984685778618]"
cm-strong,ooc,635,463,441,0,0.17284728586673737,"[441, 899, 725, 427, 469]","[0.17284728586673737, 0.11406392604112625, 0.10485997796058655, 0.06681254506111145, 0.053356628865003586]"
cm-strong,ooc,636,520,516,0,0.11294146627187729,"[516, 727, 520, 716, 821]","[0.11294146627187729, 0.10128922760486603, 0.0843939259648323, 0.07849398255348206, 0.05534994974732399]"
cm-strong,ooc,637,458,458,1,0.7298786640167236,"[458, 921, 922, 685, 565]","[0.7298786640167236, 0.08432497829198837, 0.05954582244157791, 0.009954732842743397, 0.008033206686377525]"
cm-strong,ooc,638,427,85,0,0.06807340681552887,"[85, 868, 659, 518, 828]","[0.06807340681552887, 0.05954883247613907, 0.03718530759215355, 0.03293882682919502, 0.03023742511868477]"
cm-strong,ooc,639,651,907,0,0.08988603949546814,"[907, 620, 703, 742, 598]","[0.08988603949546814, 0.06957025825977325, 0.06766937673091888, 0.06346143782138824, 0.05127137526869774]"
cm-strong,ooc,640,846,895,0,0.20728880167007446,"[895, 425, 405, 562, 727]","[0.20728880167007446, 0.05745069310069084, 0.057256847620010376, 0.045843057334423065, 0.04211464151740074]"
cm-strong,ooc,641,896,896,1,0.3262999355792999,"[896, 914, 876, 814, 895]","[0.3262999355792999, 0.20483028888702393, 0.04592454433441162, 0.03094971925020218, 0.022136863321065903]"
cm-strong,ooc,642,45,45,1,0.06028512865304947,"[45, 178, 338, 282, 254]","[0.06028512865304947, 0.041404545307159424, 0.037320032715797424, 0.03626316040754318, 0.03305944800376892]"
cm-strong,ooc,643,444,787,0,0.15138547122478485,"[787, 671, 488, 13, 661]","[0.15138547122478485, 0.07313711941242218, 0.06694276630878448, 0.06195245310664177, 0.05167413502931595]"
cm-strong,ooc,644,224,224,1,0.6157790422439575,"[224, 256, 244, 214, 205]","[0.6157790422439575, 0.21912704408168793, 0.07383962720632553, 0.01670081913471222, 0.013033916242420673]"
cm-strong,ooc,645,738,466,0,0.48287150263786316,"[466, 705, 547, 829, 627]","[0.48287150263786316, 0.12650823593139648, 0.06725667417049408, 0.030873268842697144, 0.02720399759709835]"
cm-strong,ooc,646,495,904,0,0.34761080145835876,"[904, 799, 583, 495, 556]","[0.34761080145835876, 0.3244653046131134, 0.09033030271530151, 0.07498707622289658, 0.040361009538173676]"
cm-strong,ooc,647,354,249,0,0.08038543909788132,"[249, 182, 235, 374, 231]","[0.08038543909788132, 0.07978886365890503, 0.04681584611535072, 0.04437832161784172, 0.042084045708179474]"
cm-strong,ooc,648,315,645,0,0.09779031574726105,"[645, 46, 448, 313, 428]","[0.09779031574726105, 0.0873517394065857, 0.0760507807135582, 0.05836747959256172, 0.04125857725739479]"
cm-strong,ooc,649,728,403,0,0.14698199927806854,"[403, 977, 703, 975, 296]","[0.14698199927806854, 0.06759253889322281, 0.06696747243404388, 0.060919150710105896, 0.051315631717443466]"
cm-strong,ooc,650,715,781,0,0.5887938141822815,"[781, 510, 698, 821, 888]","[0.5887938141822815, 0.3087782859802246, 0.04391159862279892, 0.009447379969060421, 0.005893297027796507]"
cm-strong,ooc,651,284,284,1,0.9203433990478516,"[284, 225, 227, 268, 208]","[0.9203433990478516, 0.009478969499468803, 0.007959182374179363, 0.0040674638003110886, 0.002964742947369814]"
cm-strong,ooc,652,295,295,1,0.4915564954280853,"[295, 256, 337, 357, 224]","[0.4915564954280853, 0.10944327712059021, 0.09969228506088257, 0.040946848690509796, 0.024836087599396706]"
cm-strong,ooc,653,471,178,0,0.06828626990318298,"[178, 889, 652, 740, 841]","[0.06828626990318298, 0.05220413580536842, 0.046969231218099594, 0.039267152547836304, 0.03525352105498314]"
cm-strong,ooc,654,665,665,1,0.7924926280975342,"[665, 671, 581, 880, 535]","[0.7924926280975342, 0.07719814032316208, 0.01647849567234516, 0.010985307395458221, 0.00882553681731224]"
cm-strong,ooc,655,217,214,0,0.21956302225589752,"[214, 217, 239, 212, 219]","[0.21956302225589752, 0.12892644107341766, 0.12247684597969055, 0.09321270883083344, 0.0586036816239357]"
cm-strong,ooc,656,775,775,1,0.26911038160324097,"[775, 735, 728, 824, 90]","[0.26911038160324097, 0.11095216125249863, 0.062257520854473114, 0.04504909738898277, 0.044861871749162674]"
cm-strong,ooc,657,143,537,0,0.23165759444236755,"[537, 694, 843, 131, 634]","[0.23165759444236755, 0.08733978122472763, 0.08000312745571136, 0.03009486198425293, 0.02636805549263954]"
cm-strong,ooc,658,806,788,0,0.21307186782360077,"[788, 834, 514, 401, 576]","[0.21307186782360077, 0.021432021632790565, 0.021319523453712463, 0.021183451637625694, 0.020294304937124252]"
cm-strong,ooc,659,171,171,1,0.5012798309326172,"[171, 178, 172, 208, 180]","[0.5012798309326172, 0.18316680192947388, 0.1030677855014801, 0.05357370898127556, 0.03404846042394638]"
cm-strong,ooc,660,637,637,1,0.664391040802002,"[637, 412, 492, 448, 838]","[0.664391040802002, 0.07580310851335526, 0.0560326911509037, 0.02140120044350624, 0.02050228789448738]"
cm-strong,ooc,661,875,880,0,0.4109911024570465,"[880, 870, 704, 670, 665]","[0.4109911024570465, 0.10006304085254669, 0.06138855963945389, 0.04977806285023689, 0.048907484859228134]"
cm-strong,ooc,662,614,614,1,0.8631071448326111,"[614, 448, 775, 652, 411]","[0.8631071448326111, 0.0865096002817154, 0.024205628782510757, 0.0035079887602478266, 0.001970023615285754]"
cm-strong,ooc,663,185,255,0,0.15748843550682068,"[255, 184, 186, 185, 343]","[0.15748843550682068, 0.15216906368732452, 0.06817536056041718, 0.06153183430433273, 0.04775534197688103]"
cm-strong,ooc,664,583,583,1,0.5603408217430115,"[583, 792, 839, 853, 657]","[0.5603408217430115, 0.10269232094287872, 0.03997926041483879, 0.033068954944610596, 0.025181632488965988]"
cm-strong,ooc,665,674,975,0,0.32629865407943726,"[975, 472, 456, 573, 977]","[0.32629865407943726, 0.14983730018138885, 0.04134531319141388, 0.023720955476164818, 0.023652950301766396]"
cm-strong,ooc,666,198,177,0,0.31878364086151123,"[177, 170, 256, 364, 192]","[0.31878364086151123, 0.23163136839866638, 0.05962177738547325, 0.029808741062879562, 0.02646656520664692]"
cm-strong,ooc,667,571,571,1,0.2923302948474884,"[571, 772, 746, 596, 674]","[0.2923302948474884, 0.10316049307584763, 0.0661432147026062, 0.06262301653623581, 0.029278701171278954]"
cm-strong,ooc,668,870,502,0,0.23967939615249634,"[502, 870, 665, 693, 544]","[0.23967939615249634, 0.06863288581371307, 0.055986784398555756, 0.04625881835818291, 0.04472284018993378]"
cm-strong,ooc,669,614,520,0,0.15517939627170563,"[520, 614, 410, 411, 529]","[0.15517939627170563, 0.09534075856208801, 0.08728250861167908, 0.08614230901002884, 0.0803685337305069]"
cm-strong,ooc,670,822,672,0,0.2841429114341736,"[672, 525, 853, 879, 129]","[0.2841429114341736, 0.25034281611442566, 0.12337904423475266, 0.029855789616703987, 0.028961990028619766]"
cm-strong,ooc,671,216,219,0,0.18602050840854645,"[219, 220, 216, 377, 175]","[0.18602050840854645, 0.15865296125411987, 0.05661182478070259, 0.05502165108919144, 0.04560098424553871]"
cm-strong,ooc,672,209,184,0,0.2854051887989044,"[184, 209, 202, 186, 213]","[0.2854051887989044, 0.15102232992649078, 0.09411969780921936, 0.06866075098514557, 0.05033028870820999]"
cm-strong,ooc,673,775,399,0,0.37246111035346985,"[399, 981, 840, 460, 808]","[0.37246111035346985, 0.09730296581983566, 0.04798327758908272, 0.036471594125032425, 0.03624331206083298]"
cm-strong,ooc,674,559,537,0,0.1739431768655777,"[537, 510, 795, 913, 677]","[0.1739431768655777, 0.06812731921672821, 0.0313502736389637, 0.029502270743250847, 0.02797028049826622]"
cm-strong,ooc,675,830,491,0,0.23634982109069824,"[491, 830, 468, 96, 595]","[0.23634982109069824, 0.1603899598121643, 0.14031201601028442, 0.10083633661270142, 0.048734623938798904]"
cm-strong,ooc,676,532,492,0,0.20173488557338715,"[492, 519, 134, 525, 410]","[0.20173488557338715, 0.06988973170518875, 0.026543283835053444, 0.025666872039437294, 0.021593833342194557]"
cm-strong,ooc,677,233,221,0,0.30671536922454834,"[221, 183, 233, 265, 266]","[0.30671536922454834, 0.2880299687385559, 0.20589657127857208, 0.05105915665626526, 0.025661375373601913]"
cm-strong,ooc,678,765,583,0,0.12875719368457794,"[583, 89, 703, 912, 775]","[0.12875719368457794, 0.06385938823223114, 0.04412487521767616, 0.026031332090497017, 0.025724191218614578]"
cm-strong,ooc,679,428,603,0,0.2309686839580536,"[603, 428, 661, 822, 412]","[0.2309686839580536, 0.11959481984376907, 0.060608915984630585, 0.036210156977176666, 0.034860748797655106]"
cm-strong,ooc,680,765,913,0,0.5015302300453186,"[913, 694, 561, 460, 908]","[0.5015302300453186, 0.1707964539527893, 0.04753587394952774, 0.015709474682807922, 0.014709520153701305]"
cm-strong,ooc,681,420,18,0,0.1457137018442154,"[18, 10, 138, 17, 815]","[0.1457137018442154, 0.08792157471179962, 0.06750611960887909, 0.062432002276182175, 0.049405537545681]"
cm-strong,ooc,682,571,481,0,0.38853251934051514,"[481, 732, 763, 704, 662]","[0.38853251934051514, 0.1397257298231125, 0.05813939869403839, 0.032056380063295364, 0.028425168246030807]"
cm-strong,ooc,683,177,177,1,0.5144008994102478,"[177, 233, 246, 160, 170]","[0.5144008994102478, 0.0808028131723404, 0.06733445078134537, 0.05056910589337349, 0.03866986930370331]"
cm-strong,ooc,684,846,792,0,0.10615812242031097,"[792, 718, 147, 460, 99]","[0.10615812242031097, 0.08749334514141083, 0.08180779218673706, 0.06579173356294632, 0.037564102560281754]"
cm-strong,ooc,685,236,236,1,0.6851567029953003,"[236, 234, 214, 237, 235]","[0.6851567029953003, 0.07700187712907791, 0.03857380524277687, 0.036088645458221436, 0.03267905116081238]"
cm-strong,ooc,686,201,706,0,0.4530642628669739,"[706, 876, 467, 435, 978]","[0.4530642628669739, 0.23067085444927216, 0.029612042009830475, 0.028579048812389374, 0.01348060555756092]"
cm-strong,ooc,687,953,39,0,0.6713560223579407,"[39, 36, 43, 48, 42]","[0.6713560223579407, 0.042923878878355026, 0.03952866420149803, 0.02681245096027851, 0.015333425253629684]"
cm-strong,ooc,688,637,637,1,0.7257608771324158,"[637, 553, 894, 707, 583]","[0.7257608771324158, 0.05267280712723732, 0.02291591465473175, 0.01389754842966795, 0.010274848900735378]"
cm-strong,ooc,689,420,989,0,0.39450567960739136,"[989, 94, 319, 14, 643]","[0.39450567960739136, 0.06942055374383926, 0.04744293913245201, 0.038602184504270554, 0.03142435476183891]"
cm-strong,ooc,690,602,788,0,0.07376289367675781,"[788, 313, 602, 652, 463]","[0.07376289367675781, 0.07111787050962448, 0.051305629312992096, 0.04946155473589897, 0.03817014396190643]"
cm-strong,ooc,691,806,463,0,0.12529216706752777,"[463, 696, 728, 637, 327]","[0.12529216706752777, 0.07517640292644501, 0.07232934236526489, 0.0497988723218441, 0.03728218004107475]"
cm-strong,ooc,692,608,750,0,0.08946068584918976,"[750, 652, 910, 879, 570]","[0.08946068584918976, 0.08045332878828049, 0.05953645706176758, 0.05248844996094704, 0.03150942921638489]"
cm-strong,ooc,693,775,85,0,0.30380603671073914,"[85, 23, 84, 82, 8]","[0.30380603671073914, 0.1539386361837387, 0.03981424868106842, 0.030407994985580444, 0.02697696164250374]"
cm-strong,ooc,694,614,614,1,0.20673350989818573,"[614, 518, 981, 980, 655]","[0.20673350989818573, 0.13761888444423676, 0.08587529510259628, 0.07624668627977371, 0.0400286428630352]"
cm-strong,ooc,695,728,412,0,0.20118175446987152,"[412, 428, 756, 736, 904]","[0.20118175446987152, 0.12237495929002762, 0.11500407010316849, 0.06925582140684128, 0.04934496060013771]"
cm-strong,ooc,696,836,858,0,0.7158898711204529,"[858, 646, 462, 853, 975]","[0.7158898711204529, 0.05158168822526932, 0.030887432396411896, 0.022746918722987175, 0.011065835133194923]"
cm-strong,ooc,697,361,235,0,0.8764815926551819,"[235, 227, 256, 225, 244]","[0.8764815926551819, 0.013787518255412579, 0.010090800933539867, 0.008433069102466106, 0.007289754692465067]"
cm-strong,ooc,698,842,454,0,0.19999320805072784,"[454, 424, 698, 498, 624]","[0.19999320805072784, 0.11733728647232056, 0.10405515879392624, 0.10363159328699112, 0.0624348483979702]"
cm-strong,ooc,699,444,131,0,0.19522725045681,"[131, 20, 815, 134, 82]","[0.19522725045681, 0.09399598836898804, 0.04437055066227913, 0.0440920814871788, 0.03492546081542969]"
cm-strong,ooc,700,364,291,0,0.11329132318496704,"[291, 170, 209, 286, 385]","[0.11329132318496704, 0.071092888712883, 0.06427881866693497, 0.062223680317401886, 0.036221567541360855]"
cm-strong,ooc,701,707,707,1,0.15138398110866547,"[707, 448, 704, 626, 915]","[0.15138398110866547, 0.08760639280080795, 0.05734643340110779, 0.05088307708501816, 0.04348128288984299]"
cm-strong,ooc,702,151,241,0,0.15796129405498505,"[241, 381, 235, 240, 375]","[0.15796129405498505, 0.08524030447006226, 0.07084368914365768, 0.0634070485830307, 0.05878954008221626]"
cm-strong,ooc,703,765,716,0,0.4369001090526581,"[716, 425, 449, 853, 580]","[0.4369001090526581, 0.17781022191047668, 0.04410964995622635, 0.035626981407403946, 0.026817141100764275]"
cm-strong,ooc,704,571,412,0,0.0876426249742508,"[412, 509, 697, 704, 886]","[0.0876426249742508, 0.05951488018035889, 0.04051247611641884, 0.035626307129859924, 0.034379079937934875]"
cm-strong,ooc,705,197,23,0,0.35853323340415955,"[23, 214, 18, 197, 233]","[0.35853323340415955, 0.13593393564224243, 0.07506311684846878, 0.06999935209751129, 0.03524450957775116]"
cm-strong,ooc,706,681,975,0,0.24022555351257324,"[975, 972, 668, 812, 978]","[0.24022555351257324, 0.107890784740448, 0.06495446711778641, 0.05030665919184685, 0.02560112066566944]"
cm-strong,ooc,707,382,286,0,0.07805657386779785,"[286, 269, 313, 368, 92]","[0.07805657386779785, 0.06371454149484634, 0.054366134107112885, 0.049138057976961136, 0.04726807400584221]"
cm-strong,ooc,708,765,642,0,0.5987558364868164,"[642, 497, 687, 853, 532]","[0.5987558364868164, 0.05513212829828262, 0.05031238868832588, 0.026933955028653145, 0.025704750791192055]"
cm-strong,ooc,709,559,785,0,0.1719435304403305,"[785, 726, 630, 416, 700]","[0.1719435304403305, 0.1313808411359787, 0.11972210556268692, 0.03178784251213074, 0.023708799853920937]"
cm-strong,ooc,710,708,564,0,0.2682146728038788,"[564, 857, 406, 894, 583]","[0.2682146728038788, 0.25080356001853943, 0.19745570421218872, 0.02945193089544773, 0.02461523748934269]"
cm-strong,ooc,711,202,228,0,0.12898364663124084,"[228, 266, 190, 222, 265]","[0.12898364663124084, 0.12535369396209717, 0.11683357506990433, 0.11283569782972336, 0.09434791654348373]"
cm-strong,ooc,712,469,87,0,0.2694476246833801,"[87, 414, 841, 411, 338]","[0.2694476246833801, 0.15970776975154877, 0.03893087059259415, 0.038621608167886734, 0.035351961851119995]"
cm-strong,ooc,713,875,618,0,0.29908379912376404,"[618, 875, 828, 778, 725]","[0.29908379912376404, 0.29682934284210205, 0.04940799996256828, 0.03876573219895363, 0.034251999109983444]"
cm-strong,ooc,714,284,178,0,0.2522061765193939,"[178, 211, 284, 209, 345]","[0.2522061765193939, 0.13431651890277863, 0.07381383329629898, 0.040605105459690094, 0.02976234443485737]"
cm-strong,ooc,715,199,205,0,0.17254264652729034,"[205, 7, 197, 214, 244]","[0.17254264652729034, 0.16877281665802002, 0.11492875963449478, 0.08520790934562683, 0.03313178941607475]"
cm-strong,ooc,716,529,539,0,0.07294297963380814,"[539, 608, 882, 196, 651]","[0.07294297963380814, 0.06555090099573135, 0.05899699404835701, 0.05349843204021454, 0.02196897193789482]"
cm-strong,ooc,717,157,263,0,0.8784946203231812,"[263, 151, 259, 264, 155]","[0.8784946203231812, 0.036346808075904846, 0.019636880606412888, 0.010807977057993412, 0.008158506825566292]"
cm-strong,ooc,718,850,266,0,0.11667867749929428,"[266, 265, 192, 206, 199]","[0.11667867749929428, 0.07719702273607254, 0.0545499324798584, 0.0417935885488987, 0.03203124925494194]"
cm-strong,ooc,719,529,134,0,0.1846403330564499,"[134, 89, 132, 18, 939]","[0.1846403330564499, 0.1427130103111267, 0.11687833070755005, 0.041940368711948395, 0.031882334500551224]"
cm-strong,ooc,720,186,21,0,0.32218053936958313,"[21, 159, 208, 171, 168]","[0.32218053936958313, 0.10412853211164474, 0.0510810911655426, 0.04623549431562424, 0.04513813555240631]"
cm-strong,ooc,721,361,361,1,0.39029544591903687,"[361, 19, 239, 264, 247]","[0.39029544591903687, 0.2431158721446991, 0.10541982203722, 0.06050398200750351, 0.01878138817846775]"
cm-strong,ooc,722,684,474,0,0.2001270353794098,"[474, 835, 270, 587, 695]","[0.2001270353794098, 0.1564888060092926, 0.056523434817790985, 0.02707492560148239, 0.020032120868563652]"
cm-strong,ooc,723,846,474,0,0.1330377161502838,"[474, 55, 655, 831, 850]","[0.1330377161502838, 0.10587399452924728, 0.07887020707130432, 0.05125926434993744, 0.032712671905756]"
cm-strong,ooc,724,156,173,0,0.13105818629264832,"[173, 168, 242, 159, 161]","[0.13105818629264832, 0.12817102670669556, 0.09132694453001022, 0.07258983701467514, 0.07230255752801895]"
cm-strong,ooc,725,175,344,0,0.09989764541387558,"[344, 202, 191, 360, 357]","[0.09989764541387558, 0.0667494460940361, 0.05574529245495796, 0.05372406542301178, 0.051214996725320816]"
cm-strong,ooc,726,258,258,1,0.7049230337142944,"[258, 283, 259, 229, 153]","[0.7049230337142944, 0.12415605038404465, 0.033296190202236176, 0.016288772225379944, 0.01407387014478445]"
cm-strong,ooc,727,254,243,0,0.1731415092945099,"[243, 254, 191, 202, 160]","[0.1731415092945099, 0.1612156629562378, 0.07275088131427765, 0.0633859783411026, 0.03282937407493591]"
cm-strong,ooc,728,529,1,0,0.17214129865169525,"[1, 192, 296, 212, 273]","[0.17214129865169525, 0.10994938015937805, 0.10697745531797409, 0.03169460594654083, 0.030826684087514877]"
cm-strong,ooc,729,267,850,0,0.15039977431297302,"[850, 87, 164, 267, 34]","[0.15039977431297302, 0.10672733932733536, 0.05991579592227936, 0.05135677382349968, 0.03963630646467209]"
cm-strong,ooc,730,257,172,0,0.22129397094249725,"[172, 257, 169, 176, 222]","[0.22129397094249725, 0.12540055811405182, 0.1079196184873581, 0.0832495167851448, 0.07500245422124863]"
cm-strong,ooc,731,529,843,0,0.18882302939891815,"[843, 81, 331, 134, 330]","[0.18882302939891815, 0.05227045342326164, 0.04209263622760773, 0.0304593276232481, 0.028570856899023056]"
cm-strong,ooc,732,765,89,0,0.0769135057926178,"[89, 677, 765, 520, 583]","[0.0769135057926178, 0.07464416325092316, 0.07405522465705872, 0.06377746909856796, 0.04080648347735405]"
cm-strong,ooc,733,532,557,0,0.19168725609779358,"[557, 795, 832, 537, 478]","[0.19168725609779358, 0.17833052575588226, 0.08848660439252853, 0.06397077441215515, 0.0579158179461956]"
cm-strong,ooc,734,227,294,0,0.1764434427022934,"[294, 374, 972, 143, 145]","[0.1764434427022934, 0.08826307952404022, 0.07539015263319016, 0.05475777015089989, 0.049270592629909515]"
cm-strong,ooc,735,520,888,0,0.20049698650836945,"[888, 915, 520, 765, 716]","[0.20049698650836945, 0.10741046071052551, 0.10165596753358841, 0.09567470848560333, 0.08791946619749069]"
cm-strong,ooc,736,999,876,0,0.10586751252412796,"[876, 394, 435, 395, 587]","[0.10586751252412796, 0.0696566253900528, 0.06603667885065079, 0.05419909581542015, 0.04356079176068306]"
cm-strong,ooc,737,174,269,0,0.4070611298084259,"[269, 275, 272, 276, 372]","[0.4070611298084259, 0.07055894285440445, 0.06172329559922218, 0.05198618769645691, 0.029396018013358116]"
cm-strong,ooc,738,841,689,0,0.25575125217437744,"[689, 869, 411, 578, 614]","[0.25575125217437744, 0.23703932762145996, 0.20365548133850098, 0.06011725589632988, 0.03545176610350609]"
cm-strong,ooc,739,846,515,0,0.19428414106369019,"[515, 704, 543, 655, 879]","[0.19428414106369019, 0.10962637513875961, 0.040152452886104584, 0.03428801894187927, 0.0315895639359951]"
cm-strong,ooc,740,999,462,0,0.1251392811536789,"[462, 840, 708, 571, 519]","[0.1251392811536789, 0.07519897818565369, 0.06949915736913681, 0.047389693558216095, 0.04208817332983017]"
cm-strong,ooc,741,258,258,1,0.4636020362377167,"[258, 259, 153, 257, 207]","[0.4636020362377167, 0.17089417576789856, 0.09415879845619202, 0.05181879177689552, 0.031482994556427]"
cm-strong,ooc,742,851,831,0,0.930521547794342,"[831, 750, 519, 669, 530]","[0.930521547794342, 0.02215091697871685, 0.006278504617512226, 0.0032066667918115854, 0.003175913356244564]"
cm-strong,ooc,743,423,423,1,0.2271622121334076,"[423, 695, 559, 469, 756]","[0.2271622121334076, 0.0920378640294075, 0.06310052424669266, 0.03660837188363075, 0.03022482804954052]"
cm-strong,ooc,744,233,197,0,0.1569305956363678,"[197, 177, 192, 170, 183]","[0.1569305956363678, 0.1258394718170166, 0.0728573203086853, 0.07047956436872482, 0.048542555421590805]"
cm-strong,ooc,745,253,188,0,0.15663234889507294,"[188, 151, 263, 180, 173]","[0.15663234889507294, 0.06929292529821396, 0.05222594365477562, 0.04847581312060356, 0.04380055516958237]"
cm-strong,ooc,746,655,525,0,0.18797947466373444,"[525, 869, 652, 160, 874]","[0.18797947466373444, 0.12802764773368835, 0.09143328666687012, 0.0876377746462822, 0.07399284094572067]"
cm-strong,ooc,747,422,977,0,0.13129208981990814,"[977, 849, 656, 695, 756]","[0.13129208981990814, 0.04126141220331192, 0.037967681884765625, 0.03265901654958725, 0.032121121883392334]"
cm-strong,ooc,748,765,866,0,0.12048390507698059,"[866, 730, 595, 912, 621]","[0.12048390507698059, 0.11972884833812714, 0.11828116327524185, 0.033194400370121, 0.027995947748422623]"
cm-strong,ooc,749,545,290,0,0.07006881386041641,"[290, 545, 105, 518, 282]","[0.07006881386041641, 0.06679365783929825, 0.06028575077652931, 0.04800299555063248, 0.04254898801445961]"
cm-strong,ooc,750,841,883,0,0.07358231395483017,"[883, 173, 775, 765, 749]","[0.07358231395483017, 0.04300062730908394, 0.04257255420088768, 0.04026809707283974, 0.039638638496398926]"
cm-strong,ooc,751,655,501,0,0.09522999823093414,"[501, 652, 737, 515, 583]","[0.09522999823093414, 0.04576994478702545, 0.04473013058304787, 0.03885531798005104, 0.03326737880706787]"
cm-strong,ooc,752,846,489,0,0.14487366378307343,"[489, 580, 377, 815, 843]","[0.14487366378307343, 0.10703596472740173, 0.055417533963918686, 0.04780717194080353, 0.03630566596984863]"
cm-strong,ooc,753,999,608,0,0.05291721597313881,"[608, 797, 977, 178, 775]","[0.05291721597313881, 0.04272693768143654, 0.04125414416193962, 0.039115145802497864, 0.03480445221066475]"
cm-strong,ooc,754,841,915,0,0.24502462148666382,"[915, 672, 797, 842, 693]","[0.24502462148666382, 0.19259844720363617, 0.17784640192985535, 0.10267000645399094, 0.05353858694434166]"
cm-strong,ooc,755,655,815,0,0.10526111721992493,"[815, 580, 611, 22, 955]","[0.10526111721992493, 0.08789391070604324, 0.036771006882190704, 0.03278512880206108, 0.02776501514017582]"
cm-strong,ooc,756,579,630,0,0.28664979338645935,"[630, 519, 492, 431, 579]","[0.28664979338645935, 0.10794980823993683, 0.09733589738607407, 0.08455528318881989, 0.07454558461904526]"
cm-strong,ooc,757,198,196,0,0.4260367751121521,"[196, 198, 187, 160, 155]","[0.4260367751121521, 0.16874676942825317, 0.05851587653160095, 0.05061977729201317, 0.04612039402127266]"
cm-strong,ooc,758,614,496,0,0.16216979920864105,"[496, 842, 775, 445, 411]","[0.16216979920864105, 0.16136665642261505, 0.11563191562891006, 0.10018546879291534, 0.0816340520977974]"
cm-strong,ooc,759,689,501,0,0.15596503019332886,"[501, 756, 689, 982, 427]","[0.15596503019332886, 0.11780878156423569, 0.11644525825977325, 0.05433981120586395, 0.037210188806056976]"
cm-strong,ooc,760,863,440,0,0.1280992031097412,"[440, 626, 441, 505, 855]","[0.1280992031097412, 0.09192982316017151, 0.07333137094974518, 0.07038501650094986, 0.054640695452690125]"
cm-strong,ooc,761,851,609,0,0.11664126068353653,"[609, 527, 620, 908, 407]","[0.11664126068353653, 0.10669900476932526, 0.0946115255355835, 0.06353183090686798, 0.03946865722537041]"
cm-strong,ooc,762,444,444,1,0.20131267607212067,"[444, 428, 489, 517, 889]","[0.20131267607212067, 0.1477440744638443, 0.12132507562637329, 0.10666979104280472, 0.03224201872944832]"
cm-strong,ooc,763,230,230,1,0.06656254082918167,"[230, 355, 231, 9, 369]","[0.06656254082918167, 0.05394461750984192, 0.05078636854887009, 0.04425669461488724, 0.0365961529314518]"
cm-strong,ooc,764,254,750,0,0.12546296417713165,"[750, 721, 434, 431, 159]","[0.12546296417713165, 0.06629601866006851, 0.06521415710449219, 0.05980265140533447, 0.045317526906728745]"
cm-strong,ooc,765,199,199,1,0.27121737599372864,"[199, 214, 244, 256, 234]","[0.27121737599372864, 0.24592459201812744, 0.04852611571550369, 0.041022587567567825, 0.03497368469834328]"
cm-strong,ooc,766,493,480,0,0.25535714626312256,"[480, 713, 548, 760, 742]","[0.25535714626312256, 0.049773260951042175, 0.04424084722995758, 0.04054185748100281, 0.040114108473062515]"
cm-strong,ooc,767,882,133,0,0.49807316064834595,"[133, 313, 136, 59, 315]","[0.49807316064834595, 0.06586599349975586, 0.0658375471830368, 0.04105550795793533, 0.021801192313432693]"
cm-strong,ooc,768,739,502,0,0.29366204142570496,"[502, 792, 437, 630, 419]","[0.29366204142570496, 0.11846815794706345, 0.08077878504991531, 0.055051419883966446, 0.04731101915240288]"
cm-strong,ooc,769,846,559,0,0.0599173828959465,"[559, 596, 587, 879, 832]","[0.0599173828959465, 0.057888735085725784, 0.045112308114767075, 0.044166743755340576, 0.03993680700659752]"
cm-strong,ooc,770,614,775,0,0.1933164745569229,"[775, 98, 614, 578, 880]","[0.1933164745569229, 0.16462038457393646, 0.10126803070306778, 0.09962683171033859, 0.04457610473036766]"
cm-strong,ooc,771,579,94,0,0.27044105529785156,"[94, 703, 14, 60, 558]","[0.27044105529785156, 0.04377423971891403, 0.040281422436237335, 0.0371319055557251, 0.03431275486946106]"
cm-strong,ooc,772,882,671,0,0.09189437329769135,"[671, 716, 912, 880, 522]","[0.09189437329769135, 0.08898039907217026, 0.07338576763868332, 0.06421167403459549, 0.03673006594181061]"
cm-strong,ooc,773,778,778,1,0.2029433697462082,"[778, 857, 840, 476, 514]","[0.2029433697462082, 0.11235732585191727, 0.07712990790605545, 0.04743029922246933, 0.03651679679751396]"
cm-strong,ooc,774,882,507,0,0.24248310923576355,"[507, 753, 471, 462, 695]","[0.24248310923576355, 0.21228176355361938, 0.0689936950802803, 0.06311672180891037, 0.06169656664133072]"
cm-strong,ooc,775,550,576,0,0.6776418685913086,"[576, 483, 718, 625, 525]","[0.6776418685913086, 0.07524673640727997, 0.05246785283088684, 0.03629956766963005, 0.027586324140429497]"
cm-strong,ooc,776,284,140,0,0.3624316453933716,"[140, 112, 134, 129, 120]","[0.3624316453933716, 0.116451196372509, 0.06743194907903671, 0.040579911321401596, 0.03931916877627373]"
cm-strong,ooc,777,851,548,0,0.2565724551677704,"[548, 833, 598, 782, 651]","[0.2565724551677704, 0.1071101725101471, 0.10329467058181763, 0.05821862816810608, 0.05592235177755356]"
cm-strong,ooc,778,651,651,1,0.1728964000940323,"[651, 415, 398, 634, 736]","[0.1728964000940323, 0.06418341398239136, 0.05489065870642662, 0.054671913385391235, 0.036051008850336075]"
cm-strong,ooc,779,681,526,0,0.7913608551025391,"[526, 673, 448, 726, 777]","[0.7913608551025391, 0.034839242696762085, 0.029849186539649963, 0.02331368625164032, 0.018143614754080772]"
cm-strong,ooc,780,420,439,0,0.21868862211704254,"[439, 560, 252, 488, 233]","[0.21868862211704254, 0.20540094375610352, 0.0740615576505661, 0.04355553165078163, 0.019541198387742043]"
cm-strong,ooc,781,532,977,0,0.17591163516044617,"[977, 296, 634, 460, 706]","[0.17591163516044617, 0.07637634873390198, 0.06104353442788124, 0.059248488396406174, 0.04745509847998619]"
cm-strong,ooc,782,423,933,0,0.050557397305965424,"[933, 655, 638, 445, 515]","[0.050557397305965424, 0.041890136897563934, 0.03282606974244118, 0.025364667177200317, 0.024153076112270355]"
cm-strong,ooc,783,201,155,0,0.2623048722743988,"[155, 816, 201, 187, 971]","[0.2623048722743988, 0.1495860069990158, 0.06976618617773056, 0.05596907436847687, 0.047875892370939255]"
cm-strong,ooc,784,690,690,1,0.1872425675392151,"[690, 730, 134, 410, 345]","[0.1872425675392151, 0.11232084780931473, 0.10166842490434647, 0.06508336216211319, 0.06086399406194687]"
cm-strong,ooc,785,807,904,0,0.20725536346435547,"[904, 315, 313, 425, 131]","[0.20725536346435547, 0.15570183098316193, 0.12365272641181946, 0.07334017008543015, 0.04706761613488197]"
cm-strong,ooc,786,836,134,0,0.08482369780540466,"[134, 832, 99, 18, 970]","[0.08482369780540466, 0.07959297299385071, 0.0792568176984787, 0.04267512634396553, 0.04157229885458946]"
cm-strong,ooc,787,779,779,1,0.9773549437522888,"[779, 408, 705, 717, 561]","[0.9773549437522888, 0.0028412528336048126, 0.0023019437212496996, 0.0011591780930757523, 0.0009625378879718482]"
cm-strong,ooc,788,872,872,1,0.2870076596736908,"[872, 523, 733, 843, 478]","[0.2870076596736908, 0.19994063675403595, 0.07494229078292847, 0.057668138295412064, 0.0428958423435688]"
cm-strong,ooc,789,516,672,0,0.29253530502319336,"[672, 835, 797, 914, 516]","[0.29253530502319336, 0.1701383888721466, 0.08231107145547867, 0.070160873234272, 0.0548747219145298]"
cm-strong,ooc,790,807,707,0,0.11986139416694641,"[707, 637, 549, 480, 741]","[0.11986139416694641, 0.11680910736322403, 0.10373178869485855, 0.04264974594116211, 0.035258110612630844]"
cm-strong,ooc,791,880,99,0,0.20103178918361664,"[99, 386, 101, 206, 205]","[0.20103178918361664, 0.07166041433811188, 0.052430979907512665, 0.04148165509104729, 0.04034701734781265]"
cm-strong,ooc,792,678,108,0,0.4220137894153595,"[108, 973, 327, 267, 552]","[0.4220137894153595, 0.16245584189891815, 0.048895128071308136, 0.029737450182437897, 0.0174387339502573]"
cm-strong,ooc,793,603,444,0,0.634431779384613,"[444, 603, 665, 787, 870]","[0.634431779384613, 0.0813988521695137, 0.04905012995004654, 0.01996365189552307, 0.013540753163397312]"
cm-strong,ooc,794,665,755,0,0.06969862431287766,"[755, 475, 819, 552, 812]","[0.06969862431287766, 0.05307987704873085, 0.03975449502468109, 0.03923135623335838, 0.027783656492829323]"
cm-strong,ooc,795,541,143,0,0.22585275769233704,"[143, 701, 141, 209, 977]","[0.22585275769233704, 0.11244703084230423, 0.06505656987428665, 0.06413304805755615, 0.04633033275604248]"
cm-strong,ooc,796,704,492,0,0.1817142218351364,"[492, 519, 420, 763, 458]","[0.1817142218351364, 0.0620645247399807, 0.061256043612957, 0.04300026595592499, 0.03470994904637337]"
cm-strong,ooc,797,770,770,1,0.11490091681480408,"[770, 858, 987, 797, 774]","[0.11490091681480408, 0.07228819280862808, 0.0588151291012764, 0.04513554647564888, 0.04483318328857422]"
cm-strong,ooc,798,428,500,0,0.0749807134270668,"[500, 840, 970, 568, 972]","[0.0749807134270668, 0.04774796962738037, 0.04316165670752525, 0.028039028868079185, 0.026554541662335396]"
cm-strong,ooc,799,637,319,0,0.1662171185016632,"[319, 312, 989, 320, 12]","[0.1662171185016632, 0.07661716639995575, 0.07500284910202026, 0.07163151353597641, 0.0307003241032362]"
cm-strong,ooc,800,879,414,0,0.14126139879226685,"[414, 411, 463, 427, 842]","[0.14126139879226685, 0.06748011708259583, 0.062471307814121246, 0.06032373756170273, 0.04515368491411209]"
cm-strong,ooc,801,869,880,0,0.40451550483703613,"[880, 671, 870, 665, 612]","[0.40451550483703613, 0.27449071407318115, 0.12830178439617157, 0.03795267269015312, 0.010574918240308762]"
cm-strong,ooc,802,690,292,0,0.17987395823001862,"[292, 130, 140, 410, 690]","[0.17987395823001862, 0.12092094123363495, 0.08812753111124039, 0.04286285489797592, 0.040886685252189636]"
cm-strong,ooc,803,822,127,0,0.17389430105686188,"[127, 505, 23, 562, 971]","[0.17389430105686188, 0.10715334862470627, 0.05804204195737839, 0.05141535773873329, 0.029407614842057228]"
cm-strong,ooc,804,880,254,0,0.19380515813827515,"[254, 178, 171, 447, 161]","[0.19380515813827515, 0.16197165846824646, 0.089236319065094, 0.051276322454214096, 0.048375848680734634]"
cm-strong,ooc,805,612,541,0,0.10834244638681412,"[541, 514, 774, 752, 502]","[0.10834244638681412, 0.10767405480146408, 0.06179855018854141, 0.052591998130083084, 0.048091158270835876]"
cm-strong,ooc,806,879,386,0,0.12503303587436676,"[386, 88, 491, 787, 568]","[0.12503303587436676, 0.11322400718927383, 0.07220887392759323, 0.039759013801813126, 0.036178283393383026]"
cm-strong,ooc,807,603,452,0,0.19143545627593994,"[452, 428, 47, 94, 488]","[0.19143545627593994, 0.16911157965660095, 0.04221927002072334, 0.03602731600403786, 0.03567197546362877]"
cm-strong,ooc,808,707,707,1,0.19761218130588531,"[707, 609, 491, 703, 637]","[0.19761218130588531, 0.12258780002593994, 0.07530281692743301, 0.03944573178887367, 0.030424607917666435]"
cm-strong,ooc,809,751,595,0,0.14097081124782562,"[595, 866, 730, 864, 779]","[0.14097081124782562, 0.12103807926177979, 0.047403059899806976, 0.03899282217025757, 0.0326145701110363]"
cm-strong,ooc,810,407,407,1,0.226088285446167,"[407, 436, 511, 734, 468]","[0.226088285446167, 0.21421250700950623, 0.14107593894004822, 0.09054945409297943, 0.06278280913829803]"
cm-strong,ooc,811,791,997,0,0.1986839920282364,"[997, 428, 462, 402, 696]","[0.1986839920282364, 0.05792373791337013, 0.054118525236845016, 0.029826341196894646, 0.026329874992370605]"
cm-strong,ooc,812,645,421,0,0.16794128715991974,"[421, 877, 799, 412, 707]","[0.16794128715991974, 0.10230498760938644, 0.08519725501537323, 0.04506421461701393, 0.03964316099882126]"
cm-strong,ooc,813,879,490,0,0.08581095188856125,"[490, 735, 411, 487, 835]","[0.08581095188856125, 0.08160977065563202, 0.04130065068602562, 0.03796863183379173, 0.0373954251408577]"
cm-strong,ooc,814,612,569,0,0.47427821159362793,"[569, 614, 612, 857, 571]","[0.47427821159362793, 0.15334764122962952, 0.1414160579442978, 0.08294106274843216, 0.012316643260419369]"
cm-strong,ooc,815,468,751,0,0.21309423446655273,"[751, 870, 768, 621, 880]","[0.21309423446655273, 0.09300834685564041, 0.06771019101142883, 0.06456738710403442, 0.05177469179034233]"
cm-strong,ooc,816,603,313,0,0.06216059997677803,"[313, 457, 558, 517, 448]","[0.06216059997677803, 0.029260041192173958, 0.023016858845949173, 0.022738205268979073, 0.021196218207478523]"
cm-strong,ooc,817,670,670,1,0.12891985476016998,"[670, 414, 770, 791, 665]","[0.12891985476016998, 0.06749814003705978, 0.061425819993019104, 0.04878780245780945, 0.04660641774535179]"
cm-strong,ooc,818,468,792,0,0.10618206113576889,"[792, 535, 840, 830, 423]","[0.10618206113576889, 0.08960495889186859, 0.05883900821208954, 0.0464571937918663, 0.0460561104118824]"
cm-strong,ooc,819,830,822,0,0.1370472013950348,"[822, 541, 513, 786, 755]","[0.1370472013950348, 0.08110661804676056, 0.07469867914915085, 0.03510913625359535, 0.03187043219804764]"
cm-strong,ooc,820,670,234,0,0.08759006857872009,"[234, 740, 25, 615, 214]","[0.08759006857872009, 0.07993723452091217, 0.07129081338644028, 0.06151169538497925, 0.04854846000671387]"
cm-strong,ooc,821,807,757,0,0.34924811124801636,"[757, 675, 871, 914, 874]","[0.34924811124801636, 0.24382005631923676, 0.10257100313901901, 0.05813434720039368, 0.04576976224780083]"
cm-strong,ooc,822,602,972,0,0.1946820318698883,"[972, 682, 701, 900, 974]","[0.1946820318698883, 0.14018531143665314, 0.0964500829577446, 0.07016745954751968, 0.062109630554914474]"
cm-strong,ooc,823,439,799,0,0.10031693428754807,"[799, 904, 475, 580, 843]","[0.10031693428754807, 0.0826432853937149, 0.051476914435625076, 0.049388907849788666, 0.03357856348156929]"
cm-strong,ooc,824,198,187,0,0.33532342314720154,"[187, 212, 355, 201, 193]","[0.33532342314720154, 0.2345750778913498, 0.10490516573190689, 0.036835819482803345, 0.035180676728487015]"
cm-strong,ooc,825,559,694,0,0.2898271977901459,"[694, 821, 105, 970, 755]","[0.2898271977901459, 0.25474968552589417, 0.06493060290813446, 0.03729132562875748, 0.03511827439069748]"
cm-strong,ooc,826,919,462,0,0.12679827213287354,"[462, 704, 573, 746, 526]","[0.12679827213287354, 0.08403126895427704, 0.07400331646203995, 0.040776465088129044, 0.03777303919196129]"
cm-strong,ooc,827,665,573,0,0.09282423555850983,"[573, 621, 981, 235, 870]","[0.09282423555850983, 0.07083198428153992, 0.0671515241265297, 0.0315212719142437, 0.030636688694357872]"
cm-strong,ooc,828,919,549,0,0.12664121389389038,"[549, 721, 752, 411, 416]","[0.12664121389389038, 0.09773232042789459, 0.087949737906456, 0.0631926879286766, 0.04875072091817856]"
cm-strong,ooc,829,557,682,0,0.13764537870883942,"[682, 718, 134, 733, 460]","[0.13764537870883942, 0.08584126830101013, 0.08282764256000519, 0.0691109374165535, 0.05676543340086937]"
cm-strong,ooc,830,864,483,0,0.14531274139881134,"[483, 289, 807, 448, 829]","[0.14531274139881134, 0.08525078743696213, 0.06673585623502731, 0.054995372891426086, 0.04654894769191742]"
cm-strong,ooc,831,880,880,1,0.43104901909828186,"[880, 671, 351, 352, 100]","[0.43104901909828186, 0.10473812371492386, 0.0637107789516449, 0.03263102099299431, 0.027017366141080856]"
cm-strong,ooc,832,870,840,0,0.1562957465648651,"[840, 845, 917, 893, 792]","[0.1562957465648651, 0.0638592466711998, 0.06080222502350807, 0.037591539323329926, 0.03366420418024063]"
cm-strong,ooc,833,439,347,0,0.29176464676856995,"[347, 223, 295, 746, 273]","[0.29176464676856995, 0.14309585094451904, 0.039548084139823914, 0.027088135480880737, 0.02018274925649166]"
cm-strong,ooc,834,728,391,0,0.1393553763628006,"[391, 458, 792, 728, 181]","[0.1393553763628006, 0.06998593360185623, 0.06375683844089508, 0.051981933414936066, 0.03345685452222824]"
cm-strong,ooc,835,920,615,0,0.10364203155040741,"[615, 662, 620, 893, 414]","[0.10364203155040741, 0.07165523618459702, 0.05941685289144516, 0.04507480189204216, 0.042225539684295654]"
cm-strong,ooc,836,608,410,0,0.08951990306377411,"[410, 794, 708, 134, 738]","[0.08951990306377411, 0.057991087436676025, 0.03443264961242676, 0.028246361762285233, 0.026928139850497246]"
cm-strong,ooc,837,919,453,0,0.4541943073272705,"[453, 548, 495, 454, 648]","[0.4541943073272705, 0.20000897347927094, 0.10895539075136185, 0.06313538551330566, 0.03437688946723938]"
cm-strong,ooc,838,612,612,1,0.9698857665061951,"[612, 693, 842, 444, 491]","[0.9698857665061951, 0.004400315228849649, 0.0030453302897512913, 0.0021677864715456963, 0.001543062855489552]"
cm-strong,ooc,839,919,919,1,0.5970425009727478,"[919, 458, 692, 251, 412]","[0.5970425009727478, 0.054729387164115906, 0.05247741565108299, 0.019979020580649376, 0.015064461156725883]"
cm-strong,ooc,840,571,571,1,0.13888613879680634,"[571, 662, 478, 848, 527]","[0.13888613879680634, 0.13422438502311707, 0.09986692667007446, 0.062813900411129, 0.04962770640850067]"
cm-strong,ooc,841,575,410,0,0.23785081505775452,"[410, 634, 637, 833, 449]","[0.23785081505775452, 0.17075738310813904, 0.1674337089061737, 0.13712461292743683, 0.05651116743683815]"
cm-strong,ooc,842,870,92,0,0.6476297378540039,"[92, 303, 94, 96, 90]","[0.6476297378540039, 0.18305566906929016, 0.03393068164587021, 0.023682666942477226, 0.015107798390090466]"
cm-strong,ooc,843,919,405,0,0.7473999261856079,"[405, 919, 970, 895, 701]","[0.7473999261856079, 0.04879835993051529, 0.031451139599084854, 0.029139550402760506, 0.029060402885079384]"
cm-strong,ooc,844,879,669,0,0.34977835416793823,"[669, 448, 425, 399, 915]","[0.34977835416793823, 0.10465977340936661, 0.0526626855134964, 0.04224090278148651, 0.03415647894144058]"
cm-strong,ooc,845,690,23,0,0.21615956723690033,"[23, 316, 137, 91, 375]","[0.21615956723690033, 0.09781292825937271, 0.06506772339344025, 0.04029294103384018, 0.02884664013981819]"
cm-strong,ooc,846,879,275,0,0.1324509233236313,"[275, 993, 953, 348, 24]","[0.1324509233236313, 0.09058515727519989, 0.0697062686085701, 0.05095424875617027, 0.04714612662792206]"
cm-strong,ooc,847,412,458,0,0.28707167506217957,"[458, 704, 637, 442, 131]","[0.28707167506217957, 0.2784748673439026, 0.12558840215206146, 0.023804636672139168, 0.015040353871881962]"
cm-strong,ooc,848,412,81,0,0.11657547205686569,"[81, 921, 769, 478, 721]","[0.11657547205686569, 0.057055726647377014, 0.05619031935930252, 0.04795224592089653, 0.03183664008975029]"
cm-strong,ooc,849,751,751,1,0.7209940552711487,"[751, 408, 468, 555, 864]","[0.7209940552711487, 0.030337851494550705, 0.029179353266954422, 0.025757884606719017, 0.017436787486076355]"
cm-strong,ooc,850,489,733,0,0.19759133458137512,"[733, 557, 843, 879, 484]","[0.19759133458137512, 0.08172515034675598, 0.07419659942388535, 0.05221174657344818, 0.04856418818235397]"
cm-strong,ooc,851,223,224,0,0.2534674406051636,"[224, 223, 295, 174, 199]","[0.2534674406051636, 0.22344970703125, 0.06191597506403923, 0.039870455861091614, 0.021769793704152107]"
cm-strong,ooc,852,603,603,1,0.14045965671539307,"[603, 690, 488, 236, 51]","[0.14045965671539307, 0.11841443926095963, 0.05769237130880356, 0.03359021618962288, 0.028342176228761673]"
cm-strong,ooc,853,862,815,0,0.21240557730197906,"[815, 135, 233, 177, 272]","[0.21240557730197906, 0.13683585822582245, 0.09619089215993881, 0.0819505825638771, 0.03905404359102249]"
cm-strong,ooc,854,612,129,0,0.31916874647140503,"[129, 140, 141, 975, 977]","[0.31916874647140503, 0.08065325766801834, 0.03205626457929611, 0.02445032075047493, 0.023570558056235313]"
cm-strong,ooc,855,154,226,0,0.26708129048347473,"[226, 204, 193, 184, 155]","[0.26708129048347473, 0.12076520174741745, 0.11143526434898376, 0.06324949860572815, 0.05927472934126854]"
cm-strong,ooc,856,560,17,0,0.17510990798473358,"[17, 671, 58, 65, 174]","[0.17510990798473358, 0.11077102273702621, 0.05117441713809967, 0.04890739917755127, 0.030439378693699837]"
cm-strong,ooc,857,852,58,0,0.24218136072158813,"[58, 895, 908, 405, 120]","[0.24218136072158813, 0.21898069977760315, 0.09065896272659302, 0.050428085029125214, 0.020430076867341995]"
cm-strong,ooc,858,522,594,0,0.5581907033920288,"[594, 854, 486, 887, 696]","[0.5581907033920288, 0.13640974462032318, 0.07820058614015579, 0.02615988813340664, 0.017087608575820923]"
cm-strong,ooc,859,430,706,0,0.3503950834274292,"[706, 634, 525, 519, 495]","[0.3503950834274292, 0.15942952036857605, 0.1475221812725067, 0.06270721554756165, 0.055654142051935196]"
cm-strong,ooc,860,752,3,0,0.30402514338493347,"[3, 983, 6, 149, 4]","[0.30402514338493347, 0.1272566020488739, 0.11767223477363586, 0.06090327724814415, 0.05618667230010033]"
cm-strong,ooc,861,852,536,0,0.19379658997058868,"[536, 718, 780, 807, 914]","[0.19379658997058868, 0.0721094086766243, 0.05503136292099953, 0.03255503997206688, 0.03243463113903999]"
cm-strong,ooc,862,746,828,0,0.11879745870828629,"[828, 811, 588, 881, 556]","[0.11879745870828629, 0.0959450900554657, 0.06474662572145462, 0.050847314298152924, 0.04538669064640999]"
cm-strong,ooc,863,702,733,0,0.2329052984714508,"[733, 523, 421, 702, 671]","[0.2329052984714508, 0.11153017729520798, 0.08296871185302734, 0.07584793120622635, 0.04271291196346283]"
cm-strong,ooc,864,560,815,0,0.7260221242904663,"[815, 73, 74, 75, 535]","[0.7260221242904663, 0.03254919871687889, 0.02690747380256653, 0.026425616815686226, 0.019619036465883255]"
cm-strong,ooc,865,746,2,0,0.4066486656665802,"[2, 979, 146, 394, 3]","[0.4066486656665802, 0.1969032883644104, 0.039588965475559235, 0.031753405928611755, 0.030978813767433167]"
cm-strong,ooc,866,430,616,0,0.10950462520122528,"[616, 405, 972, 494, 43]","[0.10950462520122528, 0.0838911160826683, 0.04652881622314453, 0.04373481124639511, 0.028543606400489807]"
cm-strong,ooc,867,450,308,0,0.30247265100479126,"[308, 303, 304, 928, 326]","[0.30247265100479126, 0.11164934188127518, 0.08035682141780853, 0.06890111416578293, 0.03463210538029671]"
cm-strong,ooc,868,890,129,0,0.5413361191749573,"[129, 134, 132, 144, 146]","[0.5413361191749573, 0.14935390651226044, 0.05433887243270874, 0.03843744844198227, 0.028692936524748802]"
cm-strong,ooc,869,746,417,0,0.12366515398025513,"[417, 981, 896, 773, 1]","[0.12366515398025513, 0.03724934905767441, 0.032175369560718536, 0.03189396485686302, 0.03153521567583084]"
cm-strong,ooc,870,560,977,0,0.1337784081697464,"[977, 701, 251, 65, 144]","[0.1337784081697464, 0.12064199894666672, 0.1194453239440918, 0.05618030205368996, 0.04040266200900078]"
cm-strong,ooc,871,752,18,0,0.36934715509414673,"[18, 300, 13, 456, 303]","[0.36934715509414673, 0.07000716775655746, 0.04661637917160988, 0.044424425810575485, 0.038437776267528534]"
cm-strong,ooc,872,702,674,0,0.19022279977798462,"[674, 542, 144, 541, 693]","[0.19022279977798462, 0.14450302720069885, 0.08326302468776703, 0.07625118643045425, 0.02677961438894272]"
cm-strong,ooc,873,160,160,1,0.27226996421813965,"[160, 168, 261, 214, 255]","[0.27226996421813965, 0.08526095002889633, 0.07135860621929169, 0.04245688393712044, 0.03492261469364166]"
cm-strong,ooc,874,430,190,0,0.11629611253738403,"[190, 210, 258, 228, 261]","[0.11629611253738403, 0.0589134655892849, 0.02777506411075592, 0.02755158208310604, 0.026534900069236755]"
cm-strong,ooc,875,430,395,0,0.12674202024936676,"[395, 798, 390, 749, 620]","[0.12674202024936676, 0.12024734169244766, 0.10249590128660202, 0.07374473661184311, 0.0359693244099617]"
cm-strong,ooc,876,499,835,0,0.3367251753807068,"[835, 787, 695, 546, 807]","[0.3367251753807068, 0.08005589246749878, 0.043111998587846756, 0.03336600959300995, 0.025006650015711784]"
cm-strong,ooc,877,418,428,0,0.117372065782547,"[428, 596, 792, 472, 315]","[0.117372065782547, 0.11327515542507172, 0.08893833309412003, 0.04179956391453743, 0.03528379276394844]"
cm-strong,ooc,878,849,849,1,0.2779006361961365,"[849, 725, 719, 883, 659]","[0.2779006361961365, 0.17687515914440155, 0.07378431409597397, 0.06700503826141357, 0.06618285924196243]"
cm-strong,ooc,879,899,427,0,0.37650683522224426,"[427, 756, 412, 84, 737]","[0.37650683522224426, 0.27995309233665466, 0.11209303885698318, 0.02054043859243393, 0.015726357698440552]"
cm-strong,ooc,880,963,963,1,0.8531409502029419,"[963, 941, 965, 567, 909]","[0.8531409502029419, 0.04297434911131859, 0.035426750779151917, 0.007834813557565212, 0.007771766744554043]"
cm-strong,ooc,881,956,924,0,0.25482043623924255,"[924, 949, 932, 952, 124]","[0.25482043623924255, 0.19542643427848816, 0.1091451570391655, 0.07397416979074478, 0.07057176530361176]"
cm-strong,ooc,882,961,961,1,0.2539094388484955,"[961, 963, 435, 940, 896]","[0.2539094388484955, 0.15464892983436584, 0.10611617565155029, 0.05946063995361328, 0.0492800772190094]"
cm-strong,ooc,883,786,755,0,0.6322186589241028,"[755, 888, 425, 727, 915]","[0.6322186589241028, 0.11485690623521805, 0.03964797034859657, 0.035154104232788086, 0.019980181008577347]"
cm-strong,ooc,884,440,440,1,0.9957519769668579,"[440, 737, 907, 898, 441]","[0.9957519769668579, 0.003064309014007449, 0.00018485171312931925, 0.00017658363503869623, 0.00013024038344155997]"
cm-strong,ooc,885,846,733,0,0.3528943657875061,"[733, 693, 758, 638, 842]","[0.3528943657875061, 0.11671864986419678, 0.11622458696365356, 0.038323987275362015, 0.034757718443870544]"
cm-strong,ooc,886,969,608,0,0.20991262793540955,"[608, 610, 737, 440, 496]","[0.20991262793540955, 0.2086237668991089, 0.1768808364868164, 0.04439789801836014, 0.03180333226919174]"
cm-strong,ooc,887,945,939,0,0.20023980736732483,"[939, 948, 998, 943, 471]","[0.20023980736732483, 0.13669539988040924, 0.06395862996578217, 0.055758293718099594, 0.041608575731515884]"
cm-strong,ooc,888,752,423,0,0.22482110559940338,"[423, 857, 765, 532, 747]","[0.22482110559940338, 0.0949653834104538, 0.05548301339149475, 0.04176013171672821, 0.03697703778743744]"
cm-strong,ooc,889,651,527,0,0.22633448243141174,"[527, 894, 786, 782, 859]","[0.22633448243141174, 0.11268020421266556, 0.05898558720946312, 0.04913483187556267, 0.035680681467056274]"
cm-strong,ooc,890,945,945,1,0.9218104481697083,"[945, 948, 952, 951, 942]","[0.9218104481697083, 0.04241577535867691, 0.011923393234610558, 0.0026392433792352676, 0.0021622278727591038]"
cm-strong,ooc,891,438,510,0,0.18796013295650482,"[510, 412, 915, 898, 492]","[0.18796013295650482, 0.08820661157369614, 0.07696056365966797, 0.06523067504167557, 0.06403827667236328]"
cm-strong,ooc,892,441,441,1,0.2369481772184372,"[441, 773, 604, 969, 572]","[0.2369481772184372, 0.16621917486190796, 0.1276409775018692, 0.10551447421312332, 0.07689148187637329]"
cm-strong,ooc,893,818,751,0,0.15545088052749634,"[751, 448, 518, 546, 587]","[0.15545088052749634, 0.0589049868285656, 0.04737411439418793, 0.04445512592792511, 0.030266519635915756]"
cm-strong,ooc,894,941,941,1,0.8315354585647583,"[941, 952, 136, 90, 209]","[0.8315354585647583, 0.06015746295452118, 0.04052029550075531, 0.00720675103366375, 0.005155750084668398]"
cm-strong,ooc,895,711,708,0,0.3223162293434143,"[708, 562, 519, 412, 637]","[0.3223162293434143, 0.10169907659292221, 0.04671263322234154, 0.042705237865448, 0.03507848456501961]"
cm-strong,ooc,896,152,160,0,0.21717500686645508,"[160, 176, 157, 152, 204]","[0.21717500686645508, 0.18951338529586792, 0.15559034049510956, 0.14135891199111938, 0.06729147583246231]"
cm-strong,ooc,897,996,996,1,0.9706333875656128,"[996, 993, 944, 109, 953]","[0.9706333875656128, 0.01966997981071472, 0.001784804160706699, 0.0016915437299758196, 0.0009001945145428181]"
cm-strong,ooc,898,898,412,0,0.09379555284976959,"[412, 505, 725, 883, 638]","[0.09379555284976959, 0.06703917682170868, 0.05801563709974289, 0.057433102279901505, 0.0423218235373497]"
cm-strong,ooc,899,441,441,1,0.31239333748817444,"[441, 708, 437, 898, 497]","[0.31239333748817444, 0.1501220017671585, 0.10307279974222183, 0.06256554275751114, 0.031556203961372375]"
cm-strong,ooc,900,953,672,0,0.3131342828273773,"[672, 134, 89, 132, 131]","[0.3131342828273773, 0.1685669869184494, 0.09369119256734848, 0.05060502514243126, 0.04833183065056801]"
cm-strong,ooc,901,505,463,0,0.2277664691209793,"[463, 725, 562, 899, 428]","[0.2277664691209793, 0.057330477982759476, 0.031951408833265305, 0.029674464836716652, 0.025105927139520645]"
cm-strong,ooc,902,773,708,0,0.07162275910377502,"[708, 637, 412, 912, 562]","[0.07162275910377502, 0.06608607620000839, 0.053345952183008194, 0.035197433084249496, 0.030657265335321426]"
cm-strong,ooc,903,942,941,0,0.20253273844718933,"[941, 59, 984, 64, 924]","[0.20253273844718933, 0.08333826065063477, 0.08163964748382568, 0.07770402729511261, 0.06509606540203094]"
cm-strong,ooc,904,891,650,0,0.20391309261322021,"[650, 752, 490, 790, 891]","[0.20391309261322021, 0.20204587280750275, 0.1404760628938675, 0.09267791360616684, 0.07535307854413986]"
cm-strong,ooc,905,968,849,0,0.09982641041278839,"[849, 591, 910, 428, 488]","[0.09982641041278839, 0.07986882328987122, 0.06830082833766937, 0.06786709278821945, 0.04993117228150368]"
cm-strong,ooc,906,942,150,0,0.15849170088768005,"[150, 525, 0, 344, 634]","[0.15849170088768005, 0.12840203940868378, 0.10391324013471603, 0.09303607046604156, 0.08683369308710098]"
cm-strong,ooc,907,941,941,1,0.25665244460105896,"[941, 721, 928, 37, 411]","[0.25665244460105896, 0.2352721393108368, 0.15319061279296875, 0.12531046569347382, 0.03961613029241562]"
cm-strong,ooc,908,418,494,0,0.32884499430656433,"[494, 454, 792, 696, 624]","[0.32884499430656433, 0.10101013630628586, 0.060297735035419464, 0.04009847715497017, 0.03189203888177872]"
cm-strong,ooc,909,928,927,0,0.6523924469947815,"[927, 933, 928, 728, 529]","[0.6523924469947815, 0.0745328813791275, 0.03149837628006935, 0.030162779614329338, 0.018461663275957108]"
cm-strong,ooc,910,934,895,0,0.6829451322555542,"[895, 744, 405, 977, 934]","[0.6829451322555542, 0.10200399905443192, 0.02860097587108612, 0.02565009891986847, 0.01999615877866745]"
cm-strong,ooc,911,968,721,0,0.20298613607883453,"[721, 427, 749, 725, 448]","[0.20298613607883453, 0.1462065428495407, 0.10106369107961655, 0.0574529729783535, 0.05215777829289436]"
cm-strong,ooc,912,923,923,1,0.9480460286140442,"[923, 962, 941, 956, 924]","[0.9480460286140442, 0.011101648211479187, 0.004892909899353981, 0.004247852601110935, 0.0039247190579771996]"
cm-strong,ooc,913,194,189,0,0.15699714422225952,"[189, 175, 255, 276, 8]","[0.15699714422225952, 0.1235591471195221, 0.08378996700048447, 0.04876492917537689, 0.04493100568652153]"
cm-strong,ooc,914,927,927,1,0.9980854988098145,"[927, 928, 963, 396, 935]","[0.9980854988098145, 0.0003920906747225672, 0.00017555660451762378, 0.00013591628521680832, 0.00012588928802870214]"
cm-strong,ooc,915,686,947,0,0.21425855159759521,"[947, 114, 46, 490, 54]","[0.21425855159759521, 0.21206773817539215, 0.07535915076732635, 0.046262044459581375, 0.04028942435979843]"
cm-strong,ooc,916,737,669,0,0.10868825018405914,"[669, 525, 972, 9, 970]","[0.10868825018405914, 0.0751480683684349, 0.05740997567772865, 0.0422024130821228, 0.03845493495464325]"
cm-strong,ooc,917,849,725,0,0.38528764247894287,"[725, 773, 883, 680, 572]","[0.38528764247894287, 0.11358817666769028, 0.05181737244129181, 0.043702736496925354, 0.038801055401563644]"
cm-strong,ooc,918,855,85,0,0.07525282353162766,"[85, 441, 855, 84, 898]","[0.07525282353162766, 0.05827575922012329, 0.05162862688302994, 0.03702588751912117, 0.029950981959700584]"
cm-strong,ooc,919,611,741,0,0.16707725822925568,"[741, 692, 838, 429, 138]","[0.16707725822925568, 0.13802796602249146, 0.06958436220884323, 0.06554599106311798, 0.06017644330859184]"
cm-strong,ooc,920,545,815,0,0.3982833921909332,"[815, 545, 755, 135, 83]","[0.3982833921909332, 0.1789805293083191, 0.037778668105602264, 0.036144666373729706, 0.026110386475920677]"
cm-strong,ooc,921,761,405,0,0.3257668912410736,"[405, 89, 900, 129, 744]","[0.3257668912410736, 0.05756201222538948, 0.05108809098601341, 0.046773601323366165, 0.045130655169487]"
cm-strong,ooc,922,521,849,0,0.26172852516174316,"[849, 725, 521, 927, 809]","[0.26172852516174316, 0.2077009081840515, 0.06173069402575493, 0.058278635144233704, 0.053808070719242096]"
cm-strong,ooc,923,626,723,0,0.11587905138731003,"[723, 549, 90, 448, 12]","[0.11587905138731003, 0.0940878838300705, 0.08194517344236374, 0.07687009871006012, 0.06259569525718689]"
cm-strong,ooc,924,441,317,0,0.1594695895910263,"[317, 88, 90, 113, 125]","[0.1594695895910263, 0.12761057913303375, 0.09367154538631439, 0.08266130089759827, 0.060438305139541626]"
cm-strong,ooc,925,438,897,0,0.4055790603160858,"[897, 463, 778, 861, 534]","[0.4055790603160858, 0.12496104091405869, 0.11784005165100098, 0.03732528164982796, 0.01882668025791645]"
cm-strong,ooc,926,426,409,0,0.5429406762123108,"[409, 426, 826, 778, 892]","[0.5429406762123108, 0.34274330735206604, 0.0644650012254715, 0.019977470859885216, 0.018504900857806206]"
cm-strong,ooc,927,710,94,0,0.25106096267700195,"[94, 31, 122, 87, 515]","[0.25106096267700195, 0.056056637316942215, 0.04396631941199303, 0.032615695148706436, 0.029918860644102097]"
cm-strong,ooc,928,613,920,0,0.46007639169692993,"[920, 836, 448, 835, 433]","[0.46007639169692993, 0.05402957648038864, 0.048718735575675964, 0.031870853155851364, 0.0299454964697361]"
cm-strong,ooc,929,574,339,0,0.1511082500219345,"[339, 352, 8, 211, 168]","[0.1511082500219345, 0.08227123320102692, 0.08008142560720444, 0.06343214213848114, 0.038177210837602615]"
cm-strong,ooc,930,882,558,0,0.07137366384267807,"[558, 764, 471, 875, 866]","[0.07137366384267807, 0.04805285483598709, 0.04635118693113327, 0.03526443988084793, 0.032202739268541336]"
cm-strong,ooc,931,647,458,0,0.21299242973327637,"[458, 519, 398, 492, 807]","[0.21299242973327637, 0.06338227540254593, 0.05759206414222717, 0.035310905426740646, 0.032001130282878876]"
cm-strong,ooc,932,737,737,1,0.35059839487075806,"[737, 440, 692, 412, 674]","[0.35059839487075806, 0.24535001814365387, 0.13605466485023499, 0.04440615698695183, 0.03355538100004196]"
cm-strong,ooc,933,963,963,1,0.5001969933509827,"[963, 599, 410, 329, 328]","[0.5001969933509827, 0.2153898924589157, 0.04315976798534393, 0.035978928208351135, 0.025837408378720284]"
cm-strong,ooc,934,662,637,0,0.17253197729587555,"[637, 744, 704, 721, 615]","[0.17253197729587555, 0.051996052265167236, 0.04918898642063141, 0.02603786252439022, 0.024990258738398552]"
cm-strong,ooc,935,891,891,1,0.8753970861434937,"[891, 765, 474, 459, 469]","[0.8753970861434937, 0.036042746156454086, 0.0048151821829378605, 0.0035260687582194805, 0.003233565017580986]"
cm-strong,ooc,936,891,458,0,0.3266543447971344,"[458, 891, 807, 791, 703]","[0.3266543447971344, 0.2840210199356079, 0.027588851749897003, 0.027070924639701843, 0.02416198141872883]"
cm-strong,ooc,937,710,522,0,0.19155491888523102,"[522, 984, 646, 843, 621]","[0.19155491888523102, 0.18207314610481262, 0.08452778309583664, 0.08037877082824707, 0.07022625207901001]"
cm-strong,ooc,938,188,267,0,0.16769003868103027,"[267, 99, 137, 349, 146]","[0.16769003868103027, 0.13380590081214905, 0.12313524633646011, 0.07720185071229935, 0.064633809030056]"
cm-strong,ooc,939,503,476,0,0.12267188727855682,"[476, 702, 794, 495, 421]","[0.12267188727855682, 0.06096100062131882, 0.0464816689491272, 0.03298507630825043, 0.029952378943562508]"
cm-strong,ooc,940,849,653,0,0.49338042736053467,"[653, 849, 725, 719, 901]","[0.49338042736053467, 0.27808868885040283, 0.1171235516667366, 0.018853217363357544, 0.018804196268320084]"
cm-strong,ooc,941,968,659,0,0.40404048562049866,"[659, 686, 809, 968, 898]","[0.40404048562049866, 0.11047126352787018, 0.06921090930700302, 0.04185497760772705, 0.02677653171122074]"
cm-strong,ooc,942,438,109,0,0.40160664916038513,"[109, 720, 588, 700, 850]","[0.40160664916038513, 0.23749518394470215, 0.10963285714387894, 0.020233212038874626, 0.018628424033522606]"
cm-strong,ooc,943,530,530,1,0.41418278217315674,"[530, 662, 660, 531, 782]","[0.41418278217315674, 0.07910992950201035, 0.05856885761022568, 0.05748085305094719, 0.03198904171586037]"
cm-strong,ooc,944,613,613,1,0.8759075999259949,"[613, 739, 447, 399, 882]","[0.8759075999259949, 0.012774934992194176, 0.007288273889571428, 0.0069504412822425365, 0.0067955306731164455]"
cm-strong,ooc,945,786,526,0,0.23570775985717773,"[526, 782, 786, 499, 412]","[0.23570775985717773, 0.07207606732845306, 0.059663642197847366, 0.04668337479233742, 0.04190018028020859]"
cm-strong,ooc,946,466,466,1,0.3793470859527588,"[466, 146, 518, 404, 908]","[0.3793470859527588, 0.07261767983436584, 0.06792690604925156, 0.05450257658958435, 0.050479475408792496]"
cm-strong,ooc,947,466,757,0,0.16732870042324066,"[757, 756, 597, 466, 394]","[0.16732870042324066, 0.09551902860403061, 0.059870243072509766, 0.033676356077194214, 0.028077643364667892]"
cm-strong,ooc,948,466,410,0,0.538292407989502,"[410, 756, 8, 131, 89]","[0.538292407989502, 0.12180576473474503, 0.04868697375059128, 0.03455118089914322, 0.0195358507335186]"
cm-strong,ooc,949,547,547,1,0.8879162073135376,"[547, 705, 595, 866, 675]","[0.8879162073135376, 0.048552725464105606, 0.04143321514129639, 0.0027408453170210123, 0.0026578460820019245]"
cm-strong,ooc,950,547,547,1,0.38957589864730835,"[547, 554, 565, 914, 820]","[0.38957589864730835, 0.1308593451976776, 0.09540387988090515, 0.0615917332470417, 0.03881131857633591]"
cm-strong,ooc,951,547,414,0,0.057444509118795395,"[414, 508, 705, 790, 485]","[0.057444509118795395, 0.04422581195831299, 0.04238139092922211, 0.03898585960268974, 0.035941991955041885]"
cm-strong,ooc,952,466,89,0,0.297084778547287,"[89, 756, 6, 621, 805]","[0.297084778547287, 0.07473772764205933, 0.03592187911272049, 0.0343300923705101, 0.027621502056717873]"
cm-strong,ooc,953,466,764,0,0.30617403984069824,"[764, 777, 547, 742, 705]","[0.30617403984069824, 0.11838581413030624, 0.10173291712999344, 0.05517119914293289, 0.03374384716153145]"
cm-strong,ooc,954,829,829,1,0.7235947847366333,"[829, 705, 874, 743, 454]","[0.7235947847366333, 0.0727786272764206, 0.0507056787610054, 0.015718990936875343, 0.01075032725930214]"
cm-strong,ooc,955,547,547,1,0.8406524658203125,"[547, 705, 660, 510, 498]","[0.8406524658203125, 0.07250510156154633, 0.011496758088469505, 0.00872115883976221, 0.006510509178042412]"
cm-strong,ooc,956,829,829,1,0.1069173812866211,"[829, 756, 660, 509, 866]","[0.1069173812866211, 0.07254794239997864, 0.06203422695398331, 0.054922785609960556, 0.04377657547593117]"
cm-strong,ooc,957,829,637,0,0.21387554705142975,"[637, 704, 519, 707, 412]","[0.21387554705142975, 0.1022687554359436, 0.04706806316971779, 0.039738092571496964, 0.03459283336997032]"
cm-strong,ooc,958,829,803,0,0.3683314323425293,"[803, 569, 757, 475, 874]","[0.3683314323425293, 0.14018014073371887, 0.0903586745262146, 0.031606003642082214, 0.03053908236324787]"
cm-strong,ooc,959,820,820,1,0.9924926161766052,"[820, 856, 802, 537, 866]","[0.9924926161766052, 0.0028519087936729193, 0.0012810979969799519, 0.0004903936642222106, 0.0004535500193014741]"
cm-strong,ooc,960,820,547,0,0.16117945313453674,"[547, 465, 652, 820, 407]","[0.16117945313453674, 0.1406918615102768, 0.06955698132514954, 0.05304434895515442, 0.04373617842793465]"
cm-strong,ooc,961,829,829,1,0.8246577382087708,"[829, 654, 874, 779, 705]","[0.8246577382087708, 0.07277235388755798, 0.052768856287002563, 0.013967867009341717, 0.00686128344386816]"
cm-strong,ooc,962,820,30,0,0.17778444290161133,"[30, 295, 428, 159, 234]","[0.17778444290161133, 0.08282869309186935, 0.044561952352523804, 0.02962007187306881, 0.025166943669319153]"
cm-strong,ooc,963,829,829,1,0.23592302203178406,"[829, 652, 569, 565, 888]","[0.23592302203178406, 0.1407237946987152, 0.1359185427427292, 0.07407480478286743, 0.05165645480155945]"
cm-strong,ooc,964,829,829,1,0.13219581544399261,"[829, 436, 654, 555, 751]","[0.13219581544399261, 0.10557133704423904, 0.07533921301364899, 0.05424012243747711, 0.050626784563064575]"
cm-strong,ooc,965,829,829,1,0.6054176092147827,"[829, 654, 874, 408, 705]","[0.6054176092147827, 0.1842869222164154, 0.12455976009368896, 0.058501482009887695, 0.0045146276243031025]"
cm-strong,ooc,966,820,820,1,0.6339981555938721,"[820, 867, 450, 569, 652]","[0.6339981555938721, 0.038762014359235764, 0.03581274673342705, 0.03127202019095421, 0.02105569839477539]"
cm-strong,ooc,967,829,829,1,0.9623691439628601,"[829, 561, 637, 412, 517]","[0.9623691439628601, 0.0057992166839540005, 0.0038208728656172752, 0.00354875810444355, 0.002620935905724764]"
cm-strong,ooc,968,102,102,1,0.9960466027259827,"[102, 337, 8, 334, 103]","[0.9960466027259827, 0.0005447123548947275, 0.0005411335150711238, 0.000423726683948189, 0.00025569723220542073]"
cm-strong,ooc,969,850,266,0,0.2995978593826294,"[266, 202, 191, 265, 189]","[0.2995978593826294, 0.1713230162858963, 0.11690503358840942, 0.11245596408843994, 0.06799490004777908]"
cm-strong,ooc,970,850,991,0,0.13232481479644775,"[991, 997, 994, 850, 448]","[0.13232481479644775, 0.10384699702262878, 0.09978090226650238, 0.09558378905057907, 0.09519489854574203]"
cm-strong,ooc,971,539,815,0,0.20869497954845428,"[815, 319, 47, 517, 6]","[0.20869497954845428, 0.16030248999595642, 0.0911766067147255, 0.06267450004816055, 0.021205250173807144]"
cm-strong,ooc,972,374,374,1,0.479042649269104,"[374, 373, 104, 381, 372]","[0.479042649269104, 0.10736504942178726, 0.1050044521689415, 0.059978947043418884, 0.05583193153142929]"
cm-strong,ooc,973,601,689,0,0.6876702904701233,"[689, 601, 578, 869, 775]","[0.6876702904701233, 0.16425764560699463, 0.08125071972608566, 0.02066357247531414, 0.019529111683368683]"
cm-strong,ooc,974,929,703,0,0.12778422236442566,"[703, 657, 912, 471, 694]","[0.12778422236442566, 0.11495442688465118, 0.09893552958965302, 0.08612070232629776, 0.06139093637466431]"
cm-strong,ooc,975,203,203,1,0.24878865480422974,"[203, 229, 259, 192, 170]","[0.24878865480422974, 0.07041096687316895, 0.06318806856870651, 0.053329892456531525, 0.051515135914087296]"
cm-strong,ooc,976,532,532,1,0.2060815691947937,"[532, 315, 317, 492, 90]","[0.2060815691947937, 0.141229510307312, 0.1055486798286438, 0.07652570307254791, 0.06866028904914856]"
cm-strong,ooc,977,153,203,0,0.18882209062576294,"[203, 257, 89, 189, 219]","[0.18882209062576294, 0.11435525864362717, 0.10969794541597366, 0.0892288088798523, 0.07190442830324173]"
cm-strong,ooc,978,733,733,1,0.6996450424194336,"[733, 977, 835, 795, 792]","[0.6996450424194336, 0.06954789161682129, 0.01098940335214138, 0.00983523577451706, 0.009824351407587528]"
cm-strong,ooc,979,363,363,1,0.218408465385437,"[363, 342, 67, 275, 82]","[0.218408465385437, 0.03198186680674553, 0.02758045494556427, 0.02554023452103138, 0.024927500635385513]"
cm-strong,ooc,980,674,784,0,0.08293364197015762,"[784, 428, 634, 827, 621]","[0.08293364197015762, 0.0585177056491375, 0.0483466312289238, 0.034131672233343124, 0.03289986029267311]"
cm-strong,ooc,981,778,999,0,0.16904355585575104,"[999, 591, 478, 606, 896]","[0.16904355585575104, 0.08490896970033646, 0.04593934491276741, 0.03851354494690895, 0.03769345581531525]"
cm-strong,ooc,982,765,721,0,0.09979803115129471,"[721, 819, 443, 638, 591]","[0.09979803115129471, 0.08218829333782196, 0.08171482384204865, 0.05071616172790527, 0.03441840410232544]"
cm-strong,ooc,983,161,161,1,0.22408391535282135,"[161, 104, 162, 235, 274]","[0.22408391535282135, 0.1903540939092636, 0.08848506212234497, 0.07950221002101898, 0.036906152963638306]"
cm-strong,ooc,984,539,169,0,0.31617993116378784,"[169, 172, 273, 235, 269]","[0.31617993116378784, 0.24620948731899261, 0.03839848190546036, 0.03647250309586525, 0.03380030393600464]"
cm-strong,ooc,985,999,807,0,0.5322861075401306,"[807, 21, 81, 17, 395]","[0.5322861075401306, 0.06550780683755875, 0.04201032593846321, 0.03066772036254406, 0.02205757237970829]"
cm-strong,ooc,986,715,490,0,0.09336116164922714,"[490, 263, 253, 196, 251]","[0.09336116164922714, 0.07425962388515472, 0.05786451697349548, 0.04796450585126877, 0.03395506367087364]"
cm-strong,ooc,987,153,87,0,0.2589229345321655,"[87, 153, 194, 204, 203]","[0.2589229345321655, 0.21062155067920685, 0.17497378587722778, 0.06430747359991074, 0.06158580258488655]"
cm-strong,ooc,988,161,161,1,0.1467517912387848,"[161, 345, 247, 162, 338]","[0.1467517912387848, 0.0958675965666771, 0.0744887962937355, 0.06369274109601974, 0.059835050255060196]"
cm-strong,ooc,989,543,417,0,0.20800209045410156,"[417, 443, 132, 471, 405]","[0.20800209045410156, 0.08769973367452621, 0.076618492603302, 0.05932470038533211, 0.055382464081048965]"
cm-strong,ooc,990,161,129,0,0.166274756193161,"[129, 218, 213, 970, 33]","[0.166274756193161, 0.11494922637939453, 0.09676584601402283, 0.07008247077465057, 0.06991345435380936]"
cm-strong,ooc,991,849,504,0,0.2614593207836151,"[504, 438, 804, 968, 773]","[0.2614593207836151, 0.1437682807445526, 0.08573398739099503, 0.07096990942955017, 0.04997215420007706]"
cm-strong,ooc,992,422,352,0,0.09761106967926025,"[352, 134, 132, 172, 270]","[0.09761106967926025, 0.09315197169780731, 0.08813809603452682, 0.037618208676576614, 0.0221078060567379]"
cm-strong,ooc,993,157,261,0,0.5788329243659973,"[261, 248, 284, 332, 250]","[0.5788329243659973, 0.06497510522603989, 0.05605392903089523, 0.02765508182346821, 0.01805339939892292]"
cm-strong,ooc,994,193,235,0,0.6943966746330261,"[235, 244, 275, 255, 271]","[0.6943966746330261, 0.08144573122262955, 0.060454364866018295, 0.04310149326920509, 0.01793520711362362]"
cm-strong,ooc,995,728,115,0,0.2863903343677521,"[115, 509, 730, 595, 913]","[0.2863903343677521, 0.19795458018779755, 0.029649214819073677, 0.02726471610367298, 0.020730163902044296]"
cm-strong,ooc,996,201,8,0,0.09667810052633286,"[8, 200, 265, 266, 115]","[0.09667810052633286, 0.06676685810089111, 0.06005462259054184, 0.05571311339735985, 0.05403687059879303]"
cm-strong,ooc,997,174,261,0,0.385720431804657,"[261, 255, 269, 198, 174]","[0.385720431804657, 0.2040417194366455, 0.06517455726861954, 0.05712461099028587, 0.03631622716784477]"
cm-strong,ooc,998,171,236,0,0.2725793421268463,"[236, 171, 237, 178, 94]","[0.2725793421268463, 0.1266002357006073, 0.11982715874910355, 0.03447587415575981, 0.031851693987846375]"
cm-strong,ooc,999,161,161,1,0.6601976156234741,"[161, 162, 338, 164, 167]","[0.6601976156234741, 0.1666904091835022, 0.04348349943757057, 0.013500126078724861, 0.009487452916800976]"
cm-strong,ooc,1000,882,756,0,0.15058176219463348,"[756, 546, 581, 882, 920]","[0.15058176219463348, 0.14648471772670746, 0.10599055886268616, 0.0849938690662384, 0.039881784468889236]"
cm-strong,ooc,1001,199,369,0,0.3449760377407074,"[369, 367, 366, 223, 297]","[0.3449760377407074, 0.22853226959705353, 0.18455448746681213, 0.03392038121819496, 0.027301864698529243]"
cm-strong,ooc,1002,226,351,0,0.18639805912971497,"[351, 213, 246, 207, 255]","[0.18639805912971497, 0.12333255261182785, 0.11067093163728714, 0.07257022708654404, 0.0506601557135582]"
cm-strong,ooc,1003,559,765,0,0.36421775817871094,"[765, 516, 559, 752, 619]","[0.36421775817871094, 0.10947006940841675, 0.038892779499292374, 0.030581682920455933, 0.02748304232954979]"
cm-strong,ooc,1004,532,23,0,0.07050357013940811,"[23, 442, 858, 583, 879]","[0.07050357013940811, 0.061819352209568024, 0.06122564896941185, 0.05328704044222832, 0.045378923416137695]"
cm-strong,ooc,1005,882,756,0,0.1367843747138977,"[756, 820, 544, 110, 528]","[0.1367843747138977, 0.07332601398229599, 0.06642179191112518, 0.05649242177605629, 0.048460543155670166]"
cm-strong,ooc,1006,174,174,1,0.1575748771429062,"[174, 246, 261, 244, 87]","[0.1575748771429062, 0.1175287663936615, 0.0726868137717247, 0.06923709809780121, 0.06027770787477493]"
cm-strong,ooc,1007,86,86,1,0.6272525191307068,"[86, 82, 178, 243, 23]","[0.6272525191307068, 0.23178085684776306, 0.03181006759405136, 0.00887357722967863, 0.008457542397081852]"
cm-strong,ooc,1008,178,178,1,0.7626540660858154,"[178, 209, 159, 168, 273]","[0.7626540660858154, 0.05464700609445572, 0.05096182972192764, 0.036767181009054184, 0.027059920132160187]"
cm-strong,ooc,1009,252,212,0,0.5349857807159424,"[212, 8, 196, 192, 217]","[0.5349857807159424, 0.05345107242465019, 0.04188758134841919, 0.02169153466820717, 0.020798172801733017]"
cm-strong,ooc,1010,156,214,0,0.19595028460025787,"[214, 261, 256, 224, 235]","[0.19595028460025787, 0.12661422789096832, 0.10800432413816452, 0.04690234363079071, 0.040361188352108]"
cm-strong,ooc,1011,208,208,1,0.2265179455280304,"[208, 332, 212, 207, 153]","[0.2265179455280304, 0.06970449537038803, 0.05060923844575882, 0.04555059224367142, 0.031592678278684616]"
cm-strong,ooc,1012,543,393,0,0.8751958608627319,"[393, 108, 396, 973, 115]","[0.8751958608627319, 0.12361009418964386, 0.001009959145449102, 3.576851304387674e-05, 2.084115840261802e-05]"
cm-strong,ooc,1013,444,58,0,0.133912593126297,"[58, 772, 506, 477, 581]","[0.133912593126297, 0.06415760517120361, 0.061971090734004974, 0.05782260745763779, 0.03476443886756897]"
cm-strong,ooc,1014,823,617,0,0.3204898536205292,"[617, 557, 610, 823, 132]","[0.3204898536205292, 0.14325255155563354, 0.11910998076200485, 0.029746076092123985, 0.021717725321650505]"
cm-strong,ooc,1015,841,17,0,0.21897001564502716,"[17, 255, 614, 775, 615]","[0.21897001564502716, 0.0434039905667305, 0.04120996594429016, 0.03851941227912903, 0.030975017696619034]"
cm-strong,ooc,1016,581,891,0,0.23425087332725525,"[891, 546, 508, 791, 534]","[0.23425087332725525, 0.09204111248254776, 0.07799427956342697, 0.05752319470047951, 0.0527094341814518]"
cm-strong,ooc,1017,601,750,0,0.23553438484668732,"[750, 831, 697, 532, 790]","[0.23553438484668732, 0.0880487859249115, 0.060172516852617264, 0.049484457820653915, 0.030844327062368393]"
cm-strong,ooc,1018,857,842,0,0.1398855596780777,"[842, 445, 639, 808, 417]","[0.1398855596780777, 0.139302596449852, 0.06302677094936371, 0.05660215765237808, 0.04342065379023552]"
cm-strong,ooc,1019,822,394,0,0.2012866586446762,"[394, 58, 390, 28, 127]","[0.2012866586446762, 0.06920572370290756, 0.06846925616264343, 0.05188487097620964, 0.033022861927747726]"
cm-strong,ooc,1020,543,970,0,0.8012692332267761,"[970, 980, 979, 972, 30]","[0.8012692332267761, 0.052885185927152634, 0.040914151817560196, 0.007723667658865452, 0.007190251257270575]"
cm-strong,ooc,1021,559,559,1,0.3357086479663849,"[559, 765, 694, 516, 448]","[0.3357086479663849, 0.17032399773597717, 0.10238359868526459, 0.03315778449177742, 0.031192850321531296]"
cm-strong,ooc,1022,863,441,0,0.09594956785440445,"[441, 773, 629, 615, 470]","[0.09594956785440445, 0.06692472100257874, 0.06638301908969879, 0.06600727885961533, 0.0367722287774086]"
cm-strong,ooc,1023,486,6,0,0.08972908556461334,"[6, 84, 280, 330, 331]","[0.08972908556461334, 0.07682262361049652, 0.07542473077774048, 0.062164485454559326, 0.03427842631936073]"
cm-strong,ooc,1024,450,656,0,0.06493979692459106,"[656, 833, 817, 510, 751]","[0.06493979692459106, 0.06266038119792938, 0.05239641293883324, 0.04953805357217789, 0.047045979648828506]"
cm-strong,ooc,1025,615,65,0,0.07618619501590729,"[65, 296, 973, 150, 801]","[0.07618619501590729, 0.07223406434059143, 0.07141819596290588, 0.06549102813005447, 0.050641871988773346]"
cm-strong,ooc,1026,579,579,1,0.9541922211647034,"[579, 598, 550, 642, 919]","[0.9541922211647034, 0.006622297689318657, 0.0035633156076073647, 0.002688690321519971, 0.0018340521492064]"
cm-strong,ooc,1027,790,810,0,0.10555332154035568,"[810, 845, 751, 791, 819]","[0.10555332154035568, 0.06272733211517334, 0.05134940519928932, 0.045094896107912064, 0.03188098222017288]"
cm-strong,ooc,1028,160,773,0,0.07327777147293091,"[773, 704, 890, 137, 767]","[0.07327777147293091, 0.07206620275974274, 0.06817783415317535, 0.054974183440208435, 0.054356858134269714]"
cm-strong,ooc,1029,422,920,0,0.1278143674135208,"[920, 404, 130, 908, 433]","[0.1278143674135208, 0.07862918078899384, 0.06843231618404388, 0.0600038543343544, 0.05875696986913681]"
cm-strong,ooc,1030,882,113,0,0.2881816327571869,"[113, 327, 966, 114, 633]","[0.2881816327571869, 0.08612671494483948, 0.048163335770368576, 0.0323551706969738, 0.032094135880470276]"
cm-strong,ooc,1031,608,386,0,0.19152185320854187,"[386, 706, 458, 608, 471]","[0.19152185320854187, 0.052481215447187424, 0.04467383027076721, 0.0429428406059742, 0.03816049546003342]"
cm-strong,ooc,1032,489,912,0,0.20236724615097046,"[912, 489, 523, 9, 230]","[0.20236724615097046, 0.09604740887880325, 0.08377836644649506, 0.050538741052150726, 0.03380080685019493]"
cm-strong,ooc,1033,212,212,1,0.2518315613269806,"[212, 8, 280, 286, 935]","[0.2518315613269806, 0.24881385266780853, 0.042358845472335815, 0.041479773819446564, 0.033806733787059784]"
cm-strong,ooc,1034,145,172,0,0.08565737307071686,"[172, 429, 171, 251, 872]","[0.08565737307071686, 0.04385366663336754, 0.04047894850373268, 0.03928697109222412, 0.029312632977962494]"
cm-strong,ooc,1035,103,213,0,0.12780028581619263,"[213, 6, 345, 234, 161]","[0.12780028581619263, 0.06824978440999985, 0.045031558722257614, 0.04323635995388031, 0.042747922241687775]"
cm-strong,ooc,1036,148,819,0,0.4840843677520752,"[819, 788, 416, 575, 880]","[0.4840843677520752, 0.14069116115570068, 0.11620772629976273, 0.04001351445913315, 0.01812075823545456]"
cm-strong,ooc,1037,149,6,0,0.16745659708976746,"[6, 842, 488, 145, 327]","[0.16745659708976746, 0.05748185142874718, 0.05315183103084564, 0.047133807092905045, 0.043640900403261185]"
cm-strong,ooc,1038,103,150,0,0.08624444156885147,"[150, 268, 286, 99, 128]","[0.08624444156885147, 0.054304540157318115, 0.05010933429002762, 0.03859737887978554, 0.03824799135327339]"
cm-strong,ooc,1039,148,18,0,0.21222348511219025,"[18, 143, 146, 131, 148]","[0.21222348511219025, 0.058386512100696564, 0.05522464960813522, 0.055022675544023514, 0.05338878929615021]"
cm-strong,ooc,1040,148,195,0,0.15674716234207153,"[195, 245, 253, 242, 726]","[0.15674716234207153, 0.049960892647504807, 0.04645831137895584, 0.03372540697455406, 0.022493459284305573]"
cm-strong,ooc,1041,148,976,0,0.09788984060287476,"[976, 354, 977, 394, 34]","[0.09788984060287476, 0.09712166339159012, 0.05019625276327133, 0.03637516871094704, 0.0331425778567791]"
cm-strong,ooc,1042,983,14,0,0.11151424050331116,"[14, 382, 18, 379, 378]","[0.11151424050331116, 0.09305606782436371, 0.08282192051410675, 0.06161161884665489, 0.038443952798843384]"
cm-strong,ooc,1043,842,898,0,0.11039692908525467,"[898, 228, 412, 637, 756]","[0.11039692908525467, 0.06845558434724808, 0.060613103210926056, 0.058852847665548325, 0.043332796543836594]"
cm-strong,ooc,1044,1,88,0,0.17409469187259674,"[88, 96, 134, 1, 994]","[0.17409469187259674, 0.06978031247854233, 0.055062755942344666, 0.052794087678194046, 0.04700765013694763]"
cm-strong,ooc,1045,36,58,0,0.0919761210680008,"[58, 65, 30, 116, 41]","[0.0919761210680008, 0.05009349063038826, 0.03744474798440933, 0.028847508132457733, 0.01778770424425602]"
cm-strong,ooc,1046,155,155,1,0.31768080592155457,"[155, 202, 204, 196, 201]","[0.31768080592155457, 0.2839087247848511, 0.17318089306354523, 0.0987306609749794, 0.024596260860562325]"
cm-strong,ooc,1047,148,708,0,0.294815331697464,"[708, 421, 879, 448, 497]","[0.294815331697464, 0.1004050150513649, 0.07386532425880432, 0.05444781109690666, 0.04046665132045746]"
cm-strong,ooc,1048,148,4,0,0.21989762783050537,"[4, 145, 6, 148, 150]","[0.21989762783050537, 0.1426400989294052, 0.11842500418424606, 0.08761007338762283, 0.0699671134352684]"
cm-strong,ooc,1049,822,94,0,0.16519087553024292,"[94, 19, 133, 723, 822]","[0.16519087553024292, 0.07253985106945038, 0.06721596419811249, 0.0498141311109066, 0.047772109508514404]"
cm-strong,ooc,1050,842,744,0,0.08920793980360031,"[744, 842, 534, 51, 713]","[0.08920793980360031, 0.06133110821247101, 0.04977145045995712, 0.04480479657649994, 0.03149353712797165]"
cm-strong,ooc,1051,150,284,0,0.10935217142105103,"[284, 283, 554, 224, 562]","[0.10935217142105103, 0.10297958552837372, 0.07227151095867157, 0.04494241252541542, 0.02473612129688263]"
cm-strong,ooc,1052,148,18,0,0.2204689234495163,"[18, 148, 145, 99, 727]","[0.2204689234495163, 0.14893920719623566, 0.1444636881351471, 0.11534567177295685, 0.02995203249156475]"
cm-strong,ooc,1053,420,420,1,0.6767978072166443,"[420, 557, 758, 672, 23]","[0.6767978072166443, 0.014501179568469524, 0.011524843983352184, 0.010333874262869358, 0.009381533600389957]"
cm-strong,ooc,1054,932,124,0,0.3482717275619507,"[124, 125, 141, 79, 135]","[0.3482717275619507, 0.10395761579275131, 0.04764813184738159, 0.038259558379650116, 0.030887769535183907]"
cm-strong,ooc,1055,862,634,0,0.15567246079444885,"[634, 437, 858, 544, 525]","[0.15567246079444885, 0.08453165739774704, 0.07741740345954895, 0.045010343194007874, 0.041089415550231934]"
cm-strong,ooc,1056,964,329,0,0.23007377982139587,"[329, 390, 109, 119, 973]","[0.23007377982139587, 0.14734189212322235, 0.08792801946401596, 0.08088357746601105, 0.03932676464319229]"
cm-strong,ooc,1057,76,977,0,0.351447731256485,"[977, 913, 978, 751, 460]","[0.351447731256485, 0.12985622882843018, 0.08221403509378433, 0.05267341062426567, 0.05264453962445259]"
cm-strong,ooc,1058,563,559,0,0.18539032340049744,"[559, 764, 677, 753, 784]","[0.18539032340049744, 0.09528979659080505, 0.061587993055582047, 0.0535040944814682, 0.04174141213297844]"
cm-strong,ooc,1059,329,977,0,0.17772504687309265,"[977, 58, 975, 814, 694]","[0.17772504687309265, 0.12190506607294083, 0.03509725630283356, 0.03456495702266693, 0.03289497271180153]"
cm-strong,ooc,1060,928,215,0,0.30408403277397156,"[215, 218, 173, 348, 169]","[0.30408403277397156, 0.2290719449520111, 0.06527572870254517, 0.03415752202272415, 0.028264859691262245]"
cm-strong,ooc,1061,420,597,0,0.11458045989274979,"[597, 879, 478, 519, 492]","[0.11458045989274979, 0.11053481698036194, 0.07120758295059204, 0.043932586908340454, 0.029380273073911667]"
cm-strong,ooc,1062,45,970,0,0.6410629153251648,"[970, 979, 980, 672, 978]","[0.6410629153251648, 0.10711183398962021, 0.1070810928940773, 0.020340127870440483, 0.012628532946109772]"
cm-strong,ooc,1063,963,351,0,0.37899988889694214,"[351, 352, 353, 213, 112]","[0.37899988889694214, 0.07315853983163834, 0.06109647452831268, 0.0471268966794014, 0.032750148326158524]"
cm-strong,ooc,1064,17,977,0,0.2097366750240326,"[977, 975, 978, 807, 13]","[0.2097366750240326, 0.07953831553459167, 0.05400999262928963, 0.051241543143987656, 0.04182250797748566]"
cm-strong,ooc,1065,420,420,1,0.6036930084228516,"[420, 910, 551, 813, 402]","[0.6036930084228516, 0.0481259860098362, 0.0472814179956913, 0.028209444135427475, 0.02402963861823082]"
cm-strong,ooc,1066,737,755,0,0.17504531145095825,"[755, 727, 807, 908, 657]","[0.17504531145095825, 0.16522394120693207, 0.11954984813928604, 0.054973237216472626, 0.048064153641462326]"
cm-strong,ooc,1067,420,420,1,0.8841763138771057,"[420, 127, 577, 822, 541]","[0.8841763138771057, 0.03322848677635193, 0.006158157251775265, 0.005253845825791359, 0.005110832862555981]"
cm-strong,ooc,1068,513,908,0,0.16092512011528015,"[908, 895, 560, 405, 450]","[0.16092512011528015, 0.13310940563678741, 0.056527379900217056, 0.050619374960660934, 0.04960315674543381]"
cm-strong,ooc,1069,27,138,0,0.33885014057159424,"[138, 646, 353, 730, 355]","[0.33885014057159424, 0.05773605406284332, 0.052579402923583984, 0.04534696042537689, 0.03018948808312416]"
cm-strong,ooc,1070,420,915,0,0.18474100530147552,"[915, 624, 420, 879, 506]","[0.18474100530147552, 0.08567319065332413, 0.05256060138344765, 0.049231838434934616, 0.03754529729485512]"
cm-strong,ooc,1071,186,275,0,0.12388849258422852,"[275, 271, 276, 330, 336]","[0.12388849258422852, 0.10554112493991852, 0.09855394065380096, 0.05825378745794296, 0.04504217952489853]"
cm-strong,ooc,1072,305,471,0,0.14994937181472778,"[471, 261, 214, 170, 235]","[0.14994937181472778, 0.053632888942956924, 0.04396038129925728, 0.042551420629024506, 0.04044872149825096]"
cm-strong,ooc,1073,27,978,0,0.2628684341907501,"[978, 802, 814, 408, 450]","[0.2628684341907501, 0.18417097628116608, 0.1285477727651596, 0.07082892954349518, 0.048829637467861176]"
cm-strong,ooc,1074,681,594,0,0.9921104311943054,"[594, 486, 854, 687, 696]","[0.9921104311943054, 0.0011567610781639814, 0.0009821733692660928, 0.0003633029409684241, 0.00033870406332425773]"
cm-strong,ooc,1075,790,790,1,0.8141789436340332,"[790, 489, 994, 949, 947]","[0.8141789436340332, 0.023461226373910904, 0.011993076652288437, 0.008632590062916279, 0.00862231757491827]"
cm-strong,ooc,1076,679,20,0,0.18232209980487823,"[20, 658, 562, 880, 616]","[0.18232209980487823, 0.0825759768486023, 0.06618611514568329, 0.02898363396525383, 0.02889677882194519]"
cm-strong,ooc,1077,441,728,0,0.13050739467144012,"[728, 441, 405, 417, 569]","[0.13050739467144012, 0.121975839138031, 0.0771874412894249, 0.04154703766107559, 0.03008199855685234]"
cm-strong,ooc,1078,929,975,0,0.14560917019844055,"[975, 863, 538, 437, 727]","[0.14560917019844055, 0.08948632329702377, 0.07737420499324799, 0.048858437687158585, 0.045410919934511185]"
cm-strong,ooc,1079,87,87,1,0.9849721789360046,"[87, 828, 679, 203, 257]","[0.9849721789360046, 0.0030929655767977238, 0.0014870741870254278, 0.0010868310928344727, 0.0006458520074374974]"
cm-strong,ooc,1080,268,373,0,0.1649443805217743,"[373, 390, 357, 291, 81]","[0.1649443805217743, 0.10333863645792007, 0.07191168516874313, 0.03881597891449928, 0.038009416311979294]"
cm-strong,ooc,1081,882,775,0,0.10120053589344025,"[775, 523, 733, 616, 862]","[0.10120053589344025, 0.09883614629507065, 0.08042892813682556, 0.04462701454758644, 0.04413555935025215]"
cm-strong,ooc,1082,320,460,0,0.13871650397777557,"[460, 775, 693, 558, 510]","[0.13871650397777557, 0.11809205263853073, 0.05202255770564079, 0.04638250172138214, 0.04541340842843056]"
cm-strong,ooc,1083,621,657,0,0.08973833918571472,"[657, 693, 744, 456, 812]","[0.08973833918571472, 0.029789427295327187, 0.027088308706879616, 0.02573545090854168, 0.023788783699274063]"
cm-strong,ooc,1084,202,255,0,0.3096824288368225,"[255, 244, 170, 182, 260]","[0.3096824288368225, 0.18299861252307892, 0.12088240683078766, 0.07041928917169571, 0.06192248314619064]"
cm-strong,ooc,1085,430,417,0,0.4663398563861847,"[417, 701, 405, 146, 958]","[0.4663398563861847, 0.387058287858963, 0.01395849697291851, 0.012757274322211742, 0.012633237987756729]"
cm-strong,ooc,1086,157,162,0,0.10789213329553604,"[162, 215, 283, 273, 669]","[0.10789213329553604, 0.09494253993034363, 0.07468745857477188, 0.03544272109866142, 0.03528887778520584]"
cm-strong,ooc,1087,733,765,0,0.17263445258140564,"[765, 694, 583, 789, 790]","[0.17263445258140564, 0.09247668087482452, 0.06816137582063675, 0.04441554471850395, 0.03983096778392792]"
cm-strong,ooc,1088,765,492,0,0.1457568109035492,"[492, 862, 880, 478, 410]","[0.1457568109035492, 0.06499931961297989, 0.04164479300379753, 0.035379596054553986, 0.01924753375351429]"
cm-strong,ooc,1089,231,269,0,0.24266177415847778,"[269, 255, 226, 277, 231]","[0.24266177415847778, 0.10557915270328522, 0.05536699295043945, 0.05507660657167435, 0.03992791101336479]"
cm-strong,ooc,1090,602,369,0,0.10820593684911728,"[369, 383, 489, 136, 367]","[0.10820593684911728, 0.07118944078683853, 0.039090078324079514, 0.032515522092580795, 0.030534902587532997]"
cm-strong,ooc,1091,208,785,0,0.39430129528045654,"[785, 816, 263, 208, 315]","[0.39430129528045654, 0.13538256287574768, 0.05867079272866249, 0.03397282958030701, 0.03147740289568901]"
cm-strong,ooc,1092,792,792,1,0.3102005422115326,"[792, 978, 350, 693, 977]","[0.3102005422115326, 0.06549374014139175, 0.06316528469324112, 0.0537504106760025, 0.046204786747694016]"
cm-strong,ooc,1093,621,575,0,0.08443015813827515,"[575, 472, 587, 856, 730]","[0.08443015813827515, 0.05791308730840683, 0.049189284443855286, 0.037795133888721466, 0.03681005910038948]"
cm-strong,ooc,1094,765,447,0,0.3992364704608917,"[447, 609, 489, 858, 872]","[0.3992364704608917, 0.05204490199685097, 0.02966241165995598, 0.025285732001066208, 0.020083313807845116]"
cm-strong,ooc,1095,177,177,1,0.32479363679885864,"[177, 244, 170, 255, 213]","[0.32479363679885864, 0.19641199707984924, 0.14714454114437103, 0.04070071503520012, 0.03810570389032364]"
cm-strong,ooc,1096,199,199,1,0.5056126713752747,"[199, 256, 214, 226, 197]","[0.5056126713752747, 0.08281496912240982, 0.057204291224479675, 0.05451204255223274, 0.05208763852715492]"
cm-strong,ooc,1097,645,843,0,0.2578331232070923,"[843, 733, 772, 9, 131]","[0.2578331232070923, 0.06200305372476578, 0.04784362018108368, 0.04330253228545189, 0.03740990534424782]"
cm-strong,ooc,1098,199,233,0,0.30467188358306885,"[233, 244, 256, 199, 267]","[0.30467188358306885, 0.1476447731256485, 0.1125371977686882, 0.07327727973461151, 0.05030781403183937]"
cm-strong,ooc,1099,170,271,0,0.2524496018886566,"[271, 355, 345, 272, 176]","[0.2524496018886566, 0.21197795867919922, 0.0636482983827591, 0.06029439717531204, 0.030289458110928535]"
cm-strong,ooc,1100,880,703,0,0.3977276682853699,"[703, 706, 559, 634, 415]","[0.3977276682853699, 0.23814496397972107, 0.035777367651462555, 0.029569001868367195, 0.026279255747795105]"
cm-strong,ooc,1101,188,721,0,0.21977537870407104,"[721, 411, 496, 188, 591]","[0.21977537870407104, 0.0877184197306633, 0.06775597482919693, 0.053041815757751465, 0.04919104650616646]"
cm-strong,ooc,1102,621,303,0,0.25623518228530884,"[303, 304, 11, 307, 320]","[0.25623518228530884, 0.07220949232578278, 0.03914308547973633, 0.034443024545907974, 0.02588726580142975]"
cm-strong,ooc,1103,170,386,0,0.13470697402954102,"[386, 272, 134, 385, 345]","[0.13470697402954102, 0.13015346229076385, 0.11176273971796036, 0.03719061240553856, 0.03133472427725792]"
cm-strong,ooc,1104,250,250,1,0.5190662145614624,"[250, 248, 249, 257, 173]","[0.5190662145614624, 0.19298464059829712, 0.06127791851758957, 0.03280346095561981, 0.02945568971335888]"
cm-strong,ooc,1105,354,7,0,0.14190401136875153,"[7, 8, 390, 766, 1]","[0.14190401136875153, 0.12503379583358765, 0.05058971419930458, 0.034399986267089844, 0.030292434617877007]"
cm-strong,ooc,1106,522,897,0,0.30437758564949036,"[897, 882, 492, 876, 791]","[0.30437758564949036, 0.06767582148313522, 0.054063230752944946, 0.034068066626787186, 0.03282200172543526]"
cm-strong,ooc,1107,267,267,1,0.17575763165950775,"[267, 258, 208, 212, 222]","[0.17575763165950775, 0.1586027890443802, 0.08622022718191147, 0.08197735995054245, 0.0604877769947052]"
cm-strong,ooc,1108,945,433,0,0.20886869728565216,"[433, 945, 865, 130, 989]","[0.20886869728565216, 0.1440102458000183, 0.062308792024850845, 0.054569654166698456, 0.04774729907512665]"
cm-strong,ooc,1109,340,340,1,0.9325982332229614,"[340, 429, 157, 85, 767]","[0.9325982332229614, 0.014228984713554382, 0.009609648957848549, 0.0025893165729939938, 0.002313692355528474]"
cm-strong,ooc,1110,772,835,0,0.7905711531639099,"[835, 706, 870, 412, 134]","[0.7905711531639099, 0.07974166423082352, 0.01469279732555151, 0.008562278933823109, 0.005361263174563646]"
cm-strong,ooc,1111,137,137,1,0.9326216578483582,"[137, 136, 360, 134, 386]","[0.9326216578483582, 0.01133664883673191, 0.006043191999197006, 0.004868179559707642, 0.004008723422884941]"
cm-strong,ooc,1112,212,306,0,0.29892197251319885,"[306, 171, 935, 237, 933]","[0.29892197251319885, 0.07042436301708221, 0.038336120545864105, 0.03378358110785484, 0.03211364150047302]"
cm-strong,ooc,1113,727,791,0,0.23259641230106354,"[791, 727, 525, 756, 412]","[0.23259641230106354, 0.10899027436971664, 0.04991840198636055, 0.04177362844347954, 0.040984801948070526]"
cm-strong,ooc,1114,491,981,0,0.11878548562526703,"[981, 835, 701, 135, 880]","[0.11878548562526703, 0.09351915866136551, 0.08154210448265076, 0.048261672258377075, 0.03923698514699936]"
cm-strong,ooc,1115,707,742,0,0.1285291165113449,"[742, 437, 553, 662, 701]","[0.1285291165113449, 0.09339766204357147, 0.08624433726072311, 0.06000358238816261, 0.04161135479807854]"
cm-strong,ooc,1116,929,815,0,0.17930825054645538,"[815, 72, 17, 14, 82]","[0.17930825054645538, 0.08533202111721039, 0.06611093878746033, 0.05682338401675224, 0.0508270189166069]"
cm-strong,ooc,1117,645,840,0,0.5487677454948425,"[840, 462, 636, 748, 677]","[0.5487677454948425, 0.09908486902713776, 0.02808612398803234, 0.027343248948454857, 0.013509402982890606]"
cm-strong,ooc,1118,198,170,0,0.19667115807533264,"[170, 226, 175, 269, 255]","[0.19667115807533264, 0.12403516471385956, 0.11168292164802551, 0.10521336644887924, 0.04463081806898117]"
cm-strong,ooc,1119,170,90,0,0.39572665095329285,"[90, 88, 198, 364, 16]","[0.39572665095329285, 0.21363429725170135, 0.119264617562294, 0.10015503317117691, 0.04701846465468407]"
cm-strong,ooc,1120,645,829,0,0.3733898401260376,"[829, 874, 718, 705, 580]","[0.3733898401260376, 0.33611994981765747, 0.039376094937324524, 0.030553394928574562, 0.02728535234928131]"
cm-strong,ooc,1121,181,181,1,0.161643385887146,"[181, 270, 266, 296, 222]","[0.161643385887146, 0.13673578202724457, 0.10710898786783218, 0.07166488468647003, 0.06642568111419678]"
cm-strong,ooc,1122,267,974,0,0.4668424427509308,"[974, 296, 181, 248, 222]","[0.4668424427509308, 0.21927613019943237, 0.0948074534535408, 0.030523404479026794, 0.026271648705005646]"
cm-strong,ooc,1123,340,292,0,0.4691917896270752,"[292, 340, 282, 108, 86]","[0.4691917896270752, 0.35485830903053284, 0.06285905838012695, 0.04289171099662781, 0.008943877182900906]"
cm-strong,ooc,1124,735,887,0,0.13281120359897614,"[887, 682, 562, 12, 839]","[0.13281120359897614, 0.07940826565027237, 0.07037276774644852, 0.06690916419029236, 0.04951975494623184]"
cm-strong,ooc,1125,361,361,1,0.8693605661392212,"[361, 375, 18, 93, 297]","[0.8693605661392212, 0.036616984754800797, 0.0324002206325531, 0.01900932565331459, 0.005320800002664328]"
cm-strong,ooc,1126,200,204,0,0.23646560311317444,"[204, 200, 185, 190, 153]","[0.23646560311317444, 0.137126624584198, 0.11084146052598953, 0.0777522623538971, 0.07034280151128769]"
cm-strong,ooc,1127,912,525,0,0.2523176074028015,"[525, 695, 912, 448, 427]","[0.2523176074028015, 0.24099884927272797, 0.10674501955509186, 0.0398087278008461, 0.03423606976866722]"
cm-strong,ooc,1128,160,94,0,0.21851330995559692,"[94, 16, 15, 326, 352]","[0.21851330995559692, 0.13197186589241028, 0.0823916494846344, 0.05560333654284477, 0.0493907667696476]"
cm-strong,ooc,1129,188,170,0,0.21225330233573914,"[170, 229, 525, 228, 175]","[0.21225330233573914, 0.1339244544506073, 0.05661866441369057, 0.04005999118089676, 0.035935137420892715]"
cm-strong,ooc,1130,872,744,0,0.161882683634758,"[744, 919, 701, 792, 657]","[0.161882683634758, 0.0978788509964943, 0.08069074153900146, 0.06335657835006714, 0.05040073022246361]"
cm-strong,ooc,1131,338,129,0,0.5570138096809387,"[129, 89, 332, 169, 127]","[0.5570138096809387, 0.11871922761201859, 0.11027848720550537, 0.026651456952095032, 0.011831813491880894]"
cm-strong,ooc,1132,191,255,0,0.16843397915363312,"[255, 209, 235, 191, 182]","[0.16843397915363312, 0.11818566173315048, 0.07242556661367416, 0.06718941032886505, 0.06355017423629761]"
cm-strong,ooc,1133,226,226,1,0.5368960499763489,"[226, 255, 160, 170, 220]","[0.5368960499763489, 0.09518162161111832, 0.05486637353897095, 0.05218283832073212, 0.02968384325504303]"
cm-strong,ooc,1134,953,855,0,0.1913401186466217,"[855, 397, 574, 46, 441]","[0.1913401186466217, 0.05054738000035286, 0.045902054756879807, 0.04399403929710388, 0.040540456771850586]"
cm-strong,ooc,1135,544,708,0,0.1458045095205307,"[708, 399, 649, 412, 704]","[0.1458045095205307, 0.07742872834205627, 0.054736845195293427, 0.045197777450084686, 0.04494239762425423]"
cm-strong,ooc,1136,757,757,1,0.7180158495903015,"[757, 654, 705, 675, 609]","[0.7180158495903015, 0.060726359486579895, 0.041089627891778946, 0.03914545476436615, 0.02908194251358509]"
