model,dataset,idx,label,pred,correct,conf_top1,top5_idx,top5_probs
cm-strong,inpainted,0,361,808,0,0.07457144558429718,"[808, 533, 443, 611, 868]","[0.07457144558429718, 0.06793250143527985, 0.0565764419734478, 0.04507603496313095, 0.043191004544496536]"
cm-strong,inpainted,1,383,410,0,0.07215935736894608,"[410, 132, 580, 853, 203]","[0.07215935736894608, 0.05081818625330925, 0.03861337900161743, 0.034034863114356995, 0.030747875571250916]"
cm-strong,inpainted,2,356,930,0,0.14195959270000458,"[930, 944, 568, 386, 750]","[0.14195959270000458, 0.06985503435134888, 0.04273509606719017, 0.041288964450359344, 0.03983504697680473]"
cm-strong,inpainted,3,18,344,0,0.43300190567970276,"[344, 794, 841, 19, 286]","[0.43300190567970276, 0.17178776860237122, 0.023812152445316315, 0.022441262379288673, 0.020359652116894722]"
cm-strong,inpainted,4,295,583,0,0.16131241619586945,"[583, 556, 888, 743, 799]","[0.16131241619586945, 0.1272686868906021, 0.07316892594099045, 0.06486711651086807, 0.057789772748947144]"
cm-strong,inpainted,5,112,677,0,0.21905724704265594,"[677, 324, 972, 448, 608]","[0.21905724704265594, 0.12656328082084656, 0.08223503828048706, 0.05628190189599991, 0.037380509078502655]"
cm-strong,inpainted,6,32,956,0,0.17575621604919434,"[956, 30, 32, 123, 124]","[0.17575621604919434, 0.13285323977470398, 0.07669094949960709, 0.0763561949133873, 0.03609352186322212]"
cm-strong,inpainted,7,677,749,0,0.18281565606594086,"[749, 696, 317, 320, 677]","[0.18281565606594086, 0.12055188417434692, 0.07281501591205597, 0.05729346722364426, 0.04692189395427704]"
cm-strong,inpainted,8,438,556,0,0.35486680269241333,"[556, 828, 904, 588, 811]","[0.35486680269241333, 0.09734556823968887, 0.08435226231813431, 0.04376314580440521, 0.039748936891555786]"
cm-strong,inpainted,9,409,489,0,0.1391630917787552,"[489, 821, 904, 374, 583]","[0.1391630917787552, 0.11659137159585953, 0.08285372704267502, 0.055682044476270676, 0.02512357011437416]"
cm-strong,inpainted,10,71,559,0,0.37910228967666626,"[559, 636, 618, 620, 681]","[0.37910228967666626, 0.15536485612392426, 0.04641773924231529, 0.030401691794395447, 0.020618148148059845]"
cm-strong,inpainted,11,850,905,0,0.8894286155700684,"[905, 858, 753, 790, 539]","[0.8894286155700684, 0.03240025043487549, 0.007692849729210138, 0.004063341300934553, 0.003339106449857354]"
cm-strong,inpainted,12,12,542,0,0.07182403653860092,"[542, 846, 462, 443, 644]","[0.07182403653860092, 0.057119209319353104, 0.043915752321481705, 0.03591960296034813, 0.03589053824543953]"
cm-strong,inpainted,13,899,411,0,0.24737614393234253,"[411, 750, 721, 611, 741]","[0.24737614393234253, 0.16955620050430298, 0.1214299201965332, 0.08417897671461105, 0.0762147530913353]"
cm-strong,inpainted,14,338,425,0,0.14968235790729523,"[425, 755, 660, 718, 437]","[0.14968235790729523, 0.14051289856433868, 0.08595002442598343, 0.05539330467581749, 0.03495068475604057]"
cm-strong,inpainted,15,17,700,0,0.16338849067687988,"[700, 914, 484, 780, 412]","[0.16338849067687988, 0.05833755061030388, 0.047884318977594376, 0.037486981600522995, 0.025892117992043495]"
cm-strong,inpainted,16,363,741,0,0.523199737071991,"[741, 611, 549, 539, 692]","[0.523199737071991, 0.10981765389442444, 0.06143497675657272, 0.0398157499730587, 0.030037125572562218]"
cm-strong,inpainted,17,909,519,0,0.41657155752182007,"[519, 492, 478, 516, 434]","[0.41657155752182007, 0.41539886593818665, 0.0353110209107399, 0.028229402378201485, 0.011023566126823425]"
cm-strong,inpainted,18,679,679,1,0.36519601941108704,"[679, 443, 883, 725, 618]","[0.36519601941108704, 0.0505317784845829, 0.03984404355287552, 0.035816047340631485, 0.02776198647916317]"
cm-strong,inpainted,19,618,798,0,0.2527337074279785,"[798, 911, 922, 794, 631]","[0.2527337074279785, 0.1262800544500351, 0.11285211145877838, 0.07048586755990982, 0.03292660415172577]"
cm-strong,inpainted,20,618,496,0,0.6232354044914246,"[496, 539, 533, 658, 443]","[0.6232354044914246, 0.14795827865600586, 0.07876642048358917, 0.0501072034239769, 0.025372855365276337]"
cm-strong,inpainted,21,574,462,0,0.16531677544116974,"[462, 318, 549, 846, 431]","[0.16531677544116974, 0.12318135797977448, 0.04145541414618492, 0.036224499344825745, 0.03490010276436806]"
cm-strong,inpainted,22,658,510,0,0.21048127114772797,"[510, 781, 881, 769, 481]","[0.21048127114772797, 0.16093356907367706, 0.08734666556119919, 0.04559232294559479, 0.02965182065963745]"
cm-strong,inpainted,23,461,557,0,0.11826179176568985,"[557, 794, 154, 332, 420]","[0.11826179176568985, 0.06187986209988594, 0.051953770220279694, 0.04646042361855507, 0.03276853635907173]"
cm-strong,inpainted,24,132,602,0,0.23075056076049805,"[602, 49, 975, 456, 971]","[0.23075056076049805, 0.08429037034511566, 0.04923074692487717, 0.04109560325741768, 0.030825551599264145]"
cm-strong,inpainted,25,122,519,0,0.5630477666854858,"[519, 516, 114, 677, 525]","[0.5630477666854858, 0.057257454842329025, 0.043620284646749496, 0.040442824363708496, 0.04003215581178665]"
cm-strong,inpainted,26,12,146,0,0.16885045170783997,"[146, 21, 137, 132, 394]","[0.16885045170783997, 0.0815514475107193, 0.06250262260437012, 0.06122582405805588, 0.045736879110336304]"
cm-strong,inpainted,27,679,824,0,0.049904946237802505,"[824, 446, 842, 629, 412]","[0.049904946237802505, 0.04641517996788025, 0.03850582242012024, 0.0342305451631546, 0.03235159069299698]"
cm-strong,inpainted,28,23,839,0,0.23237918317317963,"[839, 517, 733, 645, 557]","[0.23237918317317963, 0.15717370808124542, 0.13266654312610626, 0.0397777259349823, 0.03663388639688492]"
cm-strong,inpainted,29,937,5,0,0.23323757946491241,"[5, 544, 137, 567, 6]","[0.23323757946491241, 0.2243402600288391, 0.08754470199346542, 0.05667489394545555, 0.056412070989608765]"
cm-strong,inpainted,30,679,849,0,0.33159762620925903,"[849, 725, 686, 999, 505]","[0.33159762620925903, 0.10505944490432739, 0.06857059895992279, 0.06275419890880585, 0.04761674627661705]"
cm-strong,inpainted,31,335,312,0,0.1511409878730774,"[312, 311, 313, 879, 669]","[0.1511409878730774, 0.06005057319998741, 0.03914160653948784, 0.028896190226078033, 0.02289716713130474]"
cm-strong,inpainted,32,76,417,0,0.1518785059452057,"[417, 4, 405, 149, 6]","[0.1518785059452057, 0.12075517326593399, 0.04810350388288498, 0.045682113617658615, 0.03743843361735344]"
cm-strong,inpainted,33,851,548,0,0.5179241299629211,"[548, 651, 851, 492, 598]","[0.5179241299629211, 0.056132566183805466, 0.05387795716524124, 0.04337720945477486, 0.03737534210085869]"
cm-strong,inpainted,34,770,669,0,0.23972779512405396,"[669, 794, 904, 562, 885]","[0.23972779512405396, 0.18082457780838013, 0.077874556183815, 0.04648297280073166, 0.037622421979904175]"
cm-strong,inpainted,35,122,41,0,0.3118574619293213,"[41, 881, 581, 506, 772]","[0.3118574619293213, 0.13911686837673187, 0.07587805390357971, 0.04815179109573364, 0.04682425782084465]"
cm-strong,inpainted,36,712,815,0,0.5476873517036438,"[815, 381, 374, 647, 535]","[0.5476873517036438, 0.19615337252616882, 0.02774537354707718, 0.017469359561800957, 0.01289376337081194]"
cm-strong,inpainted,37,852,47,0,0.30572453141212463,"[47, 428, 298, 37, 273]","[0.30572453141212463, 0.059100814163684845, 0.05146850645542145, 0.04617464914917946, 0.04008155316114426]"
cm-strong,inpainted,38,12,846,0,0.21464987099170685,"[846, 94, 416, 587, 611]","[0.21464987099170685, 0.111273854970932, 0.059691958129405975, 0.0467819906771183, 0.03139961138367653]"
cm-strong,inpainted,39,849,248,0,0.087567999958992,"[248, 805, 574, 18, 429]","[0.087567999958992, 0.08404523879289627, 0.07585583627223969, 0.050478629767894745, 0.028785603120923042]"
cm-strong,inpainted,40,606,664,0,0.2348269671201706,"[664, 851, 598, 782, 534]","[0.2348269671201706, 0.1927831768989563, 0.06977298110723495, 0.06416671723127365, 0.04143013805150986]"
cm-strong,inpainted,41,87,777,0,0.18594372272491455,"[777, 764, 648, 587, 702]","[0.18594372272491455, 0.06721019744873047, 0.06171625852584839, 0.05072764307260513, 0.039802610874176025]"
cm-strong,inpainted,42,491,736,0,0.6569594144821167,"[736, 819, 921, 803, 610]","[0.6569594144821167, 0.023912612348794937, 0.022119218483567238, 0.0197308212518692, 0.016892559826374054]"
cm-strong,inpainted,43,964,701,0,0.12540116906166077,"[701, 21, 405, 22, 900]","[0.12540116906166077, 0.06214110180735588, 0.05444927141070366, 0.024460716173052788, 0.024161439388990402]"
cm-strong,inpainted,44,635,893,0,0.29231756925582886,"[893, 748, 632, 539, 446]","[0.29231756925582886, 0.19861817359924316, 0.14557363092899323, 0.07750388234853745, 0.047177575528621674]"
cm-strong,inpainted,45,335,753,0,0.20379650592803955,"[753, 443, 904, 539, 998]","[0.20379650592803955, 0.13374494016170502, 0.09521064907312393, 0.06712213903665543, 0.048261404037475586]"
cm-strong,inpainted,46,825,328,0,0.20941327512264252,"[328, 825, 991, 996, 82]","[0.20941327512264252, 0.09492680430412292, 0.07514988631010056, 0.06785393506288528, 0.057210445404052734]"
cm-strong,inpainted,47,863,815,0,0.1286773830652237,"[815, 580, 65, 991, 972]","[0.1286773830652237, 0.10852791368961334, 0.08942975103855133, 0.03611912205815315, 0.03442368656396866]"
cm-strong,inpainted,48,839,108,0,0.1233394518494606,"[108, 973, 953, 985, 580]","[0.1233394518494606, 0.12315268069505692, 0.09816406667232513, 0.08870118856430054, 0.07004345208406448]"
cm-strong,inpainted,49,257,977,0,0.18700143694877625,"[977, 646, 395, 347, 390]","[0.18700143694877625, 0.16481758654117584, 0.10660804063081741, 0.04048564285039902, 0.03115426003932953]"
cm-strong,inpainted,50,185,646,0,0.06616432964801788,"[646, 975, 293, 48, 212]","[0.06616432964801788, 0.04796336963772774, 0.046809203922748566, 0.045582953840494156, 0.04186899960041046]"
cm-strong,inpainted,51,489,975,0,0.09860898554325104,"[975, 703, 58, 50, 738]","[0.09860898554325104, 0.07340016961097717, 0.04533565416932106, 0.03303457051515579, 0.029990166425704956]"
cm-strong,inpainted,52,609,271,0,0.0728573203086853,"[271, 15, 329, 18, 272]","[0.0728573203086853, 0.07029584050178528, 0.03923371806740761, 0.03737785294651985, 0.03575883433222771]"
cm-strong,inpainted,53,847,979,0,0.5412117838859558,"[979, 815, 500, 330, 972]","[0.5412117838859558, 0.12334240227937698, 0.0329449400305748, 0.029597008600831032, 0.013901264406740665]"
cm-strong,inpainted,54,544,815,0,0.14732982218265533,"[815, 84, 955, 30, 738]","[0.14732982218265533, 0.10831207036972046, 0.07918768376111984, 0.04462867230176926, 0.041699159890413284]"
cm-strong,inpainted,55,179,979,0,0.1511542648077011,"[979, 330, 975, 815, 295]","[0.1511542648077011, 0.06650600582361221, 0.05309167131781578, 0.043750762939453125, 0.042310528457164764]"
cm-strong,inpainted,56,174,84,0,0.1151236891746521,"[84, 135, 825, 295, 82]","[0.1151236891746521, 0.07321702688932419, 0.04366898536682129, 0.03477505221962929, 0.02663949877023697]"
cm-strong,inpainted,57,349,84,0,0.04849597439169884,"[84, 735, 979, 410, 295]","[0.04849597439169884, 0.04742836952209473, 0.04589088261127472, 0.04019782692193985, 0.026065798476338387]"
cm-strong,inpainted,58,277,131,0,0.08030268549919128,"[131, 363, 815, 133, 276]","[0.08030268549919128, 0.03891078382730484, 0.0382787324488163, 0.030361255630850792, 0.026669155806303024]"
cm-strong,inpainted,59,518,979,0,0.5446149110794067,"[979, 646, 974, 970, 671]","[0.5446149110794067, 0.04708799347281456, 0.037006448954343796, 0.03544006869196892, 0.02510194480419159]"
cm-strong,inpainted,60,958,425,0,0.14142805337905884,"[425, 979, 839, 975, 703]","[0.14142805337905884, 0.11133989691734314, 0.10604630410671234, 0.07056120783090591, 0.05771036818623543]"
cm-strong,inpainted,61,385,9,0,0.24558499455451965,"[9, 843, 386, 839, 246]","[0.24558499455451965, 0.2140256017446518, 0.05091029778122902, 0.02225801721215248, 0.02098020166158676]"
cm-strong,inpainted,62,830,329,0,0.07774350047111511,"[329, 863, 621, 703, 646]","[0.07774350047111511, 0.05631110817193985, 0.0375497080385685, 0.02903936430811882, 0.025359276682138443]"
cm-strong,inpainted,63,132,331,0,0.2169555425643921,"[331, 330, 131, 135, 132]","[0.2169555425643921, 0.12401760369539261, 0.0731903538107872, 0.038078971207141876, 0.021341297775506973]"
cm-strong,inpainted,64,354,912,0,0.1804547756910324,"[912, 233, 580, 9, 602]","[0.1804547756910324, 0.15779103338718414, 0.10796204954385757, 0.055159397423267365, 0.037322621792554855]"
cm-strong,inpainted,65,879,975,0,0.2025301158428192,"[975, 832, 657, 646, 974]","[0.2025301158428192, 0.13519634306430817, 0.058275412768125534, 0.036488309502601624, 0.03386446833610535]"
cm-strong,inpainted,66,807,979,0,0.5868803858757019,"[979, 390, 394, 839, 395]","[0.5868803858757019, 0.07298897206783295, 0.04810750484466553, 0.03616559877991676, 0.028253959491848946]"
cm-strong,inpainted,67,863,863,1,0.354880154132843,"[863, 733, 682, 557, 538]","[0.354880154132843, 0.10567402094602585, 0.07129902392625809, 0.05682538077235222, 0.04018610343337059]"
cm-strong,inpainted,68,821,976,0,0.530479907989502,"[976, 979, 972, 980, 853]","[0.530479907989502, 0.2263648360967636, 0.07271640747785568, 0.06065453216433525, 0.025183113291859627]"
cm-strong,inpainted,69,656,972,0,0.1073075458407402,"[972, 289, 649, 979, 970]","[0.1073075458407402, 0.09267301112413406, 0.05600665509700775, 0.05183534696698189, 0.03015114925801754]"
cm-strong,inpainted,70,614,469,0,0.12519487738609314,"[469, 924, 972, 997, 912]","[0.12519487738609314, 0.10319475084543228, 0.04937075451016426, 0.046700313687324524, 0.042137663811445236]"
cm-strong,inpainted,71,294,979,0,0.22667688131332397,"[979, 976, 580, 863, 233]","[0.22667688131332397, 0.09468349814414978, 0.031111782416701317, 0.029894225299358368, 0.028957296162843704]"
cm-strong,inpainted,72,870,330,0,0.04910340905189514,"[330, 649, 106, 342, 280]","[0.04910340905189514, 0.04814426973462105, 0.03883453086018562, 0.03802769258618355, 0.03639493137598038]"
cm-strong,inpainted,73,346,980,0,0.07902572304010391,"[980, 671, 972, 839, 979]","[0.07902572304010391, 0.07018518447875977, 0.03679473698139191, 0.027995815500617027, 0.02691124938428402]"
cm-strong,inpainted,74,194,266,0,0.10637611150741577,"[266, 355, 347, 189, 348]","[0.10637611150741577, 0.07041241228580475, 0.06497502326965332, 0.05011188983917236, 0.04505033791065216]"
cm-strong,inpainted,75,287,357,0,0.14669665694236755,"[357, 342, 390, 356, 286]","[0.14669665694236755, 0.06564607471227646, 0.036641549319028854, 0.03464384377002716, 0.028425751253962517]"
cm-strong,inpainted,76,295,272,0,0.11680561304092407,"[272, 50, 103, 270, 347]","[0.11680561304092407, 0.09728047996759415, 0.030558668076992035, 0.02720615081489086, 0.02718101069331169]"
cm-strong,inpainted,77,92,17,0,0.1530141681432724,"[17, 91, 14, 11, 320]","[0.1530141681432724, 0.1414152830839157, 0.10154103487730026, 0.09913408756256104, 0.09141992777585983]"
cm-strong,inpainted,78,17,74,0,0.2764955759048462,"[74, 14, 815, 989, 319]","[0.2764955759048462, 0.18733657896518707, 0.14417225122451782, 0.06275157630443573, 0.056728579103946686]"
cm-strong,inpainted,79,105,89,0,0.14899224042892456,"[89, 695, 671, 448, 28]","[0.14899224042892456, 0.07237881422042847, 0.05429675057530403, 0.039694733917713165, 0.03579399734735489]"
cm-strong,inpainted,80,356,583,0,0.5183278322219849,"[583, 904, 799, 682, 905]","[0.5183278322219849, 0.13435637950897217, 0.10491904616355896, 0.10256154090166092, 0.04414530098438263]"
cm-strong,inpainted,81,14,12,0,0.20540465414524078,"[12, 382, 18, 16, 14]","[0.20540465414524078, 0.09184451401233673, 0.06047104299068451, 0.05786266550421715, 0.04580479487776756]"
cm-strong,inpainted,82,378,89,0,0.19313226640224457,"[89, 381, 378, 380, 135]","[0.19313226640224457, 0.11504969000816345, 0.0845189318060875, 0.055194076150655746, 0.04799933731555939]"
cm-strong,inpainted,83,59,313,0,0.27385467290878296,"[313, 95, 90, 14, 18]","[0.27385467290878296, 0.09022900462150574, 0.08472084254026413, 0.052936065942049026, 0.038266222923994064]"
cm-strong,inpainted,84,95,320,0,0.15205416083335876,"[320, 70, 312, 72, 303]","[0.15205416083335876, 0.06993000954389572, 0.06874146312475204, 0.06749396026134491, 0.04681384935975075]"
cm-strong,inpainted,85,95,94,0,0.16289012134075165,"[94, 131, 47, 90, 46]","[0.16289012134075165, 0.1524997055530548, 0.1118447408080101, 0.0648069977760315, 0.05242837965488434]"
cm-strong,inpainted,86,379,379,1,0.15152783691883087,"[379, 6, 58, 50, 375]","[0.15152783691883087, 0.10070411115884781, 0.06717219948768616, 0.04138576239347458, 0.03761306777596474]"
cm-strong,inpainted,87,382,986,0,0.278856486082077,"[986, 945, 989, 14, 946]","[0.278856486082077, 0.26755595207214355, 0.0662061795592308, 0.05555608496069908, 0.05428895726799965]"
cm-strong,inpainted,88,10,16,0,0.1984259933233261,"[16, 13, 382, 14, 10]","[0.1984259933233261, 0.16230712831020355, 0.15731346607208252, 0.14273400604724884, 0.06978345662355423]"
cm-strong,inpainted,89,383,972,0,0.20317785441875458,"[972, 337, 974, 103, 119]","[0.20317785441875458, 0.103058360517025, 0.05332367122173309, 0.043469350785017014, 0.03641659766435623]"
cm-strong,inpainted,90,378,381,0,0.1422402262687683,"[381, 378, 84, 944, 369]","[0.1422402262687683, 0.05709892138838768, 0.0433097742497921, 0.04229368269443512, 0.037690915167331696]"
cm-strong,inpainted,91,376,383,0,0.12404163181781769,"[383, 369, 286, 373, 365]","[0.12404163181781769, 0.08478861302137375, 0.07331190258264542, 0.046257972717285156, 0.04020552709698677]"
cm-strong,inpainted,92,21,22,0,0.2000751942396164,"[22, 379, 580, 489, 953]","[0.2000751942396164, 0.1479802131652832, 0.07315833121538162, 0.049707233905792236, 0.04131191596388817]"
cm-strong,inpainted,93,275,24,0,0.17020003497600555,"[24, 794, 14, 756, 135]","[0.17020003497600555, 0.09768891334533691, 0.0631890818476677, 0.04483630135655403, 0.04078109934926033]"
cm-strong,inpainted,94,85,375,0,0.09625956416130066,"[375, 335, 380, 376, 14]","[0.09625956416130066, 0.08609335124492645, 0.06167154386639595, 0.05364328250288963, 0.04785308986902237]"
cm-strong,inpainted,95,383,280,0,0.15570732951164246,"[280, 50, 84, 271, 365]","[0.15570732951164246, 0.07017975300550461, 0.028163714334368706, 0.025454971939325333, 0.0243618693202734]"
cm-strong,inpainted,96,18,131,0,0.0830395519733429,"[131, 135, 53, 58, 52]","[0.0830395519733429, 0.06541169434785843, 0.0644310936331749, 0.0428578183054924, 0.042556531727313995]"
cm-strong,inpainted,97,326,10,0,0.3074169158935547,"[10, 13, 373, 17, 82]","[0.3074169158935547, 0.05278392136096954, 0.04674804210662842, 0.04584381356835365, 0.036038268357515335]"
cm-strong,inpainted,98,379,364,0,0.202579066157341,"[364, 379, 378, 375, 89]","[0.202579066157341, 0.18404428660869598, 0.162641242146492, 0.05850038677453995, 0.04875841736793518]"
cm-strong,inpainted,99,378,448,0,0.08744395524263382,"[448, 406, 410, 160, 248]","[0.08744395524263382, 0.06710583716630936, 0.058819714933633804, 0.03501744940876961, 0.030659744516015053]"
cm-strong,inpainted,100,378,364,0,0.10314737260341644,"[364, 84, 334, 133, 580]","[0.10314737260341644, 0.07931053638458252, 0.05794643610715866, 0.04760824516415596, 0.044129785150289536]"
cm-strong,inpainted,101,379,133,0,0.22639459371566772,"[133, 319, 92, 14, 320]","[0.22639459371566772, 0.09312097728252411, 0.05974395200610161, 0.05639229714870453, 0.047556910663843155]"
cm-strong,inpainted,102,12,312,0,0.16454584896564484,"[312, 94, 92, 70, 303]","[0.16454584896564484, 0.10856977105140686, 0.0892881527543068, 0.08848387748003006, 0.06653987616300583]"
cm-strong,inpainted,103,18,156,0,0.18942108750343323,"[156, 263, 335, 162, 269]","[0.18942108750343323, 0.13123942911624908, 0.1280067414045334, 0.07346442341804504, 0.052327945828437805]"
cm-strong,inpainted,104,428,984,0,0.15380603075027466,"[984, 825, 30, 973, 738]","[0.15380603075027466, 0.07082226127386093, 0.06475400924682617, 0.03589729219675064, 0.033289846032857895]"
cm-strong,inpainted,105,376,131,0,0.06223614513874054,"[131, 58, 955, 971, 599]","[0.06223614513874054, 0.05979018658399582, 0.04016076400876045, 0.03432091698050499, 0.030701322481036186]"
cm-strong,inpainted,106,379,108,0,0.4677114486694336,"[108, 946, 989, 303, 321]","[0.4677114486694336, 0.05699353292584419, 0.03769601508975029, 0.029515566304326057, 0.029105231165885925]"
cm-strong,inpainted,107,19,380,0,0.27891987562179565,"[380, 96, 55, 59, 14]","[0.27891987562179565, 0.17642901837825775, 0.09134425967931747, 0.06075875088572502, 0.04388483613729477]"
cm-strong,inpainted,108,18,379,0,0.28130361437797546,"[379, 989, 489, 15, 23]","[0.28130361437797546, 0.06458184123039246, 0.053959064185619354, 0.048321887850761414, 0.03862762451171875]"
cm-strong,inpainted,109,95,43,0,0.33871519565582275,"[43, 47, 40, 311, 42]","[0.33871519565582275, 0.12453567236661911, 0.07333841919898987, 0.061455849558115005, 0.032293204218149185]"
cm-strong,inpainted,110,95,133,0,0.7050275206565857,"[133, 315, 11, 131, 96]","[0.7050275206565857, 0.10255648195743561, 0.04628299921751022, 0.028608018532395363, 0.023777643218636513]"
cm-strong,inpainted,111,17,92,0,0.5893183350563049,"[92, 95, 16, 96, 91]","[0.5893183350563049, 0.07075580209493637, 0.0498824417591095, 0.04505506157875061, 0.03248978406190872]"
cm-strong,inpainted,112,232,328,0,0.171335831284523,"[328, 329, 962, 429, 38]","[0.171335831284523, 0.0989125594496727, 0.031873371452093124, 0.025398606434464455, 0.024944782257080078]"
cm-strong,inpainted,113,382,92,0,0.17678093910217285,"[92, 77, 310, 78, 46]","[0.17678093910217285, 0.10888519883155823, 0.05378664657473564, 0.0498252809047699, 0.042904872447252274]"
cm-strong,inpainted,114,622,315,0,0.2188478261232376,"[315, 988, 599, 311, 989]","[0.2188478261232376, 0.12644384801387787, 0.08869438618421555, 0.07104311138391495, 0.05959544703364372]"
cm-strong,inpainted,115,372,328,0,0.04475965350866318,"[328, 55, 955, 738, 941]","[0.04475965350866318, 0.041396524757146835, 0.04045632481575012, 0.03893105313181877, 0.028045304119586945]"
cm-strong,inpainted,116,313,37,0,0.12992137670516968,"[37, 788, 55, 985, 25]","[0.12992137670516968, 0.04112817347049713, 0.03704438731074333, 0.0369720496237278, 0.03248398378491402]"
cm-strong,inpainted,117,18,82,0,0.06765704602003098,"[82, 815, 45, 67, 114]","[0.06765704602003098, 0.06678526848554611, 0.040918756276369095, 0.0372047945857048, 0.031334180384874344]"
cm-strong,inpainted,118,919,105,0,0.122703917324543,"[105, 368, 583, 733, 448]","[0.122703917324543, 0.07352443784475327, 0.0574774369597435, 0.04952951520681381, 0.04502970725297928]"
cm-strong,inpainted,119,92,89,0,0.2231656163930893,"[89, 21, 23, 144, 350]","[0.2231656163930893, 0.07526996731758118, 0.06892663985490799, 0.06373431533575058, 0.06139466166496277]"
cm-strong,inpainted,120,75,17,0,0.11217410117387772,"[17, 13, 269, 373, 272]","[0.11217410117387772, 0.06922771781682968, 0.048762235790491104, 0.04366479441523552, 0.03408345952630043]"
cm-strong,inpainted,121,379,90,0,0.11679308116436005,"[90, 580, 382, 329, 88]","[0.11679308116436005, 0.11613643914461136, 0.10273616760969162, 0.07627804577350616, 0.07519127428531647]"
cm-strong,inpainted,122,272,135,0,0.25092020630836487,"[135, 131, 14, 376, 335]","[0.25092020630836487, 0.20583541691303253, 0.06772459298372269, 0.05444076657295227, 0.03159955516457558]"
cm-strong,inpainted,123,86,970,0,0.10781669616699219,"[970, 682, 580, 127, 976]","[0.10781669616699219, 0.09098942577838898, 0.051173135638237, 0.041054196655750275, 0.037552349269390106]"
cm-strong,inpainted,124,275,110,0,0.16802585124969482,"[110, 815, 410, 328, 115]","[0.16802585124969482, 0.0776500329375267, 0.045911818742752075, 0.04570385441184044, 0.03871656954288483]"
cm-strong,inpainted,125,387,912,0,0.2137841284275055,"[912, 979, 128, 318, 16]","[0.2137841284275055, 0.07071453332901001, 0.04182609170675278, 0.038345761597156525, 0.024182800203561783]"
cm-strong,inpainted,126,12,989,0,0.8804925084114075,"[989, 94, 13, 313, 12]","[0.8804925084114075, 0.03338078781962395, 0.012720294296741486, 0.010820651426911354, 0.0076068490743637085]"
cm-strong,inpainted,127,17,17,1,0.4852103590965271,"[17, 13, 12, 18, 11]","[0.4852103590965271, 0.20327287912368774, 0.11189517378807068, 0.05952838435769081, 0.018765678629279137]"
cm-strong,inpainted,128,899,912,0,0.11218424886465073,"[912, 26, 58, 53, 55]","[0.11218424886465073, 0.06906691193580627, 0.0658281221985817, 0.046120814979076385, 0.0423649363219738]"
cm-strong,inpainted,129,365,378,0,0.07098975032567978,"[378, 489, 365, 689, 384]","[0.07098975032567978, 0.047535113990306854, 0.04622839763760567, 0.040622565895318985, 0.03235505893826485]"
cm-strong,inpainted,130,335,94,0,0.11908788979053497,"[94, 84, 937, 738, 47]","[0.11908788979053497, 0.08301718533039093, 0.07627703249454498, 0.06767277419567108, 0.04692157730460167]"
cm-strong,inpainted,131,23,738,0,0.15011097490787506,"[738, 81, 991, 815, 102]","[0.15011097490787506, 0.10850172489881516, 0.0909583792090416, 0.08547014743089676, 0.031098613515496254]"
cm-strong,inpainted,132,379,682,0,0.42033347487449646,"[682, 458, 462, 741, 777]","[0.42033347487449646, 0.2244112193584442, 0.03371541574597359, 0.027762362733483315, 0.02328786440193653]"
cm-strong,inpainted,133,988,324,0,0.2455386221408844,"[324, 988, 738, 652, 54]","[0.2455386221408844, 0.0994090586900711, 0.043816473335027695, 0.04077036306262016, 0.039923667907714844]"
cm-strong,inpainted,134,988,16,0,0.30213412642478943,"[16, 92, 95, 313, 96]","[0.30213412642478943, 0.19950070977210999, 0.1427525132894516, 0.06902316212654114, 0.034908853471279144]"
cm-strong,inpainted,135,17,14,0,0.21292851865291595,"[14, 989, 489, 17, 59]","[0.21292851865291595, 0.11711734533309937, 0.08053526282310486, 0.06860381364822388, 0.06784284859895706]"
cm-strong,inpainted,136,18,95,0,0.1963122934103012,"[95, 13, 10, 92, 91]","[0.1963122934103012, 0.11082795262336731, 0.09264960139989853, 0.06502711772918701, 0.032781053334474564]"
cm-strong,inpainted,137,39,89,0,0.11558856815099716,"[89, 448, 96, 992, 580]","[0.11558856815099716, 0.08037754148244858, 0.0634993314743042, 0.04797786846756935, 0.035364702343940735]"
cm-strong,inpainted,138,335,319,0,0.1284698098897934,"[319, 59, 70, 77, 303]","[0.1284698098897934, 0.10847385227680206, 0.10097520053386688, 0.08207628130912781, 0.05016065016388893]"
cm-strong,inpainted,139,376,815,0,0.3301832377910614,"[815, 489, 989, 14, 991]","[0.3301832377910614, 0.05162157118320465, 0.03909546509385109, 0.030590252950787544, 0.02620718441903591]"
cm-strong,inpainted,140,18,135,0,0.14062190055847168,"[135, 131, 133, 102, 337]","[0.14062190055847168, 0.1255958527326584, 0.07872137427330017, 0.05742570757865906, 0.035436443984508514]"
cm-strong,inpainted,141,134,500,0,0.1003236323595047,"[500, 287, 972, 979, 974]","[0.1003236323595047, 0.08527765423059464, 0.08489764481782913, 0.07629454880952835, 0.03875092417001724]"
cm-strong,inpainted,142,294,972,0,0.1379672735929489,"[972, 970, 980, 976, 6]","[0.1379672735929489, 0.09866778552532196, 0.09074480086565018, 0.05097096040844917, 0.04590931534767151]"
cm-strong,inpainted,143,472,975,0,0.20118220150470734,"[975, 525, 833, 718, 249]","[0.20118220150470734, 0.15926559269428253, 0.07405245304107666, 0.0349666066467762, 0.03246624767780304]"
cm-strong,inpainted,144,354,132,0,0.17308272421360016,"[132, 135, 130, 141, 99]","[0.17308272421360016, 0.10352237522602081, 0.093573659658432, 0.07029730081558228, 0.06920691579580307]"
cm-strong,inpainted,145,134,139,0,0.3240605592727661,"[139, 209, 131, 58, 50]","[0.3240605592727661, 0.08836042881011963, 0.05580379441380501, 0.05072980374097824, 0.0506218858063221]"
cm-strong,inpainted,146,821,975,0,0.5017637610435486,"[975, 460, 979, 977, 970]","[0.5017637610435486, 0.08875790238380432, 0.06688352674245834, 0.05686245858669281, 0.05314609780907631]"
cm-strong,inpainted,147,391,977,0,0.3573588728904724,"[977, 460, 913, 976, 147]","[0.3573588728904724, 0.0667557492852211, 0.05586360767483711, 0.03653233125805855, 0.0286178570240736]"
cm-strong,inpainted,148,391,975,0,0.5915283560752869,"[975, 977, 978, 460, 984]","[0.5915283560752869, 0.17496436834335327, 0.07356913387775421, 0.04765216261148453, 0.042535729706287384]"
cm-strong,inpainted,149,821,976,0,0.5956632494926453,"[976, 895, 904, 972, 979]","[0.5956632494926453, 0.031817685812711716, 0.025045674294233322, 0.024552876129746437, 0.022033626213669777]"
cm-strong,inpainted,150,576,108,0,0.12908104062080383,"[108, 738, 496, 329, 992]","[0.12908104062080383, 0.10565613955259323, 0.09759218245744705, 0.046900033950805664, 0.041041627526283264]"
cm-strong,inpainted,151,140,103,0,0.15396863222122192,"[103, 693, 337, 977, 833]","[0.15396863222122192, 0.07569988071918488, 0.06444483995437622, 0.06345225125551224, 0.03418343886733055]"
cm-strong,inpainted,152,852,98,0,0.607663094997406,"[98, 360, 337, 296, 97]","[0.607663094997406, 0.1125931590795517, 0.05578408017754555, 0.022664707154035568, 0.020104900002479553]"
cm-strong,inpainted,153,576,975,0,0.2995806932449341,"[975, 646, 984, 472, 716]","[0.2995806932449341, 0.23997032642364502, 0.08245134353637695, 0.047263458371162415, 0.027298040688037872]"
cm-strong,inpainted,154,472,449,0,0.18136315047740936,"[449, 975, 472, 873, 386]","[0.18136315047740936, 0.10983605682849884, 0.036015573889017105, 0.031302571296691895, 0.030747607350349426]"
cm-strong,inpainted,155,258,519,0,0.4423961639404297,"[519, 798, 144, 492, 143]","[0.4423961639404297, 0.1667722910642624, 0.03286013752222061, 0.029333442449569702, 0.027073441073298454]"
cm-strong,inpainted,156,143,131,0,0.15527042746543884,"[131, 140, 137, 143, 58]","[0.15527042746543884, 0.1349705308675766, 0.08787616342306137, 0.0727679580450058, 0.0543709471821785]"
cm-strong,inpainted,157,198,958,0,0.13741470873355865,"[958, 425, 721, 458, 427]","[0.13741470873355865, 0.12032674998044968, 0.07674041390419006, 0.055071376264095306, 0.044816091656684875]"
cm-strong,inpainted,158,236,975,0,0.7847274541854858,"[975, 976, 979, 977, 978]","[0.7847274541854858, 0.051316823810338974, 0.030906667932868004, 0.02403843402862549, 0.018215591087937355]"
cm-strong,inpainted,159,576,576,1,0.9445841312408447,"[576, 554, 694, 536, 449]","[0.9445841312408447, 0.010149634443223476, 0.006838828790932894, 0.0025668020825833082, 0.0022251158952713013]"
cm-strong,inpainted,160,483,972,0,0.25878235697746277,"[972, 483, 979, 821, 888]","[0.25878235697746277, 0.1828911155462265, 0.08376536518335342, 0.0471465177834034, 0.04429246112704277]"
cm-strong,inpainted,161,727,972,0,0.1691240668296814,"[972, 979, 727, 976, 975]","[0.1691240668296814, 0.1670251190662384, 0.0768074095249176, 0.07048143446445465, 0.06864903122186661]"
cm-strong,inpainted,162,238,6,0,0.11564832925796509,"[6, 344, 20, 103, 979]","[0.11564832925796509, 0.10944493114948273, 0.06929749995470047, 0.03998994454741478, 0.03873962536454201]"
cm-strong,inpainted,163,385,209,0,0.22685012221336365,"[209, 294, 360, 344, 357]","[0.22685012221336365, 0.07839999347925186, 0.05732749402523041, 0.0547642856836319, 0.05344197526574135]"
cm-strong,inpainted,164,472,718,0,0.5400347113609314,"[718, 975, 977, 525, 628]","[0.5400347113609314, 0.27897748351097107, 0.05967668443918228, 0.023487720638513565, 0.018043402582406998]"
cm-strong,inpainted,165,140,49,0,0.23698967695236206,"[49, 58, 139, 141, 360]","[0.23698967695236206, 0.181592658162117, 0.08297758549451828, 0.06924069672822952, 0.052458230406045914]"
cm-strong,inpainted,166,352,979,0,0.20942693948745728,"[979, 972, 970, 976, 54]","[0.20942693948745728, 0.0850054994225502, 0.06396646052598953, 0.06144646182656288, 0.04667295143008232]"
cm-strong,inpainted,167,292,972,0,0.09755498170852661,"[972, 904, 386, 979, 425]","[0.09755498170852661, 0.049080632627010345, 0.0489366352558136, 0.04615454375743866, 0.03641868010163307]"
cm-strong,inpainted,168,806,355,0,0.11451910436153412,"[355, 267, 145, 750, 295]","[0.11451910436153412, 0.09420102834701538, 0.091712586581707, 0.06442870199680328, 0.03105607070028782]"
cm-strong,inpainted,169,449,328,0,0.5511308908462524,"[328, 975, 716, 425, 272]","[0.5511308908462524, 0.027622874826192856, 0.02220146730542183, 0.018458997830748558, 0.01699565164744854]"
cm-strong,inpainted,170,164,825,0,0.1667410284280777,"[825, 815, 289, 269, 286]","[0.1667410284280777, 0.11275464296340942, 0.032566748559474945, 0.031438615173101425, 0.02894708886742592]"
cm-strong,inpainted,171,909,150,0,0.10376494377851486,"[150, 349, 296, 350, 48]","[0.10376494377851486, 0.09588629007339478, 0.09011773020029068, 0.0784321054816246, 0.0754704475402832]"
cm-strong,inpainted,172,576,718,0,0.49911388754844666,"[718, 780, 628, 576, 694]","[0.49911388754844666, 0.07645193487405777, 0.0558028407394886, 0.0399463064968586, 0.03768128901720047]"
cm-strong,inpainted,173,727,979,0,0.3358391225337982,"[979, 417, 755, 483, 682]","[0.3358391225337982, 0.1460743248462677, 0.08671248704195023, 0.08053132146596909, 0.045291997492313385]"
cm-strong,inpainted,174,223,525,0,0.47431811690330505,"[525, 562, 975, 815, 888]","[0.47431811690330505, 0.06655947864055634, 0.04028352349996567, 0.03606262803077698, 0.02876882068812847]"
cm-strong,inpainted,175,132,361,0,0.1469447761774063,"[361, 214, 84, 252, 131]","[0.1469447761774063, 0.09788025915622711, 0.0339491106569767, 0.02934071607887745, 0.022958271205425262]"
cm-strong,inpainted,176,576,576,1,0.47381460666656494,"[576, 718, 536, 525, 627]","[0.47381460666656494, 0.16900569200515747, 0.05691094323992729, 0.029484853148460388, 0.023162025958299637]"
cm-strong,inpainted,177,391,977,0,0.08567077666521072,"[977, 472, 693, 876, 896]","[0.08567077666521072, 0.07834592461585999, 0.06822586804628372, 0.05867930129170418, 0.036220014095306396]"
cm-strong,inpainted,178,708,975,0,0.300146222114563,"[975, 395, 100, 460, 135]","[0.300146222114563, 0.13271500170230865, 0.07062254101037979, 0.03681919723749161, 0.028264282271265984]"
cm-strong,inpainted,179,132,462,0,0.11586301028728485,"[462, 79, 277, 750, 338]","[0.11586301028728485, 0.05125872418284416, 0.04533298686146736, 0.024601876735687256, 0.018831871449947357]"
cm-strong,inpainted,180,576,576,1,0.6994811296463013,"[576, 525, 718, 716, 197]","[0.6994811296463013, 0.11827204376459122, 0.06908386200666428, 0.020678939297795296, 0.01530718244612217]"
cm-strong,inpainted,181,143,976,0,0.37426599860191345,"[976, 972, 977, 980, 460]","[0.37426599860191345, 0.09852487593889236, 0.06906935572624207, 0.054386064410209656, 0.043248023837804794]"
cm-strong,inpainted,182,842,137,0,0.18562662601470947,"[137, 979, 976, 525, 100]","[0.18562662601470947, 0.16597004234790802, 0.07885400950908661, 0.06715863198041916, 0.061140816658735275]"
cm-strong,inpainted,183,372,133,0,0.08970659971237183,"[133, 135, 141, 79, 462]","[0.08970659971237183, 0.05187508836388588, 0.040196310728788376, 0.034417010843753815, 0.03219262883067131]"
cm-strong,inpainted,184,36,144,0,0.17595160007476807,"[144, 460, 131, 129, 132]","[0.17595160007476807, 0.08503344655036926, 0.04750102013349533, 0.03947901725769043, 0.03790389001369476]"
cm-strong,inpainted,185,660,980,0,0.6013588905334473,"[980, 976, 970, 972, 977]","[0.6013588905334473, 0.1325419396162033, 0.05127999559044838, 0.027145814150571823, 0.027040811255574226]"
cm-strong,inpainted,186,821,979,0,0.07201004773378372,"[979, 839, 772, 449, 525]","[0.07201004773378372, 0.0679643303155899, 0.06641865521669388, 0.06142217665910721, 0.05912244692444801]"
cm-strong,inpainted,187,449,510,0,0.6311021447181702,"[510, 977, 976, 460, 780]","[0.6311021447181702, 0.12253658473491669, 0.09917061030864716, 0.046663008630275726, 0.013125955127179623]"
cm-strong,inpainted,188,131,448,0,0.20830747485160828,"[448, 277, 135, 883, 288]","[0.20830747485160828, 0.05161496624350548, 0.03884029760956764, 0.03781655430793762, 0.025401026010513306]"
cm-strong,inpainted,189,576,576,1,0.9111291766166687,"[576, 975, 412, 525, 718]","[0.9111291766166687, 0.012757247313857079, 0.008548702113330364, 0.005958066787570715, 0.005511445924639702]"
cm-strong,inpainted,190,140,58,0,0.16735075414180756,"[58, 98, 814, 344, 148]","[0.16735075414180756, 0.144353449344635, 0.12853886187076569, 0.05088522657752037, 0.0488889180123806]"
cm-strong,inpainted,191,576,448,0,0.2762977182865143,"[448, 525, 366, 150, 500]","[0.2762977182865143, 0.09312672913074493, 0.05981287732720375, 0.04380502179265022, 0.04071718454360962]"
cm-strong,inpainted,192,355,602,0,0.6404622793197632,"[602, 657, 744, 718, 702]","[0.6404622793197632, 0.07833726704120636, 0.05885162577033043, 0.04976856708526611, 0.03917934000492096]"
cm-strong,inpainted,193,511,425,0,0.7201364040374756,"[425, 974, 460, 958, 913]","[0.7201364040374756, 0.02807058021426201, 0.027659829705953598, 0.01606116071343422, 0.010504225268959999]"
cm-strong,inpainted,194,417,682,0,0.18071547150611877,"[682, 980, 755, 972, 976]","[0.18071547150611877, 0.16891071200370789, 0.09945101290941238, 0.08972995728254318, 0.044364433735609055]"
cm-strong,inpainted,195,404,417,0,0.36844882369041443,"[417, 437, 972, 517, 701]","[0.36844882369041443, 0.14826038479804993, 0.051816970109939575, 0.045075517147779465, 0.03906124457716942]"
cm-strong,inpainted,196,701,107,0,0.34764814376831055,"[107, 974, 973, 980, 970]","[0.34764814376831055, 0.18664231896400452, 0.14770115911960602, 0.13295899331569672, 0.019880300387740135]"
cm-strong,inpainted,197,701,974,0,0.6622676849365234,"[974, 701, 908, 107, 405]","[0.6622676849365234, 0.1955457627773285, 0.01897805742919445, 0.013902109116315842, 0.013318482786417007]"
cm-strong,inpainted,198,701,980,0,0.14800027012825012,"[980, 81, 976, 437, 974]","[0.14800027012825012, 0.07541156560182571, 0.060108985751867294, 0.05210069194436073, 0.05020485445857048]"
cm-strong,inpainted,199,350,984,0,0.2473413348197937,"[984, 795, 970, 980, 107]","[0.2473413348197937, 0.18394263088703156, 0.11283911764621735, 0.06038777157664299, 0.05917342007160187]"
cm-strong,inpainted,200,618,974,0,0.235000342130661,"[974, 970, 980, 908, 801]","[0.235000342130661, 0.16940151154994965, 0.11502280086278915, 0.09409894049167633, 0.08488508313894272]"
cm-strong,inpainted,201,984,973,0,0.44426798820495605,"[973, 5, 33, 6, 801]","[0.44426798820495605, 0.12083074450492859, 0.0771922618150711, 0.060861892998218536, 0.046206191182136536]"
cm-strong,inpainted,202,645,980,0,0.15394391119480133,"[980, 2, 107, 970, 4]","[0.15394391119480133, 0.12520267069339752, 0.11518941074609756, 0.06098819151520729, 0.05915074795484543]"
cm-strong,inpainted,203,808,976,0,0.1543273776769638,"[976, 782, 908, 669, 549]","[0.1543273776769638, 0.11429210752248764, 0.071199931204319, 0.05083133280277252, 0.034891992807388306]"
cm-strong,inpainted,204,755,974,0,0.2234969437122345,"[974, 980, 664, 475, 107]","[0.2234969437122345, 0.1154669001698494, 0.08633971959352493, 0.05521722510457039, 0.03413602337241173]"
cm-strong,inpainted,205,663,980,0,0.3186352849006653,"[980, 975, 347, 970, 979]","[0.3186352849006653, 0.07387513667345047, 0.0711587443947792, 0.04354287311434746, 0.040848296135663986]"
cm-strong,inpainted,206,404,974,0,0.2157699018716812,"[974, 900, 913, 628, 718]","[0.2157699018716812, 0.19889049232006073, 0.051048677414655685, 0.04938506335020065, 0.04550441354513168]"
cm-strong,inpainted,207,540,58,0,0.2820715606212616,"[58, 6, 980, 977, 904]","[0.2820715606212616, 0.1422410011291504, 0.13227970898151398, 0.05872059613466263, 0.03246462717652321]"
cm-strong,inpainted,208,958,984,0,0.6870869398117065,"[984, 975, 980, 908, 978]","[0.6870869398117065, 0.10328349471092224, 0.07032770663499832, 0.022624824196100235, 0.02020256221294403]"
cm-strong,inpainted,209,483,974,0,0.7510173916816711,"[974, 980, 970, 971, 107]","[0.7510173916816711, 0.07986684888601303, 0.034646935760974884, 0.025416404008865356, 0.02136639691889286]"
cm-strong,inpainted,210,898,818,0,0.2572930157184601,"[818, 437, 846, 812, 619]","[0.2572930157184601, 0.15130236744880676, 0.08570346236228943, 0.04661623015999794, 0.04493498057126999]"
cm-strong,inpainted,211,649,977,0,0.1216568797826767,"[977, 976, 6, 724, 475]","[0.1216568797826767, 0.1177859976887703, 0.06529303640127182, 0.04044868424534798, 0.03898535668849945]"
cm-strong,inpainted,212,812,668,0,0.17291688919067383,"[668, 517, 679, 900, 682]","[0.17291688919067383, 0.1028960794210434, 0.07135679572820663, 0.0636809840798378, 0.04267098009586334]"
cm-strong,inpainted,213,701,2,0,0.2127484381198883,"[2, 107, 980, 109, 801]","[0.2127484381198883, 0.14790931344032288, 0.11321324110031128, 0.0778806135058403, 0.05820180103182793]"
cm-strong,inpainted,214,405,983,0,0.2434740960597992,"[983, 2, 107, 3, 980]","[0.2434740960597992, 0.17042014002799988, 0.1264030784368515, 0.05449984222650528, 0.04068588837981224]"
cm-strong,inpainted,215,832,979,0,0.2739119529724121,"[979, 970, 649, 483, 976]","[0.2739119529724121, 0.2437892109155655, 0.1351991891860962, 0.06598955392837524, 0.06097764894366264]"
cm-strong,inpainted,216,475,975,0,0.2772789001464844,"[975, 977, 978, 867, 984]","[0.2772789001464844, 0.18517760932445526, 0.041252799332141876, 0.03832005336880684, 0.03296332806348801]"
cm-strong,inpainted,217,22,900,0,0.34965911507606506,"[900, 974, 405, 701, 557]","[0.34965911507606506, 0.17608493566513062, 0.1283928006887436, 0.046788591891527176, 0.030335871502757072]"
cm-strong,inpainted,218,724,974,0,0.19734832644462585,"[974, 565, 839, 867, 437]","[0.19734832644462585, 0.10477293282747269, 0.07757535576820374, 0.057208333164453506, 0.048646122217178345]"
cm-strong,inpainted,219,871,701,0,0.14147093892097473,"[701, 974, 908, 417, 6]","[0.14147093892097473, 0.12605507671833038, 0.054078247398138046, 0.04539146646857262, 0.042143262922763824]"
cm-strong,inpainted,220,807,973,0,0.22039446234703064,"[973, 980, 107, 908, 974]","[0.22039446234703064, 0.07927431166172028, 0.07321089506149292, 0.0620543509721756, 0.04487159848213196]"
cm-strong,inpainted,221,805,984,0,0.39742806553840637,"[984, 980, 970, 908, 701]","[0.39742806553840637, 0.15205618739128113, 0.12126432359218597, 0.055207133293151855, 0.0326780304312706]"
cm-strong,inpainted,222,405,127,0,0.07740893214941025,"[127, 437, 23, 350, 701]","[0.07740893214941025, 0.07550947368144989, 0.06285753101110458, 0.046764906495809555, 0.04257785901427269]"
cm-strong,inpainted,223,14,23,0,0.12891295552253723,"[23, 18, 12, 92, 15]","[0.12891295552253723, 0.1281415969133377, 0.10070571303367615, 0.07640527933835983, 0.07112143933773041]"
cm-strong,inpainted,224,22,22,1,0.24418401718139648,"[22, 10, 18, 93, 23]","[0.24418401718139648, 0.13254447281360626, 0.10495625436306, 0.06980208307504654, 0.06235567852854729]"
cm-strong,inpainted,225,404,900,0,0.1327638477087021,"[900, 701, 405, 21, 23]","[0.1327638477087021, 0.11164190620183945, 0.06640306860208511, 0.0462249256670475, 0.03358497843146324]"
cm-strong,inpainted,226,583,976,0,0.20862478017807007,"[976, 970, 980, 972, 979]","[0.20862478017807007, 0.16565580666065216, 0.14931298792362213, 0.1128293126821518, 0.08829408138990402]"
cm-strong,inpainted,227,900,900,1,0.29728808999061584,"[900, 744, 657, 979, 863]","[0.29728808999061584, 0.14703992009162903, 0.0829041451215744, 0.04182759299874306, 0.02557680383324623]"
cm-strong,inpainted,228,437,974,0,0.7551878690719604,"[974, 437, 417, 517, 980]","[0.7551878690719604, 0.0988054871559143, 0.039178650826215744, 0.0235387422144413, 0.01657867059111595]"
cm-strong,inpainted,229,345,908,0,0.2319294959306717,"[908, 976, 977, 979, 978]","[0.2319294959306717, 0.16197173297405243, 0.11280844360589981, 0.09778626263141632, 0.07553361356258392]"
cm-strong,inpainted,230,913,980,0,0.3266741931438446,"[980, 976, 649, 974, 972]","[0.3266741931438446, 0.08760537207126617, 0.08461619168519974, 0.07304354012012482, 0.060347042977809906]"
cm-strong,inpainted,231,839,417,0,0.12509354948997498,"[417, 701, 33, 475, 433]","[0.12509354948997498, 0.12202271819114685, 0.08912061154842377, 0.0566701777279377, 0.05312502384185791]"
cm-strong,inpainted,232,920,755,0,0.1681302934885025,"[755, 980, 803, 540, 802]","[0.1681302934885025, 0.07329324632883072, 0.052769649773836136, 0.04187070205807686, 0.039114564657211304]"
cm-strong,inpainted,233,802,149,0,0.23349228501319885,"[149, 58, 2, 908, 279]","[0.23349228501319885, 0.15065522491931915, 0.06896419823169708, 0.05765395238995552, 0.046869248151779175]"
cm-strong,inpainted,234,755,974,0,0.44608011841773987,"[974, 701, 437, 417, 107]","[0.44608011841773987, 0.0676247775554657, 0.03659776970744133, 0.029371656477451324, 0.02472551167011261]"
cm-strong,inpainted,235,93,326,0,0.10164424031972885,"[326, 815, 21, 24, 92]","[0.10164424031972885, 0.09066864103078842, 0.08434779942035675, 0.07228555530309677, 0.0592772513628006]"
cm-strong,inpainted,236,821,974,0,0.19819019734859467,"[974, 908, 972, 976, 970]","[0.19819019734859467, 0.12457221746444702, 0.047059934586286545, 0.04347414895892143, 0.03295885771512985]"
cm-strong,inpainted,237,437,977,0,0.48273324966430664,"[977, 460, 978, 975, 510]","[0.48273324966430664, 0.11702428013086319, 0.05147204548120499, 0.050171785056591034, 0.03875499963760376]"
cm-strong,inpainted,238,649,980,0,0.606575608253479,"[980, 974, 554, 2, 888]","[0.606575608253479, 0.15073710680007935, 0.13088762760162354, 0.010464616119861603, 0.008106580935418606]"
cm-strong,inpainted,239,682,974,0,0.8755651116371155,"[974, 107, 980, 701, 392]","[0.8755651116371155, 0.06848106533288956, 0.015152968466281891, 0.006035286001861095, 0.003485481720417738]"
cm-strong,inpainted,240,900,980,0,0.13624753057956696,"[980, 701, 682, 405, 976]","[0.13624753057956696, 0.10504984855651855, 0.05653449147939682, 0.05460944399237633, 0.04818585887551308]"
cm-strong,inpainted,241,557,970,0,0.39021655917167664,"[970, 976, 972, 975, 980]","[0.39021655917167664, 0.2966791093349457, 0.038974180817604065, 0.03711933642625809, 0.023622246459126472]"
cm-strong,inpainted,242,812,701,0,0.3351200520992279,"[701, 908, 980, 107, 976]","[0.3351200520992279, 0.2671188414096832, 0.09769873321056366, 0.03124566562473774, 0.02614709548652172]"
cm-strong,inpainted,243,988,936,0,0.10865506529808044,"[936, 70, 315, 944, 988]","[0.10865506529808044, 0.10471192002296448, 0.08472990989685059, 0.06280304491519928, 0.06143052130937576]"
cm-strong,inpainted,244,322,324,0,0.7876564860343933,"[324, 321, 90, 322, 325]","[0.7876564860343933, 0.052546221762895584, 0.04075996205210686, 0.02022795006632805, 0.013210314325988293]"
cm-strong,inpainted,245,131,26,0,0.20846109092235565,"[26, 133, 28, 131, 114]","[0.20846109092235565, 0.11759308725595474, 0.06798805296421051, 0.048818692564964294, 0.04519717022776604]"
cm-strong,inpainted,246,309,985,0,0.404060035943985,"[985, 944, 988, 953, 738]","[0.404060035943985, 0.13224148750305176, 0.06132528558373451, 0.05823946371674538, 0.04386609420180321]"
cm-strong,inpainted,247,324,14,0,0.17653340101242065,"[14, 989, 448, 313, 11]","[0.17653340101242065, 0.10488174110651016, 0.09241396933794022, 0.058312833309173584, 0.05034368857741356]"
cm-strong,inpainted,248,133,313,0,0.20256641507148743,"[313, 133, 311, 315, 696]","[0.20256641507148743, 0.18871724605560303, 0.12945446372032166, 0.10357610881328583, 0.04701133444905281]"
cm-strong,inpainted,249,988,989,0,0.1290355771780014,"[989, 14, 105, 309, 17]","[0.1290355771780014, 0.08196448534727097, 0.06388352066278458, 0.05762486159801483, 0.056525275111198425]"
cm-strong,inpainted,250,13,679,0,0.762385368347168,"[679, 989, 310, 301, 303]","[0.762385368347168, 0.03472798690199852, 0.019025247544050217, 0.016069956123828888, 0.014188955537974834]"
cm-strong,inpainted,251,309,721,0,0.14196710288524628,"[721, 591, 735, 452, 700]","[0.14196710288524628, 0.06075819954276085, 0.04921698197722435, 0.04768301919102669, 0.0418146476149559]"
cm-strong,inpainted,252,991,815,0,0.10914867371320724,"[815, 14, 82, 72, 580]","[0.10914867371320724, 0.10566277801990509, 0.04401778057217598, 0.03631463274359703, 0.033847350627183914]"
cm-strong,inpainted,253,303,303,1,0.4397006928920746,"[303, 309, 308, 938, 991]","[0.4397006928920746, 0.136720210313797, 0.13120122253894806, 0.07499728351831436, 0.03344171494245529]"
cm-strong,inpainted,254,309,985,0,0.9986918568611145,"[985, 309, 325, 879, 324]","[0.9986918568611145, 0.000651740818284452, 0.0005558707634918392, 1.5144929420785047e-05, 1.019004594127182e-05]"
cm-strong,inpainted,255,324,133,0,0.2938940227031708,"[133, 136, 131, 322, 137]","[0.2938940227031708, 0.17382298409938812, 0.09684242308139801, 0.04335850849747658, 0.03318764269351959]"
cm-strong,inpainted,256,303,85,0,0.06938380748033524,"[85, 12, 325, 14, 91]","[0.06938380748033524, 0.061970971524715424, 0.04951119422912598, 0.04853202775120735, 0.04826280474662781]"
cm-strong,inpainted,257,323,323,1,0.4492393732070923,"[323, 393, 937, 309, 973]","[0.4492393732070923, 0.1280355155467987, 0.07042582333087921, 0.033787552267313004, 0.0321798250079155]"
cm-strong,inpainted,258,989,989,1,0.10974498093128204,"[989, 955, 46, 325, 124]","[0.10974498093128204, 0.0743706002831459, 0.05203114077448845, 0.038856133818626404, 0.03880462050437927]"
cm-strong,inpainted,259,324,988,0,0.23022876679897308,"[988, 136, 325, 985, 723]","[0.23022876679897308, 0.17371222376823425, 0.10125956684350967, 0.08776590973138809, 0.034125711768865585]"
cm-strong,inpainted,260,989,953,0,0.326081246137619,"[953, 944, 936, 956, 37]","[0.326081246137619, 0.15765325725078583, 0.10323940962553024, 0.03757714852690697, 0.03515626862645149]"
cm-strong,inpainted,261,323,644,0,0.24195201694965363,"[644, 985, 324, 879, 578]","[0.24195201694965363, 0.17714658379554749, 0.0791839137673378, 0.046521950513124466, 0.04503698647022247]"
cm-strong,inpainted,262,78,318,0,0.4602980613708496,"[318, 94, 320, 317, 111]","[0.4602980613708496, 0.2119452953338623, 0.0843711569905281, 0.020884482190012932, 0.016161425039172173]"
cm-strong,inpainted,263,945,55,0,0.28650352358818054,"[55, 945, 59, 46, 953]","[0.28650352358818054, 0.2207312136888504, 0.11143311113119125, 0.07470186054706573, 0.05984966456890106]"
cm-strong,inpainted,264,303,313,0,0.19405744969844818,"[313, 990, 315, 987, 322]","[0.19405744969844818, 0.10029426217079163, 0.09834276884794235, 0.05346900597214699, 0.04577767103910446]"
cm-strong,inpainted,265,78,397,0,0.8446743488311768,"[397, 329, 5, 963, 987]","[0.8446743488311768, 0.052775789052248, 0.018248654901981354, 0.01420449186116457, 0.01403610035777092]"
cm-strong,inpainted,266,323,27,0,0.19065600633621216,"[27, 26, 57, 54, 114]","[0.19065600633621216, 0.10442614555358887, 0.07800322026014328, 0.06515847146511078, 0.041669897735118866]"
cm-strong,inpainted,267,309,395,0,0.1091804951429367,"[395, 411, 400, 689, 529]","[0.1091804951429367, 0.10709958523511887, 0.07434762269258499, 0.050532594323158264, 0.04514411464333534]"
cm-strong,inpainted,268,77,31,0,0.2037447839975357,"[31, 317, 941, 943, 114]","[0.2037447839975357, 0.19645380973815918, 0.13158555328845978, 0.08931144326925278, 0.046552617102861404]"
cm-strong,inpainted,269,945,738,0,0.0915818065404892,"[738, 552, 728, 945, 989]","[0.0915818065404892, 0.07648546993732452, 0.07374274730682373, 0.06717998534440994, 0.05278380587697029]"
cm-strong,inpainted,270,322,309,0,0.22990217804908752,"[309, 94, 324, 323, 989]","[0.22990217804908752, 0.15004068613052368, 0.10892534255981445, 0.08335927873849869, 0.050691958516836166]"
cm-strong,inpainted,271,27,980,0,0.08226995915174484,"[980, 701, 904, 483, 417]","[0.08226995915174484, 0.04319007322192192, 0.0398368164896965, 0.03261806070804596, 0.02981516346335411]"
cm-strong,inpainted,272,321,309,0,0.5359678864479065,"[309, 321, 323, 324, 985]","[0.5359678864479065, 0.33477315306663513, 0.052611108869314194, 0.022559819743037224, 0.009678062051534653]"
cm-strong,inpainted,273,323,14,0,0.24791662395000458,"[14, 315, 92, 951, 989]","[0.24791662395000458, 0.05645236745476723, 0.051837507635354996, 0.047304026782512665, 0.04175924137234688]"
cm-strong,inpainted,274,937,105,0,0.18106016516685486,"[105, 988, 952, 329, 989]","[0.18106016516685486, 0.15088030695915222, 0.04206586256623268, 0.03992839902639389, 0.03524394705891609]"
cm-strong,inpainted,275,73,70,0,0.14894837141036987,"[70, 16, 315, 133, 946]","[0.14894837141036987, 0.0868222638964653, 0.08653666079044342, 0.04306826740503311, 0.04304252564907074]"
cm-strong,inpainted,276,322,984,0,0.11689465492963791,"[984, 46, 941, 309, 59]","[0.11689465492963791, 0.09581714123487473, 0.06490097939968109, 0.06089409813284874, 0.052905160933732986]"
cm-strong,inpainted,277,40,611,0,0.09511702507734299,"[611, 4, 508, 872, 744]","[0.09511702507734299, 0.07801466435194016, 0.036817796528339386, 0.02654290944337845, 0.02636091597378254]"
cm-strong,inpainted,278,31,695,0,0.25706392526626587,"[695, 562, 381, 939, 427]","[0.25706392526626587, 0.057400140911340714, 0.03721049427986145, 0.029925916343927383, 0.026240093633532524]"
cm-strong,inpainted,279,321,324,0,0.1703011691570282,"[324, 320, 90, 985, 309]","[0.1703011691570282, 0.06646125018596649, 0.054344747215509415, 0.051883548498153687, 0.038674093782901764]"
cm-strong,inpainted,280,58,133,0,0.7362360954284668,"[133, 58, 91, 131, 136]","[0.7362360954284668, 0.049700699746608734, 0.03244747593998909, 0.03218941017985344, 0.023525314405560493]"
cm-strong,inpainted,281,309,938,0,0.44623658061027527,"[938, 935, 850, 944, 109]","[0.44623658061027527, 0.07353287190198898, 0.05732876807451248, 0.05599956959486008, 0.04548332467675209]"
cm-strong,inpainted,282,303,245,0,0.12719936668872833,"[245, 816, 911, 173, 283]","[0.12719936668872833, 0.07983522862195969, 0.07595536857843399, 0.05134297534823418, 0.038872163742780685]"
cm-strong,inpainted,283,325,989,0,0.3206948935985565,"[989, 304, 309, 957, 27]","[0.3206948935985565, 0.0863029956817627, 0.08400387316942215, 0.0483190156519413, 0.02707178331911564]"
cm-strong,inpainted,284,323,55,0,0.13413897156715393,"[55, 313, 96, 988, 924]","[0.13413897156715393, 0.05904071033000946, 0.05715091526508331, 0.049830805510282516, 0.048787690699100494]"
cm-strong,inpainted,285,304,318,0,0.17772693932056427,"[318, 317, 322, 987, 939]","[0.17772693932056427, 0.11700209230184555, 0.059682447463274, 0.05541813746094704, 0.041006866842508316]"
cm-strong,inpainted,286,18,86,0,0.12562954425811768,"[86, 361, 363, 275, 131]","[0.12562954425811768, 0.09079338610172272, 0.0780143067240715, 0.06991883367300034, 0.04795297235250473]"
cm-strong,inpainted,287,178,591,0,0.46571221947669983,"[591, 437, 549, 700, 636]","[0.46571221947669983, 0.03963723033666611, 0.030624212697148323, 0.029736461117863655, 0.024759536609053612]"
cm-strong,inpainted,288,83,83,1,0.2428998053073883,"[83, 81, 85, 135, 274]","[0.2428998053073883, 0.09575970470905304, 0.058437056839466095, 0.04966270551085472, 0.04884582757949829]"
cm-strong,inpainted,289,362,138,0,0.052008990198373795,"[138, 85, 102, 82, 133]","[0.052008990198373795, 0.04478786513209343, 0.04418409988284111, 0.043787650763988495, 0.04290911555290222]"
cm-strong,inpainted,290,272,66,0,0.05520743876695633,"[66, 141, 138, 68, 18]","[0.05520743876695633, 0.05191388353705406, 0.05139503628015518, 0.030543316155672073, 0.026366382837295532]"
cm-strong,inpainted,291,102,363,0,0.30237820744514465,"[363, 48, 67, 106, 114]","[0.30237820744514465, 0.28289687633514404, 0.0463438555598259, 0.03640485927462578, 0.025526437908411026]"
cm-strong,inpainted,292,423,962,0,0.11681818217039108,"[962, 500, 79, 114, 110]","[0.11681818217039108, 0.053329113870859146, 0.04828939959406853, 0.03520893305540085, 0.032761625945568085]"
cm-strong,inpainted,293,543,364,0,0.048347506672143936,"[364, 738, 57, 298, 990]","[0.048347506672143936, 0.04129324108362198, 0.04119810834527016, 0.03731423243880272, 0.036547254770994186]"
cm-strong,inpainted,294,277,133,0,0.09706984460353851,"[133, 136, 991, 137, 91]","[0.09706984460353851, 0.08629874885082245, 0.06567491590976715, 0.04267272353172302, 0.036279477179050446]"
cm-strong,inpainted,295,428,900,0,0.23235487937927246,"[900, 425, 821, 839, 733]","[0.23235487937927246, 0.09204382449388504, 0.026839107275009155, 0.0239088237285614, 0.02214575931429863]"
cm-strong,inpainted,296,134,756,0,0.08422908186912537,"[756, 843, 872, 410, 634]","[0.08422908186912537, 0.038661956787109375, 0.03765113279223442, 0.03361540660262108, 0.02402152121067047]"
cm-strong,inpainted,297,298,135,0,0.2654872238636017,"[135, 138, 133, 128, 131]","[0.2654872238636017, 0.05629024654626846, 0.054581742733716965, 0.049613967537879944, 0.03861589357256889]"
cm-strong,inpainted,298,170,815,0,0.09114603698253632,"[815, 330, 331, 379, 362]","[0.09114603698253632, 0.06408895552158356, 0.04349794238805771, 0.04208719730377197, 0.03875628113746643]"
cm-strong,inpainted,299,363,10,0,0.1393430382013321,"[10, 26, 992, 30, 82]","[0.1393430382013321, 0.04259781539440155, 0.03403250500559807, 0.034031957387924194, 0.0313757099211216]"
cm-strong,inpainted,300,356,646,0,0.11917106807231903,"[646, 741, 133, 462, 49]","[0.11917106807231903, 0.049752213060855865, 0.030137086287140846, 0.027654116973280907, 0.024432476609945297]"
cm-strong,inpainted,301,161,646,0,0.525947093963623,"[646, 58, 140, 141, 611]","[0.525947093963623, 0.06880677491426468, 0.06708294153213501, 0.026828302070498466, 0.024143308401107788]"
cm-strong,inpainted,302,254,909,0,0.3070209324359894,"[909, 963, 959, 965, 924]","[0.3070209324359894, 0.15851964056491852, 0.08949759602546692, 0.07595323771238327, 0.07076913118362427]"
cm-strong,inpainted,303,145,276,0,0.11558233201503754,"[276, 66, 140, 980, 976]","[0.11558233201503754, 0.0848347395658493, 0.04578807204961777, 0.0370684452354908, 0.03474091738462448]"
cm-strong,inpainted,304,171,328,0,0.19681315124034882,"[328, 815, 991, 110, 141]","[0.19681315124034882, 0.0994337648153305, 0.04296690225601196, 0.02393261156976223, 0.022896474227309227]"
cm-strong,inpainted,305,299,135,0,0.12392181903123856,"[135, 126, 815, 69, 79]","[0.12392181903123856, 0.07601871341466904, 0.06984183192253113, 0.057543981820344925, 0.04876571521162987]"
cm-strong,inpainted,306,251,331,0,0.09904476255178452,"[331, 342, 106, 26, 128]","[0.09904476255178452, 0.09318087249994278, 0.08168017864227295, 0.0738987997174263, 0.056463129818439484]"
cm-strong,inpainted,307,292,53,0,0.04176533594727516,"[53, 26, 360, 6, 389]","[0.04176533594727516, 0.039481017738580704, 0.035482920706272125, 0.0344778373837471, 0.033460818231105804]"
cm-strong,inpainted,308,77,41,0,0.2264799177646637,"[41, 55, 71, 46, 44]","[0.2264799177646637, 0.1229821965098381, 0.11092601716518402, 0.07716195285320282, 0.05272923782467842]"
cm-strong,inpainted,309,305,994,0,0.20376814901828766,"[994, 997, 114, 947, 26]","[0.20376814901828766, 0.10037738084793091, 0.04068039357662201, 0.03983759880065918, 0.03582671657204628]"
cm-strong,inpainted,310,299,45,0,0.4353099763393402,"[45, 361, 133, 102, 334]","[0.4353099763393402, 0.05797737464308739, 0.054861053824424744, 0.042466435581445694, 0.03630935400724411]"
cm-strong,inpainted,311,83,131,0,0.1235271468758583,"[131, 138, 815, 15, 17]","[0.1235271468758583, 0.06621737778186798, 0.060056786984205246, 0.05966317653656006, 0.04650890827178955]"
cm-strong,inpainted,312,362,972,0,0.07331223785877228,"[972, 41, 276, 976, 500]","[0.07331223785877228, 0.05921749770641327, 0.05534721910953522, 0.05148184299468994, 0.041340555995702744]"
cm-strong,inpainted,313,85,66,0,0.06386633217334747,"[66, 67, 49, 60, 54]","[0.06386633217334747, 0.060447074472904205, 0.05601898953318596, 0.04353457689285278, 0.03555639460682869]"
cm-strong,inpainted,314,203,992,0,0.27460747957229614,"[992, 986, 994, 989, 947]","[0.27460747957229614, 0.18921451270580292, 0.13109557330608368, 0.029363172128796577, 0.023362232372164726]"
cm-strong,inpainted,315,79,114,0,0.41291236877441406,"[114, 738, 305, 113, 301]","[0.41291236877441406, 0.08084613084793091, 0.06619242578744888, 0.052640002220869064, 0.029988247901201248]"
cm-strong,inpainted,316,71,110,0,0.15437231957912445,"[110, 116, 963, 329, 599]","[0.15437231957912445, 0.12785154581069946, 0.12739014625549316, 0.07537345588207245, 0.0723935067653656]"
cm-strong,inpainted,317,298,100,0,0.3482016324996948,"[100, 135, 988, 50, 131]","[0.3482016324996948, 0.07240280508995056, 0.060109224170446396, 0.037827420979738235, 0.03639381751418114]"
cm-strong,inpainted,318,336,15,0,0.4353010952472687,"[15, 991, 81, 11, 135]","[0.4353010952472687, 0.090324267745018, 0.04834644868969917, 0.04490511119365692, 0.042307935655117035]"
cm-strong,inpainted,319,425,347,0,0.25836607813835144,"[347, 984, 888, 425, 346]","[0.25836607813835144, 0.21265853941440582, 0.07246501743793488, 0.04160026088356972, 0.03799305856227875]"
cm-strong,inpainted,320,137,135,0,0.10660520195960999,"[135, 102, 133, 293, 143]","[0.10660520195960999, 0.05156143009662628, 0.03190457820892334, 0.02849643863737583, 0.02773343026638031]"
cm-strong,inpainted,321,372,138,0,0.14829866588115692,"[138, 135, 15, 815, 141]","[0.14829866588115692, 0.0675167366862297, 0.0367131307721138, 0.024844247847795486, 0.023087801411747932]"
cm-strong,inpainted,322,958,973,0,0.08033769577741623,"[973, 65, 329, 815, 970]","[0.08033769577741623, 0.07093601673841476, 0.0640631690621376, 0.04420823976397514, 0.0421699620783329]"
cm-strong,inpainted,323,232,852,0,0.11181318759918213,"[852, 649, 984, 522, 429]","[0.11181318759918213, 0.06592817604541779, 0.044275302439928055, 0.04225260019302368, 0.036969270557165146]"
cm-strong,inpainted,324,279,974,0,0.2859698235988617,"[974, 78, 286, 81, 333]","[0.2859698235988617, 0.06989403814077377, 0.05617755651473999, 0.04667554423213005, 0.04496515169739723]"
cm-strong,inpainted,325,146,976,0,0.19752497971057892,"[976, 972, 980, 970, 979]","[0.19752497971057892, 0.16262751817703247, 0.08497478067874908, 0.060023680329322815, 0.03315676376223564]"
cm-strong,inpainted,326,352,274,0,0.057379357516765594,"[274, 975, 197, 915, 970]","[0.057379357516765594, 0.04411742463707924, 0.044018182903528214, 0.04196588695049286, 0.04092755913734436]"
cm-strong,inpainted,327,958,979,0,0.2692832052707672,"[979, 958, 825, 976, 970]","[0.2692832052707672, 0.12779398262500763, 0.10462190955877304, 0.08307833969593048, 0.05365915969014168]"
cm-strong,inpainted,328,958,984,0,0.3487788736820221,"[984, 958, 646, 976, 980]","[0.3487788736820221, 0.09397314488887787, 0.092534139752388, 0.06196276843547821, 0.03528381511569023]"
cm-strong,inpainted,329,275,82,0,0.07956988364458084,"[82, 102, 331, 293, 135]","[0.07956988364458084, 0.07481524348258972, 0.07312586158514023, 0.05118882283568382, 0.04055556654930115]"
cm-strong,inpainted,330,888,975,0,0.2889913022518158,"[975, 979, 970, 525, 807]","[0.2889913022518158, 0.27651163935661316, 0.25932276248931885, 0.07034500688314438, 0.011971481144428253]"
cm-strong,inpainted,331,352,352,1,0.1368192434310913,"[352, 276, 275, 328, 272]","[0.1368192434310913, 0.1352701336145401, 0.08705771714448929, 0.06472072750329971, 0.05921248719096184]"
cm-strong,inpainted,332,85,15,0,0.0963558778166771,"[15, 331, 135, 18, 127]","[0.0963558778166771, 0.06901832669973373, 0.06077903136610985, 0.060160864144563675, 0.02650158293545246]"
cm-strong,inpainted,333,9,351,0,0.14707931876182556,"[351, 276, 291, 347, 353]","[0.14707931876182556, 0.1408047080039978, 0.13825812935829163, 0.11274769902229309, 0.08136958628892899]"
cm-strong,inpainted,334,199,134,0,0.08704391121864319,"[134, 18, 131, 138, 133]","[0.08704391121864319, 0.0814182385802269, 0.06056840345263481, 0.051024261862039566, 0.04779543727636337]"
cm-strong,inpainted,335,522,958,0,0.607508659362793,"[958, 977, 984, 975, 912]","[0.607508659362793, 0.07545976340770721, 0.0516943521797657, 0.02791910618543625, 0.02406974695622921]"
cm-strong,inpainted,336,340,557,0,0.07089684158563614,"[557, 839, 733, 425, 912]","[0.07089684158563614, 0.06260969489812851, 0.05455881357192993, 0.04773569479584694, 0.04365108534693718]"
cm-strong,inpainted,337,9,352,0,0.05402427911758423,"[352, 649, 345, 646, 343]","[0.05402427911758423, 0.04356921836733818, 0.04043705016374588, 0.03847026079893112, 0.03468063473701477]"
cm-strong,inpainted,338,386,958,0,0.13826312124729156,"[958, 716, 912, 573, 160]","[0.13826312124729156, 0.12249936163425446, 0.11547359824180603, 0.031614385545253754, 0.031110968440771103]"
cm-strong,inpainted,339,274,825,0,0.11987710744142532,"[825, 131, 976, 141, 646]","[0.11987710744142532, 0.1147618368268013, 0.06771603971719742, 0.03702358528971672, 0.03233587369322777]"
cm-strong,inpainted,340,274,293,0,0.06887267529964447,"[293, 815, 17, 387, 84]","[0.06887267529964447, 0.05662140995264053, 0.04790959507226944, 0.042814210057258606, 0.033822812139987946]"
cm-strong,inpainted,341,254,908,0,0.15065982937812805,"[908, 89, 18, 425, 134]","[0.15065982937812805, 0.14290682971477509, 0.07254580408334732, 0.03481229022145271, 0.034723494201898575]"
cm-strong,inpainted,342,185,295,0,0.04857334494590759,"[295, 17, 23, 114, 331]","[0.04857334494590759, 0.0385105237364769, 0.03526729345321655, 0.027511103078722954, 0.023512527346611023]"
cm-strong,inpainted,343,169,295,0,0.1133904829621315,"[295, 980, 336, 289, 979]","[0.1133904829621315, 0.0678955465555191, 0.0643458217382431, 0.03878936171531677, 0.02953949011862278]"
cm-strong,inpainted,344,193,82,0,0.16135317087173462,"[82, 109, 305, 973, 115]","[0.16135317087173462, 0.048490919172763824, 0.04148213937878609, 0.03464861959218979, 0.03273998573422432]"
cm-strong,inpainted,345,355,979,0,0.1633581519126892,"[979, 109, 646, 69, 888]","[0.1633581519126892, 0.1618635207414627, 0.04541733115911484, 0.037004582583904266, 0.0312596820294857]"
cm-strong,inpainted,346,83,83,1,0.27242621779441833,"[83, 138, 18, 86, 82]","[0.27242621779441833, 0.123834528028965, 0.04691925272345543, 0.04324865713715553, 0.02812821790575981]"
cm-strong,inpainted,347,355,984,0,0.17923949658870697,"[984, 912, 649, 975, 958]","[0.17923949658870697, 0.11026356369256973, 0.07144451886415482, 0.0705154687166214, 0.058879174292087555]"
cm-strong,inpainted,348,172,272,0,0.11675851792097092,"[272, 853, 915, 974, 425]","[0.11675851792097092, 0.08618836849927902, 0.053681645542383194, 0.05168794468045235, 0.04676545038819313]"
cm-strong,inpainted,349,958,984,0,0.1947016417980194,"[984, 646, 425, 958, 979]","[0.1947016417980194, 0.16065391898155212, 0.11620999872684479, 0.061251450330019, 0.05277908965945244]"
cm-strong,inpainted,350,425,976,0,0.1231347918510437,"[976, 975, 958, 915, 649]","[0.1231347918510437, 0.11090996861457825, 0.07587546855211258, 0.06818916648626328, 0.061876870691776276]"
cm-strong,inpainted,351,958,958,1,0.3366803526878357,"[958, 853, 972, 588, 533]","[0.3366803526878357, 0.1983514279127121, 0.06339751929044724, 0.03522512689232826, 0.02277187444269657]"
cm-strong,inpainted,352,425,291,0,0.1280902624130249,"[291, 425, 276, 272, 216]","[0.1280902624130249, 0.09035313874483109, 0.05417924374341965, 0.04336495324969292, 0.04147621989250183]"
cm-strong,inpainted,353,681,131,0,0.13187414407730103,"[131, 646, 839, 533, 132]","[0.13187414407730103, 0.09073583036661148, 0.03640873357653618, 0.03635426238179207, 0.026290811598300934]"
cm-strong,inpainted,354,755,980,0,0.34080931544303894,"[980, 979, 425, 975, 839]","[0.34080931544303894, 0.1467454433441162, 0.1001834124326706, 0.0674438625574112, 0.045389484614133835]"
cm-strong,inpainted,355,251,703,0,0.1400235891342163,"[703, 347, 975, 425, 646]","[0.1400235891342163, 0.12433876842260361, 0.07083885371685028, 0.05824517458677292, 0.04814950004220009]"
cm-strong,inpainted,356,209,347,0,0.17205215990543365,"[347, 984, 975, 958, 134]","[0.17205215990543365, 0.11941493302583694, 0.06402067095041275, 0.030643751844763756, 0.018461160361766815]"
cm-strong,inpainted,357,872,133,0,0.0927402451634407,"[133, 131, 15, 19, 138]","[0.0927402451634407, 0.07400810718536377, 0.07336084544658661, 0.06860373169183731, 0.0626077875494957]"
cm-strong,inpainted,358,177,912,0,0.5707619190216064,"[912, 807, 716, 520, 703]","[0.5707619190216064, 0.0782245472073555, 0.06565185636281967, 0.05055881291627884, 0.032167401164770126]"
cm-strong,inpainted,359,172,343,0,0.15260744094848633,"[343, 138, 980, 276, 127]","[0.15260744094848633, 0.11241541802883148, 0.05029161274433136, 0.0398407019674778, 0.02756773866713047]"
cm-strong,inpainted,360,425,425,1,0.1669195592403412,"[425, 853, 727, 595, 912]","[0.1669195592403412, 0.1073494628071785, 0.060049913823604584, 0.045072704553604126, 0.04235832393169403]"
cm-strong,inpainted,361,191,979,0,0.2815406918525696,"[979, 276, 839, 9, 138]","[0.2815406918525696, 0.06868962198495865, 0.06561414897441864, 0.044011712074279785, 0.0409366674721241]"
cm-strong,inpainted,362,23,135,0,0.4934789836406708,"[135, 84, 127, 131, 825]","[0.4934789836406708, 0.04504162073135376, 0.03458127751946449, 0.01922520063817501, 0.017415709793567657]"
cm-strong,inpainted,363,353,649,0,0.04319584369659424,"[649, 138, 276, 911, 764]","[0.04319584369659424, 0.03048047237098217, 0.025855159386992455, 0.02454989217221737, 0.021178070455789566]"
cm-strong,inpainted,364,209,984,0,0.3769785761833191,"[984, 405, 417, 980, 970]","[0.3769785761833191, 0.21627259254455566, 0.08589334040880203, 0.03968023508787155, 0.03702794015407562]"
cm-strong,inpainted,365,352,458,0,0.12844717502593994,"[458, 640, 539, 972, 791]","[0.12844717502593994, 0.12051603943109512, 0.07535075396299362, 0.060100048780441284, 0.048205748200416565]"
cm-strong,inpainted,366,690,984,0,0.18038928508758545,"[984, 997, 947, 992, 958]","[0.18038928508758545, 0.09187629818916321, 0.08226914703845978, 0.06349039077758789, 0.05443631112575531]"
cm-strong,inpainted,367,348,646,0,0.058633845299482346,"[646, 525, 276, 912, 979]","[0.058633845299482346, 0.04824921861290932, 0.046496812254190445, 0.04576055705547333, 0.03767182677984238]"
cm-strong,inpainted,368,336,331,0,0.1160195991396904,"[331, 92, 128, 83, 372]","[0.1160195991396904, 0.10170018672943115, 0.07030665874481201, 0.06291031092405319, 0.04213552549481392]"
cm-strong,inpainted,369,574,9,0,0.14599111676216125,"[9, 29, 355, 215, 266]","[0.14599111676216125, 0.13447292149066925, 0.093046173453331, 0.058991871774196625, 0.036748938262462616]"
cm-strong,inpainted,370,172,15,0,0.1757093071937561,"[15, 138, 984, 649, 109]","[0.1757093071937561, 0.11061041057109833, 0.03404580056667328, 0.026126496493816376, 0.02445419318974018]"
cm-strong,inpainted,371,428,976,0,0.47869500517845154,"[976, 979, 525, 972, 978]","[0.47869500517845154, 0.09685968607664108, 0.07169213145971298, 0.04167206585407257, 0.036731231957674026]"
cm-strong,inpainted,372,277,131,0,0.14494723081588745,"[131, 825, 50, 331, 134]","[0.14494723081588745, 0.1130904033780098, 0.06219358369708061, 0.046976298093795776, 0.034313131123781204]"
cm-strong,inpainted,373,209,970,0,0.0753643810749054,"[970, 649, 330, 349, 825]","[0.0753643810749054, 0.07012484222650528, 0.058831922709941864, 0.05594668909907341, 0.05134936422109604]"
cm-strong,inpainted,374,575,646,0,0.1445341855287552,"[646, 977, 805, 84, 134]","[0.1445341855287552, 0.07028090208768845, 0.06497200578451157, 0.06385475397109985, 0.05630907788872719]"
cm-strong,inpainted,375,958,984,0,0.3652269244194031,"[984, 958, 975, 347, 425]","[0.3652269244194031, 0.30940529704093933, 0.06511647254228592, 0.05325234308838844, 0.017193879932165146]"
cm-strong,inpainted,376,340,974,0,0.1611292064189911,"[974, 276, 295, 972, 970]","[0.1611292064189911, 0.07403698563575745, 0.058178532868623734, 0.05643241107463837, 0.05240469053387642]"
cm-strong,inpainted,377,191,138,0,0.10186696797609329,"[138, 276, 135, 972, 343]","[0.10186696797609329, 0.08856768906116486, 0.04347596317529678, 0.03107670694589615, 0.023926494643092155]"
cm-strong,inpainted,378,232,591,0,0.13452325761318207,"[591, 975, 682, 645, 979]","[0.13452325761318207, 0.09882356226444244, 0.06866282224655151, 0.051491498947143555, 0.037174973636865616]"
cm-strong,inpainted,379,352,980,0,0.07910247892141342,"[980, 205, 219, 207, 276]","[0.07910247892141342, 0.06459371000528336, 0.05785249546170235, 0.04576483368873596, 0.04224567860364914]"
cm-strong,inpainted,380,373,815,0,0.12832236289978027,"[815, 330, 331, 269, 275]","[0.12832236289978027, 0.06979194283485413, 0.06521590054035187, 0.028525326400995255, 0.022621452808380127]"
cm-strong,inpainted,381,353,646,0,0.2761882543563843,"[646, 979, 146, 977, 276]","[0.2761882543563843, 0.09557326138019562, 0.05951099097728729, 0.05795467644929886, 0.030904147773981094]"
cm-strong,inpainted,382,888,646,0,0.23920731246471405,"[646, 979, 853, 984, 336]","[0.23920731246471405, 0.22215324640274048, 0.13148543238639832, 0.045004911720752716, 0.044028833508491516]"
cm-strong,inpainted,383,286,375,0,0.1514308601617813,"[375, 372, 96, 368, 45]","[0.1514308601617813, 0.115598164498806, 0.06944067031145096, 0.06626075506210327, 0.04351196438074112]"
cm-strong,inpainted,384,299,20,0,0.08103127777576447,"[20, 348, 10, 349, 209]","[0.08103127777576447, 0.060372184962034225, 0.058300502598285675, 0.05300257354974747, 0.0488339364528656]"
cm-strong,inpainted,385,350,336,0,0.09045398235321045,"[336, 131, 13, 329, 17]","[0.09045398235321045, 0.05595732852816582, 0.037144195288419724, 0.033788226544857025, 0.030417338013648987]"
cm-strong,inpainted,386,143,360,0,0.3302030563354492,"[360, 337, 49, 139, 140]","[0.3302030563354492, 0.16425494849681854, 0.14156273007392883, 0.09961378574371338, 0.09101157635450363]"
cm-strong,inpainted,387,336,336,1,0.22307515144348145,"[336, 58, 979, 143, 42]","[0.22307515144348145, 0.09480476379394531, 0.044381458312273026, 0.04250571131706238, 0.037494778633117676]"
cm-strong,inpainted,388,353,703,0,0.15198267996311188,"[703, 853, 975, 825, 738]","[0.15198267996311188, 0.05560719221830368, 0.050915807485580444, 0.04367576912045479, 0.038966454565525055]"
cm-strong,inpainted,389,305,938,0,0.4388883411884308,"[938, 114, 947, 67, 283]","[0.4388883411884308, 0.13991373777389526, 0.07772058248519897, 0.05293319746851921, 0.018843013793230057]"
cm-strong,inpainted,390,349,825,0,0.27238523960113525,"[825, 102, 987, 334, 616]","[0.27238523960113525, 0.05007132142782211, 0.04856868460774422, 0.04843690246343613, 0.03675731644034386]"
cm-strong,inpainted,391,11,65,0,0.13743837177753448,"[65, 329, 390, 6, 69]","[0.13743837177753448, 0.08496370911598206, 0.07897205650806427, 0.0422639474272728, 0.03434104844927788]"
cm-strong,inpainted,392,26,931,0,0.2897460460662842,"[931, 125, 112, 114, 113]","[0.2897460460662842, 0.13550396263599396, 0.10819319635629654, 0.08161906152963638, 0.06066177040338516]"
cm-strong,inpainted,393,336,42,0,0.5332051515579224,"[42, 66, 41, 68, 49]","[0.5332051515579224, 0.14265137910842896, 0.1173408180475235, 0.030365975573658943, 0.025017159059643745]"
cm-strong,inpainted,394,79,42,0,0.2915068566799164,"[42, 972, 947, 944, 283]","[0.2915068566799164, 0.1238834336400032, 0.0497048944234848, 0.0446077324450016, 0.04133575037121773]"
cm-strong,inpainted,395,63,49,0,0.090677410364151,"[49, 329, 50, 937, 963]","[0.090677410364151, 0.07711347937583923, 0.048453379422426224, 0.04362957552075386, 0.04259484261274338]"
cm-strong,inpainted,396,349,657,0,0.04994693771004677,"[657, 350, 349, 557, 974]","[0.04994693771004677, 0.04408236965537071, 0.04012161120772362, 0.03902856260538101, 0.03801330178976059]"
cm-strong,inpainted,397,17,50,0,0.41413721442222595,"[50, 39, 48, 84, 85]","[0.41413721442222595, 0.08348439633846283, 0.05751872807741165, 0.0483701266348362, 0.034797657281160355]"
cm-strong,inpainted,398,354,272,0,0.09462735801935196,"[272, 331, 228, 330, 343]","[0.09462735801935196, 0.05779343098402023, 0.051654018461704254, 0.039924878627061844, 0.039870183914899826]"
cm-strong,inpainted,399,172,976,0,0.1296055167913437,"[976, 452, 993, 979, 429]","[0.1296055167913437, 0.05667980760335922, 0.04176238924264908, 0.03693138808012009, 0.03247060999274254]"
cm-strong,inpainted,400,390,109,0,0.5721502304077148,"[109, 970, 329, 973, 611]","[0.5721502304077148, 0.14659124612808228, 0.046158138662576675, 0.028769999742507935, 0.01959335058927536]"
cm-strong,inpainted,401,42,116,0,0.39595749974250793,"[116, 115, 58, 112, 329]","[0.39595749974250793, 0.05145391449332237, 0.041039109230041504, 0.04082571715116501, 0.03133179247379303]"
cm-strong,inpainted,402,251,60,0,0.14241555333137512,"[60, 362, 9, 276, 134]","[0.14241555333137512, 0.1381022334098816, 0.10606887936592102, 0.06357184052467346, 0.02978886105120182]"
cm-strong,inpainted,403,13,324,0,0.14135585725307465,"[324, 953, 994, 13, 37]","[0.14135585725307465, 0.09320216625928879, 0.08737124502658844, 0.0382472462952137, 0.03281049430370331]"
cm-strong,inpainted,404,139,20,0,0.17620395123958588,"[20, 143, 81, 137, 13]","[0.17620395123958588, 0.12973719835281372, 0.09153885394334793, 0.07665518671274185, 0.05878051742911339]"
cm-strong,inpainted,405,336,825,0,0.0715271383523941,"[825, 139, 792, 20, 143]","[0.0715271383523941, 0.05844412371516228, 0.04401415213942528, 0.038306791335344315, 0.03621608763933182]"
cm-strong,inpainted,406,277,20,0,0.24684157967567444,"[20, 14, 58, 140, 139]","[0.24684157967567444, 0.08832241594791412, 0.07340391725301743, 0.046962641179561615, 0.02654496766626835]"
cm-strong,inpainted,407,375,35,0,0.19734185934066772,"[35, 136, 357, 313, 372]","[0.19734185934066772, 0.1767977923154831, 0.14429497718811035, 0.09263969212770462, 0.05050744488835335]"
cm-strong,inpainted,408,26,20,0,0.08322282135486603,"[20, 143, 95, 12, 113]","[0.08322282135486603, 0.03871501237154007, 0.03703618794679642, 0.03383876010775566, 0.031835202127695084]"
cm-strong,inpainted,409,295,649,0,0.41405224800109863,"[649, 100, 458, 114, 390]","[0.41405224800109863, 0.048775896430015564, 0.027182668447494507, 0.026430856436491013, 0.022987792268395424]"
cm-strong,inpainted,410,674,825,0,0.06681225448846817,"[825, 666, 421, 8, 39]","[0.06681225448846817, 0.04626118391752243, 0.04553176835179329, 0.04140051454305649, 0.034007079899311066]"
cm-strong,inpainted,411,57,825,0,0.1874539852142334,"[825, 350, 616, 386, 349]","[0.1874539852142334, 0.14790542423725128, 0.1300349235534668, 0.09163682907819748, 0.06289685517549515]"
cm-strong,inpainted,412,59,825,0,0.2694595158100128,"[825, 858, 51, 291, 286]","[0.2694595158100128, 0.1330331265926361, 0.05045781284570694, 0.04687343165278435, 0.027353784069418907]"
cm-strong,inpainted,413,357,976,0,0.19135300815105438,"[976, 980, 972, 979, 970]","[0.19135300815105438, 0.14047805964946747, 0.09370572119951248, 0.05470849573612213, 0.04643700644373894]"
cm-strong,inpainted,414,336,336,1,0.2082275003194809,"[336, 66, 112, 61, 299]","[0.2082275003194809, 0.16210605204105377, 0.12974271178245544, 0.04622900113463402, 0.04445812106132507]"
cm-strong,inpainted,415,86,81,0,0.10138076543807983,"[81, 69, 13, 139, 679]","[0.10138076543807983, 0.0586337111890316, 0.042469218373298645, 0.03682936355471611, 0.031181450933218002]"
cm-strong,inpainted,416,62,980,0,0.610836923122406,"[980, 976, 979, 755, 900]","[0.610836923122406, 0.06548821926116943, 0.0404135137796402, 0.031282708048820496, 0.030980855226516724]"
cm-strong,inpainted,417,677,45,0,0.09787245839834213,"[45, 329, 327, 996, 825]","[0.09787245839834213, 0.09736081212759018, 0.08196671307086945, 0.06515932083129883, 0.04179580882191658]"
cm-strong,inpainted,418,387,649,0,0.14970597624778748,"[649, 500, 544, 329, 150]","[0.14970597624778748, 0.07879980653524399, 0.06993250548839569, 0.06250397861003876, 0.041981395334005356]"
cm-strong,inpainted,419,85,138,0,0.14369581639766693,"[138, 580, 127, 9, 99]","[0.14369581639766693, 0.0814453661441803, 0.06058553233742714, 0.05893244966864586, 0.05809718742966652]"
cm-strong,inpainted,420,544,753,0,0.5992441177368164,"[753, 905, 545, 811, 401]","[0.5992441177368164, 0.2134339064359665, 0.0634356141090393, 0.02924053743481636, 0.011538807302713394]"
cm-strong,inpainted,421,77,45,0,0.06352897733449936,"[45, 599, 996, 953, 937]","[0.06352897733449936, 0.06147465109825134, 0.046693917363882065, 0.042190007865428925, 0.03668999299407005]"
cm-strong,inpainted,422,357,81,0,0.2621585726737976,"[81, 23, 311, 313, 64]","[0.2621585726737976, 0.2076655477285385, 0.030116036534309387, 0.024790216237306595, 0.02470996417105198]"
cm-strong,inpainted,423,383,305,0,0.08195043355226517,"[305, 79, 58, 500, 329]","[0.08195043355226517, 0.05558149889111519, 0.043622925877571106, 0.038457468152046204, 0.03415164723992348]"
cm-strong,inpainted,424,277,100,0,0.06919869035482407,"[100, 138, 85, 50, 131]","[0.06919869035482407, 0.051620446145534515, 0.04623226448893547, 0.046150680631399155, 0.033803991973400116]"
cm-strong,inpainted,425,803,792,0,0.09056583791971207,"[792, 500, 915, 634, 450]","[0.09056583791971207, 0.08518907427787781, 0.07760371267795563, 0.06060538440942764, 0.04637828469276428]"
cm-strong,inpainted,426,792,81,0,0.18548433482646942,"[81, 974, 391, 972, 250]","[0.18548433482646942, 0.16565269231796265, 0.056814711540937424, 0.03313044086098671, 0.03137901425361633]"
cm-strong,inpainted,427,795,977,0,0.12761685252189636,"[977, 460, 6, 510, 484]","[0.12761685252189636, 0.08788836747407913, 0.07898718118667603, 0.07232658565044403, 0.06768268346786499]"
cm-strong,inpainted,428,83,549,0,0.16551066935062408,"[549, 132, 279, 405, 332]","[0.16551066935062408, 0.09580457955598831, 0.0795598030090332, 0.0704924613237381, 0.05336722731590271]"
cm-strong,inpainted,429,24,802,0,0.5573676228523254,"[802, 795, 537, 462, 701]","[0.5573676228523254, 0.07593400031328201, 0.04957791417837143, 0.03495734930038452, 0.02870759181678295]"
cm-strong,inpainted,430,802,977,0,0.79400634765625,"[977, 460, 978, 718, 975]","[0.79400634765625, 0.0729311853647232, 0.040548864752054214, 0.034864384680986404, 0.015171222388744354]"
cm-strong,inpainted,431,491,537,0,0.1508815884590149,"[537, 843, 594, 702, 489]","[0.1508815884590149, 0.10006674379110336, 0.05922313779592514, 0.03596081957221031, 0.028628865256905556]"
cm-strong,inpainted,432,277,977,0,0.21768753230571747,"[977, 433, 980, 908, 978]","[0.21768753230571747, 0.1627977341413498, 0.04662191867828369, 0.0381222739815712, 0.02943538688123226]"
cm-strong,inpainted,433,802,147,0,0.09252658486366272,"[147, 646, 131, 746, 977]","[0.09252658486366272, 0.08109474182128906, 0.05063922703266144, 0.041713349521160126, 0.03890528529882431]"
cm-strong,inpainted,434,802,792,0,0.30647408962249756,"[792, 272, 256, 255, 347]","[0.30647408962249756, 0.03073320910334587, 0.026296619325876236, 0.0251301396638155, 0.024248072877526283]"
cm-strong,inpainted,435,516,363,0,0.07724417746067047,"[363, 341, 525, 421, 428]","[0.07724417746067047, 0.0577344112098217, 0.03906283900141716, 0.03467579558491707, 0.034388743340969086]"
cm-strong,inpainted,436,13,371,0,0.4097173810005188,"[371, 248, 145, 383, 250]","[0.4097173810005188, 0.06955387443304062, 0.02966642938554287, 0.028893068432807922, 0.027092238888144493]"
cm-strong,inpainted,437,296,452,0,0.06905685365200043,"[452, 147, 140, 146, 143]","[0.06905685365200043, 0.05547289177775383, 0.05545220896601677, 0.04938929155468941, 0.03670148551464081]"
cm-strong,inpainted,438,425,81,0,0.4763818383216858,"[81, 980, 755, 971, 10]","[0.4763818383216858, 0.07575231045484543, 0.04906877130270004, 0.042166125029325485, 0.026004891842603683]"
cm-strong,inpainted,439,223,81,0,0.20325157046318054,"[81, 89, 137, 492, 279]","[0.20325157046318054, 0.11246053129434586, 0.09338557720184326, 0.028734853491187096, 0.024877550080418587]"
cm-strong,inpainted,440,795,970,0,0.3115662932395935,"[970, 795, 750, 984, 296]","[0.3115662932395935, 0.15083181858062744, 0.12599334120750427, 0.03736424818634987, 0.022055264562368393]"
cm-strong,inpainted,441,13,420,0,0.07083487510681152,"[420, 679, 127, 597, 900]","[0.07083487510681152, 0.06165913864970207, 0.03241901844739914, 0.029873063787817955, 0.020790597423911095]"
cm-strong,inpainted,442,227,802,0,0.13573260605335236,"[802, 537, 169, 795, 792]","[0.13573260605335236, 0.0941636934876442, 0.04750721529126167, 0.03406554087996483, 0.03218778595328331]"
cm-strong,inpainted,443,867,437,0,0.08954175561666489,"[437, 975, 974, 562, 980]","[0.08954175561666489, 0.07797370851039886, 0.04909658804535866, 0.04580016806721687, 0.042014189064502716]"
cm-strong,inpainted,444,232,533,0,0.14644698798656464,"[533, 45, 139, 336, 81]","[0.14644698798656464, 0.07360924780368805, 0.04051092639565468, 0.03207236900925636, 0.025643939152359962]"
cm-strong,inpainted,445,795,833,0,0.09735634922981262,"[833, 706, 977, 803, 792]","[0.09735634922981262, 0.07608794420957565, 0.06096598133444786, 0.059388890862464905, 0.055264249444007874]"
cm-strong,inpainted,446,81,974,0,0.3351178467273712,"[974, 437, 980, 900, 460]","[0.3351178467273712, 0.09722119569778442, 0.047587960958480835, 0.037708431482315063, 0.03217796981334686]"
cm-strong,inpainted,447,238,646,0,0.0798514112830162,"[646, 974, 131, 977, 433]","[0.0798514112830162, 0.06013116240501404, 0.04875810444355011, 0.04857037588953972, 0.04586390405893326]"
cm-strong,inpainted,448,296,81,0,0.42002665996551514,"[81, 669, 529, 431, 500]","[0.42002665996551514, 0.13644570112228394, 0.06358392536640167, 0.06194312125444412, 0.04265526309609413]"
cm-strong,inpainted,449,172,961,0,0.10863467305898666,"[961, 938, 13, 935, 331]","[0.10863467305898666, 0.10311959683895111, 0.08596054464578629, 0.08399593830108643, 0.05964904651045799]"
cm-strong,inpainted,450,178,58,0,0.18476071953773499,"[58, 33, 980, 979, 65]","[0.18476071953773499, 0.08703191578388214, 0.08279094099998474, 0.053901564329862595, 0.05350957065820694]"
cm-strong,inpainted,451,803,403,0,0.4026747941970825,"[403, 980, 970, 979, 832]","[0.4026747941970825, 0.13383270800113678, 0.08406580984592438, 0.07395703345537186, 0.04600008577108383]"
cm-strong,inpainted,452,331,970,0,0.1688290536403656,"[970, 979, 500, 2, 976]","[0.1688290536403656, 0.1640198677778244, 0.09827671945095062, 0.09261123090982437, 0.07511138170957565]"
cm-strong,inpainted,453,292,272,0,0.08330357819795609,"[272, 142, 356, 185, 274]","[0.08330357819795609, 0.053397465497255325, 0.03758498281240463, 0.03317905217409134, 0.02765640988945961]"
cm-strong,inpainted,454,787,347,0,0.1631409376859665,"[347, 975, 134, 525, 209]","[0.1631409376859665, 0.08096946030855179, 0.0745566114783287, 0.04652240127325058, 0.025137780234217644]"
cm-strong,inpainted,455,231,974,0,0.2380979210138321,"[974, 977, 978, 979, 980]","[0.2380979210138321, 0.20827068388462067, 0.10388275980949402, 0.09452743828296661, 0.0597454272210598]"
cm-strong,inpainted,456,81,6,0,0.25683876872062683,"[6, 4, 81, 822, 279]","[0.25683876872062683, 0.15515905618667603, 0.0834607481956482, 0.07609892636537552, 0.03712537884712219]"
cm-strong,inpainted,457,803,974,0,0.2287071794271469,"[974, 977, 961, 792, 601]","[0.2287071794271469, 0.08311019837856293, 0.05614907294511795, 0.05548381060361862, 0.02939782477915287]"
cm-strong,inpainted,458,792,868,0,0.09247030317783356,"[868, 591, 279, 258, 537]","[0.09247030317783356, 0.08264007419347763, 0.06467076390981674, 0.04694269597530365, 0.03888911381363869]"
cm-strong,inpainted,459,654,580,0,0.07236989587545395,"[580, 562, 270, 372, 975]","[0.07236989587545395, 0.0511540062725544, 0.04119010269641876, 0.034986019134521484, 0.030030865222215652]"
cm-strong,inpainted,460,170,537,0,0.061636026948690414,"[537, 460, 249, 209, 803]","[0.061636026948690414, 0.05646037682890892, 0.04991637542843819, 0.04892570152878761, 0.04682685062289238]"
cm-strong,inpainted,461,199,975,0,0.12635411322116852,"[975, 525, 565, 718, 536]","[0.12635411322116852, 0.12317842245101929, 0.08935026824474335, 0.08205271512269974, 0.04619036987423897]"
cm-strong,inpainted,462,795,795,1,0.32737213373184204,"[795, 977, 978, 802, 970]","[0.32737213373184204, 0.22482240200042725, 0.06425324082374573, 0.060515146702528, 0.05952095612883568]"
cm-strong,inpainted,463,802,803,0,0.10948240011930466,"[803, 802, 792, 537, 700]","[0.10948240011930466, 0.10363365709781647, 0.08083117753267288, 0.05415191873908043, 0.05248045548796654]"
cm-strong,inpainted,464,198,976,0,0.20763514935970306,"[976, 974, 20, 970, 139]","[0.20763514935970306, 0.14805951714515686, 0.11563460528850555, 0.016555041074752808, 0.014452610164880753]"
cm-strong,inpainted,465,209,13,0,0.16494297981262207,"[13, 10, 140, 131, 139]","[0.16494297981262207, 0.10662588477134705, 0.06363328546285629, 0.06287931650876999, 0.039730243384838104]"
cm-strong,inpainted,466,247,832,0,0.17604562640190125,"[832, 460, 562, 437, 458]","[0.17604562640190125, 0.09608543664216995, 0.07399582862854004, 0.053080905228853226, 0.04949411749839783]"
cm-strong,inpainted,467,224,938,0,0.35520902276039124,"[938, 336, 544, 81, 58]","[0.35520902276039124, 0.10760219395160675, 0.05039496719837189, 0.03600899875164032, 0.024396900087594986]"
cm-strong,inpainted,468,258,82,0,0.557824969291687,"[82, 86, 81, 85, 127]","[0.557824969291687, 0.26346468925476074, 0.060420989990234375, 0.023742573335766792, 0.00944929663091898]"
cm-strong,inpainted,469,13,299,0,0.19337141513824463,"[299, 19, 298, 88, 974]","[0.19337141513824463, 0.09382031857967377, 0.05771223083138466, 0.03815846145153046, 0.03276748210191727]"
cm-strong,inpainted,470,339,795,0,0.23444198071956635,"[795, 975, 537, 977, 701]","[0.23444198071956635, 0.08115523308515549, 0.07953500747680664, 0.05281934142112732, 0.04833362624049187]"
cm-strong,inpainted,471,888,976,0,0.1925475150346756,"[976, 977, 979, 980, 984]","[0.1925475150346756, 0.16601181030273438, 0.12758074700832367, 0.08889421820640564, 0.044038496911525726]"
cm-strong,inpainted,472,258,591,0,0.499679833650589,"[591, 445, 458, 989, 610]","[0.499679833650589, 0.056516751646995544, 0.021883785724639893, 0.020929263904690742, 0.015294400975108147]"
cm-strong,inpainted,473,792,296,0,0.3250335156917572,"[296, 2, 980, 525, 977]","[0.3250335156917572, 0.14687074720859528, 0.13970640301704407, 0.05023932456970215, 0.031911373138427734]"
cm-strong,inpainted,474,792,435,0,0.09856578707695007,"[435, 975, 539, 460, 792]","[0.09856578707695007, 0.09393112361431122, 0.05928434804081917, 0.04290137067437172, 0.04089576378464699]"
cm-strong,inpainted,475,346,975,0,0.42075100541114807,"[975, 730, 972, 976, 978]","[0.42075100541114807, 0.09250212460756302, 0.03646903857588768, 0.03483256697654724, 0.032055649906396866]"
cm-strong,inpainted,476,671,976,0,0.23759271204471588,"[976, 974, 417, 782, 405]","[0.23759271204471588, 0.11010272800922394, 0.09225459396839142, 0.06162777170538902, 0.05859056115150452]"
cm-strong,inpainted,477,724,975,0,0.3103684186935425,"[975, 979, 913, 977, 724]","[0.3103684186935425, 0.19746646285057068, 0.045108772814273834, 0.04369712248444557, 0.027473095804452896]"
cm-strong,inpainted,478,394,975,0,0.3162471354007721,"[975, 84, 525, 137, 972]","[0.3162471354007721, 0.04739406332373619, 0.04330555349588394, 0.02539580874145031, 0.025232121348381042]"
cm-strong,inpainted,479,672,970,0,0.540938138961792,"[970, 976, 979, 977, 143]","[0.540938138961792, 0.054586514830589294, 0.05136043205857277, 0.035963233560323715, 0.02557232789695263]"
cm-strong,inpainted,480,289,69,0,0.13507796823978424,"[69, 133, 500, 108, 10]","[0.13507796823978424, 0.08779089897871017, 0.07107967883348465, 0.06936564296483994, 0.05983194336295128]"
cm-strong,inpainted,481,818,980,0,0.8711721301078796,"[980, 979, 970, 976, 972]","[0.8711721301078796, 0.06519648432731628, 0.028395015746355057, 0.014410714618861675, 0.005796111188828945]"
cm-strong,inpainted,482,853,976,0,0.48840954899787903,"[976, 980, 975, 972, 970]","[0.48840954899787903, 0.2178226262331009, 0.11419671028852463, 0.055932410061359406, 0.04936973378062248]"
cm-strong,inpainted,483,239,336,0,0.32019945979118347,"[336, 973, 146, 143, 975]","[0.32019945979118347, 0.22746632993221283, 0.051224976778030396, 0.03116510435938835, 0.027654258534312248]"
cm-strong,inpainted,484,425,980,0,0.45560944080352783,"[980, 970, 979, 972, 976]","[0.45560944080352783, 0.3703746497631073, 0.08936163783073425, 0.020591041073203087, 0.015343742445111275]"
cm-strong,inpainted,485,355,525,0,0.2660300135612488,"[525, 888, 425, 912, 716]","[0.2660300135612488, 0.19297625124454498, 0.1660696417093277, 0.07794105261564255, 0.0435376837849617]"
cm-strong,inpainted,486,863,825,0,0.30889397859573364,"[825, 22, 101, 127, 386]","[0.30889397859573364, 0.0694083496928215, 0.050030067563056946, 0.02842886932194233, 0.024431925266981125]"
cm-strong,inpainted,487,349,979,0,0.14137254655361176,"[979, 978, 425, 347, 975]","[0.14137254655361176, 0.08654062449932098, 0.06958042830228806, 0.05241705849766731, 0.049014948308467865]"
cm-strong,inpainted,488,703,975,0,0.3750593066215515,"[975, 425, 510, 536, 460]","[0.3750593066215515, 0.13719668984413147, 0.0539243146777153, 0.035424038767814636, 0.028475472703576088]"
cm-strong,inpainted,489,425,970,0,0.7357419729232788,"[970, 979, 974, 915, 980]","[0.7357419729232788, 0.15100757777690887, 0.01905299723148346, 0.011606171727180481, 0.007935433648526669]"
cm-strong,inpainted,490,795,795,1,0.23972289264202118,"[795, 978, 970, 672, 915]","[0.23972289264202118, 0.16232161223888397, 0.11705344170331955, 0.09507188200950623, 0.06588967144489288]"
cm-strong,inpainted,491,690,984,0,0.5491928458213806,"[984, 853, 977, 492, 434]","[0.5491928458213806, 0.07449959963560104, 0.05926402285695076, 0.041998688131570816, 0.01733819581568241]"
cm-strong,inpainted,492,672,980,0,0.39465489983558655,"[980, 970, 979, 978, 671]","[0.39465489983558655, 0.24710704386234283, 0.18144163489341736, 0.04678326100111008, 0.04168118163943291]"
cm-strong,inpainted,493,671,970,0,0.2581917941570282,"[970, 979, 978, 795, 976]","[0.2581917941570282, 0.2219027429819107, 0.0725925862789154, 0.05038868635892868, 0.03540496155619621]"
cm-strong,inpainted,494,81,970,0,0.5604808330535889,"[970, 979, 980, 976, 972]","[0.5604808330535889, 0.15291105210781097, 0.08750763535499573, 0.08584561944007874, 0.013260629028081894]"
cm-strong,inpainted,495,733,979,0,0.40719109773635864,"[979, 970, 975, 976, 646]","[0.40719109773635864, 0.1872917264699936, 0.12491761147975922, 0.05529557913541794, 0.02304534986615181]"
cm-strong,inpainted,496,672,975,0,0.3167422115802765,"[975, 825, 979, 978, 976]","[0.3167422115802765, 0.19534942507743835, 0.09902424365282059, 0.0655999481678009, 0.04940936714410782]"
cm-strong,inpainted,497,795,795,1,0.2735009491443634,"[795, 977, 978, 970, 802]","[0.2735009491443634, 0.06466828286647797, 0.04948946833610535, 0.04037708789110184, 0.039785098284482956]"
cm-strong,inpainted,498,663,975,0,0.46160799264907837,"[975, 979, 984, 970, 976]","[0.46160799264907837, 0.18587470054626465, 0.08358126133680344, 0.07751226425170898, 0.027917936444282532]"
cm-strong,inpainted,499,705,979,0,0.13830889761447906,"[979, 975, 525, 338, 215]","[0.13830889761447906, 0.1008850485086441, 0.05341808870434761, 0.05040181428194046, 0.03337877616286278]"
cm-strong,inpainted,500,675,395,0,0.10760018974542618,"[395, 839, 394, 962, 975]","[0.10760018974542618, 0.10267135500907898, 0.04900570586323738, 0.04458054155111313, 0.0363922044634819]"
cm-strong,inpainted,501,404,979,0,0.2328871488571167,"[979, 980, 107, 701, 525]","[0.2328871488571167, 0.231723815202713, 0.11826257407665253, 0.09676125645637512, 0.031146731227636337]"
cm-strong,inpainted,502,609,85,0,0.19046911597251892,"[85, 295, 825, 81, 138]","[0.19046911597251892, 0.08091417700052261, 0.06395020335912704, 0.05315973237156868, 0.04375607892870903]"
cm-strong,inpainted,503,672,980,0,0.48040854930877686,"[980, 970, 979, 972, 975]","[0.48040854930877686, 0.3104296028614044, 0.143921360373497, 0.01513261441141367, 0.011948504485189915]"
cm-strong,inpainted,504,915,979,0,0.5837105512619019,"[979, 970, 980, 672, 972]","[0.5837105512619019, 0.23124928772449493, 0.03032306581735611, 0.02264552377164364, 0.01882879063487053]"
cm-strong,inpainted,505,336,979,0,0.4133780598640442,"[979, 976, 972, 970, 980]","[0.4133780598640442, 0.382051944732666, 0.10284887999296188, 0.06417767703533173, 0.0193385761231184]"
cm-strong,inpainted,506,515,973,0,0.10375871509313583,"[973, 979, 975, 276, 984]","[0.10375871509313583, 0.06215517595410347, 0.05293629318475723, 0.04969849810004234, 0.0451727993786335]"
cm-strong,inpainted,507,425,976,0,0.36715424060821533,"[976, 979, 970, 980, 425]","[0.36715424060821533, 0.16367216408252716, 0.14638620615005493, 0.14433030784130096, 0.06179376691579819]"
cm-strong,inpainted,508,404,492,0,0.14355364441871643,"[492, 458, 868, 519, 881]","[0.14355364441871643, 0.10706855356693268, 0.087209552526474, 0.05016617849469185, 0.028937509283423424]"
cm-strong,inpainted,509,724,975,0,0.6758431792259216,"[975, 724, 978, 970, 914]","[0.6758431792259216, 0.04139740765094757, 0.03830811381340027, 0.028287552297115326, 0.021414313465356827]"
cm-strong,inpainted,510,718,975,0,0.20329874753952026,"[975, 970, 525, 49, 209]","[0.20329874753952026, 0.07648996263742447, 0.05573642626404762, 0.045926135033369064, 0.03701494261622429]"
cm-strong,inpainted,511,671,979,0,0.29271751642227173,"[979, 970, 972, 980, 976]","[0.29271751642227173, 0.27487805485725403, 0.07377155125141144, 0.03562371805310249, 0.029229668900370598]"
cm-strong,inpainted,512,147,147,1,0.863118588924408,"[147, 976, 460, 20, 975]","[0.863118588924408, 0.032305315136909485, 0.014817954041063786, 0.013567743822932243, 0.008388480171561241]"
cm-strong,inpainted,513,484,147,0,0.07941047102212906,"[147, 977, 646, 980, 146]","[0.07941047102212906, 0.05737520754337311, 0.051150768995285034, 0.035445671528577805, 0.029911959543824196]"
cm-strong,inpainted,514,449,975,0,0.3007838726043701,"[975, 460, 978, 980, 839]","[0.3007838726043701, 0.18399915099143982, 0.13756082952022552, 0.09310264140367508, 0.06022496521472931]"
cm-strong,inpainted,515,842,976,0,0.39709022641181946,"[976, 978, 977, 975, 460]","[0.39709022641181946, 0.2655103802680969, 0.09846657514572144, 0.09567593038082123, 0.08074081689119339]"
cm-strong,inpainted,516,708,978,0,0.3055475354194641,"[978, 977, 975, 976, 972]","[0.3055475354194641, 0.22652442753314972, 0.17112550139427185, 0.11915558576583862, 0.04052692651748657]"
cm-strong,inpainted,517,393,393,1,0.49447789788246155,"[393, 108, 611, 971, 893]","[0.49447789788246155, 0.15009400248527527, 0.10102641582489014, 0.08872190862894058, 0.035096198320388794]"
cm-strong,inpainted,518,862,755,0,0.16212861239910126,"[755, 404, 517, 803, 405]","[0.16212861239910126, 0.1588802933692932, 0.14217333495616913, 0.13070981204509735, 0.05040302127599716]"
cm-strong,inpainted,519,625,147,0,0.37220528721809387,"[147, 510, 976, 780, 148]","[0.37220528721809387, 0.1738692820072174, 0.11212524026632309, 0.07014798372983932, 0.045678865164518356]"
cm-strong,inpainted,520,977,977,1,0.8956654071807861,"[977, 460, 978, 912, 525]","[0.8956654071807861, 0.015645042061805725, 0.015420874580740929, 0.00855829194188118, 0.008366108871996403]"
cm-strong,inpainted,521,536,540,0,0.09277446568012238,"[540, 296, 801, 403, 147]","[0.09277446568012238, 0.07083459198474884, 0.06865786015987396, 0.049790021032094955, 0.0435166172683239]"
cm-strong,inpainted,522,472,978,0,0.39521390199661255,"[978, 977, 34, 33, 693]","[0.39521390199661255, 0.26333850622177124, 0.04515337571501732, 0.033050354570150375, 0.025545841082930565]"
cm-strong,inpainted,523,437,780,0,0.21876288950443268,"[780, 437, 980, 701, 976]","[0.21876288950443268, 0.12391474097967148, 0.08875741064548492, 0.07945933938026428, 0.0742112398147583]"
cm-strong,inpainted,524,393,108,0,0.6031531095504761,"[108, 393, 973, 115, 396]","[0.6031531095504761, 0.39364951848983765, 0.001462479936890304, 0.0010544601827859879, 0.00044147000880911946]"
cm-strong,inpainted,525,394,973,0,0.4769824743270874,"[973, 109, 329, 5, 66]","[0.4769824743270874, 0.4541647136211395, 0.008149728178977966, 0.0051544844172894955, 0.004703718703240156]"
cm-strong,inpainted,526,147,147,1,0.8338438272476196,"[147, 976, 146, 148, 814]","[0.8338438272476196, 0.019214829429984093, 0.01867165043950081, 0.01532972976565361, 0.01327416580170393]"
cm-strong,inpainted,527,437,437,1,0.15782544016838074,"[437, 417, 900, 21, 701]","[0.15782544016838074, 0.14620095491409302, 0.1422746628522873, 0.03882933035492897, 0.032085929065942764]"
cm-strong,inpainted,528,373,821,0,0.1393943428993225,"[821, 839, 975, 915, 970]","[0.1393943428993225, 0.09488867968320847, 0.0745503157377243, 0.05055823177099228, 0.044776950031518936]"
cm-strong,inpainted,529,147,460,0,0.23269881308078766,"[460, 980, 147, 976, 814]","[0.23269881308078766, 0.18380677700042725, 0.18323394656181335, 0.051163870841264725, 0.03330201283097267]"
cm-strong,inpainted,530,143,146,0,0.7120788097381592,"[146, 98, 911, 360, 147]","[0.7120788097381592, 0.08173578232526779, 0.031991682946681976, 0.020356301218271255, 0.013959360308945179]"
cm-strong,inpainted,531,625,525,0,0.7905431389808655,"[525, 975, 718, 576, 449]","[0.7905431389808655, 0.14719505608081818, 0.009068835526704788, 0.005562090780586004, 0.004482254385948181]"
cm-strong,inpainted,532,833,975,0,0.7604418396949768,"[975, 977, 525, 979, 976]","[0.7604418396949768, 0.06359793990850449, 0.031549565494060516, 0.02750466950237751, 0.02134357951581478]"
cm-strong,inpainted,533,403,718,0,0.3781716525554657,"[718, 510, 976, 449, 839]","[0.3781716525554657, 0.11476167291402817, 0.07631219178438187, 0.04719652235507965, 0.041664570569992065]"
cm-strong,inpainted,534,914,972,0,0.14927124977111816,"[972, 979, 975, 976, 980]","[0.14927124977111816, 0.12809960544109344, 0.09089653939008713, 0.08966466039419174, 0.08317606896162033]"
cm-strong,inpainted,535,484,974,0,0.19641904532909393,"[974, 976, 681, 977, 437]","[0.19641904532909393, 0.05231815576553345, 0.04581060633063316, 0.028433874249458313, 0.026200009509921074]"
cm-strong,inpainted,536,148,147,0,0.49812984466552734,"[147, 148, 977, 34, 975]","[0.49812984466552734, 0.10371284186840057, 0.10150393843650818, 0.05241859704256058, 0.038019828498363495]"
cm-strong,inpainted,537,554,975,0,0.3350110352039337,"[975, 833, 525, 706, 177]","[0.3350110352039337, 0.08103866130113602, 0.038065314292907715, 0.02921845205128193, 0.022893302142620087]"
cm-strong,inpainted,538,814,408,0,0.12282705307006836,"[408, 510, 718, 525, 975]","[0.12282705307006836, 0.09617452323436737, 0.08622295409440994, 0.08101735264062881, 0.06661541759967804]"
cm-strong,inpainted,539,983,972,0,0.39562591910362244,"[972, 973, 976, 109, 970]","[0.39562591910362244, 0.21688827872276306, 0.08900772035121918, 0.059133242815732956, 0.051228150725364685]"
cm-strong,inpainted,540,267,976,0,0.18262331187725067,"[976, 3, 146, 4, 148]","[0.18262331187725067, 0.1180087998509407, 0.07320969551801682, 0.07249782234430313, 0.05333712324500084]"
cm-strong,inpainted,541,625,976,0,0.15278370678424835,"[976, 403, 147, 460, 913]","[0.15278370678424835, 0.152384415268898, 0.14223158359527588, 0.11931145936250687, 0.07084614783525467]"
cm-strong,inpainted,542,554,517,0,0.1409302055835724,"[517, 510, 975, 554, 913]","[0.1409302055835724, 0.10995069146156311, 0.06090281903743744, 0.05344150960445404, 0.04611179232597351]"
cm-strong,inpainted,543,554,977,0,0.7080600261688232,"[977, 978, 975, 460, 976]","[0.7080600261688232, 0.1352609395980835, 0.049282871186733246, 0.040569305419921875, 0.012223380617797375]"
cm-strong,inpainted,544,554,460,0,0.8038524389266968,"[460, 718, 561, 628, 536]","[0.8038524389266968, 0.049518831074237823, 0.03759467229247093, 0.024630559608340263, 0.0159640870988369]"
cm-strong,inpainted,545,625,741,0,0.16844823956489563,"[741, 458, 716, 498, 718]","[0.16844823956489563, 0.1449737399816513, 0.13896098732948303, 0.12670353055000305, 0.049101658165454865]"
cm-strong,inpainted,546,437,980,0,0.5110759139060974,"[980, 975, 977, 475, 978]","[0.5110759139060974, 0.08487734943628311, 0.0811537429690361, 0.046755142509937286, 0.03179851174354553]"
cm-strong,inpainted,547,146,147,0,0.15997952222824097,"[147, 911, 816, 2, 33]","[0.15997952222824097, 0.09826787561178207, 0.06405026465654373, 0.047779399901628494, 0.04032844305038452]"
cm-strong,inpainted,548,625,525,0,0.49662381410598755,"[525, 460, 408, 718, 536]","[0.49662381410598755, 0.09163560718297958, 0.04204171150922775, 0.02863246574997902, 0.02665441296994686]"
cm-strong,inpainted,549,148,147,0,0.31635144352912903,"[147, 148, 979, 146, 816]","[0.31635144352912903, 0.06933305412530899, 0.027132369577884674, 0.024584827944636345, 0.023314492776989937]"
cm-strong,inpainted,550,914,460,0,0.09600590914487839,"[460, 975, 821, 871, 510]","[0.09600590914487839, 0.09368753433227539, 0.09164347499608994, 0.09090939909219742, 0.062033332884311676]"
cm-strong,inpainted,551,484,460,0,0.3897491991519928,"[460, 147, 975, 484, 977]","[0.3897491991519928, 0.08211978524923325, 0.06535127758979797, 0.05722654238343239, 0.04799269139766693]"
cm-strong,inpainted,552,484,976,0,0.32421958446502686,"[976, 814, 460, 625, 437]","[0.32421958446502686, 0.13157300651073456, 0.07930180430412292, 0.06983219087123871, 0.06011809781193733]"
cm-strong,inpainted,553,115,110,0,0.37089163064956665,"[110, 329, 26, 115, 107]","[0.37089163064956665, 0.16743658483028412, 0.056492846459150314, 0.04559589549899101, 0.02172568440437317]"
cm-strong,inpainted,554,775,395,0,0.11939839273691177,"[395, 525, 6, 913, 979]","[0.11939839273691177, 0.11565162241458893, 0.10146690160036087, 0.0922020897269249, 0.08420112729072571]"
cm-strong,inpainted,555,115,329,0,0.724492609500885,"[329, 110, 115, 328, 973]","[0.724492609500885, 0.10659608989953995, 0.07164683938026428, 0.020977646112442017, 0.006574579514563084]"
cm-strong,inpainted,556,484,976,0,0.1811889111995697,"[976, 437, 914, 701, 510]","[0.1811889111995697, 0.08567602187395096, 0.08094217628240585, 0.06551934033632278, 0.05439566820859909]"
cm-strong,inpainted,557,4,6,0,0.26253682374954224,"[6, 148, 973, 975, 983]","[0.26253682374954224, 0.12546612322330475, 0.10215695202350616, 0.05989447981119156, 0.04996383190155029]"
cm-strong,inpainted,558,983,970,0,0.09630469977855682,"[970, 973, 65, 115, 913]","[0.09630469977855682, 0.09080277383327484, 0.06960785388946533, 0.03809991478919983, 0.03446532040834427]"
cm-strong,inpainted,559,842,976,0,0.3169368803501129,"[976, 979, 701, 972, 6]","[0.3169368803501129, 0.08107678592205048, 0.07347884029150009, 0.05460072308778763, 0.05316947400569916]"
cm-strong,inpainted,560,115,599,0,0.2556900978088379,"[599, 328, 115, 116, 962]","[0.2556900978088379, 0.18589189648628235, 0.09367310255765915, 0.0636841282248497, 0.04359631985425949]"
cm-strong,inpainted,561,391,428,0,0.06665226072072983,"[428, 472, 463, 876, 553]","[0.06665226072072983, 0.06458304077386856, 0.046573907136917114, 0.043047498911619186, 0.02839198336005211]"
cm-strong,inpainted,562,123,460,0,0.21738578379154205,"[460, 908, 976, 980, 977]","[0.21738578379154205, 0.16290637850761414, 0.11850481480360031, 0.10051380097866058, 0.04198470711708069]"
cm-strong,inpainted,563,253,975,0,0.21123889088630676,"[975, 460, 977, 978, 908]","[0.21123889088630676, 0.2097659707069397, 0.1610950529575348, 0.06810234487056732, 0.02615302987396717]"
cm-strong,inpainted,564,484,976,0,0.2559126615524292,"[976, 977, 460, 980, 974]","[0.2559126615524292, 0.21195054054260254, 0.104057177901268, 0.08386871963739395, 0.06537622958421707]"
cm-strong,inpainted,565,437,833,0,0.07724840193986893,"[833, 721, 460, 879, 549]","[0.07724840193986893, 0.05447766184806824, 0.04512499272823334, 0.032401327043771744, 0.022681638598442078]"
cm-strong,inpainted,566,148,975,0,0.44055694341659546,"[975, 977, 472, 347, 134]","[0.44055694341659546, 0.11856107413768768, 0.02760705165565014, 0.0229070745408535, 0.020816590636968613]"
cm-strong,inpainted,567,147,975,0,0.1360190212726593,"[975, 147, 525, 209, 814]","[0.1360190212726593, 0.08705025911331177, 0.08650414645671844, 0.0807788148522377, 0.039995718747377396]"
cm-strong,inpainted,568,148,911,0,0.13048233091831207,"[911, 445, 98, 2, 143]","[0.13048233091831207, 0.09297516942024231, 0.06371244043111801, 0.05005112662911415, 0.04878084361553192]"
cm-strong,inpainted,569,608,977,0,0.47722214460372925,"[977, 978, 976, 979, 975]","[0.47722214460372925, 0.39927664399147034, 0.051753848791122437, 0.016721688210964203, 0.00736792478710413]"
cm-strong,inpainted,570,62,977,0,0.04458151385188103,"[977, 84, 297, 191, 341]","[0.04458151385188103, 0.030421730130910873, 0.027575304731726646, 0.024148322641849518, 0.02322317287325859]"
cm-strong,inpainted,571,972,974,0,0.17168419063091278,"[974, 908, 839, 437, 976]","[0.17168419063091278, 0.12341020256280899, 0.10511130839586258, 0.08296311646699905, 0.059017907828092575]"
cm-strong,inpainted,572,139,133,0,0.15384893119335175,"[133, 131, 135, 114, 42]","[0.15384893119335175, 0.09589618444442749, 0.08457734435796738, 0.07874428480863571, 0.07397481799125671]"
cm-strong,inpainted,573,354,974,0,0.17011849582195282,"[974, 976, 980, 972, 821]","[0.17011849582195282, 0.14554503560066223, 0.10489755868911743, 0.0926908552646637, 0.0596337728202343]"
cm-strong,inpainted,574,140,977,0,0.5032767653465271,"[977, 58, 975, 460, 131]","[0.5032767653465271, 0.09309959411621094, 0.06654238700866699, 0.06044977158308029, 0.020272018387913704]"
cm-strong,inpainted,575,437,976,0,0.2818830609321594,"[976, 980, 977, 974, 978]","[0.2818830609321594, 0.0764976292848587, 0.07013493776321411, 0.06063731387257576, 0.04053419828414917]"
cm-strong,inpainted,576,529,913,0,0.1229938417673111,"[913, 978, 976, 974, 718]","[0.1229938417673111, 0.1128847673535347, 0.10824448615312576, 0.07193233072757721, 0.05712500214576721]"
cm-strong,inpainted,577,66,646,0,0.14251349866390228,"[646, 958, 853, 138, 305]","[0.14251349866390228, 0.0931897908449173, 0.07429026812314987, 0.055604953318834305, 0.020704716444015503]"
cm-strong,inpainted,578,511,977,0,0.2596152722835541,"[977, 978, 405, 974, 975]","[0.2596152722835541, 0.22527968883514404, 0.059095095843076706, 0.047779250890016556, 0.03195154294371605]"
cm-strong,inpainted,579,376,483,0,0.15541793406009674,"[483, 698, 873, 130, 972]","[0.15541793406009674, 0.12390264868736267, 0.100511334836483, 0.04687332734465599, 0.04082467406988144]"
cm-strong,inpainted,580,404,492,0,0.1407543122768402,"[492, 972, 980, 868, 808]","[0.1407543122768402, 0.0736960917711258, 0.05947387218475342, 0.05414057895541191, 0.03976219892501831]"
cm-strong,inpainted,581,207,452,0,0.06097682565450668,"[452, 911, 140, 433, 599]","[0.06097682565450668, 0.05032845959067345, 0.04722878709435463, 0.03311741724610329, 0.025520646944642067]"
cm-strong,inpainted,582,33,980,0,0.33981451392173767,"[980, 970, 972, 979, 976]","[0.33981451392173767, 0.11765142530202866, 0.10483971238136292, 0.07743116468191147, 0.03000154159963131]"
cm-strong,inpainted,583,34,539,0,0.2069714069366455,"[539, 977, 735, 109, 34]","[0.2069714069366455, 0.08459828048944473, 0.07496578991413116, 0.04878759756684303, 0.03572671487927437]"
cm-strong,inpainted,584,112,109,0,0.08952924609184265,"[109, 574, 977, 646, 975]","[0.08952924609184265, 0.06066613271832466, 0.043251872062683105, 0.01651585102081299, 0.015168217942118645]"
cm-strong,inpainted,585,792,338,0,0.07923908531665802,"[338, 434, 525, 974, 273]","[0.07923908531665802, 0.07210280746221542, 0.049783166497945786, 0.04801537096500397, 0.0469612181186676]"
cm-strong,inpainted,586,172,978,0,0.5189802646636963,"[978, 977, 460, 34, 809]","[0.5189802646636963, 0.11070463806390762, 0.05659235641360283, 0.04523533955216408, 0.01859002374112606]"
cm-strong,inpainted,587,222,977,0,0.2048993706703186,"[977, 978, 975, 525, 976]","[0.2048993706703186, 0.12398262321949005, 0.10138776898384094, 0.04691069945693016, 0.04271721839904785]"
cm-strong,inpainted,588,140,139,0,0.17728962004184723,"[139, 976, 977, 131, 50]","[0.17728962004184723, 0.12857332825660706, 0.1155928522348404, 0.08051156252622604, 0.06810425221920013]"
cm-strong,inpainted,589,218,6,0,0.1623445600271225,"[6, 34, 978, 977, 103]","[0.1623445600271225, 0.13084334135055542, 0.11777175962924957, 0.0644565299153328, 0.056249216198921204]"
cm-strong,inpainted,590,459,977,0,0.48588261008262634,"[977, 975, 978, 913, 976]","[0.48588261008262634, 0.1904038041830063, 0.09084007143974304, 0.029114503413438797, 0.014595347456634045]"
cm-strong,inpainted,591,112,977,0,0.1486865133047104,"[977, 273, 34, 138, 343]","[0.1486865133047104, 0.05448078736662865, 0.04817691072821617, 0.04768216237425804, 0.04124194383621216]"
cm-strong,inpainted,592,609,977,0,0.48668375611305237,"[977, 913, 912, 974, 978]","[0.48668375611305237, 0.06111602112650871, 0.0440351665019989, 0.042401913553476334, 0.03165541961789131]"
cm-strong,inpainted,593,247,977,0,0.3309301435947418,"[977, 908, 978, 646, 460]","[0.3309301435947418, 0.17908205091953278, 0.06148581951856613, 0.040564682334661484, 0.030935123562812805]"
cm-strong,inpainted,594,354,343,0,0.09249728173017502,"[343, 977, 351, 460, 974]","[0.09249728173017502, 0.07304628938436508, 0.04184786602854729, 0.04012956842780113, 0.03897397965192795]"
cm-strong,inpainted,595,842,672,0,0.10256949812173843,"[672, 6, 977, 797, 84]","[0.10256949812173843, 0.06801921874284744, 0.06118840351700783, 0.04829242825508118, 0.047924816608428955]"
cm-strong,inpainted,596,232,500,0,0.10765175521373749,"[500, 331, 139, 65, 106]","[0.10765175521373749, 0.08916698396205902, 0.06752350181341171, 0.06285151839256287, 0.05384692922234535]"
cm-strong,inpainted,597,437,825,0,0.24987149238586426,"[825, 974, 460, 977, 649]","[0.24987149238586426, 0.06899295002222061, 0.06294623017311096, 0.0554305724799633, 0.050758425146341324]"
cm-strong,inpainted,598,386,276,0,0.12937267124652863,"[276, 138, 365, 332, 293]","[0.12937267124652863, 0.1101352646946907, 0.04183376207947731, 0.0361035093665123, 0.03166715055704117]"
cm-strong,inpainted,599,145,140,0,0.11261371523141861,"[140, 139, 646, 363, 85]","[0.11261371523141861, 0.10052137821912766, 0.06658326089382172, 0.04648686200380325, 0.042230382561683655]"
cm-strong,inpainted,600,193,33,0,0.3786119520664215,"[33, 58, 533, 976, 431]","[0.3786119520664215, 0.2828126847743988, 0.0430033877491951, 0.028330164030194283, 0.02283644489943981]"
cm-strong,inpainted,601,79,500,0,0.06721245497465134,"[500, 972, 67, 65, 815]","[0.06721245497465134, 0.05980483070015907, 0.04528878256678581, 0.04131961613893509, 0.02668769471347332]"
cm-strong,inpainted,602,139,58,0,0.2930627465248108,"[58, 980, 329, 336, 138]","[0.2930627465248108, 0.055186085402965546, 0.053201824426651, 0.045727845281362534, 0.02189221791923046]"
cm-strong,inpainted,603,814,977,0,0.9076194167137146,"[977, 978, 975, 980, 460]","[0.9076194167137146, 0.043407097458839417, 0.021997081115841866, 0.004873475059866905, 0.0029261033050715923]"
cm-strong,inpainted,604,765,646,0,0.3699715733528137,"[646, 750, 706, 478, 835]","[0.3699715733528137, 0.08289119601249695, 0.08223100006580353, 0.06161489710211754, 0.033353742212057114]"
cm-strong,inpainted,605,677,138,0,0.1174527257680893,"[138, 307, 677, 298, 274]","[0.1174527257680893, 0.08443698287010193, 0.057084228843450546, 0.05093782767653465, 0.031489044427871704]"
cm-strong,inpainted,606,792,753,0,0.20758555829524994,"[753, 542, 587, 507, 434]","[0.20758555829524994, 0.12739408016204834, 0.07181569933891296, 0.051562950015068054, 0.05154220014810562]"
cm-strong,inpainted,607,652,953,0,0.22435583174228668,"[953, 906, 568, 905, 465]","[0.22435583174228668, 0.09134959429502487, 0.07094299793243408, 0.05732889845967293, 0.035174768418073654]"
cm-strong,inpainted,608,707,905,0,0.1532410979270935,"[905, 858, 701, 434, 640]","[0.1532410979270935, 0.11430923640727997, 0.07921730726957321, 0.06405609101057053, 0.06310173869132996]"
cm-strong,inpainted,609,863,411,0,0.32880717515945435,"[411, 588, 708, 775, 735]","[0.32880717515945435, 0.21899959444999695, 0.0628712922334671, 0.03622635081410408, 0.023541618138551712]"
cm-strong,inpainted,610,670,611,0,0.7661165595054626,"[611, 750, 646, 858, 588]","[0.7661165595054626, 0.01720605604350567, 0.016977038234472275, 0.011217527091503143, 0.009646642953157425]"
cm-strong,inpainted,611,439,756,0,0.24613283574581146,"[756, 799, 421, 708, 539]","[0.24613283574581146, 0.1955169141292572, 0.09198137372732162, 0.07518370449542999, 0.051684532314538956]"
cm-strong,inpainted,612,355,884,0,0.37466880679130554,"[884, 640, 858, 853, 727]","[0.37466880679130554, 0.08908113837242126, 0.03063221648335457, 0.028328722342848778, 0.027292655780911446]"
cm-strong,inpainted,613,319,933,0,0.17337331175804138,"[933, 549, 961, 934, 726]","[0.17337331175804138, 0.047615114599466324, 0.03765859454870224, 0.035138845443725586, 0.03169313818216324]"
cm-strong,inpainted,614,778,637,0,0.13615550100803375,"[637, 458, 442, 893, 492]","[0.13615550100803375, 0.057224713265895844, 0.04347211867570877, 0.04325857013463974, 0.03704918175935745]"
cm-strong,inpainted,615,958,682,0,0.14965811371803284,"[682, 500, 458, 637, 519]","[0.14965811371803284, 0.10176940262317657, 0.06385595351457596, 0.041049715131521225, 0.030959129333496094]"
cm-strong,inpainted,616,879,777,0,0.1361074149608612,"[777, 721, 748, 636, 893]","[0.1361074149608612, 0.08147414028644562, 0.057327546179294586, 0.046796854585409164, 0.03272489830851555]"
cm-strong,inpainted,617,70,677,0,0.12980332970619202,"[677, 853, 825, 209, 362]","[0.12980332970619202, 0.058433644473552704, 0.043085385113954544, 0.040121275931596756, 0.03938642516732216]"
cm-strong,inpainted,618,471,483,0,0.4029722213745117,"[483, 611, 708, 688, 646]","[0.4029722213745117, 0.04713592678308487, 0.042664919048547745, 0.03485427424311638, 0.02874160185456276]"
cm-strong,inpainted,619,583,213,0,0.16694198548793793,"[213, 220, 193, 337, 185]","[0.16694198548793793, 0.036576151847839355, 0.029412347823381424, 0.027999799698591232, 0.0254791472107172]"
cm-strong,inpainted,620,792,427,0,0.30753180384635925,"[427, 843, 565, 815, 972]","[0.30753180384635925, 0.07708638906478882, 0.07581272721290588, 0.061723481863737106, 0.04640105366706848]"
cm-strong,inpainted,621,583,500,0,0.2734309136867523,"[500, 611, 411, 794, 458]","[0.2734309136867523, 0.07452770322561264, 0.05498122423887253, 0.04247290641069412, 0.030546288937330246]"
cm-strong,inpainted,622,7,583,0,0.12154734134674072,"[583, 492, 519, 904, 743]","[0.12154734134674072, 0.1073172315955162, 0.0536600723862648, 0.04636451229453087, 0.04626987874507904]"
cm-strong,inpainted,623,86,18,0,0.5790683031082153,"[18, 825, 858, 730, 915]","[0.5790683031082153, 0.14223915338516235, 0.061177462339401245, 0.036750487983226776, 0.03515515476465225]"
cm-strong,inpainted,624,919,757,0,0.07056110352277756,"[757, 442, 920, 498, 755]","[0.07056110352277756, 0.06732287257909775, 0.05577952414751053, 0.054409559816122055, 0.0340256504714489]"
cm-strong,inpainted,625,539,539,1,0.1689217984676361,"[539, 492, 556, 827, 651]","[0.1689217984676361, 0.13489948213100433, 0.05256481468677521, 0.047039419412612915, 0.04206308349967003]"
cm-strong,inpainted,626,287,336,0,0.08205622434616089,"[336, 953, 315, 11, 998]","[0.08205622434616089, 0.06429179012775421, 0.054838862270116806, 0.040553465485572815, 0.03968237340450287]"
cm-strong,inpainted,627,471,261,0,0.08587245643138885,"[261, 435, 284, 341, 192]","[0.08587245643138885, 0.05084299296140671, 0.046743929386138916, 0.03579740971326828, 0.03048194944858551]"
cm-strong,inpainted,628,513,825,0,0.4422915577888489,"[825, 646, 741, 539, 49]","[0.4422915577888489, 0.1964552104473114, 0.036368608474731445, 0.025636153295636177, 0.017506705597043037]"
cm-strong,inpainted,629,679,591,0,0.11059168726205826,"[591, 892, 524, 725, 883]","[0.11059168726205826, 0.06383323669433594, 0.053886521607637405, 0.03824787214398384, 0.03310874477028847]"
cm-strong,inpainted,630,426,894,0,0.10775280743837357,"[894, 962, 735, 377, 568]","[0.10775280743837357, 0.06297264248132706, 0.037471819669008255, 0.03548873960971832, 0.03358015418052673]"
cm-strong,inpainted,631,583,84,0,0.23467588424682617,"[84, 334, 90, 76, 12]","[0.23467588424682617, 0.22309286892414093, 0.07320868968963623, 0.06972663849592209, 0.025810297578573227]"
cm-strong,inpainted,632,637,825,0,0.11813673377037048,"[825, 458, 919, 792, 114]","[0.11813673377037048, 0.07323917746543884, 0.0696486160159111, 0.03502568230032921, 0.023558495566248894]"
cm-strong,inpainted,633,571,462,0,0.3098791837692261,"[462, 421, 743, 799, 756]","[0.3098791837692261, 0.10499870777130127, 0.08693167567253113, 0.030194703489542007, 0.02563040889799595]"
cm-strong,inpainted,634,737,313,0,0.07572049647569656,"[313, 538, 519, 640, 839]","[0.07572049647569656, 0.07305086404085159, 0.05373962223529816, 0.053579602390527725, 0.05085168778896332]"
cm-strong,inpainted,635,463,839,0,0.19312268495559692,"[839, 821, 815, 703, 580]","[0.19312268495559692, 0.08045600354671478, 0.052504923194646835, 0.039643529802560806, 0.030296137556433678]"
cm-strong,inpainted,636,520,760,0,0.10807130485773087,"[760, 534, 435, 744, 831]","[0.10807130485773087, 0.07926767319440842, 0.06551596522331238, 0.06186769902706146, 0.044758401811122894]"
cm-strong,inpainted,637,458,784,0,0.4746159315109253,"[784, 477, 772, 823, 556]","[0.4746159315109253, 0.06844399869441986, 0.04039166867733002, 0.03681595250964165, 0.033872220665216446]"
cm-strong,inpainted,638,427,84,0,0.09663882851600647,"[84, 652, 815, 458, 775]","[0.09663882851600647, 0.0332317017018795, 0.0251788217574358, 0.025003112852573395, 0.02465027943253517]"
cm-strong,inpainted,639,651,999,0,0.1576932668685913,"[999, 896, 435, 861, 876]","[0.1576932668685913, 0.07349517196416855, 0.07226322591304779, 0.041363395750522614, 0.04133114218711853]"
cm-strong,inpainted,640,846,427,0,0.5451353192329407,"[427, 519, 894, 648, 695]","[0.5451353192329407, 0.1821671426296234, 0.07007032632827759, 0.022630637511610985, 0.02212240919470787]"
cm-strong,inpainted,641,896,435,0,0.28165319561958313,"[435, 876, 794, 750, 799]","[0.28165319561958313, 0.08649329096078873, 0.0404088981449604, 0.03568870946764946, 0.028088724240660667]"
cm-strong,inpainted,642,45,666,0,0.09428005665540695,"[666, 445, 842, 513, 64]","[0.09428005665540695, 0.07508629560470581, 0.05682554468512535, 0.02813849225640297, 0.024030640721321106]"
cm-strong,inpainted,643,444,703,0,0.1573713719844818,"[703, 363, 580, 79, 221]","[0.1573713719844818, 0.05820706486701965, 0.0535605363547802, 0.04004230350255966, 0.039194244891405106]"
cm-strong,inpainted,644,224,289,0,0.338908314704895,"[289, 825, 269, 297, 500]","[0.338908314704895, 0.08707389235496521, 0.0534084253013134, 0.04544227570295334, 0.040202412754297256]"
cm-strong,inpainted,645,738,756,0,0.17582900822162628,"[756, 781, 904, 489, 640]","[0.17582900822162628, 0.10186038166284561, 0.09081604331731796, 0.07988093793392181, 0.05972732603549957]"
cm-strong,inpainted,646,495,861,0,0.03232317417860031,"[861, 846, 549, 619, 722]","[0.03232317417860031, 0.027615878731012344, 0.026064135134220123, 0.02257337048649788, 0.021300282329320908]"
cm-strong,inpainted,647,354,427,0,0.19758161902427673,"[427, 753, 912, 494, 883]","[0.19758161902427673, 0.05865832418203354, 0.05689471215009689, 0.050044309347867966, 0.04090704023838043]"
cm-strong,inpainted,648,315,904,0,0.28645002841949463,"[904, 815, 733, 14, 24]","[0.28645002841949463, 0.14330199360847473, 0.05593355745077133, 0.032966215163469315, 0.030626345425844193]"
cm-strong,inpainted,649,728,733,0,0.08538515865802765,"[733, 556, 904, 75, 489]","[0.08538515865802765, 0.06288471817970276, 0.0627058669924736, 0.05770700052380562, 0.04881452023983002]"
cm-strong,inpainted,650,715,405,0,0.1576845496892929,"[405, 905, 919, 825, 835]","[0.1576845496892929, 0.07833334803581238, 0.06025202199816704, 0.03788874298334122, 0.03600931167602539]"
cm-strong,inpainted,651,284,972,0,0.12803484499454498,"[972, 976, 756, 616, 693]","[0.12803484499454498, 0.07231640070676804, 0.044764213263988495, 0.04471806809306145, 0.03952747955918312]"
cm-strong,inpainted,652,295,596,0,0.29591986536979675,"[596, 634, 519, 853, 44]","[0.29591986536979675, 0.17932263016700745, 0.04681069776415825, 0.036151688545942307, 0.03213086351752281]"
cm-strong,inpainted,653,471,976,0,0.29789912700653076,"[976, 460, 425, 405, 975]","[0.29789912700653076, 0.13398687541484833, 0.08836326003074646, 0.057140909135341644, 0.04906926304101944]"
cm-strong,inpainted,654,665,640,0,0.44279220700263977,"[640, 458, 752, 842, 741]","[0.44279220700263977, 0.08401833474636078, 0.028876900672912598, 0.02483537048101425, 0.01910696178674698]"
cm-strong,inpainted,655,217,716,0,0.19939468801021576,"[716, 425, 853, 580, 756]","[0.19939468801021576, 0.16022928059101105, 0.09803741425275803, 0.05757380649447441, 0.0341884084045887]"
cm-strong,inpainted,656,775,858,0,0.2225823700428009,"[858, 462, 741, 588, 853]","[0.2225823700428009, 0.10501199960708618, 0.08069413900375366, 0.050107479095458984, 0.04903118684887886]"
cm-strong,inpainted,657,143,460,0,0.19085855782032013,"[460, 410, 706, 391, 362]","[0.19085855782032013, 0.1497611701488495, 0.05795922502875328, 0.04235757514834404, 0.042309775948524475]"
cm-strong,inpainted,658,806,539,0,0.29048746824264526,"[539, 634, 706, 646, 104]","[0.29048746824264526, 0.1434275507926941, 0.13813196122646332, 0.06080250069499016, 0.0319836363196373]"
cm-strong,inpainted,659,171,700,0,0.2665542960166931,"[700, 662, 446, 583, 556]","[0.2665542960166931, 0.05777181312441826, 0.050038572400808334, 0.04684459790587425, 0.03906768560409546]"
cm-strong,inpainted,660,637,904,0,0.13611355423927307,"[904, 893, 876, 434, 748]","[0.13611355423927307, 0.08932957798242569, 0.05492500960826874, 0.05098085105419159, 0.04779429733753204]"
cm-strong,inpainted,661,875,269,0,0.12247581779956818,"[269, 272, 825, 911, 979]","[0.12247581779956818, 0.1057698205113411, 0.06142015755176544, 0.0415814146399498, 0.03086925856769085]"
cm-strong,inpainted,662,614,648,0,0.21543528139591217,"[648, 760, 534, 799, 894]","[0.21543528139591217, 0.1760670691728592, 0.11649858951568604, 0.07323995977640152, 0.05980328470468521]"
cm-strong,inpainted,663,185,905,0,0.49066925048828125,"[905, 904, 660, 799, 565]","[0.49066925048828125, 0.19929678738117218, 0.10567697882652283, 0.018125208094716072, 0.01598956808447838]"
cm-strong,inpainted,664,583,884,0,0.1643514633178711,"[884, 583, 825, 84, 611]","[0.1643514633178711, 0.09522416442632675, 0.06766244024038315, 0.06296880543231964, 0.04821221902966499]"
cm-strong,inpainted,665,674,703,0,0.5867702960968018,"[703, 705, 704, 449, 859]","[0.5867702960968018, 0.15646156668663025, 0.020735271275043488, 0.019174503162503242, 0.012440895661711693]"
cm-strong,inpainted,666,198,532,0,0.32215461134910583,"[532, 985, 594, 539, 591]","[0.32215461134910583, 0.06745892018079758, 0.04610021784901619, 0.04281710088253021, 0.04184730723500252]"
cm-strong,inpainted,667,571,716,0,0.34294140338897705,"[716, 660, 738, 706, 580]","[0.34294140338897705, 0.12514588236808777, 0.06901654601097107, 0.04467131197452545, 0.03590060770511627]"
cm-strong,inpainted,668,870,912,0,0.16320866346359253,"[912, 234, 559, 197, 539]","[0.16320866346359253, 0.0828821063041687, 0.06362025439739227, 0.06033626198768616, 0.05344578996300697]"
cm-strong,inpainted,669,614,799,0,0.28204938769340515,"[799, 583, 458, 437, 708]","[0.28204938769340515, 0.18591353297233582, 0.08161825686693192, 0.07067425549030304, 0.047474708408117294]"
cm-strong,inpainted,670,822,520,0,0.17936281859874725,"[520, 516, 765, 718, 915]","[0.17936281859874725, 0.08682895451784134, 0.08533633500337601, 0.0780179426074028, 0.0663829818367958]"
cm-strong,inpainted,671,216,888,0,0.14637917280197144,"[888, 853, 703, 706, 835]","[0.14637917280197144, 0.10517768561840057, 0.058564428240060806, 0.05365957319736481, 0.03654647246003151]"
cm-strong,inpainted,672,209,669,0,0.24330730736255646,"[669, 462, 843, 840, 365]","[0.24330730736255646, 0.19001051783561707, 0.024122238159179688, 0.021703070029616356, 0.021538589149713516]"
cm-strong,inpainted,673,775,706,0,0.07725448161363602,"[706, 289, 330, 65, 738]","[0.07725448161363602, 0.06524856388568878, 0.04420255124568939, 0.04354535788297653, 0.03871854394674301]"
cm-strong,inpainted,674,559,706,0,0.22992824018001556,"[706, 876, 421, 905, 765]","[0.22992824018001556, 0.09110100567340851, 0.04474577307701111, 0.03373445197939873, 0.03333769738674164]"
cm-strong,inpainted,675,830,980,0,0.907770574092865,"[980, 112, 329, 38, 29]","[0.907770574092865, 0.017704736441373825, 0.007912076078355312, 0.0074967285618186, 0.007489603478461504]"
cm-strong,inpainted,676,532,192,0,0.11443406343460083,"[192, 9, 421, 539, 764]","[0.11443406343460083, 0.09044014662504196, 0.061076417565345764, 0.04774797707796097, 0.02484006993472576]"
cm-strong,inpainted,677,233,520,0,0.23804214596748352,"[520, 462, 792, 716, 235]","[0.23804214596748352, 0.11944378912448883, 0.06719321757555008, 0.044046323746442795, 0.03880518674850464]"
cm-strong,inpainted,678,765,839,0,0.3244907259941101,"[839, 718, 807, 421, 703]","[0.3244907259941101, 0.11626650393009186, 0.0870618149638176, 0.08429906517267227, 0.08342612534761429]"
cm-strong,inpainted,679,428,480,0,0.0907110646367073,"[480, 877, 583, 896, 721]","[0.0907110646367073, 0.06888881325721741, 0.06603877991437912, 0.05434844642877579, 0.0439799465239048]"
cm-strong,inpainted,680,765,716,0,0.13452552258968353,"[716, 703, 917, 508, 769]","[0.13452552258968353, 0.10992571711540222, 0.05011280998587608, 0.047477900981903076, 0.044763922691345215]"
cm-strong,inpainted,681,420,858,0,0.24394886195659637,"[858, 634, 912, 703, 695]","[0.24394886195659637, 0.1075483188033104, 0.09414848685264587, 0.069547638297081, 0.06684613227844238]"
cm-strong,inpainted,682,571,460,0,0.1881580799818039,"[460, 660, 975, 449, 437]","[0.1881580799818039, 0.07795340567827225, 0.07565193623304367, 0.06332069635391235, 0.04805474355816841]"
cm-strong,inpainted,683,177,880,0,0.2147279530763626,"[880, 646, 706, 460, 977]","[0.2147279530763626, 0.08978912234306335, 0.07916285842657089, 0.050880033522844315, 0.04812784120440483]"
cm-strong,inpainted,684,846,611,0,0.13120712339878082,"[611, 539, 192, 500, 879]","[0.13120712339878082, 0.0723167285323143, 0.06511767953634262, 0.03894544765353203, 0.032970499247312546]"
cm-strong,inpainted,685,236,706,0,0.2848205864429474,"[706, 539, 835, 646, 462]","[0.2848205864429474, 0.07749757170677185, 0.043886441737413406, 0.03971452638506889, 0.03854554146528244]"
cm-strong,inpainted,686,201,897,0,0.13815701007843018,"[897, 539, 766, 492, 620]","[0.13815701007843018, 0.13018293678760529, 0.12670324742794037, 0.05637730285525322, 0.03894289582967758]"
cm-strong,inpainted,687,953,397,0,0.06752792000770569,"[397, 6, 102, 792, 462]","[0.06752792000770569, 0.06266186386346817, 0.05825669318437576, 0.039802756160497665, 0.034265633672475815]"
cm-strong,inpainted,688,637,599,0,0.36312565207481384,"[599, 410, 788, 824, 490]","[0.36312565207481384, 0.1267983764410019, 0.02575649879872799, 0.024029457941651344, 0.022708745673298836]"
cm-strong,inpainted,689,420,539,0,0.1920013129711151,"[539, 519, 458, 832, 708]","[0.1920013129711151, 0.13510166108608246, 0.082231305539608, 0.06703757494688034, 0.06412583589553833]"
cm-strong,inpainted,690,602,890,0,0.2784631848335266,"[890, 755, 682, 698, 657]","[0.2784631848335266, 0.26496797800064087, 0.040674518793821335, 0.040472496300935745, 0.037457577884197235]"
cm-strong,inpainted,691,806,706,0,0.13693086802959442,"[706, 718, 519, 492, 583]","[0.13693086802959442, 0.11718764156103134, 0.06497287005186081, 0.03360937163233757, 0.03202583268284798]"
cm-strong,inpainted,692,608,863,0,0.0839962437748909,"[863, 733, 580, 920, 361]","[0.0839962437748909, 0.04003749042749405, 0.026301788166165352, 0.02353140525519848, 0.022292107343673706]"
cm-strong,inpainted,693,775,876,0,0.1548621952533722,"[876, 519, 706, 435, 738]","[0.1548621952533722, 0.10092926025390625, 0.07939007133245468, 0.05939139798283577, 0.05659712851047516]"
cm-strong,inpainted,694,614,753,0,0.3243124186992645,"[753, 539, 858, 811, 458]","[0.3243124186992645, 0.08520282059907913, 0.08432091772556305, 0.07726573199033737, 0.07534275203943253]"
cm-strong,inpainted,695,728,24,0,0.04343896731734276,"[24, 377, 329, 474, 69]","[0.04343896731734276, 0.04028915986418724, 0.03940293565392494, 0.03900210186839104, 0.03809722140431404]"
cm-strong,inpainted,696,836,706,0,0.23303964734077454,"[706, 880, 708, 458, 525]","[0.23303964734077454, 0.06448833644390106, 0.05852688103914261, 0.05189637094736099, 0.048454638570547104]"
cm-strong,inpainted,697,361,539,0,0.07013658434152603,"[539, 410, 778, 313, 6]","[0.07013658434152603, 0.059216395020484924, 0.04967029392719269, 0.040063440799713135, 0.03657006472349167]"
cm-strong,inpainted,698,842,410,0,0.3422643542289734,"[410, 703, 529, 997, 977]","[0.3422643542289734, 0.03222135081887245, 0.023200666531920433, 0.02290314994752407, 0.02279716730117798]"
cm-strong,inpainted,699,444,835,0,0.4751187860965729,"[835, 706, 472, 525, 573]","[0.4751187860965729, 0.19330589473247528, 0.040683094412088394, 0.03740175440907478, 0.035113658756017685]"
cm-strong,inpainted,700,364,799,0,0.5231114625930786,"[799, 792, 9, 969, 532]","[0.5231114625930786, 0.16735407710075378, 0.0578429140150547, 0.04351036250591278, 0.02521209605038166]"
cm-strong,inpainted,701,707,549,0,0.04296806454658508,"[549, 735, 700, 338, 893]","[0.04296806454658508, 0.04091586545109749, 0.039564356207847595, 0.03206787258386612, 0.03192731738090515]"
cm-strong,inpainted,702,151,280,0,0.18948036432266235,"[280, 9, 299, 912, 677]","[0.18948036432266235, 0.137230783700943, 0.05331031605601311, 0.04810250177979469, 0.03729606047272682]"
cm-strong,inpainted,703,765,716,0,0.25226229429244995,"[716, 753, 858, 421, 565]","[0.25226229429244995, 0.18939466774463654, 0.08371563255786896, 0.035142913460731506, 0.034188829362392426]"
cm-strong,inpainted,704,571,743,0,0.259034126996994,"[743, 624, 424, 453, 799]","[0.259034126996994, 0.08559441566467285, 0.0519130602478981, 0.03967813029885292, 0.03937787562608719]"
cm-strong,inpainted,705,197,738,0,0.3991299271583557,"[738, 516, 411, 706, 519]","[0.3991299271583557, 0.045160260051488876, 0.03694858029484749, 0.03587920591235161, 0.023926839232444763]"
cm-strong,inpainted,706,681,556,0,0.2962545156478882,"[556, 525, 580, 660, 904]","[0.2962545156478882, 0.167765274643898, 0.10650618374347687, 0.09360386431217194, 0.047069001942873]"
cm-strong,inpainted,707,382,489,0,0.10901501029729843,"[489, 815, 387, 383, 289]","[0.10901501029729843, 0.08448050171136856, 0.056662220507860184, 0.05500282347202301, 0.04308949038386345]"
cm-strong,inpainted,708,765,706,0,0.2541855275630951,"[706, 642, 532, 765, 708]","[0.2541855275630951, 0.1899833083152771, 0.13463498651981354, 0.08811206370592117, 0.05655959993600845]"
cm-strong,inpainted,709,559,777,0,0.6173526048660278,"[777, 798, 480, 703, 912]","[0.6173526048660278, 0.167490616440773, 0.10072978585958481, 0.007922353222966194, 0.007471648044884205]"
cm-strong,inpainted,710,708,706,0,0.5621274709701538,"[706, 425, 835, 703, 532]","[0.5621274709701538, 0.06585339456796646, 0.032576050609350204, 0.026744337752461433, 0.025084825232625008]"
cm-strong,inpainted,711,202,646,0,0.19423028826713562,"[646, 706, 799, 765, 721]","[0.19423028826713562, 0.1283053159713745, 0.0809192955493927, 0.0535045862197876, 0.046809904277324677]"
cm-strong,inpainted,712,469,519,0,0.5767386555671692,"[519, 694, 454, 860, 703]","[0.5767386555671692, 0.07354357093572617, 0.04563233256340027, 0.019556496292352676, 0.013155322521924973]"
cm-strong,inpainted,713,875,911,0,0.20564855635166168,"[911, 204, 89, 192, 533]","[0.20564855635166168, 0.061761025339365005, 0.059356726706027985, 0.0503084734082222, 0.04880065098404884]"
cm-strong,inpainted,714,284,6,0,0.17858704924583435,"[6, 234, 236, 96, 284]","[0.17858704924583435, 0.13185638189315796, 0.03790868818759918, 0.02789406292140484, 0.024298978969454765]"
cm-strong,inpainted,715,199,806,0,0.42087864875793457,"[806, 850, 721, 88, 462]","[0.42087864875793457, 0.07974866777658463, 0.0707070603966713, 0.05018483102321625, 0.028378315269947052]"
cm-strong,inpainted,716,529,611,0,0.6276124715805054,"[611, 750, 721, 411, 748]","[0.6276124715805054, 0.12262716144323349, 0.038180653005838394, 0.022708548232913017, 0.020240111276507378]"
cm-strong,inpainted,717,157,469,0,0.105631522834301,"[469, 423, 747, 756, 909]","[0.105631522834301, 0.09018260985612869, 0.049314167350530624, 0.03118155710399151, 0.029092665761709213]"
cm-strong,inpainted,718,850,765,0,0.15114247798919678,"[765, 905, 669, 516, 431]","[0.15114247798919678, 0.07246516644954681, 0.06140345707535744, 0.05846315622329712, 0.04947353154420853]"
cm-strong,inpainted,719,529,435,0,0.12329573929309845,"[435, 700, 999, 549, 876]","[0.12329573929309845, 0.09402890503406525, 0.05817888677120209, 0.04759035259485245, 0.04698076844215393]"
cm-strong,inpainted,720,186,89,0,0.10978350043296814,"[89, 721, 178, 529, 146]","[0.10978350043296814, 0.10421944409608841, 0.08084489405155182, 0.06726641207933426, 0.04615126922726631]"
cm-strong,inpainted,721,361,649,0,0.06823141127824783,"[649, 44, 67, 911, 69]","[0.06823141127824783, 0.0617685504257679, 0.05953957885503769, 0.04968288913369179, 0.04282324016094208]"
cm-strong,inpainted,722,684,785,0,0.7322602272033691,"[785, 939, 806, 709, 421]","[0.7322602272033691, 0.020074350759387016, 0.017711786553263664, 0.014561017975211143, 0.013922319747507572]"
cm-strong,inpainted,723,846,831,0,0.9219275712966919,"[831, 765, 478, 750, 516]","[0.9219275712966919, 0.008251567371189594, 0.005511137656867504, 0.0053649647161364555, 0.004710901062935591]"
cm-strong,inpainted,724,156,539,0,0.1374942511320114,"[539, 741, 492, 881, 884]","[0.1374942511320114, 0.06529144942760468, 0.058397725224494934, 0.04877674952149391, 0.03092082403600216]"
cm-strong,inpainted,725,175,424,0,0.12374769896268845,"[424, 999, 981, 721, 457]","[0.12374769896268845, 0.0805428996682167, 0.053176648914813995, 0.047491639852523804, 0.03324265033006668]"
cm-strong,inpainted,726,258,56,0,0.4026188552379608,"[56, 731, 740, 908, 491]","[0.4026188552379608, 0.07267331331968307, 0.02539871446788311, 0.0238253865391016, 0.02361585758626461]"
cm-strong,inpainted,727,254,831,0,0.3832681179046631,"[831, 589, 721, 417, 794]","[0.3832681179046631, 0.09391628205776215, 0.08067610114812851, 0.06857883930206299, 0.04623102769255638]"
cm-strong,inpainted,728,529,611,0,0.482154905796051,"[611, 721, 868, 549, 599]","[0.482154905796051, 0.05004233494400978, 0.025386620312929153, 0.021691685542464256, 0.01861199177801609]"
cm-strong,inpainted,729,267,366,0,0.1082208901643753,"[366, 372, 608, 385, 259]","[0.1082208901643753, 0.07930921763181686, 0.061066336929798126, 0.0315367691218853, 0.03067180886864662]"
cm-strong,inpainted,730,257,564,0,0.15363945066928864,"[564, 831, 559, 669, 525]","[0.15363945066928864, 0.11220837384462357, 0.09093265980482101, 0.08228771388530731, 0.02624541148543358]"
cm-strong,inpainted,731,529,669,0,0.15825605392456055,"[669, 532, 516, 435, 492]","[0.15825605392456055, 0.14390921592712402, 0.10399214178323746, 0.04281310364603996, 0.03900265321135521]"
cm-strong,inpainted,732,765,881,0,0.2668305039405823,"[881, 519, 492, 516, 857]","[0.2668305039405823, 0.1480036824941635, 0.1369590014219284, 0.05741865560412407, 0.043698765337467194]"
cm-strong,inpainted,733,532,904,0,0.18238355219364166,"[904, 905, 894, 700, 799]","[0.18238355219364166, 0.1646430492401123, 0.1278809756040573, 0.057102691382169724, 0.056235089898109436]"
cm-strong,inpainted,734,227,733,0,0.18989422917366028,"[733, 475, 904, 557, 580]","[0.18989422917366028, 0.11736658960580826, 0.09907492250204086, 0.08992468565702438, 0.08252496272325516]"
cm-strong,inpainted,735,520,548,0,0.5070924162864685,"[548, 760, 534, 648, 894]","[0.5070924162864685, 0.06345505267381668, 0.038342323154211044, 0.036612119525671005, 0.03560734912753105]"
cm-strong,inpainted,736,999,435,0,0.6821907758712769,"[435, 876, 896, 659, 709]","[0.6821907758712769, 0.2864917814731598, 0.005129595287144184, 0.002005826449021697, 0.0016760473372414708]"
cm-strong,inpainted,737,174,748,0,0.07020634412765503,"[748, 785, 435, 499, 831]","[0.07020634412765503, 0.06267193704843521, 0.0456015020608902, 0.04216480255126953, 0.03866850957274437]"
cm-strong,inpainted,738,841,534,0,0.41615501046180725,"[534, 799, 520, 877, 831]","[0.41615501046180725, 0.09540588408708572, 0.0496787466108799, 0.04843685030937195, 0.0402580164372921]"
cm-strong,inpainted,739,846,905,0,0.243012472987175,"[905, 619, 846, 760, 559]","[0.243012472987175, 0.11742028594017029, 0.09210651367902756, 0.03608516976237297, 0.034912075847387314]"
cm-strong,inpainted,740,999,549,0,0.04736825078725815,"[549, 492, 648, 721, 414]","[0.04736825078725815, 0.04462899640202522, 0.044389575719833374, 0.03372526168823242, 0.0324496366083622]"
cm-strong,inpainted,741,258,799,0,0.24709007143974304,"[799, 706, 880, 539, 519]","[0.24709007143974304, 0.053919605910778046, 0.03891250118613243, 0.03670011833310127, 0.034884966909885406]"
cm-strong,inpainted,742,851,831,0,0.9681310653686523,"[831, 669, 519, 750, 564]","[0.9681310653686523, 0.005376587621867657, 0.005031980108469725, 0.0034263194538652897, 0.002976783784106374]"
cm-strong,inpainted,743,423,532,0,0.48535510897636414,"[532, 534, 831, 799, 760]","[0.48535510897636414, 0.08580190688371658, 0.06686747074127197, 0.04800009727478027, 0.04687654972076416]"
cm-strong,inpainted,744,233,420,0,0.05477112531661987,"[420, 840, 750, 869, 760]","[0.05477112531661987, 0.05069516971707344, 0.04382295534014702, 0.04063460975885391, 0.035429056733846664]"
cm-strong,inpainted,745,253,608,0,0.06120814010500908,"[608, 630, 434, 882, 700]","[0.06120814010500908, 0.04943693056702614, 0.045565418899059296, 0.03553836792707443, 0.035214271396398544]"
cm-strong,inpainted,746,655,648,0,0.1758791208267212,"[648, 756, 897, 753, 651]","[0.1758791208267212, 0.11954447627067566, 0.09666918963193893, 0.09222602844238281, 0.04898269474506378]"
cm-strong,inpainted,747,422,425,0,0.05318605154752731,"[425, 632, 416, 549, 497]","[0.05318605154752731, 0.05106386914849281, 0.04920109361410141, 0.044585295021533966, 0.0431077666580677]"
cm-strong,inpainted,748,765,777,0,0.13519957661628723,"[777, 539, 831, 480, 893]","[0.13519957661628723, 0.12360882759094238, 0.10536535829305649, 0.023541780188679695, 0.022986656054854393]"
cm-strong,inpainted,749,545,881,0,0.26746660470962524,"[881, 799, 891, 492, 811]","[0.26746660470962524, 0.10964953154325485, 0.06921183317899704, 0.0585988312959671, 0.03949714079499245]"
cm-strong,inpainted,750,841,799,0,0.11756385117769241,"[799, 700, 196, 534, 539]","[0.11756385117769241, 0.094558946788311, 0.07095719873905182, 0.04896062985062599, 0.03519386053085327]"
cm-strong,inpainted,751,655,557,0,0.30081450939178467,"[557, 760, 420, 446, 534]","[0.30081450939178467, 0.26945430040359497, 0.04385685548186302, 0.04343097656965256, 0.03908943012356758]"
cm-strong,inpainted,752,846,619,0,0.7703865170478821,"[619, 846, 433, 980, 461]","[0.7703865170478821, 0.07263818383216858, 0.026850666850805283, 0.013457385823130608, 0.0126970699056983]"
cm-strong,inpainted,753,999,896,0,0.0768185555934906,"[896, 799, 851, 846, 899]","[0.0768185555934906, 0.06837539374828339, 0.05947677046060562, 0.05025757476687431, 0.04987069591879845]"
cm-strong,inpainted,754,841,448,0,0.08527049422264099,"[448, 708, 414, 549, 421]","[0.08527049422264099, 0.0689179003238678, 0.04932263866066933, 0.04418327286839485, 0.042661622166633606]"
cm-strong,inpainted,755,655,492,0,0.4552125036716461,"[492, 519, 493, 534, 881]","[0.4552125036716461, 0.22835734486579895, 0.03460695222020149, 0.026688246056437492, 0.025983313098549843]"
cm-strong,inpainted,756,579,854,0,0.8912062644958496,"[854, 765, 401, 753, 564]","[0.8912062644958496, 0.02360343560576439, 0.016100119799375534, 0.014120408333837986, 0.0094660809263587]"
cm-strong,inpainted,757,198,750,0,0.37367016077041626,"[750, 427, 539, 756, 634]","[0.37367016077041626, 0.06201907992362976, 0.04196995496749878, 0.027021506801247597, 0.02647596225142479]"
cm-strong,inpainted,758,614,789,0,0.4679328501224518,"[789, 462, 526, 918, 840]","[0.4679328501224518, 0.13003422319889069, 0.06674312055110931, 0.047862470149993896, 0.0472128726541996]"
cm-strong,inpainted,759,689,564,0,0.21696245670318604,"[564, 857, 651, 741, 526]","[0.21696245670318604, 0.058668676763772964, 0.03920555114746094, 0.03909999504685402, 0.029838498681783676]"
cm-strong,inpainted,760,863,799,0,0.28472474217414856,"[799, 495, 624, 453, 548]","[0.28472474217414856, 0.11746586859226227, 0.07779340445995331, 0.04843961074948311, 0.04676339030265808]"
cm-strong,inpainted,761,851,619,0,0.13790129125118256,"[619, 846, 974, 664, 549]","[0.13790129125118256, 0.12796035408973694, 0.1164945587515831, 0.05596713721752167, 0.032292451709508896]"
cm-strong,inpainted,762,444,437,0,0.10169906914234161,"[437, 421, 462, 716, 660]","[0.10169906914234161, 0.09695424139499664, 0.07918858528137207, 0.03305497393012047, 0.026506660506129265]"
cm-strong,inpainted,763,230,799,0,0.10074784606695175,"[799, 877, 519, 637, 553]","[0.10074784606695175, 0.08497089892625809, 0.07810094207525253, 0.04888378456234932, 0.048684198409318924]"
cm-strong,inpainted,764,254,958,0,0.10298918932676315,"[958, 770, 523, 910, 436]","[0.10298918932676315, 0.07007178664207458, 0.055522482842206955, 0.04367496073246002, 0.031410109251737595]"
cm-strong,inpainted,765,199,529,0,0.05400445684790611,"[529, 750, 516, 910, 202]","[0.05400445684790611, 0.04870709031820297, 0.026377979665994644, 0.026302456855773926, 0.023012647405266762]"
cm-strong,inpainted,766,493,700,0,0.11017673462629318,"[700, 846, 619, 868, 648]","[0.11017673462629318, 0.074007548391819, 0.06901966035366058, 0.06724603474140167, 0.05285258963704109]"
cm-strong,inpainted,767,882,624,0,0.2883138954639435,"[624, 480, 453, 548, 707]","[0.2883138954639435, 0.1038791611790657, 0.08109667897224426, 0.08008921146392822, 0.07665502279996872]"
cm-strong,inpainted,768,739,492,0,0.08760497719049454,"[492, 695, 519, 726, 398]","[0.08760497719049454, 0.08379794657230377, 0.05293140560388565, 0.050561096519231796, 0.045740194618701935]"
cm-strong,inpainted,769,846,794,0,0.06183187663555145,"[794, 501, 616, 824, 591]","[0.06183187663555145, 0.05755804106593132, 0.031779006123542786, 0.031007960438728333, 0.03000245802104473]"
cm-strong,inpainted,770,614,799,0,0.1540062427520752,"[799, 789, 743, 579, 851]","[0.1540062427520752, 0.1421700268983841, 0.06299961358308792, 0.04618997871875763, 0.034968290477991104]"
cm-strong,inpainted,771,579,517,0,0.29723384976387024,"[517, 549, 443, 709, 868]","[0.29723384976387024, 0.21976761519908905, 0.03943734988570213, 0.02334490790963173, 0.023267105221748352]"
cm-strong,inpainted,772,882,673,0,0.07857225835323334,"[673, 598, 608, 831, 526]","[0.07857225835323334, 0.07787156105041504, 0.050911497324705124, 0.0456375777721405, 0.04081393778324127]"
cm-strong,inpainted,773,778,709,0,0.2757198214530945,"[709, 904, 593, 418, 597]","[0.2757198214530945, 0.12158236652612686, 0.07950164377689362, 0.04637404903769493, 0.035071492195129395]"
cm-strong,inpainted,774,882,894,0,0.7605029344558716,"[894, 519, 493, 492, 648]","[0.7605029344558716, 0.11406155675649643, 0.03281685337424278, 0.025087371468544006, 0.01879693940281868]"
cm-strong,inpainted,775,550,556,0,0.0707622542977333,"[556, 583, 624, 860, 564]","[0.0707622542977333, 0.06853935867547989, 0.057079918682575226, 0.04846079647541046, 0.047949545085430145]"
cm-strong,inpainted,776,284,421,0,0.29107874631881714,"[421, 583, 799, 904, 580]","[0.29107874631881714, 0.10493236035108566, 0.07054540514945984, 0.05464218184351921, 0.02540075033903122]"
cm-strong,inpainted,777,851,974,0,0.49786776304244995,"[974, 884, 664, 144, 851]","[0.49786776304244995, 0.05670381709933281, 0.04840698838233948, 0.02514013461768627, 0.02097739279270172]"
cm-strong,inpainted,778,651,519,0,0.3467817008495331,"[519, 894, 553, 669, 499]","[0.3467817008495331, 0.15857455134391785, 0.05373629927635193, 0.025014638900756836, 0.023925496265292168]"
cm-strong,inpainted,779,681,421,0,0.17182515561580658,"[421, 526, 532, 831, 858]","[0.17182515561580658, 0.10899833589792252, 0.07218316942453384, 0.06870569288730621, 0.05587770417332649]"
cm-strong,inpainted,780,420,492,0,0.3942854702472687,"[492, 553, 534, 881, 421]","[0.3942854702472687, 0.09186118096113205, 0.06917764246463776, 0.05397954210639, 0.05177545174956322]"
cm-strong,inpainted,781,532,461,0,0.13311997056007385,"[461, 653, 427, 756, 666]","[0.13311997056007385, 0.08873403817415237, 0.08564776182174683, 0.08394674211740494, 0.0781053826212883]"
cm-strong,inpainted,782,423,532,0,0.3400673270225525,"[532, 579, 840, 526, 534]","[0.3400673270225525, 0.28166019916534424, 0.041680485010147095, 0.0400412455201149, 0.027939273044466972]"
cm-strong,inpainted,783,201,480,0,0.2697010636329651,"[480, 598, 526, 169, 583]","[0.2697010636329651, 0.1513204723596573, 0.0629311054944992, 0.058716781437397, 0.03498009964823723]"
cm-strong,inpainted,784,690,634,0,0.2900964319705963,"[634, 649, 9, 425, 912]","[0.2900964319705963, 0.09201542288064957, 0.05422085151076317, 0.049610529094934464, 0.04616177827119827]"
cm-strong,inpainted,785,807,421,0,0.4642316401004791,"[421, 872, 792, 7, 523]","[0.4642316401004791, 0.0747724249958992, 0.04762943089008331, 0.04499519243836403, 0.029239976778626442]"
cm-strong,inpainted,786,836,525,0,0.2919376492500305,"[525, 718, 460, 833, 977]","[0.2919376492500305, 0.14762797951698303, 0.05280475690960884, 0.052543990314006805, 0.02601071633398533]"
cm-strong,inpainted,787,779,727,0,0.04234592244029045,"[727, 716, 602, 807, 660]","[0.04234592244029045, 0.041531890630722046, 0.04092704877257347, 0.03933204710483551, 0.030239740386605263]"
cm-strong,inpainted,788,872,975,0,0.3346976637840271,"[975, 977, 646, 703, 580]","[0.3346976637840271, 0.2140059918165207, 0.0747542530298233, 0.07149950414896011, 0.01959334872663021]"
cm-strong,inpainted,789,516,884,0,0.4357612133026123,"[884, 881, 492, 427, 399]","[0.4357612133026123, 0.0816025510430336, 0.051213908940553665, 0.032910190522670746, 0.030435500666499138]"
cm-strong,inpainted,790,807,703,0,0.29977428913116455,"[703, 912, 975, 706, 9]","[0.29977428913116455, 0.19543293118476868, 0.10951310396194458, 0.1093195304274559, 0.04253329709172249]"
cm-strong,inpainted,791,880,460,0,0.397862046957016,"[460, 525, 978, 976, 977]","[0.397862046957016, 0.26412391662597656, 0.05386778712272644, 0.05038345605134964, 0.037863798439502716]"
cm-strong,inpainted,792,678,454,0,0.08830523490905762,"[454, 421, 694, 498, 481]","[0.08830523490905762, 0.05990087240934372, 0.04017874225974083, 0.03979295492172241, 0.035101018846035004]"
cm-strong,inpainted,793,603,703,0,0.2662425935268402,"[703, 539, 462, 660, 421]","[0.2662425935268402, 0.23163214325904846, 0.09153975546360016, 0.07372259348630905, 0.05963961035013199]"
cm-strong,inpainted,794,665,693,0,0.041394010186195374,"[693, 291, 972, 472, 84]","[0.041394010186195374, 0.0394873283803463, 0.031621720641851425, 0.026941722258925438, 0.02278636209666729]"
cm-strong,inpainted,795,541,706,0,0.6853809952735901,"[706, 750, 646, 634, 519]","[0.6853809952735901, 0.044099245220422745, 0.02844194509088993, 0.020237412303686142, 0.015543072484433651]"
cm-strong,inpainted,796,704,562,0,0.16851641237735748,"[562, 791, 795, 460, 270]","[0.16851641237735748, 0.06623680144548416, 0.055902279913425446, 0.03642232343554497, 0.02755037508904934]"
cm-strong,inpainted,797,770,706,0,0.26214858889579773,"[706, 832, 316, 943, 831]","[0.26214858889579773, 0.1387091875076294, 0.05610773339867592, 0.030950384214520454, 0.02749371901154518]"
cm-strong,inpainted,798,428,568,0,0.43035051226615906,"[568, 652, 743, 145, 873]","[0.43035051226615906, 0.12804988026618958, 0.05753672495484352, 0.03784547746181488, 0.029311174526810646]"
cm-strong,inpainted,799,637,741,0,0.3290625810623169,"[741, 912, 887, 406, 458]","[0.3290625810623169, 0.179855614900589, 0.09266264736652374, 0.08763673901557922, 0.03586715832352638]"
cm-strong,inpainted,800,879,682,0,0.23090830445289612,"[682, 437, 608, 649, 460]","[0.23090830445289612, 0.0632992535829544, 0.03933696821331978, 0.03754178807139397, 0.036220427602529526]"
cm-strong,inpainted,801,869,829,0,0.1833963841199875,"[829, 534, 975, 466, 654]","[0.1833963841199875, 0.07858489453792572, 0.06984715163707733, 0.05293421447277069, 0.04978330060839653]"
cm-strong,inpainted,802,690,271,0,0.23457764089107513,"[271, 269, 275, 562, 283]","[0.23457764089107513, 0.12001615762710571, 0.05976047366857529, 0.05783374607563019, 0.03510471433401108]"
cm-strong,inpainted,803,822,706,0,0.11410431563854218,"[706, 876, 750, 703, 756]","[0.11410431563854218, 0.09365444630384445, 0.06690315902233124, 0.04157048463821411, 0.03710835054516792]"
cm-strong,inpainted,804,880,716,0,0.3594261109828949,"[716, 706, 660, 741, 228]","[0.3594261109828949, 0.3566327691078186, 0.030593261122703552, 0.02756037563085556, 0.02387106791138649]"
cm-strong,inpainted,805,612,974,0,0.13356605172157288,"[974, 913, 663, 849, 873]","[0.13356605172157288, 0.11899328231811523, 0.08662193268537521, 0.031524308025836945, 0.024641580879688263]"
cm-strong,inpainted,806,879,705,0,0.32775092124938965,"[705, 660, 425, 547, 867]","[0.32775092124938965, 0.1313789188861847, 0.12836746871471405, 0.05215337127447128, 0.04889488220214844]"
cm-strong,inpainted,807,603,706,0,0.24904370307922363,"[706, 539, 741, 406, 736]","[0.24904370307922363, 0.13747769594192505, 0.10887294262647629, 0.05282766744494438, 0.051245659589767456]"
cm-strong,inpainted,808,707,646,0,0.2040933221578598,"[646, 977, 492, 706, 525]","[0.2040933221578598, 0.09314189106225967, 0.06921063363552094, 0.06408689171075821, 0.05175681412220001]"
cm-strong,inpainted,809,751,706,0,0.4767945408821106,"[706, 703, 803, 977, 637]","[0.4767945408821106, 0.06425730139017105, 0.028923146426677704, 0.021527757868170738, 0.021190574392676353]"
cm-strong,inpainted,810,407,977,0,0.21436823904514313,"[977, 646, 975, 219, 245]","[0.21436823904514313, 0.13676300644874573, 0.10587938129901886, 0.03964469954371452, 0.034558430314064026]"
cm-strong,inpainted,811,791,612,0,0.1488797664642334,"[612, 791, 603, 523, 704]","[0.1488797664642334, 0.08323052525520325, 0.0712059885263443, 0.0448116809129715, 0.04135024547576904]"
cm-strong,inpainted,812,645,498,0,0.24119633436203003,"[498, 454, 698, 424, 624]","[0.24119633436203003, 0.1886318027973175, 0.16332024335861206, 0.05144621431827545, 0.040993425995111465]"
cm-strong,inpainted,813,879,449,0,0.5746821761131287,"[449, 540, 718, 525, 576]","[0.5746821761131287, 0.12698595225811005, 0.03477238863706589, 0.024835776537656784, 0.022587262094020844]"
cm-strong,inpainted,814,612,975,0,0.2159617692232132,"[975, 197, 449, 134, 525]","[0.2159617692232132, 0.09487101435661316, 0.030850466340780258, 0.029660170897841454, 0.028012022376060486]"
cm-strong,inpainted,815,468,634,0,0.532831609249115,"[634, 814, 706, 703, 408]","[0.532831609249115, 0.030353982001543045, 0.02735033445060253, 0.02667943760752678, 0.023532746359705925]"
cm-strong,inpainted,816,603,718,0,0.5173149704933167,"[718, 580, 706, 603, 421]","[0.5173149704933167, 0.046093977987766266, 0.027208639308810234, 0.022100677713751793, 0.019926102831959724]"
cm-strong,inpainted,817,670,977,0,0.37864673137664795,"[977, 224, 706, 880, 346]","[0.37864673137664795, 0.057560745626688004, 0.02714170143008232, 0.025653932243585587, 0.020723804831504822]"
cm-strong,inpainted,818,468,338,0,0.3120071589946747,"[338, 977, 829, 284, 637]","[0.3120071589946747, 0.03342388942837715, 0.03157857060432434, 0.030979705974459648, 0.026951836422085762]"
cm-strong,inpainted,819,830,244,0,0.13618749380111694,"[244, 421, 877, 706, 799]","[0.13618749380111694, 0.10427139699459076, 0.075619176030159, 0.04912784695625305, 0.04802670329809189]"
cm-strong,inpainted,820,670,435,0,0.254970908164978,"[435, 706, 977, 876, 544]","[0.254970908164978, 0.18059928715229034, 0.07028182595968246, 0.043959375470876694, 0.03462566062808037]"
cm-strong,inpainted,821,807,904,0,0.18354539573192596,"[904, 425, 871, 557, 484]","[0.18354539573192596, 0.05259170010685921, 0.05203012004494667, 0.04920577257871628, 0.04279995337128639]"
cm-strong,inpainted,822,602,829,0,0.20224688947200775,"[829, 757, 656, 766, 580]","[0.20224688947200775, 0.11462148278951645, 0.07142528146505356, 0.03880896791815758, 0.034892696887254715]"
cm-strong,inpainted,823,439,475,0,0.06285037845373154,"[475, 920, 295, 580, 970]","[0.06285037845373154, 0.056819479912519455, 0.04270586371421814, 0.025712205097079277, 0.025529636070132256]"
cm-strong,inpainted,824,198,750,0,0.24942699074745178,"[750, 436, 831, 144, 563]","[0.24942699074745178, 0.1264578253030777, 0.053080249577760696, 0.04669440537691116, 0.041686613112688065]"
cm-strong,inpainted,825,559,646,0,0.4031906723976135,"[646, 14, 18, 649, 131]","[0.4031906723976135, 0.045560073107481, 0.018956957384943962, 0.017530938610434532, 0.01691686362028122]"
cm-strong,inpainted,826,919,974,0,0.23917478322982788,"[974, 976, 972, 979, 437]","[0.23917478322982788, 0.14456991851329803, 0.11421958357095718, 0.07918054610490799, 0.049976468086242676]"
cm-strong,inpainted,827,665,975,0,0.1051773801445961,"[975, 460, 134, 825, 821]","[0.1051773801445961, 0.07157536596059799, 0.043878525495529175, 0.02520100772380829, 0.02133934758603573]"
cm-strong,inpainted,828,919,839,0,0.1151978000998497,"[839, 525, 835, 908, 324]","[0.1151978000998497, 0.09187769144773483, 0.05169369652867317, 0.048420779407024384, 0.04653267189860344]"
cm-strong,inpainted,829,557,425,0,0.767866313457489,"[425, 497, 668, 557, 682]","[0.767866313457489, 0.04501476511359215, 0.031913310289382935, 0.026159901171922684, 0.024088924750685692]"
cm-strong,inpainted,830,864,798,0,0.49530667066574097,"[798, 718, 769, 705, 466]","[0.49530667066574097, 0.11139093339443207, 0.08295992761850357, 0.05603722110390663, 0.024026835337281227]"
cm-strong,inpainted,831,880,984,0,0.21409830451011658,"[984, 330, 825, 331, 975]","[0.21409830451011658, 0.0810270681977272, 0.03981299698352814, 0.030136561021208763, 0.026336485520005226]"
cm-strong,inpainted,832,870,646,0,0.43144339323043823,"[646, 977, 229, 458, 412]","[0.43144339323043823, 0.10820619761943817, 0.026368146762251854, 0.022754089906811714, 0.021660514175891876]"
cm-strong,inpainted,833,439,858,0,0.5206395983695984,"[858, 519, 424, 87, 743]","[0.5206395983695984, 0.2248719185590744, 0.0220502819865942, 0.01822650246322155, 0.016174372285604477]"
cm-strong,inpainted,834,728,525,0,0.1359167844057083,"[525, 634, 421, 738, 462]","[0.1359167844057083, 0.07288069278001785, 0.06534943729639053, 0.054607827216386795, 0.046474892646074295]"
cm-strong,inpainted,835,920,812,0,0.2895931899547577,"[812, 405, 657, 744, 517]","[0.2895931899547577, 0.13537630438804626, 0.06776982545852661, 0.04365803301334381, 0.03585254028439522]"
cm-strong,inpainted,836,608,295,0,0.09720846265554428,"[295, 14, 133, 18, 84]","[0.09720846265554428, 0.08448364585638046, 0.05388536676764488, 0.042324550449848175, 0.03420434147119522]"
cm-strong,inpainted,837,919,743,0,0.2371450513601303,"[743, 886, 424, 571, 905]","[0.2371450513601303, 0.12991192936897278, 0.0565718337893486, 0.055484142154455185, 0.04242197796702385]"
cm-strong,inpainted,838,612,703,0,0.20714637637138367,"[703, 634, 628, 489, 427]","[0.20714637637138367, 0.06490769982337952, 0.02952290140092373, 0.028395554050803185, 0.02834329567849636]"
cm-strong,inpainted,839,919,979,0,0.10915980488061905,"[979, 973, 437, 984, 976]","[0.10915980488061905, 0.08407316356897354, 0.07424852252006531, 0.06263037770986557, 0.044470712542533875]"
cm-strong,inpainted,840,571,706,0,0.4884876608848572,"[706, 415, 651, 539, 424]","[0.4884876608848572, 0.07170082628726959, 0.056360431015491486, 0.04995157942175865, 0.04888560250401497]"
cm-strong,inpainted,841,575,975,0,0.07081297039985657,"[975, 510, 880, 978, 160]","[0.07081297039985657, 0.05697350576519966, 0.049484800547361374, 0.04830075427889824, 0.03864549845457077]"
cm-strong,inpainted,842,870,977,0,0.39261069893836975,"[977, 525, 978, 341, 975]","[0.39261069893836975, 0.06149675324559212, 0.05944671109318733, 0.036096613854169846, 0.025418605655431747]"
cm-strong,inpainted,843,919,421,0,0.30776771903038025,"[421, 498, 884, 651, 881]","[0.30776771903038025, 0.1361653357744217, 0.08095359057188034, 0.05225381255149841, 0.05076528340578079]"
cm-strong,inpainted,844,879,669,0,0.12321890145540237,"[669, 510, 913, 831, 525]","[0.12321890145540237, 0.10748820006847382, 0.04654241353273392, 0.042437225580215454, 0.04216279089450836]"
cm-strong,inpainted,845,690,839,0,0.32103413343429565,"[839, 877, 873, 919, 920]","[0.32103413343429565, 0.14572468400001526, 0.060836661607027054, 0.04473249986767769, 0.03297005966305733]"
cm-strong,inpainted,846,879,483,0,0.18798090517520905,"[483, 492, 565, 458, 743]","[0.18798090517520905, 0.17917071282863617, 0.1273939311504364, 0.11601441353559494, 0.05946994572877884]"
cm-strong,inpainted,847,412,489,0,0.08178220689296722,"[489, 462, 839, 460, 412]","[0.08178220689296722, 0.06496507674455643, 0.05677657201886177, 0.0477680042386055, 0.0397832989692688]"
cm-strong,inpainted,848,412,977,0,0.2787986993789673,"[977, 718, 706, 646, 532]","[0.2787986993789673, 0.14774487912654877, 0.1356511265039444, 0.02763768471777439, 0.021753238514065742]"
cm-strong,inpainted,849,751,751,1,0.09817977249622345,"[751, 519, 769, 573, 637]","[0.09817977249622345, 0.06421145051717758, 0.057904113084077835, 0.043779533356428146, 0.03925064206123352]"
cm-strong,inpainted,850,489,649,0,0.14520323276519775,"[649, 975, 825, 984, 230]","[0.14520323276519775, 0.10079211741685867, 0.07990607619285583, 0.04399919509887695, 0.03549356386065483]"
cm-strong,inpainted,851,223,646,0,0.41003453731536865,"[646, 522, 984, 977, 621]","[0.41003453731536865, 0.09864403307437897, 0.06497112661600113, 0.04564238712191582, 0.020162463188171387]"
cm-strong,inpainted,852,603,435,0,0.2629736065864563,"[435, 876, 519, 703, 750]","[0.2629736065864563, 0.06887799501419067, 0.04770907759666443, 0.043326184153556824, 0.041828520596027374]"
cm-strong,inpainted,853,862,462,0,0.13795246183872223,"[462, 421, 877, 474, 565]","[0.13795246183872223, 0.06783296167850494, 0.06542029231786728, 0.04987756535410881, 0.038925640285015106]"
cm-strong,inpainted,854,612,975,0,0.12480876594781876,"[975, 703, 839, 706, 977]","[0.12480876594781876, 0.119343601167202, 0.10508408397436142, 0.061623524874448776, 0.05381269380450249]"
cm-strong,inpainted,855,154,421,0,0.15556856989860535,"[421, 330, 428, 525, 523]","[0.15556856989860535, 0.109121173620224, 0.05124571919441223, 0.04526465758681297, 0.02797843888401985]"
cm-strong,inpainted,856,560,727,0,0.15433822572231293,"[727, 320, 912, 807, 421]","[0.15433822572231293, 0.09698260575532913, 0.05629540979862213, 0.052480898797512054, 0.051257699728012085]"
cm-strong,inpainted,857,852,752,0,0.30865657329559326,"[752, 977, 595, 868, 478]","[0.30865657329559326, 0.28976526856422424, 0.019313281401991844, 0.015681453049182892, 0.015674157068133354]"
cm-strong,inpainted,858,522,746,0,0.4468221962451935,"[746, 462, 706, 249, 573]","[0.4468221962451935, 0.053861770778894424, 0.033958353102207184, 0.02496832050383091, 0.02200290374457836]"
cm-strong,inpainted,859,430,769,0,0.1333983987569809,"[769, 620, 519, 736, 896]","[0.1333983987569809, 0.08421342819929123, 0.056766923516988754, 0.046657539904117584, 0.04166923463344574]"
cm-strong,inpainted,860,752,904,0,0.45163494348526,"[904, 458, 489, 565, 556]","[0.45163494348526, 0.12552854418754578, 0.07689177244901657, 0.07666010409593582, 0.0679023265838623]"
cm-strong,inpainted,861,852,525,0,0.3564167022705078,"[525, 576, 718, 736, 338]","[0.3564167022705078, 0.1343202143907547, 0.0534675270318985, 0.04632854089140892, 0.029909562319517136]"
cm-strong,inpainted,862,746,746,1,0.791754424571991,"[746, 462, 434, 573, 537]","[0.791754424571991, 0.024972066283226013, 0.009762885980308056, 0.00913212914019823, 0.008223718032240868]"
cm-strong,inpainted,863,702,602,0,0.10855013132095337,"[602, 971, 525, 416, 839]","[0.10855013132095337, 0.06617475301027298, 0.04165671765804291, 0.03732611984014511, 0.035462636500597]"
cm-strong,inpainted,864,560,773,0,0.07295511662960052,"[773, 398, 867, 252, 183]","[0.07295511662960052, 0.06717996299266815, 0.04797881096601486, 0.04525775462388992, 0.03172385320067406]"
cm-strong,inpainted,865,746,746,1,0.37485742568969727,"[746, 532, 908, 492, 750]","[0.37485742568969727, 0.06953991949558258, 0.040659163147211075, 0.03828633576631546, 0.037292711436748505]"
cm-strong,inpainted,866,430,492,0,0.17741714417934418,"[492, 868, 905, 751, 961]","[0.17741714417934418, 0.11882688105106354, 0.08853662759065628, 0.03238667547702789, 0.030489718541502953]"
cm-strong,inpainted,867,450,669,0,0.19413462281227112,"[669, 516, 525, 519, 257]","[0.19413462281227112, 0.1396552175283432, 0.09845837950706482, 0.06806328147649765, 0.05728749558329582]"
cm-strong,inpainted,868,890,890,1,0.4568210542201996,"[890, 492, 736, 881, 430]","[0.4568210542201996, 0.09356135874986649, 0.08597258478403091, 0.054128095507621765, 0.039492417126894]"
cm-strong,inpainted,869,746,746,1,0.9189993739128113,"[746, 767, 591, 416, 644]","[0.9189993739128113, 0.033315882086753845, 0.006792308762669563, 0.005620880983769894, 0.004445533733814955]"
cm-strong,inpainted,870,560,458,0,0.09683103114366531,"[458, 888, 825, 390, 984]","[0.09683103114366531, 0.05371404439210892, 0.036803387105464935, 0.032720718532800674, 0.030572405084967613]"
cm-strong,inpainted,871,752,833,0,0.08973020315170288,"[833, 752, 661, 701, 744]","[0.08973020315170288, 0.075197733938694, 0.04853130877017975, 0.03891967236995697, 0.025553176179528236]"
cm-strong,inpainted,872,702,706,0,0.4225706160068512,"[706, 526, 877, 423, 702]","[0.4225706160068512, 0.0359051451086998, 0.028132323175668716, 0.020884066820144653, 0.019324038177728653]"
cm-strong,inpainted,873,160,387,0,0.11247320473194122,"[387, 402, 579, 492, 981]","[0.11247320473194122, 0.059709638357162476, 0.04882650449872017, 0.04320192709565163, 0.03525957465171814]"
cm-strong,inpainted,874,430,430,1,0.7366359233856201,"[430, 890, 569, 413, 471]","[0.7366359233856201, 0.09429865330457687, 0.03077872470021248, 0.023751405999064445, 0.014922774396836758]"
cm-strong,inpainted,875,430,751,0,0.07874856144189835,"[751, 430, 915, 399, 177]","[0.07874856144189835, 0.07158195972442627, 0.06992816179990768, 0.04781632870435715, 0.039894357323646545]"
cm-strong,inpainted,876,499,904,0,0.10054438561201096,"[904, 489, 427, 556, 377]","[0.10054438561201096, 0.0745440125465393, 0.0668540969491005, 0.05044972896575928, 0.04318959265947342]"
cm-strong,inpainted,877,418,103,0,0.1006493866443634,"[103, 980, 978, 911, 696]","[0.1006493866443634, 0.08840993791818619, 0.08267311006784439, 0.06048816442489624, 0.049044691026210785]"
cm-strong,inpainted,878,849,846,0,0.0819019079208374,"[846, 974, 619, 534, 782]","[0.0819019079208374, 0.07957024872303009, 0.07577986270189285, 0.05453338101506233, 0.050409600138664246]"
cm-strong,inpainted,879,899,688,0,0.09892649948596954,"[688, 831, 881, 498, 516]","[0.09892649948596954, 0.07474660128355026, 0.0708346962928772, 0.07006875425577164, 0.0434829518198967]"
cm-strong,inpainted,880,963,549,0,0.08621648699045181,"[549, 640, 835, 921, 478]","[0.08621648699045181, 0.041779711842536926, 0.030481379479169846, 0.02918378636240959, 0.02569335512816906]"
cm-strong,inpainted,881,956,6,0,0.17904934287071228,"[6, 978, 979, 296, 908]","[0.17904934287071228, 0.06113544479012489, 0.05756276100873947, 0.045740365982055664, 0.029477160423994064]"
cm-strong,inpainted,882,961,519,0,0.21776899695396423,"[519, 492, 478, 876, 868]","[0.21776899695396423, 0.08621066063642502, 0.07510107010602951, 0.07493762671947479, 0.044718656688928604]"
cm-strong,inpainted,883,786,492,0,0.18245425820350647,"[492, 538, 458, 904, 539]","[0.18245425820350647, 0.15836457908153534, 0.08572132885456085, 0.07061216980218887, 0.03509002923965454]"
cm-strong,inpainted,884,440,789,0,0.22336351871490479,"[789, 495, 453, 860, 548]","[0.22336351871490479, 0.10214933007955551, 0.09926944971084595, 0.06895092129707336, 0.06789734959602356]"
cm-strong,inpainted,885,846,846,1,0.3415275514125824,"[846, 619, 678, 851, 659]","[0.3415275514125824, 0.13205590844154358, 0.0887451097369194, 0.07537232339382172, 0.02621629647910595]"
cm-strong,inpainted,886,969,961,0,0.2628113627433777,"[961, 891, 673, 861, 611]","[0.2628113627433777, 0.2467796802520752, 0.06701865047216415, 0.06343522667884827, 0.019767476245760918]"
cm-strong,inpainted,887,945,977,0,0.125094473361969,"[977, 975, 372, 591, 741]","[0.125094473361969, 0.07851509749889374, 0.037497665733098984, 0.03472471237182617, 0.027752205729484558]"
cm-strong,inpainted,888,752,875,0,0.10978996008634567,"[875, 463, 338, 492, 856]","[0.10978996008634567, 0.07431434839963913, 0.06346172839403152, 0.06211666017770767, 0.03888764977455139]"
cm-strong,inpainted,889,651,727,0,0.252849280834198,"[727, 789, 648, 435, 794]","[0.252849280834198, 0.14356648921966553, 0.11421988904476166, 0.05796259269118309, 0.037776194512844086]"
cm-strong,inpainted,890,945,696,0,0.45081815123558044,"[696, 462, 947, 584, 619]","[0.45081815123558044, 0.25954559445381165, 0.05056558921933174, 0.050088562071323395, 0.03934001922607422]"
cm-strong,inpainted,891,438,416,0,0.27286386489868164,"[416, 470, 96, 778, 722]","[0.27286386489868164, 0.14036065340042114, 0.1361442357301712, 0.03198660537600517, 0.027224885299801826]"
cm-strong,inpainted,892,441,492,0,0.17999209463596344,"[492, 961, 519, 963, 750]","[0.17999209463596344, 0.14924374222755432, 0.05521012842655182, 0.034208182245492935, 0.027448240667581558]"
cm-strong,inpainted,893,818,721,0,0.14626188576221466,"[721, 883, 434, 12, 462]","[0.14626188576221466, 0.09973124414682388, 0.05777362734079361, 0.05257003754377365, 0.04332970455288887]"
cm-strong,inpainted,894,941,333,0,0.0815315842628479,"[333, 279, 910, 296, 961]","[0.0815315842628479, 0.05586439371109009, 0.04117937386035919, 0.038690030574798584, 0.03682037815451622]"
cm-strong,inpainted,895,711,910,0,0.5951763987541199,"[910, 492, 816, 777, 618]","[0.5951763987541199, 0.04705366492271423, 0.03957259654998779, 0.03814452141523361, 0.037285082042217255]"
cm-strong,inpainted,896,152,106,0,0.10609835386276245,"[106, 233, 198, 330, 147]","[0.10609835386276245, 0.09160920232534409, 0.04673488065600395, 0.03615592420101166, 0.02416135184466839]"
cm-strong,inpainted,897,996,421,0,0.21345409750938416,"[421, 489, 777, 542, 704]","[0.21345409750938416, 0.13291703164577484, 0.12565815448760986, 0.09292848408222198, 0.07442373037338257]"
cm-strong,inpainted,898,898,669,0,0.07147534936666489,"[669, 988, 325, 532, 910]","[0.07147534936666489, 0.06367500871419907, 0.062170710414648056, 0.059579867869615555, 0.052903950214385986]"
cm-strong,inpainted,899,441,851,0,0.47560274600982666,"[851, 846, 470, 747, 466]","[0.47560274600982666, 0.028841758146882057, 0.028022026643157005, 0.020475365221500397, 0.020027587190270424]"
cm-strong,inpainted,900,953,425,0,0.08363208174705505,"[425, 248, 499, 618, 596]","[0.08363208174705505, 0.04051025211811066, 0.028533674776554108, 0.027418293058872223, 0.024047832936048508]"
cm-strong,inpainted,901,505,446,0,0.061966635286808014,"[446, 722, 405, 809, 942]","[0.061966635286808014, 0.05618211254477501, 0.05595851689577103, 0.04634617641568184, 0.04247293621301651]"
cm-strong,inpainted,902,773,419,0,0.07784342765808105,"[419, 785, 678, 725, 846]","[0.07784342765808105, 0.034917909651994705, 0.028636395931243896, 0.028052954003214836, 0.026934120804071426]"
cm-strong,inpainted,903,942,868,0,0.05591472610831261,"[868, 492, 474, 539, 967]","[0.05591472610831261, 0.045235998928546906, 0.03820866718888283, 0.031844642013311386, 0.030993236228823662]"
cm-strong,inpainted,904,891,701,0,0.05048539116978645,"[701, 443, 146, 735, 805]","[0.05048539116978645, 0.026317516341805458, 0.02040393464267254, 0.018039394170045853, 0.01657234877347946]"
cm-strong,inpainted,905,968,721,0,0.06625790148973465,"[721, 756, 406, 495, 741]","[0.06625790148973465, 0.058074597269296646, 0.05557621642947197, 0.04783673584461212, 0.04743514955043793]"
cm-strong,inpainted,906,942,971,0,0.09752760082483292,"[971, 849, 960, 736, 450]","[0.09752760082483292, 0.09512529522180557, 0.0866803228855133, 0.06638624519109726, 0.035156697034835815]"
cm-strong,inpainted,907,941,6,0,0.26063457131385803,"[6, 3, 149, 345, 150]","[0.26063457131385803, 0.1335621476173401, 0.12355095148086548, 0.03289215266704559, 0.025239605456590652]"
cm-strong,inpainted,908,418,493,0,0.18462435901165009,"[493, 69, 500, 492, 911]","[0.18462435901165009, 0.132049560546875, 0.08692971616983414, 0.050781384110450745, 0.04064247012138367]"
cm-strong,inpainted,909,928,492,0,0.44305941462516785,"[492, 674, 317, 472, 893]","[0.44305941462516785, 0.06459729373455048, 0.04007897526025772, 0.039452869445085526, 0.028279615566134453]"
cm-strong,inpainted,910,934,977,0,0.14782142639160156,"[977, 150, 659, 868, 835]","[0.14782142639160156, 0.06798345595598221, 0.049746014177799225, 0.04314634948968887, 0.0396178662776947]"
cm-strong,inpainted,911,968,721,0,0.49625763297080994,"[721, 39, 545, 749, 725]","[0.49625763297080994, 0.049374453723430634, 0.04833725094795227, 0.04052811488509178, 0.03850536048412323]"
cm-strong,inpainted,912,923,911,0,0.2575373947620392,"[911, 462, 816, 824, 735]","[0.2575373947620392, 0.17759649455547333, 0.1281355321407318, 0.08145404607057571, 0.04832610487937927]"
cm-strong,inpainted,913,194,24,0,0.09299547225236893,"[24, 562, 89, 972, 377]","[0.09299547225236893, 0.09114551544189453, 0.08127903938293457, 0.04517946392297745, 0.04514860734343529]"
cm-strong,inpainted,914,927,492,0,0.3268852233886719,"[492, 910, 532, 519, 831]","[0.3268852233886719, 0.0558442696928978, 0.045396678149700165, 0.028991278260946274, 0.026709340512752533]"
cm-strong,inpainted,915,686,13,0,0.05996180698275566,"[13, 666, 725, 818, 896]","[0.05996180698275566, 0.05873246118426323, 0.048524826765060425, 0.04164564236998558, 0.04053152725100517]"
cm-strong,inpainted,916,737,565,0,0.2932146489620209,"[565, 660, 905, 693, 602]","[0.2932146489620209, 0.08668028563261032, 0.05756419524550438, 0.0522116981446743, 0.03660798817873001]"
cm-strong,inpainted,917,849,853,0,0.2273022085428238,"[853, 533, 677, 824, 911]","[0.2273022085428238, 0.07600151002407074, 0.06044654920697212, 0.026851387694478035, 0.024235673248767853]"
cm-strong,inpainted,918,855,659,0,0.04753541946411133,"[659, 114, 868, 526, 745]","[0.04753541946411133, 0.0440869964659214, 0.03153187036514282, 0.029918717220425606, 0.027608729898929596]"
cm-strong,inpainted,919,611,611,1,0.06330473721027374,"[611, 876, 267, 607, 910]","[0.06330473721027374, 0.05666607245802879, 0.05475262179970741, 0.03848441317677498, 0.03799034282565117]"
cm-strong,inpainted,920,545,887,0,0.12969376146793365,"[887, 564, 846, 894, 619]","[0.12969376146793365, 0.10759899765253067, 0.10709347575902939, 0.04415247589349747, 0.040183503180742264]"
cm-strong,inpainted,921,761,816,0,0.31676971912384033,"[816, 806, 658, 579, 669]","[0.31676971912384033, 0.1680850088596344, 0.09170490503311157, 0.046636369079351425, 0.045658595860004425]"
cm-strong,inpainted,922,521,338,0,0.1037912666797638,"[338, 797, 735, 775, 764]","[0.1037912666797638, 0.07704059034585953, 0.07608877867460251, 0.049122415482997894, 0.039909377694129944]"
cm-strong,inpainted,923,626,390,0,0.060987867414951324,"[390, 532, 972, 492, 58]","[0.060987867414951324, 0.060432083904743195, 0.059948816895484924, 0.05179859325289726, 0.045706626027822495]"
cm-strong,inpainted,924,441,591,0,0.29681986570358276,"[591, 478, 726, 910, 506]","[0.29681986570358276, 0.04402028024196625, 0.02565520443022251, 0.023187238723039627, 0.02135351113975048]"
cm-strong,inpainted,925,438,836,0,0.10215598344802856,"[836, 146, 58, 23, 19]","[0.10215598344802856, 0.06116597354412079, 0.0515051931142807, 0.03625631704926491, 0.03278880938887596]"
cm-strong,inpainted,926,426,556,0,0.12314605712890625,"[556, 446, 748, 721, 549]","[0.12314605712890625, 0.09260629117488861, 0.07624954730272293, 0.0667409747838974, 0.049133483320474625]"
cm-strong,inpainted,927,710,519,0,0.20368559658527374,"[519, 525, 695, 587, 918]","[0.20368559658527374, 0.07802093774080276, 0.07439955323934555, 0.04170460253953934, 0.03232878819108009]"
cm-strong,inpainted,928,613,549,0,0.10862221568822861,"[549, 961, 169, 851, 657]","[0.10862221568822861, 0.08869415521621704, 0.038909465074539185, 0.035963136702775955, 0.03451884910464287]"
cm-strong,inpainted,929,574,876,0,0.0796317532658577,"[876, 492, 648, 896, 910]","[0.0796317532658577, 0.07666528970003128, 0.03817702829837799, 0.03391347452998161, 0.02982863411307335]"
cm-strong,inpainted,930,882,532,0,0.10517898201942444,"[532, 435, 700, 999, 553]","[0.10517898201942444, 0.08592391014099121, 0.07808397710323334, 0.06722486019134521, 0.04522930458188057]"
cm-strong,inpainted,931,647,662,0,0.22682315111160278,"[662, 754, 593, 881, 487]","[0.22682315111160278, 0.13419373333454132, 0.06306285411119461, 0.057390034198760986, 0.04254157468676567]"
cm-strong,inpainted,932,737,912,0,0.32126814126968384,"[912, 703, 9, 428, 113]","[0.32126814126968384, 0.09581892192363739, 0.04612366482615471, 0.039926640689373016, 0.037659600377082825]"
cm-strong,inpainted,933,963,549,0,0.05859324336051941,"[549, 305, 640, 805, 892]","[0.05859324336051941, 0.0497659370303154, 0.03752029687166214, 0.030027762055397034, 0.028122516348958015]"
cm-strong,inpainted,934,662,881,0,0.17345751821994781,"[881, 492, 904, 978, 721]","[0.17345751821994781, 0.04973239451646805, 0.0457473024725914, 0.04239888861775398, 0.030072422698140144]"
cm-strong,inpainted,935,891,630,0,0.05297497287392616,"[630, 756, 999, 492, 526]","[0.05297497287392616, 0.05286127328872681, 0.049411289393901825, 0.048007600009441376, 0.03829283267259598]"
cm-strong,inpainted,936,891,492,0,0.28348153829574585,"[492, 556, 648, 532, 519]","[0.28348153829574585, 0.052869852632284164, 0.03893808647990227, 0.03815983608365059, 0.03457723930478096]"
cm-strong,inpainted,937,710,591,0,0.10058297216892242,"[591, 710, 835, 426, 721]","[0.10058297216892242, 0.06465482711791992, 0.05862464755773544, 0.04737146198749542, 0.04179958626627922]"
cm-strong,inpainted,938,188,446,0,0.1337834745645523,"[446, 478, 881, 539, 553]","[0.1337834745645523, 0.12677313387393951, 0.06710101664066315, 0.05684751272201538, 0.043880488723516464]"
cm-strong,inpainted,939,503,846,0,0.2842860817909241,"[846, 549, 700, 81, 619]","[0.2842860817909241, 0.11829792708158493, 0.05673885717988014, 0.036028902977705, 0.02523779310286045]"
cm-strong,inpainted,940,849,909,0,0.08665212988853455,"[909, 942, 417, 492, 881]","[0.08665212988853455, 0.07996700704097748, 0.06570060551166534, 0.06422380357980728, 0.05611347779631615]"
cm-strong,inpainted,941,968,434,0,0.14476434886455536,"[434, 462, 619, 696, 752]","[0.14476434886455536, 0.12630882859230042, 0.09260545670986176, 0.03945107385516167, 0.02605804242193699]"
cm-strong,inpainted,942,438,435,0,0.15693895518779755,"[435, 876, 648, 760, 905]","[0.15693895518779755, 0.09349676966667175, 0.08520320057868958, 0.05915320664644241, 0.05454028770327568]"
cm-strong,inpainted,943,530,726,0,0.18677598237991333,"[726, 910, 492, 868, 533]","[0.18677598237991333, 0.09298209100961685, 0.09000477939844131, 0.06380286067724228, 0.05163686349987984]"
cm-strong,inpainted,944,613,190,0,0.13895609974861145,"[190, 750, 921, 520, 832]","[0.13895609974861145, 0.11998098343610764, 0.06273243576288223, 0.06141379848122597, 0.05932874232530594]"
cm-strong,inpainted,945,786,799,0,0.1976209133863449,"[799, 669, 894, 778, 846]","[0.1976209133863449, 0.10379020124673843, 0.06997932493686676, 0.042900025844573975, 0.03498842939734459]"
cm-strong,inpainted,946,466,835,0,0.2739872932434082,"[835, 538, 489, 839, 743]","[0.2739872932434082, 0.13792985677719116, 0.07287764549255371, 0.07282733917236328, 0.06360260397195816]"
cm-strong,inpainted,947,466,703,0,0.229043647646904,"[703, 858, 576, 640, 881]","[0.229043647646904, 0.1408478021621704, 0.06267128884792328, 0.04234263673424721, 0.04146686941385269]"
cm-strong,inpainted,948,466,839,0,0.17042472958564758,"[839, 489, 580, 912, 601]","[0.17042472958564758, 0.10185419023036957, 0.08891611546278, 0.03642711788415909, 0.024527903646230698]"
cm-strong,inpainted,949,547,705,0,0.6056311726570129,"[705, 829, 627, 821, 888]","[0.6056311726570129, 0.07474343478679657, 0.06775561720132828, 0.0412551648914814, 0.021090779453516006]"
cm-strong,inpainted,950,547,634,0,0.1801041066646576,"[634, 425, 833, 410, 853]","[0.1801041066646576, 0.10001204162836075, 0.07597790658473969, 0.07557934522628784, 0.051715921610593796]"
cm-strong,inpainted,951,547,979,0,0.27235642075538635,"[979, 425, 839, 233, 888]","[0.27235642075538635, 0.06276920437812805, 0.0532669797539711, 0.03293878957629204, 0.03219529986381531]"
cm-strong,inpainted,952,466,627,0,0.38462182879447937,"[627, 576, 466, 881, 848]","[0.38462182879447937, 0.15681946277618408, 0.09114371240139008, 0.07086016982793808, 0.03569436073303223]"
cm-strong,inpainted,953,466,705,0,0.3093276023864746,"[705, 466, 580, 547, 829]","[0.3093276023864746, 0.23817472159862518, 0.08976451307535172, 0.054398324340581894, 0.02457144483923912]"
cm-strong,inpainted,954,829,627,0,0.1992836892604828,"[627, 510, 821, 654, 718]","[0.1992836892604828, 0.18167220056056976, 0.06956038624048233, 0.05756654217839241, 0.04748916253447533]"
cm-strong,inpainted,955,547,829,0,0.15943403542041779,"[829, 874, 705, 547, 718]","[0.15943403542041779, 0.1551683247089386, 0.15498687326908112, 0.1192222461104393, 0.10393058508634567]"
cm-strong,inpainted,956,829,829,1,0.6556670069694519,"[829, 833, 874, 427, 733]","[0.6556670069694519, 0.13310980796813965, 0.0872889831662178, 0.017583195120096207, 0.012961461208760738]"
cm-strong,inpainted,957,829,705,0,0.10986385494470596,"[705, 562, 884, 517, 829]","[0.10986385494470596, 0.10951822251081467, 0.08358088880777359, 0.0792936310172081, 0.04488232359290123]"
cm-strong,inpainted,958,829,403,0,0.28553685545921326,"[403, 536, 565, 914, 628]","[0.28553685545921326, 0.21091528236865997, 0.0768633708357811, 0.04975566640496254, 0.037616338580846786]"
cm-strong,inpainted,959,820,839,0,0.15086129307746887,"[839, 979, 525, 912, 976]","[0.15086129307746887, 0.14418642222881317, 0.09227675199508667, 0.06634033471345901, 0.044404517859220505]"
cm-strong,inpainted,960,820,979,0,0.3457129895687103,"[979, 972, 980, 976, 970]","[0.3457129895687103, 0.26077547669410706, 0.09346761554479599, 0.06370607018470764, 0.039908576756715775]"
cm-strong,inpainted,961,829,829,1,0.505256175994873,"[829, 880, 920, 580, 562]","[0.505256175994873, 0.05943124741315842, 0.03651732578873634, 0.020197859033942223, 0.017800170928239822]"
cm-strong,inpainted,962,820,115,0,0.12800778448581696,"[115, 962, 328, 991, 599]","[0.12800778448581696, 0.1268489807844162, 0.05960427597165108, 0.05819878354668617, 0.04830083250999451]"
cm-strong,inpainted,963,829,510,0,0.46102261543273926,"[510, 878, 743, 624, 454]","[0.46102261543273926, 0.06983878463506699, 0.05485238879919052, 0.052771758288145065, 0.044764816761016846]"
cm-strong,inpainted,964,829,640,0,0.11897274106740952,"[640, 698, 562, 829, 406]","[0.11897274106740952, 0.10650409013032913, 0.08571615070104599, 0.06876977533102036, 0.055544640868902206]"
cm-strong,inpainted,965,829,727,0,0.1174188032746315,"[727, 807, 408, 437, 839]","[0.1174188032746315, 0.06606508791446686, 0.04656729847192764, 0.041965302079916, 0.03942763805389404]"
cm-strong,inpainted,966,820,979,0,0.34220051765441895,"[979, 123, 150, 336, 580]","[0.34220051765441895, 0.04813939332962036, 0.04253605380654335, 0.03926597163081169, 0.032980043441057205]"
cm-strong,inpainted,967,829,698,0,0.30583465099334717,"[698, 498, 497, 829, 576]","[0.30583465099334717, 0.22865359485149384, 0.18904761970043182, 0.07999307662248611, 0.06075352430343628]"
cm-strong,inpainted,968,102,858,0,0.28435736894607544,"[858, 318, 421, 913, 313]","[0.28435736894607544, 0.19320935010910034, 0.027061687782406807, 0.01978974975645542, 0.017034029588103294]"
cm-strong,inpainted,969,850,490,0,0.27369049191474915,"[490, 921, 806, 910, 733]","[0.27369049191474915, 0.2451348453760147, 0.037424519658088684, 0.027890773490071297, 0.025140615180134773]"
cm-strong,inpainted,970,850,425,0,0.051484230905771255,"[425, 744, 462, 976, 681]","[0.051484230905771255, 0.03575915843248367, 0.033421505242586136, 0.03297977149486542, 0.027599800378084183]"
cm-strong,inpainted,971,539,421,0,0.07997316122055054,"[421, 418, 542, 881, 587]","[0.07997316122055054, 0.07293036580085754, 0.06045597419142723, 0.053449276834726334, 0.0481925830245018]"
cm-strong,inpainted,972,374,977,0,0.33090412616729736,"[977, 835, 640, 795, 6]","[0.33090412616729736, 0.11543862521648407, 0.03340040519833565, 0.029734091833233833, 0.020208433270454407]"
cm-strong,inpainted,973,601,706,0,0.4656752049922943,"[706, 750, 646, 891, 940]","[0.4656752049922943, 0.15088962018489838, 0.04332156106829643, 0.024336669594049454, 0.019805364310741425]"
cm-strong,inpainted,974,929,799,0,0.3363272249698639,"[799, 780, 871, 897, 877]","[0.3363272249698639, 0.1594243198633194, 0.07743985205888748, 0.06761591136455536, 0.0417349636554718]"
cm-strong,inpainted,975,203,519,0,0.2559555470943451,"[519, 634, 492, 506, 500]","[0.2559555470943451, 0.1277356743812561, 0.03139547258615494, 0.031068449839949608, 0.027206210419535637]"
cm-strong,inpainted,976,532,774,0,0.07827179878950119,"[774, 623, 674, 726, 618]","[0.07827179878950119, 0.04618784785270691, 0.04561447352170944, 0.04367491230368614, 0.04306086525321007]"
cm-strong,inpainted,977,153,977,0,0.2781151831150055,"[977, 979, 634, 703, 975]","[0.2781151831150055, 0.08253654837608337, 0.07069365680217743, 0.06617473065853119, 0.06470877677202225]"
cm-strong,inpainted,978,733,659,0,0.11849308758974075,"[659, 548, 539, 851, 492]","[0.11849308758974075, 0.07952135801315308, 0.07236450165510178, 0.05512794852256775, 0.03052484430372715]"
cm-strong,inpainted,979,363,703,0,0.07898887991905212,"[703, 618, 395, 67, 106]","[0.07898887991905212, 0.051769133657217026, 0.04307134822010994, 0.03488604724407196, 0.03329871967434883]"
cm-strong,inpainted,980,674,574,0,0.07858748733997345,"[574, 539, 581, 754, 706]","[0.07858748733997345, 0.07035563886165619, 0.0622258298099041, 0.051061052829027176, 0.03674756735563278]"
cm-strong,inpainted,981,778,879,0,0.18902283906936646,"[879, 549, 815, 311, 456]","[0.18902283906936646, 0.10196579992771149, 0.042979076504707336, 0.04230211675167084, 0.04111756011843681]"
cm-strong,inpainted,982,765,539,0,0.1405123621225357,"[539, 831, 492, 741, 559]","[0.1405123621225357, 0.11213673651218414, 0.08359578996896744, 0.04239410534501076, 0.026366587728261948]"
cm-strong,inpainted,983,161,492,0,0.18666522204875946,"[492, 539, 879, 478, 608]","[0.18666522204875946, 0.060467563569545746, 0.040819697082042694, 0.03079949878156185, 0.027220861986279488]"
cm-strong,inpainted,984,539,2,0,0.05259137228131294,"[2, 313, 6, 458, 205]","[0.05259137228131294, 0.0499013215303421, 0.046619996428489685, 0.037665486335754395, 0.0338585339486599]"
cm-strong,inpainted,985,999,260,0,0.05456484854221344,"[260, 237, 168, 234, 159]","[0.05456484854221344, 0.029621586203575134, 0.028483880683779716, 0.028262903913855553, 0.026787836104631424]"
cm-strong,inpainted,986,715,792,0,0.11108922958374023,"[792, 460, 360, 833, 706]","[0.11108922958374023, 0.04611756280064583, 0.03548543155193329, 0.0339217483997345, 0.02011146768927574]"
cm-strong,inpainted,987,153,852,0,0.08282512426376343,"[852, 338, 284, 490, 182]","[0.08282512426376343, 0.06113816797733307, 0.05560695379972458, 0.04716479778289795, 0.04212296009063721]"
cm-strong,inpainted,988,161,905,0,0.15905050933361053,"[905, 868, 443, 446, 911]","[0.15905050933361053, 0.13412556052207947, 0.08091650158166885, 0.04508494213223457, 0.04169265925884247]"
cm-strong,inpainted,989,543,549,0,0.1855366826057434,"[549, 908, 673, 636, 831]","[0.1855366826057434, 0.08581097424030304, 0.027542585507035255, 0.025022970512509346, 0.022942744195461273]"
cm-strong,inpainted,990,161,446,0,0.045481469482183456,"[446, 736, 662, 539, 882]","[0.045481469482183456, 0.03888900950551033, 0.036658868193626404, 0.02851259708404541, 0.027200672775506973]"
cm-strong,inpainted,991,849,608,0,0.8696576356887817,"[608, 70, 750, 825, 411]","[0.8696576356887817, 0.03088303655385971, 0.017435375601053238, 0.011790190823376179, 0.010201282799243927]"
cm-strong,inpainted,992,422,209,0,0.16517473757266998,"[209, 208, 840, 205, 422]","[0.16517473757266998, 0.06023436412215233, 0.03622744232416153, 0.03364133462309837, 0.029463572427630424]"
cm-strong,inpainted,993,157,669,0,0.0725957453250885,"[669, 872, 630, 6, 313]","[0.0725957453250885, 0.057203613221645355, 0.04150012880563736, 0.03637970983982086, 0.03248903527855873]"
cm-strong,inpainted,994,193,915,0,0.1606057584285736,"[915, 132, 703, 807, 49]","[0.1606057584285736, 0.10201043635606766, 0.09769020229578018, 0.07718627899885178, 0.07138577848672867]"
cm-strong,inpainted,995,728,697,0,0.14375923573970795,"[697, 741, 887, 492, 532]","[0.14375923573970795, 0.11362583190202713, 0.0706113874912262, 0.032028451561927795, 0.027902306988835335]"
cm-strong,inpainted,996,201,640,0,0.5794513821601868,"[640, 458, 601, 835, 500]","[0.5794513821601868, 0.16184385120868683, 0.049153320491313934, 0.032184407114982605, 0.01023631077259779]"
cm-strong,inpainted,997,174,630,0,0.27687501907348633,"[630, 835, 785, 6, 726]","[0.27687501907348633, 0.04782557114958763, 0.04289405792951584, 0.0376349501311779, 0.03048519603908062]"
cm-strong,inpainted,998,171,102,0,0.08153312653303146,"[102, 640, 114, 305, 13]","[0.08153312653303146, 0.06298553198575974, 0.05065124109387398, 0.048630110919475555, 0.038023389875888824]"
cm-strong,inpainted,999,161,223,0,0.12423147261142731,"[223, 539, 882, 182, 184]","[0.12423147261142731, 0.07714337110519409, 0.05305764079093933, 0.04023439437150955, 0.03126058727502823]"
cm-strong,inpainted,1000,882,884,0,0.16491562128067017,"[884, 588, 853, 891, 894]","[0.16491562128067017, 0.16188696026802063, 0.12388498336076736, 0.06214648485183716, 0.03450687602162361]"
cm-strong,inpainted,1001,199,750,0,0.06672514975070953,"[750, 434, 697, 529, 882]","[0.06672514975070953, 0.05698966234922409, 0.045876190066337585, 0.03719630464911461, 0.03593859821557999]"
cm-strong,inpainted,1002,226,519,0,0.13555260002613068,"[519, 726, 168, 583, 539]","[0.13555260002613068, 0.07052962481975555, 0.05270230397582054, 0.048864979296922684, 0.0465722419321537]"
cm-strong,inpainted,1003,559,905,0,0.5556421875953674,"[905, 811, 579, 904, 893]","[0.5556421875953674, 0.06110982596874237, 0.028202181681990623, 0.02303762547671795, 0.012083095498383045]"
cm-strong,inpainted,1004,532,896,0,0.41090115904808044,"[896, 736, 534, 882, 423]","[0.41090115904808044, 0.09431152790784836, 0.07220572233200073, 0.0708901509642601, 0.05885794386267662]"
cm-strong,inpainted,1005,882,539,0,0.2123708575963974,"[539, 492, 868, 741, 588]","[0.2123708575963974, 0.10115842521190643, 0.06648320704698563, 0.05678939074277878, 0.056573256850242615]"
cm-strong,inpainted,1006,174,429,0,0.04476599767804146,"[429, 721, 524, 601, 977]","[0.04476599767804146, 0.04392104223370552, 0.03935164585709572, 0.03771444410085678, 0.033936623483896255]"
cm-strong,inpainted,1007,86,295,0,0.0778958722949028,"[295, 49, 106, 357, 913]","[0.0778958722949028, 0.057614974677562714, 0.04928361251950264, 0.02896038256585598, 0.01997579261660576]"
cm-strong,inpainted,1008,178,624,0,0.12629970908164978,"[624, 434, 549, 412, 553]","[0.12629970908164978, 0.0650666132569313, 0.05862753838300705, 0.03643380478024483, 0.0345543771982193]"
cm-strong,inpainted,1009,252,954,0,0.18019360303878784,"[954, 88, 803, 642, 412]","[0.18019360303878784, 0.05790723115205765, 0.04864521697163582, 0.043069254606962204, 0.03045208752155304]"
cm-strong,inpainted,1010,156,977,0,0.15635839104652405,"[977, 209, 735, 791, 462]","[0.15635839104652405, 0.0875312089920044, 0.06255188584327698, 0.03051041066646576, 0.028800098225474358]"
cm-strong,inpainted,1011,208,489,0,0.12024863064289093,"[489, 879, 608, 769, 884]","[0.12024863064289093, 0.08587384223937988, 0.06424039602279663, 0.04513273388147354, 0.03927760571241379]"
cm-strong,inpainted,1012,543,549,0,0.3314386308193207,"[549, 553, 435, 85, 478]","[0.3314386308193207, 0.15962329506874084, 0.04282408952713013, 0.040436677634716034, 0.039716366678476334]"
cm-strong,inpainted,1013,444,669,0,0.3634737730026245,"[669, 564, 750, 204, 425]","[0.3634737730026245, 0.2573799192905426, 0.038145944476127625, 0.02298160456120968, 0.021587859839200974]"
cm-strong,inpainted,1014,823,799,0,0.13726076483726501,"[799, 794, 894, 884, 743]","[0.13726076483726501, 0.0945403203368187, 0.08861477673053741, 0.06279774755239487, 0.0617331825196743]"
cm-strong,inpainted,1015,841,646,0,0.2388737052679062,"[646, 706, 580, 694, 716]","[0.2388737052679062, 0.19487585127353668, 0.10335910320281982, 0.07312753051519394, 0.06581970304250717]"
cm-strong,inpainted,1016,581,450,0,0.19403357803821564,"[450, 706, 573, 341, 810]","[0.19403357803821564, 0.056295786052942276, 0.03425252437591553, 0.03321593999862671, 0.032074205577373505]"
cm-strong,inpainted,1017,601,460,0,0.3913668096065521,"[460, 406, 646, 634, 427]","[0.3913668096065521, 0.07806723564863205, 0.07261034846305847, 0.025863448157906532, 0.018940113484859467]"
cm-strong,inpainted,1018,857,857,1,0.6679707765579224,"[857, 564, 741, 887, 894]","[0.6679707765579224, 0.08050410449504852, 0.044788651168346405, 0.04047425463795662, 0.032706450670957565]"
cm-strong,inpainted,1019,822,669,0,0.5482704639434814,"[669, 807, 904, 421, 727]","[0.5482704639434814, 0.09821496158838272, 0.04230385273694992, 0.041472095996141434, 0.024994097650051117]"
cm-strong,inpainted,1020,543,624,0,0.14060522615909576,"[624, 743, 718, 454, 554]","[0.14060522615909576, 0.11104559153318405, 0.05329567939043045, 0.03950309753417969, 0.03510469198226929]"
cm-strong,inpainted,1021,559,857,0,0.2819710671901703,"[857, 706, 564, 435, 873]","[0.2819710671901703, 0.05560605973005295, 0.049819283187389374, 0.043565765023231506, 0.03711102902889252]"
cm-strong,inpainted,1022,863,424,0,0.10481322556734085,"[424, 651, 466, 744, 547]","[0.10481322556734085, 0.07283119112253189, 0.050919435918331146, 0.04282410815358162, 0.04271736368536949]"
cm-strong,inpainted,1023,486,532,0,0.07657138258218765,"[532, 219, 524, 153, 492]","[0.07657138258218765, 0.04489878937602043, 0.04201994091272354, 0.03816060349345207, 0.02405015379190445]"
cm-strong,inpainted,1024,450,681,0,0.32540035247802734,"[681, 436, 620, 673, 736]","[0.32540035247802734, 0.11763571202754974, 0.08627713471651077, 0.06028573587536812, 0.04060119390487671]"
cm-strong,inpainted,1025,615,561,0,0.22369174659252167,"[561, 847, 657, 668, 705]","[0.22369174659252167, 0.12690772116184235, 0.08398742973804474, 0.07257894426584244, 0.06997063755989075]"
cm-strong,inpainted,1026,579,854,0,0.20670285820960999,"[854, 619, 753, 846, 669]","[0.20670285820960999, 0.15250007808208466, 0.10146940499544144, 0.08837178349494934, 0.06703328341245651]"
cm-strong,inpainted,1027,790,884,0,0.17492350935935974,"[884, 580, 421, 519, 487]","[0.17492350935935974, 0.10471151024103165, 0.07028637826442719, 0.05319502577185631, 0.05021871253848076]"
cm-strong,inpainted,1028,160,819,0,0.5452319383621216,"[819, 573, 736, 416, 522]","[0.5452319383621216, 0.034432552754879, 0.029559195041656494, 0.024733977392315865, 0.017908813431859016]"
cm-strong,inpainted,1029,422,523,0,0.15005680918693542,"[523, 675, 886, 422, 757]","[0.15005680918693542, 0.1493041068315506, 0.07557269930839539, 0.0489656925201416, 0.04785079136490822]"
cm-strong,inpainted,1030,882,421,0,0.5798093676567078,"[421, 559, 657, 845, 462]","[0.5798093676567078, 0.07550814747810364, 0.05052421614527702, 0.019888974726200104, 0.014225258491933346]"
cm-strong,inpainted,1031,608,421,0,0.19933480024337769,"[421, 706, 743, 799, 877]","[0.19933480024337769, 0.14419859647750854, 0.10336413234472275, 0.059473928064107895, 0.05364000424742699]"
cm-strong,inpainted,1032,489,857,0,0.5240851044654846,"[857, 564, 406, 497, 495]","[0.5240851044654846, 0.11105207353830338, 0.09969493001699448, 0.04540141671895981, 0.04095844179391861]"
cm-strong,inpainted,1033,212,549,0,0.16158674657344818,"[549, 921, 777, 458, 480]","[0.16158674657344818, 0.09338212013244629, 0.06785900890827179, 0.05009019374847412, 0.03788347169756889]"
cm-strong,inpainted,1034,145,525,0,0.32235029339790344,"[525, 979, 972, 970, 978]","[0.32235029339790344, 0.16621965169906616, 0.11480935662984848, 0.0917905643582344, 0.04271316900849342]"
cm-strong,inpainted,1035,103,556,0,0.6720352172851562,"[556, 648, 636, 435, 876]","[0.6720352172851562, 0.09497123956680298, 0.018421800807118416, 0.016110634431242943, 0.01569148525595665]"
cm-strong,inpainted,1036,148,973,0,0.6866248846054077,"[973, 876, 148, 908, 756]","[0.6866248846054077, 0.08635706454515457, 0.04770504683256149, 0.044201407581567764, 0.014127159491181374]"
cm-strong,inpainted,1037,149,977,0,0.17015762627124786,"[977, 147, 149, 984, 975]","[0.17015762627124786, 0.07937908172607422, 0.05683865770697594, 0.04182704538106918, 0.03436986356973648]"
cm-strong,inpainted,1038,103,103,1,0.1688745617866516,"[103, 469, 412, 977, 975]","[0.1688745617866516, 0.08309416472911835, 0.0386979840695858, 0.037012308835983276, 0.022994352504611015]"
cm-strong,inpainted,1039,148,148,1,0.2041166126728058,"[148, 121, 552, 913, 433]","[0.2041166126728058, 0.11690908670425415, 0.07307832688093185, 0.055779870599508286, 0.042720213532447815]"
cm-strong,inpainted,1040,148,562,0,0.46114638447761536,"[562, 974, 296, 148, 344]","[0.46114638447761536, 0.24505014717578888, 0.11343691498041153, 0.0386730395257473, 0.020601656287908554]"
cm-strong,inpainted,1041,148,913,0,0.12675948441028595,"[913, 973, 2, 6, 148]","[0.12675948441028595, 0.122041717171669, 0.08257748186588287, 0.06219089403748512, 0.04932958632707596]"
cm-strong,inpainted,1042,983,65,0,0.4965793192386627,"[65, 107, 149, 5, 3]","[0.4965793192386627, 0.09121431410312653, 0.08013390004634857, 0.06899184733629227, 0.056550003588199615]"
cm-strong,inpainted,1043,842,975,0,0.05831329897046089,"[975, 344, 868, 410, 637]","[0.05831329897046089, 0.041117291897535324, 0.03686084970831871, 0.0351627916097641, 0.030951151624321938]"
cm-strong,inpainted,1044,1,417,0,0.26234200596809387,"[417, 437, 980, 900, 824]","[0.26234200596809387, 0.19227392971515656, 0.07187066972255707, 0.028054436668753624, 0.0221414752304554]"
cm-strong,inpainted,1045,36,5,0,0.2537897229194641,"[5, 390, 65, 35, 234]","[0.2537897229194641, 0.11835557967424393, 0.07321170717477798, 0.049226321280002594, 0.03966249153017998]"
cm-strong,inpainted,1046,155,876,0,0.1738440841436386,"[876, 344, 50, 562, 703]","[0.1738440841436386, 0.059409528970718384, 0.04794846847653389, 0.02839823253452778, 0.025327259674668312]"
cm-strong,inpainted,1047,148,148,1,0.1948624849319458,"[148, 833, 460, 913, 703]","[0.1948624849319458, 0.17081013321876526, 0.06919417530298233, 0.06818894296884537, 0.043611906468868256]"
cm-strong,inpainted,1048,148,819,0,0.2001836597919464,"[819, 5, 3, 438, 983]","[0.2001836597919464, 0.14795781672000885, 0.08245733380317688, 0.07213804125785828, 0.06952090561389923]"
cm-strong,inpainted,1049,822,736,0,0.7886579036712646,"[736, 876, 706, 435, 881]","[0.7886579036712646, 0.06916604936122894, 0.013230843469500542, 0.009687363170087337, 0.009659907780587673]"
cm-strong,inpainted,1050,842,462,0,0.21312108635902405,"[462, 565, 744, 733, 816]","[0.21312108635902405, 0.11634640395641327, 0.062244389206171036, 0.03205891326069832, 0.026033928617835045]"
cm-strong,inpainted,1051,150,472,0,0.11830323934555054,"[472, 814, 703, 344, 975]","[0.11830323934555054, 0.11166723072528839, 0.05869084969162941, 0.03193613141775131, 0.031645700335502625]"
cm-strong,inpainted,1052,148,148,1,0.3754090368747711,"[148, 147, 445, 150, 33]","[0.3754090368747711, 0.15486524999141693, 0.1373809427022934, 0.09384984523057938, 0.028109824284911156]"
cm-strong,inpainted,1053,420,467,0,0.25168532133102417,"[467, 614, 887, 211, 568]","[0.25168532133102417, 0.15584945678710938, 0.0976950079202652, 0.032799214124679565, 0.02946028858423233]"
cm-strong,inpainted,1054,932,961,0,0.08697472512722015,"[961, 461, 666, 568, 31]","[0.08697472512722015, 0.057125452905893326, 0.047537658363580704, 0.04455110430717468, 0.03741282597184181]"
cm-strong,inpainted,1055,862,424,0,0.8693926334381104,"[424, 743, 921, 860, 520]","[0.8693926334381104, 0.008213944733142853, 0.007784219458699226, 0.007310568355023861, 0.006277408450841904]"
cm-strong,inpainted,1056,964,611,0,0.4401821792125702,"[611, 924, 502, 202, 338]","[0.4401821792125702, 0.06512860953807831, 0.06414585560560226, 0.041601747274398804, 0.03012523055076599]"
cm-strong,inpainted,1057,76,434,0,0.08380595594644547,"[434, 53, 797, 842, 419]","[0.08380595594644547, 0.07868697494268417, 0.07535529136657715, 0.046344321221113205, 0.035248763859272]"
cm-strong,inpainted,1058,563,29,0,0.13800664246082306,"[29, 112, 931, 129, 816]","[0.13800664246082306, 0.11919458955526352, 0.08920131623744965, 0.06050906330347061, 0.05734218284487724]"
cm-strong,inpainted,1059,329,947,0,0.15302610397338867,"[947, 529, 816, 53, 125]","[0.15302610397338867, 0.1482410579919815, 0.0808941200375557, 0.0705651044845581, 0.042493611574172974]"
cm-strong,inpainted,1060,928,420,0,0.15477024018764496,"[420, 242, 168, 237, 211]","[0.15477024018764496, 0.04639875888824463, 0.04221028834581375, 0.0360177606344223, 0.03312854841351509]"
cm-strong,inpainted,1061,420,542,0,0.1380118876695633,"[542, 683, 702, 185, 784]","[0.1380118876695633, 0.09733351320028305, 0.06726264953613281, 0.04465024918317795, 0.0353601798415184]"
cm-strong,inpainted,1062,45,750,0,0.08765079826116562,"[750, 182, 831, 496, 532]","[0.08765079826116562, 0.07491916418075562, 0.050964102149009705, 0.043615780770778656, 0.04256220906972885]"
cm-strong,inpainted,1063,963,987,0,0.20255886018276215,"[987, 929, 998, 641, 953]","[0.20255886018276215, 0.14177373051643372, 0.09618063271045685, 0.07008061558008194, 0.035158589482307434]"
cm-strong,inpainted,1064,17,129,0,0.5701892375946045,"[129, 146, 947, 8, 55]","[0.5701892375946045, 0.10813827067613602, 0.03167855367064476, 0.028006311506032944, 0.019587893038988113]"
cm-strong,inpainted,1065,420,841,0,0.2387872338294983,"[841, 211, 652, 0, 159]","[0.2387872338294983, 0.14391301572322845, 0.08379111438989639, 0.07100125402212143, 0.0602499395608902]"
cm-strong,inpainted,1066,737,424,0,0.11624258756637573,"[424, 794, 897, 678, 838]","[0.11624258756637573, 0.07031881809234619, 0.04410964250564575, 0.042071279138326645, 0.038589492440223694]"
cm-strong,inpainted,1067,420,616,0,0.20886145532131195,"[616, 39, 43, 614, 490]","[0.20886145532131195, 0.11825254559516907, 0.08901415765285492, 0.08864260464906693, 0.03238948807120323]"
cm-strong,inpainted,1068,513,890,0,0.1742553561925888,"[890, 144, 639, 445, 585]","[0.1742553561925888, 0.10123097151517868, 0.08393842726945877, 0.04381142556667328, 0.032953497022390366]"
cm-strong,inpainted,1069,27,529,0,0.14586874842643738,"[529, 435, 112, 341, 542]","[0.14586874842643738, 0.09231826663017273, 0.04888129606842995, 0.04803808778524399, 0.04378111660480499]"
cm-strong,inpainted,1070,420,434,0,0.493295818567276,"[434, 178, 243, 225, 816]","[0.493295818567276, 0.07337945699691772, 0.03378261253237724, 0.02683805488049984, 0.024661874398589134]"
cm-strong,inpainted,1071,186,750,0,0.07110366225242615,"[750, 849, 793, 669, 910]","[0.07110366225242615, 0.05353256314992905, 0.04338069632649422, 0.038034357130527496, 0.03311416506767273]"
cm-strong,inpainted,1072,305,419,0,0.05783010274171829,"[419, 246, 942, 245, 242]","[0.05783010274171829, 0.05579199269413948, 0.05296143516898155, 0.03298136219382286, 0.03236345201730728]"
cm-strong,inpainted,1073,27,434,0,0.19507747888565063,"[434, 27, 956, 911, 26]","[0.19507747888565063, 0.10036558657884598, 0.07402653992176056, 0.06825630366802216, 0.03331620246171951]"
cm-strong,inpainted,1074,681,594,0,0.9984461665153503,"[594, 486, 854, 889, 401]","[0.9984461665153503, 0.00046537406160496175, 0.00022189678566064686, 0.00010365752677898854, 6.738559750374407e-05]"
cm-strong,inpainted,1075,790,736,0,0.07937372475862503,"[736, 532, 634, 499, 150]","[0.07937372475862503, 0.07612323760986328, 0.07241196185350418, 0.05261005833745003, 0.0453316904604435]"
cm-strong,inpainted,1076,679,208,0,0.3267342448234558,"[208, 929, 434, 457, 251]","[0.3267342448234558, 0.10018496960401535, 0.06503121554851532, 0.05219732224941254, 0.037507932633161545]"
cm-strong,inpainted,1077,441,457,0,0.20669932663440704,"[457, 834, 785, 678, 808]","[0.20669932663440704, 0.1903858482837677, 0.04075155779719353, 0.03104337677359581, 0.026589831337332726]"
cm-strong,inpainted,1078,929,797,0,0.25356078147888184,"[797, 415, 582, 955, 806]","[0.25356078147888184, 0.10604739934206009, 0.09754518419504166, 0.05975597724318504, 0.04562264308333397]"
cm-strong,inpainted,1079,87,678,0,0.11933930218219757,"[678, 570, 214, 672, 813]","[0.11933930218219757, 0.11790002882480621, 0.04867826774716377, 0.027813425287604332, 0.02252158336341381]"
cm-strong,inpainted,1080,268,816,0,0.14685656130313873,"[816, 363, 911, 284, 151]","[0.14685656130313873, 0.07256392389535904, 0.059398774057626724, 0.04315607249736786, 0.039827216416597366]"
cm-strong,inpainted,1081,882,211,0,0.09093306958675385,"[211, 202, 51, 642, 129]","[0.09093306958675385, 0.07732410728931427, 0.07387541979551315, 0.07112711668014526, 0.061553046107292175]"
cm-strong,inpainted,1082,320,306,0,0.08178550750017166,"[306, 723, 515, 447, 733]","[0.08178550750017166, 0.04434254765510559, 0.04409944266080856, 0.03800877183675766, 0.034387633204460144]"
cm-strong,inpainted,1083,621,835,0,0.32780569791793823,"[835, 706, 708, 977, 646]","[0.32780569791793823, 0.17786946892738342, 0.10618327558040619, 0.06261730939149857, 0.057511091232299805]"
cm-strong,inpainted,1084,202,574,0,0.2656105160713196,"[574, 86, 82, 522, 429]","[0.2656105160713196, 0.11400442570447922, 0.07315032184123993, 0.06058045104146004, 0.044752348214387894]"
cm-strong,inpainted,1085,430,556,0,0.1770138144493103,"[556, 733, 489, 104, 288]","[0.1770138144493103, 0.09994634240865707, 0.059010203927755356, 0.05145116150379181, 0.04415891319513321]"
cm-strong,inpainted,1086,157,599,0,0.09877803176641464,"[599, 962, 950, 331, 951]","[0.09877803176641464, 0.09449054300785065, 0.06863141804933548, 0.04292641580104828, 0.03798123821616173]"
cm-strong,inpainted,1087,733,863,0,0.15024808049201965,"[863, 738, 84, 365, 448]","[0.15024808049201965, 0.06175929680466652, 0.053188301622867584, 0.05137910321354866, 0.04057164490222931]"
cm-strong,inpainted,1088,765,522,0,0.10631995648145676,"[522, 703, 825, 975, 843]","[0.10631995648145676, 0.08847226202487946, 0.06620416790246964, 0.056322913616895676, 0.03877028077840805]"
cm-strong,inpainted,1089,231,825,0,0.11656536906957626,"[825, 228, 979, 267, 226]","[0.11656536906957626, 0.052296701818704605, 0.04881792515516281, 0.0424102321267128, 0.03814344480633736]"
cm-strong,inpainted,1090,602,843,0,0.10651503503322601,"[843, 116, 646, 500, 611]","[0.10651503503322601, 0.08600333333015442, 0.06977955996990204, 0.0685286819934845, 0.03696174919605255]"
cm-strong,inpainted,1091,208,79,0,0.150653675198555,"[79, 72, 76, 608, 357]","[0.150653675198555, 0.09623324871063232, 0.08618726581335068, 0.03919665887951851, 0.03074910305440426]"
cm-strong,inpainted,1092,792,984,0,0.2955213487148285,"[984, 347, 106, 387, 276]","[0.2955213487148285, 0.13372324407100677, 0.09496669471263885, 0.05072111636400223, 0.020925166085362434]"
cm-strong,inpainted,1093,621,730,0,0.07366824895143509,"[730, 621, 637, 595, 856]","[0.07366824895143509, 0.06269323825836182, 0.04622228816151619, 0.04475307837128639, 0.038716528564691544]"
cm-strong,inpainted,1094,765,703,0,0.5983828902244568,"[703, 975, 977, 716, 908]","[0.5983828902244568, 0.07696887105703354, 0.04207153245806694, 0.01794937252998352, 0.015679972246289253]"
cm-strong,inpainted,1095,177,805,0,0.18868932127952576,"[805, 160, 170, 522, 880]","[0.18868932127952576, 0.08880108594894409, 0.06047864258289337, 0.04184397682547569, 0.03680774196982384]"
cm-strong,inpainted,1096,199,109,0,0.11203551292419434,"[109, 533, 977, 961, 979]","[0.11203551292419434, 0.07044531404972076, 0.04695623740553856, 0.04239398613572121, 0.04237159341573715]"
cm-strong,inpainted,1097,645,976,0,0.3725927472114563,"[976, 979, 972, 914, 517]","[0.3725927472114563, 0.1314074844121933, 0.06573881208896637, 0.0639357939362526, 0.0568370446562767]"
cm-strong,inpainted,1098,199,703,0,0.2702902555465698,"[703, 472, 410, 876, 705]","[0.2702902555465698, 0.11832829564809799, 0.07322149723768234, 0.03060092218220234, 0.02911851555109024]"
cm-strong,inpainted,1099,170,489,0,0.8034189343452454,"[489, 49, 65, 56, 50]","[0.8034189343452454, 0.01986238919198513, 0.0091325081884861, 0.008157354779541492, 0.007723335642367601]"
cm-strong,inpainted,1100,880,958,0,0.22554518282413483,"[958, 981, 621, 646, 347]","[0.22554518282413483, 0.09444035589694977, 0.06470219045877457, 0.051419809460639954, 0.022126078605651855]"
cm-strong,inpainted,1101,188,525,0,0.2666779160499573,"[525, 649, 609, 497, 355]","[0.2666779160499573, 0.12207041680812836, 0.08124324679374695, 0.04173259437084198, 0.033192019909620285]"
cm-strong,inpainted,1102,621,479,0,0.06824026256799698,"[479, 539, 330, 219, 757]","[0.06824026256799698, 0.06475941091775894, 0.05304032936692238, 0.04412873834371567, 0.03298009932041168]"
cm-strong,inpainted,1103,170,977,0,0.20574602484703064,"[977, 522, 958, 768, 621]","[0.20574602484703064, 0.09803862124681473, 0.08662978559732437, 0.024901501834392548, 0.015658311545848846]"
cm-strong,inpainted,1104,250,815,0,0.09929326176643372,"[815, 114, 131, 741, 50]","[0.09929326176643372, 0.046355362981557846, 0.041898056864738464, 0.04073289781808853, 0.033376213163137436]"
cm-strong,inpainted,1105,354,912,0,0.1334865540266037,"[912, 428, 730, 792, 519]","[0.1334865540266037, 0.10774495452642441, 0.09149878472089767, 0.05808212235569954, 0.03015979193150997]"
cm-strong,inpainted,1106,522,621,0,0.26379963755607605,"[621, 984, 132, 134, 880]","[0.26379963755607605, 0.137960284948349, 0.08333566784858704, 0.06643490493297577, 0.048205964267253876]"
cm-strong,inpainted,1107,267,110,0,0.18193988502025604,"[110, 283, 973, 329, 980]","[0.18193988502025604, 0.15344052016735077, 0.06409189850091934, 0.05439562350511551, 0.038883697241544724]"
cm-strong,inpainted,1108,945,109,0,0.20847004652023315,"[109, 646, 490, 317, 111]","[0.20847004652023315, 0.17159730195999146, 0.0458962507545948, 0.03510185703635216, 0.029148638248443604]"
cm-strong,inpainted,1109,340,177,0,0.08681496232748032,"[177, 163, 213, 159, 386]","[0.08681496232748032, 0.06746586412191391, 0.05922948196530342, 0.04227312654256821, 0.03207739442586899]"
cm-strong,inpainted,1110,772,682,0,0.4755229949951172,"[682, 51, 863, 708, 738]","[0.4755229949951172, 0.07711197435855865, 0.06801240891218185, 0.027837231755256653, 0.024770908057689667]"
cm-strong,inpainted,1111,137,133,0,0.07434169203042984,"[133, 18, 429, 15, 131]","[0.07434169203042984, 0.07099280506372452, 0.05731020122766495, 0.053847577422857285, 0.04768276959657669]"
cm-strong,inpainted,1112,212,646,0,0.31680068373680115,"[646, 522, 975, 984, 825]","[0.31680068373680115, 0.15257702767848969, 0.04967676103115082, 0.04531038552522659, 0.023076780140399933]"
cm-strong,inpainted,1113,727,425,0,0.05217592790722847,"[425, 727, 407, 979, 573]","[0.05217592790722847, 0.04552695155143738, 0.04342192783951759, 0.032189831137657166, 0.03097747638821602]"
cm-strong,inpainted,1114,491,825,0,0.0914347842335701,"[825, 233, 36, 525, 428]","[0.0914347842335701, 0.05000753700733185, 0.03803933784365654, 0.03713621199131012, 0.022772574797272682]"
cm-strong,inpainted,1115,707,9,0,0.32978561520576477,"[9, 843, 583, 365, 792]","[0.32978561520576477, 0.13208426535129547, 0.11884448677301407, 0.06086444482207298, 0.023108437657356262]"
cm-strong,inpainted,1116,929,703,0,0.6604563593864441,"[703, 912, 977, 8, 978]","[0.6604563593864441, 0.14170730113983154, 0.018817178905010223, 0.012864886783063412, 0.011226965114474297]"
cm-strong,inpainted,1117,645,853,0,0.09707280993461609,"[853, 975, 772, 580, 979]","[0.09707280993461609, 0.06369487941265106, 0.05103437229990959, 0.048038143664598465, 0.04640581086277962]"
cm-strong,inpainted,1118,198,798,0,0.11644264310598373,"[798, 791, 998, 96, 769]","[0.11644264310598373, 0.1093338206410408, 0.05535449832677841, 0.05523937568068504, 0.04618029296398163]"
cm-strong,inpainted,1119,170,843,0,0.37115955352783203,"[843, 575, 522, 183, 295]","[0.37115955352783203, 0.12871509790420532, 0.048732589930295944, 0.027422791346907616, 0.01788129284977913]"
cm-strong,inpainted,1120,645,497,0,0.47407492995262146,"[497, 979, 350, 349, 970]","[0.47407492995262146, 0.1286512315273285, 0.060492534190416336, 0.04692428559064865, 0.03782122582197189]"
cm-strong,inpainted,1121,181,8,0,0.11040591448545456,"[8, 84, 272, 82, 183]","[0.11040591448545456, 0.06879780441522598, 0.05801992118358612, 0.05300042778253555, 0.05071970820426941]"
cm-strong,inpainted,1122,267,580,0,0.234560027718544,"[580, 843, 904, 799, 344]","[0.234560027718544, 0.047707851976156235, 0.02851126156747341, 0.02820863388478756, 0.02577398531138897]"
cm-strong,inpainted,1123,340,646,0,0.3089127242565155,"[646, 741, 912, 825, 806]","[0.3089127242565155, 0.16912709176540375, 0.04797159880399704, 0.04178424924612045, 0.025970114395022392]"
cm-strong,inpainted,1124,735,649,0,0.11961276829242706,"[649, 434, 596, 853, 458]","[0.11961276829242706, 0.03384025767445564, 0.029344774782657623, 0.02500309608876705, 0.022532859817147255]"
cm-strong,inpainted,1125,361,58,0,0.2558392286300659,"[58, 81, 646, 972, 336]","[0.2558392286300659, 0.07211172580718994, 0.04696899279952049, 0.03232591971755028, 0.03218238055706024]"
cm-strong,inpainted,1126,200,522,0,0.17455707490444183,"[522, 646, 706, 912, 703]","[0.17455707490444183, 0.0967976301908493, 0.07901953160762787, 0.0725456029176712, 0.06972304731607437]"
cm-strong,inpainted,1127,912,525,0,0.21735084056854248,"[525, 448, 412, 912, 716]","[0.21735084056854248, 0.09460356831550598, 0.09352102130651474, 0.0933501273393631, 0.07230480760335922]"
cm-strong,inpainted,1128,160,915,0,0.2036074697971344,"[915, 912, 755, 718, 825]","[0.2036074697971344, 0.06257955729961395, 0.06178652122616768, 0.057620953768491745, 0.04904257133603096]"
cm-strong,inpainted,1129,188,574,0,0.0985504686832428,"[574, 102, 824, 975, 976]","[0.0985504686832428, 0.049588799476623535, 0.0358353890478611, 0.03114614449441433, 0.02432199940085411]"
cm-strong,inpainted,1130,872,606,0,0.07210972905158997,"[606, 96, 680, 491, 971]","[0.07210972905158997, 0.06246883049607277, 0.0533558614552021, 0.03369426354765892, 0.02951294183731079]"
cm-strong,inpainted,1131,338,580,0,0.18821753561496735,"[580, 815, 703, 984, 738]","[0.18821753561496735, 0.05875854939222336, 0.04897015914320946, 0.046536799520254135, 0.03838925063610077]"
cm-strong,inpainted,1132,191,394,0,0.08905777335166931,"[394, 390, 58, 975, 5]","[0.08905777335166931, 0.047491539269685745, 0.041268039494752884, 0.033702824264764786, 0.03316330909729004]"
cm-strong,inpainted,1133,226,520,0,0.17445945739746094,"[520, 904, 489, 791, 721]","[0.17445945739746094, 0.12414674460887909, 0.058748796582221985, 0.05029924213886261, 0.045484088361263275]"
cm-strong,inpainted,1134,953,130,0,0.09494573622941971,"[130, 733, 580, 583, 369]","[0.09494573622941971, 0.06987236440181732, 0.05035826563835144, 0.04838678240776062, 0.048046961426734924]"
cm-strong,inpainted,1135,544,410,0,0.17614148557186127,"[410, 649, 825, 428, 730]","[0.17614148557186127, 0.1439165323972702, 0.10096883028745651, 0.06458019465208054, 0.056881051510572433]"
cm-strong,inpainted,1136,757,425,0,0.24716441333293915,"[425, 912, 649, 975, 958]","[0.24716441333293915, 0.09252706915140152, 0.05725680664181709, 0.051425062119960785, 0.04799678176641464]"
