model,dataset,idx,label,pred,correct,conf_top1,top5_idx,top5_probs
blur-strong,ooc,0,361,204,0,0.07299144566059113,"[204, 250, 229, 832, 637]","[0.07299144566059113, 0.06537450850009918, 0.04694698750972748, 0.04177231714129448, 0.03804223611950874]"
blur-strong,ooc,1,383,492,0,0.16040806472301483,"[492, 218, 709, 401, 430]","[0.16040806472301483, 0.08241664618253708, 0.07110120356082916, 0.06049717590212822, 0.03723403066396713]"
blur-strong,ooc,2,356,356,1,0.1431586593389511,"[356, 87, 336, 372, 358]","[0.1431586593389511, 0.12786482274532318, 0.11596737056970596, 0.11524928361177444, 0.06134214252233505]"
blur-strong,ooc,3,18,879,0,0.3067905008792877,"[879, 429, 144, 981, 84]","[0.3067905008792877, 0.18090303242206573, 0.09280731528997421, 0.039393335580825806, 0.01931212842464447]"
blur-strong,ooc,4,295,458,0,0.08733753114938736,"[458, 425, 939, 632, 858]","[0.08733753114938736, 0.08433562517166138, 0.08207841962575912, 0.04528851807117462, 0.04303615167737007]"
blur-strong,ooc,5,112,19,0,0.5191251635551453,"[19, 42, 141, 13, 43]","[0.5191251635551453, 0.16179339587688446, 0.11761529743671417, 0.05719497427344322, 0.044342003762722015]"
blur-strong,ooc,6,32,972,0,0.41658487915992737,"[972, 39, 976, 649, 42]","[0.41658487915992737, 0.11923763900995255, 0.11319486051797867, 0.09610544145107269, 0.04819285869598389]"
blur-strong,ooc,7,677,104,0,0.2309492528438568,"[104, 342, 274, 99, 225]","[0.2309492528438568, 0.04770372435450554, 0.03575980290770531, 0.03508038446307182, 0.034646932035684586]"
blur-strong,ooc,8,438,653,0,0.08442091941833496,"[653, 899, 861, 756, 150]","[0.08442091941833496, 0.06889931857585907, 0.05867897346615791, 0.03852033615112305, 0.03715498372912407]"
blur-strong,ooc,9,409,455,0,0.5007458329200745,"[455, 426, 826, 409, 442]","[0.5007458329200745, 0.09776168316602707, 0.04958381503820419, 0.04684063419699669, 0.03125426173210144]"
blur-strong,ooc,10,71,314,0,0.4384423494338989,"[314, 75, 124, 300, 303]","[0.4384423494338989, 0.08550543338060379, 0.07038115710020065, 0.06517977267503738, 0.05042300373315811]"
blur-strong,ooc,11,850,850,1,0.9547885656356812,"[850, 333, 29, 388, 87]","[0.9547885656356812, 0.015143448486924171, 0.008233821950852871, 0.004727024119347334, 0.004420540761202574]"
blur-strong,ooc,12,12,156,0,0.1264178305864334,"[156, 202, 765, 266, 793]","[0.1264178305864334, 0.06790849566459656, 0.06744689494371414, 0.06194885075092316, 0.05357443541288376]"
blur-strong,ooc,13,899,505,0,0.11365596950054169,"[505, 846, 725, 857, 917]","[0.11365596950054169, 0.05894026905298233, 0.055519960820674896, 0.0516691692173481, 0.046030208468437195]"
blur-strong,ooc,14,338,338,1,0.12798306345939636,"[338, 357, 360, 223, 179]","[0.12798306345939636, 0.10808771848678589, 0.10743565112352371, 0.10502149909734726, 0.0953645184636116]"
blur-strong,ooc,15,17,89,0,0.11515597254037857,"[89, 17, 670, 320, 665]","[0.11515597254037857, 0.09066953510046005, 0.04562660679221153, 0.03219723701477051, 0.029130946844816208]"
blur-strong,ooc,16,363,150,0,0.2418968677520752,"[150, 211, 168, 763, 50]","[0.2418968677520752, 0.10037143528461456, 0.059624042361974716, 0.03712179884314537, 0.033524103462696075]"
blur-strong,ooc,17,909,478,0,0.24088704586029053,"[478, 419, 692, 787, 778]","[0.24088704586029053, 0.06972607970237732, 0.05298953875899315, 0.04124024510383606, 0.02715332992374897]"
blur-strong,ooc,18,679,402,0,0.1648067682981491,"[402, 790, 835, 601, 756]","[0.1648067682981491, 0.08836526423692703, 0.07992055267095566, 0.06311483681201935, 0.04986555874347687]"
blur-strong,ooc,19,618,99,0,0.1572253555059433,"[99, 279, 134, 435, 475]","[0.1572253555059433, 0.1413934975862503, 0.024837704375386238, 0.024708474054932594, 0.022174548357725143]"
blur-strong,ooc,20,618,986,0,0.4276220202445984,"[986, 14, 989, 17, 951]","[0.4276220202445984, 0.07485353201627731, 0.073092021048069, 0.0567483976483345, 0.02934405766427517]"
blur-strong,ooc,21,574,574,1,0.6151021122932434,"[574, 931, 417, 947, 992]","[0.6151021122932434, 0.040187615901231766, 0.02769695781171322, 0.02558039501309395, 0.01731879636645317]"
blur-strong,ooc,22,658,483,0,0.5872532725334167,"[483, 497, 716, 649, 958]","[0.5872532725334167, 0.15903186798095703, 0.05303759127855301, 0.035653699189424515, 0.006926678586751223]"
blur-strong,ooc,23,461,360,0,0.41592738032341003,"[360, 136, 337, 357, 131]","[0.41592738032341003, 0.16082553565502167, 0.06637338548898697, 0.05244816467165947, 0.04704495146870613]"
blur-strong,ooc,24,132,134,0,0.2616852819919586,"[134, 132, 89, 146, 131]","[0.2616852819919586, 0.2283509224653244, 0.14346091449260712, 0.11911250650882721, 0.04556459188461304]"
blur-strong,ooc,25,122,766,0,0.8217772841453552,"[766, 214, 584, 482, 530]","[0.8217772841453552, 0.015754448249936104, 0.014067420735955238, 0.013980727642774582, 0.007505650632083416]"
blur-strong,ooc,26,12,360,0,0.18448203802108765,"[360, 48, 344, 337, 9]","[0.18448203802108765, 0.14750851690769196, 0.10378381609916687, 0.09973124414682388, 0.030890846624970436]"
blur-strong,ooc,27,679,293,0,0.45710569620132446,"[293, 340, 326, 353, 350]","[0.45710569620132446, 0.11835197359323502, 0.07341866940259933, 0.043273087590932846, 0.033672939985990524]"
blur-strong,ooc,28,23,91,0,0.2196774184703827,"[91, 326, 304, 303, 312]","[0.2196774184703827, 0.17785321176052094, 0.1354866772890091, 0.09676750004291534, 0.0938391163945198]"
blur-strong,ooc,29,937,237,0,0.27840980887413025,"[237, 909, 544, 234, 567]","[0.27840980887413025, 0.17592878639698029, 0.15499356389045715, 0.12910772860050201, 0.03425833210349083]"
blur-strong,ooc,30,679,16,0,0.16061964631080627,"[16, 313, 46, 77, 315]","[0.16061964631080627, 0.1456269472837448, 0.11694113910198212, 0.108396977186203, 0.09904676675796509]"
blur-strong,ooc,31,335,261,0,0.09084135293960571,"[261, 669, 285, 806, 419]","[0.09084135293960571, 0.06566530466079712, 0.06274299323558807, 0.05500366911292076, 0.04313386231660843]"
blur-strong,ooc,32,76,136,0,0.08295899629592896,"[136, 138, 92, 128, 353]","[0.08295899629592896, 0.0821569412946701, 0.06456246227025986, 0.06382756680250168, 0.061304330825805664]"
blur-strong,ooc,33,851,820,0,0.2692071795463562,"[820, 756, 851, 705, 565]","[0.2692071795463562, 0.0810961127281189, 0.06992316246032715, 0.059520699083805084, 0.048061881214380264]"
blur-strong,ooc,34,770,750,0,0.3976151645183563,"[750, 611, 697, 443, 906]","[0.3976151645183563, 0.33338692784309387, 0.09057795256376266, 0.030872220173478127, 0.016449740156531334]"
blur-strong,ooc,35,122,121,0,0.21882286667823792,"[121, 118, 963, 467, 415]","[0.21882286667823792, 0.14369668066501617, 0.10178305208683014, 0.09078415483236313, 0.08152691274881363]"
blur-strong,ooc,36,712,828,0,0.5941170454025269,"[828, 787, 971, 653, 577]","[0.5941170454025269, 0.06653513014316559, 0.05563493072986603, 0.042310576885938644, 0.0350186787545681]"
blur-strong,ooc,37,852,727,0,0.15333759784698486,"[727, 429, 417, 405, 958]","[0.15333759784698486, 0.1340043991804123, 0.06570199877023697, 0.055843740701675415, 0.05277113988995552]"
blur-strong,ooc,38,12,131,0,0.23879095911979675,"[131, 460, 977, 296, 144]","[0.23879095911979675, 0.20074684917926788, 0.07804913818836212, 0.07740432024002075, 0.03860468044877052]"
blur-strong,ooc,39,849,144,0,0.34513774514198303,"[144, 849, 535, 630, 502]","[0.34513774514198303, 0.3134194612503052, 0.0514911524951458, 0.030240628868341446, 0.015357672236859798]"
blur-strong,ooc,40,606,448,0,0.18399979174137115,"[448, 703, 104, 637, 458]","[0.18399979174137115, 0.0919194296002388, 0.05919412150979042, 0.05840035527944565, 0.0511765293776989]"
blur-strong,ooc,41,87,649,0,0.14052167534828186,"[649, 511, 437, 425, 112]","[0.14052167534828186, 0.08991071581840515, 0.06790480762720108, 0.06228651851415634, 0.061102934181690216]"
blur-strong,ooc,42,491,491,1,0.3289280831813812,"[491, 569, 595, 856, 561]","[0.3289280831813812, 0.1006760373711586, 0.0810312032699585, 0.04403200000524521, 0.038045842200517654]"
blur-strong,ooc,43,964,931,0,0.46400028467178345,"[931, 964, 963, 5, 809]","[0.46400028467178345, 0.3933722972869873, 0.02948266826570034, 0.02503371797502041, 0.013488099910318851]"
blur-strong,ooc,44,635,746,0,0.7622203230857849,"[746, 409, 426, 752, 828]","[0.7622203230857849, 0.055150218307971954, 0.031060602515935898, 0.014635053463280201, 0.012859983369708061]"
blur-strong,ooc,45,335,335,1,0.6491842269897461,"[335, 382, 380, 377, 280]","[0.6491842269897461, 0.19802531599998474, 0.086556576192379, 0.010200106538832188, 0.007427510805428028]"
blur-strong,ooc,46,825,13,0,0.6302209496498108,"[13, 19, 17, 91, 10]","[0.6302209496498108, 0.12419223040342331, 0.08082452416419983, 0.02488679066300392, 0.023024026304483414]"
blur-strong,ooc,47,863,282,0,0.1383594125509262,"[282, 863, 291, 280, 376]","[0.1383594125509262, 0.12625153362751007, 0.07771294564008713, 0.07712237536907196, 0.04780479148030281]"
blur-strong,ooc,48,839,44,0,0.20574110746383667,"[44, 57, 835, 41, 395]","[0.20574110746383667, 0.059636835008859634, 0.053362537175416946, 0.04789231717586517, 0.043560247868299484]"
blur-strong,ooc,49,257,831,0,0.3716720938682556,"[831, 564, 750, 87, 515]","[0.3716720938682556, 0.18611015379428864, 0.024838220328092575, 0.0227852463722229, 0.022335253655910492]"
blur-strong,ooc,50,185,296,0,0.2585892975330353,"[296, 970, 980, 672, 6]","[0.2585892975330353, 0.23353132605552673, 0.05229686200618744, 0.03612666577100754, 0.03523286432027817]"
blur-strong,ooc,51,489,975,0,0.12224394083023071,"[975, 888, 449, 912, 979]","[0.12224394083023071, 0.11487644165754318, 0.08862362802028656, 0.08366633951663971, 0.07778935134410858]"
blur-strong,ooc,52,609,743,0,0.18047083914279938,"[743, 704, 619, 428, 879]","[0.18047083914279938, 0.04909195005893707, 0.04754797741770744, 0.04172813519835472, 0.02696908637881279]"
blur-strong,ooc,53,847,852,0,0.15856656432151794,"[852, 752, 791, 573, 518]","[0.15856656432151794, 0.13148100674152374, 0.11389024555683136, 0.05387415736913681, 0.04658522456884384]"
blur-strong,ooc,54,544,672,0,0.1301007717847824,"[672, 879, 693, 703, 436]","[0.1301007717847824, 0.10868999361991882, 0.08378670364618301, 0.08176770061254501, 0.07868780940771103]"
blur-strong,ooc,55,179,386,0,0.6503923535346985,"[386, 205, 101, 90, 197]","[0.6503923535346985, 0.09608357399702072, 0.05180187150835991, 0.038048263639211655, 0.0205021221190691]"
blur-strong,ooc,56,174,489,0,0.22324106097221375,"[489, 835, 264, 375, 637]","[0.22324106097221375, 0.05556824430823326, 0.05283798277378082, 0.04356812313199043, 0.03925106301903725]"
blur-strong,ooc,57,349,39,0,0.08339232951402664,"[39, 48, 471, 608, 858]","[0.08339232951402664, 0.0664895549416542, 0.04481099173426628, 0.030139487236738205, 0.026535384356975555]"
blur-strong,ooc,58,277,273,0,0.2719815671443939,"[273, 277, 98, 112, 11]","[0.2719815671443939, 0.19946077466011047, 0.04180251434445381, 0.03548057749867439, 0.029894940555095673]"
blur-strong,ooc,59,518,387,0,0.16007080674171448,"[387, 893, 383, 136, 741]","[0.16007080674171448, 0.05408795177936554, 0.05167676508426666, 0.03698768839240074, 0.03682500869035721]"
blur-strong,ooc,60,958,425,0,0.5501132607460022,"[425, 970, 672, 915, 755]","[0.5501132607460022, 0.11762557178735733, 0.049394551664590836, 0.031128015369176865, 0.021879542618989944]"
blur-strong,ooc,61,385,385,1,0.5996125936508179,"[385, 354, 386, 296, 101]","[0.5996125936508179, 0.21732337772846222, 0.05474798381328583, 0.026765834540128708, 0.025102917104959488]"
blur-strong,ooc,62,830,381,0,0.15838265419006348,"[381, 580, 815, 703, 646]","[0.15838265419006348, 0.12728892266750336, 0.05414661392569542, 0.03935523331165314, 0.036534398794174194]"
blur-strong,ooc,63,132,134,0,0.13944274187088013,"[134, 491, 349, 85, 428]","[0.13944274187088013, 0.09567997604608536, 0.09203366190195084, 0.08462011069059372, 0.06242537125945091]"
blur-strong,ooc,64,354,349,0,0.37889063358306885,"[349, 354, 348, 649, 345]","[0.37889063358306885, 0.1715364307165146, 0.1361999362707138, 0.06641463190317154, 0.04615889862179756]"
blur-strong,ooc,65,879,408,0,0.2956947982311249,"[408, 646, 595, 223, 628]","[0.2956947982311249, 0.08149556815624237, 0.04827112704515457, 0.032545264810323715, 0.029830098152160645]"
blur-strong,ooc,66,807,807,1,0.3513695001602173,"[807, 703, 791, 706, 790]","[0.3513695001602173, 0.14546100795269012, 0.12093322724103928, 0.118058942258358, 0.06946631520986557]"
blur-strong,ooc,67,863,349,0,0.2622250020503998,"[349, 825, 354, 350, 652]","[0.2622250020503998, 0.2433813214302063, 0.14836934208869934, 0.11202145367860794, 0.09167405962944031]"
blur-strong,ooc,68,821,961,0,0.12079987674951553,"[961, 133, 938, 821, 935]","[0.12079987674951553, 0.06800967454910278, 0.06549374014139175, 0.04467978700995445, 0.03785938397049904]"
blur-strong,ooc,69,656,428,0,0.12614896893501282,"[428, 791, 245, 792, 463]","[0.12614896893501282, 0.07171326130628586, 0.06870187819004059, 0.06764862686395645, 0.06240642070770264]"
blur-strong,ooc,70,614,209,0,0.10208345204591751,"[209, 343, 150, 34, 460]","[0.10208345204591751, 0.07354022562503815, 0.0589543916285038, 0.03771206736564636, 0.034746356308460236]"
blur-strong,ooc,71,294,136,0,0.12008075416088104,"[136, 378, 39, 105, 387]","[0.12008075416088104, 0.0608491450548172, 0.05569148063659668, 0.03976983204483986, 0.037608176469802856]"
blur-strong,ooc,72,870,448,0,0.36940091848373413,"[448, 101, 652, 462, 672]","[0.36940091848373413, 0.11577427387237549, 0.038163743913173676, 0.03381657227873802, 0.032199107110500336]"
blur-strong,ooc,73,346,158,0,0.08569018542766571,"[158, 850, 284, 338, 184]","[0.08569018542766571, 0.08410783112049103, 0.07449352741241455, 0.06231312081217766, 0.05031462013721466]"
blur-strong,ooc,74,194,269,0,0.22747471928596497,"[269, 272, 170, 194, 350]","[0.22747471928596497, 0.1877322643995285, 0.18249422311782837, 0.08105649799108505, 0.04235708713531494]"
blur-strong,ooc,75,287,46,0,0.17089632153511047,"[46, 322, 133, 953, 47]","[0.17089632153511047, 0.07273456454277039, 0.0626702681183815, 0.05703439936041832, 0.05160083249211311]"
blur-strong,ooc,76,295,295,1,0.3698453903198242,"[295, 205, 101, 197, 224]","[0.3698453903198242, 0.10982370376586914, 0.07378293573856354, 0.053888168185949326, 0.05220723897218704]"
blur-strong,ooc,77,92,979,0,0.2887199819087982,"[979, 723, 970, 972, 879]","[0.2887199819087982, 0.16276423633098602, 0.12410610914230347, 0.03979692980647087, 0.030148914083838463]"
blur-strong,ooc,78,17,84,0,0.1702820360660553,"[84, 39, 489, 491, 863]","[0.1702820360660553, 0.137257918715477, 0.09812731295824051, 0.07627877593040466, 0.04271174222230911]"
blur-strong,ooc,79,105,364,0,0.10424230247735977,"[364, 381, 367, 368, 39]","[0.10424230247735977, 0.06482664495706558, 0.05532877892255783, 0.04481387510895729, 0.04362202808260918]"
blur-strong,ooc,80,356,343,0,0.6172835230827332,"[343, 346, 342, 386, 294]","[0.6172835230827332, 0.07845836877822876, 0.05246909707784653, 0.04259824752807617, 0.027284231036901474]"
blur-strong,ooc,81,14,14,1,0.1315460056066513,"[14, 816, 850, 415, 515]","[0.1315460056066513, 0.09444267302751541, 0.04351349547505379, 0.03923206776380539, 0.035049792379140854]"
blur-strong,ooc,82,378,354,0,0.08445113152265549,"[354, 385, 345, 346, 792]","[0.08445113152265549, 0.08394157886505127, 0.07704256474971771, 0.06781459599733353, 0.04105434939265251]"
blur-strong,ooc,83,59,562,0,0.1365063637495041,"[562, 880, 51, 738, 690]","[0.1365063637495041, 0.04348649084568024, 0.03320174664258957, 0.028613165020942688, 0.026952262967824936]"
blur-strong,ooc,84,95,972,0,0.27887433767318726,"[972, 980, 336, 649, 825]","[0.27887433767318726, 0.08315322548151016, 0.05911773070693016, 0.058841604739427567, 0.03225293755531311]"
blur-strong,ooc,85,95,95,1,0.16906580328941345,"[95, 977, 913, 47, 357]","[0.16906580328941345, 0.10715744644403458, 0.09996557235717773, 0.04929596558213234, 0.0444096140563488]"
blur-strong,ooc,86,379,430,0,0.4701472520828247,"[430, 882, 981, 701, 890]","[0.4701472520828247, 0.1602548509836197, 0.07564187794923782, 0.062053728848695755, 0.036269593983888626]"
blur-strong,ooc,87,382,382,1,0.1775786429643631,"[382, 385, 178, 250, 395]","[0.1775786429643631, 0.11465349793434143, 0.049102798104286194, 0.04526370391249657, 0.03360652178525925]"
blur-strong,ooc,88,10,169,0,0.08571253716945648,"[169, 129, 139, 173, 207]","[0.08571253716945648, 0.07690942287445068, 0.0758255124092102, 0.0613371878862381, 0.055888693779706955]"
blur-strong,ooc,89,383,383,1,0.353451669216156,"[383, 105, 372, 349, 286]","[0.353451669216156, 0.1120152547955513, 0.07855751365423203, 0.044854648411273956, 0.028195980936288834]"
blur-strong,ooc,90,378,497,0,0.5475296974182129,"[497, 698, 663, 829, 743]","[0.5475296974182129, 0.2512845993041992, 0.05471932142972946, 0.04002125933766365, 0.0225968137383461]"
blur-strong,ooc,91,376,695,0,0.0799180120229721,"[695, 855, 463, 773, 710]","[0.0799180120229721, 0.0696166381239891, 0.047437217086553574, 0.04133828729391098, 0.03759210929274559]"
blur-strong,ooc,92,21,391,0,0.16042819619178772,"[391, 977, 525, 132, 129]","[0.16042819619178772, 0.14510171115398407, 0.07036703824996948, 0.06666736304759979, 0.05927850678563118]"
blur-strong,ooc,93,275,295,0,0.10408056527376175,"[295, 23, 231, 372, 275]","[0.10408056527376175, 0.066810242831707, 0.05790630728006363, 0.04963917285203934, 0.04279221221804619]"
blur-strong,ooc,94,85,14,0,0.49215981364250183,"[14, 131, 135, 20, 141]","[0.49215981364250183, 0.09952368587255478, 0.06568510830402374, 0.050105590373277664, 0.047569360584020615]"
blur-strong,ooc,95,383,250,0,0.09625205397605896,"[250, 170, 383, 177, 104]","[0.09625205397605896, 0.06155567988753319, 0.04627406969666481, 0.04431169852614403, 0.04101872444152832]"
blur-strong,ooc,96,18,91,0,0.32771506905555725,"[91, 18, 16, 375, 982]","[0.32771506905555725, 0.32191604375839233, 0.03433401137590408, 0.03275933489203453, 0.03071652166545391]"
blur-strong,ooc,97,326,352,0,0.11862540990114212,"[352, 276, 272, 282, 471]","[0.11862540990114212, 0.05694440379738808, 0.0551045797765255, 0.0371151901781559, 0.036565009504556656]"
blur-strong,ooc,98,379,369,0,0.10683653503656387,"[369, 295, 101, 348, 386]","[0.10683653503656387, 0.08834400773048401, 0.08785402029752731, 0.0796561986207962, 0.05666734278202057]"
blur-strong,ooc,99,378,348,0,0.34047889709472656,"[348, 291, 386, 354, 150]","[0.34047889709472656, 0.11654964834451675, 0.07610221952199936, 0.044091399759054184, 0.038963403552770615]"
blur-strong,ooc,100,378,137,0,0.2380509227514267,"[137, 99, 85, 98, 143]","[0.2380509227514267, 0.11178385466337204, 0.07823024690151215, 0.06594442576169968, 0.05424502491950989]"
blur-strong,ooc,101,379,16,0,0.24139665067195892,"[16, 94, 171, 13, 105]","[0.24139665067195892, 0.08769328892230988, 0.03434028476476669, 0.03002336621284485, 0.024665312841534615]"
blur-strong,ooc,102,12,12,1,0.30402088165283203,"[12, 87, 15, 19, 14]","[0.30402088165283203, 0.05367740988731384, 0.04086326062679291, 0.036605075001716614, 0.03381047397851944]"
blur-strong,ooc,103,18,87,0,0.2214733064174652,"[87, 169, 88, 981, 890]","[0.2214733064174652, 0.10109661519527435, 0.08939170092344284, 0.06498517841100693, 0.05862467736005783]"
blur-strong,ooc,104,428,327,0,0.16132782399654388,"[327, 45, 123, 43, 82]","[0.16132782399654388, 0.12171556055545807, 0.0662103220820427, 0.04950598254799843, 0.048091597855091095]"
blur-strong,ooc,105,376,21,0,0.7344990372657776,"[21, 701, 127, 81, 417]","[0.7344990372657776, 0.22908876836299896, 0.006048073060810566, 0.004393060691654682, 0.0021999988239258528]"
blur-strong,ooc,106,379,136,0,0.7473230361938477,"[136, 346, 137, 131, 363]","[0.7473230361938477, 0.047489721328020096, 0.018905838951468468, 0.011726326309144497, 0.011147980578243732]"
blur-strong,ooc,107,19,425,0,0.206466406583786,"[425, 134, 755, 853, 580]","[0.206466406583786, 0.13049571216106415, 0.05134466290473938, 0.03563293442130089, 0.030062953010201454]"
blur-strong,ooc,108,18,538,0,0.19327344000339508,"[538, 19, 676, 23, 915]","[0.19327344000339508, 0.18205323815345764, 0.0763622596859932, 0.042650848627090454, 0.03672898933291435]"
blur-strong,ooc,109,95,84,0,0.09635332226753235,"[84, 134, 88, 127, 649]","[0.09635332226753235, 0.047668613493442535, 0.04436132684350014, 0.041531771421432495, 0.03126218542456627]"
blur-strong,ooc,110,95,295,0,0.10718466341495514,"[295, 197, 101, 983, 127]","[0.10718466341495514, 0.06790556758642197, 0.058954913169145584, 0.03996361792087555, 0.03254573419690132]"
blur-strong,ooc,111,17,981,0,0.40605801343917847,"[981, 430, 429, 880, 665]","[0.40605801343917847, 0.06915587931871414, 0.06632300466299057, 0.06254598498344421, 0.024470467120409012]"
blur-strong,ooc,112,232,200,0,0.26482295989990234,"[200, 231, 232, 239, 219]","[0.26482295989990234, 0.24075916409492493, 0.22522565722465515, 0.07321259379386902, 0.06903248280286789]"
blur-strong,ooc,113,382,382,1,0.5800727009773254,"[382, 380, 381, 274, 371]","[0.5800727009773254, 0.05313999950885773, 0.05220340937376022, 0.03061983548104763, 0.02279854193329811]"
blur-strong,ooc,114,622,705,0,0.09853007644414902,"[705, 754, 848, 732, 882]","[0.09853007644414902, 0.08318201452493668, 0.08075413107872009, 0.08038048446178436, 0.07944690436124802]"
blur-strong,ooc,115,372,286,0,0.40555641055107117,"[286, 347, 182, 371, 385]","[0.40555641055107117, 0.1557208150625229, 0.09324532002210617, 0.053531430661678314, 0.047166455537080765]"
blur-strong,ooc,116,313,733,0,0.22524408996105194,"[733, 791, 313, 646, 522]","[0.22524408996105194, 0.19077935814857483, 0.09480395168066025, 0.05865264683961868, 0.027953151613473892]"
blur-strong,ooc,117,18,981,0,0.44610634446144104,"[981, 752, 795, 701, 429]","[0.44610634446144104, 0.15776684880256653, 0.09690938144922256, 0.07049715518951416, 0.023493103682994843]"
blur-strong,ooc,118,919,781,0,0.2360321432352066,"[781, 440, 919, 441, 571]","[0.2360321432352066, 0.13320931792259216, 0.08810696005821228, 0.04626455157995224, 0.04253185912966728]"
blur-strong,ooc,119,92,55,0,0.19980095326900482,"[55, 46, 90, 59, 40]","[0.19980095326900482, 0.11726541072130203, 0.1134520024061203, 0.09612628072500229, 0.08056406676769257]"
blur-strong,ooc,120,75,136,0,0.18626806139945984,"[136, 128, 131, 801, 137]","[0.18626806139945984, 0.09839329868555069, 0.07495832443237305, 0.0648859366774559, 0.06045595183968544]"
blur-strong,ooc,121,379,701,0,0.2341540902853012,"[701, 417, 96, 538, 127]","[0.2341540902853012, 0.16378594934940338, 0.15051260590553284, 0.075375497341156, 0.04254286736249924]"
blur-strong,ooc,122,272,188,0,0.3044833838939667,"[188, 189, 263, 185, 186]","[0.3044833838939667, 0.16165979206562042, 0.03651886433362961, 0.024609198793768883, 0.02455066703259945]"
blur-strong,ooc,123,86,690,0,0.15126006305217743,"[690, 498, 913, 555, 791]","[0.15126006305217743, 0.11713188886642456, 0.10786477476358414, 0.09949275851249695, 0.04959779977798462]"
blur-strong,ooc,124,275,832,0,0.4307565987110138,"[832, 346, 22, 386, 385]","[0.4307565987110138, 0.1684262901544571, 0.0570073127746582, 0.03179046884179115, 0.02121281437575817]"
blur-strong,ooc,125,387,515,0,0.15969470143318176,"[515, 518, 846, 793, 808]","[0.15969470143318176, 0.10292224586009979, 0.08404771983623505, 0.049953192472457886, 0.03614070266485214]"
blur-strong,ooc,126,12,701,0,0.2382775843143463,"[701, 86, 134, 85, 136]","[0.2382775843143463, 0.0763029083609581, 0.07581084221601486, 0.07348034530878067, 0.06329812854528427]"
blur-strong,ooc,127,17,570,0,0.10814611613750458,"[570, 413, 740, 747, 786]","[0.10814611613750458, 0.07180208712816238, 0.06292743235826492, 0.060041770339012146, 0.0411544106900692]"
blur-strong,ooc,128,899,572,0,0.12194349616765976,"[572, 711, 982, 578, 441]","[0.12194349616765976, 0.07003828138113022, 0.06807798892259598, 0.04163211211562157, 0.03918975964188576]"
blur-strong,ooc,129,365,365,1,0.3239505887031555,"[365, 562, 381, 382, 186]","[0.3239505887031555, 0.05444334074854851, 0.035663072019815445, 0.02881670743227005, 0.017708679661154747]"
blur-strong,ooc,130,335,336,0,0.46121013164520264,"[336, 39, 298, 49, 81]","[0.46121013164520264, 0.08820315450429916, 0.06193409860134125, 0.055938970297575, 0.03855537995696068]"
blur-strong,ooc,131,23,457,0,0.09124181419610977,"[457, 245, 770, 490, 254]","[0.09124181419610977, 0.07893610000610352, 0.05817963555455208, 0.049975648522377014, 0.041448816657066345]"
blur-strong,ooc,132,379,17,0,0.2111903876066208,"[17, 405, 812, 390, 437]","[0.2111903876066208, 0.07044370472431183, 0.06007086858153343, 0.04065610095858574, 0.028549527749419212]"
blur-strong,ooc,133,988,45,0,0.2395409792661667,"[45, 56, 39, 50, 81]","[0.2395409792661667, 0.11657717078924179, 0.06603812426328659, 0.03891563415527344, 0.03637468069791794]"
blur-strong,ooc,134,988,349,0,0.6484580636024475,"[349, 348, 336, 20, 350]","[0.6484580636024475, 0.13689635694026947, 0.10388090461492538, 0.05858121067285538, 0.009660392999649048]"
blur-strong,ooc,135,17,93,0,0.15738072991371155,"[93, 17, 11, 19, 129]","[0.15738072991371155, 0.09243177622556686, 0.08459212630987167, 0.07727856189012527, 0.06829344481229782]"
blur-strong,ooc,136,18,672,0,0.15048393607139587,"[672, 913, 915, 663, 425]","[0.15048393607139587, 0.08874362707138062, 0.0850401297211647, 0.07671146839857101, 0.05987635999917984]"
blur-strong,ooc,137,39,48,0,0.09991481155157089,"[48, 337, 63, 363, 36]","[0.09991481155157089, 0.07583259046077728, 0.067897729575634, 0.045679446309804916, 0.04343283548951149]"
blur-strong,ooc,138,335,849,0,0.5132919549942017,"[849, 896, 804, 982, 16]","[0.5132919549942017, 0.05751950293779373, 0.04180261120200157, 0.028529519215226173, 0.022578105330467224]"
blur-strong,ooc,139,376,879,0,0.22537633776664734,"[879, 283, 679, 585, 584]","[0.22537633776664734, 0.052425533533096313, 0.04178890958428383, 0.0371023453772068, 0.0366830974817276]"
blur-strong,ooc,140,18,137,0,0.8758092522621155,"[137, 97, 646, 492, 858]","[0.8758092522621155, 0.015152670443058014, 0.013066455721855164, 0.012578152120113373, 0.007628158200532198]"
blur-strong,ooc,141,134,348,0,0.6947277784347534,"[348, 134, 99, 353, 279]","[0.6947277784347534, 0.16452330350875854, 0.01997724175453186, 0.011203193105757236, 0.010202890262007713]"
blur-strong,ooc,142,294,958,0,0.1695740967988968,"[958, 276, 342, 343, 385]","[0.1695740967988968, 0.0763092115521431, 0.07077163457870483, 0.05469757318496704, 0.048263851553201675]"
blur-strong,ooc,143,472,723,0,0.1399005800485611,"[723, 16, 951, 91, 11]","[0.1399005800485611, 0.10417917370796204, 0.09256923198699951, 0.07417052239179611, 0.05296705290675163]"
blur-strong,ooc,144,354,271,0,0.36856016516685486,"[271, 339, 225, 342, 104]","[0.36856016516685486, 0.057405781000852585, 0.053216222673654556, 0.03031211905181408, 0.0299545731395483]"
blur-strong,ooc,145,134,696,0,0.3971843123435974,"[696, 777, 763, 587, 464]","[0.3971843123435974, 0.05482499673962593, 0.03850051760673523, 0.036744315177202225, 0.023668546229600906]"
blur-strong,ooc,146,821,95,0,0.11614848673343658,"[95, 57, 15, 320, 382]","[0.11614848673343658, 0.08877541124820709, 0.0743299275636673, 0.05943077430129051, 0.05220998078584671]"
blur-strong,ooc,147,391,48,0,0.8472620248794556,"[48, 286, 391, 49, 344]","[0.8472620248794556, 0.019764935597777367, 0.01827624812722206, 0.014887476339936256, 0.005098406225442886]"
blur-strong,ooc,148,391,525,0,0.2843928635120392,"[525, 145, 391, 460, 646]","[0.2843928635120392, 0.22396564483642578, 0.1767415702342987, 0.1151992678642273, 0.032853711396455765]"
blur-strong,ooc,149,821,497,0,0.2610143721103668,"[497, 663, 449, 698, 640]","[0.2610143721103668, 0.12017354369163513, 0.11682205647230148, 0.09056161344051361, 0.08733536303043365]"
blur-strong,ooc,150,576,703,0,0.11288593709468842,"[703, 671, 880, 444, 84]","[0.11288593709468842, 0.0997852236032486, 0.09312907606363297, 0.06375233083963394, 0.05072412267327309]"
blur-strong,ooc,151,140,140,1,0.13033345341682434,"[140, 48, 51, 360, 43]","[0.13033345341682434, 0.10961034893989563, 0.09164194017648697, 0.08407243341207504, 0.04462894797325134]"
blur-strong,ooc,152,852,35,0,0.1433308869600296,"[35, 360, 30, 306, 36]","[0.1433308869600296, 0.13798056542873383, 0.13377566635608673, 0.105727419257164, 0.09527148306369781]"
blur-strong,ooc,153,576,912,0,0.14781120419502258,"[912, 428, 621, 18, 505]","[0.14781120419502258, 0.09379749000072479, 0.0694601759314537, 0.03424224257469177, 0.02780492976307869]"
blur-strong,ooc,154,472,978,0,0.37837669253349304,"[978, 976, 975, 833, 510]","[0.37837669253349304, 0.08754915744066238, 0.05834684520959854, 0.05425521358847618, 0.04627625644207001]"
blur-strong,ooc,155,258,258,1,0.5599863529205322,"[258, 270, 269, 355, 257]","[0.5599863529205322, 0.23262566328048706, 0.03988448902964592, 0.03649703040719032, 0.018851203843951225]"
blur-strong,ooc,156,143,341,0,0.12420329451560974,"[341, 354, 424, 137, 877]","[0.12420329451560974, 0.09195713698863983, 0.07022996246814728, 0.04999694228172302, 0.03811667487025261]"
blur-strong,ooc,157,198,736,0,0.22161246836185455,"[736, 673, 764, 579, 792]","[0.22161246836185455, 0.08334159106016159, 0.06844361126422882, 0.0444624125957489, 0.022253554314374924]"
blur-strong,ooc,158,236,395,0,0.10994932800531387,"[395, 144, 354, 150, 46]","[0.10994932800531387, 0.07104240357875824, 0.059109874069690704, 0.0529133640229702, 0.04702938720583916]"
blur-strong,ooc,159,576,84,0,0.10862249881029129,"[84, 611, 81, 825, 544]","[0.10862249881029129, 0.07038938999176025, 0.0677192285656929, 0.04984470084309578, 0.04620283842086792]"
blur-strong,ooc,160,483,538,0,0.13112801313400269,"[538, 391, 780, 471, 727]","[0.13112801313400269, 0.090420663356781, 0.0631825178861618, 0.04149486869573593, 0.037542279809713364]"
blur-strong,ooc,161,727,382,0,0.134988933801651,"[382, 943, 953, 39, 380]","[0.134988933801651, 0.10811109840869904, 0.10448271781206131, 0.07504729926586151, 0.07282634824514389]"
blur-strong,ooc,162,238,199,0,0.06097354739904404,"[199, 197, 295, 236, 9]","[0.06097354739904404, 0.05976564809679985, 0.05734947696328163, 0.05262252315878868, 0.04390503838658333]"
blur-strong,ooc,163,385,649,0,0.21230554580688477,"[649, 344, 105, 48, 161]","[0.21230554580688477, 0.10489599406719208, 0.07901610434055328, 0.07308408617973328, 0.07216674089431763]"
blur-strong,ooc,164,472,425,0,0.12342607975006104,"[425, 472, 977, 895, 913]","[0.12342607975006104, 0.10897654294967651, 0.07851187139749527, 0.07625409960746765, 0.06752234697341919]"
blur-strong,ooc,165,140,202,0,0.1179545521736145,"[202, 386, 153, 33, 806]","[0.1179545521736145, 0.06925816833972931, 0.05488201230764389, 0.04503415524959564, 0.041835613548755646]"
blur-strong,ooc,166,352,611,0,0.30747488141059875,"[611, 687, 489, 318, 315]","[0.30747488141059875, 0.08013224601745605, 0.06989538669586182, 0.04506179317831993, 0.031827595084905624]"
blur-strong,ooc,167,292,182,0,0.3229612708091736,"[182, 307, 94, 184, 210]","[0.3229612708091736, 0.08703508973121643, 0.06597881764173508, 0.03709327429533005, 0.028809091076254845]"
blur-strong,ooc,168,806,625,0,0.15018312633037567,"[625, 814, 980, 539, 489]","[0.15018312633037567, 0.12856101989746094, 0.07936826348304749, 0.05367688462138176, 0.05077550932765007]"
blur-strong,ooc,169,449,448,0,0.18847191333770752,"[448, 0, 494, 425, 449]","[0.18847191333770752, 0.09012439101934433, 0.04903212562203407, 0.0433841273188591, 0.03284386917948723]"
blur-strong,ooc,170,164,144,0,0.4658457338809967,"[144, 839, 755, 791, 449]","[0.4658457338809967, 0.10688599944114685, 0.06827746331691742, 0.03993519768118858, 0.035630449652671814]"
blur-strong,ooc,171,909,430,0,0.1524728685617447,"[430, 424, 699, 831, 420]","[0.1524728685617447, 0.15000352263450623, 0.11874394863843918, 0.043211355805397034, 0.035715267062187195]"
blur-strong,ooc,172,576,84,0,0.16857624053955078,"[84, 764, 895, 587, 777]","[0.16857624053955078, 0.1443236619234085, 0.12649966776371002, 0.06994681805372238, 0.05004668980836868]"
blur-strong,ooc,173,727,92,0,0.25755390524864197,"[92, 376, 14, 12, 988]","[0.25755390524864197, 0.15603254735469818, 0.11964056640863419, 0.09170178323984146, 0.08478926122188568]"
blur-strong,ooc,174,223,693,0,0.26128116250038147,"[693, 975, 18, 142, 472]","[0.26128116250038147, 0.06126777082681656, 0.042966749519109726, 0.039450451731681824, 0.036044780164957047]"
blur-strong,ooc,175,132,484,0,0.16948367655277252,"[484, 780, 871, 914, 132]","[0.16948367655277252, 0.15175431966781616, 0.13013975322246552, 0.11888126283884048, 0.04454851523041725]"
blur-strong,ooc,176,576,344,0,0.29000067710876465,"[344, 385, 831, 365, 101]","[0.29000067710876465, 0.10588393360376358, 0.04799940809607506, 0.039470624178647995, 0.03633534908294678]"
blur-strong,ooc,177,391,649,0,0.7501571178436279,"[649, 483, 425, 144, 672]","[0.7501571178436279, 0.08988121151924133, 0.07046626508235931, 0.011467594653367996, 0.010659066028892994]"
blur-strong,ooc,178,708,425,0,0.20275890827178955,"[425, 649, 970, 718, 458]","[0.20275890827178955, 0.15961286425590515, 0.11890879273414612, 0.11140073835849762, 0.06649105250835419]"
blur-strong,ooc,179,132,999,0,0.3607465326786041,"[999, 804, 606, 478, 470]","[0.3607465326786041, 0.057746805250644684, 0.047005344182252884, 0.0421932190656662, 0.03152591735124588]"
blur-strong,ooc,180,576,512,0,0.15382306277751923,"[512, 461, 665, 490, 171]","[0.15382306277751923, 0.08390649408102036, 0.06582725048065186, 0.03878011927008629, 0.03663240745663643]"
blur-strong,ooc,181,143,818,0,0.2590475380420685,"[818, 307, 304, 90, 78]","[0.2590475380420685, 0.12244325876235962, 0.057860665023326874, 0.04610314592719078, 0.03872345760464668]"
blur-strong,ooc,182,842,48,0,0.303189218044281,"[48, 646, 225, 273, 522]","[0.303189218044281, 0.12496649473905563, 0.05925774574279785, 0.04697331413626671, 0.03546722233295441]"
blur-strong,ooc,183,372,380,0,0.3151826858520508,"[380, 16, 105, 383, 375]","[0.3151826858520508, 0.18885073065757751, 0.14048118889331818, 0.0544217973947525, 0.034184202551841736]"
blur-strong,ooc,184,36,81,0,0.1528976559638977,"[81, 82, 815, 86, 50]","[0.1528976559638977, 0.04746329411864281, 0.046812769025564194, 0.04392052814364433, 0.027501927688717842]"
blur-strong,ooc,185,660,543,0,0.1813560128211975,"[543, 492, 879, 478, 982]","[0.1813560128211975, 0.07119961082935333, 0.06341272592544556, 0.06313478946685791, 0.05258679389953613]"
blur-strong,ooc,186,821,59,0,0.10136917978525162,"[59, 320, 674, 421, 318]","[0.10136917978525162, 0.07079058140516281, 0.05454215407371521, 0.045298196375370026, 0.044950202107429504]"
blur-strong,ooc,187,449,645,0,0.1628376692533493,"[645, 997, 738, 476, 325]","[0.1628376692533493, 0.10407328605651855, 0.05069957301020622, 0.041683755815029144, 0.030981892719864845]"
blur-strong,ooc,188,131,42,0,0.19668643176555634,"[42, 84, 34, 14, 211]","[0.19668643176555634, 0.14398755133152008, 0.08325440436601639, 0.037057556211948395, 0.03194006532430649]"
blur-strong,ooc,189,576,526,0,0.15737289190292358,"[526, 736, 532, 745, 534]","[0.15737289190292358, 0.12673820555210114, 0.07302428781986237, 0.04147016629576683, 0.03588834032416344]"
blur-strong,ooc,190,140,5,0,0.4477691352367401,"[5, 6, 33, 397, 142]","[0.4477691352367401, 0.2369036227464676, 0.1052512526512146, 0.07033518701791763, 0.012891476973891258]"
blur-strong,ooc,191,576,854,0,0.3283883333206177,"[854, 401, 683, 432, 687]","[0.3283883333206177, 0.2469744235277176, 0.04246935993432999, 0.03532255068421364, 0.03512978553771973]"
blur-strong,ooc,192,355,286,0,0.6492710709571838,"[286, 13, 47, 336, 386]","[0.6492710709571838, 0.046325016766786575, 0.022688772529363632, 0.02247816137969494, 0.020408302545547485]"
blur-strong,ooc,193,511,511,1,0.9318026304244995,"[511, 817, 436, 656, 751]","[0.9318026304244995, 0.021119657903909683, 0.01691395975649357, 0.010555112734436989, 0.00656554102897644]"
blur-strong,ooc,194,417,449,0,0.29485756158828735,"[449, 975, 460, 536, 403]","[0.29485756158828735, 0.21319270133972168, 0.10729360580444336, 0.07496696710586548, 0.0489291176199913]"
blur-strong,ooc,195,404,594,0,0.4555513262748718,"[594, 345, 690, 420, 649]","[0.4555513262748718, 0.05200833082199097, 0.030785294249653816, 0.027494138106703758, 0.02127118408679962]"
blur-strong,ooc,196,701,785,0,0.5170044898986816,"[785, 414, 457, 411, 806]","[0.5170044898986816, 0.10414401441812515, 0.04522138461470604, 0.03791223093867302, 0.028172798454761505]"
blur-strong,ooc,197,701,705,0,0.46484634280204773,"[705, 466, 547, 829, 565]","[0.46484634280204773, 0.2561801075935364, 0.20214132964611053, 0.017553122714161873, 0.008497296832501888]"
blur-strong,ooc,198,701,701,1,0.3760020136833191,"[701, 559, 462, 405, 879]","[0.3760020136833191, 0.06696222722530365, 0.06502891331911087, 0.06236085668206215, 0.06190703064203262]"
blur-strong,ooc,199,350,958,0,0.4778991639614105,"[958, 970, 979, 672, 975]","[0.4778991639614105, 0.3018816113471985, 0.05728719383478165, 0.030306324362754822, 0.02267424389719963]"
blur-strong,ooc,200,618,448,0,0.4103271961212158,"[448, 613, 430, 805, 837]","[0.4103271961212158, 0.21070069074630737, 0.02643432654440403, 0.025385012850165367, 0.02216253988444805]"
blur-strong,ooc,201,984,876,0,0.10723858326673508,"[876, 710, 656, 484, 817]","[0.10723858326673508, 0.10649826377630234, 0.05386980623006821, 0.04729217663407326, 0.04303649440407753]"
blur-strong,ooc,202,645,217,0,0.23095029592514038,"[217, 671, 218, 805, 775]","[0.23095029592514038, 0.07174686342477798, 0.06489520519971848, 0.05430438742041588, 0.02137702703475952]"
blur-strong,ooc,203,808,46,0,0.3757014572620392,"[46, 40, 55, 315, 42]","[0.3757014572620392, 0.10485798865556717, 0.07432843744754791, 0.07392153143882751, 0.048453185707330704]"
blur-strong,ooc,204,755,805,0,0.8435312509536743,"[805, 559, 879, 672, 807]","[0.8435312509536743, 0.05997631326317787, 0.026247279718518257, 0.016488440334796906, 0.00624212808907032]"
blur-strong,ooc,205,663,483,0,0.5269976854324341,"[483, 663, 497, 698, 668]","[0.5269976854324341, 0.39906632900238037, 0.034426264464855194, 0.019203433766961098, 0.0051367697305977345]"
blur-strong,ooc,206,404,657,0,0.17574521899223328,"[657, 744, 404, 876, 395]","[0.17574521899223328, 0.10325273126363754, 0.10273764282464981, 0.08243653178215027, 0.06695359945297241]"
blur-strong,ooc,207,540,879,0,0.157901793718338,"[879, 655, 791, 612, 822]","[0.157901793718338, 0.13494352996349335, 0.08391213417053223, 0.06253274530172348, 0.04985027015209198]"
blur-strong,ooc,208,958,56,0,0.26557421684265137,"[56, 728, 989, 71, 327]","[0.26557421684265137, 0.07808173447847366, 0.03978884592652321, 0.03805728256702423, 0.03502889350056648]"
blur-strong,ooc,209,483,939,0,0.2957632541656494,"[939, 448, 364, 55, 425]","[0.2957632541656494, 0.14558608829975128, 0.05378400906920433, 0.04162714630365372, 0.03867936134338379]"
blur-strong,ooc,210,898,355,0,0.23177427053451538,"[355, 184, 386, 0, 287]","[0.23177427053451538, 0.05282513052225113, 0.03597192466259003, 0.03094666078686714, 0.029400644823908806]"
blur-strong,ooc,211,649,296,0,0.059086840599775314,"[296, 150, 879, 888, 474]","[0.059086840599775314, 0.055796973407268524, 0.04657889902591705, 0.041423507034778595, 0.041226450353860855]"
blur-strong,ooc,212,812,522,0,0.6466506123542786,"[522, 676, 235, 137, 208]","[0.6466506123542786, 0.025038432329893112, 0.02363387867808342, 0.02339179627597332, 0.016288498416543007]"
blur-strong,ooc,213,701,7,0,0.27182358503341675,"[7, 701, 22, 852, 130]","[0.27182358503341675, 0.13187433779239655, 0.05547334626317024, 0.05269686132669449, 0.03881561756134033]"
blur-strong,ooc,214,405,141,0,0.1559549868106842,"[141, 140, 133, 131, 148]","[0.1559549868106842, 0.09318307042121887, 0.0747268944978714, 0.07147858291864395, 0.06916145980358124]"
blur-strong,ooc,215,832,812,0,0.41592156887054443,"[812, 832, 857, 920, 410]","[0.41592156887054443, 0.3528127074241638, 0.035949572920799255, 0.03442493826150894, 0.018127022311091423]"
blur-strong,ooc,216,475,475,1,0.12064194679260254,"[475, 427, 423, 765, 468]","[0.12064194679260254, 0.07046229392290115, 0.059394195675849915, 0.03747985139489174, 0.02825603447854519]"
blur-strong,ooc,217,22,879,0,0.43292251229286194,"[879, 723, 328, 579, 113]","[0.43292251229286194, 0.03323660418391228, 0.022536879405379295, 0.021344052627682686, 0.015828466042876244]"
blur-strong,ooc,218,724,489,0,0.06050547584891319,"[489, 326, 569, 544, 943]","[0.06050547584891319, 0.05841737613081932, 0.046854544430971146, 0.04114193469285965, 0.038094982504844666]"
blur-strong,ooc,219,871,733,0,0.1417800635099411,"[733, 484, 645, 203, 557]","[0.1417800635099411, 0.1323992908000946, 0.08825667947530746, 0.054494477808475494, 0.05126483738422394]"
blur-strong,ooc,220,807,658,0,0.19130046665668488,"[658, 514, 649, 557, 701]","[0.19130046665668488, 0.09750835597515106, 0.04558632895350456, 0.03754088655114174, 0.03509746491909027]"
blur-strong,ooc,221,805,805,1,0.9033398628234863,"[805, 792, 627, 764, 471]","[0.9033398628234863, 0.011759006418287754, 0.010758161544799805, 0.005299305077642202, 0.0036843717098236084]"
blur-strong,ooc,222,405,437,0,0.125355064868927,"[437, 733, 677, 624, 618]","[0.125355064868927, 0.11828763782978058, 0.06298459321260452, 0.061927031725645065, 0.05743947997689247]"
blur-strong,ooc,223,14,839,0,0.1798206865787506,"[839, 979, 295, 975, 646]","[0.1798206865787506, 0.10291843116283417, 0.035150449723005295, 0.03353266790509224, 0.026937950402498245]"
blur-strong,ooc,224,22,22,1,0.9200889468193054,"[22, 21, 437, 23, 972]","[0.9200889468193054, 0.024072524160146713, 0.012893280014395714, 0.006207366939634085, 0.004883583169430494]"
blur-strong,ooc,225,404,649,0,0.12548458576202393,"[649, 437, 976, 657, 755]","[0.12548458576202393, 0.0958542749285698, 0.09030337631702423, 0.07570146024227142, 0.06381575763225555]"
blur-strong,ooc,226,583,872,0,0.6153364777565002,"[872, 777, 912, 18, 835]","[0.6153364777565002, 0.07692626863718033, 0.036892663687467575, 0.036168403923511505, 0.035589125007390976]"
blur-strong,ooc,227,900,420,0,0.10260332375764847,"[420, 464, 687, 791, 532]","[0.10260332375764847, 0.08787081390619278, 0.06832417845726013, 0.05893811956048012, 0.05568947643041611]"
blur-strong,ooc,228,437,594,0,0.3047386109828949,"[594, 563, 583, 749, 769]","[0.3047386109828949, 0.11610305309295654, 0.10875773429870605, 0.04839405417442322, 0.04334181547164917]"
blur-strong,ooc,229,345,386,0,0.2404039204120636,"[386, 345, 349, 385, 39]","[0.2404039204120636, 0.17615906894207, 0.1416521817445755, 0.11530625820159912, 0.07971575856208801]"
blur-strong,ooc,230,913,428,0,0.15702907741069794,"[428, 136, 133, 738, 525]","[0.15702907741069794, 0.08239863067865372, 0.07431838661432266, 0.04136143624782562, 0.041305042803287506]"
blur-strong,ooc,231,839,839,1,0.7433861494064331,"[839, 580, 900, 904, 780]","[0.7433861494064331, 0.04325025528669357, 0.021380597725510597, 0.01882702298462391, 0.014731151983141899]"
blur-strong,ooc,232,920,449,0,0.08391235768795013,"[449, 99, 291, 425, 280]","[0.08391235768795013, 0.07909049093723297, 0.07224997133016586, 0.06659477204084396, 0.04820303991436958]"
blur-strong,ooc,233,802,85,0,0.06741424649953842,"[85, 104, 235, 208, 305]","[0.06741424649953842, 0.06021832302212715, 0.04690751060843468, 0.04158058762550354, 0.032382041215896606]"
blur-strong,ooc,234,755,755,1,0.48336297273635864,"[755, 807, 835, 915, 141]","[0.48336297273635864, 0.288470983505249, 0.05537908524274826, 0.04824867844581604, 0.018094394356012344]"
blur-strong,ooc,235,93,490,0,0.3105382025241852,"[490, 171, 246, 242, 195]","[0.3105382025241852, 0.12236573547124863, 0.10810412466526031, 0.06794875115156174, 0.06741166859865189]"
blur-strong,ooc,236,821,703,0,0.48236411809921265,"[703, 835, 410, 706, 472]","[0.48236411809921265, 0.16564592719078064, 0.055563174188137054, 0.03829585015773773, 0.027394352480769157]"
blur-strong,ooc,237,437,144,0,0.8177959322929382,"[144, 425, 129, 133, 462]","[0.8177959322929382, 0.02262427844107151, 0.014666364528238773, 0.014523586258292198, 0.01171839702874422]"
blur-strong,ooc,238,649,791,0,0.38340261578559875,"[791, 747, 707, 637, 733]","[0.38340261578559875, 0.2538376748561859, 0.11909767240285873, 0.03352352976799011, 0.02394333854317665]"
blur-strong,ooc,239,682,846,0,0.39062264561653137,"[846, 619, 832, 606, 497]","[0.39062264561653137, 0.2486536204814911, 0.06658393889665604, 0.03345245495438576, 0.03263623267412186]"
blur-strong,ooc,240,900,791,0,0.21151962876319885,"[791, 900, 489, 506, 454]","[0.21151962876319885, 0.17130982875823975, 0.09289993345737457, 0.06281986832618713, 0.05953964591026306]"
blur-strong,ooc,241,557,912,0,0.11382972449064255,"[912, 888, 853, 557, 958]","[0.11382972449064255, 0.09084051847457886, 0.08821677416563034, 0.07400983572006226, 0.061602212488651276]"
blur-strong,ooc,242,812,701,0,0.12366458773612976,"[701, 81, 700, 841, 89]","[0.12366458773612976, 0.03444015234708786, 0.0342882014811039, 0.028257420286536217, 0.02738775685429573]"
blur-strong,ooc,243,988,130,0,0.1827375441789627,"[130, 55, 8, 852, 20]","[0.1827375441789627, 0.09782681614160538, 0.09400568157434464, 0.0777629166841507, 0.06265097111463547]"
blur-strong,ooc,244,322,138,0,0.6135356426239014,"[138, 326, 141, 21, 134]","[0.6135356426239014, 0.22725079953670502, 0.04630514234304428, 0.024912208318710327, 0.01812460646033287]"
blur-strong,ooc,245,131,420,0,0.10570823401212692,"[420, 178, 253, 211, 339]","[0.10570823401212692, 0.06454793363809586, 0.05680321529507637, 0.05506501346826553, 0.04359886795282364]"
blur-strong,ooc,246,309,87,0,0.291752427816391,"[87, 42, 616, 596, 49]","[0.291752427816391, 0.20719027519226074, 0.04891810193657875, 0.04741336777806282, 0.045844875276088715]"
blur-strong,ooc,247,324,611,0,0.29357224702835083,"[611, 39, 797, 132, 489]","[0.29357224702835083, 0.07121305167675018, 0.0463360995054245, 0.04189518839120865, 0.031096454709768295]"
blur-strong,ooc,248,133,791,0,0.10392355918884277,"[791, 420, 39, 491, 870]","[0.10392355918884277, 0.08183616399765015, 0.07464830577373505, 0.07391638308763504, 0.06051335483789444]"
blur-strong,ooc,249,988,855,0,0.8866915106773376,"[855, 363, 988, 767, 563]","[0.8866915106773376, 0.04677647352218628, 0.02363414689898491, 0.0034227115102112293, 0.003378496039658785]"
blur-strong,ooc,250,13,13,1,0.12014570832252502,"[13, 87, 307, 363, 76]","[0.12014570832252502, 0.1061510443687439, 0.09960068762302399, 0.03885764628648758, 0.033471837639808655]"
blur-strong,ooc,251,309,148,0,0.3725239634513855,"[148, 611, 755, 484, 693]","[0.3725239634513855, 0.0764300599694252, 0.06358174979686737, 0.04945635423064232, 0.030013591051101685]"
blur-strong,ooc,252,991,991,1,0.7507456541061401,"[991, 591, 108, 956, 988]","[0.7507456541061401, 0.01902899146080017, 0.01560856495052576, 0.015475515276193619, 0.01382358931005001]"
blur-strong,ooc,253,303,913,0,0.16099098324775696,"[913, 832, 701, 417, 540]","[0.16099098324775696, 0.11289697885513306, 0.1100597158074379, 0.07177496701478958, 0.06726390868425369]"
blur-strong,ooc,254,309,799,0,0.200686514377594,"[799, 765, 687, 562, 453]","[0.200686514377594, 0.08284495025873184, 0.05332375690340996, 0.049515899270772934, 0.048829466104507446]"
blur-strong,ooc,255,324,324,1,0.9995009899139404,"[324, 326, 318, 325, 545]","[0.9995009899139404, 0.00023178666015155613, 0.0001104730399674736, 2.8634050977416337e-05, 1.768070796970278e-05]"
blur-strong,ooc,256,303,306,0,0.1225477010011673,"[306, 302, 304, 541, 314]","[0.1225477010011673, 0.11508931964635849, 0.1004507765173912, 0.08613480627536774, 0.06969451904296875]"
blur-strong,ooc,257,323,37,0,0.23621204495429993,"[37, 30, 917, 123, 118]","[0.23621204495429993, 0.11119890958070755, 0.06424477696418762, 0.049899209290742874, 0.042452555149793625]"
blur-strong,ooc,258,989,31,0,0.6529740691184998,"[31, 301, 679, 948, 711]","[0.6529740691184998, 0.12256050854921341, 0.05650138482451439, 0.014256497845053673, 0.010094122029840946]"
blur-strong,ooc,259,324,279,0,0.12668457627296448,"[279, 913, 144, 127, 81]","[0.12668457627296448, 0.08140593767166138, 0.06132578104734421, 0.0461338572204113, 0.04047679156064987]"
blur-strong,ooc,260,989,130,0,0.1730649769306183,"[130, 730, 816, 989, 947]","[0.1730649769306183, 0.1470058560371399, 0.0810600221157074, 0.04210412874817848, 0.0391552671790123]"
blur-strong,ooc,261,323,671,0,0.6669861078262329,"[671, 323, 444, 872, 701]","[0.6669861078262329, 0.12132120877504349, 0.09452902525663376, 0.08420088142156601, 0.006440171506255865]"
blur-strong,ooc,262,78,12,0,0.25913965702056885,"[12, 119, 122, 15, 124]","[0.25913965702056885, 0.23956789076328278, 0.11800353974103928, 0.07825762033462524, 0.05623079463839531]"
blur-strong,ooc,263,945,701,0,0.9262456893920898,"[701, 6, 81, 700, 895]","[0.9262456893920898, 0.026259485632181168, 0.008259644731879234, 0.0036215113941580057, 0.003536876756697893]"
blur-strong,ooc,264,303,286,0,0.0832405686378479,"[286, 500, 81, 17, 307]","[0.0832405686378479, 0.08239657431840897, 0.06269991397857666, 0.045107439160346985, 0.029164312407374382]"
blur-strong,ooc,265,78,545,0,0.5632468461990356,"[545, 420, 917, 603, 490]","[0.5632468461990356, 0.03882757946848869, 0.034970473498106, 0.032473135739564896, 0.029769115149974823]"
blur-strong,ooc,266,323,323,1,0.9928100109100342,"[323, 701, 417, 321, 879]","[0.9928100109100342, 0.004190448671579361, 0.002195733366534114, 0.00018563508638180792, 0.0001371648977510631]"
blur-strong,ooc,267,309,765,0,0.19749800860881805,"[765, 203, 832, 562, 882]","[0.19749800860881805, 0.09084687381982803, 0.048911724239587784, 0.04212704300880432, 0.0406358577311039]"
blur-strong,ooc,268,77,425,0,0.32731950283050537,"[425, 354, 730, 9, 48]","[0.32731950283050537, 0.06644289195537567, 0.06188741698861122, 0.06011655181646347, 0.037569135427474976]"
blur-strong,ooc,269,945,529,0,0.5104972124099731,"[529, 929, 680, 845, 584]","[0.5104972124099731, 0.07445176690816879, 0.061231955885887146, 0.04608165845274925, 0.027908308431506157]"
blur-strong,ooc,270,322,391,0,0.1463908851146698,"[391, 621, 625, 184, 492]","[0.1463908851146698, 0.13198892772197723, 0.0509779192507267, 0.035073887556791306, 0.03251146152615547]"
blur-strong,ooc,271,27,40,0,0.6002963185310364,"[40, 721, 46, 434, 588]","[0.6002963185310364, 0.1175229474902153, 0.09139098972082138, 0.03439893200993538, 0.008919804356992245]"
blur-strong,ooc,272,321,321,1,0.9978565573692322,"[321, 325, 322, 25, 994]","[0.9978565573692322, 0.0009325741557404399, 0.0004648247850127518, 0.00017523234419059008, 6.636483885813504e-05]"
blur-strong,ooc,273,323,323,1,0.9683796167373657,"[323, 321, 311, 312, 304]","[0.9683796167373657, 0.009366569109261036, 0.002737724920734763, 0.002353981602936983, 0.0022012824192643166]"
blur-strong,ooc,274,937,519,0,0.5664341449737549,"[519, 594, 831, 492, 597]","[0.5664341449737549, 0.06334744393825531, 0.057625118643045425, 0.042970627546310425, 0.03204391524195671]"
blur-strong,ooc,275,73,896,0,0.11981230974197388,"[896, 458, 706, 500, 576]","[0.11981230974197388, 0.050493109971284866, 0.03920666500926018, 0.031066766008734703, 0.03103841282427311]"
blur-strong,ooc,276,322,322,1,0.3528836965560913,"[322, 325, 133, 86, 474]","[0.3528836965560913, 0.19224031269550323, 0.08816247433423996, 0.06039189547300339, 0.013298969715833664]"
blur-strong,ooc,277,40,14,0,0.20454944670200348,"[14, 944, 909, 989, 924]","[0.20454944670200348, 0.11862519383430481, 0.11569064110517502, 0.0704372301697731, 0.05576615780591965]"
blur-strong,ooc,278,31,815,0,0.08560942113399506,"[815, 274, 472, 979, 90]","[0.08560942113399506, 0.06731605529785156, 0.06287088990211487, 0.04987437650561333, 0.03744231164455414]"
blur-strong,ooc,279,321,321,1,0.4841988682746887,"[321, 802, 803, 537, 491]","[0.4841988682746887, 0.3479686677455902, 0.0631636306643486, 0.02456025779247284, 0.009631088003516197]"
blur-strong,ooc,280,58,701,0,0.2569425702095032,"[701, 107, 801, 488, 417]","[0.2569425702095032, 0.24601881206035614, 0.1141570657491684, 0.0444478876888752, 0.028437873348593712]"
blur-strong,ooc,281,309,91,0,0.13717880845069885,"[91, 85, 309, 13, 308]","[0.13717880845069885, 0.10712522268295288, 0.06778252124786377, 0.06438430398702621, 0.06403221189975739]"
blur-strong,ooc,282,303,580,0,0.4021482467651367,"[580, 839, 879, 449, 915]","[0.4021482467651367, 0.10932070016860962, 0.07140113413333893, 0.039602432399988174, 0.03169829398393631]"
blur-strong,ooc,283,325,955,0,0.15484865009784698,"[955, 43, 835, 39, 40]","[0.15484865009784698, 0.11746519804000854, 0.08134140074253082, 0.055520135909318924, 0.0402308851480484]"
blur-strong,ooc,284,323,323,1,0.9924214482307434,"[323, 444, 559, 661, 830]","[0.9924214482307434, 0.006046121008694172, 0.00016048112593125552, 0.00012779622920788825, 0.00010853187995962799]"
blur-strong,ooc,285,304,428,0,0.1427125185728073,"[428, 491, 843, 671, 730]","[0.1427125185728073, 0.14067158102989197, 0.050228673964738846, 0.04095088690519333, 0.0290942694991827]"
blur-strong,ooc,286,18,18,1,0.802920401096344,"[18, 13, 93, 379, 39]","[0.802920401096344, 0.06282029300928116, 0.03425706923007965, 0.009046635590493679, 0.008626664057374]"
blur-strong,ooc,287,178,178,1,0.7367780804634094,"[178, 208, 176, 159, 209]","[0.7367780804634094, 0.14300675690174103, 0.021440165117383003, 0.013412627391517162, 0.012265641242265701]"
blur-strong,ooc,288,83,490,0,0.9309954643249512,"[490, 735, 638, 508, 828]","[0.9309954643249512, 0.014021648094058037, 0.006910670083016157, 0.004519718699157238, 0.0038737296126782894]"
blur-strong,ooc,289,362,133,0,0.24115607142448425,"[133, 136, 135, 360, 337]","[0.24115607142448425, 0.11543472111225128, 0.08703495562076569, 0.07743256539106369, 0.06762779504060745]"
blur-strong,ooc,290,272,350,0,0.19714829325675964,"[350, 342, 343, 349, 354]","[0.19714829325675964, 0.06580135226249695, 0.04735545068979263, 0.03971598669886589, 0.03551873937249184]"
blur-strong,ooc,291,102,873,0,0.2800207734107971,"[873, 663, 427, 743, 23]","[0.2800207734107971, 0.08097482472658157, 0.07487832754850388, 0.05876034125685692, 0.05184667184948921]"
blur-strong,ooc,292,423,958,0,0.8057471513748169,"[958, 595, 410, 858, 649]","[0.8057471513748169, 0.030988289043307304, 0.02569330856204033, 0.025381164625287056, 0.02105896733701229]"
blur-strong,ooc,293,543,799,0,0.19842366874217987,"[799, 571, 385, 386, 634]","[0.19842366874217987, 0.1528465300798416, 0.07787348330020905, 0.04673260450363159, 0.03521168977022171]"
blur-strong,ooc,294,277,286,0,0.11375448852777481,"[286, 296, 382, 185, 247]","[0.11375448852777481, 0.11220534145832062, 0.0781598761677742, 0.06786490976810455, 0.05869114026427269]"
blur-strong,ooc,295,428,536,0,0.3461267054080963,"[536, 449, 428, 525, 780]","[0.3461267054080963, 0.14745330810546875, 0.1256861835718155, 0.07113850861787796, 0.039998047053813934]"
blur-strong,ooc,296,134,788,0,0.08601641654968262,"[788, 516, 791, 429, 828]","[0.08601641654968262, 0.07288633286952972, 0.0456298366189003, 0.03268703073263168, 0.030019139871001244]"
blur-strong,ooc,297,298,377,0,0.11395888030529022,"[377, 354, 556, 385, 766]","[0.11395888030529022, 0.05151432752609253, 0.05130903795361519, 0.03794514387845993, 0.03718503564596176]"
blur-strong,ooc,298,170,360,0,0.23022639751434326,"[360, 286, 373, 371, 296]","[0.23022639751434326, 0.1217837780714035, 0.09278623759746552, 0.0762077122926712, 0.05939168110489845]"
blur-strong,ooc,299,363,145,0,0.17982284724712372,"[145, 182, 202, 955, 588]","[0.17982284724712372, 0.08954957872629166, 0.07495681196451187, 0.058391015976667404, 0.05427873134613037]"
blur-strong,ooc,300,356,8,0,0.14880497753620148,"[8, 263, 191, 202, 186]","[0.14880497753620148, 0.14622940123081207, 0.08211453258991241, 0.07159166038036346, 0.05986906215548515]"
blur-strong,ooc,301,161,172,0,0.21998009085655212,"[172, 161, 167, 247, 264]","[0.21998009085655212, 0.11906905472278595, 0.10102503001689911, 0.08078242093324661, 0.06212484464049339]"
blur-strong,ooc,302,254,254,1,0.20743294060230255,"[254, 309, 10, 316, 185]","[0.20743294060230255, 0.13445013761520386, 0.06564247608184814, 0.04849380627274513, 0.04203963652253151]"
blur-strong,ooc,303,145,145,1,0.9993785619735718,"[145, 85, 16, 15, 370]","[0.9993785619735718, 0.00019881971820723265, 0.0001684887829469517, 2.5355364414281212e-05, 2.3228813006426208e-05]"
blur-strong,ooc,304,171,745,0,0.07006124407052994,"[745, 744, 414, 16, 405]","[0.07006124407052994, 0.057214803993701935, 0.054488979279994965, 0.036556780338287354, 0.034450314939022064]"
blur-strong,ooc,305,299,336,0,0.13729716837406158,"[336, 331, 86, 278, 335]","[0.13729716837406158, 0.1158420667052269, 0.10701028257608414, 0.07191068679094315, 0.03889889642596245]"
blur-strong,ooc,306,251,251,1,0.6626226305961609,"[251, 289, 849, 212, 257]","[0.6626226305961609, 0.3102242946624756, 0.01108629535883665, 0.006643278524279594, 0.0024069470819085836]"
blur-strong,ooc,307,292,292,1,0.3571372628211975,"[292, 37, 917, 282, 30]","[0.3571372628211975, 0.091518335044384, 0.07168964296579361, 0.05476026237010956, 0.028555890545248985]"
blur-strong,ooc,308,77,307,0,0.6738503575325012,"[307, 311, 303, 77, 76]","[0.6738503575325012, 0.0961465835571289, 0.0483936108648777, 0.04227447882294655, 0.03510795533657074]"
blur-strong,ooc,309,305,879,0,0.2572745680809021,"[879, 85, 87, 348, 99]","[0.2572745680809021, 0.09159944206476212, 0.08971960842609406, 0.07956923544406891, 0.05090828612446785]"
blur-strong,ooc,310,299,99,0,0.095857173204422,"[99, 727, 131, 360, 144]","[0.095857173204422, 0.059134598821401596, 0.0533362478017807, 0.05299689248204231, 0.04210664704442024]"
blur-strong,ooc,311,83,85,0,0.1827261745929718,"[85, 34, 394, 43, 39]","[0.1827261745929718, 0.05082464963197708, 0.04961615055799484, 0.04388846457004547, 0.042184993624687195]"
blur-strong,ooc,312,362,147,0,0.6660096049308777,"[147, 360, 148, 294, 34]","[0.6660096049308777, 0.08627878874540329, 0.046647630631923676, 0.020101873204112053, 0.020080795511603355]"
blur-strong,ooc,313,85,224,0,0.14930672943592072,"[224, 99, 85, 340, 360]","[0.14930672943592072, 0.12603344023227692, 0.12112151831388474, 0.10430100560188293, 0.09243801981210709]"
blur-strong,ooc,314,203,203,1,0.7658128142356873,"[203, 173, 215, 380, 258]","[0.7658128142356873, 0.08828218281269073, 0.03266702964901924, 0.01584567315876484, 0.008944842964410782]"
blur-strong,ooc,315,79,81,0,0.7533952593803406,"[81, 85, 144, 131, 134]","[0.7533952593803406, 0.03308004140853882, 0.032492510974407196, 0.024341287091374397, 0.022945713251829147]"
blur-strong,ooc,316,71,282,0,0.20608094334602356,"[282, 291, 184, 39, 645]","[0.20608094334602356, 0.06876839697360992, 0.05948852747678757, 0.043558090925216675, 0.03495579585433006]"
blur-strong,ooc,317,298,6,0,0.63531893491745,"[6, 397, 5, 110, 390]","[0.63531893491745, 0.08946672827005386, 0.04987267777323723, 0.028685444965958595, 0.024688247591257095]"
blur-strong,ooc,318,336,299,0,0.6803496479988098,"[299, 298, 219, 336, 193]","[0.6803496479988098, 0.07684162259101868, 0.042257390916347504, 0.028873980045318604, 0.02398526668548584]"
blur-strong,ooc,319,425,462,0,0.3553018271923065,"[462, 791, 427, 539, 669]","[0.3553018271923065, 0.09774892032146454, 0.08618302643299103, 0.025538146495819092, 0.022408828139305115]"
blur-strong,ooc,320,137,305,0,0.2164239138364792,"[305, 136, 295, 13, 297]","[0.2164239138364792, 0.15527671575546265, 0.0823667049407959, 0.06772257387638092, 0.04293319210410118]"
blur-strong,ooc,321,372,309,0,0.9425157904624939,"[309, 946, 323, 562, 824]","[0.9425157904624939, 0.01919132098555565, 0.00813376996666193, 0.005503331311047077, 0.004034464247524738]"
blur-strong,ooc,322,958,669,0,0.18163210153579712,"[669, 532, 876, 659, 896]","[0.18163210153579712, 0.12800967693328857, 0.110138438642025, 0.09211322665214539, 0.05835624039173126]"
blur-strong,ooc,323,232,978,0,0.3154892921447754,"[978, 460, 839, 976, 977]","[0.3154892921447754, 0.19649985432624817, 0.14810805022716522, 0.040357448160648346, 0.03756919875741005]"
blur-strong,ooc,324,279,245,0,0.47081321477890015,"[245, 173, 338, 151, 266]","[0.47081321477890015, 0.0980037972331047, 0.068999283015728, 0.050905756652355194, 0.034679900854825974]"
blur-strong,ooc,325,146,122,0,0.24102120101451874,"[122, 910, 215, 420, 161]","[0.24102120101451874, 0.05228041857481003, 0.04354105144739151, 0.035661667585372925, 0.034780628979206085]"
blur-strong,ooc,326,352,378,0,0.06856432557106018,"[378, 381, 939, 135, 316]","[0.06856432557106018, 0.06821863353252411, 0.06602393835783005, 0.05685234069824219, 0.05224597081542015]"
blur-strong,ooc,327,958,733,0,0.12228576838970184,"[733, 402, 731, 420, 462]","[0.12228576838970184, 0.08350521326065063, 0.0656900480389595, 0.05321741849184036, 0.04386214539408684]"
blur-strong,ooc,328,958,748,0,0.08430149406194687,"[748, 489, 471, 580, 559]","[0.08430149406194687, 0.04673128202557564, 0.04564089700579643, 0.038288068026304245, 0.029884925112128258]"
blur-strong,ooc,329,275,143,0,0.08053095638751984,"[143, 492, 611, 752, 558]","[0.08053095638751984, 0.0744364932179451, 0.06019434332847595, 0.05981648340821266, 0.0521048903465271]"
blur-strong,ooc,330,888,558,0,0.17586763203144073,"[558, 699, 476, 467, 917]","[0.17586763203144073, 0.14835336804389954, 0.13207323849201202, 0.09061752259731293, 0.0277586467564106]"
blur-strong,ooc,331,352,673,0,0.12152405083179474,"[673, 40, 812, 909, 774]","[0.12152405083179474, 0.06657888740301132, 0.06057043746113777, 0.04925168305635452, 0.03834763169288635]"
blur-strong,ooc,332,85,84,0,0.429566890001297,"[84, 85, 346, 99, 293]","[0.429566890001297, 0.20416542887687683, 0.031073298305273056, 0.02323729544878006, 0.020097915083169937]"
blur-strong,ooc,333,9,828,0,0.10179675370454788,"[828, 567, 544, 715, 774]","[0.10179675370454788, 0.06096623092889786, 0.059087254106998444, 0.05111467465758324, 0.03930223360657692]"
blur-strong,ooc,334,199,9,0,0.18963775038719177,"[9, 439, 972, 256, 913]","[0.18963775038719177, 0.05790335685014725, 0.05019275099039078, 0.04566172882914543, 0.03292664512991905]"
blur-strong,ooc,335,522,49,0,0.10784055292606354,"[49, 293, 66, 58, 133]","[0.10784055292606354, 0.0709196999669075, 0.06275531649589539, 0.056632887572050095, 0.04434477165341377]"
blur-strong,ooc,336,340,133,0,0.11886926740407944,"[133, 432, 887, 594, 792]","[0.11886926740407944, 0.07013560831546783, 0.05291292071342468, 0.042193904519081116, 0.0420134998857975]"
blur-strong,ooc,337,9,360,0,0.3276320993900299,"[360, 385, 101, 343, 690]","[0.3276320993900299, 0.0647699311375618, 0.05397484079003334, 0.03320622444152832, 0.03245222568511963]"
blur-strong,ooc,338,386,358,0,0.26475855708122253,"[358, 178, 208, 278, 343]","[0.26475855708122253, 0.0928574800491333, 0.08838057518005371, 0.0690590888261795, 0.04853814095258713]"
blur-strong,ooc,339,274,184,0,0.4414186477661133,"[184, 824, 213, 253, 168]","[0.4414186477661133, 0.10624360293149948, 0.07165256142616272, 0.05399790778756142, 0.03791448473930359]"
blur-strong,ooc,340,274,385,0,0.8063057065010071,"[385, 346, 101, 372, 51]","[0.8063057065010071, 0.03428768739104271, 0.020050304010510445, 0.019717665389180183, 0.01634000428020954]"
blur-strong,ooc,341,254,254,1,0.2612155079841614,"[254, 208, 151, 246, 179]","[0.2612155079841614, 0.24407432973384857, 0.0417020320892334, 0.031464237719774246, 0.028522226959466934]"
blur-strong,ooc,342,185,344,0,0.16360612213611603,"[344, 186, 175, 343, 371]","[0.16360612213611603, 0.06671947240829468, 0.04604519158601761, 0.035855721682310104, 0.032046347856521606]"
blur-strong,ooc,343,169,356,0,0.10535955429077148,"[356, 358, 719, 12, 16]","[0.10535955429077148, 0.09486497938632965, 0.071937695145607, 0.03707127273082733, 0.026209663599729538]"
blur-strong,ooc,344,193,186,0,0.4001927673816681,"[186, 185, 192, 175, 182]","[0.4001927673816681, 0.2400963306427002, 0.13421139121055603, 0.030518298968672752, 0.03018387220799923]"
blur-strong,ooc,345,355,505,0,0.18259736895561218,"[505, 562, 760, 696, 846]","[0.18259736895561218, 0.09871134161949158, 0.036908961832523346, 0.034721698611974716, 0.02943320758640766]"
blur-strong,ooc,346,83,490,0,0.29188272356987,"[490, 397, 464, 457, 83]","[0.29188272356987, 0.13144822418689728, 0.08700534701347351, 0.04657842963933945, 0.038398463279008865]"
blur-strong,ooc,347,355,355,1,0.2621360421180725,"[355, 217, 382, 348, 151]","[0.2621360421180725, 0.1111878976225853, 0.08923545479774475, 0.0773584172129631, 0.04009530320763588]"
blur-strong,ooc,348,172,370,0,0.14697997272014618,"[370, 910, 816, 828, 911]","[0.14697997272014618, 0.062280185520648956, 0.057740550488233566, 0.031329672783613205, 0.026489099487662315]"
blur-strong,ooc,349,958,939,0,0.09294604510068893,"[939, 958, 974, 471, 562]","[0.09294604510068893, 0.060428015887737274, 0.05528406426310539, 0.055137839168310165, 0.052499089390039444]"
blur-strong,ooc,350,425,791,0,0.22643272578716278,"[791, 803, 792, 410, 716]","[0.22643272578716278, 0.14708846807479858, 0.0688076838850975, 0.05373029783368111, 0.03241150453686714]"
blur-strong,ooc,351,958,958,1,0.44745582342147827,"[958, 78, 588, 430, 631]","[0.44745582342147827, 0.04830494895577431, 0.040549032390117645, 0.039759475737810135, 0.030892062932252884]"
blur-strong,ooc,352,425,857,0,0.2086932510137558,"[857, 559, 401, 420, 822]","[0.2086932510137558, 0.12610965967178345, 0.1217360720038414, 0.041665270924568176, 0.039837099611759186]"
blur-strong,ooc,353,681,672,0,0.13661232590675354,"[672, 176, 8, 144, 34]","[0.13661232590675354, 0.10568025708198547, 0.06522735208272934, 0.03938427194952965, 0.03837423026561737]"
blur-strong,ooc,354,755,985,0,0.9076477885246277,"[985, 309, 325, 879, 986]","[0.9076477885246277, 0.0635930672287941, 0.01331621129065752, 0.005925199948251247, 0.0014541585696861148]"
blur-strong,ooc,355,251,791,0,0.17810264229774475,"[791, 880, 975, 718, 472]","[0.17810264229774475, 0.06426975131034851, 0.05271848663687706, 0.051337555050849915, 0.03950021415948868]"
blur-strong,ooc,356,209,278,0,0.2010888159275055,"[278, 255, 184, 277, 349]","[0.2010888159275055, 0.14952817559242249, 0.10033277422189713, 0.058731015771627426, 0.04325217008590698]"
blur-strong,ooc,357,872,87,0,0.13566696643829346,"[87, 457, 774, 787, 808]","[0.13566696643829346, 0.05291514843702316, 0.03906156122684479, 0.03261503577232361, 0.02702803537249565]"
blur-strong,ooc,358,177,350,0,0.08928246796131134,"[350, 195, 853, 178, 232]","[0.08928246796131134, 0.08385848253965378, 0.07311505079269409, 0.04259105771780014, 0.03949545696377754]"
blur-strong,ooc,359,172,129,0,0.7015580534934998,"[129, 354, 140, 134, 141]","[0.7015580534934998, 0.0735088661313057, 0.07108679413795471, 0.02185443602502346, 0.01620906963944435]"
blur-strong,ooc,360,425,448,0,0.0774327963590622,"[448, 636, 657, 471, 630]","[0.0774327963590622, 0.05044468119740486, 0.04933667182922363, 0.04540504142642021, 0.03182533383369446]"
blur-strong,ooc,361,191,182,0,0.17540305852890015,"[182, 377, 191, 380, 192]","[0.17540305852890015, 0.0895925834774971, 0.06901148706674576, 0.06478875130414963, 0.05985589325428009]"
blur-strong,ooc,362,23,86,0,0.14944331347942352,"[86, 39, 131, 114, 91]","[0.14944331347942352, 0.08459755778312683, 0.07657600194215775, 0.04507624730467796, 0.03931911289691925]"
blur-strong,ooc,363,353,209,0,0.2899448871612549,"[209, 253, 242, 211, 180]","[0.2899448871612549, 0.1391552984714508, 0.06495516747236252, 0.06391539424657822, 0.03489585220813751]"
blur-strong,ooc,364,209,929,0,0.1022053137421608,"[929, 240, 234, 217, 684]","[0.1022053137421608, 0.08158012479543686, 0.05420049652457237, 0.04838920384645462, 0.047156043350696564]"
blur-strong,ooc,365,352,929,0,0.1701831817626953,"[929, 415, 955, 850, 863]","[0.1701831817626953, 0.13097992539405823, 0.10069624334573746, 0.07750711590051651, 0.06994201987981796]"
blur-strong,ooc,366,690,30,0,0.16348671913146973,"[30, 323, 917, 304, 7]","[0.16348671913146973, 0.1526259332895279, 0.065872423350811, 0.06541243195533752, 0.043856896460056305]"
blur-strong,ooc,367,348,580,0,0.38290801644325256,"[580, 853, 706, 668, 498]","[0.38290801644325256, 0.3750852942466736, 0.05374645069241524, 0.013759675435721874, 0.012336174957454205]"
blur-strong,ooc,368,336,672,0,0.2534830570220947,"[672, 831, 84, 879, 158]","[0.2534830570220947, 0.06296972930431366, 0.051704153418540955, 0.04939567297697067, 0.03211886063218117]"
blur-strong,ooc,369,574,992,0,0.10164347290992737,"[992, 994, 997, 947, 852]","[0.10164347290992737, 0.09350859373807907, 0.045642219483852386, 0.04075074568390846, 0.037403423339128494]"
blur-strong,ooc,370,172,17,0,0.14783789217472076,"[17, 131, 136, 367, 370]","[0.14783789217472076, 0.14743688702583313, 0.1191684752702713, 0.06937439739704132, 0.0627506822347641]"
blur-strong,ooc,371,428,141,0,0.2759857773780823,"[141, 47, 142, 428, 134]","[0.2759857773780823, 0.1387154906988144, 0.09163559228181839, 0.04160686954855919, 0.04047629237174988]"
blur-strong,ooc,372,277,651,0,0.4429735541343689,"[651, 593, 786, 851, 782]","[0.4429735541343689, 0.053465813398361206, 0.043929602950811386, 0.0382312536239624, 0.03771086037158966]"
blur-strong,ooc,373,209,170,0,0.4868859052658081,"[170, 172, 226, 182, 230]","[0.4868859052658081, 0.07878538221120834, 0.040137723088264465, 0.03154071420431137, 0.02096748724579811]"
blur-strong,ooc,374,575,575,1,0.5040192604064941,"[575, 621, 864, 843, 428]","[0.5040192604064941, 0.4689202606678009, 0.004038726910948753, 0.002903066109865904, 0.0028966665267944336]"
blur-strong,ooc,375,958,39,0,0.20889395475387573,"[39, 390, 335, 955, 973]","[0.20889395475387573, 0.10719089955091476, 0.05729488655924797, 0.04106193035840988, 0.03631575033068657]"
blur-strong,ooc,376,340,340,1,0.381136029958725,"[340, 307, 308, 701, 309]","[0.381136029958725, 0.2528142035007477, 0.06617323309183121, 0.04244953393936157, 0.03907599672675133]"
blur-strong,ooc,377,191,701,0,0.12607267498970032,"[701, 795, 803, 319, 802]","[0.12607267498970032, 0.06960442662239075, 0.03646661341190338, 0.03200072422623634, 0.02145039662718773]"
blur-strong,ooc,378,232,232,1,0.4964763820171356,"[232, 231, 240, 155, 217]","[0.4964763820171356, 0.12801839411258698, 0.05545605346560478, 0.05171670764684677, 0.04727822169661522]"
blur-strong,ooc,379,352,701,0,0.19422221183776855,"[701, 354, 538, 668, 417]","[0.19422221183776855, 0.1228562667965889, 0.05040306597948074, 0.04991467297077179, 0.04965662583708763]"
blur-strong,ooc,380,373,372,0,0.22569625079631805,"[372, 360, 277, 225, 278]","[0.22569625079631805, 0.0898687094449997, 0.05816398933529854, 0.05731091648340225, 0.04052659124135971]"
blur-strong,ooc,381,353,92,0,0.6125296950340271,"[92, 91, 128, 21, 114]","[0.6125296950340271, 0.07644075900316238, 0.060329873114824295, 0.025181297212839127, 0.022629551589488983]"
blur-strong,ooc,382,888,319,0,0.3965440094470978,"[319, 64, 988, 320, 40]","[0.3965440094470978, 0.14070743322372437, 0.09115520864725113, 0.08803819864988327, 0.04520978406071663]"
blur-strong,ooc,383,286,853,0,0.782243549823761,"[853, 884, 741, 352, 87]","[0.782243549823761, 0.035881634801626205, 0.034437958151102066, 0.02138678729534149, 0.013637196272611618]"
blur-strong,ooc,384,299,299,1,0.16864770650863647,"[299, 269, 382, 371, 383]","[0.16864770650863647, 0.10861603915691376, 0.08565180003643036, 0.07655040174722672, 0.07548494637012482]"
blur-strong,ooc,385,350,614,0,0.12796218693256378,"[614, 39, 51, 112, 956]","[0.12796218693256378, 0.11700528115034103, 0.07973460853099823, 0.07078006863594055, 0.044850483536720276]"
blur-strong,ooc,386,143,143,1,0.4445236623287201,"[143, 146, 980, 144, 2]","[0.4445236623287201, 0.2646026611328125, 0.10877534747123718, 0.014979484491050243, 0.014275132678449154]"
blur-strong,ooc,387,336,431,0,0.12923184037208557,"[431, 39, 669, 876, 766]","[0.12923184037208557, 0.08028626441955566, 0.03756048530340195, 0.03268330916762352, 0.028184864670038223]"
blur-strong,ooc,388,353,428,0,0.2073376625776291,"[428, 444, 792, 491, 612]","[0.2073376625776291, 0.16566018760204315, 0.09555644541978836, 0.04666995257139206, 0.036632608622312546]"
blur-strong,ooc,389,305,820,0,0.7316785454750061,"[820, 547, 839, 705, 565]","[0.7316785454750061, 0.13490284979343414, 0.03308166190981865, 0.02757020853459835, 0.009323915466666222]"
blur-strong,ooc,390,349,348,0,0.5695856213569641,"[348, 48, 349, 286, 267]","[0.5695856213569641, 0.11663203686475754, 0.06291227042675018, 0.02675549127161503, 0.021544409915804863]"
blur-strong,ooc,391,11,115,0,0.13669177889823914,"[115, 962, 110, 27, 329]","[0.13669177889823914, 0.10508810728788376, 0.06759606301784515, 0.06117868050932884, 0.042934905737638474]"
blur-strong,ooc,392,26,958,0,0.5619835257530212,"[958, 354, 425, 649, 853]","[0.5619835257530212, 0.1051325649023056, 0.04840682074427605, 0.03840522840619087, 0.019075985997915268]"
blur-strong,ooc,393,336,492,0,0.10955943167209625,"[492, 840, 611, 790, 755]","[0.10955943167209625, 0.06705375760793686, 0.04270622506737709, 0.03983447700738907, 0.03563671186566353]"
blur-strong,ooc,394,79,46,0,0.2539612054824829,"[46, 425, 40, 395, 448]","[0.2539612054824829, 0.1732083112001419, 0.13415808975696564, 0.06689739972352982, 0.04873288795351982]"
blur-strong,ooc,395,63,50,0,0.46222376823425293,"[50, 471, 226, 197, 150]","[0.46222376823425293, 0.05052058398723602, 0.03811023011803627, 0.03480777516961098, 0.022298410534858704]"
blur-strong,ooc,396,349,45,0,0.10103252530097961,"[45, 305, 310, 319, 308]","[0.10103252530097961, 0.07469690591096878, 0.05008446052670479, 0.04931582883000374, 0.044028159230947495]"
blur-strong,ooc,397,17,871,0,0.23643215000629425,"[871, 484, 562, 148, 814]","[0.23643215000629425, 0.10149385780096054, 0.08753431588411331, 0.0746755376458168, 0.055404093116521835]"
blur-strong,ooc,398,354,48,0,0.24840384721755981,"[48, 39, 47, 49, 50]","[0.24840384721755981, 0.1940467357635498, 0.09311138838529587, 0.03754642233252525, 0.03691686689853668]"
blur-strong,ooc,399,172,182,0,0.052753616124391556,"[182, 172, 159, 271, 180]","[0.052753616124391556, 0.04797237366437912, 0.040234580636024475, 0.036108411848545074, 0.033786341547966]"
blur-strong,ooc,400,390,39,0,0.09215299040079117,"[39, 390, 40, 52, 55]","[0.09215299040079117, 0.0891287550330162, 0.08157959580421448, 0.06586379557847977, 0.052109312266111374]"
blur-strong,ooc,401,42,9,0,0.0920218750834465,"[9, 703, 134, 912, 765]","[0.0920218750834465, 0.08759301900863647, 0.08487386256456375, 0.06541790068149567, 0.05199278146028519]"
blur-strong,ooc,402,251,992,0,0.1791035383939743,"[992, 947, 991, 994, 985]","[0.1791035383939743, 0.15456190705299377, 0.11659291386604309, 0.08186612278223038, 0.07583446055650711]"
blur-strong,ooc,403,13,157,0,0.10866430401802063,"[157, 562, 915, 474, 160]","[0.10866430401802063, 0.0883457362651825, 0.07460963726043701, 0.06968483328819275, 0.06023816391825676]"
blur-strong,ooc,404,139,139,1,0.8052391409873962,"[139, 976, 81, 23, 972]","[0.8052391409873962, 0.07620801776647568, 0.02903936803340912, 0.013184508308768272, 0.008064810186624527]"
blur-strong,ooc,405,336,370,0,0.2991620600223541,"[370, 101, 360, 344, 372]","[0.2991620600223541, 0.1498303860425949, 0.05336230620741844, 0.05278449505567551, 0.0444926843047142]"
blur-strong,ooc,406,277,935,0,0.3145703077316284,"[935, 309, 938, 850, 324]","[0.3145703077316284, 0.26939156651496887, 0.09787198156118393, 0.041369110345840454, 0.027592796832323074]"
blur-strong,ooc,407,375,717,0,0.12581145763397217,"[717, 661, 480, 707, 860]","[0.12581145763397217, 0.11532651633024216, 0.07041671872138977, 0.05188634619116783, 0.048690859228372574]"
blur-strong,ooc,408,26,46,0,0.10295765846967697,"[46, 54, 44, 59, 994]","[0.10295765846967697, 0.08621735125780106, 0.06112530454993248, 0.052350327372550964, 0.04739519581198692]"
blur-strong,ooc,409,295,39,0,0.15861617028713226,"[39, 490, 735, 370, 224]","[0.15861617028713226, 0.05815768614411354, 0.05534181371331215, 0.048069607466459274, 0.041897039860486984]"
blur-strong,ooc,410,674,835,0,0.08583615720272064,"[835, 814, 703, 770, 755]","[0.08583615720272064, 0.0850800946354866, 0.0527920238673687, 0.0410633310675621, 0.04041359946131706]"
blur-strong,ooc,411,57,140,0,0.16812273859977722,"[140, 65, 141, 50, 58]","[0.16812273859977722, 0.11571856588125229, 0.08899271488189697, 0.06919261068105698, 0.06170203536748886]"
blur-strong,ooc,412,59,141,0,0.12800940871238708,"[141, 139, 143, 132, 50]","[0.12800940871238708, 0.09092067927122116, 0.07308895140886307, 0.0723104178905487, 0.06759840995073318]"
blur-strong,ooc,413,357,171,0,0.49743539094924927,"[171, 237, 234, 180, 249]","[0.49743539094924927, 0.14571155607700348, 0.03861995413899422, 0.037646759301424026, 0.028956061229109764]"
blur-strong,ooc,414,336,429,0,0.11814840883016586,"[429, 159, 170, 225, 981]","[0.11814840883016586, 0.1100861057639122, 0.06617678701877594, 0.05090434476733208, 0.04213366657495499]"
blur-strong,ooc,415,86,430,0,0.8301180005073547,"[430, 981, 768, 805, 429]","[0.8301180005073547, 0.03559507057070732, 0.02718212455511093, 0.015584020875394344, 0.012196172960102558]"
blur-strong,ooc,416,62,381,0,0.3368930220603943,"[381, 955, 365, 375, 939]","[0.3368930220603943, 0.2008434683084488, 0.10161986947059631, 0.060718778520822525, 0.02694340981543064]"
blur-strong,ooc,417,677,624,0,0.5418577194213867,"[624, 454, 453, 579, 498]","[0.5418577194213867, 0.08703215420246124, 0.07452253252267838, 0.03903239965438843, 0.03549773991107941]"
blur-strong,ooc,418,387,973,0,0.31969189643859863,"[973, 109, 360, 348, 336]","[0.31969189643859863, 0.08184780180454254, 0.07918432354927063, 0.04704783111810684, 0.04544420167803764]"
blur-strong,ooc,419,85,21,0,0.12274817377328873,"[21, 326, 141, 85, 319]","[0.12274817377328873, 0.1123395711183548, 0.09089426696300507, 0.08333119004964828, 0.06993632763624191]"
blur-strong,ooc,420,544,306,0,0.17633335292339325,"[306, 567, 618, 511, 415]","[0.17633335292339325, 0.09776072949171066, 0.04480048641562462, 0.04378844425082207, 0.03738100081682205]"
blur-strong,ooc,421,77,77,1,0.8336846232414246,"[77, 307, 70, 303, 73]","[0.8336846232414246, 0.05224256590008736, 0.024832557886838913, 0.023321202024817467, 0.01341299619525671]"
blur-strong,ooc,422,357,649,0,0.13712213933467865,"[649, 386, 48, 344, 336]","[0.13712213933467865, 0.13245025277137756, 0.1280946135520935, 0.09867923706769943, 0.055901672691106796]"
blur-strong,ooc,423,383,383,1,0.12417607009410858,"[383, 825, 79, 863, 292]","[0.12417607009410858, 0.09663241356611252, 0.06746013462543488, 0.06476543098688126, 0.05019540712237358]"
blur-strong,ooc,424,277,274,0,0.16455011069774628,"[274, 213, 7, 857, 159]","[0.16455011069774628, 0.13011041283607483, 0.07178748399019241, 0.05397096276283264, 0.03452185168862343]"
blur-strong,ooc,425,803,611,0,0.14600244164466858,"[611, 645, 866, 183, 490]","[0.14600244164466858, 0.07507284730672836, 0.0672755166888237, 0.05407848581671715, 0.045548662543296814]"
blur-strong,ooc,426,792,557,0,0.1611788421869278,"[557, 611, 970, 795, 801]","[0.1611788421869278, 0.09396360069513321, 0.07172438502311707, 0.055351465940475464, 0.04079475998878479]"
blur-strong,ooc,427,795,831,0,0.5881197452545166,"[831, 750, 673, 706, 532]","[0.5881197452545166, 0.06848914921283722, 0.04499280825257301, 0.039717450737953186, 0.02560783363878727]"
blur-strong,ooc,428,83,83,1,0.7120293974876404,"[83, 340, 183, 56, 177]","[0.7120293974876404, 0.2794851064682007, 0.00149435899220407, 0.0010146141285076737, 0.0008494762005284429]"
blur-strong,ooc,429,24,380,0,0.35725137591362,"[380, 378, 364, 377, 382]","[0.35725137591362, 0.17912781238555908, 0.11930572986602783, 0.057150620967149734, 0.04437057301402092]"
blur-strong,ooc,430,802,850,0,0.7342088222503662,"[850, 25, 249, 258, 283]","[0.7342088222503662, 0.046935055404901505, 0.030439509078860283, 0.027001265436410904, 0.018631627783179283]"
blur-strong,ooc,431,491,344,0,0.08332255482673645,"[344, 329, 952, 58, 79]","[0.08332255482673645, 0.04933730512857437, 0.04458539932966232, 0.04371165856719017, 0.04020199552178383]"
blur-strong,ooc,432,277,350,0,0.29182881116867065,"[350, 842, 352, 150, 286]","[0.29182881116867065, 0.04979732632637024, 0.047741230577230453, 0.03537043556571007, 0.03524275869131088]"
blur-strong,ooc,433,802,879,0,0.23213772475719452,"[879, 579, 642, 603, 401]","[0.23213772475719452, 0.22396546602249146, 0.057845182716846466, 0.05469479784369469, 0.039567895233631134]"
blur-strong,ooc,434,802,144,0,0.21658067405223846,"[144, 472, 408, 412, 978]","[0.21658067405223846, 0.14406773447990417, 0.04408945143222809, 0.03866618499159813, 0.0370890349149704]"
blur-strong,ooc,435,516,588,0,0.11330302804708481,"[588, 519, 634, 39, 500]","[0.11330302804708481, 0.0752832442522049, 0.07445387542247772, 0.04135503992438316, 0.039944346994161606]"
blur-strong,ooc,436,13,13,1,0.51542067527771,"[13, 448, 137, 145, 150]","[0.51542067527771, 0.06795515865087509, 0.027615264058113098, 0.026574453338980675, 0.02558153122663498]"
blur-strong,ooc,437,296,296,1,0.5989141464233398,"[296, 270, 258, 343, 341]","[0.5989141464233398, 0.1809563934803009, 0.0618559792637825, 0.03068375214934349, 0.027396906167268753]"
blur-strong,ooc,438,425,425,1,0.4412948787212372,"[425, 900, 701, 914, 405]","[0.4412948787212372, 0.08352040499448776, 0.03869267925620079, 0.03751041740179062, 0.034481555223464966]"
blur-strong,ooc,439,223,913,0,0.25286665558815,"[913, 143, 347, 144, 18]","[0.25286665558815, 0.1663867086172104, 0.0879824310541153, 0.07732183486223221, 0.03501502051949501]"
blur-strong,ooc,440,795,792,0,0.11030136793851852,"[792, 515, 138, 764, 870]","[0.11030136793851852, 0.09945426136255264, 0.04889489710330963, 0.04228678718209267, 0.03987151384353638]"
blur-strong,ooc,441,13,264,0,0.10099063813686371,"[264, 137, 360, 718, 99]","[0.10099063813686371, 0.07619771361351013, 0.06847386807203293, 0.04870232939720154, 0.04574800282716751]"
blur-strong,ooc,442,227,284,0,0.08891832828521729,"[284, 80, 420, 150, 819]","[0.08891832828521729, 0.06598252803087234, 0.059709127992391586, 0.05308756232261658, 0.05111902579665184]"
blur-strong,ooc,443,867,649,0,0.215474471449852,"[649, 609, 458, 867, 660]","[0.215474471449852, 0.13860654830932617, 0.06705016642808914, 0.06413842737674713, 0.0447482205927372]"
blur-strong,ooc,444,232,240,0,0.2435135394334793,"[240, 232, 241, 238, 671]","[0.2435135394334793, 0.21708731353282928, 0.11662154644727707, 0.03584935888648033, 0.030646158382296562]"
blur-strong,ooc,445,795,977,0,0.1038857102394104,"[977, 458, 784, 814, 418]","[0.1038857102394104, 0.03470192849636078, 0.03326142206788063, 0.03086085245013237, 0.027212345972657204]"
blur-strong,ooc,446,81,538,0,0.2962649464607239,"[538, 144, 99, 709, 132]","[0.2962649464607239, 0.22491903603076935, 0.1047213226556778, 0.03364360332489014, 0.030823415145277977]"
blur-strong,ooc,447,238,237,0,0.06260410696268082,"[237, 171, 842, 112, 929]","[0.06260410696268082, 0.06211274489760399, 0.06014624238014221, 0.05901670083403587, 0.04052823409438133]"
blur-strong,ooc,448,296,172,0,0.16318516433238983,"[172, 162, 356, 208, 171]","[0.16318516433238983, 0.1160169467329979, 0.1002570390701294, 0.07113154232501984, 0.05566713213920593]"
blur-strong,ooc,449,172,172,1,0.0943617969751358,"[172, 173, 209, 211, 242]","[0.0943617969751358, 0.09367775171995163, 0.07004960626363754, 0.05023942515254021, 0.04322907328605652]"
blur-strong,ooc,450,178,159,0,0.6250988841056824,"[159, 168, 211, 253, 209]","[0.6250988841056824, 0.056441131979227066, 0.030606720596551895, 0.030017511919140816, 0.029722368344664574]"
blur-strong,ooc,451,803,450,0,0.5782873034477234,"[450, 431, 434, 769, 742]","[0.5782873034477234, 0.03312620893120766, 0.02842637151479721, 0.022688372060656548, 0.017872100695967674]"
blur-strong,ooc,452,331,16,0,0.6482692360877991,"[16, 13, 94, 131, 15]","[0.6482692360877991, 0.1017632707953453, 0.0986965149641037, 0.03069971688091755, 0.02258831076323986]"
blur-strong,ooc,453,292,292,1,0.1901066154241562,"[292, 340, 805, 180, 353]","[0.1901066154241562, 0.10157223790884018, 0.09696204215288162, 0.050323210656642914, 0.04186879098415375]"
blur-strong,ooc,454,787,713,0,0.2665456235408783,"[713, 508, 431, 765, 516]","[0.2665456235408783, 0.127242773771286, 0.04956892132759094, 0.04281184822320938, 0.03638318181037903]"
blur-strong,ooc,455,231,263,0,0.15533117949962616,"[263, 929, 273, 242, 253]","[0.15533117949962616, 0.13911877572536469, 0.11890599876642227, 0.05580218508839607, 0.050572216510772705]"
blur-strong,ooc,456,81,81,1,0.22355234622955322,"[81, 7, 8, 835, 127]","[0.22355234622955322, 0.16569535434246063, 0.05299604684114456, 0.027235301211476326, 0.024083448573946953]"
blur-strong,ooc,457,803,492,0,0.33249062299728394,"[492, 788, 482, 829, 519]","[0.33249062299728394, 0.060420215129852295, 0.05608292296528816, 0.023508355021476746, 0.02004857547581196]"
blur-strong,ooc,458,792,701,0,0.23193031549453735,"[701, 619, 846, 760, 466]","[0.23193031549453735, 0.19450026750564575, 0.045233335345983505, 0.039994191378355026, 0.0339498445391655]"
blur-strong,ooc,459,654,408,0,0.28321024775505066,"[408, 675, 871, 654, 812]","[0.28321024775505066, 0.1883677989244461, 0.05028152093291283, 0.03114898130297661, 0.026487961411476135]"
blur-strong,ooc,460,170,51,0,0.3316054344177246,"[51, 202, 897, 170, 184]","[0.3316054344177246, 0.0669412687420845, 0.0318242684006691, 0.03163967281579971, 0.026972200721502304]"
blur-strong,ooc,461,199,386,0,0.21875758469104767,"[386, 344, 224, 977, 835]","[0.21875758469104767, 0.11514320224523544, 0.055965982377529144, 0.03267771378159523, 0.031868863850831985]"
blur-strong,ooc,462,795,293,0,0.2113157957792282,"[293, 272, 912, 352, 341]","[0.2113157957792282, 0.10052122175693512, 0.09618009626865387, 0.03307237848639488, 0.0324375219643116]"
blur-strong,ooc,463,802,495,0,0.11995969712734222,"[495, 548, 766, 915, 454]","[0.11995969712734222, 0.10815247148275375, 0.10767423361539841, 0.05898834392428398, 0.04558992013335228]"
blur-strong,ooc,464,198,187,0,0.13115227222442627,"[187, 204, 198, 196, 76]","[0.13115227222442627, 0.08941496163606644, 0.06409668922424316, 0.058254048228263855, 0.0456138476729393]"
blur-strong,ooc,465,209,134,0,0.5841587781906128,"[134, 989, 131, 21, 379]","[0.5841587781906128, 0.04789583012461662, 0.0442548505961895, 0.031265098601579666, 0.02852896973490715]"
blur-strong,ooc,466,247,366,0,0.08281603455543518,"[366, 368, 348, 85, 621]","[0.08281603455543518, 0.055684857070446014, 0.055682357400655746, 0.04744526743888855, 0.04708394780755043]"
blur-strong,ooc,467,224,234,0,0.06823346763849258,"[234, 379, 214, 238, 22]","[0.06823346763849258, 0.060495562851428986, 0.0551222488284111, 0.04671575129032135, 0.04146776720881462]"
blur-strong,ooc,468,258,258,1,0.7681354284286499,"[258, 279, 270, 257, 153]","[0.7681354284286499, 0.04063168540596962, 0.0400485061109066, 0.03368061035871506, 0.032295264303684235]"
blur-strong,ooc,469,13,372,0,0.18258768320083618,"[372, 370, 84, 346, 234]","[0.18258768320083618, 0.0661165788769722, 0.06392594426870346, 0.04542761296033859, 0.035232964903116226]"
blur-strong,ooc,470,339,339,1,0.7239453196525574,"[339, 159, 242, 352, 168]","[0.7239453196525574, 0.07035457342863083, 0.034280162304639816, 0.022497588768601418, 0.017073936760425568]"
blur-strong,ooc,471,888,709,0,0.7364091873168945,"[709, 888, 718, 525, 893]","[0.7364091873168945, 0.2533174455165863, 0.0029134447686374187, 0.0007498969207517803, 0.0006762585835531354]"
blur-strong,ooc,472,258,270,0,0.2995460629463196,"[270, 186, 170, 222, 341]","[0.2995460629463196, 0.12799891829490662, 0.03703349083662033, 0.03202277421951294, 0.029469328001141548]"
blur-strong,ooc,473,792,816,0,0.10490132123231888,"[816, 889, 790, 614, 737]","[0.10490132123231888, 0.05976954847574234, 0.057853005826473236, 0.050000179558992386, 0.027607034891843796]"
blur-strong,ooc,474,792,649,0,0.5837367177009583,"[649, 346, 634, 646, 912]","[0.5837367177009583, 0.07288672029972076, 0.03972923755645752, 0.027121342718601227, 0.023244818672537804]"
blur-strong,ooc,475,346,348,0,0.28475043177604675,"[348, 360, 150, 294, 349]","[0.28475043177604675, 0.1855887919664383, 0.11756086349487305, 0.05228710547089577, 0.03850702568888664]"
blur-strong,ooc,476,671,405,0,0.1485653817653656,"[405, 701, 600, 895, 919]","[0.1485653817653656, 0.1396442949771881, 0.0658971443772316, 0.046260662376880646, 0.045903827995061874]"
blur-strong,ooc,477,724,579,0,0.14746247231960297,"[579, 881, 406, 857, 554]","[0.14746247231960297, 0.10985319316387177, 0.09428098052740097, 0.046782586723566055, 0.04211711511015892]"
blur-strong,ooc,478,394,876,0,0.11331049352884293,"[876, 40, 0, 756, 99]","[0.11331049352884293, 0.08296632766723633, 0.06383257359266281, 0.03653264418244362, 0.0333087258040905]"
blur-strong,ooc,479,672,750,0,0.3307672142982483,"[750, 243, 516, 178, 765]","[0.3307672142982483, 0.140348881483078, 0.1043848916888237, 0.06970656663179398, 0.06269288063049316]"
blur-strong,ooc,480,289,649,0,0.3151090741157532,"[649, 39, 9, 330, 67]","[0.3151090741157532, 0.06556206941604614, 0.06259503960609436, 0.03896724060177803, 0.02494722604751587]"
blur-strong,ooc,481,818,920,0,0.9872483611106873,"[920, 538, 708, 729, 688]","[0.9872483611106873, 0.00215718662366271, 0.0010535188484936953, 0.000852921511977911, 0.0007324634352698922]"
blur-strong,ooc,482,853,306,0,0.36114031076431274,"[306, 338, 303, 302, 39]","[0.36114031076431274, 0.0731102004647255, 0.05104871094226837, 0.04929299280047417, 0.03537381440401077]"
blur-strong,ooc,483,239,239,1,0.367880642414093,"[239, 240, 238, 232, 241]","[0.367880642414093, 0.16040417551994324, 0.09768302738666534, 0.09127184748649597, 0.0786493718624115]"
blur-strong,ooc,484,425,669,0,0.22546564042568207,"[669, 879, 858, 721, 497]","[0.22546564042568207, 0.13061873614788055, 0.09331277757883072, 0.049064405262470245, 0.039461784064769745]"
blur-strong,ooc,485,355,965,0,0.06592413038015366,"[965, 646, 931, 778, 355]","[0.06592413038015366, 0.03790382668375969, 0.025296727195382118, 0.023359889164566994, 0.019442565739154816]"
blur-strong,ooc,486,863,791,0,0.721183717250824,"[791, 704, 612, 571, 637]","[0.721183717250824, 0.04385090991854668, 0.030389908701181412, 0.019686389714479446, 0.014961440116167068]"
blur-strong,ooc,487,349,344,0,0.8216142654418945,"[344, 294, 140, 472, 143]","[0.8216142654418945, 0.042267657816410065, 0.01401327271014452, 0.010803015902638435, 0.008877881802618504]"
blur-strong,ooc,488,703,718,0,0.5323336720466614,"[718, 536, 975, 781, 733]","[0.5323336720466614, 0.10744030028581619, 0.043229226022958755, 0.02802480384707451, 0.01568046770989895]"
blur-strong,ooc,489,425,425,1,0.9542283415794373,"[425, 497, 449, 538, 915]","[0.9542283415794373, 0.018925081938505173, 0.011361651122570038, 0.0034907464869320393, 0.003176887985318899]"
blur-strong,ooc,490,795,896,0,0.22467635571956635,"[896, 709, 470, 539, 748]","[0.22467635571956635, 0.1312456727027893, 0.08581695705652237, 0.049208540469408035, 0.036485910415649414]"
blur-strong,ooc,491,690,821,0,0.23779071867465973,"[821, 873, 900, 668, 663]","[0.23779071867465973, 0.18453119695186615, 0.10992159694433212, 0.04567863792181015, 0.045437633991241455]"
blur-strong,ooc,492,672,672,1,0.9839604496955872,"[672, 879, 449, 421, 703]","[0.9839604496955872, 0.006293467711657286, 0.0011669477680698037, 0.0010872212005779147, 0.0008908830350264907]"
blur-strong,ooc,493,671,955,0,0.17886540293693542,"[955, 697, 775, 45, 327]","[0.17886540293693542, 0.04185578599572182, 0.03916798159480095, 0.023977214470505714, 0.023914482444524765]"
blur-strong,ooc,494,81,2,0,0.11481062322854996,"[2, 628, 724, 975, 807]","[0.11481062322854996, 0.04957932233810425, 0.04753465950489044, 0.04578437656164169, 0.04002847895026207]"
blur-strong,ooc,495,733,61,0,0.3049820065498352,"[61, 54, 62, 71, 121]","[0.3049820065498352, 0.1254553645849228, 0.06269104778766632, 0.03871772438287735, 0.03821522742509842]"
blur-strong,ooc,496,672,879,0,0.2945416271686554,"[879, 672, 327, 120, 824]","[0.2945416271686554, 0.2527356743812561, 0.03760424628853798, 0.02140623703598976, 0.020135246217250824]"
blur-strong,ooc,497,795,427,0,0.7376051545143127,"[427, 469, 653, 423, 524]","[0.7376051545143127, 0.09772831201553345, 0.04449842870235443, 0.016419293358922005, 0.013143829070031643]"
blur-strong,ooc,498,663,536,0,0.1304636001586914,"[536, 779, 555, 821, 705]","[0.1304636001586914, 0.091483935713768, 0.04576302319765091, 0.04134450852870941, 0.04051453247666359]"
blur-strong,ooc,499,705,434,0,0.1516065150499344,"[434, 709, 784, 840, 844]","[0.1516065150499344, 0.09888225793838501, 0.0874166265130043, 0.07971887290477753, 0.052794668823480606]"
blur-strong,ooc,500,675,592,0,0.1549079418182373,"[592, 844, 886, 637, 485]","[0.1549079418182373, 0.1461506336927414, 0.08702635020017624, 0.02776297740638256, 0.027552206069231033]"
blur-strong,ooc,501,404,404,1,0.9382519125938416,"[404, 908, 895, 812, 657]","[0.9382519125938416, 0.02418123558163643, 0.022974645718932152, 0.011132467538118362, 0.0008419411024078727]"
blur-strong,ooc,502,609,444,0,0.16248998045921326,"[444, 671, 988, 917, 672]","[0.16248998045921326, 0.09875329583883286, 0.08681145310401917, 0.06568683683872223, 0.04377984255552292]"
blur-strong,ooc,503,672,510,0,0.2149428427219391,"[510, 408, 833, 554, 625]","[0.2149428427219391, 0.19858726859092712, 0.12997837364673615, 0.095280222594738, 0.08406171947717667]"
blur-strong,ooc,504,915,915,1,0.535405695438385,"[915, 835, 611, 81, 895]","[0.535405695438385, 0.14711979031562805, 0.10015824437141418, 0.030403433367609978, 0.024190474301576614]"
blur-strong,ooc,505,336,385,0,0.7239516973495483,"[385, 386, 48, 457, 298]","[0.7239516973495483, 0.06822298467159271, 0.023101700469851494, 0.017139621078968048, 0.014697824604809284]"
blur-strong,ooc,506,515,91,0,0.6669864654541016,"[91, 131, 23, 133, 93]","[0.6669864654541016, 0.15209276974201202, 0.03275119885802269, 0.019239451736211777, 0.01747063733637333]"
blur-strong,ooc,507,425,425,1,0.9060682058334351,"[425, 497, 449, 668, 727]","[0.9060682058334351, 0.07687322050333023, 0.006583631504327059, 0.0028971030842512846, 0.0022128031123429537]"
blur-strong,ooc,508,404,139,0,0.4148280620574951,"[139, 143, 42, 140, 65]","[0.4148280620574951, 0.044840797781944275, 0.039600856602191925, 0.02783271297812462, 0.023580173030495644]"
blur-strong,ooc,509,724,562,0,0.23294085264205933,"[562, 611, 483, 425, 970]","[0.23294085264205933, 0.11953762918710709, 0.059666045010089874, 0.05960291624069214, 0.057800207287073135]"
blur-strong,ooc,510,718,642,0,0.16155488789081573,"[642, 624, 532, 494, 716]","[0.16155488789081573, 0.1283935308456421, 0.092916339635849, 0.0660105049610138, 0.06154569610953331]"
blur-strong,ooc,511,671,672,0,0.2182641327381134,"[672, 979, 975, 912, 980]","[0.2182641327381134, 0.19289977848529816, 0.10502692312002182, 0.07557839900255203, 0.05567420646548271]"
blur-strong,ooc,512,147,471,0,0.19803112745285034,"[471, 671, 425, 958, 276]","[0.19803112745285034, 0.13403482735157013, 0.05611662566661835, 0.05360981449484825, 0.04652014747262001]"
blur-strong,ooc,513,484,484,1,0.731849730014801,"[484, 871, 791, 489, 611]","[0.731849730014801, 0.07109683007001877, 0.05357072129845619, 0.03129849210381508, 0.01939363218843937]"
blur-strong,ooc,514,449,466,0,0.5680119395256042,"[466, 547, 705, 565, 421]","[0.5680119395256042, 0.23217977583408356, 0.09386370331048965, 0.03234735503792763, 0.009928766638040543]"
blur-strong,ooc,515,842,353,0,0.2746320962905884,"[353, 611, 71, 56, 85]","[0.2746320962905884, 0.26690369844436646, 0.1421837955713272, 0.0393986850976944, 0.025983240455389023]"
blur-strong,ooc,516,708,958,0,0.32281821966171265,"[958, 144, 483, 682, 847]","[0.32281821966171265, 0.1125270202755928, 0.10741018503904343, 0.033290471881628036, 0.03224039077758789]"
blur-strong,ooc,517,393,462,0,0.10799400508403778,"[462, 842, 532, 775, 655]","[0.10799400508403778, 0.1028955951333046, 0.0894777700304985, 0.07968288660049438, 0.0683860257267952]"
blur-strong,ooc,518,862,733,0,0.3977935314178467,"[733, 920, 832, 657, 723]","[0.3977935314178467, 0.06586571782827377, 0.05520659685134888, 0.04126600921154022, 0.032710883766412735]"
blur-strong,ooc,519,625,839,0,0.3375212848186493,"[839, 703, 625, 340, 565]","[0.3375212848186493, 0.15728473663330078, 0.0692179873585701, 0.06228683516383171, 0.02755626291036606]"
blur-strong,ooc,520,977,521,0,0.15054771304130554,"[521, 554, 706, 448, 625]","[0.15054771304130554, 0.08749113231897354, 0.05253441259264946, 0.050963375717401505, 0.050314903259277344]"
blur-strong,ooc,521,536,576,0,0.30827662348747253,"[576, 565, 718, 536, 780]","[0.30827662348747253, 0.12126334756612778, 0.11377707123756409, 0.05429866909980774, 0.05339840054512024]"
blur-strong,ooc,522,472,6,0,0.16536687314510345,"[6, 898, 814, 792, 908]","[0.16536687314510345, 0.07156750559806824, 0.05634642019867897, 0.051335468888282776, 0.04603680968284607]"
blur-strong,ooc,523,437,42,0,0.3603721559047699,"[42, 40, 46, 128, 91]","[0.3603721559047699, 0.14778223633766174, 0.10349490493535995, 0.06253895908594131, 0.05931168794631958]"
blur-strong,ooc,524,393,391,0,0.12149506062269211,"[391, 209, 472, 208, 693]","[0.12149506062269211, 0.07428941130638123, 0.06927968561649323, 0.03340050205588341, 0.03311942145228386]"
blur-strong,ooc,525,394,131,0,0.321204274892807,"[131, 955, 89, 390, 17]","[0.321204274892807, 0.2751902937889099, 0.09392085671424866, 0.06873704493045807, 0.04353233426809311]"
blur-strong,ooc,526,147,183,0,0.37622585892677307,"[183, 206, 611, 197, 205]","[0.37622585892677307, 0.21209296584129333, 0.07966194301843643, 0.03156072273850441, 0.019765986129641533]"
blur-strong,ooc,527,437,437,1,0.647844135761261,"[437, 657, 744, 900, 442]","[0.647844135761261, 0.19018976390361786, 0.14047111570835114, 0.004421981051564217, 0.0018636606400832534]"
blur-strong,ooc,528,373,354,0,0.14944007992744446,"[354, 336, 291, 372, 373]","[0.14944007992744446, 0.13621892035007477, 0.13058148324489594, 0.10102647542953491, 0.07877200096845627]"
blur-strong,ooc,529,147,445,0,0.8924523591995239,"[445, 638, 639, 594, 112]","[0.8924523591995239, 0.03570708632469177, 0.013849873095750809, 0.009096777997910976, 0.004964389372617006]"
blur-strong,ooc,530,143,850,0,0.15411771833896637,"[850, 11, 94, 319, 309]","[0.15411771833896637, 0.0629892498254776, 0.059269312769174576, 0.05006330832839012, 0.045395467430353165]"
blur-strong,ooc,531,625,595,0,0.1615382879972458,"[595, 779, 803, 0, 730]","[0.1615382879972458, 0.09509368985891342, 0.07876802980899811, 0.07755660265684128, 0.07725667208433151]"
blur-strong,ooc,532,833,472,0,0.7462794780731201,"[472, 449, 693, 975, 814]","[0.7462794780731201, 0.04821883887052536, 0.027369163930416107, 0.017373373731970787, 0.01621348038315773]"
blur-strong,ooc,533,403,142,0,0.08499342203140259,"[142, 337, 50, 139, 133]","[0.08499342203140259, 0.07395929098129272, 0.05365419015288353, 0.045274462550878525, 0.04150548577308655]"
blur-strong,ooc,534,914,914,1,0.3725943863391876,"[914, 484, 871, 842, 780]","[0.3725943863391876, 0.21356767416000366, 0.09232328087091446, 0.06449348479509354, 0.06445173174142838]"
blur-strong,ooc,535,484,792,0,0.08810146152973175,"[792, 649, 428, 410, 286]","[0.08810146152973175, 0.05838821455836296, 0.05072391778230667, 0.04384475573897362, 0.04230915382504463]"
blur-strong,ooc,536,148,497,0,0.1893893927335739,"[497, 484, 608, 611, 795]","[0.1893893927335739, 0.04695369303226471, 0.04644102603197098, 0.031163882464170456, 0.02993236854672432]"
blur-strong,ooc,537,554,975,0,0.406659334897995,"[975, 525, 979, 472, 978]","[0.406659334897995, 0.14478716254234314, 0.12508149445056915, 0.04555339366197586, 0.0162022914737463]"
blur-strong,ooc,538,814,625,0,0.2850463390350342,"[625, 472, 693, 576, 814]","[0.2850463390350342, 0.14455698430538177, 0.1087464764714241, 0.07748787850141525, 0.07163696736097336]"
blur-strong,ooc,539,983,84,0,0.1861291378736496,"[84, 124, 123, 972, 483]","[0.1861291378736496, 0.09024812281131744, 0.06774961203336716, 0.06543050706386566, 0.04380812868475914]"
blur-strong,ooc,540,267,170,0,0.207160085439682,"[170, 336, 348, 267, 207]","[0.207160085439682, 0.16180701553821564, 0.059978097677230835, 0.055720288306474686, 0.05124174430966377]"
blur-strong,ooc,541,625,595,0,0.27310627698898315,"[595, 472, 621, 768, 752]","[0.27310627698898315, 0.09486813843250275, 0.07100845128297806, 0.06051911786198616, 0.05000034347176552]"
blur-strong,ooc,542,554,458,0,0.3878650963306427,"[458, 492, 706, 539, 833]","[0.3878650963306427, 0.17038004100322723, 0.08386003226041794, 0.0481143444776535, 0.041031721979379654]"
blur-strong,ooc,543,554,694,0,0.4425606429576874,"[694, 628, 833, 791, 912]","[0.4425606429576874, 0.15138201415538788, 0.06730399280786514, 0.056923191994428635, 0.03323839232325554]"
blur-strong,ooc,544,554,733,0,0.35903340578079224,"[733, 517, 724, 645, 127]","[0.35903340578079224, 0.08859587460756302, 0.07818961143493652, 0.0640844851732254, 0.06108636409044266]"
blur-strong,ooc,545,625,625,1,0.38091471791267395,"[625, 628, 510, 976, 554]","[0.38091471791267395, 0.34190624952316284, 0.22028544545173645, 0.011321045458316803, 0.009919810108840466]"
blur-strong,ooc,546,437,977,0,0.20562569797039032,"[977, 974, 980, 437, 460]","[0.20562569797039032, 0.19015491008758545, 0.11743941903114319, 0.03605308383703232, 0.03083251789212227]"
blur-strong,ooc,547,146,81,0,0.10781825333833694,"[81, 428, 217, 942, 410]","[0.10781825333833694, 0.07706037163734436, 0.06070002168416977, 0.04683377966284752, 0.04680141061544418]"
blur-strong,ooc,548,625,609,0,0.08875767141580582,"[609, 864, 779, 625, 483]","[0.08875767141580582, 0.07754749059677124, 0.06865545362234116, 0.06360597908496857, 0.058284692466259]"
blur-strong,ooc,549,148,825,0,0.8683784604072571,"[825, 853, 49, 703, 22]","[0.8683784604072571, 0.055856797844171524, 0.00860531721264124, 0.00613525090739131, 0.005427864380180836]"
blur-strong,ooc,550,914,871,0,0.2746761441230774,"[871, 833, 914, 484, 404]","[0.2746761441230774, 0.25352346897125244, 0.2193521112203598, 0.1596190333366394, 0.023198964074254036]"
blur-strong,ooc,551,484,540,0,0.6752694249153137,"[540, 484, 871, 858, 625]","[0.6752694249153137, 0.049176983535289764, 0.04655987396836281, 0.043656978756189346, 0.026319803670048714]"
blur-strong,ooc,552,484,460,0,0.3032030165195465,"[460, 562, 437, 489, 716]","[0.3032030165195465, 0.2646041810512543, 0.05889030173420906, 0.044652510434389114, 0.022437816485762596]"
blur-strong,ooc,553,115,611,0,0.2417657971382141,"[611, 387, 947, 114, 113]","[0.2417657971382141, 0.08454319834709167, 0.05549562722444534, 0.03864624723792076, 0.03455854952335358]"
blur-strong,ooc,554,775,199,0,0.14888355135917664,"[199, 224, 491, 456, 655]","[0.14888355135917664, 0.07816947996616364, 0.06395565718412399, 0.04787600040435791, 0.04441339522600174]"
blur-strong,ooc,555,115,825,0,0.13101471960544586,"[825, 974, 343, 562, 295]","[0.13101471960544586, 0.08582843840122223, 0.06427706778049469, 0.03846185654401779, 0.036878108978271484]"
blur-strong,ooc,556,484,914,0,0.3733084201812744,"[914, 780, 484, 871, 733]","[0.3733084201812744, 0.25730621814727783, 0.2569785714149475, 0.07824566215276718, 0.004841785412281752]"
blur-strong,ooc,557,4,795,0,0.343453049659729,"[795, 112, 977, 970, 562]","[0.343453049659729, 0.05967892333865166, 0.05197916924953461, 0.04450175166130066, 0.036141287535429]"
blur-strong,ooc,558,983,983,1,0.9776412844657898,"[983, 895, 701, 301, 908]","[0.9776412844657898, 0.009458054788410664, 0.005580183118581772, 0.002538538770750165, 0.0012516611022874713]"
blur-strong,ooc,559,842,738,0,0.2629786729812622,"[738, 831, 428, 766, 580]","[0.2629786729812622, 0.09588544070720673, 0.09350334107875824, 0.08107009530067444, 0.08030660450458527]"
blur-strong,ooc,560,115,721,0,0.49911007285118103,"[721, 761, 806, 692, 496]","[0.49911007285118103, 0.08836447447538376, 0.03853027895092964, 0.03825702145695686, 0.030668552964925766]"
blur-strong,ooc,561,391,704,0,0.6359096765518188,"[704, 391, 621, 670, 864]","[0.6359096765518188, 0.133140429854393, 0.025122547522187233, 0.02030215971171856, 0.016881590709090233]"
blur-strong,ooc,562,123,775,0,0.26391929388046265,"[775, 879, 135, 958, 842]","[0.26391929388046265, 0.06468882411718369, 0.04270476475358009, 0.04219737648963928, 0.03863498941063881]"
blur-strong,ooc,563,253,253,1,0.9128584861755371,"[253, 151, 173, 597, 158]","[0.9128584861755371, 0.026967616751790047, 0.018425989896059036, 0.01067635603249073, 0.007944874465465546]"
blur-strong,ooc,564,484,484,1,0.8645918965339661,"[484, 404, 871, 908, 780]","[0.8645918965339661, 0.019588230177760124, 0.01738024689257145, 0.015281743369996548, 0.011690055020153522]"
blur-strong,ooc,565,437,611,0,0.2243061512708664,"[611, 917, 488, 695, 832]","[0.2243061512708664, 0.08877789974212646, 0.0699751228094101, 0.055026646703481674, 0.054340001195669174]"
blur-strong,ooc,566,148,489,0,0.2538371980190277,"[489, 792, 843, 912, 583]","[0.2538371980190277, 0.23037321865558624, 0.09567194432020187, 0.03422125428915024, 0.0274371225386858]"
blur-strong,ooc,567,147,695,0,0.3451498746871948,"[695, 677, 596, 18, 448]","[0.3451498746871948, 0.10631734132766724, 0.09549248218536377, 0.08328359574079514, 0.07181788235902786]"
blur-strong,ooc,568,148,781,0,0.18028266727924347,"[781, 908, 404, 833, 681]","[0.18028266727924347, 0.0927431732416153, 0.08748532831668854, 0.07706055045127869, 0.05928535759449005]"
blur-strong,ooc,569,608,738,0,0.2262936532497406,"[738, 84, 36, 472, 621]","[0.2262936532497406, 0.06486436724662781, 0.051877811551094055, 0.03850815072655678, 0.03542092442512512]"
blur-strong,ooc,570,62,975,0,0.369290292263031,"[975, 801, 970, 144, 978]","[0.369290292263031, 0.0588579960167408, 0.04443461447954178, 0.03616124391555786, 0.03465353697538376]"
blur-strong,ooc,571,972,116,0,0.43408533930778503,"[116, 825, 972, 970, 483]","[0.43408533930778503, 0.07695843279361725, 0.07523256540298462, 0.03784973546862602, 0.018632832914590836]"
blur-strong,ooc,572,139,562,0,0.2410358041524887,"[562, 912, 694, 538, 682]","[0.2410358041524887, 0.1723610907793045, 0.05939831957221031, 0.045878808945417404, 0.04022941365838051]"
blur-strong,ooc,573,354,230,0,0.053232062608003616,"[230, 218, 876, 354, 186]","[0.053232062608003616, 0.04486014321446419, 0.043678414076566696, 0.03964376077055931, 0.034024927765131]"
blur-strong,ooc,574,140,336,0,0.15723790228366852,"[336, 410, 857, 298, 357]","[0.15723790228366852, 0.13105958700180054, 0.02682466059923172, 0.026405028998851776, 0.024702338501811028]"
blur-strong,ooc,575,437,585,0,0.1684117615222931,"[585, 982, 516, 411, 570]","[0.1684117615222931, 0.08107663691043854, 0.06880255043506622, 0.05974842607975006, 0.04602334275841713]"
blur-strong,ooc,576,529,408,0,0.12678277492523193,"[408, 724, 628, 579, 814]","[0.12678277492523193, 0.12354610860347748, 0.03884061798453331, 0.03445243462920189, 0.02543502487242222]"
blur-strong,ooc,577,66,984,0,0.632444441318512,"[984, 646, 958, 425, 975]","[0.632444441318512, 0.06591950356960297, 0.02794407680630684, 0.025533407926559448, 0.01768108643591404]"
blur-strong,ooc,578,511,817,0,0.37569141387939453,"[817, 717, 656, 511, 654]","[0.37569141387939453, 0.24660257995128632, 0.11349989473819733, 0.09951785206794739, 0.027872126549482346]"
blur-strong,ooc,579,376,242,0,0.17082859575748444,"[242, 171, 178, 159, 168]","[0.17082859575748444, 0.09486206620931625, 0.07718617469072342, 0.07079591602087021, 0.05031244084239006]"
blur-strong,ooc,580,404,42,0,0.4765187203884125,"[42, 471, 489, 48, 858]","[0.4765187203884125, 0.10666146874427795, 0.07116971164941788, 0.03680325672030449, 0.036486878991127014]"
blur-strong,ooc,581,207,207,1,0.11519352346658707,"[207, 247, 263, 209, 230]","[0.11519352346658707, 0.06807789951562881, 0.061590828001499176, 0.05167001485824585, 0.0411541722714901]"
blur-strong,ooc,582,33,322,0,0.38650649785995483,"[322, 46, 325, 40, 59]","[0.38650649785995483, 0.15343672037124634, 0.10643027722835541, 0.0892263799905777, 0.0547008290886879]"
blur-strong,ooc,583,34,462,0,0.39103996753692627,"[462, 425, 449, 846, 784]","[0.39103996753692627, 0.08304128795862198, 0.0654265359044075, 0.05222639441490173, 0.026660418137907982]"
blur-strong,ooc,584,112,219,0,0.3583931624889374,"[219, 161, 218, 130, 156]","[0.3583931624889374, 0.0832199901342392, 0.08316651731729507, 0.05427486449480057, 0.053650882095098495]"
blur-strong,ooc,585,792,81,0,0.36496931314468384,"[81, 58, 908, 350, 500]","[0.36496931314468384, 0.17133472859859467, 0.10969282686710358, 0.019132116809487343, 0.014739379286766052]"
blur-strong,ooc,586,172,218,0,0.14178705215454102,"[218, 213, 339, 215, 274]","[0.14178705215454102, 0.12546013295650482, 0.09565945714712143, 0.05054030939936638, 0.04807064309716225]"
blur-strong,ooc,587,222,682,0,0.2671262323856354,"[682, 562, 698, 920, 668]","[0.2671262323856354, 0.2329632043838501, 0.21628952026367188, 0.04621422663331032, 0.030815480276942253]"
blur-strong,ooc,588,140,405,0,0.13861243426799774,"[405, 89, 81, 755, 679]","[0.13861243426799774, 0.07635984569787979, 0.04701366648077965, 0.0410531610250473, 0.03569640591740608]"
blur-strong,ooc,589,218,603,0,0.129972904920578,"[603, 256, 536, 704, 661]","[0.129972904920578, 0.11428304761648178, 0.05704805999994278, 0.05405612662434578, 0.05008011683821678]"
blur-strong,ooc,590,459,588,0,0.12788459658622742,"[588, 406, 709, 873, 702]","[0.12788459658622742, 0.12342803925275803, 0.07197770476341248, 0.061227358877658844, 0.05222838744521141]"
blur-strong,ooc,591,112,101,0,0.17750290036201477,"[101, 352, 385, 386, 274]","[0.17750290036201477, 0.13766776025295258, 0.11012706160545349, 0.04904847964644432, 0.027488242834806442]"
blur-strong,ooc,592,609,509,0,0.3313694894313812,"[509, 611, 738, 703, 428]","[0.3313694894313812, 0.14516067504882812, 0.07864540070295334, 0.04885141924023628, 0.03214475139975548]"
blur-strong,ooc,593,247,805,0,0.205976203083992,"[805, 217, 850, 155, 450]","[0.205976203083992, 0.16279086470603943, 0.07079048454761505, 0.050392996519804, 0.03448072448372841]"
blur-strong,ooc,594,354,955,0,0.16961157321929932,"[955, 491, 949, 186, 163]","[0.16961157321929932, 0.03870650753378868, 0.03259728476405144, 0.03222091123461723, 0.030100300908088684]"
blur-strong,ooc,595,842,890,0,0.12423853576183319,"[890, 681, 559, 662, 709]","[0.12423853576183319, 0.11246947199106216, 0.10366292297840118, 0.08831863850355148, 0.07202859222888947]"
blur-strong,ooc,596,232,13,0,0.5025316476821899,"[13, 348, 23, 80, 346]","[0.5025316476821899, 0.09264509379863739, 0.06291667371988297, 0.04874028265476227, 0.042659010738134384]"
blur-strong,ooc,597,437,553,0,0.34136995673179626,"[553, 894, 999, 700, 861]","[0.34136995673179626, 0.1380978375673294, 0.05820485204458237, 0.044509172439575195, 0.030566034838557243]"
blur-strong,ooc,598,386,385,0,0.23789840936660767,"[385, 87, 381, 360, 386]","[0.23789840936660767, 0.08986591547727585, 0.07454296201467514, 0.07063214480876923, 0.06803953647613525]"
blur-strong,ooc,599,145,772,0,0.15002964437007904,"[772, 492, 677, 844, 773]","[0.15002964437007904, 0.09544097632169724, 0.08095251768827438, 0.043692439794540405, 0.0419563390314579]"
blur-strong,ooc,600,193,227,0,0.3335162103176117,"[227, 235, 164, 191, 186]","[0.3335162103176117, 0.22218665480613708, 0.06878926604986191, 0.05649682879447937, 0.038274284452199936]"
blur-strong,ooc,601,79,904,0,0.18814919888973236,"[904, 663, 449, 538, 497]","[0.18814919888973236, 0.059076081961393356, 0.053444597870111465, 0.04624824970960617, 0.034820735454559326]"
blur-strong,ooc,602,139,756,0,0.12146024405956268,"[756, 420, 792, 491, 412]","[0.12146024405956268, 0.06281807273626328, 0.03951583057641983, 0.03648630157113075, 0.03311575949192047]"
blur-strong,ooc,603,814,970,0,0.14381514489650726,"[970, 81, 795, 672, 279]","[0.14381514489650726, 0.14088751375675201, 0.09057410806417465, 0.05949113890528679, 0.04884350299835205]"
blur-strong,ooc,604,765,765,1,0.25166282057762146,"[765, 730, 674, 917, 634]","[0.25166282057762146, 0.16822093725204468, 0.07900350540876389, 0.039259251207113266, 0.028201716020703316]"
blur-strong,ooc,605,677,160,0,0.1953728348016739,"[160, 231, 955, 562, 368]","[0.1953728348016739, 0.11862150579690933, 0.08460108190774918, 0.0622420497238636, 0.05992533266544342]"
blur-strong,ooc,606,792,791,0,0.2056647539138794,"[791, 144, 839, 718, 428]","[0.2056647539138794, 0.1164325401186943, 0.08392850309610367, 0.0747847929596901, 0.039165280759334564]"
blur-strong,ooc,607,652,255,0,0.1985422670841217,"[255, 958, 483, 197, 227]","[0.1985422670841217, 0.1011636033654213, 0.07692232728004456, 0.0757041871547699, 0.0460641048848629]"
blur-strong,ooc,608,707,306,0,0.3200169801712036,"[306, 302, 305, 303, 997]","[0.3200169801712036, 0.10580842941999435, 0.04307093471288681, 0.04302434250712395, 0.03536824882030487]"
blur-strong,ooc,609,863,863,1,0.9986746311187744,"[863, 787, 652, 506, 955]","[0.9986746311187744, 0.00017106607265304774, 0.00015908112982288003, 7.3240116762463e-05, 7.216888479888439e-05]"
blur-strong,ooc,610,670,486,0,0.13098907470703125,"[486, 402, 889, 740, 843]","[0.13098907470703125, 0.10562068969011307, 0.05480031296610832, 0.04556521400809288, 0.032952938228845596]"
blur-strong,ooc,611,439,977,0,0.16455605626106262,"[977, 99, 842, 975, 741]","[0.16455605626106262, 0.1212603896856308, 0.06817427277565002, 0.054798293858766556, 0.043686095625162125]"
blur-strong,ooc,612,355,879,0,0.14703208208084106,"[879, 755, 294, 853, 295]","[0.14703208208084106, 0.0950167328119278, 0.07112828642129898, 0.06810508668422699, 0.0483052060008049]"
blur-strong,ooc,613,319,944,0,0.4884730279445648,"[944, 352, 376, 998, 11]","[0.4884730279445648, 0.09987924993038177, 0.08394289761781693, 0.03258342668414116, 0.021023644134402275]"
blur-strong,ooc,614,778,327,0,0.3761511743068695,"[327, 488, 44, 52, 428]","[0.3761511743068695, 0.051043082028627396, 0.04722081869840622, 0.04329894110560417, 0.03209633380174637]"
blur-strong,ooc,615,958,42,0,0.14837546646595,"[42, 336, 48, 298, 39]","[0.14837546646595, 0.12396702915430069, 0.08255425095558167, 0.058738987892866135, 0.05150901898741722]"
blur-strong,ooc,616,879,706,0,0.13274581730365753,"[706, 646, 500, 896, 519]","[0.13274581730365753, 0.11953351646661758, 0.061009783297777176, 0.04310794919729233, 0.03066726215183735]"
blur-strong,ooc,617,70,70,1,0.37306562066078186,"[70, 91, 35, 131, 129]","[0.37306562066078186, 0.24199309945106506, 0.07408015429973602, 0.04775458201766014, 0.027897775173187256]"
blur-strong,ooc,618,471,53,0,0.13347870111465454,"[53, 141, 143, 971, 99]","[0.13347870111465454, 0.04788563400506973, 0.04617200791835785, 0.026958487927913666, 0.026794012635946274]"
blur-strong,ooc,619,583,694,0,0.08017317950725555,"[694, 912, 583, 634, 835]","[0.08017317950725555, 0.07915665954351425, 0.07731009274721146, 0.0670156329870224, 0.060570258647203445]"
blur-strong,ooc,620,792,792,1,0.18300791084766388,"[792, 429, 704, 797, 731]","[0.18300791084766388, 0.07389633357524872, 0.06406933814287186, 0.05388756841421127, 0.04831721633672714]"
blur-strong,ooc,621,583,583,1,0.33725979924201965,"[583, 792, 733, 872, 775]","[0.33725979924201965, 0.08306986093521118, 0.07913386076688766, 0.04832804948091507, 0.03900853917002678]"
blur-strong,ooc,622,7,651,0,0.33650556206703186,"[651, 655, 193, 729, 857]","[0.33650556206703186, 0.3244919180870056, 0.025750568136572838, 0.0201471708714962, 0.01891879178583622]"
blur-strong,ooc,623,86,545,0,0.29194313287734985,"[545, 905, 904, 340, 401]","[0.29194313287734985, 0.21992787718772888, 0.05835878476500511, 0.039069194346666336, 0.028961222618818283]"
blur-strong,ooc,624,919,919,1,0.6884174346923828,"[919, 701, 517, 921, 972]","[0.6884174346923828, 0.058370232582092285, 0.015881402418017387, 0.013186288997530937, 0.009585597552359104]"
blur-strong,ooc,625,539,785,0,0.269145667552948,"[785, 880, 742, 807, 765]","[0.269145667552948, 0.13920001685619354, 0.07752326875925064, 0.04079547896981239, 0.03965335711836815]"
blur-strong,ooc,626,287,272,0,0.38524046540260315,"[272, 69, 184, 274, 291]","[0.38524046540260315, 0.05278914049267769, 0.031126204878091812, 0.02554573304951191, 0.025426464155316353]"
blur-strong,ooc,627,471,471,1,0.558557391166687,"[471, 657, 833, 744, 595]","[0.558557391166687, 0.19057080149650574, 0.11693190783262253, 0.07052330672740936, 0.009870180860161781]"
blur-strong,ooc,628,513,764,0,0.2962679862976074,"[764, 912, 413, 10, 763]","[0.2962679862976074, 0.21480944752693176, 0.040676191449165344, 0.034843891859054565, 0.02952597476541996]"
blur-strong,ooc,629,679,281,0,0.14116397500038147,"[281, 832, 213, 282, 158]","[0.14116397500038147, 0.09863417595624924, 0.07119227200746536, 0.05988442525267601, 0.03990667313337326]"
blur-strong,ooc,630,426,426,1,0.6556031107902527,"[426, 635, 835, 33, 63]","[0.6556031107902527, 0.2209218293428421, 0.02159879170358181, 0.014870918355882168, 0.012072849087417126]"
blur-strong,ooc,631,583,733,0,0.19537898898124695,"[733, 839, 583, 9, 872]","[0.19537898898124695, 0.19362758100032806, 0.16957800090312958, 0.11592116951942444, 0.10218317061662674]"
blur-strong,ooc,632,637,637,1,0.9606379866600037,"[637, 553, 886, 411, 519]","[0.9606379866600037, 0.004120099823921919, 0.004032995086163282, 0.0026612579822540283, 0.0021216708701103926]"
blur-strong,ooc,633,571,458,0,0.2851484715938568,"[458, 637, 695, 571, 704]","[0.2851484715938568, 0.24427661299705505, 0.12535500526428223, 0.05819700285792351, 0.0380406491458416]"
blur-strong,ooc,634,737,694,0,0.3058658540248871,"[694, 554, 517, 555, 557]","[0.3058658540248871, 0.23416481912136078, 0.14326977729797363, 0.06860779225826263, 0.03449816629290581]"
blur-strong,ooc,635,463,469,0,0.1762084811925888,"[469, 732, 899, 828, 496]","[0.1762084811925888, 0.12273070216178894, 0.056567493826150894, 0.04875827953219414, 0.038843363523483276]"
blur-strong,ooc,636,520,703,0,0.26324382424354553,"[703, 706, 727, 660, 449]","[0.26324382424354553, 0.09931986033916473, 0.08615539968013763, 0.0797969177365303, 0.050255343317985535]"
blur-strong,ooc,637,458,458,1,0.7516561150550842,"[458, 922, 411, 443, 549]","[0.7516561150550842, 0.172520712018013, 0.027929969131946564, 0.012514627538621426, 0.007077808491885662]"
blur-strong,ooc,638,427,506,0,0.12434019148349762,"[506, 538, 19, 748, 497]","[0.12434019148349762, 0.08376196026802063, 0.06091051548719406, 0.0436156801879406, 0.030488532036542892]"
blur-strong,ooc,639,651,738,0,0.1648850291967392,"[738, 703, 938, 448, 716]","[0.1648850291967392, 0.13850538432598114, 0.10769715905189514, 0.06991232931613922, 0.06765016913414001]"
blur-strong,ooc,640,846,807,0,0.5154716968536377,"[807, 727, 913, 780, 839]","[0.5154716968536377, 0.08405451476573944, 0.06102529913187027, 0.04427777975797653, 0.03400507569313049]"
blur-strong,ooc,641,896,896,1,0.7966623902320862,"[896, 502, 774, 412, 876]","[0.7966623902320862, 0.01582336239516735, 0.013933447189629078, 0.01323994342237711, 0.012905579060316086]"
blur-strong,ooc,642,45,811,0,0.09625192731618881,"[811, 209, 161, 882, 257]","[0.09625192731618881, 0.0600460022687912, 0.04991903528571129, 0.045616548508405685, 0.04383785277605057]"
blur-strong,ooc,643,444,545,0,0.10754815489053726,"[545, 70, 464, 828, 566]","[0.10754815489053726, 0.09787954390048981, 0.07287462055683136, 0.07262283563613892, 0.06277052313089371]"
blur-strong,ooc,644,224,224,1,0.31378212571144104,"[224, 205, 256, 199, 214]","[0.31378212571144104, 0.2894522547721863, 0.11096362769603729, 0.05926062539219856, 0.029653334990143776]"
blur-strong,ooc,645,738,466,0,0.8292017579078674,"[466, 705, 547, 536, 829]","[0.8292017579078674, 0.11095166951417923, 0.04722079262137413, 0.006124706938862801, 0.0009773995261639357]"
blur-strong,ooc,646,495,604,0,0.34421759843826294,"[604, 583, 799, 707, 424]","[0.34421759843826294, 0.14979928731918335, 0.06990738213062286, 0.043484412133693695, 0.030860276892781258]"
blur-strong,ooc,647,354,336,0,0.2711755335330963,"[336, 231, 230, 299, 371]","[0.2711755335330963, 0.08875469863414764, 0.08097979426383972, 0.07328099757432938, 0.05946287885308266]"
blur-strong,ooc,648,315,88,0,0.09472614526748657,"[88, 380, 376, 730, 448]","[0.09472614526748657, 0.06152889132499695, 0.059375081211328506, 0.05433749035000801, 0.043777432292699814]"
blur-strong,ooc,649,728,403,0,0.6827497482299805,"[403, 460, 975, 536, 628]","[0.6827497482299805, 0.20038777589797974, 0.02747288905084133, 0.02578590251505375, 0.0102773392572999]"
blur-strong,ooc,650,715,781,0,0.17507219314575195,"[781, 458, 741, 798, 821]","[0.17507219314575195, 0.14540082216262817, 0.08821848779916763, 0.05581147223711014, 0.0435544028878212]"
blur-strong,ooc,651,284,284,1,0.9794564843177795,"[284, 0, 158, 151, 227]","[0.9794564843177795, 0.007225014269351959, 0.002592812292277813, 0.001910604303702712, 0.0005317592294886708]"
blur-strong,ooc,652,295,295,1,0.2656160891056061,"[295, 294, 150, 296, 224]","[0.2656160891056061, 0.12552691996097565, 0.11311346292495728, 0.04822636395692825, 0.03454773500561714]"
blur-strong,ooc,653,471,872,0,0.06816951930522919,"[872, 593, 199, 420, 889]","[0.06816951930522919, 0.06810752302408218, 0.05510541424155235, 0.05211338400840759, 0.04421618580818176]"
blur-strong,ooc,654,665,665,1,0.7735665440559387,"[665, 770, 490, 545, 464]","[0.7735665440559387, 0.07682858407497406, 0.02295762300491333, 0.010804041288793087, 0.01070285215973854]"
blur-strong,ooc,655,217,518,0,0.2206849604845047,"[518, 80, 195, 200, 87]","[0.2206849604845047, 0.0905349925160408, 0.049031633883714676, 0.0474536195397377, 0.04560763016343117]"
blur-strong,ooc,656,775,7,0,0.3445023000240326,"[7, 8, 274, 989, 992]","[0.3445023000240326, 0.05498234182596207, 0.05057930946350098, 0.046076878905296326, 0.03260834142565727]"
blur-strong,ooc,657,143,9,0,0.06641983985900879,"[9, 792, 104, 286, 50]","[0.06641983985900879, 0.06522586196660995, 0.05122087895870209, 0.048380717635154724, 0.04768731817603111]"
blur-strong,ooc,658,806,576,0,0.08605790883302689,"[576, 514, 786, 875, 486]","[0.08605790883302689, 0.07997593283653259, 0.06616979092359543, 0.06194252148270607, 0.03692733123898506]"
blur-strong,ooc,659,171,171,1,0.08899818360805511,"[171, 253, 172, 178, 208]","[0.08899818360805511, 0.07306012511253357, 0.05535242334008217, 0.05457758530974388, 0.047591157257556915]"
blur-strong,ooc,660,637,637,1,0.6302407383918762,"[637, 571, 437, 707, 867]","[0.6302407383918762, 0.3238109052181244, 0.009403473697602749, 0.0040630437433719635, 0.003947538789361715]"
blur-strong,ooc,661,875,525,0,0.1658751517534256,"[525, 698, 829, 536, 640]","[0.1658751517534256, 0.1461503803730011, 0.06286857277154922, 0.04942207410931587, 0.04755907505750656]"
blur-strong,ooc,662,614,614,1,0.21392743289470673,"[614, 448, 649, 998, 775]","[0.21392743289470673, 0.10463833063840866, 0.07734974473714828, 0.045733679085969925, 0.03891715407371521]"
blur-strong,ooc,663,185,51,0,0.19502390921115875,"[51, 262, 184, 182, 243]","[0.19502390921115875, 0.16108012199401855, 0.1277453601360321, 0.08459500223398209, 0.04498246684670448]"
blur-strong,ooc,664,583,839,0,0.37590453028678894,"[839, 583, 835, 733, 912]","[0.37590453028678894, 0.18853957951068878, 0.17007550597190857, 0.05776938796043396, 0.04082154482603073]"
blur-strong,ooc,665,674,472,0,0.6027282476425171,"[472, 646, 706, 693, 975]","[0.6027282476425171, 0.1504846066236496, 0.04200093820691109, 0.031911395490169525, 0.022523779422044754]"
blur-strong,ooc,666,198,382,0,0.16102448105812073,"[382, 380, 170, 373, 105]","[0.16102448105812073, 0.12739385664463043, 0.07514403015375137, 0.07133952528238297, 0.07044225931167603]"
blur-strong,ooc,667,571,871,0,0.09117012470960617,"[871, 645, 733, 792, 484]","[0.09117012470960617, 0.07545608282089233, 0.05799543857574463, 0.031980570405721664, 0.029980069026350975]"
blur-strong,ooc,668,870,53,0,0.8106580972671509,"[53, 570, 665, 621, 866]","[0.8106580972671509, 0.021966101601719856, 0.018740177154541016, 0.014210473746061325, 0.010598767548799515]"
blur-strong,ooc,669,614,721,0,0.1984391212463379,"[721, 614, 716, 411, 443]","[0.1984391212463379, 0.14132699370384216, 0.07275084406137466, 0.05502079799771309, 0.036414485424757004]"
blur-strong,ooc,670,822,525,0,0.155850350856781,"[525, 472, 386, 814, 391]","[0.155850350856781, 0.09668684750795364, 0.0495256707072258, 0.04524875804781914, 0.03802315890789032]"
blur-strong,ooc,671,216,377,0,0.16023442149162292,"[377, 382, 373, 378, 150]","[0.16023442149162292, 0.13874714076519012, 0.11405738443136215, 0.08796238154172897, 0.0765937864780426]"
blur-strong,ooc,672,209,202,0,0.3868812322616577,"[202, 189, 219, 184, 207]","[0.3868812322616577, 0.18017953634262085, 0.07250381261110306, 0.07095292210578918, 0.07080049812793732]"
blur-strong,ooc,673,775,401,0,0.47557324171066284,"[401, 144, 399, 981, 840]","[0.47557324171066284, 0.1378139853477478, 0.05737156420946121, 0.04264379292726517, 0.017693499103188515]"
blur-strong,ooc,674,559,913,0,0.25361526012420654,"[913, 791, 795, 803, 694]","[0.25361526012420654, 0.13346408307552338, 0.12264956533908844, 0.10056918114423752, 0.057762712240219116]"
blur-strong,ooc,675,830,738,0,0.1771104782819748,"[738, 943, 448, 88, 880]","[0.1771104782819748, 0.05225065350532532, 0.043409910053014755, 0.041898466646671295, 0.0302993506193161]"
blur-strong,ooc,676,532,272,0,0.25744524598121643,"[272, 425, 730, 133, 912]","[0.25744524598121643, 0.15254652500152588, 0.04512941092252731, 0.043192051351070404, 0.024571135640144348]"
blur-strong,ooc,677,233,267,0,0.13781645894050598,"[267, 8, 266, 23, 364]","[0.13781645894050598, 0.09917236864566803, 0.09604545682668686, 0.05833446606993675, 0.0543944425880909]"
blur-strong,ooc,678,765,839,0,0.1529836654663086,"[839, 765, 661, 428, 703]","[0.1529836654663086, 0.12795020639896393, 0.09449305385351181, 0.07646196335554123, 0.050385911017656326]"
blur-strong,ooc,679,428,536,0,0.15638941526412964,"[536, 471, 706, 603, 460]","[0.15638941526412964, 0.15615111589431763, 0.10562308132648468, 0.049621570855379105, 0.048054344952106476]"
blur-strong,ooc,680,765,795,0,0.2167794406414032,"[795, 758, 908, 701, 913]","[0.2167794406414032, 0.07700762897729874, 0.0759006142616272, 0.05502956733107567, 0.05461324751377106]"
blur-strong,ooc,681,420,349,0,0.22370652854442596,"[349, 348, 286, 138, 225]","[0.22370652854442596, 0.1755000352859497, 0.12340035289525986, 0.029894458130002022, 0.028140079230070114]"
blur-strong,ooc,682,571,732,0,0.8622266054153442,"[732, 707, 482, 632, 848]","[0.8622266054153442, 0.051715392619371414, 0.01002808753401041, 0.009986134245991707, 0.007525553461164236]"
blur-strong,ooc,683,177,939,0,0.08859749883413315,"[939, 36, 992, 61, 50]","[0.08859749883413315, 0.05333366617560387, 0.04500259831547737, 0.041772641241550446, 0.038104347884655]"
blur-strong,ooc,684,846,871,0,0.2132037729024887,"[871, 780, 144, 146, 733]","[0.2132037729024887, 0.14347773790359497, 0.1072588711977005, 0.10359583795070648, 0.06901003420352936]"
blur-strong,ooc,685,236,552,0,0.10206902027130127,"[552, 391, 693, 570, 486]","[0.10206902027130127, 0.09742207080125809, 0.08976079523563385, 0.06612830609083176, 0.0611841194331646]"
blur-strong,ooc,686,201,706,0,0.2843533158302307,"[706, 428, 646, 472, 977]","[0.2843533158302307, 0.14224344491958618, 0.10349319875240326, 0.055893674492836, 0.052428942173719406]"
blur-strong,ooc,687,953,791,0,0.2099255919456482,"[791, 48, 334, 39, 50]","[0.2099255919456482, 0.12654659152030945, 0.10539316385984421, 0.07786501199007034, 0.05580896884202957]"
blur-strong,ooc,688,637,637,1,0.78754061460495,"[637, 480, 707, 799, 648]","[0.78754061460495, 0.04846664145588875, 0.03494581952691078, 0.02693202532827854, 0.021174779161810875]"
blur-strong,ooc,689,420,91,0,0.12052686512470245,"[91, 325, 92, 989, 420]","[0.12052686512470245, 0.11492837220430374, 0.07495339959859848, 0.053549159318208694, 0.03736494481563568]"
blur-strong,ooc,690,602,839,0,0.32055598497390747,"[839, 602, 890, 313, 645]","[0.32055598497390747, 0.29170870780944824, 0.10495226085186005, 0.09409186989068985, 0.014331646263599396]"
blur-strong,ooc,691,806,970,0,0.3744383156299591,"[970, 628, 977, 832, 716]","[0.3744383156299591, 0.07372227311134338, 0.05403537675738335, 0.040126241743564606, 0.03673040121793747]"
blur-strong,ooc,692,608,917,0,0.45696011185646057,"[917, 541, 808, 787, 612]","[0.45696011185646057, 0.04597329720854759, 0.042495809495449066, 0.039701323956251144, 0.03252597525715828]"
blur-strong,ooc,693,775,233,0,0.09854207932949066,"[233, 189, 331, 815, 299]","[0.09854207932949066, 0.06746184080839157, 0.04716252163052559, 0.04566144198179245, 0.03840585798025131]"
blur-strong,ooc,694,614,518,0,0.29302355647087097,"[518, 139, 981, 212, 701]","[0.29302355647087097, 0.12633483111858368, 0.0737975686788559, 0.048683665692806244, 0.047269780188798904]"
blur-strong,ooc,695,728,756,0,0.22533930838108063,"[756, 150, 412, 469, 536]","[0.22533930838108063, 0.13731013238430023, 0.12586486339569092, 0.10100340843200684, 0.03328985720872879]"
blur-strong,ooc,696,836,337,0,0.34549158811569214,"[337, 646, 84, 858, 137]","[0.34549158811569214, 0.129106804728508, 0.082582026720047, 0.03039846010506153, 0.024478621780872345]"
blur-strong,ooc,697,361,429,0,0.18680818378925323,"[429, 787, 796, 235, 195]","[0.18680818378925323, 0.13549353182315826, 0.04848132282495499, 0.041339002549648285, 0.03646518662571907]"
blur-strong,ooc,698,842,498,0,0.2954750657081604,"[498, 698, 645, 682, 497]","[0.2954750657081604, 0.15783801674842834, 0.08707612007856369, 0.08251319825649261, 0.06581117957830429]"
blur-strong,ooc,699,444,58,0,0.1015591099858284,"[58, 85, 986, 375, 30]","[0.1015591099858284, 0.07315709441900253, 0.051008500158786774, 0.04071356728672981, 0.027911528944969177]"
blur-strong,ooc,700,364,853,0,0.17034347355365753,"[853, 358, 994, 496, 287]","[0.17034347355365753, 0.052326519042253494, 0.04902346804738045, 0.032120585441589355, 0.030373642221093178]"
blur-strong,ooc,701,707,489,0,0.1156519278883934,"[489, 915, 410, 89, 574]","[0.1156519278883934, 0.0907089114189148, 0.08675917983055115, 0.06459888815879822, 0.04117825627326965]"
blur-strong,ooc,702,151,614,0,0.2628021240234375,"[614, 955, 381, 939, 380]","[0.2628021240234375, 0.14981627464294434, 0.061906930059194565, 0.037129614502191544, 0.03434167057275772]"
blur-strong,ooc,703,765,791,0,0.45122095942497253,"[791, 489, 765, 565, 912]","[0.45122095942497253, 0.15564584732055664, 0.0872320830821991, 0.03799257427453995, 0.03759344294667244]"
blur-strong,ooc,704,571,919,0,0.13616077601909637,"[919, 621, 920, 410, 675]","[0.13616077601909637, 0.060876116156578064, 0.05953418090939522, 0.054353345185518265, 0.05039885640144348]"
blur-strong,ooc,705,197,80,0,0.2239823341369629,"[80, 224, 240, 366, 367]","[0.2239823341369629, 0.0481213703751564, 0.04399148374795914, 0.04311346635222435, 0.043038494884967804]"
blur-strong,ooc,706,681,946,0,0.13518179953098297,"[946, 668, 883, 690, 698]","[0.13518179953098297, 0.0494510754942894, 0.042989231646060944, 0.04095529019832611, 0.040899161249399185]"
blur-strong,ooc,707,382,21,0,0.17535626888275146,"[21, 10, 311, 16, 43]","[0.17535626888275146, 0.13588891923427582, 0.1263234168291092, 0.0541723407804966, 0.03868802264332771]"
blur-strong,ooc,708,765,743,0,0.18072402477264404,"[743, 706, 556, 292, 554]","[0.18072402477264404, 0.1314789056777954, 0.10241061449050903, 0.08152826130390167, 0.03715899959206581]"
blur-strong,ooc,709,559,539,0,0.22506803274154663,"[539, 882, 630, 939, 695]","[0.22506803274154663, 0.07236715406179428, 0.06718741357326508, 0.04772650822997093, 0.035984691232442856]"
blur-strong,ooc,710,708,857,0,0.655427873134613,"[857, 406, 800, 741, 778]","[0.655427873134613, 0.1032019630074501, 0.05144127085804939, 0.02483169175684452, 0.01052924059331417]"
blur-strong,ooc,711,202,270,0,0.3504911959171295,"[270, 296, 222, 190, 257]","[0.3504911959171295, 0.3037935495376587, 0.06900251656770706, 0.034556496888399124, 0.030247485265135765]"
blur-strong,ooc,712,469,858,0,0.2810512185096741,"[858, 917, 582, 955, 634]","[0.2810512185096741, 0.0763598084449768, 0.05830220878124237, 0.05681157484650612, 0.04157157242298126]"
blur-strong,ooc,713,875,618,0,0.26765939593315125,"[618, 843, 494, 816, 420]","[0.26765939593315125, 0.22930459678173065, 0.05066363513469696, 0.04044642299413681, 0.03115137480199337]"
blur-strong,ooc,714,284,159,0,0.1469210386276245,"[159, 345, 150, 350, 349]","[0.1469210386276245, 0.13510845601558685, 0.09294044971466064, 0.07815705239772797, 0.0627959817647934]"
blur-strong,ooc,715,199,7,0,0.20477470755577087,"[7, 381, 727, 888, 8]","[0.20477470755577087, 0.03792261332273483, 0.028908392414450645, 0.02804998680949211, 0.026204712688922882]"
blur-strong,ooc,716,529,490,0,0.11419364809989929,"[490, 615, 556, 208, 678]","[0.11419364809989929, 0.057425327599048615, 0.049976035952568054, 0.04155001789331436, 0.032539062201976776]"
blur-strong,ooc,717,157,263,0,0.7362066507339478,"[263, 151, 193, 187, 162]","[0.7362066507339478, 0.05900770425796509, 0.042593032121658325, 0.03095236048102379, 0.020654061809182167]"
blur-strong,ooc,718,850,336,0,0.17680326104164124,"[336, 372, 274, 298, 8]","[0.17680326104164124, 0.06128540262579918, 0.05247054621577263, 0.050763506442308426, 0.05004807561635971]"
blur-strong,ooc,719,529,792,0,0.06174164265394211,"[792, 134, 132, 23, 84]","[0.06174164265394211, 0.060808807611465454, 0.0511997789144516, 0.0495159886777401, 0.04925410449504852]"
blur-strong,ooc,720,186,21,0,0.2066594511270523,"[21, 186, 182, 253, 16]","[0.2066594511270523, 0.07816323637962341, 0.06694211810827255, 0.05373622849583626, 0.04797898977994919]"
blur-strong,ooc,721,361,361,1,0.9953138828277588,"[361, 338, 362, 244, 239]","[0.9953138828277588, 0.0006119837053120136, 0.0004755958798341453, 0.00041777940350584686, 0.00019390933448448777]"
blur-strong,ooc,722,684,251,0,0.36445966362953186,"[251, 270, 258, 474, 181]","[0.36445966362953186, 0.0855330228805542, 0.07641720026731491, 0.05012226477265358, 0.04822026938199997]"
blur-strong,ooc,723,846,831,0,0.18151836097240448,"[831, 738, 942, 428, 262]","[0.18151836097240448, 0.05169219151139259, 0.05039823055267334, 0.04391868785023689, 0.02382785640656948]"
blur-strong,ooc,724,156,382,0,0.14305658638477325,"[382, 168, 932, 274, 376]","[0.14305658638477325, 0.10093818604946136, 0.07251676917076111, 0.06902117282152176, 0.05354190617799759]"
blur-strong,ooc,725,175,130,0,0.23577068746089935,"[130, 360, 202, 294, 134]","[0.23577068746089935, 0.06858138740062714, 0.06252063810825348, 0.051745787262916565, 0.031265340745449066]"
blur-strong,ooc,726,258,258,1,0.8212884068489075,"[258, 222, 296, 249, 260]","[0.8212884068489075, 0.025992484763264656, 0.025427713990211487, 0.015626033768057823, 0.01380222849547863]"
blur-strong,ooc,727,254,243,0,0.28404951095581055,"[243, 254, 246, 105, 225]","[0.28404951095581055, 0.1511455774307251, 0.1054501160979271, 0.09126155078411102, 0.05910574272274971]"
blur-strong,ooc,728,529,395,0,0.1178397461771965,"[395, 672, 48, 646, 84]","[0.1178397461771965, 0.10530870407819748, 0.09555202722549438, 0.09205559641122818, 0.0407484732568264]"
blur-strong,ooc,729,267,338,0,0.18115434050559998,"[338, 850, 181, 267, 265]","[0.18115434050559998, 0.17727597057819366, 0.11257421970367432, 0.07295150309801102, 0.05296428129076958]"
blur-strong,ooc,730,257,805,0,0.2926284074783325,"[805, 258, 203, 433, 257]","[0.2926284074783325, 0.18374933302402496, 0.1109338253736496, 0.04170779883861542, 0.037207573652267456]"
blur-strong,ooc,731,529,274,0,0.12503856420516968,"[274, 293, 104, 331, 9]","[0.12503856420516968, 0.12467110902070999, 0.10901575535535812, 0.08811055123806, 0.07236594706773758]"
blur-strong,ooc,732,765,694,0,0.1572248488664627,"[694, 765, 150, 842, 775]","[0.1572248488664627, 0.11484532803297043, 0.05399331450462341, 0.045183029025793076, 0.04010164737701416]"
blur-strong,ooc,733,532,795,0,0.5162144303321838,"[795, 537, 802, 914, 557]","[0.5162144303321838, 0.04602309688925743, 0.02868671901524067, 0.023473916575312614, 0.02255477011203766]"
blur-strong,ooc,734,227,42,0,0.3278476893901825,"[42, 972, 144, 99, 47]","[0.3278476893901825, 0.257381409406662, 0.07703899592161179, 0.05525364726781845, 0.027937885373830795]"
blur-strong,ooc,735,520,660,0,0.3660537004470825,"[660, 765, 857, 703, 421]","[0.3660537004470825, 0.148400217294693, 0.07070806622505188, 0.05963348597288132, 0.0234752856194973]"
blur-strong,ooc,736,999,620,0,0.19582794606685638,"[620, 747, 786, 722, 486]","[0.19582794606685638, 0.07868821173906326, 0.06417837738990784, 0.026342157274484634, 0.024657227098941803]"
blur-strong,ooc,737,174,39,0,0.18511906266212463,"[39, 343, 336, 372, 271]","[0.18511906266212463, 0.11744707822799683, 0.09885471314191818, 0.06248856335878372, 0.05486646667122841]"
blur-strong,ooc,738,841,610,0,0.6613805294036865,"[610, 841, 652, 655, 474]","[0.6613805294036865, 0.0820552185177803, 0.039990443736314774, 0.01369069330394268, 0.010332169011235237]"
blur-strong,ooc,739,846,704,0,0.16377587616443634,"[704, 463, 417, 447, 414]","[0.16377587616443634, 0.12063909322023392, 0.11560562252998352, 0.030082613229751587, 0.025925640016794205]"
blur-strong,ooc,740,999,782,0,0.21964477002620697,"[782, 632, 706, 527, 708]","[0.21964477002620697, 0.12161894887685776, 0.08588674664497375, 0.0820879340171814, 0.05276020988821983]"
blur-strong,ooc,741,258,258,1,0.6920360922813416,"[258, 257, 359, 222, 87]","[0.6920360922813416, 0.10575869679450989, 0.03097677230834961, 0.018763381987810135, 0.013241027481853962]"
blur-strong,ooc,742,851,831,0,0.4020010828971863,"[831, 532, 526, 765, 804]","[0.4020010828971863, 0.28483590483665466, 0.02649548277258873, 0.023303600028157234, 0.020578457042574883]"
blur-strong,ooc,743,423,695,0,0.793382465839386,"[695, 428, 370, 652, 346]","[0.793382465839386, 0.032126687467098236, 0.02147417888045311, 0.00872732326388359, 0.007392052561044693]"
blur-strong,ooc,744,233,197,0,0.19721856713294983,"[197, 255, 240, 344, 241]","[0.19721856713294983, 0.1449211686849594, 0.13593430817127228, 0.06991615146398544, 0.050660450011491776]"
blur-strong,ooc,745,253,534,0,0.3286774158477783,"[534, 478, 253, 242, 172]","[0.3286774158477783, 0.051583431661129, 0.029863083735108376, 0.025663869455456734, 0.02442958578467369]"
blur-strong,ooc,746,655,880,0,0.07972829788923264,"[880, 829, 663, 718, 160]","[0.07972829788923264, 0.06944449245929718, 0.058003075420856476, 0.05640560761094093, 0.05085360258817673]"
blur-strong,ooc,747,422,653,0,0.20777466893196106,"[653, 846, 463, 756, 876]","[0.20777466893196106, 0.0716739222407341, 0.05853074789047241, 0.057623252272605896, 0.04322904720902443]"
blur-strong,ooc,748,765,791,0,0.34898167848587036,"[791, 611, 428, 489, 637]","[0.34898167848587036, 0.13224467635154724, 0.05554691329598427, 0.04113273695111275, 0.039257779717445374]"
blur-strong,ooc,749,545,39,0,0.3418891131877899,"[39, 37, 48, 35, 64]","[0.3418891131877899, 0.2140691578388214, 0.031845226883888245, 0.02817673608660698, 0.023175297304987907]"
blur-strong,ooc,750,841,657,0,0.1102587953209877,"[657, 744, 73, 774, 557]","[0.1102587953209877, 0.07663062959909439, 0.06940287351608276, 0.054096516221761703, 0.03305701166391373]"
blur-strong,ooc,751,655,839,0,0.2807679772377014,"[839, 660, 448, 637, 483]","[0.2807679772377014, 0.07026680558919907, 0.05367782339453697, 0.04907280206680298, 0.0427207425236702]"
blur-strong,ooc,752,846,900,0,0.779268741607666,"[900, 839, 442, 791, 489]","[0.779268741607666, 0.03851757571101189, 0.03421318903565407, 0.018901435658335686, 0.018510038033127785]"
blur-strong,ooc,753,999,970,0,0.5229699015617371,"[970, 150, 842, 978, 460]","[0.5229699015617371, 0.06402958184480667, 0.052039843052625656, 0.04805377498269081, 0.04613311588764191]"
blur-strong,ooc,754,841,879,0,0.10979561507701874,"[879, 89, 984, 391, 129]","[0.10979561507701874, 0.038480184972286224, 0.037599436938762665, 0.026316815987229347, 0.026208942756056786]"
blur-strong,ooc,755,655,815,0,0.3973609209060669,"[815, 955, 863, 580, 738]","[0.3973609209060669, 0.11151422560214996, 0.04363463073968887, 0.03669622167944908, 0.030932554975152016]"
blur-strong,ooc,756,579,579,1,0.19226349890232086,"[579, 46, 881, 765, 421]","[0.19226349890232086, 0.17133864760398865, 0.1426944136619568, 0.1024954691529274, 0.08776688575744629]"
blur-strong,ooc,757,198,198,1,0.480347603559494,"[198, 254, 39, 248, 196]","[0.480347603559494, 0.08851528912782669, 0.06164030730724335, 0.04589236527681351, 0.03447576239705086]"
blur-strong,ooc,758,614,775,0,0.27831313014030457,"[775, 614, 552, 578, 608]","[0.27831313014030457, 0.1747315376996994, 0.11689377576112747, 0.11077439039945602, 0.041173987090587616]"
blur-strong,ooc,759,689,887,0,0.25435110926628113,"[887, 84, 614, 226, 929]","[0.25435110926628113, 0.16914181411266327, 0.09279465675354004, 0.07057338207960129, 0.03279789537191391]"
blur-strong,ooc,760,863,863,1,0.2105444222688675,"[863, 454, 624, 424, 788]","[0.2105444222688675, 0.1750393807888031, 0.11784662306308746, 0.05888620391488075, 0.049805883318185806]"
blur-strong,ooc,761,851,913,0,0.13834059238433838,"[913, 701, 895, 492, 727]","[0.13834059238433838, 0.06853308528661728, 0.059517424553632736, 0.04623301699757576, 0.04459460452198982]"
blur-strong,ooc,762,444,444,1,0.3270208239555359,"[444, 879, 748, 893, 428]","[0.3270208239555359, 0.16781222820281982, 0.04543263837695122, 0.03702905774116516, 0.030574403703212738]"
blur-strong,ooc,763,230,575,0,0.2480248212814331,"[575, 920, 385, 733, 661]","[0.2480248212814331, 0.20507341623306274, 0.037104103714227676, 0.034327827394008636, 0.028727388009428978]"
blur-strong,ooc,764,254,496,0,0.2745782732963562,"[496, 478, 151, 516, 245]","[0.2745782732963562, 0.09872693568468094, 0.07201515138149261, 0.04741600155830383, 0.04300949349999428]"
blur-strong,ooc,765,199,199,1,0.23560182750225067,"[199, 224, 205, 379, 197]","[0.23560182750225067, 0.22912272810935974, 0.14728690683841705, 0.06659697741270065, 0.06349106878042221]"
blur-strong,ooc,766,493,660,0,0.227637380361557,"[660, 571, 707, 637, 458]","[0.227637380361557, 0.20112065970897675, 0.16434350609779358, 0.0643158107995987, 0.0339888334274292]"
blur-strong,ooc,767,882,998,0,0.19329127669334412,"[998, 133, 52, 27, 953]","[0.19329127669334412, 0.1521551012992859, 0.05430702865123749, 0.03884725272655487, 0.03370313718914986]"
blur-strong,ooc,768,739,768,0,0.09009819477796555,"[768, 474, 501, 198, 657]","[0.09009819477796555, 0.04549118131399155, 0.04144667088985443, 0.03735317289829254, 0.036632638424634933]"
blur-strong,ooc,769,846,15,0,0.333685040473938,"[15, 17, 832, 353, 14]","[0.333685040473938, 0.2346288114786148, 0.06328024715185165, 0.055758677423000336, 0.020099980756640434]"
blur-strong,ooc,770,614,775,0,0.3791830837726593,"[775, 638, 639, 614, 235]","[0.3791830837726593, 0.2591474652290344, 0.13898229598999023, 0.022055551409721375, 0.020215699449181557]"
blur-strong,ooc,771,579,738,0,0.3711159825325012,"[738, 939, 703, 428, 956]","[0.3711159825325012, 0.05151185020804405, 0.0491095595061779, 0.03832947090268135, 0.037043247371912]"
blur-strong,ooc,772,882,671,0,0.1597539186477661,"[671, 839, 525, 880, 706]","[0.1597539186477661, 0.1198292076587677, 0.06323347985744476, 0.06219818815588951, 0.04988231137394905]"
blur-strong,ooc,773,778,545,0,0.30317023396492004,"[545, 594, 828, 778, 872]","[0.30317023396492004, 0.2324901521205902, 0.09694812446832657, 0.039462629705667496, 0.028847860172390938]"
blur-strong,ooc,774,882,506,0,0.5998708605766296,"[506, 462, 743, 911, 695]","[0.5998708605766296, 0.07875365018844604, 0.029471706598997116, 0.02598833478987217, 0.022450439631938934]"
blur-strong,ooc,775,550,576,0,0.3929009437561035,"[576, 803, 510, 483, 829]","[0.3929009437561035, 0.15020300447940826, 0.11943373084068298, 0.055351849645376205, 0.04573246091604233]"
blur-strong,ooc,776,284,349,0,0.2851051092147827,"[349, 350, 30, 20, 137]","[0.2851051092147827, 0.1463768035173416, 0.06701350957155228, 0.04822688177227974, 0.028730405494570732]"
blur-strong,ooc,777,851,833,0,0.3147459924221039,"[833, 851, 632, 754, 598]","[0.3147459924221039, 0.1588442474603653, 0.08665590733289719, 0.06688571721315384, 0.03537365049123764]"
blur-strong,ooc,778,651,579,0,0.3037543296813965,"[579, 404, 449, 920, 762]","[0.3037543296813965, 0.1773071140050888, 0.12472354620695114, 0.0690191388130188, 0.025456475093960762]"
blur-strong,ooc,779,681,492,0,0.42233914136886597,"[492, 526, 726, 519, 742]","[0.42233914136886597, 0.36366960406303406, 0.048265062272548676, 0.02939184382557869, 0.019694020971655846]"
blur-strong,ooc,780,420,805,0,0.17905904352664948,"[805, 958, 768, 429, 746]","[0.17905904352664948, 0.05915234610438347, 0.0415465421974659, 0.0361354723572731, 0.03561287373304367]"
blur-strong,ooc,781,532,706,0,0.271588534116745,"[706, 835, 428, 908, 879]","[0.271588534116745, 0.1286933571100235, 0.061718251556158066, 0.060941532254219055, 0.05371920019388199]"
blur-strong,ooc,782,423,663,0,0.13632699847221375,"[663, 723, 497, 693, 639]","[0.13632699847221375, 0.1228000596165657, 0.07500062882900238, 0.05747547745704651, 0.04129180684685707]"
blur-strong,ooc,783,201,108,0,0.32570669054985046,"[108, 107, 973, 393, 584]","[0.32570669054985046, 0.10608460754156113, 0.10249050706624985, 0.060109928250312805, 0.05281835421919823]"
blur-strong,ooc,784,690,340,0,0.2973872125148773,"[340, 293, 269, 410, 730]","[0.2973872125148773, 0.14175331592559814, 0.04748567193746567, 0.038991156965494156, 0.032028257846832275]"
blur-strong,ooc,785,807,807,1,0.6865233778953552,"[807, 131, 87, 545, 559]","[0.6865233778953552, 0.0430121049284935, 0.03337506204843521, 0.017723940312862396, 0.013232206925749779]"
blur-strong,ooc,786,836,144,0,0.10466917604207993,"[144, 497, 670, 146, 972]","[0.10466917604207993, 0.07281111180782318, 0.0703645721077919, 0.047247521579265594, 0.04262309521436691]"
blur-strong,ooc,787,779,779,1,0.8772426247596741,"[779, 408, 595, 803, 517]","[0.8772426247596741, 0.01869194582104683, 0.011383194476366043, 0.007307894062250853, 0.007227984257042408]"
blur-strong,ooc,788,872,559,0,0.14900565147399902,"[559, 620, 421, 872, 879]","[0.14900565147399902, 0.08322792500257492, 0.07183356583118439, 0.06970732659101486, 0.06164487823843956]"
blur-strong,ooc,789,516,672,0,0.4405754804611206,"[672, 914, 835, 666, 728]","[0.4405754804611206, 0.18666066229343414, 0.15897363424301147, 0.016690947115421295, 0.014709999784827232]"
blur-strong,ooc,790,807,411,0,0.18575914204120636,"[411, 637, 955, 720, 478]","[0.18575914204120636, 0.08770089596509933, 0.03842701390385628, 0.036403410136699677, 0.03236091881990433]"
blur-strong,ooc,791,880,970,0,0.2986162304878235,"[970, 270, 977, 146, 348]","[0.2986162304878235, 0.10379180312156677, 0.06323842704296112, 0.03971473500132561, 0.03532729297876358]"
blur-strong,ooc,792,678,863,0,0.33559462428092957,"[863, 199, 375, 953, 975]","[0.33559462428092957, 0.0619112104177475, 0.04624658450484276, 0.042853549122810364, 0.02944754809141159]"
blur-strong,ooc,793,603,56,0,0.34480395913124084,"[56, 307, 50, 303, 661]","[0.34480395913124084, 0.21113696694374084, 0.10194582492113113, 0.06304680556058884, 0.030285753309726715]"
blur-strong,ooc,794,665,812,0,0.6803321838378906,"[812, 819, 917, 562, 427]","[0.6803321838378906, 0.01834368146955967, 0.015624241903424263, 0.011704064905643463, 0.011651298962533474]"
blur-strong,ooc,795,541,978,0,0.2922528386116028,"[978, 144, 977, 492, 484]","[0.2922528386116028, 0.19574707746505737, 0.18877756595611572, 0.048268262296915054, 0.03701533377170563]"
blur-strong,ooc,796,704,704,1,0.39948853850364685,"[704, 430, 915, 890, 787]","[0.39948853850364685, 0.36413517594337463, 0.02691030688583851, 0.011721404269337654, 0.011577390134334564]"
blur-strong,ooc,797,770,630,0,0.2829553484916687,"[630, 51, 770, 514, 676]","[0.2829553484916687, 0.2618606686592102, 0.05903015285730362, 0.032810892909765244, 0.02929171733558178]"
blur-strong,ooc,798,428,735,0,0.15569543838500977,"[735, 99, 67, 50, 562]","[0.15569543838500977, 0.06632069498300552, 0.04249737039208412, 0.026940127834677696, 0.02683979645371437]"
blur-strong,ooc,799,637,939,0,0.13311976194381714,"[939, 303, 738, 304, 816]","[0.13311976194381714, 0.09695088118314743, 0.07593823224306107, 0.0419066920876503, 0.029775386676192284]"
blur-strong,ooc,800,879,412,0,0.15584029257297516,"[412, 882, 695, 491, 637]","[0.15584029257297516, 0.09689835458993912, 0.09487295150756836, 0.06055503711104393, 0.03149470314383507]"
blur-strong,ooc,801,869,880,0,0.21652750670909882,"[880, 251, 981, 444, 770]","[0.21652750670909882, 0.16923174262046814, 0.11594922095537186, 0.07181615382432938, 0.04070453345775604]"
blur-strong,ooc,802,690,649,0,0.20375938713550568,"[649, 888, 972, 958, 825]","[0.20375938713550568, 0.11305542290210724, 0.10098159313201904, 0.08469276875257492, 0.05988915637135506]"
blur-strong,ooc,803,822,349,0,0.07813126593828201,"[349, 127, 132, 442, 94]","[0.07813126593828201, 0.06484460085630417, 0.04909968376159668, 0.04590630158782005, 0.044700849801301956]"
blur-strong,ooc,804,880,23,0,0.13477329909801483,"[23, 21, 514, 649, 652]","[0.13477329909801483, 0.12631244957447052, 0.11553061753511429, 0.10565541684627533, 0.05018902197480202]"
blur-strong,ooc,805,612,444,0,0.1861998438835144,"[444, 880, 420, 882, 774]","[0.1861998438835144, 0.07638092339038849, 0.06928274780511856, 0.05328303202986717, 0.04902464151382446]"
blur-strong,ooc,806,879,955,0,0.5093251466751099,"[955, 456, 787, 838, 51]","[0.5093251466751099, 0.08995585888624191, 0.04279593378305435, 0.034393925219774246, 0.03365989029407501]"
blur-strong,ooc,807,603,603,1,0.14044512808322906,"[603, 428, 611, 99, 537]","[0.14044512808322906, 0.09244898706674576, 0.036972030997276306, 0.030184179544448853, 0.025822749361395836]"
blur-strong,ooc,808,707,261,0,0.09989213198423386,"[261, 286, 171, 293, 621]","[0.09989213198423386, 0.05901017785072327, 0.0520135872066021, 0.045106012374162674, 0.04351614788174629]"
blur-strong,ooc,809,751,730,0,0.14511431753635406,"[730, 595, 609, 649, 913]","[0.14511431753635406, 0.11099667102098465, 0.09379485994577408, 0.06202080473303795, 0.061988044530153275]"
blur-strong,ooc,810,407,436,0,0.7250449061393738,"[436, 468, 717, 407, 656]","[0.7250449061393738, 0.07101378589868546, 0.04978141933679581, 0.04304785653948784, 0.03559350222349167]"
blur-strong,ooc,811,791,420,0,0.07000119239091873,"[420, 402, 777, 539, 597]","[0.07000119239091873, 0.04515855386853218, 0.037385307252407074, 0.03599601984024048, 0.03038860857486725]"
blur-strong,ooc,812,645,707,0,0.17702807486057281,"[707, 799, 571, 775, 708]","[0.17702807486057281, 0.1358179897069931, 0.09197453409433365, 0.09087317436933517, 0.06698485463857651]"
blur-strong,ooc,813,879,564,0,0.13124431669712067,"[564, 664, 789, 527, 915]","[0.13124431669712067, 0.1217510998249054, 0.11331775039434433, 0.046296242624521255, 0.044068507850170135]"
blur-strong,ooc,814,612,863,0,0.6433670520782471,"[863, 612, 779, 920, 491]","[0.6433670520782471, 0.10616078227758408, 0.03922883793711662, 0.03726807236671448, 0.016600558534264565]"
blur-strong,ooc,815,468,621,0,0.7316997051239014,"[621, 144, 866, 805, 251]","[0.7316997051239014, 0.026375839486718178, 0.023962514474987984, 0.022044587880373, 0.019996490329504013]"
blur-strong,ooc,816,603,311,0,0.2185283601284027,"[311, 77, 889, 486, 312]","[0.2185283601284027, 0.14887893199920654, 0.1289190649986267, 0.07097182422876358, 0.06078420951962471]"
blur-strong,ooc,817,670,471,0,0.18860527873039246,"[471, 665, 603, 870, 661]","[0.18860527873039246, 0.18642111122608185, 0.12006983160972595, 0.06541169434785843, 0.0570584312081337]"
blur-strong,ooc,818,468,665,0,0.39332738518714905,"[665, 491, 830, 559, 870]","[0.39332738518714905, 0.16382960975170135, 0.10403022915124893, 0.06985630840063095, 0.042178135365247726]"
blur-strong,ooc,819,830,701,0,0.30019381642341614,"[701, 920, 494, 778, 409]","[0.30019381642341614, 0.07218626886606216, 0.040751222521066666, 0.036110036075115204, 0.028756655752658844]"
blur-strong,ooc,820,670,450,0,0.5682229995727539,"[450, 746, 817, 719, 740]","[0.5682229995727539, 0.0777144655585289, 0.07692607492208481, 0.035268932580947876, 0.02008005604147911]"
blur-strong,ooc,821,807,448,0,0.7327390313148499,"[448, 914, 484, 609, 458]","[0.7327390313148499, 0.027663277462124825, 0.02443094551563263, 0.016616662964224815, 0.015757521614432335]"
blur-strong,ooc,822,602,437,0,0.3811134696006775,"[437, 900, 821, 972, 682]","[0.3811134696006775, 0.22145701944828033, 0.10508885234594345, 0.04120243340730667, 0.03480927273631096]"
blur-strong,ooc,823,439,799,0,0.8770697116851807,"[799, 583, 877, 707, 495]","[0.8770697116851807, 0.011893060058355331, 0.008246241137385368, 0.007913628593087196, 0.004985392093658447]"
blur-strong,ooc,824,198,198,1,0.27188408374786377,"[198, 355, 187, 226, 194]","[0.27188408374786377, 0.12884433567523956, 0.08761167526245117, 0.033406686037778854, 0.03177787736058235]"
blur-strong,ooc,825,559,628,0,0.1091880276799202,"[628, 755, 979, 812, 483]","[0.1091880276799202, 0.10398039221763611, 0.08474703133106232, 0.08228711783885956, 0.07393592596054077]"
blur-strong,ooc,826,919,454,0,0.33184611797332764,"[454, 877, 424, 624, 840]","[0.33184611797332764, 0.0746476873755455, 0.060440752655267715, 0.05510152131319046, 0.04832065850496292]"
blur-strong,ooc,827,665,791,0,0.20708374679088593,"[791, 522, 621, 429, 738]","[0.20708374679088593, 0.17706580460071564, 0.05651498958468437, 0.04524095356464386, 0.031099330633878708]"
blur-strong,ooc,828,919,920,0,0.12605978548526764,"[920, 752, 407, 549, 908]","[0.12605978548526764, 0.07881671190261841, 0.06930825859308243, 0.05639446899294853, 0.055916931480169296]"
blur-strong,ooc,829,557,562,0,0.33263301849365234,"[562, 682, 525, 727, 257]","[0.33263301849365234, 0.07714063674211502, 0.04548490047454834, 0.02537798322737217, 0.024424849078059196]"
blur-strong,ooc,830,864,289,0,0.15716540813446045,"[289, 500, 825, 611, 471]","[0.15716540813446045, 0.1278068721294403, 0.08987029641866684, 0.051352135837078094, 0.048303842544555664]"
blur-strong,ooc,831,880,839,0,0.28681355714797974,"[839, 101, 970, 853, 858]","[0.28681355714797974, 0.1018085777759552, 0.08243224024772644, 0.06055168807506561, 0.051160991191864014]"
blur-strong,ooc,832,870,421,0,0.3574255108833313,"[421, 765, 792, 489, 871]","[0.3574255108833313, 0.1285354495048523, 0.07842706143856049, 0.049022965133190155, 0.03377683088183403]"
blur-strong,ooc,833,439,443,0,0.32886189222335815,"[443, 515, 999, 805, 434]","[0.32886189222335815, 0.08676730841398239, 0.05653686076402664, 0.050507452338933945, 0.04708193615078926]"
blur-strong,ooc,834,728,472,0,0.2406720519065857,"[472, 250, 277, 792, 273]","[0.2406720519065857, 0.0807991474866867, 0.03298955783247948, 0.03185481205582619, 0.021694699302315712]"
blur-strong,ooc,835,920,784,0,0.2506784498691559,"[784, 523, 744, 657, 872]","[0.2506784498691559, 0.0876031145453453, 0.05492487549781799, 0.04370956867933273, 0.03659333288669586]"
blur-strong,ooc,836,608,411,0,0.18346457183361053,"[411, 920, 863, 448, 721]","[0.18346457183361053, 0.18194589018821716, 0.12662877142429352, 0.1237526386976242, 0.04238750413060188]"
blur-strong,ooc,837,919,453,0,0.9298952221870422,"[453, 648, 495, 894, 860]","[0.9298952221870422, 0.007043181918561459, 0.004972184542566538, 0.0037316768430173397, 0.002824222669005394]"
blur-strong,ooc,838,612,612,1,0.5131343007087708,"[612, 491, 791, 621, 597]","[0.5131343007087708, 0.06912649422883987, 0.04879070445895195, 0.033776842057704926, 0.024978958070278168]"
blur-strong,ooc,839,919,787,0,0.6999512910842896,"[787, 410, 251, 490, 383]","[0.6999512910842896, 0.06871134042739868, 0.016053805127739906, 0.013302293606102467, 0.012026081793010235]"
blur-strong,ooc,840,571,917,0,0.23637712001800537,"[917, 478, 777, 704, 597]","[0.23637712001800537, 0.07478456944227219, 0.05993592366576195, 0.04664304107427597, 0.04004724323749542]"
blur-strong,ooc,841,575,547,0,0.8183646202087402,"[547, 820, 705, 565, 634]","[0.8183646202087402, 0.07818528264760971, 0.04769699275493622, 0.013438782654702663, 0.006288870237767696]"
blur-strong,ooc,842,870,17,0,0.24539728462696075,"[17, 16, 91, 665, 15]","[0.24539728462696075, 0.15373964607715607, 0.07676626741886139, 0.058902088552713394, 0.050848931074142456]"
blur-strong,ooc,843,919,701,0,0.24992045760154724,"[701, 557, 405, 442, 807]","[0.24992045760154724, 0.15646709501743317, 0.10536327958106995, 0.07325928658246994, 0.04230431467294693]"
blur-strong,ooc,844,879,879,1,0.21101832389831543,"[879, 672, 515, 597, 915]","[0.21101832389831543, 0.09923723340034485, 0.07418517768383026, 0.0541667565703392, 0.039815664291381836]"
blur-strong,ooc,845,690,410,0,0.1074267104268074,"[410, 20, 134, 264, 349]","[0.1074267104268074, 0.07541413605213165, 0.0459531731903553, 0.04077745974063873, 0.04004492610692978]"
blur-strong,ooc,846,879,953,0,0.09816241264343262,"[953, 937, 944, 954, 825]","[0.09816241264343262, 0.06140832230448723, 0.051175307482481, 0.048560261726379395, 0.0462251678109169]"
blur-strong,ooc,847,412,637,0,0.6254976391792297,"[637, 458, 412, 704, 447]","[0.6254976391792297, 0.1547120213508606, 0.06446392089128494, 0.031109726056456566, 0.007173708640038967]"
blur-strong,ooc,848,412,769,0,0.3861318826675415,"[769, 549, 478, 761, 553]","[0.3861318826675415, 0.16842201352119446, 0.03660883381962776, 0.030037052929401398, 0.020326822996139526]"
blur-strong,ooc,849,751,817,0,0.655012309551239,"[817, 751, 511, 717, 864]","[0.655012309551239, 0.120942622423172, 0.05657384917140007, 0.02686256915330887, 0.023603131994605064]"
blur-strong,ooc,850,489,727,0,0.06409024447202682,"[727, 462, 835, 63, 807]","[0.06409024447202682, 0.06402476131916046, 0.06354747712612152, 0.054131023585796356, 0.04968244954943657]"
blur-strong,ooc,851,223,879,0,0.20750311017036438,"[879, 468, 576, 537, 890]","[0.20750311017036438, 0.06078134849667549, 0.055751245468854904, 0.04297967627644539, 0.03894941881299019]"
blur-strong,ooc,852,603,288,0,0.18065674602985382,"[288, 14, 603, 381, 375]","[0.18065674602985382, 0.12271104007959366, 0.08069751411676407, 0.061166901141405106, 0.05859977751970291]"
blur-strong,ooc,853,862,393,0,0.09979308396577835,"[393, 352, 331, 272, 233]","[0.09979308396577835, 0.09677969664335251, 0.09011290222406387, 0.07802972942590714, 0.057991091161966324]"
blur-strong,ooc,854,612,137,0,0.11854010075330734,"[137, 130, 915, 540, 425]","[0.11854010075330734, 0.11804778128862381, 0.05545307695865631, 0.05047515034675598, 0.04948975890874863]"
blur-strong,ooc,855,154,48,0,0.1054493635892868,"[48, 349, 336, 291, 350]","[0.1054493635892868, 0.0855427011847496, 0.06225643306970596, 0.05272993445396423, 0.04520035162568092]"
blur-strong,ooc,856,560,364,0,0.08071311563253403,"[364, 51, 383, 723, 971]","[0.08071311563253403, 0.052364055067300797, 0.0499597005546093, 0.046497005969285965, 0.03668219596147537]"
blur-strong,ooc,857,852,814,0,0.11536511033773422,"[814, 539, 425, 724, 701]","[0.11536511033773422, 0.05580102279782295, 0.052637044340372086, 0.04769899696111679, 0.03968203067779541]"
blur-strong,ooc,858,522,594,0,0.365180104970932,"[594, 501, 462, 840, 689]","[0.365180104970932, 0.14938588440418243, 0.09575176984071732, 0.06148936226963997, 0.0554250106215477]"
blur-strong,ooc,859,430,706,0,0.09991864114999771,"[706, 341, 646, 915, 799]","[0.09991864114999771, 0.07695333659648895, 0.0731404647231102, 0.05734464153647423, 0.05113697797060013]"
blur-strong,ooc,860,752,6,0,0.26030150055885315,"[6, 3, 913, 5, 983]","[0.26030150055885315, 0.16253265738487244, 0.127957284450531, 0.07904999703168869, 0.07727847248315811]"
blur-strong,ooc,861,852,536,0,0.8208577632904053,"[536, 724, 668, 628, 538]","[0.8208577632904053, 0.05529242753982544, 0.029244741424918175, 0.013873318210244179, 0.012637415900826454]"
blur-strong,ooc,862,746,828,0,0.4638434946537018,"[828, 904, 896, 646, 40]","[0.4638434946537018, 0.10436394810676575, 0.09123782068490982, 0.037386905401945114, 0.03311078995466232]"
blur-strong,ooc,863,702,489,0,0.39525970816612244,"[489, 791, 319, 877, 421]","[0.39525970816612244, 0.10297061502933502, 0.10045089572668076, 0.05672213062644005, 0.05480683967471123]"
blur-strong,ooc,864,560,815,0,0.9923642873764038,"[815, 20, 791, 879, 898]","[0.9923642873764038, 0.0011609710054472089, 0.0007018006290309131, 0.0007004032377153635, 0.0004872096178587526]"
blur-strong,ooc,865,746,979,0,0.3088284432888031,"[979, 970, 795, 802, 2]","[0.3088284432888031, 0.08374049514532089, 0.06731818616390228, 0.06052304059267044, 0.057916514575481415]"
blur-strong,ooc,866,430,600,0,0.08233913034200668,"[600, 677, 777, 488, 395]","[0.08233913034200668, 0.043561242520809174, 0.04268195852637291, 0.040658604353666306, 0.03460225835442543]"
blur-strong,ooc,867,450,986,0,0.23499320447444916,"[986, 937, 112, 938, 723]","[0.23499320447444916, 0.061341170221567154, 0.055231206119060516, 0.05341605469584465, 0.043368589133024216]"
blur-strong,ooc,868,890,130,0,0.13694040477275848,"[130, 502, 145, 852, 672]","[0.13694040477275848, 0.09251119196414948, 0.05414677783846855, 0.046810928732156754, 0.038303960114717484]"
blur-strong,ooc,869,746,1,0,0.29520273208618164,"[1, 876, 701, 746, 553]","[0.29520273208618164, 0.04813533276319504, 0.031831976026296616, 0.030590930953621864, 0.02639922685921192]"
blur-strong,ooc,870,560,805,0,0.43863677978515625,"[805, 890, 417, 701, 356]","[0.43863677978515625, 0.1259644478559494, 0.11094049364328384, 0.09768175333738327, 0.04133849963545799]"
blur-strong,ooc,871,752,519,0,0.5338227152824402,"[519, 116, 8, 345, 9]","[0.5338227152824402, 0.09810812771320343, 0.06070643290877342, 0.0536593459546566, 0.023227352648973465]"
blur-strong,ooc,872,702,313,0,0.13379476964473724,"[313, 879, 506, 674, 772]","[0.13379476964473724, 0.08357018977403641, 0.055423904210329056, 0.05174991115927696, 0.04011910408735275]"
blur-strong,ooc,873,160,472,0,0.1301640272140503,"[472, 915, 842, 616, 758]","[0.1301640272140503, 0.058462586253881454, 0.05156831070780754, 0.05039876699447632, 0.04347318410873413]"
blur-strong,ooc,874,430,335,0,0.07770612835884094,"[335, 233, 356, 824, 228]","[0.07770612835884094, 0.043700676411390305, 0.03810502961277962, 0.03281835839152336, 0.023091910406947136]"
blur-strong,ooc,875,430,998,0,0.3472628593444824,"[998, 394, 111, 318, 696]","[0.3472628593444824, 0.10912270098924637, 0.060230813920497894, 0.034100376069545746, 0.02585173398256302]"
blur-strong,ooc,876,499,839,0,0.3888671398162842,"[839, 525, 100, 693, 821]","[0.3888671398162842, 0.09820743650197983, 0.04186127707362175, 0.03172402083873749, 0.02414010465145111]"
blur-strong,ooc,877,418,313,0,0.17728984355926514,"[313, 114, 52, 317, 315]","[0.17728984355926514, 0.12827537953853607, 0.11580055207014084, 0.07137109339237213, 0.05370838940143585]"
blur-strong,ooc,878,849,849,1,0.6236889362335205,"[849, 725, 659, 719, 899]","[0.6236889362335205, 0.13560344278812408, 0.048114094883203506, 0.01811523549258709, 0.010731780901551247]"
blur-strong,ooc,879,899,576,0,0.41298291087150574,"[576, 791, 756, 509, 611]","[0.41298291087150574, 0.03992163762450218, 0.03346576541662216, 0.03089197352528572, 0.026976315304636955]"
blur-strong,ooc,880,963,963,1,0.9927404522895813,"[963, 962, 539, 965, 957]","[0.9927404522895813, 0.0025230434257537127, 0.0005438448279164732, 0.0005366483237594366, 0.0004627402522601187]"
blur-strong,ooc,881,956,924,0,0.335783988237381,"[924, 850, 937, 944, 415]","[0.335783988237381, 0.11617794632911682, 0.10771212726831436, 0.03805190324783325, 0.036065150052309036]"
blur-strong,ooc,882,961,930,0,0.4385877251625061,"[930, 519, 750, 721, 831]","[0.4385877251625061, 0.06597498804330826, 0.05614955723285675, 0.04151354357600212, 0.03039148822426796]"
blur-strong,ooc,883,786,649,0,0.10882354527711868,"[649, 853, 387, 429, 385]","[0.10882354527711868, 0.0851152166724205, 0.07773227244615555, 0.07510353624820709, 0.06378696858882904]"
blur-strong,ooc,884,440,440,1,0.6447418332099915,"[440, 737, 855, 838, 868]","[0.6447418332099915, 0.31164833903312683, 0.013064535334706306, 0.010733482427895069, 0.00929834321141243]"
blur-strong,ooc,885,846,733,0,0.16207997500896454,"[733, 914, 744, 977, 472]","[0.16207997500896454, 0.0786907970905304, 0.07598941028118134, 0.0749550610780716, 0.05059461668133736]"
blur-strong,ooc,886,969,411,0,0.29169589281082153,"[411, 692, 610, 915, 608]","[0.29169589281082153, 0.10951559990644455, 0.09075863659381866, 0.08685269206762314, 0.061995744705200195]"
blur-strong,ooc,887,945,975,0,0.17483557760715485,"[975, 833, 977, 646, 502]","[0.17483557760715485, 0.08207728713750839, 0.06554796546697617, 0.06385093927383423, 0.051723454147577286]"
blur-strong,ooc,888,752,424,0,0.17671245336532593,"[424, 737, 822, 571, 788]","[0.17671245336532593, 0.10475070029497147, 0.09861226379871368, 0.08308864384889603, 0.08188804984092712]"
blur-strong,ooc,889,651,660,0,0.4247308373451233,"[660, 527, 754, 757, 782]","[0.4247308373451233, 0.09434003382921219, 0.06392522156238556, 0.05880497395992279, 0.046577610075473785]"
blur-strong,ooc,890,945,945,1,0.5483003258705139,"[945, 113, 948, 990, 951]","[0.5483003258705139, 0.06279944628477097, 0.05950435250997543, 0.032223399728536606, 0.03185102343559265]"
blur-strong,ooc,891,438,833,0,0.5261496305465698,"[833, 460, 609, 871, 458]","[0.5261496305465698, 0.07775285840034485, 0.053862765431404114, 0.031681835651397705, 0.0311904139816761]"
blur-strong,ooc,892,441,417,0,0.4861447811126709,"[417, 638, 637, 463, 773]","[0.4861447811126709, 0.05365346372127533, 0.0382130928337574, 0.034511130303144455, 0.029787162318825722]"
blur-strong,ooc,893,818,429,0,0.1975417286157608,"[429, 981, 560, 18, 632]","[0.1975417286157608, 0.1155405342578888, 0.07737269252538681, 0.061847228556871414, 0.02853510156273842]"
blur-strong,ooc,894,941,941,1,0.2099171131849289,"[941, 952, 346, 243, 344]","[0.2099171131849289, 0.16086342930793762, 0.12613989412784576, 0.11333590745925903, 0.05736538767814636]"
blur-strong,ooc,895,711,562,0,0.4297616481781006,"[562, 706, 708, 561, 829]","[0.4297616481781006, 0.07416800409555435, 0.045711275190114975, 0.0395200289785862, 0.02831626869738102]"
blur-strong,ooc,896,152,152,1,0.6423118114471436,"[152, 157, 155, 217, 245]","[0.6423118114471436, 0.09497592598199844, 0.07530926167964935, 0.033443816006183624, 0.014577564783394337]"
blur-strong,ooc,897,996,996,1,0.46536964178085327,"[996, 61, 956, 937, 993]","[0.46536964178085327, 0.12236542999744415, 0.07114297151565552, 0.05483386293053627, 0.03565233573317528]"
blur-strong,ooc,898,898,747,0,0.6648799180984497,"[747, 505, 502, 463, 504]","[0.6648799180984497, 0.0439908504486084, 0.04102850705385208, 0.032714180648326874, 0.017789969220757484]"
blur-strong,ooc,899,441,425,0,0.3983786106109619,"[425, 637, 437, 417, 900]","[0.3983786106109619, 0.21171976625919342, 0.18982474505901337, 0.04319262504577637, 0.029053902253508568]"
blur-strong,ooc,900,953,89,0,0.12175039201974869,"[89, 879, 802, 951, 672]","[0.12175039201974869, 0.11435160785913467, 0.04488813877105713, 0.041298799216747284, 0.04045606032013893]"
blur-strong,ooc,901,505,915,0,0.14790095388889313,"[915, 853, 730, 410, 637]","[0.14790095388889313, 0.14772391319274902, 0.13357992470264435, 0.04163745418190956, 0.0404665470123291]"
blur-strong,ooc,902,773,594,0,0.26306483149528503,"[594, 853, 708, 525, 448]","[0.26306483149528503, 0.1345297396183014, 0.059695903211832047, 0.049967724829912186, 0.036047253757715225]"
blur-strong,ooc,903,942,448,0,0.09879807382822037,"[448, 832, 701, 922, 767]","[0.09879807382822037, 0.06064014509320259, 0.05300690978765488, 0.05295107886195183, 0.04926920682191849]"
blur-strong,ooc,904,891,546,0,0.6247991919517517,"[546, 777, 402, 581, 811]","[0.6247991919517517, 0.05974428728222847, 0.048095833510160446, 0.03204713761806488, 0.03150161728262901]"
blur-strong,ooc,905,968,502,0,0.14831767976284027,"[502, 721, 774, 899, 719]","[0.14831767976284027, 0.08597847074270248, 0.06888360530138016, 0.034325920045375824, 0.02569401077926159]"
blur-strong,ooc,906,942,0,0,0.6691598296165466,"[0, 825, 835, 646, 389]","[0.6691598296165466, 0.08071427047252655, 0.039196040481328964, 0.03227506950497627, 0.018503760918974876]"
blur-strong,ooc,907,941,934,0,0.17022675275802612,"[934, 61, 923, 124, 849]","[0.17022675275802612, 0.11013380438089371, 0.06054745987057686, 0.05600498989224434, 0.03968596085906029]"
blur-strong,ooc,908,418,494,0,0.3285437226295471,"[494, 907, 440, 737, 912]","[0.3285437226295471, 0.20504894852638245, 0.07488304376602173, 0.047930989414453506, 0.039966192096471786]"
blur-strong,ooc,909,928,153,0,0.2374221235513687,"[153, 203, 927, 81, 230]","[0.2374221235513687, 0.06415751576423645, 0.06071259826421738, 0.04430532455444336, 0.04320274665951729]"
blur-strong,ooc,910,934,934,1,0.5144884586334229,"[934, 405, 404, 961, 984]","[0.5144884586334229, 0.1828279048204422, 0.08008316904306412, 0.02122284285724163, 0.0192145723849535]"
blur-strong,ooc,911,968,794,0,0.12741625308990479,"[794, 721, 816, 828, 893]","[0.12741625308990479, 0.12724260985851288, 0.07761461287736893, 0.05808781832456589, 0.05149403214454651]"
blur-strong,ooc,912,923,923,1,0.3593052625656128,"[923, 962, 618, 778, 122]","[0.3593052625656128, 0.052861288189888, 0.04445389285683632, 0.03586002439260483, 0.0343208871781826]"
blur-strong,ooc,913,194,194,1,0.28808900713920593,"[194, 175, 360, 185, 294]","[0.28808900713920593, 0.17255306243896484, 0.0689137876033783, 0.043227385729551315, 0.04025532677769661]"
blur-strong,ooc,914,927,927,1,0.932478666305542,"[927, 611, 443, 963, 721]","[0.932478666305542, 0.011272666975855827, 0.009250879287719727, 0.008208058774471283, 0.0035199816338717937]"
blur-strong,ooc,915,686,110,0,0.5430300235748291,"[110, 363, 997, 522, 428]","[0.5430300235748291, 0.1490192711353302, 0.07578479498624802, 0.025583382695913315, 0.02270166203379631]"
blur-strong,ooc,916,737,491,0,0.10274330526590347,"[491, 463, 637, 724, 364]","[0.10274330526590347, 0.06485036760568619, 0.04358506575226784, 0.03926745057106018, 0.030531659722328186]"
blur-strong,ooc,917,849,63,0,0.16877375543117523,"[63, 854, 898, 476, 61]","[0.16877375543117523, 0.06762275099754333, 0.06018031761050224, 0.05863747373223305, 0.03517327457666397]"
blur-strong,ooc,918,855,855,1,0.3215716481208801,"[855, 765, 703, 756, 489]","[0.3215716481208801, 0.043584056198596954, 0.03733205795288086, 0.03491061553359032, 0.03340625390410423]"
blur-strong,ooc,919,611,49,0,0.4664992392063141,"[49, 138, 132, 131, 133]","[0.4664992392063141, 0.19074250757694244, 0.07853638380765915, 0.032216332852840424, 0.019696753472089767]"
blur-strong,ooc,920,545,755,0,0.3467918634414673,"[755, 81, 288, 639, 545]","[0.3467918634414673, 0.06624548882246017, 0.051554370671510696, 0.046683017164468765, 0.04513625055551529]"
blur-strong,ooc,921,761,139,0,0.41525253653526306,"[139, 89, 17, 81, 405]","[0.41525253653526306, 0.0780211091041565, 0.07655766606330872, 0.07527434825897217, 0.05712088942527771]"
blur-strong,ooc,922,521,647,0,0.14246588945388794,"[647, 849, 505, 774, 786]","[0.14246588945388794, 0.1345648318529129, 0.08576299250125885, 0.06464489549398422, 0.04995398223400116]"
blur-strong,ooc,923,626,946,0,0.4635135531425476,"[946, 985, 324, 944, 956]","[0.4635135531425476, 0.3424256145954132, 0.06433747708797455, 0.019287148490548134, 0.010062566958367825]"
blur-strong,ooc,924,441,326,0,0.27119600772857666,"[326, 94, 42, 309, 321]","[0.27119600772857666, 0.12353765219449997, 0.10349804162979126, 0.07925719767808914, 0.06224476918578148]"
blur-strong,ooc,925,438,897,0,0.21618854999542236,"[897, 463, 713, 412, 438]","[0.21618854999542236, 0.18428948521614075, 0.14738532900810242, 0.06919541209936142, 0.03995319828391075]"
blur-strong,ooc,926,426,426,1,0.6244893074035645,"[426, 427, 778, 409, 861]","[0.6244893074035645, 0.16058199107646942, 0.1270807385444641, 0.08008486032485962, 0.0008715733420103788]"
blur-strong,ooc,927,710,570,0,0.1945764124393463,"[570, 518, 490, 776, 643]","[0.1945764124393463, 0.1941561996936798, 0.18152141571044922, 0.06655090302228928, 0.032281968742609024]"
blur-strong,ooc,928,613,920,0,0.9524288773536682,"[920, 448, 832, 538, 900]","[0.9524288773536682, 0.01055340189486742, 0.003812977345660329, 0.002736768452450633, 0.0027340813539922237]"
blur-strong,ooc,929,574,225,0,0.07064222544431686,"[225, 7, 8, 352, 199]","[0.07064222544431686, 0.06644456088542938, 0.048352308571338654, 0.04526655003428459, 0.04455302655696869]"
blur-strong,ooc,930,882,738,0,0.3938731253147125,"[738, 491, 63, 621, 56]","[0.3938731253147125, 0.04292525723576546, 0.023996485397219658, 0.022987497970461845, 0.017412520945072174]"
blur-strong,ooc,931,647,492,0,0.327860027551651,"[492, 637, 647, 898, 519]","[0.327860027551651, 0.08632801473140717, 0.08031314611434937, 0.07811517268419266, 0.06020910292863846]"
blur-strong,ooc,932,737,737,1,0.6458558440208435,"[737, 440, 775, 838, 463]","[0.6458558440208435, 0.09531181305646896, 0.07402319461107254, 0.041371703147888184, 0.02018023282289505]"
blur-strong,ooc,933,963,963,1,0.46696147322654724,"[963, 611, 599, 910, 443]","[0.46696147322654724, 0.2178446650505066, 0.03803379833698273, 0.03633778542280197, 0.029535340145230293]"
blur-strong,ooc,934,662,744,0,0.42443421483039856,"[744, 405, 657, 908, 833]","[0.42443421483039856, 0.20415407419204712, 0.13714049756526947, 0.10422655940055847, 0.007322572637349367]"
blur-strong,ooc,935,891,891,1,0.29447847604751587,"[891, 808, 572, 650, 796]","[0.29447847604751587, 0.09074238687753677, 0.04585720971226692, 0.03427416458725929, 0.030032502487301826]"
blur-strong,ooc,936,891,458,0,0.7311229705810547,"[458, 489, 410, 703, 646]","[0.7311229705810547, 0.033254895359277725, 0.028820939362049103, 0.02870197780430317, 0.025730472058057785]"
blur-strong,ooc,937,710,211,0,0.09667383134365082,"[211, 178, 236, 261, 621]","[0.09667383134365082, 0.06614075601100922, 0.049490153789520264, 0.028746966272592545, 0.026227222755551338]"
blur-strong,ooc,938,188,267,0,0.6196303963661194,"[267, 296, 701, 372, 268]","[0.6196303963661194, 0.040457841008901596, 0.03251923620700836, 0.030661514028906822, 0.02731003426015377]"
blur-strong,ooc,939,503,804,0,0.17351210117340088,"[804, 453, 859, 894, 648]","[0.17351210117340088, 0.1090196967124939, 0.06488015502691269, 0.06078656390309334, 0.056670330464839935]"
blur-strong,ooc,940,849,849,1,0.8553040027618408,"[849, 969, 653, 725, 968]","[0.8553040027618408, 0.03380296751856804, 0.028916355222463608, 0.0227814968675375, 0.014910920523107052]"
blur-strong,ooc,941,968,502,0,0.15698176622390747,"[502, 659, 551, 969, 767]","[0.15698176622390747, 0.11521738767623901, 0.11321096122264862, 0.1014779731631279, 0.054167333990335464]"
blur-strong,ooc,942,438,520,0,0.125074565410614,"[520, 700, 999, 222, 611]","[0.125074565410614, 0.09325500577688217, 0.08762828260660172, 0.0710025280714035, 0.05820530652999878]"
blur-strong,ooc,943,530,660,0,0.584190845489502,"[660, 716, 703, 706, 494]","[0.584190845489502, 0.06522557139396667, 0.06167581304907799, 0.030869463458657265, 0.030028877779841423]"
blur-strong,ooc,944,613,613,1,0.7301766276359558,"[613, 545, 882, 897, 505]","[0.7301766276359558, 0.06637731194496155, 0.012448269873857498, 0.010313032194972038, 0.009621799923479557]"
blur-strong,ooc,945,786,786,1,0.3787582218647003,"[786, 527, 412, 705, 782]","[0.3787582218647003, 0.1005200445652008, 0.0767066553235054, 0.06370016187429428, 0.050373148173093796]"
blur-strong,ooc,946,466,466,1,0.2687363624572754,"[466, 908, 812, 755, 404]","[0.2687363624572754, 0.2631547749042511, 0.13722190260887146, 0.09546545147895813, 0.03695056214928627]"
blur-strong,ooc,947,466,727,0,0.24295853078365326,"[727, 871, 146, 144, 405]","[0.24295853078365326, 0.13021089136600494, 0.06463567167520523, 0.05595197156071663, 0.03778880089521408]"
blur-strong,ooc,948,466,410,0,0.29245424270629883,"[410, 637, 716, 756, 448]","[0.29245424270629883, 0.072650246322155, 0.06415141373872757, 0.0634947270154953, 0.04835761711001396]"
blur-strong,ooc,949,547,547,1,0.8833485245704651,"[547, 510, 425, 625, 833]","[0.8833485245704651, 0.044130124151706696, 0.021870989352464676, 0.012741501443088055, 0.007741359528154135]"
blur-strong,ooc,950,547,404,0,0.2150084525346756,"[404, 547, 625, 744, 705]","[0.2150084525346756, 0.09778308868408203, 0.0669773519039154, 0.04746236279606819, 0.04666276276111603]"
blur-strong,ooc,951,547,879,0,0.3669227659702301,"[879, 672, 449, 915, 546]","[0.3669227659702301, 0.08220145851373672, 0.04201623797416687, 0.03963808715343475, 0.030788380652666092]"
blur-strong,ooc,952,466,805,0,0.25613147020339966,"[805, 134, 574, 131, 136]","[0.25613147020339966, 0.13425007462501526, 0.09216996282339096, 0.0797605961561203, 0.03595910966396332]"
blur-strong,ooc,953,466,744,0,0.3131589889526367,"[744, 812, 657, 395, 404]","[0.3131589889526367, 0.1456395387649536, 0.08301964402198792, 0.04599617049098015, 0.040594808757305145]"
blur-strong,ooc,954,829,829,1,0.3503347635269165,"[829, 698, 497, 705, 873]","[0.3503347635269165, 0.09953916072845459, 0.08748626708984375, 0.08663367480039597, 0.07696083188056946]"
blur-strong,ooc,955,547,705,0,0.2248002141714096,"[705, 425, 510, 547, 682]","[0.2248002141714096, 0.12261684238910675, 0.09841232746839523, 0.0910690650343895, 0.055156268179416656]"
blur-strong,ooc,956,829,425,0,0.14461879432201385,"[425, 489, 611, 547, 458]","[0.14461879432201385, 0.09962759912014008, 0.055058084428310394, 0.04941396415233612, 0.043345026671886444]"
blur-strong,ooc,957,829,704,0,0.3756295442581177,"[704, 492, 615, 583, 553]","[0.3756295442581177, 0.0390845350921154, 0.03406613692641258, 0.02812306396663189, 0.02564813569188118]"
blur-strong,ooc,958,829,625,0,0.08419663459062576,"[625, 405, 970, 510, 449]","[0.08419663459062576, 0.06677178293466568, 0.06509681046009064, 0.05818042904138565, 0.053973328322172165]"
blur-strong,ooc,959,820,820,1,0.9143956303596497,"[820, 847, 471, 595, 803]","[0.9143956303596497, 0.025687620043754578, 0.011739571578800678, 0.006204091012477875, 0.006144402548670769]"
blur-strong,ooc,960,820,611,0,0.8765053153038025,"[611, 640, 791, 458, 545]","[0.8765053153038025, 0.05094924941658974, 0.01143963634967804, 0.005420010536909103, 0.004439324606209993]"
blur-strong,ooc,961,829,829,1,0.8891695737838745,"[829, 705, 654, 402, 779]","[0.8891695737838745, 0.026211898773908615, 0.013326595537364483, 0.01197826024144888, 0.009557271376252174]"
blur-strong,ooc,962,820,294,0,0.09166189283132553,"[294, 347, 184, 199, 225]","[0.09166189283132553, 0.0673433318734169, 0.056288495659828186, 0.04491253197193146, 0.03271564096212387]"
blur-strong,ooc,963,829,682,0,0.33232641220092773,"[682, 668, 727, 538, 839]","[0.33232641220092773, 0.12547233700752258, 0.07142812758684158, 0.04762274771928787, 0.04022390395402908]"
blur-strong,ooc,964,829,791,0,0.18495246767997742,"[791, 547, 675, 428, 829]","[0.18495246767997742, 0.1565495729446411, 0.06488369405269623, 0.03645404800772667, 0.03460915759205818]"
blur-strong,ooc,965,829,449,0,0.35793471336364746,"[449, 829, 408, 536, 148]","[0.35793471336364746, 0.18309660255908966, 0.06518363207578659, 0.048540063202381134, 0.04407273977994919]"
blur-strong,ooc,966,820,609,0,0.3469020128250122,"[609, 920, 803, 447, 517]","[0.3469020128250122, 0.2927064001560211, 0.05323243886232376, 0.044965360313653946, 0.02892834134399891]"
blur-strong,ooc,967,829,829,1,0.618209183216095,"[829, 706, 547, 705, 637]","[0.618209183216095, 0.15529590845108032, 0.05958186089992523, 0.01742762327194214, 0.016518548130989075]"
blur-strong,ooc,968,102,397,0,0.6287035346031189,"[397, 113, 102, 344, 34]","[0.6287035346031189, 0.062261130660772324, 0.05338239297270775, 0.031139841303229332, 0.018588190898299217]"
blur-strong,ooc,969,850,192,0,0.27728813886642456,"[192, 184, 182, 266, 202]","[0.27728813886642456, 0.15283747017383575, 0.12740513682365417, 0.06129567325115204, 0.041974786669015884]"
blur-strong,ooc,970,850,325,0,0.5112066268920898,"[325, 1, 326, 270, 997]","[0.5112066268920898, 0.055928170680999756, 0.04830486699938774, 0.035568322986364365, 0.03292516618967056]"
blur-strong,ooc,971,539,611,0,0.1275319904088974,"[611, 51, 645, 135, 448]","[0.1275319904088974, 0.06445040553808212, 0.04133827984333038, 0.04132840409874916, 0.03475545719265938]"
blur-strong,ooc,972,374,366,0,0.138295978307724,"[366, 161, 43, 374, 695]","[0.138295978307724, 0.07542003691196442, 0.06695137917995453, 0.06130044162273407, 0.05162891000509262]"
blur-strong,ooc,973,601,601,1,0.6701904535293579,"[601, 840, 689, 578, 887]","[0.6701904535293579, 0.04609532654285431, 0.04070211201906204, 0.02668808214366436, 0.02570009045302868]"
blur-strong,ooc,974,929,764,0,0.2672083377838135,"[764, 777, 471, 413, 831]","[0.2672083377838135, 0.11343678832054138, 0.06856132298707962, 0.05885752663016319, 0.045030128210783005]"
blur-strong,ooc,975,203,266,0,0.13407368957996368,"[266, 190, 203, 267, 188]","[0.13407368957996368, 0.0998210534453392, 0.09439165890216827, 0.08093126118183136, 0.06762170791625977]"
blur-strong,ooc,976,532,46,0,0.41448619961738586,"[46, 997, 40, 31, 311]","[0.41448619961738586, 0.23049750924110413, 0.07351098954677582, 0.033123765140771866, 0.03143185004591942]"
blur-strong,ooc,977,153,153,1,0.8296781182289124,"[153, 265, 266, 204, 189]","[0.8296781182289124, 0.05516276881098747, 0.03730880469083786, 0.011733210645616055, 0.005898388102650642]"
blur-strong,ooc,978,733,733,1,0.25162559747695923,"[733, 835, 840, 462, 792]","[0.25162559747695923, 0.18022342026233673, 0.08590147644281387, 0.07833017408847809, 0.06063448637723923]"
blur-strong,ooc,979,363,298,0,0.1275532841682434,"[298, 51, 342, 684, 341]","[0.1275532841682434, 0.09732788801193237, 0.082288958132267, 0.06606868654489517, 0.06156347319483757]"
blur-strong,ooc,980,674,472,0,0.10762286931276321,"[472, 764, 724, 803, 428]","[0.10762286931276321, 0.09645793586969376, 0.06841979920864105, 0.056256845593452454, 0.034740325063467026]"
blur-strong,ooc,981,778,134,0,0.5334520936012268,"[134, 999, 21, 749, 132]","[0.5334520936012268, 0.04530296474695206, 0.04360584169626236, 0.0358506515622139, 0.028201129287481308]"
blur-strong,ooc,982,765,721,0,0.2138151228427887,"[721, 614, 776, 411, 434]","[0.2138151228427887, 0.21093569695949554, 0.065580815076828, 0.06355280429124832, 0.049239423125982285]"
blur-strong,ooc,983,161,274,0,0.2981463670730591,"[274, 291, 272, 286, 269]","[0.2981463670730591, 0.26039183139801025, 0.1581110656261444, 0.037876758724451065, 0.03667324036359787]"
blur-strong,ooc,984,539,286,0,0.3091237246990204,"[286, 280, 291, 47, 298]","[0.3091237246990204, 0.0845893919467926, 0.06299610435962677, 0.06098325923085213, 0.040125105530023575]"
blur-strong,ooc,985,999,132,0,0.5131044387817383,"[132, 89, 13, 129, 144]","[0.5131044387817383, 0.11433370411396027, 0.05277928337454796, 0.0355086550116539, 0.03507980704307556]"
blur-strong,ooc,986,715,955,0,0.3669516146183014,"[955, 264, 253, 805, 676]","[0.3669516146183014, 0.1114102378487587, 0.09746459871530533, 0.08695267140865326, 0.05123245343565941]"
blur-strong,ooc,987,153,87,0,0.6891587376594543,"[87, 153, 203, 850, 194]","[0.6891587376594543, 0.15735086798667908, 0.04077793285250664, 0.016489088535308838, 0.013733175583183765]"
blur-strong,ooc,988,161,215,0,0.15641602873802185,"[215, 410, 161, 247, 166]","[0.15641602873802185, 0.14239750802516937, 0.14102482795715332, 0.07215707749128342, 0.04418902471661568]"
blur-strong,ooc,989,543,417,0,0.34351804852485657,"[417, 805, 405, 755, 958]","[0.34351804852485657, 0.13841156661510468, 0.13286584615707397, 0.11513461172580719, 0.07235118746757507]"
blur-strong,ooc,990,161,970,0,0.4086485207080841,"[970, 979, 672, 980, 975]","[0.4086485207080841, 0.1578497290611267, 0.10544402152299881, 0.06150371581315994, 0.03913181647658348]"
blur-strong,ooc,991,849,505,0,0.3068709969520569,"[505, 570, 859, 804, 899]","[0.3068709969520569, 0.06309907138347626, 0.051820993423461914, 0.046189941465854645, 0.04045521840453148]"
blur-strong,ooc,992,422,410,0,0.3893178105354309,"[410, 791, 912, 448, 97]","[0.3893178105354309, 0.05266319215297699, 0.03453918918967247, 0.03230041265487671, 0.02944454737007618]"
blur-strong,ooc,993,157,284,0,0.3932201564311981,"[284, 370, 261, 235, 240]","[0.3932201564311981, 0.05704514682292938, 0.04966851696372032, 0.03644084930419922, 0.03408186137676239]"
blur-strong,ooc,994,193,235,0,0.19773048162460327,"[235, 186, 255, 246, 182]","[0.19773048162460327, 0.08935832232236862, 0.07169818133115768, 0.050551291555166245, 0.05037904158234596]"
blur-strong,ooc,995,728,730,0,0.15748384594917297,"[730, 428, 135, 491, 649]","[0.15748384594917297, 0.10926756262779236, 0.09065841883420944, 0.07613424956798553, 0.07194016873836517]"
blur-strong,ooc,996,201,115,0,0.6572647094726562,"[115, 110, 336, 649, 295]","[0.6572647094726562, 0.0748240277171135, 0.035031139850616455, 0.030108723789453506, 0.02878698892891407]"
blur-strong,ooc,997,174,104,0,0.24129654467105865,"[104, 198, 269, 371, 255]","[0.24129654467105865, 0.10986936837434769, 0.10522573441267014, 0.03896539285778999, 0.036158256232738495]"
blur-strong,ooc,998,171,597,0,0.2889295518398285,"[597, 518, 774, 785, 676]","[0.2889295518398285, 0.2301526963710785, 0.0488986074924469, 0.04342898726463318, 0.028509005904197693]"
blur-strong,ooc,999,161,161,1,0.09469681233167648,"[161, 397, 721, 162, 955]","[0.09469681233167648, 0.09005320817232132, 0.056868474930524826, 0.05670216679573059, 0.056332528591156006]"
blur-strong,ooc,1000,882,595,0,0.3013313412666321,"[595, 621, 490, 790, 463]","[0.3013313412666321, 0.1883334368467331, 0.09154659509658813, 0.08693940192461014, 0.07596315443515778]"
blur-strong,ooc,1001,199,367,0,0.158269464969635,"[367, 223, 295, 197, 165]","[0.158269464969635, 0.10738726705312729, 0.10491165518760681, 0.04064527526497841, 0.033113934099674225]"
blur-strong,ooc,1002,226,354,0,0.11224562674760818,"[354, 243, 649, 159, 285]","[0.11224562674760818, 0.09875477105379105, 0.09435205906629562, 0.07234575599431992, 0.057935528457164764]"
blur-strong,ooc,1003,559,765,0,0.532963216304779,"[765, 559, 718, 807, 744]","[0.532963216304779, 0.32189419865608215, 0.015341312624514103, 0.00995785091072321, 0.00757302762940526]"
blur-strong,ooc,1004,532,879,0,0.23828212916851044,"[879, 499, 700, 999, 532]","[0.23828212916851044, 0.10664679110050201, 0.09070999175310135, 0.03487592935562134, 0.030681220814585686]"
blur-strong,ooc,1005,882,622,0,0.10884986817836761,"[622, 630, 958, 844, 197]","[0.10884986817836761, 0.07437143474817276, 0.05698515847325325, 0.04763850197196007, 0.03971302881836891]"
blur-strong,ooc,1006,174,246,0,0.21834617853164673,"[246, 245, 179, 243, 178]","[0.21834617853164673, 0.06825485825538635, 0.059110626578330994, 0.04552893340587616, 0.04363800957798958]"
blur-strong,ooc,1007,86,86,1,0.4526575803756714,"[86, 82, 113, 37, 998]","[0.4526575803756714, 0.09309910237789154, 0.06794964522123337, 0.022364696487784386, 0.018637310713529587]"
blur-strong,ooc,1008,178,755,0,0.37652522325515747,"[755, 349, 144, 112, 701]","[0.37652522325515747, 0.1129315048456192, 0.08718808740377426, 0.0582779236137867, 0.0379062220454216]"
blur-strong,ooc,1009,252,212,0,0.26373717188835144,"[212, 791, 210, 202, 87]","[0.26373717188835144, 0.16542115807533264, 0.048228390514850616, 0.047073595225811005, 0.032047901302576065]"
blur-strong,ooc,1010,156,982,0,0.21396346390247345,"[982, 197, 266, 226, 221]","[0.21396346390247345, 0.11202435195446014, 0.08304382115602493, 0.07881274074316025, 0.0785776823759079]"
blur-strong,ooc,1011,208,576,0,0.5253980755805969,"[576, 202, 170, 204, 338]","[0.5253980755805969, 0.06654425710439682, 0.022673744708299637, 0.017509019002318382, 0.014819581992924213]"
blur-strong,ooc,1012,543,393,0,0.564129650592804,"[393, 108, 396, 973, 7]","[0.564129650592804, 0.36478742957115173, 0.024132702499628067, 0.010267163626849651, 0.0043023754842579365]"
blur-strong,ooc,1013,444,820,0,0.084680937230587,"[820, 58, 634, 566, 337]","[0.084680937230587, 0.06833991408348083, 0.06004264950752258, 0.05296150594949722, 0.037786517292261124]"
blur-strong,ooc,1014,823,617,0,0.6600654721260071,"[617, 437, 497, 682, 914]","[0.6600654721260071, 0.038234226405620575, 0.03728518262505531, 0.03388825058937073, 0.020606668666005135]"
blur-strong,ooc,1015,841,427,0,0.15489013493061066,"[427, 305, 136, 491, 302]","[0.15489013493061066, 0.09062465280294418, 0.07407810539007187, 0.04162456840276718, 0.03432361036539078]"
blur-strong,ooc,1016,581,581,1,0.2345251739025116,"[581, 745, 420, 144, 817]","[0.2345251739025116, 0.1429527848958969, 0.043309953063726425, 0.03194970265030861, 0.020569050684571266]"
blur-strong,ooc,1017,601,402,0,0.09330146014690399,"[402, 601, 846, 879, 831]","[0.09330146014690399, 0.07377586513757706, 0.05149437487125397, 0.04772548750042915, 0.04225940629839897]"
blur-strong,ooc,1018,857,842,0,0.1794978231191635,"[842, 433, 801, 655, 425]","[0.1794978231191635, 0.1596282571554184, 0.0715770348906517, 0.04745490103960037, 0.042624346911907196]"
blur-strong,ooc,1019,822,27,0,0.10086094588041306,"[27, 26, 65, 417, 58]","[0.10086094588041306, 0.07258878648281097, 0.06672944873571396, 0.059131357818841934, 0.05469432845711708]"
blur-strong,ooc,1020,543,970,0,0.788164496421814,"[970, 983, 417, 672, 433]","[0.788164496421814, 0.07011594623327255, 0.026995161548256874, 0.02566629648208618, 0.022046176716685295]"
blur-strong,ooc,1021,559,559,1,0.530755877494812,"[559, 791, 545, 900, 421]","[0.530755877494812, 0.09469929337501526, 0.036109089851379395, 0.03313872590661049, 0.02563474327325821]"
blur-strong,ooc,1022,863,420,0,0.4338890016078949,"[420, 846, 432, 747, 488]","[0.4338890016078949, 0.10174847394227982, 0.0434199683368206, 0.03964835777878761, 0.034073829650878906]"
blur-strong,ooc,1023,486,367,0,0.1244838759303093,"[367, 365, 366, 368, 381]","[0.1244838759303093, 0.08970822393894196, 0.07836976647377014, 0.050329145044088364, 0.047952502965927124]"
blur-strong,ooc,1024,450,625,0,0.4763336479663849,"[625, 468, 581, 717, 511]","[0.4763336479663849, 0.0525001622736454, 0.04704482480883598, 0.04105295240879059, 0.03850012272596359]"
blur-strong,ooc,1025,615,460,0,0.3334808051586151,"[460, 148, 978, 718, 147]","[0.3334808051586151, 0.1493648886680603, 0.05654602125287056, 0.038842834532260895, 0.03798627108335495]"
blur-strong,ooc,1026,579,579,1,0.9705814123153687,"[579, 846, 624, 619, 655]","[0.9705814123153687, 0.00846516527235508, 0.003037452232092619, 0.0023287178482860327, 0.0013872613199055195]"
blur-strong,ooc,1027,790,694,0,0.21425825357437134,"[694, 821, 71, 878, 766]","[0.21425825357437134, 0.1830955147743225, 0.10266634076833725, 0.03152637928724289, 0.029976628720760345]"
blur-strong,ooc,1028,160,907,0,0.2036227434873581,"[907, 490, 786, 440, 703]","[0.2036227434873581, 0.04304588958621025, 0.035312455147504807, 0.028378942981362343, 0.022182799875736237]"
blur-strong,ooc,1029,422,405,0,0.40645524859428406,"[405, 833, 913, 976, 780]","[0.40645524859428406, 0.1306304782629013, 0.05267971381545067, 0.04153968021273613, 0.038707979023456573]"
blur-strong,ooc,1030,882,849,0,0.10102316737174988,"[849, 113, 124, 365, 653]","[0.10102316737174988, 0.09167744219303131, 0.06581305712461472, 0.06137453019618988, 0.04735657572746277]"
blur-strong,ooc,1031,608,977,0,0.09302105754613876,"[977, 958, 525, 853, 718]","[0.09302105754613876, 0.09060291200876236, 0.05004364997148514, 0.03298378363251686, 0.028139419853687286]"
blur-strong,ooc,1032,489,733,0,0.3615652024745941,"[733, 489, 792, 557, 519]","[0.3615652024745941, 0.11942330002784729, 0.05273609608411789, 0.05005979165434837, 0.048175882548093796]"
blur-strong,ooc,1033,212,189,0,0.17422954738140106,"[189, 336, 937, 186, 182]","[0.17422954738140106, 0.14375907182693481, 0.07753592729568481, 0.06394577026367188, 0.043981775641441345]"
blur-strong,ooc,1034,145,896,0,0.10924796015024185,"[896, 741, 421, 425, 548]","[0.10924796015024185, 0.06505601108074188, 0.06050623953342438, 0.0477643758058548, 0.046778835356235504]"
blur-strong,ooc,1035,103,236,0,0.11376575380563736,"[236, 234, 213, 104, 227]","[0.11376575380563736, 0.0848136618733406, 0.08163610100746155, 0.05635993555188179, 0.05401412770152092]"
blur-strong,ooc,1036,148,624,0,0.08542858809232712,"[624, 400, 450, 887, 819]","[0.08542858809232712, 0.05037468299269676, 0.0473506860435009, 0.044941604137420654, 0.04063526913523674]"
blur-strong,ooc,1037,149,942,0,0.1272464096546173,"[942, 419, 81, 445, 684]","[0.1272464096546173, 0.10087912529706955, 0.0733843669295311, 0.06328707188367844, 0.04391244798898697]"
blur-strong,ooc,1038,103,99,0,0.27565059065818787,"[99, 137, 344, 353, 363]","[0.27565059065818787, 0.06313560158014297, 0.04738393425941467, 0.03775372728705406, 0.03560386225581169]"
blur-strong,ooc,1039,148,136,0,0.20658087730407715,"[136, 84, 471, 386, 972]","[0.20658087730407715, 0.11603474617004395, 0.08171036094427109, 0.0786733627319336, 0.07521598041057587]"
blur-strong,ooc,1040,148,750,0,0.16567052900791168,"[750, 879, 575, 872, 744]","[0.16567052900791168, 0.13754020631313324, 0.09183603525161743, 0.04506641998887062, 0.029251649975776672]"
blur-strong,ooc,1041,148,879,0,0.2068348228931427,"[879, 84, 672, 805, 835]","[0.2068348228931427, 0.20161579549312592, 0.1371733546257019, 0.08603356778621674, 0.03516300395131111]"
blur-strong,ooc,1042,983,14,0,0.1112012267112732,"[14, 379, 324, 723, 88]","[0.1112012267112732, 0.091908760368824, 0.08973459154367447, 0.07105064392089844, 0.0706585943698883]"
blur-strong,ooc,1043,842,663,0,0.10658476501703262,"[663, 873, 406, 637, 412]","[0.10658476501703262, 0.09046395868062973, 0.06128545105457306, 0.056658972054719925, 0.051988083869218826]"
blur-strong,ooc,1044,1,88,0,0.1313924640417099,"[88, 611, 214, 391, 865]","[0.1313924640417099, 0.09163063764572144, 0.06064411625266075, 0.0520060658454895, 0.03255604952573776]"
blur-strong,ooc,1045,36,500,0,0.17243139445781708,"[500, 646, 50, 888, 825]","[0.17243139445781708, 0.11743837594985962, 0.07830389589071274, 0.07826299220323563, 0.07695586234331131]"
blur-strong,ooc,1046,155,196,0,0.22703425586223602,"[196, 155, 87, 216, 202]","[0.22703425586223602, 0.17276039719581604, 0.13463500142097473, 0.07876494526863098, 0.059683725237846375]"
blur-strong,ooc,1047,148,745,0,0.19194310903549194,"[745, 421, 563, 420, 840]","[0.19194310903549194, 0.10003440827131271, 0.057556357234716415, 0.048088304698467255, 0.04585232585668564]"
blur-strong,ooc,1048,148,148,1,0.7091646790504456,"[148, 150, 147, 4, 460]","[0.7091646790504456, 0.0956619381904602, 0.018961947411298752, 0.013102167285978794, 0.012330128811299801]"
blur-strong,ooc,1049,822,655,0,0.11538507789373398,"[655, 939, 597, 822, 546]","[0.11538507789373398, 0.07340283691883087, 0.06115422025322914, 0.06020558625459671, 0.055846620351076126]"
blur-strong,ooc,1050,842,94,0,0.09041232615709305,"[94, 655, 764, 414, 413]","[0.09041232615709305, 0.08180904388427734, 0.041103314608335495, 0.033035486936569214, 0.03178275004029274]"
blur-strong,ooc,1051,150,982,0,0.10692440718412399,"[982, 187, 406, 259, 879]","[0.10692440718412399, 0.04535409435629845, 0.037759896367788315, 0.03720787912607193, 0.035581015050411224]"
blur-strong,ooc,1052,148,908,0,0.2707054316997528,"[908, 672, 405, 471, 693]","[0.2707054316997528, 0.10646813362836838, 0.09883091598749161, 0.09805592149496078, 0.06915880739688873]"
blur-strong,ooc,1053,420,420,1,0.2074158489704132,"[420, 429, 738, 679, 494]","[0.2074158489704132, 0.09538895636796951, 0.05104716867208481, 0.04564550146460533, 0.04380685091018677]"
blur-strong,ooc,1054,932,83,0,0.33809173107147217,"[83, 133, 980, 274, 291]","[0.33809173107147217, 0.07271913439035416, 0.044057704508304596, 0.0354788564145565, 0.03412456810474396]"
blur-strong,ooc,1055,862,9,0,0.08827140182256699,"[9, 13, 303, 420, 144]","[0.08827140182256699, 0.06573886424303055, 0.0642704963684082, 0.06091345101594925, 0.06065141782164574]"
blur-strong,ooc,1056,964,649,0,0.5347797870635986,"[649, 825, 36, 336, 390]","[0.5347797870635986, 0.05297264829277992, 0.03567260876297951, 0.02718963660299778, 0.021615969017148018]"
blur-strong,ooc,1057,76,913,0,0.147932767868042,"[913, 977, 404, 693, 718]","[0.147932767868042, 0.0926000103354454, 0.08440233021974564, 0.059190522879362106, 0.056299615651369095]"
blur-strong,ooc,1058,563,912,0,0.26984065771102905,"[912, 716, 794, 421, 557]","[0.26984065771102905, 0.07856354862451553, 0.05575475096702576, 0.045974891632795334, 0.04556763172149658]"
blur-strong,ooc,1059,329,977,0,0.8700938820838928,"[977, 344, 975, 958, 65]","[0.8700938820838928, 0.02344575524330139, 0.009839165955781937, 0.007422516588121653, 0.005200772546231747]"
blur-strong,ooc,1060,928,225,0,0.10440971702337265,"[225, 240, 383, 87, 160]","[0.10440971702337265, 0.0655110776424408, 0.05202605947852135, 0.04718738794326782, 0.034252047538757324]"
blur-strong,ooc,1061,420,879,0,0.26739707589149475,"[879, 416, 769, 736, 777]","[0.26739707589149475, 0.1068774163722992, 0.04916095733642578, 0.047717008739709854, 0.043156035244464874]"
blur-strong,ooc,1062,45,979,0,0.2683769762516022,"[979, 980, 970, 975, 5]","[0.2683769762516022, 0.21456219255924225, 0.20617543160915375, 0.03731252998113632, 0.03333788365125656]"
blur-strong,ooc,1063,963,352,0,0.4242572486400604,"[352, 351, 291, 353, 345]","[0.4242572486400604, 0.07205143570899963, 0.07028377056121826, 0.046287089586257935, 0.04290415346622467]"
blur-strong,ooc,1064,17,144,0,0.2281319499015808,"[144, 319, 879, 249, 693]","[0.2281319499015808, 0.11884474754333496, 0.035669367760419846, 0.028364036232233047, 0.0257350392639637]"
blur-strong,ooc,1065,420,420,1,0.8744145035743713,"[420, 559, 910, 618, 541]","[0.8744145035743713, 0.029157184064388275, 0.010329477488994598, 0.009854482486844063, 0.008747389540076256]"
blur-strong,ooc,1066,737,404,0,0.31148380041122437,"[404, 755, 895, 758, 908]","[0.31148380041122437, 0.10395123809576035, 0.07223173975944519, 0.06680803745985031, 0.06555922329425812]"
blur-strong,ooc,1067,420,420,1,0.2879756689071655,"[420, 515, 879, 413, 915]","[0.2879756689071655, 0.14254075288772583, 0.0823928713798523, 0.06750411540269852, 0.02809479832649231]"
blur-strong,ooc,1068,513,405,0,0.21473738551139832,"[405, 845, 908, 748, 404]","[0.21473738551139832, 0.06809137761592865, 0.05387093126773834, 0.04013795405626297, 0.029058469459414482]"
blur-strong,ooc,1069,27,646,0,0.18054133653640747,"[646, 977, 639, 912, 353]","[0.18054133653640747, 0.09146728366613388, 0.04127299413084984, 0.03343955799937248, 0.03280990570783615]"
blur-strong,ooc,1070,420,420,1,0.4593523442745209,"[420, 402, 56, 679, 546]","[0.4593523442745209, 0.3176780045032501, 0.01196578610688448, 0.010409434325993061, 0.01038438268005848]"
blur-strong,ooc,1071,186,958,0,0.25581592321395874,"[958, 336, 298, 291, 281]","[0.25581592321395874, 0.06354136765003204, 0.056187212467193604, 0.05128922685980797, 0.04077964276075363]"
blur-strong,ooc,1072,305,743,0,0.3198980391025543,"[743, 858, 0, 726, 471]","[0.3198980391025543, 0.09758218377828598, 0.07097860425710678, 0.05324733629822731, 0.04359425976872444]"
blur-strong,ooc,1073,27,814,0,0.19355742633342743,"[814, 913, 802, 703, 50]","[0.19355742633342743, 0.14202526211738586, 0.10611210763454437, 0.08480142056941986, 0.0379389189183712]"
blur-strong,ooc,1074,681,594,0,0.9488198161125183,"[594, 501, 597, 421, 816]","[0.9488198161125183, 0.014677554368972778, 0.004048776347190142, 0.0029174231458455324, 0.0026402431540191174]"
blur-strong,ooc,1075,790,790,1,0.49367555975914,"[790, 396, 949, 313, 791]","[0.49367555975914, 0.055499475449323654, 0.0333869569003582, 0.029580995440483093, 0.028055978938937187]"
blur-strong,ooc,1076,679,430,0,0.11459752172231674,"[430, 502, 752, 486, 441]","[0.11459752172231674, 0.06712186336517334, 0.04356478899717331, 0.03525739163160324, 0.03317847475409508]"
blur-strong,ooc,1077,441,803,0,0.14979863166809082,"[803, 728, 867, 920, 417]","[0.14979863166809082, 0.07473980635404587, 0.07420437037944794, 0.06754136085510254, 0.06727965176105499]"
blur-strong,ooc,1078,929,727,0,0.6191139817237854,"[727, 668, 853, 538, 562]","[0.6191139817237854, 0.09573596715927124, 0.07010902464389801, 0.0386185348033905, 0.02135634608566761]"
blur-strong,ooc,1079,87,87,1,0.7669218182563782,"[87, 785, 490, 171, 414]","[0.7669218182563782, 0.027771711349487305, 0.02253517508506775, 0.010983872227370739, 0.010338930413126945]"
blur-strong,ooc,1080,268,39,0,0.1972833275794983,"[39, 291, 48, 131, 81]","[0.1972833275794983, 0.19697746634483337, 0.082244873046875, 0.07601780444383621, 0.058561064302921295]"
blur-strong,ooc,1081,882,425,0,0.46642428636550903,"[425, 497, 538, 663, 660]","[0.46642428636550903, 0.14285483956336975, 0.10506518185138702, 0.0688314437866211, 0.03603087365627289]"
blur-strong,ooc,1082,320,879,0,0.32310405373573303,"[879, 616, 42, 460, 40]","[0.32310405373573303, 0.13040795922279358, 0.08101555705070496, 0.06894940882921219, 0.04682305455207825]"
blur-strong,ooc,1083,621,882,0,0.1908305287361145,"[882, 621, 670, 539, 420]","[0.1908305287361145, 0.13214348256587982, 0.12818795442581177, 0.07096055895090103, 0.0413057915866375]"
blur-strong,ooc,1084,202,385,0,0.3054094910621643,"[385, 355, 182, 562, 497]","[0.3054094910621643, 0.2732844650745392, 0.058160267770290375, 0.02246338315308094, 0.022262651473283768]"
blur-strong,ooc,1085,430,405,0,0.6653010249137878,"[405, 980, 977, 701, 755]","[0.6653010249137878, 0.11778086423873901, 0.06560952216386795, 0.052077170461416245, 0.020000426098704338]"
blur-strong,ooc,1086,157,338,0,0.5024479031562805,"[338, 169, 188, 173, 348]","[0.5024479031562805, 0.04596555605530739, 0.03815878555178642, 0.036301493644714355, 0.036094747483730316]"
blur-strong,ooc,1087,733,495,0,0.11524201184511185,"[495, 564, 548, 526, 583]","[0.11524201184511185, 0.11046648770570755, 0.06499138474464417, 0.05250243842601776, 0.05129624903202057]"
blur-strong,ooc,1088,765,144,0,0.6983348727226257,"[144, 755, 512, 584, 696]","[0.6983348727226257, 0.02098678983747959, 0.02024804800748825, 0.011968442238867283, 0.011605900712311268]"
blur-strong,ooc,1089,231,231,1,0.14804106950759888,"[231, 255, 185, 51, 169]","[0.14804106950759888, 0.13481003046035767, 0.07481872290372849, 0.061302971094846725, 0.048864129930734634]"
blur-strong,ooc,1090,602,286,0,0.13089339435100555,"[286, 370, 376, 373, 365]","[0.13089339435100555, 0.06403151154518127, 0.06401557475328445, 0.0495893619954586, 0.045424241572618484]"
blur-strong,ooc,1091,208,376,0,0.2887340188026428,"[376, 40, 42, 39, 785]","[0.2887340188026428, 0.24719254672527313, 0.1433943659067154, 0.07434314489364624, 0.05518336966633797]"
blur-strong,ooc,1092,792,977,0,0.36671048402786255,"[977, 99, 792, 978, 350]","[0.36671048402786255, 0.12462389469146729, 0.09773609042167664, 0.08010148257017136, 0.05183447152376175]"
blur-strong,ooc,1093,621,870,0,0.24373500049114227,"[870, 561, 864, 690, 428]","[0.24373500049114227, 0.1271643340587616, 0.048713214695453644, 0.044567711651325226, 0.036458320915699005]"
blur-strong,ooc,1094,765,791,0,0.24753272533416748,"[791, 449, 460, 867, 915]","[0.24753272533416748, 0.1668195128440857, 0.08375965058803558, 0.05021863058209419, 0.03995829448103905]"
blur-strong,ooc,1095,177,385,0,0.15484139323234558,"[385, 170, 354, 51, 611]","[0.15484139323234558, 0.13401402533054352, 0.12655393779277802, 0.12340441346168518, 0.10017821937799454]"
blur-strong,ooc,1096,199,199,1,0.37791264057159424,"[199, 366, 224, 364, 295]","[0.37791264057159424, 0.15925191342830658, 0.057765133678913116, 0.05118463933467865, 0.04370223730802536]"
blur-strong,ooc,1097,645,557,0,0.19147881865501404,"[557, 519, 646, 835, 750]","[0.19147881865501404, 0.14709527790546417, 0.12466741353273392, 0.06005194038152695, 0.038011334836483]"
blur-strong,ooc,1098,199,295,0,0.16130268573760986,"[295, 197, 297, 244, 205]","[0.16130268573760986, 0.1588359922170639, 0.12219294160604477, 0.11412379890680313, 0.06063445657491684]"
blur-strong,ooc,1099,170,164,0,0.16006389260292053,"[164, 176, 210, 280, 272]","[0.16006389260292053, 0.13199485838413239, 0.07498110085725784, 0.06726552546024323, 0.06291363388299942]"
blur-strong,ooc,1100,880,916,0,0.17047160863876343,"[916, 571, 527, 706, 811]","[0.17047160863876343, 0.1424620896577835, 0.08904003351926804, 0.06723075360059738, 0.03901592642068863]"
blur-strong,ooc,1101,188,173,0,0.1168067455291748,"[173, 1, 516, 850, 496]","[0.1168067455291748, 0.09310337156057358, 0.07604486495256424, 0.060296643525362015, 0.044645845890045166]"
blur-strong,ooc,1102,621,94,0,0.06373656541109085,"[94, 553, 908, 606, 791]","[0.06373656541109085, 0.049861740320920944, 0.048132866621017456, 0.04478251934051514, 0.043101608753204346]"
blur-strong,ooc,1103,170,101,0,0.20171700417995453,"[101, 385, 246, 386, 177]","[0.20171700417995453, 0.11022063344717026, 0.07740508764982224, 0.060411304235458374, 0.05953209102153778]"
blur-strong,ooc,1104,250,250,1,0.2602599263191223,"[250, 248, 755, 246, 574]","[0.2602599263191223, 0.233737975358963, 0.14494143426418304, 0.060432109981775284, 0.025817211717367172]"
blur-strong,ooc,1105,354,621,0,0.08606649935245514,"[621, 672, 428, 805, 973]","[0.08606649935245514, 0.07703240215778351, 0.06319933384656906, 0.039987459778785706, 0.03594537451863289]"
blur-strong,ooc,1106,522,738,0,0.47992461919784546,"[738, 458, 716, 708, 706]","[0.47992461919784546, 0.2373475730419159, 0.06320765614509583, 0.036478351801633835, 0.019198356196284294]"
blur-strong,ooc,1107,267,203,0,0.15542978048324585,"[203, 258, 229, 424, 608]","[0.15542978048324585, 0.11298756301403046, 0.10976024717092514, 0.0720476433634758, 0.0331495925784111]"
blur-strong,ooc,1108,945,611,0,0.13975587487220764,"[611, 866, 580, 491, 625]","[0.13975587487220764, 0.1246810108423233, 0.0907423198223114, 0.08239221572875977, 0.07979987561702728]"
blur-strong,ooc,1109,340,855,0,0.1968275010585785,"[855, 319, 430, 747, 464]","[0.1968275010585785, 0.1785728633403778, 0.16312113404273987, 0.07187771797180176, 0.036555588245391846]"
blur-strong,ooc,1110,772,704,0,0.2159355729818344,"[704, 791, 920, 772, 829]","[0.2159355729818344, 0.19030603766441345, 0.060111429542303085, 0.04667810723185539, 0.04141915962100029]"
blur-strong,ooc,1111,137,137,1,0.9604546427726746,"[137, 99, 141, 85, 20]","[0.9604546427726746, 0.013883671723306179, 0.008452346548438072, 0.004170932341367006, 0.0017555549275130033]"
blur-strong,ooc,1112,212,445,0,0.6307264566421509,"[445, 838, 671, 929, 758]","[0.6307264566421509, 0.038959696888923645, 0.02963770180940628, 0.017797084525227547, 0.01432895939797163]"
blur-strong,ooc,1113,727,727,1,0.13466136157512665,"[727, 704, 791, 484, 408]","[0.13466136157512665, 0.07304707914590836, 0.05747222527861595, 0.04642583802342415, 0.043589167296886444]"
blur-strong,ooc,1114,491,703,0,0.21204669773578644,"[703, 646, 912, 562, 642]","[0.21204669773578644, 0.18196845054626465, 0.05547686666250229, 0.050928883254528046, 0.03796668350696564]"
blur-strong,ooc,1115,707,326,0,0.18595284223556519,"[326, 896, 804, 844, 719]","[0.18595284223556519, 0.17857858538627625, 0.06486805528402328, 0.05408022925257683, 0.04157935082912445]"
blur-strong,ooc,1116,929,86,0,0.04645371809601784,"[86, 58, 991, 14, 993]","[0.04645371809601784, 0.037623316049575806, 0.035272855311632156, 0.03372977674007416, 0.0322185717523098]"
blur-strong,ooc,1117,645,840,0,0.3465360105037689,"[840, 855, 545, 790, 748]","[0.3465360105037689, 0.19593891501426697, 0.03389935567975044, 0.02968388982117176, 0.02584114298224449]"
blur-strong,ooc,1118,198,272,0,0.5434327721595764,"[272, 261, 249, 248, 250]","[0.5434327721595764, 0.14846952259540558, 0.1012732982635498, 0.028190622106194496, 0.026601530611515045]"
blur-strong,ooc,1119,170,322,0,0.32126396894454956,"[322, 88, 90, 364, 984]","[0.32126396894454956, 0.18716727197170258, 0.07791905105113983, 0.04260358214378357, 0.038729604333639145]"
blur-strong,ooc,1120,645,547,0,0.6805352568626404,"[547, 705, 660, 829, 449]","[0.6805352568626404, 0.09548448771238327, 0.04437033832073212, 0.024502716958522797, 0.01632210984826088]"
blur-strong,ooc,1121,181,181,1,0.7708598375320435,"[181, 178, 348, 270, 222]","[0.7708598375320435, 0.07078953087329865, 0.030188672244548798, 0.020838260650634766, 0.011340398341417313]"
blur-strong,ooc,1122,267,169,0,0.26243025064468384,"[169, 181, 728, 222, 170]","[0.26243025064468384, 0.12537536025047302, 0.08101421594619751, 0.059615373611450195, 0.049373459070920944]"
blur-strong,ooc,1123,340,292,0,0.4233570396900177,"[292, 340, 45, 396, 79]","[0.4233570396900177, 0.24774539470672607, 0.1044430211186409, 0.08201618492603302, 0.024692395702004433]"
blur-strong,ooc,1124,735,594,0,0.2991306781768799,"[594, 462, 840, 708, 614]","[0.2991306781768799, 0.21622703969478607, 0.20287558436393738, 0.07205592095851898, 0.0540008507668972]"
blur-strong,ooc,1125,361,375,0,0.16462741792201996,"[375, 164, 384, 54, 295]","[0.16462741792201996, 0.1274353265762329, 0.08334481716156006, 0.0692250207066536, 0.0662587583065033]"
blur-strong,ooc,1126,200,187,0,0.25968486070632935,"[187, 193, 178, 170, 155]","[0.25968486070632935, 0.2090356945991516, 0.08230496942996979, 0.046167533844709396, 0.03426668420433998]"
blur-strong,ooc,1127,912,912,1,0.7066430449485779,"[912, 410, 634, 519, 646]","[0.7066430449485779, 0.10160478204488754, 0.028231292963027954, 0.01939917914569378, 0.010941006243228912]"
blur-strong,ooc,1128,160,956,0,0.3193567991256714,"[956, 938, 738, 989, 937]","[0.3193567991256714, 0.20721493661403656, 0.1176178827881813, 0.06871381402015686, 0.048117779195308685]"
blur-strong,ooc,1129,188,188,1,0.16411243379116058,"[188, 248, 355, 189, 258]","[0.16411243379116058, 0.09744876623153687, 0.08847402781248093, 0.08276879042387009, 0.04077312722802162]"
blur-strong,ooc,1130,872,460,0,0.2477889060974121,"[460, 975, 733, 537, 792]","[0.2477889060974121, 0.1635555922985077, 0.05202404409646988, 0.048157211393117905, 0.03217533603310585]"
blur-strong,ooc,1131,338,378,0,0.11849144101142883,"[378, 382, 169, 951, 356]","[0.11849144101142883, 0.10606421530246735, 0.04853089526295662, 0.048398200422525406, 0.043716125190258026]"
blur-strong,ooc,1132,191,947,0,0.10441610962152481,"[947, 104, 355, 599, 253]","[0.10441610962152481, 0.08030980825424194, 0.06286844611167908, 0.03039354272186756, 0.025150246918201447]"
blur-strong,ooc,1133,226,348,0,0.10650095343589783,"[348, 182, 170, 106, 294]","[0.10650095343589783, 0.10057645291090012, 0.06804564595222473, 0.06655284762382507, 0.06601188331842422]"
blur-strong,ooc,1134,953,855,0,0.12684544920921326,"[855, 805, 768, 571, 771]","[0.12684544920921326, 0.07942987978458405, 0.06241125240921974, 0.05305561423301697, 0.043890029191970825]"
blur-strong,ooc,1135,544,704,0,0.13246417045593262,"[704, 608, 977, 879, 752]","[0.13246417045593262, 0.10242804884910583, 0.07123608142137527, 0.05896652117371559, 0.05891896411776543]"
blur-strong,ooc,1136,757,757,1,0.5893375873565674,"[757, 660, 609, 621, 675]","[0.5893375873565674, 0.13309462368488312, 0.03676331043243408, 0.036361418664455414, 0.021321028470993042]"
