model,dataset,idx,label,pred,correct,conf_top1,top5_idx,top5_probs
blur-strong,inpainted,0,361,41,0,0.14633651077747345,"[41, 71, 109, 44, 38]","[0.14633651077747345, 0.08226869255304337, 0.07579626888036728, 0.05237000063061714, 0.04946628212928772]"
blur-strong,inpainted,1,383,947,0,0.04248492047190666,"[947, 997, 330, 378, 82]","[0.04248492047190666, 0.036098238080739975, 0.035427067428827286, 0.03277060389518738, 0.031109189614653587]"
blur-strong,inpainted,2,356,364,0,0.057490985840559006,"[364, 930, 750, 519, 425]","[0.057490985840559006, 0.04396269842982292, 0.03867942467331886, 0.03697168081998825, 0.033938564360141754]"
blur-strong,inpainted,3,18,794,0,0.20355574786663055,"[794, 695, 725, 503, 427]","[0.20355574786663055, 0.19349195063114166, 0.11920443177223206, 0.03561779856681824, 0.03089011274278164]"
blur-strong,inpainted,4,295,556,0,0.7095762491226196,"[556, 743, 341, 344, 799]","[0.7095762491226196, 0.03706400841474533, 0.030739597976207733, 0.016680680215358734, 0.016424421221017838]"
blur-strong,inpainted,5,112,474,0,0.21182604134082794,"[474, 815, 840, 679, 107]","[0.21182604134082794, 0.13746578991413116, 0.0872955471277237, 0.06441964954137802, 0.04189640283584595]"
blur-strong,inpainted,6,32,30,0,0.13289909064769745,"[30, 67, 44, 105, 54]","[0.13289909064769745, 0.11320951581001282, 0.10081476718187332, 0.05141067877411842, 0.04641769081354141]"
blur-strong,inpainted,7,677,677,1,0.17831896245479584,"[677, 320, 70, 644, 696]","[0.17831896245479584, 0.12099148333072662, 0.10037609189748764, 0.08957833051681519, 0.04656277224421501]"
blur-strong,inpainted,8,438,877,0,0.12270554900169373,"[877, 828, 904, 423, 40]","[0.12270554900169373, 0.09718701988458633, 0.09373555332422256, 0.05208365619182587, 0.04650504142045975]"
blur-strong,inpainted,9,409,489,0,0.38959309458732605,"[489, 839, 500, 821, 448]","[0.38959309458732605, 0.04204380512237549, 0.038807809352874756, 0.03706282377243042, 0.03359999880194664]"
blur-strong,inpainted,10,71,604,0,0.11512037366628647,"[604, 904, 446, 620, 681]","[0.11512037366628647, 0.08883622288703918, 0.06879352778196335, 0.04275185242295265, 0.02847939170897007]"
blur-strong,inpainted,11,850,905,0,0.31563904881477356,"[905, 904, 545, 858, 686]","[0.31563904881477356, 0.23781579732894897, 0.0648014098405838, 0.034303441643714905, 0.023761549964547157]"
blur-strong,inpainted,12,12,846,0,0.15202032029628754,"[846, 619, 563, 549, 446]","[0.15202032029628754, 0.13064727187156677, 0.09838082641363144, 0.06807366013526917, 0.05134746432304382]"
blur-strong,inpainted,13,899,411,0,0.3896588981151581,"[411, 750, 490, 474, 658]","[0.3896588981151581, 0.18295125663280487, 0.08030474931001663, 0.056678514927625656, 0.05437599495053291]"
blur-strong,inpainted,14,338,434,0,0.13696740567684174,"[434, 833, 437, 798, 977]","[0.13696740567684174, 0.07789400219917297, 0.07429955899715424, 0.047845158725976944, 0.042668599635362625]"
blur-strong,inpainted,15,17,896,0,0.11083903163671494,"[896, 677, 38, 914, 845]","[0.11083903163671494, 0.03166557848453522, 0.02875065989792347, 0.02390890009701252, 0.02355196699500084]"
blur-strong,inpainted,16,363,549,0,0.15008576214313507,"[549, 798, 458, 460, 620]","[0.15008576214313507, 0.10226647555828094, 0.06658954173326492, 0.04409501329064369, 0.033857766538858414]"
blur-strong,inpainted,17,909,519,0,0.3884606957435608,"[519, 478, 516, 492, 496]","[0.3884606957435608, 0.37903520464897156, 0.07314220070838928, 0.031479764729738235, 0.021961523219943047]"
blur-strong,inpainted,18,679,883,0,0.12379977107048035,"[883, 725, 647, 849, 659]","[0.12379977107048035, 0.0858718529343605, 0.06900187581777573, 0.06502440571784973, 0.05532430112361908]"
blur-strong,inpainted,19,618,824,0,0.14488309621810913,"[824, 840, 692, 631, 911]","[0.14488309621810913, 0.12105470150709152, 0.09925064444541931, 0.09432785958051682, 0.09001007676124573]"
blur-strong,inpainted,20,618,735,0,0.205891951918602,"[735, 1, 533, 496, 327]","[0.205891951918602, 0.16493503749370575, 0.1265784353017807, 0.0750330239534378, 0.03163788095116615]"
blur-strong,inpainted,21,574,855,0,0.18133480846881866,"[855, 846, 619, 840, 700]","[0.18133480846881866, 0.09987487643957138, 0.0813259556889534, 0.06644522398710251, 0.040347326546907425]"
blur-strong,inpainted,22,658,565,0,0.1435781866312027,"[565, 881, 766, 848, 481]","[0.1435781866312027, 0.07856637984514236, 0.07349716126918793, 0.062210071831941605, 0.057765327394008636]"
blur-strong,inpainted,23,461,871,0,0.2913305461406708,"[871, 894, 484, 914, 538]","[0.2913305461406708, 0.15692321956157684, 0.14383311569690704, 0.04271629825234413, 0.04196394234895706]"
blur-strong,inpainted,24,132,694,0,0.1749761998653412,"[694, 975, 807, 421, 971]","[0.1749761998653412, 0.073373943567276, 0.05933348089456558, 0.03763812407851219, 0.03660624101758003]"
blur-strong,inpainted,25,122,519,0,0.5327185988426208,"[519, 492, 831, 729, 516]","[0.5327185988426208, 0.09514843672513962, 0.08058556914329529, 0.06400537490844727, 0.04317426308989525]"
blur-strong,inpainted,26,12,672,0,0.10530641674995422,"[672, 354, 405, 134, 447]","[0.10530641674995422, 0.08227436244487762, 0.07254472374916077, 0.06650878489017487, 0.06402336061000824]"
blur-strong,inpainted,27,679,615,0,0.29009246826171875,"[615, 463, 662, 597, 400]","[0.29009246826171875, 0.037378013134002686, 0.03412611782550812, 0.03207734227180481, 0.026225721463561058]"
blur-strong,inpainted,28,23,733,0,0.30351778864860535,"[733, 456, 645, 908, 405]","[0.30351778864860535, 0.1911923885345459, 0.08822659403085709, 0.07733967155218124, 0.053273580968379974]"
blur-strong,inpainted,29,937,828,0,0.1416984498500824,"[828, 439, 597, 524, 567]","[0.1416984498500824, 0.10644185543060303, 0.08718913048505783, 0.07509344816207886, 0.06442426145076752]"
blur-strong,inpainted,30,679,686,0,0.10821878910064697,"[686, 551, 818, 710, 828]","[0.10821878910064697, 0.07661152631044388, 0.06576753407716751, 0.05770128220319748, 0.041938718408346176]"
blur-strong,inpainted,31,335,669,0,0.1298321783542633,"[669, 992, 415, 452, 947]","[0.1298321783542633, 0.09746690839529037, 0.09560196846723557, 0.055545032024383545, 0.04496576264500618]"
blur-strong,inpainted,32,76,818,0,0.13834764063358307,"[818, 2, 125, 149, 700]","[0.13834764063358307, 0.04154575616121292, 0.03485088795423508, 0.034153182059526443, 0.027499401941895485]"
blur-strong,inpainted,33,851,453,0,0.19793440401554108,"[453, 548, 851, 651, 534]","[0.19793440401554108, 0.14790187776088715, 0.09555850178003311, 0.08699837327003479, 0.051011499017477036]"
blur-strong,inpainted,34,770,434,0,0.20348912477493286,"[434, 885, 905, 591, 718]","[0.20348912477493286, 0.1520736813545227, 0.1251191347837448, 0.10666924715042114, 0.036431629210710526]"
blur-strong,inpainted,35,122,858,0,0.28306594491004944,"[858, 905, 881, 566, 545]","[0.28306594491004944, 0.21806824207305908, 0.09101514518260956, 0.053795505315065384, 0.036354098469018936]"
blur-strong,inpainted,36,712,815,0,0.9978398084640503,"[815, 74, 73, 562, 75]","[0.9978398084640503, 0.0003977193555328995, 0.0003140499466098845, 0.00013511152064893395, 0.00010556549386819825]"
blur-strong,inpainted,37,852,56,0,0.28239068388938904,"[56, 38, 65, 539, 47]","[0.28239068388938904, 0.153506800532341, 0.10310766100883484, 0.06789136677980423, 0.055619653314352036]"
blur-strong,inpainted,38,12,17,0,0.15989600121974945,"[17, 94, 18, 505, 14]","[0.15989600121974945, 0.14615999162197113, 0.13329102098941803, 0.08335152268409729, 0.042238377034664154]"
blur-strong,inpainted,39,849,249,0,0.10906674712896347,"[249, 332, 359, 807, 248]","[0.10906674712896347, 0.06204647198319435, 0.033156223595142365, 0.028984740376472473, 0.026109004393219948]"
blur-strong,inpainted,40,606,664,0,0.2432899922132492,"[664, 598, 851, 681, 700]","[0.2432899922132492, 0.19973956048488617, 0.14347897469997406, 0.031036118045449257, 0.024147475138306618]"
blur-strong,inpainted,41,87,702,0,0.23275242745876312,"[702, 713, 559, 765, 999]","[0.23275242745876312, 0.10393788665533066, 0.05352254584431648, 0.03871434926986694, 0.03648517653346062]"
blur-strong,inpainted,42,491,736,0,0.6799204349517822,"[736, 620, 228, 921, 412]","[0.6799204349517822, 0.01537200529128313, 0.012958711013197899, 0.012857063673436642, 0.01157999038696289]"
blur-strong,inpainted,43,964,659,0,0.13815833628177643,"[659, 666, 968, 459, 861]","[0.13815833628177643, 0.10726627707481384, 0.0772983580827713, 0.05751112848520279, 0.05092031508684158]"
blur-strong,inpainted,44,635,620,0,0.27956125140190125,"[620, 632, 662, 754, 681]","[0.27956125140190125, 0.23948083817958832, 0.05252619832754135, 0.04448726028203964, 0.036522336304187775]"
blur-strong,inpainted,45,335,904,0,0.21996663510799408,"[904, 753, 911, 858, 807]","[0.21996663510799408, 0.12044110894203186, 0.0454547144472599, 0.031921420246362686, 0.03185978904366493]"
blur-strong,inpainted,46,825,825,1,0.6109226942062378,"[825, 81, 611, 410, 649]","[0.6109226942062378, 0.11264146119356155, 0.03186866641044617, 0.024432502686977386, 0.010197767987847328]"
blur-strong,inpainted,47,863,329,0,0.11663149297237396,"[329, 109, 937, 973, 815]","[0.11663149297237396, 0.09360331296920776, 0.08839009702205658, 0.0483180470764637, 0.04200780391693115]"
blur-strong,inpainted,48,839,953,0,0.2318354994058609,"[953, 369, 580, 199, 946]","[0.2318354994058609, 0.04954550415277481, 0.04473131522536278, 0.04421140253543854, 0.03580191731452942]"
blur-strong,inpainted,49,257,977,0,0.11344844847917557,"[977, 0, 912, 646, 958]","[0.11344844847917557, 0.09382600337266922, 0.06627633422613144, 0.04364774748682976, 0.019817449152469635]"
blur-strong,inpainted,50,185,216,0,0.12217967212200165,"[216, 48, 646, 293, 621]","[0.12217967212200165, 0.10520097613334656, 0.08884421736001968, 0.07496631145477295, 0.03422989696264267]"
blur-strong,inpainted,51,489,646,0,0.14998315274715424,"[646, 975, 428, 703, 104]","[0.14998315274715424, 0.08732468634843826, 0.0831703469157219, 0.04196914657950401, 0.03773856908082962]"
blur-strong,inpainted,52,609,295,0,0.49435535073280334,"[295, 256, 205, 197, 199]","[0.49435535073280334, 0.03850298002362251, 0.03237524256110191, 0.0282802302390337, 0.025062518194317818]"
blur-strong,inpainted,53,847,274,0,0.09893651306629181,"[274, 276, 48, 272, 352]","[0.09893651306629181, 0.08257976919412613, 0.07979494333267212, 0.06793299317359924, 0.0386403352022171]"
blur-strong,inpainted,54,544,815,0,0.18073782324790955,"[815, 379, 329, 295, 381]","[0.18073782324790955, 0.06308481097221375, 0.044635988771915436, 0.03844308480620384, 0.02819177135825157]"
blur-strong,inpainted,55,179,979,0,0.1960545927286148,"[979, 815, 295, 274, 366]","[0.1960545927286148, 0.1859586387872696, 0.06541571766138077, 0.05085882171988487, 0.0331752672791481]"
blur-strong,inpainted,56,174,703,0,0.10664959251880646,"[703, 293, 84, 295, 104]","[0.10664959251880646, 0.0887509137392044, 0.07650487124919891, 0.0710199624300003, 0.031002838164567947]"
blur-strong,inpainted,57,349,295,0,0.08392143249511719,"[295, 815, 361, 199, 298]","[0.08392143249511719, 0.05304253473877907, 0.044417113065719604, 0.04081445559859276, 0.031159060075879097]"
blur-strong,inpainted,58,277,272,0,0.27618879079818726,"[272, 133, 274, 330, 331]","[0.27618879079818726, 0.10418340563774109, 0.0695308968424797, 0.050237931311130524, 0.04832468181848526]"
blur-strong,inpainted,59,518,912,0,0.4391094744205475,"[912, 646, 318, 132, 128]","[0.4391094744205475, 0.03709333389997482, 0.03593125194311142, 0.028206417337059975, 0.02502894029021263]"
blur-strong,inpainted,60,958,425,0,0.419121116399765,"[425, 912, 839, 958, 888]","[0.419121116399765, 0.11363471299409866, 0.07085739821195602, 0.07068347185850143, 0.04824650287628174]"
blur-strong,inpainted,61,385,101,0,0.32826122641563416,"[101, 386, 385, 352, 372]","[0.32826122641563416, 0.22160762548446655, 0.132176473736763, 0.045695479959249496, 0.03643081337213516]"
blur-strong,inpainted,62,830,815,0,0.06642096489667892,"[815, 329, 84, 390, 379]","[0.06642096489667892, 0.06129411235451698, 0.03753024339675903, 0.036727484315633774, 0.032207585871219635]"
blur-strong,inpainted,63,132,815,0,0.5196241140365601,"[815, 331, 293, 39, 295]","[0.5196241140365601, 0.0721452385187149, 0.045906614512205124, 0.028926746919751167, 0.021619362756609917]"
blur-strong,inpainted,64,354,912,0,0.8842215538024902,"[912, 703, 975, 791, 525]","[0.8842215538024902, 0.03633788600564003, 0.020044540986418724, 0.007949130609631538, 0.00439152168110013]"
blur-strong,inpainted,65,879,974,0,0.2715097665786743,"[974, 980, 975, 525, 832]","[0.2715097665786743, 0.22765375673770905, 0.13633191585540771, 0.029090534895658493, 0.02067592926323414]"
blur-strong,inpainted,66,807,979,0,0.2865735590457916,"[979, 975, 839, 428, 703]","[0.2865735590457916, 0.0799085795879364, 0.07657182961702347, 0.06341969966888428, 0.05666523799300194]"
blur-strong,inpainted,67,863,649,0,0.1957169622182846,"[649, 972, 183, 958, 199]","[0.1957169622182846, 0.08473587036132812, 0.06918440014123917, 0.06598524749279022, 0.06289580464363098]"
blur-strong,inpainted,68,821,979,0,0.3774750232696533,"[979, 972, 976, 853, 839]","[0.3774750232696533, 0.17385366559028625, 0.16542959213256836, 0.09424356371164322, 0.03460245952010155]"
blur-strong,inpainted,69,656,904,0,0.10095177590847015,"[904, 820, 863, 386, 671]","[0.10095177590847015, 0.0738879069685936, 0.07021895051002502, 0.06936831772327423, 0.0345672145485878]"
blur-strong,inpainted,70,614,912,0,0.46505385637283325,"[912, 738, 973, 428, 471]","[0.46505385637283325, 0.1947184056043625, 0.048788633197546005, 0.03604770451784134, 0.025538073852658272]"
blur-strong,inpainted,71,294,329,0,0.11541896313428879,"[329, 336, 979, 380, 81]","[0.11541896313428879, 0.10731945186853409, 0.055187031626701355, 0.042130861431360245, 0.034381203353405]"
blur-strong,inpainted,72,870,671,0,0.10679054260253906,"[671, 672, 342, 792, 880]","[0.10679054260253906, 0.08649571985006332, 0.0522572286427021, 0.04370575025677681, 0.04129670932888985]"
blur-strong,inpainted,73,346,343,0,0.09709177911281586,"[343, 974, 345, 101, 671]","[0.09709177911281586, 0.07203120738267899, 0.05056701973080635, 0.03919093310832977, 0.03648502007126808]"
blur-strong,inpainted,74,194,212,0,0.1710728406906128,"[212, 206, 244, 269, 257]","[0.1710728406906128, 0.06483633071184158, 0.051374293863773346, 0.04351763427257538, 0.03840542212128639]"
blur-strong,inpainted,75,287,649,0,0.7739433646202087,"[649, 295, 22, 863, 972]","[0.7739433646202087, 0.029210850596427917, 0.015835106372833252, 0.013152418658137321, 0.012978186830878258]"
blur-strong,inpainted,76,295,385,0,0.12002705037593842,"[385, 365, 369, 101, 366]","[0.12002705037593842, 0.09730716049671173, 0.09341371059417725, 0.07678310573101044, 0.06249552220106125]"
blur-strong,inpainted,77,92,128,0,0.4096227288246155,"[128, 21, 335, 11, 127]","[0.4096227288246155, 0.2238006740808487, 0.04386024922132492, 0.02341683954000473, 0.021884985268115997]"
blur-strong,inpainted,78,17,313,0,0.1243249773979187,"[313, 311, 319, 988, 989]","[0.1243249773979187, 0.10955988615751266, 0.090685173869133, 0.06285719573497772, 0.05242982134222984]"
blur-strong,inpainted,79,105,105,1,0.07061710953712463,"[105, 448, 863, 376, 327]","[0.07061710953712463, 0.06246084347367287, 0.054759349673986435, 0.04591954126954079, 0.044243961572647095]"
blur-strong,inpainted,80,356,381,0,0.1415754109621048,"[381, 379, 373, 369, 448]","[0.1415754109621048, 0.0707111656665802, 0.04992556944489479, 0.03927240148186684, 0.034729670733213425]"
blur-strong,inpainted,81,14,380,0,0.3780580461025238,"[380, 382, 378, 384, 379]","[0.3780580461025238, 0.16434837877750397, 0.13945578038692474, 0.04466060921549797, 0.04273950681090355]"
blur-strong,inpainted,82,378,379,0,0.1579485982656479,"[379, 364, 375, 89, 84]","[0.1579485982656479, 0.07652156054973602, 0.05999736487865448, 0.03607204928994179, 0.0324774794280529]"
blur-strong,inpainted,83,59,313,0,0.16570354998111725,"[313, 382, 376, 93, 96]","[0.16570354998111725, 0.11683989316225052, 0.11104997992515564, 0.08164599537849426, 0.0367865264415741]"
blur-strong,inpainted,84,95,95,1,0.5245010852813721,"[95, 313, 59, 587, 47]","[0.5245010852813721, 0.04463712498545647, 0.043157100677490234, 0.03329097479581833, 0.030117163434624672]"
blur-strong,inpainted,85,95,94,0,0.15990722179412842,"[94, 311, 313, 46, 320]","[0.15990722179412842, 0.1374925673007965, 0.11507343500852585, 0.06799271702766418, 0.06702694296836853]"
blur-strong,inpainted,86,379,95,0,0.1754167079925537,"[95, 376, 379, 91, 381]","[0.1754167079925537, 0.12528078258037567, 0.11435896158218384, 0.08173084259033203, 0.0648866668343544]"
blur-strong,inpainted,87,382,986,0,0.25640153884887695,"[986, 989, 133, 376, 945]","[0.25640153884887695, 0.18849049508571625, 0.04623639956116676, 0.040999334305524826, 0.034658338874578476]"
blur-strong,inpainted,88,10,16,0,0.37425118684768677,"[16, 95, 94, 10, 14]","[0.37425118684768677, 0.2646551728248596, 0.16806630790233612, 0.04576314240694046, 0.03243499621748924]"
blur-strong,inpainted,89,383,103,0,0.12218869477510452,"[103, 360, 50, 337, 344]","[0.12218869477510452, 0.11889875680208206, 0.06119954586029053, 0.04219042882323265, 0.037119507789611816]"
blur-strong,inpainted,90,378,381,0,0.19554251432418823,"[381, 955, 382, 368, 378]","[0.19554251432418823, 0.08779237419366837, 0.0746953934431076, 0.05617048218846321, 0.05087767913937569]"
blur-strong,inpainted,91,376,370,0,0.2630901038646698,"[370, 376, 373, 365, 380]","[0.2630901038646698, 0.162957102060318, 0.07315320521593094, 0.05749636888504028, 0.03869776800274849]"
blur-strong,inpainted,92,21,379,0,0.10728465765714645,"[379, 10, 15, 13, 381]","[0.10728465765714645, 0.09385526180267334, 0.09064332395792007, 0.08188137412071228, 0.046062931418418884]"
blur-strong,inpainted,93,275,109,0,0.07385977357625961,"[109, 794, 815, 135, 84]","[0.07385977357625961, 0.06470650434494019, 0.062323227524757385, 0.03307401016354561, 0.02630876563489437]"
blur-strong,inpainted,94,85,376,0,0.567330539226532,"[376, 738, 373, 371, 946]","[0.567330539226532, 0.07903996855020523, 0.029706692323088646, 0.02810441516339779, 0.02150391787290573]"
blur-strong,inpainted,95,383,271,0,0.09915216267108917,"[271, 340, 50, 366, 383]","[0.09915216267108917, 0.07873763144016266, 0.047668468207120895, 0.0395260825753212, 0.0363561250269413]"
blur-strong,inpainted,96,18,489,0,0.12848548591136932,"[489, 839, 428, 646, 14]","[0.12848548591136932, 0.0631265938282013, 0.04490287974476814, 0.0419963113963604, 0.02992074377834797]"
blur-strong,inpainted,97,326,13,0,0.21632780134677887,"[13, 42, 10, 325, 81]","[0.21632780134677887, 0.20412418246269226, 0.06904236227273941, 0.06754134595394135, 0.05299202725291252]"
blur-strong,inpainted,98,379,379,1,0.3621886670589447,"[379, 91, 939, 378, 364]","[0.3621886670589447, 0.10523015260696411, 0.057125139981508255, 0.05633525550365448, 0.046565473079681396]"
blur-strong,inpainted,99,378,562,0,0.14646513760089874,"[562, 839, 383, 448, 863]","[0.14646513760089874, 0.12060654163360596, 0.08343828469514847, 0.06593729555606842, 0.06324940919876099]"
blur-strong,inpainted,100,378,334,0,0.2123633325099945,"[334, 328, 135, 378, 55]","[0.2123633325099945, 0.10911321640014648, 0.058202650398015976, 0.05657249316573143, 0.04578850790858269]"
blur-strong,inpainted,101,379,14,0,0.09759490191936493,"[14, 986, 382, 16, 989]","[0.09759490191936493, 0.08417749404907227, 0.0597439706325531, 0.0425410196185112, 0.04233121871948242]"
blur-strong,inpainted,102,12,92,0,0.15716606378555298,"[92, 142, 989, 94, 16]","[0.15716606378555298, 0.140793576836586, 0.10782042890787125, 0.08107501268386841, 0.08103474229574203]"
blur-strong,inpainted,103,18,250,0,0.1251891553401947,"[250, 279, 264, 263, 270]","[0.1251891553401947, 0.11738817393779755, 0.09322229027748108, 0.07975786924362183, 0.04357922077178955]"
blur-strong,inpainted,104,428,50,0,0.22511640191078186,"[50, 84, 49, 646, 65]","[0.22511640191078186, 0.08076503872871399, 0.054695673286914825, 0.03874668478965759, 0.03671814873814583]"
blur-strong,inpainted,105,376,379,0,0.05359566956758499,"[379, 368, 102, 824, 135]","[0.05359566956758499, 0.05316973477602005, 0.04945032298564911, 0.032467544078826904, 0.029100149869918823]"
blur-strong,inpainted,106,379,993,0,0.2696743309497833,"[993, 996, 989, 956, 909]","[0.2696743309497833, 0.16609923541545868, 0.10156377404928207, 0.07438838481903076, 0.05503814294934273]"
blur-strong,inpainted,107,19,55,0,0.18676187098026276,"[55, 939, 46, 59, 381]","[0.18676187098026276, 0.1397700309753418, 0.11444409191608429, 0.07863961905241013, 0.05539693310856819]"
blur-strong,inpainted,108,18,92,0,0.30096668004989624,"[92, 18, 379, 22, 23]","[0.30096668004989624, 0.18020178377628326, 0.17166301608085632, 0.14530956745147705, 0.02205968275666237]"
blur-strong,inpainted,109,95,95,1,0.07065902650356293,"[95, 53, 13, 94, 14]","[0.07065902650356293, 0.06038077548146248, 0.058790892362594604, 0.04905824363231659, 0.04609812796115875]"
blur-strong,inpainted,110,95,133,0,0.4194398522377014,"[133, 313, 315, 96, 91]","[0.4194398522377014, 0.1866605281829834, 0.1745341718196869, 0.02626676671206951, 0.018553877249360085]"
blur-strong,inpainted,111,17,95,0,0.4705120027065277,"[95, 16, 382, 94, 12]","[0.4705120027065277, 0.13633784651756287, 0.04849069565534592, 0.04015146568417549, 0.017519894987344742]"
blur-strong,inpainted,112,232,135,0,0.05162698030471802,"[135, 82, 81, 86, 364]","[0.05162698030471802, 0.04570214822888374, 0.044161003082990646, 0.040192607790231705, 0.03856852650642395]"
blur-strong,inpainted,113,382,315,0,0.23924174904823303,"[315, 14, 313, 71, 73]","[0.23924174904823303, 0.08619186282157898, 0.0645458847284317, 0.052343085408210754, 0.030815841630101204]"
blur-strong,inpainted,114,622,944,0,0.25434166193008423,"[944, 988, 989, 55, 376]","[0.25434166193008423, 0.09849382191896439, 0.06946004182100296, 0.04738805443048477, 0.03807130455970764]"
blur-strong,inpainted,115,372,825,0,0.17891904711723328,"[825, 329, 955, 84, 108]","[0.17891904711723328, 0.07421931624412537, 0.07184919714927673, 0.06401034444570541, 0.05775302276015282]"
blur-strong,inpainted,116,313,738,0,0.1645086258649826,"[738, 614, 986, 985, 984]","[0.1645086258649826, 0.10051176697015762, 0.08395085483789444, 0.06663721054792404, 0.04601149633526802]"
blur-strong,inpainted,117,18,293,0,0.28232142329216003,"[293, 331, 350, 353, 138]","[0.28232142329216003, 0.23406875133514404, 0.14531801640987396, 0.04503588750958443, 0.031903233379125595]"
blur-strong,inpainted,118,919,381,0,0.3637361526489258,"[381, 365, 368, 939, 955]","[0.3637361526489258, 0.30879247188568115, 0.0720575749874115, 0.05861905589699745, 0.030530540272593498]"
blur-strong,inpainted,119,92,381,0,0.1538541465997696,"[381, 21, 19, 488, 288]","[0.1538541465997696, 0.15050913393497467, 0.0975724309682846, 0.08526203036308289, 0.045494165271520615]"
blur-strong,inpainted,120,75,483,0,0.11891395598649979,"[483, 133, 649, 269, 725]","[0.11891395598649979, 0.07699821144342422, 0.06354367733001709, 0.03158712014555931, 0.030224215239286423]"
blur-strong,inpainted,121,379,329,0,0.4499824047088623,"[329, 379, 96, 93, 378]","[0.4499824047088623, 0.16085001826286316, 0.09189419448375702, 0.05536364018917084, 0.035217493772506714]"
blur-strong,inpainted,122,272,331,0,0.16396482288837433,"[331, 330, 335, 371, 376]","[0.16396482288837433, 0.13128110766410828, 0.10638131201267242, 0.07000917196273804, 0.03869682550430298]"
blur-strong,inpainted,123,86,979,0,0.10732949525117874,"[979, 580, 397, 973, 682]","[0.10732949525117874, 0.09248657524585724, 0.04001647233963013, 0.035183291882276535, 0.03317822143435478]"
blur-strong,inpainted,124,275,295,0,0.12401607632637024,"[295, 522, 84, 330, 649]","[0.12401607632637024, 0.056373681873083115, 0.05328594893217087, 0.04915103688836098, 0.03640319034457207]"
blur-strong,inpainted,125,387,128,0,0.11924764513969421,"[128, 91, 95, 42, 16]","[0.11924764513969421, 0.11810522526502609, 0.06702154874801636, 0.059898216277360916, 0.04964594915509224]"
blur-strong,inpainted,126,12,989,0,0.3461208641529083,"[989, 309, 95, 90, 988]","[0.3461208641529083, 0.10911189019680023, 0.0725809782743454, 0.06299014389514923, 0.0432233102619648]"
blur-strong,inpainted,127,17,13,0,0.5585165023803711,"[13, 10, 12, 16, 19]","[0.5585165023803711, 0.1798579841852188, 0.10036595910787582, 0.0671924352645874, 0.0188937745988369]"
blur-strong,inpainted,128,899,26,0,0.21169382333755493,"[26, 79, 382, 64, 381]","[0.21169382333755493, 0.044178228825330734, 0.03648131340742111, 0.03459789976477623, 0.034407056868076324]"
blur-strong,inpainted,129,365,825,0,0.20457959175109863,"[825, 580, 912, 365, 583]","[0.20457959175109863, 0.09240492433309555, 0.08438104391098022, 0.07458341866731644, 0.047150421887636185]"
blur-strong,inpainted,130,335,327,0,0.24235670268535614,"[327, 329, 47, 54, 364]","[0.24235670268535614, 0.1981165111064911, 0.03928028792142868, 0.026352453976869583, 0.02237621694803238]"
blur-strong,inpainted,131,23,979,0,0.326494038105011,"[979, 81, 129, 381, 672]","[0.326494038105011, 0.09560644626617432, 0.02902921847999096, 0.02503613755106926, 0.02435549721121788]"
blur-strong,inpainted,132,379,682,0,0.3340367376804352,"[682, 458, 821, 777, 442]","[0.3340367376804352, 0.29406726360321045, 0.12912292778491974, 0.03703320026397705, 0.024052433669567108]"
blur-strong,inpainted,133,988,458,0,0.136991485953331,"[458, 988, 50, 327, 994]","[0.136991485953331, 0.07334758341312408, 0.031082909554243088, 0.03046068549156189, 0.027777494862675667]"
blur-strong,inpainted,134,988,16,0,0.2761397063732147,"[16, 315, 313, 95, 320]","[0.2761397063732147, 0.1524425595998764, 0.14485757052898407, 0.10150844603776932, 0.06064844876527786]"
blur-strong,inpainted,135,17,95,0,0.6546898484230042,"[95, 320, 14, 319, 94]","[0.6546898484230042, 0.2204408049583435, 0.03974950313568115, 0.02999311499297619, 0.013969620689749718]"
blur-strong,inpainted,136,18,91,0,0.18145832419395447,"[91, 448, 92, 95, 16]","[0.18145832419395447, 0.07543064653873444, 0.05455411970615387, 0.044569578021764755, 0.04409416392445564]"
blur-strong,inpainted,137,39,39,1,0.2473117858171463,"[39, 939, 48, 96, 89]","[0.2473117858171463, 0.16419586539268494, 0.08168039470911026, 0.0321977436542511, 0.02765784226357937]"
blur-strong,inpainted,138,335,15,0,0.1315595805644989,"[15, 10, 320, 313, 14]","[0.1315595805644989, 0.06221384555101395, 0.03962918743491173, 0.03950481489300728, 0.03778073191642761]"
blur-strong,inpainted,139,376,989,0,0.12489015609025955,"[989, 580, 863, 984, 825]","[0.12489015609025955, 0.09777344763278961, 0.07842334359884262, 0.04623330011963844, 0.04578699171543121]"
blur-strong,inpainted,140,18,138,0,0.34507155418395996,"[138, 293, 131, 49, 133]","[0.34507155418395996, 0.20402643084526062, 0.05502673238515854, 0.02473592571914196, 0.024056723341345787]"
blur-strong,inpainted,141,134,825,0,0.22308053076267242,"[825, 286, 287, 209, 291]","[0.22308053076267242, 0.13119593262672424, 0.11840884387493134, 0.04599287733435631, 0.044033151119947433]"
blur-strong,inpainted,142,294,972,0,0.40481114387512207,"[972, 979, 2, 976, 970]","[0.40481114387512207, 0.15021859109401703, 0.0980079397559166, 0.09355480223894119, 0.026973629370331764]"
blur-strong,inpainted,143,472,646,0,0.19900889694690704,"[646, 975, 835, 833, 472]","[0.19900889694690704, 0.16850507259368896, 0.1084141954779625, 0.10270816087722778, 0.040398888289928436]"
blur-strong,inpainted,144,354,912,0,0.3352453410625458,"[912, 703, 565, 425, 975]","[0.3352453410625458, 0.12850145995616913, 0.05223334953188896, 0.04530571028590202, 0.0443095862865448]"
blur-strong,inpainted,145,134,334,0,0.11731299012899399,"[334, 50, 141, 735, 132]","[0.11731299012899399, 0.07773513346910477, 0.0606938973069191, 0.041509613394737244, 0.04128076508641243]"
blur-strong,inpainted,146,821,391,0,0.24209225177764893,"[391, 975, 978, 974, 980]","[0.24209225177764893, 0.2268008291721344, 0.08940430730581284, 0.08848414570093155, 0.04300696775317192]"
blur-strong,inpainted,147,391,977,0,0.5861149430274963,"[977, 978, 833, 975, 913]","[0.5861149430274963, 0.14137054979801178, 0.10846349596977234, 0.07202453911304474, 0.015195794403553009]"
blur-strong,inpainted,148,391,975,0,0.39707136154174805,"[975, 977, 978, 460, 833]","[0.39707136154174805, 0.3363713324069977, 0.13168548047542572, 0.06394633650779724, 0.009821285493671894]"
blur-strong,inpainted,149,821,484,0,0.07062087208032608,"[484, 755, 821, 634, 914]","[0.07062087208032608, 0.05523301661014557, 0.041799481958150864, 0.03771947696805, 0.03754311054944992]"
blur-strong,inpainted,150,576,576,1,0.5081897974014282,"[576, 750, 611, 741, 329]","[0.5081897974014282, 0.08180208504199982, 0.03145362064242363, 0.021592598408460617, 0.016079289838671684]"
blur-strong,inpainted,151,140,140,1,0.3249652087688446,"[140, 146, 142, 2, 141]","[0.3249652087688446, 0.1271963268518448, 0.1254698783159256, 0.11296537518501282, 0.08544795960187912]"
blur-strong,inpainted,152,852,98,0,0.1250554621219635,"[98, 360, 337, 147, 20]","[0.1250554621219635, 0.08649872988462448, 0.06443420797586441, 0.05839689448475838, 0.04661630839109421]"
blur-strong,inpainted,153,576,977,0,0.31592944264411926,"[977, 814, 646, 975, 978]","[0.31592944264411926, 0.19969098269939423, 0.09375497698783875, 0.0690583661198616, 0.06055135279893875]"
blur-strong,inpainted,154,472,340,0,0.19772958755493164,"[340, 603, 449, 791, 483]","[0.19772958755493164, 0.11808695644140244, 0.11405675113201141, 0.0743233934044838, 0.02894417941570282]"
blur-strong,inpainted,155,258,975,0,0.12832629680633545,"[975, 984, 143, 460, 977]","[0.12832629680633545, 0.06944810599088669, 0.05530708655714989, 0.049977365881204605, 0.028805334120988846]"
blur-strong,inpainted,156,143,337,0,0.31305602192878723,"[337, 98, 20, 58, 141]","[0.31305602192878723, 0.09756037592887878, 0.06511646509170532, 0.06138959154486656, 0.059087082743644714]"
blur-strong,inpainted,157,198,975,0,0.2562447190284729,"[975, 853, 536, 449, 565]","[0.2562447190284729, 0.11130652576684952, 0.10811959952116013, 0.05562330782413483, 0.03987573832273483]"
blur-strong,inpainted,158,236,975,0,0.7202679514884949,"[975, 979, 977, 978, 825]","[0.7202679514884949, 0.07993091642856598, 0.03393647447228432, 0.02387574501335621, 0.019513707607984543]"
blur-strong,inpainted,159,576,576,1,0.9495631456375122,"[576, 833, 839, 554, 562]","[0.9495631456375122, 0.0418320894241333, 0.00224265456199646, 0.0019321924773976207, 0.001027604448609054]"
blur-strong,inpainted,160,483,979,0,0.42940831184387207,"[979, 970, 972, 483, 437]","[0.42940831184387207, 0.09702041000127792, 0.09310106188058853, 0.0893048346042633, 0.054581061005592346]"
blur-strong,inpainted,161,727,727,1,0.6984025239944458,"[727, 853, 668, 562, 538]","[0.6984025239944458, 0.05625182390213013, 0.04235348850488663, 0.015471376478672028, 0.012518759816884995]"
blur-strong,inpainted,162,238,344,0,0.11075664311647415,"[344, 646, 814, 49, 334]","[0.11075664311647415, 0.06508141756057739, 0.053287677466869354, 0.05138416588306427, 0.04228316619992256]"
blur-strong,inpainted,163,385,344,0,0.47027572989463806,"[344, 294, 150, 48, 360]","[0.47027572989463806, 0.08580126613378525, 0.0758247822523117, 0.059992466121912, 0.05102820694446564]"
blur-strong,inpainted,164,472,977,0,0.3008114993572235,"[977, 978, 147, 975, 718]","[0.3008114993572235, 0.1476956009864807, 0.09455826878547668, 0.05726705864071846, 0.050409674644470215]"
blur-strong,inpainted,165,140,133,0,0.21943503618240356,"[133, 142, 141, 135, 49]","[0.21943503618240356, 0.188230499625206, 0.09979043155908585, 0.06021591275930405, 0.05615878477692604]"
blur-strong,inpainted,166,352,296,0,0.13555073738098145,"[296, 49, 972, 139, 50]","[0.13555073738098145, 0.10754571110010147, 0.07049233466386795, 0.05143880844116211, 0.04475517198443413]"
blur-strong,inpainted,167,292,274,0,0.08647318929433823,"[274, 133, 269, 294, 276]","[0.08647318929433823, 0.0858004167675972, 0.07979094982147217, 0.07571383565664291, 0.0490150973200798]"
blur-strong,inpainted,168,806,646,0,0.10626652091741562,"[646, 825, 184, 462, 975]","[0.10626652091741562, 0.07123074680566788, 0.06157511845231056, 0.040395740419626236, 0.03993985429406166]"
blur-strong,inpainted,169,449,425,0,0.12458575516939163,"[425, 958, 340, 294, 853]","[0.12458575516939163, 0.06637239456176758, 0.054182834923267365, 0.0430896170437336, 0.041225865483284]"
blur-strong,inpainted,170,164,70,0,0.3823045790195465,"[70, 77, 303, 39, 44]","[0.3823045790195465, 0.08776065707206726, 0.03528152033686638, 0.032928045839071274, 0.03252900019288063]"
blur-strong,inpainted,171,909,825,0,0.20285779237747192,"[825, 349, 360, 48, 348]","[0.20285779237747192, 0.14370279014110565, 0.11376296728849411, 0.09700743108987808, 0.05630708113312721]"
blur-strong,inpainted,172,576,576,1,0.8927170038223267,"[576, 718, 554, 874, 536]","[0.8927170038223267, 0.021080058068037033, 0.020486222580075264, 0.006476574577391148, 0.004600206855684519]"
blur-strong,inpainted,173,727,975,0,0.30658844113349915,"[975, 483, 979, 417, 980]","[0.30658844113349915, 0.23275689780712128, 0.07765946537256241, 0.0757397711277008, 0.05642249435186386]"
blur-strong,inpainted,174,223,839,0,0.17680712044239044,"[839, 525, 132, 913, 974]","[0.17680712044239044, 0.16914373636245728, 0.1100873351097107, 0.07912705093622208, 0.05943078175187111]"
blur-strong,inpainted,175,132,50,0,0.17080596089363098,"[50, 825, 197, 84, 224]","[0.17080596089363098, 0.08021479099988937, 0.05300739035010338, 0.052643805742263794, 0.03735749050974846]"
blur-strong,inpainted,176,576,576,1,0.4017278254032135,"[576, 694, 562, 716, 698]","[0.4017278254032135, 0.24529790878295898, 0.10288297384977341, 0.03596097603440285, 0.026713987812399864]"
blur-strong,inpainted,177,391,977,0,0.26085519790649414,"[977, 975, 851, 910, 753]","[0.26085519790649414, 0.1155233159661293, 0.08361607789993286, 0.04498686268925667, 0.038516052067279816]"
blur-strong,inpainted,178,708,975,0,0.32087525725364685,"[975, 958, 337, 911, 395]","[0.32087525725364685, 0.07856685668230057, 0.05790300667285919, 0.043296560645103455, 0.033836230635643005]"
blur-strong,inpainted,179,132,331,0,0.17010420560836792,"[331, 434, 330, 276, 279]","[0.17010420560836792, 0.058118678629398346, 0.03763153776526451, 0.036076318472623825, 0.03140191361308098]"
blur-strong,inpainted,180,576,576,1,0.9719012379646301,"[576, 718, 829, 536, 706]","[0.9719012379646301, 0.01155458576977253, 0.0025236846413463354, 0.0020332017447799444, 0.0017594232922419906]"
blur-strong,inpainted,181,143,140,0,0.2584853768348694,"[140, 139, 143, 141, 337]","[0.2584853768348694, 0.17578570544719696, 0.16095905005931854, 0.11558163911104202, 0.05922916904091835]"
blur-strong,inpainted,182,842,562,0,0.40690353512763977,"[562, 879, 637, 475, 851]","[0.40690353512763977, 0.046469397842884064, 0.041946444660425186, 0.033712372183799744, 0.031003642827272415]"
blur-strong,inpainted,183,372,49,0,0.366295725107193,"[49, 132, 129, 131, 134]","[0.366295725107193, 0.14122159779071808, 0.07020553946495056, 0.050620660185813904, 0.04005598649382591]"
blur-strong,inpainted,184,36,144,0,0.6113991737365723,"[144, 696, 142, 84, 462]","[0.6113991737365723, 0.03930245712399483, 0.029102927073836327, 0.028735486790537834, 0.026491323485970497]"
blur-strong,inpainted,185,660,980,0,0.44776615500450134,"[980, 977, 888, 565, 705]","[0.44776615500450134, 0.17774814367294312, 0.09006274491548538, 0.038977742195129395, 0.037601035088300705]"
blur-strong,inpainted,186,821,525,0,0.4488481879234314,"[525, 975, 853, 449, 839]","[0.4488481879234314, 0.08154098689556122, 0.06573714315891266, 0.05801830440759659, 0.05621756240725517]"
blur-strong,inpainted,187,449,460,0,0.5833533406257629,"[460, 977, 525, 693, 144]","[0.5833533406257629, 0.1051369160413742, 0.06218116357922554, 0.06114863231778145, 0.04746531695127487]"
blur-strong,inpainted,188,131,448,0,0.4004620611667633,"[448, 497, 580, 105, 282]","[0.4004620611667633, 0.12932702898979187, 0.04392795264720917, 0.030660422518849373, 0.027469322085380554]"
blur-strong,inpainted,189,576,576,1,0.4550212621688843,"[576, 706, 562, 975, 536]","[0.4550212621688843, 0.2809808552265167, 0.126653790473938, 0.07096122205257416, 0.010610822588205338]"
blur-strong,inpainted,190,140,337,0,0.17670214176177979,"[337, 147, 142, 140, 141]","[0.17670214176177979, 0.17597059905529022, 0.15265776216983795, 0.11706975102424622, 0.06075938045978546]"
blur-strong,inpainted,191,576,576,1,0.6180779933929443,"[576, 316, 50, 812, 79]","[0.6180779933929443, 0.05106901004910469, 0.04632548987865448, 0.018401961773633957, 0.01785081997513771]"
blur-strong,inpainted,192,355,718,0,0.460635781288147,"[718, 733, 702, 525, 602]","[0.460635781288147, 0.04531062766909599, 0.04173613339662552, 0.041356801986694336, 0.03524345904588699]"
blur-strong,inpainted,193,511,977,0,0.4227351248264313,"[977, 980, 974, 979, 978]","[0.4227351248264313, 0.07924911379814148, 0.06789249926805496, 0.04427364468574524, 0.042007289826869965]"
blur-strong,inpainted,194,417,975,0,0.22212813794612885,"[975, 755, 888, 821, 682]","[0.22212813794612885, 0.11712086200714111, 0.08593303710222244, 0.08577910810709, 0.06851989775896072]"
blur-strong,inpainted,195,404,417,0,0.4271412491798401,"[417, 900, 448, 957, 984]","[0.4271412491798401, 0.20609669387340546, 0.08280882239341736, 0.04701370745897293, 0.023360999301075935]"
blur-strong,inpainted,196,701,974,0,0.15684348344802856,"[974, 973, 107, 984, 203]","[0.15684348344802856, 0.08669470995664597, 0.061473943293094635, 0.05438747629523277, 0.042895350605249405]"
blur-strong,inpainted,197,701,701,1,0.26130321621894836,"[701, 974, 908, 6, 976]","[0.26130321621894836, 0.23176313936710358, 0.17047764360904694, 0.03502168133854866, 0.027226522564888]"
blur-strong,inpainted,198,701,978,0,0.17847789824008942,"[978, 976, 977, 437, 484]","[0.17847789824008942, 0.11360085755586624, 0.10429064929485321, 0.08336086571216583, 0.05173137038946152]"
blur-strong,inpainted,199,350,970,0,0.663411021232605,"[970, 979, 405, 980, 908]","[0.663411021232605, 0.16622264683246613, 0.02867068536579609, 0.02738579548895359, 0.016449077054858208]"
blur-strong,inpainted,200,618,2,0,0.09418831020593643,"[2, 976, 801, 611, 974]","[0.09418831020593643, 0.0920349583029747, 0.07988002896308899, 0.059291642159223557, 0.05834748223423958]"
blur-strong,inpainted,201,984,973,0,0.4939844608306885,"[973, 983, 970, 801, 978]","[0.4939844608306885, 0.06763151288032532, 0.051445651799440384, 0.04249298572540283, 0.041269514709711075]"
blur-strong,inpainted,202,645,107,0,0.5058314800262451,"[107, 2, 4, 3, 801]","[0.5058314800262451, 0.14981597661972046, 0.07649166136980057, 0.04273160174489021, 0.022768855094909668]"
blur-strong,inpainted,203,808,977,0,0.3402079641819,"[977, 913, 701, 437, 976]","[0.3402079641819, 0.12014906108379364, 0.07724717259407043, 0.05692971125245094, 0.037236277014017105]"
blur-strong,inpainted,204,755,980,0,0.31239578127861023,"[980, 974, 107, 979, 984]","[0.31239578127861023, 0.3102157413959503, 0.03912713751196861, 0.035199835896492004, 0.0291439201682806]"
blur-strong,inpainted,205,663,958,0,0.1362869292497635,"[958, 977, 980, 975, 525]","[0.1362869292497635, 0.12519221007823944, 0.08328567445278168, 0.08058993518352509, 0.06993566453456879]"
blur-strong,inpainted,206,404,977,0,0.5213232636451721,"[977, 978, 147, 460, 148]","[0.5213232636451721, 0.0751461461186409, 0.06204073131084442, 0.03894877806305885, 0.033962562680244446]"
blur-strong,inpainted,207,540,975,0,0.1460355669260025,"[975, 980, 972, 562, 533]","[0.1460355669260025, 0.12867514789104462, 0.11808525770902634, 0.06828341633081436, 0.04716566205024719]"
blur-strong,inpainted,208,958,984,0,0.9855592250823975,"[984, 975, 425, 958, 972]","[0.9855592250823975, 0.0033249917905777693, 0.0024042867589741945, 0.0015145927900448442, 0.0014547816244885325]"
blur-strong,inpainted,209,483,611,0,0.20287573337554932,"[611, 562, 978, 839, 814]","[0.20287573337554932, 0.10890994966030121, 0.08498214185237885, 0.04865206778049469, 0.039415862411260605]"
blur-strong,inpainted,210,898,619,0,0.32014718651771545,"[619, 437, 846, 417, 980]","[0.32014718651771545, 0.20663556456565857, 0.1275862157344818, 0.059849392622709274, 0.04611321911215782]"
blur-strong,inpainted,211,649,975,0,0.14930970966815948,"[975, 972, 979, 978, 977]","[0.14930970966815948, 0.1297033578157425, 0.06397310644388199, 0.060099467635154724, 0.05580483004450798]"
blur-strong,inpainted,212,812,517,0,0.10196001827716827,"[517, 783, 557, 540, 100]","[0.10196001827716827, 0.07014171779155731, 0.06639665365219116, 0.04053162783384323, 0.03824001923203468]"
blur-strong,inpainted,213,701,107,0,0.6324031352996826,"[107, 2, 4, 973, 149]","[0.6324031352996826, 0.15824195742607117, 0.04058080166578293, 0.01872294396162033, 0.015692690387368202]"
blur-strong,inpainted,214,405,107,0,0.18493781983852386,"[107, 3, 4, 33, 149]","[0.18493781983852386, 0.1193377822637558, 0.08649513125419617, 0.08297436684370041, 0.060932423919439316]"
blur-strong,inpainted,215,832,649,0,0.3805791437625885,"[649, 979, 980, 970, 958]","[0.3805791437625885, 0.23972056806087494, 0.06366050243377686, 0.05604764074087143, 0.04886030778288841]"
blur-strong,inpainted,216,475,977,0,0.8010625243186951,"[977, 975, 978, 460, 814]","[0.8010625243186951, 0.08993528038263321, 0.04855157807469368, 0.026332693174481392, 0.004887847695499659]"
blur-strong,inpainted,217,22,405,0,0.41212260723114014,"[405, 807, 974, 557, 540]","[0.41212260723114014, 0.08679559081792831, 0.0609915591776371, 0.04845399782061577, 0.028144458308815956]"
blur-strong,inpainted,218,724,977,0,0.15231509506702423,"[977, 976, 975, 979, 978]","[0.15231509506702423, 0.11247379332780838, 0.09585773944854736, 0.0905650407075882, 0.0719342902302742]"
blur-strong,inpainted,219,871,974,0,0.216525599360466,"[974, 701, 405, 977, 900]","[0.216525599360466, 0.15957637131214142, 0.0846562534570694, 0.0515538714826107, 0.044846173375844955]"
blur-strong,inpainted,220,807,701,0,0.34888914227485657,"[701, 107, 976, 611, 979]","[0.34888914227485657, 0.16705994307994843, 0.15697945654392242, 0.04753544554114342, 0.038245923817157745]"
blur-strong,inpainted,221,805,984,0,0.5480005145072937,"[984, 701, 557, 970, 958]","[0.5480005145072937, 0.1820669025182724, 0.027773024514317513, 0.023216715082526207, 0.021126888692378998]"
blur-strong,inpainted,222,405,23,0,0.07349500060081482,"[23, 93, 350, 983, 437]","[0.07349500060081482, 0.06780155748128891, 0.061537135392427444, 0.042482491582632065, 0.042283471673727036]"
blur-strong,inpainted,223,14,92,0,0.1394602209329605,"[92, 815, 12, 379, 984]","[0.1394602209329605, 0.09665923565626144, 0.04813998192548752, 0.04273560643196106, 0.039308883249759674]"
blur-strong,inpainted,224,22,22,1,0.31029364466667175,"[22, 18, 23, 92, 489]","[0.31029364466667175, 0.16229107975959778, 0.1462729424238205, 0.10078871250152588, 0.09064529091119766]"
blur-strong,inpainted,225,404,405,0,0.11012251675128937,"[405, 21, 701, 23, 417]","[0.11012251675128937, 0.06351994723081589, 0.043716445565223694, 0.0395415723323822, 0.03490709885954857]"
blur-strong,inpainted,226,583,978,0,0.10082191973924637,"[978, 682, 557, 976, 970]","[0.10082191973924637, 0.0880020335316658, 0.07665585726499557, 0.0747872143983841, 0.06471077352762222]"
blur-strong,inpainted,227,900,973,0,0.11006558686494827,"[973, 557, 975, 920, 109]","[0.11006558686494827, 0.09093206375837326, 0.08972126990556717, 0.06797590106725693, 0.045704640448093414]"
blur-strong,inpainted,228,437,974,0,0.590990424156189,"[974, 437, 975, 718, 562]","[0.590990424156189, 0.13438276946544647, 0.028216389939188957, 0.019488034769892693, 0.01276908814907074]"
blur-strong,inpainted,229,345,976,0,0.2595526874065399,"[976, 978, 977, 979, 980]","[0.2595526874065399, 0.09972523897886276, 0.09087986499071121, 0.05344691872596741, 0.05090926215052605]"
blur-strong,inpainted,230,913,682,0,0.40060997009277344,"[682, 888, 425, 839, 557]","[0.40060997009277344, 0.16110338270664215, 0.05081704631447792, 0.031814754009246826, 0.027909014374017715]"
blur-strong,inpainted,231,839,149,0,0.28707921504974365,"[149, 33, 977, 433, 123]","[0.28707921504974365, 0.09922374784946442, 0.08752667158842087, 0.031009817495942116, 0.02295520156621933]"
blur-strong,inpainted,232,920,976,0,0.19816046953201294,"[976, 972, 405, 977, 625]","[0.19816046953201294, 0.1468186378479004, 0.0823136642575264, 0.06019313633441925, 0.05640898644924164]"
blur-strong,inpainted,233,802,974,0,0.21975329518318176,"[974, 980, 979, 279, 970]","[0.21975329518318176, 0.0702958032488823, 0.06770985573530197, 0.06593529134988785, 0.055324453860521317]"
blur-strong,inpainted,234,755,974,0,0.11169639229774475,"[974, 972, 525, 112, 977]","[0.11169639229774475, 0.08584346622228622, 0.08209963142871857, 0.08199572563171387, 0.07790045440196991]"
blur-strong,inpainted,235,93,92,0,0.161460280418396,"[92, 908, 313, 815, 73]","[0.161460280418396, 0.13328257203102112, 0.12732645869255066, 0.08398798108100891, 0.04187527671456337]"
blur-strong,inpainted,236,821,718,0,0.11718369275331497,"[718, 984, 449, 660, 483]","[0.11718369275331497, 0.09342698752880096, 0.0846175029873848, 0.0519556850194931, 0.04297323897480965]"
blur-strong,inpainted,237,437,978,0,0.28052547574043274,"[978, 977, 975, 976, 460]","[0.28052547574043274, 0.22442017495632172, 0.19733481109142303, 0.15863724052906036, 0.07457603514194489]"
blur-strong,inpainted,238,649,974,0,0.47955581545829773,"[974, 3, 979, 983, 437]","[0.47955581545829773, 0.145908385515213, 0.08536830544471741, 0.03793155774474144, 0.02689911611378193]"
blur-strong,inpainted,239,682,974,0,0.3948766589164734,"[974, 979, 980, 970, 701]","[0.3948766589164734, 0.13048477470874786, 0.1210160180926323, 0.049231357872486115, 0.027173854410648346]"
blur-strong,inpainted,240,900,405,0,0.11408583074808121,"[405, 812, 900, 442, 970]","[0.11408583074808121, 0.10307464748620987, 0.06173156201839447, 0.05983879044651985, 0.042401328682899475]"
blur-strong,inpainted,241,557,977,0,0.16610603034496307,"[977, 975, 970, 972, 976]","[0.16610603034496307, 0.16253076493740082, 0.15178078413009644, 0.08936093002557755, 0.06634954363107681]"
blur-strong,inpainted,242,812,970,0,0.1746794581413269,"[970, 279, 974, 701, 976]","[0.1746794581413269, 0.09457805007696152, 0.08408986032009125, 0.08139533549547195, 0.07694928348064423]"
blur-strong,inpainted,243,988,944,0,0.3757808208465576,"[944, 988, 938, 936, 956]","[0.3757808208465576, 0.3342936635017395, 0.06128530204296112, 0.03461866453289986, 0.020184552296996117]"
blur-strong,inpainted,244,322,324,0,0.26368674635887146,"[324, 645, 325, 580, 997]","[0.26368674635887146, 0.1211022287607193, 0.09965427219867706, 0.03391747921705246, 0.027865784242749214]"
blur-strong,inpainted,245,131,815,0,0.5575064420700073,"[815, 67, 135, 37, 363]","[0.5575064420700073, 0.06380925327539444, 0.02135932445526123, 0.019766241312026978, 0.01855316013097763]"
blur-strong,inpainted,246,309,946,0,0.7423914074897766,"[946, 985, 953, 301, 72]","[0.7423914074897766, 0.15889869630336761, 0.03945855796337128, 0.008804108947515488, 0.008754986338317394]"
blur-strong,inpainted,247,324,91,0,0.2891809344291687,"[91, 46, 311, 322, 16]","[0.2891809344291687, 0.19932439923286438, 0.09403195232152939, 0.08569411188364029, 0.0453103743493557]"
blur-strong,inpainted,248,133,133,1,0.8534430861473083,"[133, 136, 40, 696, 319]","[0.8534430861473083, 0.020019156858325005, 0.00856677908450365, 0.006650450639426708, 0.005829358007758856]"
blur-strong,inpainted,249,988,946,0,0.1962149292230606,"[946, 936, 938, 973, 937]","[0.1962149292230606, 0.145096555352211, 0.13596700131893158, 0.1343255490064621, 0.11422619968652725]"
blur-strong,inpainted,250,13,115,0,0.07542168349027634,"[115, 989, 78, 83, 42]","[0.07542168349027634, 0.06557197123765945, 0.05097976699471474, 0.04761144891381264, 0.0407848060131073]"
blur-strong,inpainted,251,309,452,0,0.27917009592056274,"[452, 928, 883, 849, 309]","[0.27917009592056274, 0.22083835303783417, 0.04431939870119095, 0.042832743376493454, 0.041569314897060394]"
blur-strong,inpainted,252,991,815,0,0.07991232722997665,"[815, 135, 330, 86, 58]","[0.07991232722997665, 0.07051699608564377, 0.046220339834690094, 0.04270379990339279, 0.03272266313433647]"
blur-strong,inpainted,253,303,309,0,0.4299817979335785,"[309, 991, 301, 112, 397]","[0.4299817979335785, 0.08513221144676208, 0.03771709278225899, 0.0321061871945858, 0.028953207656741142]"
blur-strong,inpainted,254,309,985,0,0.9642069339752197,"[985, 309, 307, 319, 322]","[0.9642069339752197, 0.034627944231033325, 0.0004585112619679421, 9.53283451963216e-05, 6.7947905336041e-05]"
blur-strong,inpainted,255,324,133,0,0.11790812015533447,"[133, 998, 95, 453, 136]","[0.11790812015533447, 0.07195155322551727, 0.056723013520240784, 0.04147336632013321, 0.03539632633328438]"
blur-strong,inpainted,256,303,91,0,0.12420948594808578,"[91, 71, 312, 311, 46]","[0.12420948594808578, 0.0630175992846489, 0.05467284470796585, 0.05419189855456352, 0.049498189240694046]"
blur-strong,inpainted,257,323,946,0,0.5986514091491699,"[946, 323, 90, 393, 321]","[0.5986514091491699, 0.11126168817281723, 0.048100125044584274, 0.023511739447712898, 0.022313091903924942]"
blur-strong,inpainted,258,989,39,0,0.4484077990055084,"[39, 43, 989, 319, 46]","[0.4484077990055084, 0.15278030931949615, 0.10689561814069748, 0.03452606126666069, 0.0335434265434742]"
blur-strong,inpainted,259,324,985,0,0.16851229965686798,"[985, 937, 309, 325, 984]","[0.16851229965686798, 0.13801953196525574, 0.12204737961292267, 0.07249462604522705, 0.056863006204366684]"
blur-strong,inpainted,260,989,39,0,0.5470667481422424,"[39, 953, 956, 0, 944]","[0.5470667481422424, 0.13951194286346436, 0.04505164921283722, 0.03328502178192139, 0.027163570746779442]"
blur-strong,inpainted,261,323,309,0,0.3959355056285858,"[309, 985, 946, 323, 689]","[0.3959355056285858, 0.1243908554315567, 0.08799653500318527, 0.07164185494184494, 0.05929018184542656]"
blur-strong,inpainted,262,78,394,0,0.5528032183647156,"[394, 318, 317, 111, 395]","[0.5528032183647156, 0.08269608020782471, 0.07343234866857529, 0.07060538232326508, 0.03732800856232643]"
blur-strong,inpainted,263,945,59,0,0.57908034324646,"[59, 55, 956, 738, 64]","[0.57908034324646, 0.22412808239459991, 0.0219156201928854, 0.019506607204675674, 0.015938101336359978]"
blur-strong,inpainted,264,303,322,0,0.26307037472724915,"[322, 325, 40, 989, 46]","[0.26307037472724915, 0.10046998411417007, 0.08146060258150101, 0.0646660178899765, 0.0556940995156765]"
blur-strong,inpainted,265,78,5,0,0.39531344175338745,"[5, 411, 640, 66, 947]","[0.39531344175338745, 0.14671079814434052, 0.0693911463022232, 0.044540926814079285, 0.028688209131360054]"
blur-strong,inpainted,266,323,57,0,0.21063904464244843,"[57, 59, 44, 994, 54]","[0.21063904464244843, 0.08967377245426178, 0.08162827044725418, 0.07087578624486923, 0.04520158842206001]"
blur-strong,inpainted,267,309,689,0,0.3815220594406128,"[689, 601, 443, 400, 885]","[0.3815220594406128, 0.060929473489522934, 0.04878154397010803, 0.04069441929459572, 0.02294474095106125]"
blur-strong,inpainted,268,77,31,0,0.1671348214149475,"[31, 55, 317, 941, 939]","[0.1671348214149475, 0.15567807853221893, 0.12150856107473373, 0.09257230907678604, 0.054522737860679626]"
blur-strong,inpainted,269,945,396,0,0.13372845947742462,"[396, 738, 88, 797, 316]","[0.13372845947742462, 0.07377275824546814, 0.05829286202788353, 0.05243488401174545, 0.037654705345630646]"
blur-strong,inpainted,270,322,94,0,0.1114102154970169,"[94, 74, 324, 957, 989]","[0.1114102154970169, 0.07790907472372055, 0.05853970721364021, 0.05520988628268242, 0.04960540682077408]"
blur-strong,inpainted,271,27,293,0,0.18728812038898468,"[293, 276, 425, 275, 47]","[0.18728812038898468, 0.1614924967288971, 0.05084187537431717, 0.0389145128428936, 0.03255833685398102]"
blur-strong,inpainted,272,321,309,0,0.16536369919776917,"[309, 443, 411, 301, 325]","[0.16536369919776917, 0.10142944753170013, 0.06815491616725922, 0.06754577159881592, 0.05698288604617119]"
blur-strong,inpainted,273,323,91,0,0.13861793279647827,"[91, 951, 313, 16, 92]","[0.13861793279647827, 0.12323949486017227, 0.10931948572397232, 0.0663609728217125, 0.03403210639953613]"
blur-strong,inpainted,274,937,988,0,0.3366338908672333,"[988, 955, 942, 943, 329]","[0.3366338908672333, 0.07090409845113754, 0.04808058589696884, 0.04393387958407402, 0.043369680643081665]"
blur-strong,inpainted,275,73,91,0,0.17265808582305908,"[91, 325, 318, 16, 312]","[0.17265808582305908, 0.11851031333208084, 0.11010217666625977, 0.09838689863681793, 0.05213635787367821]"
blur-strong,inpainted,276,322,970,0,0.07946464419364929,"[970, 322, 58, 325, 323]","[0.07946464419364929, 0.07422153651714325, 0.06980585306882858, 0.05950530990958214, 0.05812695622444153]"
blur-strong,inpainted,277,40,47,0,0.40570181608200073,"[47, 46, 39, 40, 84]","[0.40570181608200073, 0.08079766482114792, 0.08072695881128311, 0.04120313376188278, 0.018557101488113403]"
blur-strong,inpainted,278,31,562,0,0.22411958873271942,"[562, 489, 373, 939, 381]","[0.22411958873271942, 0.13665784895420074, 0.02988346852362156, 0.029099157080054283, 0.027901949360966682]"
blur-strong,inpainted,279,321,14,0,0.2961195409297943,"[14, 90, 17, 989, 88]","[0.2961195409297943, 0.17328546941280365, 0.061031222343444824, 0.05057717114686966, 0.02920566312968731]"
blur-strong,inpainted,280,58,58,1,0.10062546283006668,"[58, 476, 133, 91, 325]","[0.10062546283006668, 0.07858407497406006, 0.0602530762553215, 0.050801608711481094, 0.04318529739975929]"
blur-strong,inpainted,281,309,309,1,0.14831633865833282,"[309, 991, 985, 937, 949]","[0.14831633865833282, 0.13467764854431152, 0.06770391017198563, 0.058586034923791885, 0.05382364243268967]"
blur-strong,inpainted,282,303,434,0,0.349078893661499,"[434, 911, 816, 806, 109]","[0.349078893661499, 0.19983363151550293, 0.05466681346297264, 0.0502302423119545, 0.04339418560266495]"
blur-strong,inpainted,283,325,989,0,0.5406041145324707,"[989, 71, 118, 943, 993]","[0.5406041145324707, 0.06616204977035522, 0.05179561674594879, 0.017856640741229057, 0.016869237646460533]"
blur-strong,inpainted,284,323,323,1,0.09637769311666489,"[323, 324, 985, 325, 988]","[0.09637769311666489, 0.09603720903396606, 0.07839075475931168, 0.06418313831090927, 0.045285921543836594]"
blur-strong,inpainted,285,304,46,0,0.3700377941131592,"[46, 40, 318, 317, 322]","[0.3700377941131592, 0.28670352697372437, 0.05796435475349426, 0.037877269089221954, 0.0358857698738575]"
blur-strong,inpainted,286,18,363,0,0.09959570318460464,"[363, 373, 358, 23, 277]","[0.09959570318460464, 0.028756966814398766, 0.026890506967902184, 0.02650940790772438, 0.02608664706349373]"
blur-strong,inpainted,287,178,462,0,0.056737639009952545,"[462, 499, 718, 460, 539]","[0.056737639009952545, 0.05247699096798897, 0.04665101319551468, 0.039404671639204025, 0.038633543998003006]"
blur-strong,inpainted,288,83,331,0,0.19106188416481018,"[331, 133, 330, 83, 274]","[0.19106188416481018, 0.11390410363674164, 0.07919789850711823, 0.06713942438364029, 0.06422308087348938]"
blur-strong,inpainted,289,362,336,0,0.1534271538257599,"[336, 276, 334, 298, 278]","[0.1534271538257599, 0.07199563831090927, 0.06549928337335587, 0.05349143594503403, 0.05239442363381386]"
blur-strong,inpainted,290,272,49,0,0.11203702539205551,"[49, 298, 305, 68, 66]","[0.11203702539205551, 0.0852484330534935, 0.08113644272089005, 0.059602707624435425, 0.03468010202050209]"
blur-strong,inpainted,291,102,750,0,0.2451854944229126,"[750, 48, 391, 706, 721]","[0.2451854944229126, 0.23415452241897583, 0.09580080211162567, 0.04991631209850311, 0.033307068049907684]"
blur-strong,inpainted,292,423,462,0,0.17271754145622253,"[462, 671, 825, 293, 972]","[0.17271754145622253, 0.09968730807304382, 0.0661856010556221, 0.033095832914114, 0.031111491844058037]"
blur-strong,inpainted,293,543,81,0,0.12367744743824005,"[81, 336, 815, 331, 330]","[0.12367744743824005, 0.09367001801729202, 0.08221003413200378, 0.07343596965074539, 0.06915546953678131]"
blur-strong,inpainted,294,277,133,0,0.31854748725891113,"[133, 991, 86, 135, 363]","[0.31854748725891113, 0.10578037798404694, 0.0519292950630188, 0.046103496104478836, 0.039520759135484695]"
blur-strong,inpainted,295,428,958,0,0.21374113857746124,"[958, 462, 282, 338, 824]","[0.21374113857746124, 0.06497413665056229, 0.04342075437307358, 0.0377371609210968, 0.03407321497797966]"
blur-strong,inpainted,296,134,646,0,0.30848485231399536,"[646, 912, 539, 84, 413]","[0.30848485231399536, 0.17505589127540588, 0.061129190027713776, 0.03653082624077797, 0.02945784479379654]"
blur-strong,inpainted,297,298,815,0,0.11406509578227997,"[815, 334, 102, 330, 133]","[0.11406509578227997, 0.07577792555093765, 0.05692172795534134, 0.044788528233766556, 0.04408806562423706]"
blur-strong,inpainted,298,170,815,0,0.5372629165649414,"[815, 102, 379, 318, 489]","[0.5372629165649414, 0.021585162729024887, 0.020877288654446602, 0.017501983791589737, 0.017182471230626106]"
blur-strong,inpainted,299,363,26,0,0.14770232141017914,"[26, 79, 28, 32, 71]","[0.14770232141017914, 0.0740358904004097, 0.048651278018951416, 0.03414134681224823, 0.031363628804683685]"
blur-strong,inpainted,300,356,49,0,0.1605214625597,"[49, 741, 337, 63, 58]","[0.1605214625597, 0.05677765980362892, 0.04227035865187645, 0.04153688997030258, 0.03659634664654732]"
blur-strong,inpainted,301,161,646,0,0.24874474108219147,"[646, 977, 500, 825, 611]","[0.24874474108219147, 0.23902827501296997, 0.0726153627038002, 0.05960339680314064, 0.04891147091984749]"
blur-strong,inpainted,302,254,963,0,0.1343483030796051,"[963, 993, 965, 121, 959]","[0.1343483030796051, 0.1071304976940155, 0.0657481998205185, 0.050183482468128204, 0.03659232333302498]"
blur-strong,inpainted,303,145,646,0,0.30359187722206116,"[646, 825, 293, 140, 978]","[0.30359187722206116, 0.07210087031126022, 0.06801672279834747, 0.03000713884830475, 0.01961551234126091]"
blur-strong,inpainted,304,171,815,0,0.057307351380586624,"[815, 272, 17, 331, 336]","[0.057307351380586624, 0.046652525663375854, 0.04620957374572754, 0.045831695199012756, 0.038003746420145035]"
blur-strong,inpainted,305,299,336,0,0.11575458943843842,"[336, 646, 133, 136, 331]","[0.11575458943843842, 0.06165808066725731, 0.04169942066073418, 0.03949761390686035, 0.03739188238978386]"
blur-strong,inpainted,306,251,128,0,0.1128014400601387,"[128, 81, 127, 298, 278]","[0.1128014400601387, 0.06260082870721817, 0.05228623002767563, 0.046213336288928986, 0.03559619560837746]"
blur-strong,inpainted,307,292,980,0,0.2557874917984009,"[980, 103, 194, 214, 360]","[0.2557874917984009, 0.06973428279161453, 0.032987549901008606, 0.026902826502919197, 0.026712439954280853]"
blur-strong,inpainted,308,77,41,0,0.19048093259334564,"[41, 311, 313, 46, 315]","[0.19048093259334564, 0.06990481913089752, 0.0691240131855011, 0.05171997472643852, 0.03479033336043358]"
blur-strong,inpainted,309,305,993,0,0.30103230476379395,"[993, 67, 54, 102, 81]","[0.30103230476379395, 0.155142679810524, 0.09749424457550049, 0.04595110937952995, 0.04393596947193146]"
blur-strong,inpainted,310,299,334,0,0.24824529886245728,"[334, 102, 197, 226, 185]","[0.24824529886245728, 0.143068328499794, 0.09539289772510529, 0.06023646146059036, 0.059837449342012405]"
blur-strong,inpainted,311,83,102,0,0.16162696480751038,"[102, 81, 133, 15, 815]","[0.16162696480751038, 0.06563755124807358, 0.06074882298707962, 0.051086507737636566, 0.04557022079825401]"
blur-strong,inpainted,312,362,972,0,0.2668130099773407,"[972, 979, 276, 65, 329]","[0.2668130099773407, 0.04392622411251068, 0.04034409672021866, 0.030096063390374184, 0.025384899228811264]"
blur-strong,inpainted,313,85,331,0,0.027367359027266502,"[331, 278, 126, 5, 26]","[0.027367359027266502, 0.02183649130165577, 0.019849035888910294, 0.019190436229109764, 0.016688847914338112]"
blur-strong,inpainted,314,203,996,0,0.11414093524217606,"[996, 986, 994, 988, 957]","[0.11414093524217606, 0.10087600350379944, 0.04355167970061302, 0.03938932344317436, 0.03935406729578972]"
blur-strong,inpainted,315,79,114,0,0.16662956774234772,"[114, 738, 327, 939, 135]","[0.16662956774234772, 0.14307136833667755, 0.0534345917403698, 0.04939470440149307, 0.03249182179570198]"
blur-strong,inpainted,316,71,993,0,0.05462070554494858,"[993, 298, 363, 28, 116]","[0.05462070554494858, 0.042561739683151245, 0.03830742835998535, 0.030727282166481018, 0.028850378468632698]"
blur-strong,inpainted,317,298,50,0,0.1737225502729416,"[50, 428, 48, 91, 135]","[0.1737225502729416, 0.05402674525976181, 0.046602558344602585, 0.046370964497327805, 0.042616840451955795]"
blur-strong,inpainted,318,336,336,1,0.3813455402851105,"[336, 141, 278, 143, 331]","[0.3813455402851105, 0.08710762113332748, 0.06547582894563675, 0.05939560383558273, 0.057981375604867935]"
blur-strong,inpainted,319,425,912,0,0.2462197095155716,"[912, 974, 646, 519, 984]","[0.2462197095155716, 0.10633476078510284, 0.08421022444963455, 0.06277695298194885, 0.05791071057319641]"
blur-strong,inpainted,320,137,142,0,0.10641881823539734,"[142, 133, 352, 135, 132]","[0.10641881823539734, 0.07258378714323044, 0.055902328342199326, 0.05526384711265564, 0.05522075295448303]"
blur-strong,inpainted,321,372,276,0,0.20267389714717865,"[276, 331, 138, 133, 336]","[0.20267389714717865, 0.07386252284049988, 0.07329674065113068, 0.03868838772177696, 0.03633628785610199]"
blur-strong,inpainted,322,958,342,0,0.07836037129163742,"[342, 106, 350, 336, 274]","[0.07836037129163742, 0.056062549352645874, 0.05424779653549194, 0.04074706882238388, 0.04062747582793236]"
blur-strong,inpainted,323,232,805,0,0.06700631976127625,"[805, 133, 343, 213, 276]","[0.06700631976127625, 0.06622809916734695, 0.04217228665947914, 0.04200655221939087, 0.03431500494480133]"
blur-strong,inpainted,324,279,288,0,0.4105844497680664,"[288, 269, 974, 276, 293]","[0.4105844497680664, 0.15627889335155487, 0.04316980019211769, 0.0336606465280056, 0.02640475146472454]"
blur-strong,inpainted,325,146,500,0,0.12177724391222,"[500, 979, 976, 825, 972]","[0.12177724391222, 0.10926946997642517, 0.10183548182249069, 0.08184592425823212, 0.06903918832540512]"
blur-strong,inpainted,326,352,269,0,0.06523986905813217,"[269, 296, 336, 272, 329]","[0.06523986905813217, 0.03637227788567543, 0.0321098156273365, 0.02922091819345951, 0.025773173198103905]"
blur-strong,inpainted,327,958,958,1,0.5674212574958801,"[958, 979, 649, 975, 976]","[0.5674212574958801, 0.30967655777931213, 0.022267194464802742, 0.017795363441109657, 0.01655731350183487]"
blur-strong,inpainted,328,958,958,1,0.5708770155906677,"[958, 425, 649, 858, 825]","[0.5708770155906677, 0.18288397789001465, 0.039436742663383484, 0.02893051691353321, 0.019479697570204735]"
blur-strong,inpainted,329,275,295,0,0.1321016103029251,"[295, 336, 274, 294, 815]","[0.1321016103029251, 0.10476581007242203, 0.07857919484376907, 0.03723027929663658, 0.03505468741059303]"
blur-strong,inpainted,330,888,979,0,0.21273057162761688,"[979, 825, 975, 888, 703]","[0.21273057162761688, 0.1880822628736496, 0.13994479179382324, 0.07132992148399353, 0.038676291704177856]"
blur-strong,inpainted,331,352,352,1,0.3292047083377838,"[352, 353, 343, 351, 291]","[0.3292047083377838, 0.1541823297739029, 0.10835755616426468, 0.07518067210912704, 0.054900579154491425]"
blur-strong,inpainted,332,85,18,0,0.09607589244842529,"[18, 133, 131, 331, 336]","[0.09607589244842529, 0.0627504363656044, 0.055286407470703125, 0.043104033917188644, 0.03543626517057419]"
blur-strong,inpainted,333,9,347,0,0.2124120444059372,"[347, 958, 295, 294, 343]","[0.2124120444059372, 0.10302723944187164, 0.08028224110603333, 0.04668957740068436, 0.041679996997117996]"
blur-strong,inpainted,334,199,293,0,0.2652282118797302,"[293, 330, 331, 10, 133]","[0.2652282118797302, 0.14119747281074524, 0.1129031628370285, 0.035166408866643906, 0.02999703772366047]"
blur-strong,inpainted,335,522,975,0,0.13249211013317108,"[975, 912, 958, 984, 346]","[0.13249211013317108, 0.1312306970357895, 0.09268036484718323, 0.0732843279838562, 0.0658767819404602]"
blur-strong,inpainted,336,340,984,0,0.29171812534332275,"[984, 839, 660, 449, 807]","[0.29171812534332275, 0.1383245438337326, 0.07115138322114944, 0.05902770161628723, 0.04321480169892311]"
blur-strong,inpainted,337,9,646,0,0.12691497802734375,"[646, 958, 343, 353, 352]","[0.12691497802734375, 0.09927480667829514, 0.09025999158620834, 0.058536626398563385, 0.03318377211689949]"
blur-strong,inpainted,338,386,912,0,0.38364675641059875,"[912, 958, 716, 703, 225]","[0.38364675641059875, 0.20320041477680206, 0.06442492455244064, 0.04051334783434868, 0.029897378757596016]"
blur-strong,inpainted,339,274,974,0,0.06852360814809799,"[974, 344, 346, 646, 825]","[0.06852360814809799, 0.054978884756565094, 0.04935841262340546, 0.03261428698897362, 0.03207039833068848]"
blur-strong,inpainted,340,274,815,0,0.1358295977115631,"[815, 81, 381, 13, 271]","[0.1358295977115631, 0.0347205325961113, 0.03264106810092926, 0.030395591631531715, 0.027194563299417496]"
blur-strong,inpainted,341,254,395,0,0.12083102762699127,"[395, 84, 134, 389, 391]","[0.12083102762699127, 0.06339473277330399, 0.0567280650138855, 0.03198076784610748, 0.025753840804100037]"
blur-strong,inpainted,342,185,646,0,0.05483322590589523,"[646, 522, 295, 703, 334]","[0.05483322590589523, 0.05260850489139557, 0.04882052168250084, 0.0355699360370636, 0.02431066520512104]"
blur-strong,inpainted,343,169,275,0,0.0751064270734787,"[275, 249, 974, 341, 9]","[0.0751064270734787, 0.07325444370508194, 0.07117684185504913, 0.06087050586938858, 0.046583615243434906]"
blur-strong,inpainted,344,193,646,0,0.10320588946342468,"[646, 611, 109, 522, 329]","[0.10320588946342468, 0.07674036920070648, 0.06374097615480423, 0.05245755612850189, 0.049885790795087814]"
blur-strong,inpainted,345,355,66,0,0.09692447632551193,"[66, 49, 86, 500, 124]","[0.09692447632551193, 0.09434986859560013, 0.08708353340625763, 0.06905411183834076, 0.051276542246341705]"
blur-strong,inpainted,346,83,81,0,0.22266627848148346,"[81, 133, 15, 91, 135]","[0.22266627848148346, 0.03970153629779816, 0.036578401923179626, 0.0345759280025959, 0.03441963717341423]"
blur-strong,inpainted,347,355,958,0,0.2012883424758911,"[958, 984, 912, 649, 755]","[0.2012883424758911, 0.19831077754497528, 0.06458120048046112, 0.04986604303121567, 0.046395279467105865]"
blur-strong,inpainted,348,172,853,0,0.27011194825172424,"[853, 425, 410, 565, 471]","[0.27011194825172424, 0.09385968744754791, 0.06534266471862793, 0.040519747883081436, 0.039956312626600266]"
blur-strong,inpainted,349,958,958,1,0.05629396438598633,"[958, 331, 18, 533, 352]","[0.05629396438598633, 0.05350303277373314, 0.04695984721183777, 0.03846803307533264, 0.030600663274526596]"
blur-strong,inpainted,350,425,975,0,0.22062836587429047,"[975, 888, 977, 974, 958]","[0.22062836587429047, 0.09905644506216049, 0.07226688414812088, 0.05553814023733139, 0.043815694749355316]"
blur-strong,inpainted,351,958,972,0,0.5562303066253662,"[972, 958, 853, 912, 474]","[0.5562303066253662, 0.10211171209812164, 0.06321217864751816, 0.02212616801261902, 0.021615449339151382]"
blur-strong,inpainted,352,425,425,1,0.32377755641937256,"[425, 9, 347, 912, 958]","[0.32377755641937256, 0.1874842494726181, 0.13946844637393951, 0.058112822473049164, 0.055727314203977585]"
blur-strong,inpainted,353,681,646,0,0.16412131488323212,"[646, 741, 458, 852, 57]","[0.16412131488323212, 0.15762829780578613, 0.12070956081151962, 0.05454022437334061, 0.046583522111177444]"
blur-strong,inpainted,354,755,425,0,0.3980410397052765,"[425, 755, 975, 980, 649]","[0.3980410397052765, 0.33236995339393616, 0.04301943629980087, 0.02004462480545044, 0.019124051555991173]"
blur-strong,inpainted,355,251,522,0,0.13100877404212952,"[522, 984, 649, 912, 958]","[0.13100877404212952, 0.10330413281917572, 0.09788542240858078, 0.08921558409929276, 0.05741745978593826]"
blur-strong,inpainted,356,209,912,0,0.06224450469017029,"[912, 947, 154, 911, 23]","[0.06224450469017029, 0.05334170535206795, 0.048715878278017044, 0.03507668897509575, 0.02803492173552513]"
blur-strong,inpainted,357,872,958,0,0.11465056985616684,"[958, 293, 272, 341, 275]","[0.11465056985616684, 0.0702018216252327, 0.04779428988695145, 0.031995926052331924, 0.025218700990080833]"
blur-strong,inpainted,358,177,912,0,0.3805840015411377,"[912, 703, 716, 425, 660]","[0.3805840015411377, 0.13384929299354553, 0.12159348279237747, 0.10268209874629974, 0.026229608803987503]"
blur-strong,inpainted,359,172,353,0,0.10093311220407486,"[353, 211, 49, 343, 138]","[0.10093311220407486, 0.07381252199411392, 0.06045043468475342, 0.05886084958910942, 0.042407628148794174]"
blur-strong,inpainted,360,425,425,1,0.19503866136074066,"[425, 984, 489, 853, 716]","[0.19503866136074066, 0.08251795917749405, 0.08040252327919006, 0.07786862552165985, 0.061115000396966934]"
blur-strong,inpainted,361,191,646,0,0.6364312171936035,"[646, 346, 276, 979, 343]","[0.6364312171936035, 0.03659580275416374, 0.031343959271907806, 0.028917105868458748, 0.014484381303191185]"
blur-strong,inpainted,362,23,241,0,0.1968938261270523,"[241, 106, 342, 341, 292]","[0.1968938261270523, 0.05594070628285408, 0.05415525287389755, 0.049384407699108124, 0.03637993335723877]"
blur-strong,inpainted,363,353,106,0,0.0584108941257,"[106, 65, 522, 336, 330]","[0.0584108941257, 0.0435740202665329, 0.04355189949274063, 0.04204602167010307, 0.036631714552640915]"
blur-strong,inpainted,364,209,888,0,0.08157984912395477,"[888, 979, 958, 912, 970]","[0.08157984912395477, 0.07907933741807938, 0.06447235494852066, 0.057259175926446915, 0.054918188601732254]"
blur-strong,inpainted,365,352,539,0,0.13041281700134277,"[539, 256, 48, 106, 342]","[0.13041281700134277, 0.08610928058624268, 0.03527592495083809, 0.03340102732181549, 0.028335733339190483]"
blur-strong,inpainted,366,690,984,0,0.6274273991584778,"[984, 958, 425, 646, 975]","[0.6274273991584778, 0.10800401866436005, 0.052399005740880966, 0.03277182579040527, 0.017340784892439842]"
blur-strong,inpainted,367,348,977,0,0.44347894191741943,"[977, 958, 912, 730, 646]","[0.44347894191741943, 0.18208760023117065, 0.0773981437087059, 0.04608960449695587, 0.04451048746705055]"
blur-strong,inpainted,368,336,48,0,0.5397862792015076,"[48, 340, 293, 344, 288]","[0.5397862792015076, 0.06595481187105179, 0.02922794409096241, 0.022401679307222366, 0.022307662293314934]"
blur-strong,inpainted,369,574,984,0,0.18333548307418823,"[984, 574, 975, 958, 912]","[0.18333548307418823, 0.10650323331356049, 0.08525744825601578, 0.0709792748093605, 0.054479073733091354]"
blur-strong,inpainted,370,172,133,0,0.07713229209184647,"[133, 646, 958, 522, 852]","[0.07713229209184647, 0.06536335498094559, 0.05128759890794754, 0.04688580706715584, 0.04359624534845352]"
blur-strong,inpainted,371,428,976,0,0.24879783391952515,"[976, 979, 646, 972, 825]","[0.24879783391952515, 0.24447523057460785, 0.18345411121845245, 0.11334933340549469, 0.037828121334314346]"
blur-strong,inpainted,372,277,331,0,0.0802190899848938,"[331, 293, 131, 128, 134]","[0.0802190899848938, 0.06836654990911484, 0.0637829452753067, 0.06074463203549385, 0.04180264100432396]"
blur-strong,inpainted,373,209,330,0,0.3282451629638672,"[330, 331, 293, 49, 272]","[0.3282451629638672, 0.08663598448038101, 0.0557166151702404, 0.038948990404605865, 0.02950701117515564]"
blur-strong,inpainted,374,575,646,0,0.17801639437675476,"[646, 214, 977, 974, 912]","[0.17801639437675476, 0.09530166536569595, 0.05716030299663544, 0.04040085896849632, 0.033424150198698044]"
blur-strong,inpainted,375,958,958,1,0.6955205202102661,"[958, 984, 888, 977, 525]","[0.6955205202102661, 0.058840081095695496, 0.03508402034640312, 0.029061442241072655, 0.0265275239944458]"
blur-strong,inpainted,376,340,275,0,0.11248578131198883,"[275, 291, 274, 336, 350]","[0.11248578131198883, 0.08062521368265152, 0.0788082405924797, 0.06523142009973526, 0.06296000629663467]"
blur-strong,inpainted,377,191,343,0,0.1450280100107193,"[343, 133, 344, 428, 341]","[0.1450280100107193, 0.12562337517738342, 0.10193238407373428, 0.052008915692567825, 0.039265915751457214]"
blur-strong,inpainted,378,232,738,0,0.2539459764957428,"[738, 984, 975, 448, 580]","[0.2539459764957428, 0.16481393575668335, 0.10239171981811523, 0.08745750784873962, 0.050255149602890015]"
blur-strong,inpainted,379,352,276,0,0.16156452894210815,"[276, 885, 343, 958, 234]","[0.16156452894210815, 0.07447779923677444, 0.07390426844358444, 0.0506938211619854, 0.04727761819958687]"
blur-strong,inpainted,380,373,815,0,0.2587103247642517,"[815, 352, 84, 293, 291]","[0.2587103247642517, 0.1358707696199417, 0.0428323969244957, 0.037994008511304855, 0.03150026872754097]"
blur-strong,inpainted,381,353,825,0,0.2758711874485016,"[825, 979, 646, 458, 977]","[0.2758711874485016, 0.16236619651317596, 0.11887349933385849, 0.05502106249332428, 0.039526164531707764]"
blur-strong,inpainted,382,888,386,0,0.18891151249408722,"[386, 979, 347, 9, 646]","[0.18891151249408722, 0.08811917901039124, 0.08491505682468414, 0.0645962655544281, 0.06440804153680801]"
blur-strong,inpainted,383,286,282,0,0.2443387359380722,"[282, 297, 375, 387, 286]","[0.2443387359380722, 0.1171569898724556, 0.10267379134893417, 0.0911022275686264, 0.048768531531095505]"
blur-strong,inpainted,384,299,103,0,0.08188271522521973,"[103, 220, 68, 134, 66]","[0.08188271522521973, 0.06238306686282158, 0.054820526391267776, 0.040043480694293976, 0.039711859077215195]"
blur-strong,inpainted,385,350,81,0,0.7083021998405457,"[81, 269, 336, 979, 371]","[0.7083021998405457, 0.03681475296616554, 0.029008446261286736, 0.014448494650423527, 0.013936148956418037]"
blur-strong,inpainted,386,143,139,0,0.24015773832798004,"[139, 408, 140, 360, 65]","[0.24015773832798004, 0.1086164265871048, 0.08315014094114304, 0.059600841253995895, 0.04956090822815895]"
blur-strong,inpainted,387,336,336,1,0.4832278788089752,"[336, 48, 329, 81, 67]","[0.4832278788089752, 0.17389868199825287, 0.04117751494050026, 0.040725234895944595, 0.01812874525785446]"
blur-strong,inpainted,388,353,912,0,0.3181723356246948,"[912, 853, 101, 703, 386]","[0.3181723356246948, 0.12590087950229645, 0.09376686066389084, 0.07351252436637878, 0.05626105144619942]"
blur-strong,inpainted,389,305,850,0,0.1685994565486908,"[850, 944, 305, 249, 956]","[0.1685994565486908, 0.13677775859832764, 0.12677216529846191, 0.050629835575819016, 0.0456039123237133]"
blur-strong,inpainted,390,349,336,0,0.2905575633049011,"[336, 39, 49, 334, 81]","[0.2905575633049011, 0.17961455881595612, 0.06322513520717621, 0.03454899787902832, 0.03066212125122547]"
blur-strong,inpainted,391,11,825,0,0.19159568846225739,"[825, 48, 45, 58, 67]","[0.19159568846225739, 0.07570327818393707, 0.05913475155830383, 0.05494168773293495, 0.04889019951224327]"
blur-strong,inpainted,392,26,113,0,0.17931754887104034,"[113, 125, 365, 952, 995]","[0.17931754887104034, 0.058559440076351166, 0.05764007195830345, 0.03135053068399429, 0.02984575182199478]"
blur-strong,inpainted,393,336,42,0,0.40734416246414185,"[42, 500, 66, 44, 49]","[0.40734416246414185, 0.09197883307933807, 0.07900666445493698, 0.0345938540995121, 0.03159680590033531]"
blur-strong,inpainted,394,79,825,0,0.29273009300231934,"[825, 61, 54, 996, 67]","[0.29273009300231934, 0.17152172327041626, 0.07443925738334656, 0.06816445291042328, 0.04180649295449257]"
blur-strong,inpainted,395,63,112,0,0.5663589239120483,"[112, 202, 39, 291, 189]","[0.5663589239120483, 0.058101437985897064, 0.05593414232134819, 0.02986949123442173, 0.019933855161070824]"
blur-strong,inpainted,396,349,350,0,0.1569817066192627,"[350, 973, 349, 348, 33]","[0.1569817066192627, 0.15363462269306183, 0.0994250625371933, 0.0993809774518013, 0.07540639489889145]"
blur-strong,inpainted,397,17,825,0,0.2211153358221054,"[825, 49, 336, 50, 48]","[0.2211153358221054, 0.17739959061145782, 0.11582967638969421, 0.0677172914147377, 0.059808533638715744]"
blur-strong,inpainted,398,354,839,0,0.2018272429704666,"[839, 48, 340, 489, 703]","[0.2018272429704666, 0.06411918997764587, 0.0444740392267704, 0.040176261216402054, 0.03165045380592346]"
blur-strong,inpainted,399,172,49,0,0.05839270353317261,"[49, 287, 61, 109, 68]","[0.05839270353317261, 0.0403340607881546, 0.03756892308592796, 0.03404222056269646, 0.03384488821029663]"
blur-strong,inpainted,400,390,973,0,0.12558089196681976,"[973, 533, 539, 646, 67]","[0.12558089196681976, 0.12169802188873291, 0.08342322707176208, 0.07726181298494339, 0.07509992271661758]"
blur-strong,inpainted,401,42,329,0,0.12676693499088287,"[329, 336, 48, 280, 291]","[0.12676693499088287, 0.07879812270402908, 0.07820109277963638, 0.06156964227557182, 0.044834066182374954]"
blur-strong,inpainted,402,251,330,0,0.1216864287853241,"[330, 298, 5, 120, 41]","[0.1216864287853241, 0.09108662605285645, 0.05011302977800369, 0.03114977665245533, 0.02535906620323658]"
blur-strong,inpainted,403,13,997,0,0.7513402700424194,"[997, 947, 995, 363, 81]","[0.7513402700424194, 0.03822828829288483, 0.03674720227718353, 0.030751144513487816, 0.01363648846745491]"
blur-strong,inpainted,404,139,81,0,0.7382230162620544,"[81, 20, 139, 49, 147]","[0.7382230162620544, 0.1312861442565918, 0.04731171578168869, 0.005359605886042118, 0.00409675482660532]"
blur-strong,inpainted,405,336,81,0,0.18167686462402344,"[81, 825, 49, 66, 350]","[0.18167686462402344, 0.11332955956459045, 0.10316934436559677, 0.060938511043787, 0.05430445075035095]"
blur-strong,inpainted,406,277,979,0,0.09738964587450027,"[979, 611, 20, 88, 136]","[0.09738964587450027, 0.06917627155780792, 0.06226393207907677, 0.04516293480992317, 0.03727233037352562]"
blur-strong,inpainted,407,375,489,0,0.16639740765094757,"[489, 538, 365, 821, 580]","[0.16639740765094757, 0.15302881598472595, 0.06727956980466843, 0.06464742124080658, 0.05475688353180885]"
blur-strong,inpainted,408,26,326,0,0.1626061052083969,"[326, 81, 13, 307, 316]","[0.1626061052083969, 0.15099264681339264, 0.09207312762737274, 0.08582029491662979, 0.055563781410455704]"
blur-strong,inpainted,409,295,371,0,0.2726442217826843,"[371, 904, 336, 335, 39]","[0.2726442217826843, 0.054597169160842896, 0.03250899538397789, 0.031078800559043884, 0.030393056571483612]"
blur-strong,inpainted,410,674,48,0,0.3739350438117981,"[48, 706, 519, 539, 663]","[0.3739350438117981, 0.05169079825282097, 0.03035081923007965, 0.026785001158714294, 0.015980500727891922]"
blur-strong,inpainted,411,57,825,0,0.76094651222229,"[825, 350, 349, 652, 299]","[0.76094651222229, 0.0632416233420372, 0.06048807129263878, 0.024835336953401566, 0.013583954423666]"
blur-strong,inpainted,412,59,825,0,0.354393869638443,"[825, 61, 60, 306, 56]","[0.354393869638443, 0.3101857006549835, 0.10899262875318527, 0.025076264515519142, 0.019914941862225533]"
blur-strong,inpainted,413,357,336,0,0.32474324107170105,"[336, 350, 979, 972, 137]","[0.32474324107170105, 0.11296983808279037, 0.09757611155509949, 0.0781308189034462, 0.05054207891225815]"
blur-strong,inpainted,414,336,298,0,0.16367602348327637,"[298, 296, 349, 291, 341]","[0.16367602348327637, 0.15548701584339142, 0.12359581142663956, 0.06623390316963196, 0.04481712356209755]"
blur-strong,inpainted,415,86,336,0,0.1348607987165451,"[336, 103, 350, 35, 48]","[0.1348607987165451, 0.08171986788511276, 0.048703063279390335, 0.04794952645897865, 0.038907960057258606]"
blur-strong,inpainted,416,62,976,0,0.3672787845134735,"[976, 978, 979, 975, 972]","[0.3672787845134735, 0.34611010551452637, 0.04683402553200722, 0.031079374253749847, 0.028285732492804527]"
blur-strong,inpainted,417,677,327,0,0.3119705617427826,"[327, 825, 56, 65, 988]","[0.3119705617427826, 0.1485048085451126, 0.07451704144477844, 0.0452904999256134, 0.037326715886592865]"
blur-strong,inpainted,418,387,48,0,0.2978277802467346,"[48, 47, 39, 81, 62]","[0.2978277802467346, 0.1234712153673172, 0.05628817901015282, 0.0399724617600441, 0.02156359888613224]"
blur-strong,inpainted,419,85,9,0,0.25736233592033386,"[9, 958, 355, 346, 646]","[0.25736233592033386, 0.23926319181919098, 0.05670379474759102, 0.04194490611553192, 0.016481345519423485]"
blur-strong,inpainted,420,544,469,0,0.0967831015586853,"[469, 766, 35, 724, 703]","[0.0967831015586853, 0.08096065372228622, 0.034865185618400574, 0.029713384807109833, 0.026948420330882072]"
blur-strong,inpainted,421,77,989,0,0.12933625280857086,"[989, 327, 65, 329, 54]","[0.12933625280857086, 0.07677008211612701, 0.025564510375261307, 0.02528667077422142, 0.024807363748550415]"
blur-strong,inpainted,422,357,81,0,0.599404513835907,"[81, 336, 839, 525, 824]","[0.599404513835907, 0.10836783051490784, 0.028248338028788567, 0.020068546757102013, 0.012156597338616848]"
blur-strong,inpainted,423,383,48,0,0.1847616285085678,"[48, 5, 42, 291, 298]","[0.1847616285085678, 0.12412450462579727, 0.07363074272871017, 0.04662417247891426, 0.03955063223838806]"
blur-strong,inpainted,424,277,360,0,0.18619583547115326,"[360, 342, 294, 357, 106]","[0.18619583547115326, 0.08586112409830093, 0.06025445833802223, 0.05842117965221405, 0.05433909595012665]"
blur-strong,inpainted,425,803,48,0,0.18519943952560425,"[48, 825, 832, 450, 81]","[0.18519943952560425, 0.07173535227775574, 0.06240237504243851, 0.04384416714310646, 0.03832031041383743]"
blur-strong,inpainted,426,792,738,0,0.24114251136779785,"[738, 792, 803, 703, 716]","[0.24114251136779785, 0.23735663294792175, 0.09470630437135696, 0.03341535106301308, 0.023647746071219444]"
blur-strong,inpainted,427,795,977,0,0.2372668981552124,"[977, 871, 484, 795, 978]","[0.2372668981552124, 0.16924679279327393, 0.12327206134796143, 0.08849341422319412, 0.08752601593732834]"
blur-strong,inpainted,428,83,50,0,0.4381271302700043,"[50, 296, 279, 803, 58]","[0.4381271302700043, 0.05162760987877846, 0.022177034988999367, 0.020744873210787773, 0.017245059832930565]"
blur-strong,inpainted,429,24,279,0,0.13553959131240845,"[279, 979, 537, 131, 975]","[0.13553959131240845, 0.055296119302511215, 0.0474248044192791, 0.04059929773211479, 0.03831033408641815]"
blur-strong,inpainted,430,802,977,0,0.33188360929489136,"[977, 460, 978, 489, 908]","[0.33188360929489136, 0.2074970155954361, 0.09650565683841705, 0.09035640209913254, 0.03732455149292946]"
blur-strong,inpainted,431,491,352,0,0.21580848097801208,"[352, 9, 272, 280, 104]","[0.21580848097801208, 0.07491359859704971, 0.04499476030468941, 0.03218333423137665, 0.029578184708952904]"
blur-strong,inpainted,432,277,147,0,0.09981368482112885,"[147, 977, 111, 701, 433]","[0.09981368482112885, 0.08530045300722122, 0.04087783396244049, 0.0344737209379673, 0.03256285935640335]"
blur-strong,inpainted,433,802,977,0,0.09224358201026917,"[977, 147, 133, 148, 141]","[0.09224358201026917, 0.07145462185144424, 0.046243902295827866, 0.044004831463098526, 0.03430971875786781]"
blur-strong,inpainted,434,802,537,0,0.24656349420547485,"[537, 347, 876, 795, 202]","[0.24656349420547485, 0.1036066859960556, 0.09387778490781784, 0.07088268548250198, 0.05355013161897659]"
blur-strong,inpainted,435,516,542,0,0.09098079055547714,"[542, 395, 623, 733, 596]","[0.09098079055547714, 0.08892527967691422, 0.05767476558685303, 0.04654885455965996, 0.04364365339279175]"
blur-strong,inpainted,436,13,131,0,0.2426047921180725,"[131, 81, 803, 133, 82]","[0.2426047921180725, 0.08939208835363388, 0.07104340195655823, 0.058543384075164795, 0.044605277478694916]"
blur-strong,inpainted,437,296,824,0,0.14985541999340057,"[824, 533, 109, 5, 135]","[0.14985541999340057, 0.0469045527279377, 0.039145488291978836, 0.039074115455150604, 0.029686247929930687]"
blur-strong,inpainted,438,425,81,0,0.44761592149734497,"[81, 979, 970, 980, 89]","[0.44761592149734497, 0.21706107258796692, 0.204107865691185, 0.05099125951528549, 0.014176556840538979]"
blur-strong,inpainted,439,223,792,0,0.08312216401100159,"[792, 977, 209, 150, 795]","[0.08312216401100159, 0.06726647913455963, 0.031150339171290398, 0.03109237365424633, 0.02006327174603939]"
blur-strong,inpainted,440,795,970,0,0.5400788187980652,"[970, 978, 795, 34, 977]","[0.5400788187980652, 0.05377354845404625, 0.049736954271793365, 0.03595338761806488, 0.025667153298854828]"
blur-strong,inpainted,441,13,828,0,0.12435930222272873,"[828, 253, 131, 171, 597]","[0.12435930222272873, 0.11332052946090698, 0.032126132398843765, 0.030528295785188675, 0.029368547722697258]"
blur-strong,inpainted,442,227,802,0,0.6054320335388184,"[802, 537, 795, 792, 342]","[0.6054320335388184, 0.1441342830657959, 0.10918878018856049, 0.045735739171504974, 0.006453624926507473]"
blur-strong,inpainted,443,867,460,0,0.08248356729745865,"[460, 975, 984, 425, 977]","[0.08248356729745865, 0.07518821209669113, 0.05299627035856247, 0.05138012766838074, 0.04070812091231346]"
blur-strong,inpainted,444,232,65,0,0.06444723159074783,"[65, 58, 973, 533, 68]","[0.06444723159074783, 0.05257917940616608, 0.052259836345911026, 0.04425930604338646, 0.041103802621364594]"
blur-strong,inpainted,445,795,466,0,0.19892974197864532,"[466, 803, 675, 977, 716]","[0.19892974197864532, 0.1218237429857254, 0.03510116785764694, 0.03400363773107529, 0.029857337474822998]"
blur-strong,inpainted,446,81,980,0,0.08751152455806732,"[980, 279, 203, 270, 296]","[0.08751152455806732, 0.07235723733901978, 0.04970446601510048, 0.049245890229940414, 0.042893122881650925]"
blur-strong,inpainted,447,238,977,0,0.18997050821781158,"[977, 646, 150, 978, 148]","[0.18997050821781158, 0.12323608249425888, 0.058097802102565765, 0.05367150157690048, 0.04658336564898491]"
blur-strong,inpainted,448,296,81,0,0.9174017906188965,"[81, 701, 431, 728, 17]","[0.9174017906188965, 0.03258112445473671, 0.011489580385386944, 0.011440061032772064, 0.004438855219632387]"
blur-strong,inpainted,449,172,133,0,0.0749659612774849,"[133, 961, 141, 147, 13]","[0.0749659612774849, 0.06729567050933838, 0.0474763959646225, 0.040561456233263016, 0.03409627079963684]"
blur-strong,inpainted,450,178,81,0,0.1445423662662506,"[81, 58, 65, 6, 33]","[0.1445423662662506, 0.09242801368236542, 0.0860421434044838, 0.05643169581890106, 0.0368700809776783]"
blur-strong,inpainted,451,803,970,0,0.6110623478889465,"[970, 979, 538, 832, 755]","[0.6110623478889465, 0.06330107152462006, 0.048011548817157745, 0.03400041162967682, 0.0300005953758955]"
blur-strong,inpainted,452,331,979,0,0.34474340081214905,"[979, 970, 802, 48, 976]","[0.34474340081214905, 0.06073736026883125, 0.056844837963581085, 0.05432962626218796, 0.03840339556336403]"
blur-strong,inpainted,453,292,132,0,0.23306779563426971,"[132, 131, 128, 142, 133]","[0.23306779563426971, 0.1538669466972351, 0.11045826226472855, 0.10234012454748154, 0.02560253255069256]"
blur-strong,inpainted,454,787,706,0,0.15186430513858795,"[706, 410, 703, 472, 344]","[0.15186430513858795, 0.038784902542829514, 0.03625354543328285, 0.031710971146821976, 0.02570631355047226]"
blur-strong,inpainted,455,231,50,0,0.5192819237709045,"[50, 460, 978, 979, 49]","[0.5192819237709045, 0.07079047709703445, 0.05539487674832344, 0.054680418223142624, 0.02489713951945305]"
blur-strong,inpainted,456,81,279,0,0.3253534436225891,"[279, 591, 257, 81, 248]","[0.3253534436225891, 0.16150261461734772, 0.04030269384384155, 0.03624068573117256, 0.03597918525338173]"
blur-strong,inpainted,457,803,578,0,0.11149846762418747,"[578, 460, 879, 649, 974]","[0.11149846762418747, 0.09347451478242874, 0.058761145919561386, 0.04241963103413582, 0.04209684580564499]"
blur-strong,inpainted,458,792,257,0,0.20626039803028107,"[257, 258, 700, 435, 537]","[0.20626039803028107, 0.14951510727405548, 0.04466421902179718, 0.044207289814949036, 0.04419337585568428]"
blur-strong,inpainted,459,654,755,0,0.13000868260860443,"[755, 562, 489, 904, 791]","[0.13000868260860443, 0.10124275088310242, 0.07843887805938721, 0.07082308083772659, 0.05203475058078766]"
blur-strong,inpainted,460,170,803,0,0.10628113895654678,"[803, 347, 150, 792, 386]","[0.10628113895654678, 0.09801316261291504, 0.09688884019851685, 0.07064573466777802, 0.06723510473966599]"
blur-strong,inpainted,461,199,977,0,0.14738017320632935,"[977, 975, 460, 147, 802]","[0.14738017320632935, 0.09564226865768433, 0.0704808384180069, 0.0654023066163063, 0.056593526154756546]"
blur-strong,inpainted,462,795,978,0,0.3420129716396332,"[978, 977, 970, 147, 460]","[0.3420129716396332, 0.17774698138237, 0.11541501432657242, 0.034188102930784225, 0.026933206245303154]"
blur-strong,inpainted,463,802,802,1,0.3262441158294678,"[802, 803, 970, 537, 795]","[0.3262441158294678, 0.2665969133377075, 0.08874084800481796, 0.055507559329271317, 0.043537355959415436]"
blur-strong,inpainted,464,198,5,0,0.07952302694320679,"[5, 20, 395, 390, 919]","[0.07952302694320679, 0.07890541851520538, 0.02901233546435833, 0.026247192174196243, 0.024876995012164116]"
blur-strong,inpainted,465,209,65,0,0.13238774240016937,"[65, 977, 140, 141, 792]","[0.13238774240016937, 0.11710206419229507, 0.05591781064867973, 0.050001151859760284, 0.04736461490392685]"
blur-strong,inpainted,466,247,150,0,0.06549997627735138,"[150, 460, 403, 562, 775]","[0.06549997627735138, 0.04024610295891762, 0.03900875151157379, 0.03416011855006218, 0.02947636879980564]"
blur-strong,inpainted,467,224,336,0,0.5478194355964661,"[336, 270, 269, 500, 102]","[0.5478194355964661, 0.030560916289687157, 0.02537713199853897, 0.02014702931046486, 0.015536662191152573]"
blur-strong,inpainted,468,258,50,0,0.10122623294591904,"[50, 133, 142, 86, 132]","[0.10122623294591904, 0.06716607511043549, 0.0645471140742302, 0.057192929089069366, 0.054901283234357834]"
blur-strong,inpainted,469,13,42,0,0.12093373388051987,"[42, 344, 336, 377, 320]","[0.12093373388051987, 0.10421322286128998, 0.05809260532259941, 0.05317647382616997, 0.036304086446762085]"
blur-strong,inpainted,470,339,977,0,0.29633018374443054,"[977, 537, 978, 460, 549]","[0.29633018374443054, 0.0640430748462677, 0.04575001075863838, 0.0407291017472744, 0.03197597339749336]"
blur-strong,inpainted,471,888,979,0,0.14999307692050934,"[979, 525, 970, 958, 977]","[0.14999307692050934, 0.13754600286483765, 0.1068919375538826, 0.06832268089056015, 0.059866029769182205]"
blur-strong,inpainted,472,258,50,0,0.10364636033773422,"[50, 795, 279, 287, 10]","[0.10364636033773422, 0.04701557010412216, 0.04259757697582245, 0.03849855437874794, 0.03268294036388397]"
blur-strong,inpainted,473,792,296,0,0.2749590277671814,"[296, 279, 980, 81, 258]","[0.2749590277671814, 0.2245229035615921, 0.13816213607788086, 0.13124461472034454, 0.02903895080089569]"
blur-strong,inpainted,474,792,153,0,0.10604778677225113,"[153, 435, 203, 150, 539]","[0.10604778677225113, 0.09217678010463715, 0.0859394297003746, 0.04713347554206848, 0.040169671177864075]"
blur-strong,inpainted,475,346,706,0,0.18317283689975739,"[706, 649, 832, 853, 708]","[0.18317283689975739, 0.1167747974395752, 0.07678345590829849, 0.0755576491355896, 0.041177451610565186]"
blur-strong,inpainted,476,671,972,0,0.254527747631073,"[972, 976, 525, 649, 980]","[0.254527747631073, 0.23009032011032104, 0.04603900760412216, 0.043123941868543625, 0.030606994405388832]"
blur-strong,inpainted,477,724,979,0,0.6316730976104736,"[979, 975, 977, 970, 525]","[0.6316730976104736, 0.11302821338176727, 0.04193134605884552, 0.03493282198905945, 0.025450503453612328]"
blur-strong,inpainted,478,394,975,0,0.7215046286582947,"[975, 344, 346, 979, 472]","[0.7215046286582947, 0.15269336104393005, 0.027020979672670364, 0.010473070666193962, 0.008920070715248585]"
blur-strong,inpainted,479,672,970,0,0.6782662868499756,"[970, 425, 802, 672, 977]","[0.6782662868499756, 0.08772642910480499, 0.02098582498729229, 0.015567241236567497, 0.012039508670568466]"
blur-strong,inpainted,480,289,48,0,0.24373650550842285,"[48, 69, 61, 62, 980]","[0.24373650550842285, 0.13350501656532288, 0.10479937493801117, 0.06625985354185104, 0.0373762808740139]"
blur-strong,inpainted,481,818,980,0,0.4165402054786682,"[980, 970, 979, 839, 958]","[0.4165402054786682, 0.1769527792930603, 0.1429331749677658, 0.0440513975918293, 0.04153987020254135]"
blur-strong,inpainted,482,853,976,0,0.19606968760490417,"[976, 977, 975, 979, 978]","[0.19606968760490417, 0.1792774200439453, 0.07670097053050995, 0.0703960508108139, 0.07028637081384659]"
blur-strong,inpainted,483,239,975,0,0.5224883556365967,"[975, 979, 344, 977, 978]","[0.5224883556365967, 0.1008877381682396, 0.029696889221668243, 0.022915063425898552, 0.021387459710240364]"
blur-strong,inpainted,484,425,970,0,0.7071162462234497,"[970, 979, 980, 976, 975]","[0.7071162462234497, 0.20569506287574768, 0.018779335543513298, 0.016704900190234184, 0.009514853358268738]"
blur-strong,inpainted,485,355,649,0,0.33740946650505066,"[649, 888, 716, 340, 249]","[0.33740946650505066, 0.23138980567455292, 0.06480424106121063, 0.04046649485826492, 0.04045769199728966]"
blur-strong,inpainted,486,863,979,0,0.1245061531662941,"[979, 975, 608, 682, 88]","[0.1245061531662941, 0.10333900153636932, 0.08204145729541779, 0.03417932614684105, 0.03339434787631035]"
blur-strong,inpainted,487,349,958,0,0.2378913313150406,"[958, 649, 671, 354, 853]","[0.2378913313150406, 0.07146213948726654, 0.06478293985128403, 0.05868350714445114, 0.0515364445745945]"
blur-strong,inpainted,488,703,975,0,0.4349985122680664,"[975, 525, 718, 510, 977]","[0.4349985122680664, 0.2726648449897766, 0.042871687561273575, 0.031440649181604385, 0.027101436629891396]"
blur-strong,inpainted,489,425,970,0,0.6442725658416748,"[970, 979, 977, 978, 980]","[0.6442725658416748, 0.2869797945022583, 0.018255893141031265, 0.016749050468206406, 0.005112358368933201]"
blur-strong,inpainted,490,795,975,0,0.2570478320121765,"[975, 795, 970, 977, 672]","[0.2570478320121765, 0.10893270373344421, 0.08886580914258957, 0.0847766175866127, 0.04609883949160576]"
blur-strong,inpainted,491,690,798,0,0.14439985156059265,"[798, 977, 958, 347, 746]","[0.14439985156059265, 0.10860071331262589, 0.0666286051273346, 0.04924079030752182, 0.045023612678050995]"
blur-strong,inpainted,492,672,980,0,0.24738681316375732,"[980, 970, 977, 979, 425]","[0.24738681316375732, 0.21328231692314148, 0.15330244600772858, 0.13528351485729218, 0.041838034987449646]"
blur-strong,inpainted,493,671,970,0,0.15119454264640808,"[970, 525, 979, 672, 150]","[0.15119454264640808, 0.11202356964349747, 0.10090859979391098, 0.07278211414813995, 0.0594724677503109]"
blur-strong,inpainted,494,81,970,0,0.48645302653312683,"[970, 979, 2, 980, 3]","[0.48645302653312683, 0.2361801117658615, 0.04446156695485115, 0.03758951276540756, 0.02535545639693737]"
blur-strong,inpainted,495,733,979,0,0.21465913951396942,"[979, 386, 101, 975, 346]","[0.21465913951396942, 0.1990789771080017, 0.08922665566205978, 0.07088834047317505, 0.03703027218580246]"
blur-strong,inpainted,496,672,958,0,0.19866354763507843,"[958, 825, 979, 888, 978]","[0.19866354763507843, 0.15553417801856995, 0.13518238067626953, 0.12142912298440933, 0.07772693783044815]"
blur-strong,inpainted,497,795,795,1,0.21110554039478302,"[795, 978, 975, 977, 706]","[0.21110554039478302, 0.1925376057624817, 0.1619412899017334, 0.14882580935955048, 0.034214820712804794]"
blur-strong,inpainted,498,663,888,0,0.26652792096138,"[888, 984, 646, 979, 975]","[0.26652792096138, 0.16424928605556488, 0.12248987704515457, 0.07382567226886749, 0.0700545608997345]"
blur-strong,inpainted,499,705,525,0,0.6225329041481018,"[525, 975, 979, 976, 839]","[0.6225329041481018, 0.15181688964366913, 0.06764304637908936, 0.03122386522591114, 0.026601087301969528]"
blur-strong,inpainted,500,675,99,0,0.17771129310131073,"[99, 975, 319, 395, 977]","[0.17771129310131073, 0.1427609920501709, 0.08656687289476395, 0.08226378262042999, 0.058969896286726]"
blur-strong,inpainted,501,404,669,0,0.20019949972629547,"[669, 728, 980, 431, 755]","[0.20019949972629547, 0.14959485828876495, 0.13452570140361786, 0.08462909609079361, 0.05976912006735802]"
blur-strong,inpainted,502,609,336,0,0.3483063280582428,"[336, 294, 286, 271, 276]","[0.3483063280582428, 0.12138206511735916, 0.093337781727314, 0.07425175607204437, 0.041553936898708344]"
blur-strong,inpainted,503,672,970,0,0.48848265409469604,"[970, 980, 979, 814, 460]","[0.48848265409469604, 0.16981489956378937, 0.14879563450813293, 0.02807358279824257, 0.028016909956932068]"
blur-strong,inpainted,504,915,912,0,0.20097461342811584,"[912, 979, 980, 975, 672]","[0.20097461342811584, 0.198274165391922, 0.17444133758544922, 0.048728156834840775, 0.04117869585752487]"
blur-strong,inpainted,505,336,979,0,0.47239282727241516,"[979, 980, 970, 977, 976]","[0.47239282727241516, 0.14046044647693634, 0.09223382920026779, 0.09006305038928986, 0.088288813829422]"
blur-strong,inpainted,506,515,386,0,0.1850508749485016,"[386, 974, 344, 294, 276]","[0.1850508749485016, 0.11498390883207321, 0.11100061982870102, 0.1072116419672966, 0.07625578343868256]"
blur-strong,inpainted,507,425,425,1,0.43738245964050293,"[425, 562, 42, 39, 984]","[0.43738245964050293, 0.06304355710744858, 0.054140716791152954, 0.04456350952386856, 0.02521846629679203]"
blur-strong,inpainted,508,404,977,0,0.46393561363220215,"[977, 979, 628, 978, 975]","[0.46393561363220215, 0.0860074982047081, 0.0734638199210167, 0.07288329303264618, 0.04961494728922844]"
blur-strong,inpainted,509,724,976,0,0.16502435505390167,"[976, 975, 724, 979, 460]","[0.16502435505390167, 0.1329864263534546, 0.08991842716932297, 0.07343409210443497, 0.0572722852230072]"
blur-strong,inpainted,510,718,975,0,0.5669717192649841,"[975, 979, 978, 977, 49]","[0.5669717192649841, 0.27580997347831726, 0.014980998821556568, 0.014277569949626923, 0.012959856539964676]"
blur-strong,inpainted,511,671,970,0,0.5535290241241455,"[970, 344, 974, 270, 48]","[0.5535290241241455, 0.07395866513252258, 0.03528923913836479, 0.033748939633369446, 0.02276776358485222]"
blur-strong,inpainted,512,147,147,1,0.8439239263534546,"[147, 460, 977, 975, 976]","[0.8439239263534546, 0.061345819383859634, 0.024632077664136887, 0.01606019400060177, 0.006844537798315287]"
blur-strong,inpainted,513,484,147,0,0.6923660635948181,"[147, 977, 814, 975, 833]","[0.6923660635948181, 0.1285160481929779, 0.0342293456196785, 0.02034233696758747, 0.020281938835978508]"
blur-strong,inpainted,514,449,978,0,0.17633184790611267,"[978, 718, 975, 437, 425]","[0.17633184790611267, 0.12043952941894531, 0.07501453906297684, 0.06501626968383789, 0.05783780291676521]"
blur-strong,inpainted,515,842,978,0,0.38645055890083313,"[978, 460, 977, 976, 975]","[0.38645055890083313, 0.2420288622379303, 0.2394391894340515, 0.055612724274396896, 0.02660869061946869]"
blur-strong,inpainted,516,708,975,0,0.22288939356803894,"[975, 976, 833, 978, 980]","[0.22288939356803894, 0.1776883453130722, 0.0959388017654419, 0.09254421293735504, 0.07681415975093842]"
blur-strong,inpainted,517,393,5,0,0.45431429147720337,"[5, 971, 893, 712, 794]","[0.45431429147720337, 0.15674352645874023, 0.08183793723583221, 0.06972651928663254, 0.06378992646932602]"
blur-strong,inpainted,518,862,540,0,0.14411163330078125,"[540, 980, 437, 701, 803]","[0.14411163330078125, 0.14108240604400635, 0.1017770990729332, 0.0648319348692894, 0.0631759762763977]"
blur-strong,inpainted,519,625,147,0,0.7639120817184448,"[147, 460, 510, 814, 977]","[0.7639120817184448, 0.07091996818780899, 0.024150967597961426, 0.01729409024119377, 0.015896502882242203]"
blur-strong,inpainted,520,977,977,1,0.8648732304573059,"[977, 975, 460, 65, 978]","[0.8648732304573059, 0.03067955933511257, 0.01933116838335991, 0.015452668070793152, 0.011173051781952381]"
blur-strong,inpainted,521,536,975,0,0.2828254699707031,"[975, 536, 724, 460, 395]","[0.2828254699707031, 0.09532665461301804, 0.0824839398264885, 0.054746292531490326, 0.04193616658449173]"
blur-strong,inpainted,522,472,977,0,0.8347035050392151,"[977, 978, 394, 445, 395]","[0.8347035050392151, 0.10675352811813354, 0.015898987650871277, 0.00733139319345355, 0.003191819414496422]"
blur-strong,inpainted,523,437,780,0,0.38260120153427124,"[780, 510, 724, 681, 460]","[0.38260120153427124, 0.0973144918680191, 0.08398935943841934, 0.047652147710323334, 0.0447307825088501]"
blur-strong,inpainted,524,393,393,1,0.8747051954269409,"[393, 108, 109, 124, 973]","[0.8747051954269409, 0.10091927647590637, 0.016907237470149994, 0.0013110165018588305, 0.0011675766436383128]"
blur-strong,inpainted,525,394,109,0,0.5403162240982056,"[109, 973, 329, 397, 349]","[0.5403162240982056, 0.19792060554027557, 0.039421673864126205, 0.012345111928880215, 0.011679224669933319]"
blur-strong,inpainted,526,147,147,1,0.880636990070343,"[147, 975, 460, 977, 693]","[0.880636990070343, 0.03346420079469681, 0.008096437901258469, 0.007459897082298994, 0.0064472537487745285]"
blur-strong,inpainted,527,437,405,0,0.18184015154838562,"[405, 12, 978, 984, 417]","[0.18184015154838562, 0.1401406079530716, 0.06186673417687416, 0.05286357179284096, 0.049539968371391296]"
blur-strong,inpainted,528,373,975,0,0.5223159193992615,"[975, 718, 976, 839, 405]","[0.5223159193992615, 0.0434315949678421, 0.04162786528468132, 0.03890618681907654, 0.03412908315658569]"
blur-strong,inpainted,529,147,460,0,0.22065812349319458,"[460, 979, 977, 978, 145]","[0.22065812349319458, 0.21366795897483826, 0.11559051275253296, 0.032959695905447006, 0.027740957215428352]"
blur-strong,inpainted,530,143,147,0,0.14158368110656738,"[147, 98, 148, 533, 109]","[0.14158368110656738, 0.12040209025144577, 0.08468227088451385, 0.05446411296725273, 0.05198578163981438]"
blur-strong,inpainted,531,625,975,0,0.4784623682498932,"[975, 460, 525, 449, 536]","[0.4784623682498932, 0.23179906606674194, 0.09023884683847427, 0.0551486499607563, 0.029303669929504395]"
blur-strong,inpainted,532,833,975,0,0.3566766679286957,"[975, 978, 814, 977, 147]","[0.3566766679286957, 0.24845509231090546, 0.10873492062091827, 0.0783243477344513, 0.023007560521364212]"
blur-strong,inpainted,533,403,510,0,0.5417004227638245,"[510, 976, 975, 460, 554]","[0.5417004227638245, 0.2209496945142746, 0.04119598865509033, 0.0315985344350338, 0.02244371548295021]"
blur-strong,inpainted,534,914,977,0,0.1968729943037033,"[977, 853, 975, 347, 976]","[0.1968729943037033, 0.13734030723571777, 0.11686518788337708, 0.054586611688137054, 0.046806320548057556]"
blur-strong,inpainted,535,484,977,0,0.580695390701294,"[977, 978, 913, 975, 718]","[0.580695390701294, 0.22259637713432312, 0.08107125759124756, 0.015515897423028946, 0.013563750311732292]"
blur-strong,inpainted,536,148,147,0,0.30437788367271423,"[147, 977, 978, 975, 148]","[0.30437788367271423, 0.1866961419582367, 0.12657007575035095, 0.10019462555646896, 0.0803922489285469]"
blur-strong,inpainted,537,554,975,0,0.341150164604187,"[975, 525, 977, 460, 978]","[0.341150164604187, 0.24127553403377533, 0.11669782549142838, 0.023722410202026367, 0.023363281041383743]"
blur-strong,inpainted,538,814,498,0,0.08099312335252762,"[498, 977, 646, 525, 663]","[0.08099312335252762, 0.07867217808961868, 0.07519719749689102, 0.06171823665499687, 0.05504976958036423]"
blur-strong,inpainted,539,983,973,0,0.47773370146751404,"[973, 109, 33, 48, 396]","[0.47773370146751404, 0.1406448632478714, 0.10556662082672119, 0.04175302013754845, 0.03675888851284981]"
blur-strong,inpainted,540,267,148,0,0.1324128955602646,"[148, 977, 296, 146, 437]","[0.1324128955602646, 0.06487307697534561, 0.06292735040187836, 0.06064814329147339, 0.055883780121803284]"
blur-strong,inpainted,541,625,147,0,0.3001715838909149,"[147, 460, 977, 976, 484]","[0.3001715838909149, 0.19317959249019623, 0.11106307059526443, 0.09918035566806793, 0.048115286976099014]"
blur-strong,inpainted,542,554,833,0,0.4281342029571533,"[833, 628, 900, 895, 279]","[0.4281342029571533, 0.1210024282336235, 0.06490006297826767, 0.05358053371310234, 0.04758171737194061]"
blur-strong,inpainted,543,554,460,0,0.5951257348060608,"[460, 977, 975, 976, 972]","[0.5951257348060608, 0.12040187418460846, 0.04346736893057823, 0.029250934720039368, 0.023907318711280823]"
blur-strong,inpainted,544,554,460,0,0.29266804456710815,"[460, 628, 554, 536, 718]","[0.29266804456710815, 0.1723671555519104, 0.12603172659873962, 0.10282495617866516, 0.05437658354640007]"
blur-strong,inpainted,545,625,716,0,0.5559163093566895,"[716, 497, 498, 571, 565]","[0.5559163093566895, 0.1024283841252327, 0.07787325978279114, 0.02427227981388569, 0.023859765380620956]"
blur-strong,inpainted,546,437,975,0,0.5072376728057861,"[975, 978, 980, 976, 536]","[0.5072376728057861, 0.17215858399868011, 0.14856743812561035, 0.054407261312007904, 0.01711871661245823]"
blur-strong,inpainted,547,146,147,0,0.21387550234794617,"[147, 150, 2, 148, 90]","[0.21387550234794617, 0.16320084035396576, 0.08154872804880142, 0.06075892597436905, 0.045482948422431946]"
blur-strong,inpainted,548,625,525,0,0.36541548371315,"[525, 536, 706, 576, 833]","[0.36541548371315, 0.2918877899646759, 0.14509670436382294, 0.038564421236515045, 0.036192283034324646]"
blur-strong,inpainted,549,148,148,1,0.4202893078327179,"[148, 975, 132, 147, 98]","[0.4202893078327179, 0.08541073650121689, 0.05034876614809036, 0.04113581031560898, 0.031384825706481934]"
blur-strong,inpainted,550,914,977,0,0.41168245673179626,"[977, 460, 975, 833, 913]","[0.41168245673179626, 0.11106181889772415, 0.09525729715824127, 0.054618414491415024, 0.04108820855617523]"
blur-strong,inpainted,551,484,460,0,0.44474294781684875,"[460, 147, 977, 978, 484]","[0.44474294781684875, 0.24881739914417267, 0.10066073387861252, 0.0620046965777874, 0.04171036183834076]"
blur-strong,inpainted,552,484,977,0,0.2736614942550659,"[977, 147, 976, 460, 625]","[0.2736614942550659, 0.14297810196876526, 0.1088646799325943, 0.09853289276361465, 0.09167254716157913]"
blur-strong,inpainted,553,115,74,0,0.23819515109062195,"[74, 815, 73, 329, 310]","[0.23819515109062195, 0.18959520757198334, 0.08817071467638016, 0.04009703919291496, 0.035186443477869034]"
blur-strong,inpainted,554,775,979,0,0.13358673453330994,"[979, 391, 336, 395, 977]","[0.13358673453330994, 0.06567347794771194, 0.06292247027158737, 0.0552414171397686, 0.04703255742788315]"
blur-strong,inpainted,555,115,115,1,0.48538100719451904,"[115, 329, 110, 500, 973]","[0.48538100719451904, 0.28347766399383545, 0.04713219776749611, 0.04642551392316818, 0.028361409902572632]"
blur-strong,inpainted,556,484,977,0,0.36349090933799744,"[977, 460, 833, 780, 913]","[0.36349090933799744, 0.11652053892612457, 0.06833798438310623, 0.06744089722633362, 0.0646287053823471]"
blur-strong,inpainted,557,4,148,0,0.3026808798313141,"[148, 6, 4, 5, 149]","[0.3026808798313141, 0.19674870371818542, 0.1795804649591446, 0.08715064823627472, 0.034000102430582047]"
blur-strong,inpainted,558,983,973,0,0.4537371098995209,"[973, 327, 81, 979, 48]","[0.4537371098995209, 0.05474429577589035, 0.04092944413423538, 0.03496556356549263, 0.019613372161984444]"
blur-strong,inpainted,559,842,977,0,0.7141634821891785,"[977, 978, 908, 460, 976]","[0.7141634821891785, 0.06370972096920013, 0.04228005185723305, 0.024693414568901062, 0.021518085151910782]"
blur-strong,inpainted,560,115,962,0,0.2372184544801712,"[962, 329, 115, 328, 110]","[0.2372184544801712, 0.1878165602684021, 0.04401247575879097, 0.04074360802769661, 0.035290997475385666]"
blur-strong,inpainted,561,391,876,0,0.8011711239814758,"[876, 435, 785, 148, 428]","[0.8011711239814758, 0.05518704280257225, 0.01286013051867485, 0.010504213161766529, 0.009404989890754223]"
blur-strong,inpainted,562,123,460,0,0.21764709055423737,"[460, 976, 977, 484, 780]","[0.21764709055423737, 0.10797599703073502, 0.10337451845407486, 0.06575372070074081, 0.06550318747758865]"
blur-strong,inpainted,563,253,913,0,0.080315001308918,"[913, 395, 460, 147, 978]","[0.080315001308918, 0.06808553636074066, 0.05206645652651787, 0.05002832040190697, 0.03822043165564537]"
blur-strong,inpainted,564,484,977,0,0.8040164709091187,"[977, 814, 978, 460, 913]","[0.8040164709091187, 0.08455640077590942, 0.0345526747405529, 0.020696355029940605, 0.008670845068991184]"
blur-strong,inpainted,565,437,460,0,0.702166736125946,"[460, 780, 437, 718, 980]","[0.702166736125946, 0.06196336820721626, 0.04963511973619461, 0.02223275415599346, 0.013989285565912724]"
blur-strong,inpainted,566,148,977,0,0.13384991884231567,"[977, 975, 814, 391, 978]","[0.13384991884231567, 0.11850757896900177, 0.10437771677970886, 0.07188499718904495, 0.05604488030076027]"
blur-strong,inpainted,567,147,147,1,0.6631125211715698,"[147, 148, 975, 978, 460]","[0.6631125211715698, 0.06665340065956116, 0.04786336049437523, 0.042284850031137466, 0.0418122299015522]"
blur-strong,inpainted,568,148,147,0,0.29529595375061035,"[147, 148, 20, 98, 141]","[0.29529595375061035, 0.10544989258050919, 0.09496740996837616, 0.06857692450284958, 0.04979480803012848]"
blur-strong,inpainted,569,608,977,0,0.7625903487205505,"[977, 978, 395, 975, 460]","[0.7625903487205505, 0.20943035185337067, 0.004085310269147158, 0.004015706479549408, 0.0027069803327322006]"
blur-strong,inpainted,570,62,84,0,0.23022077977657318,"[84, 273, 104, 48, 9]","[0.23022077977657318, 0.058406438678503036, 0.05239730328321457, 0.04776906967163086, 0.041730813682079315]"
blur-strong,inpainted,571,972,977,0,0.23317638039588928,"[977, 460, 975, 646, 976]","[0.23317638039588928, 0.11076769232749939, 0.09605124592781067, 0.06150604784488678, 0.05282917246222496]"
blur-strong,inpainted,572,139,363,0,0.1907167285680771,"[363, 298, 343, 299, 133]","[0.1907167285680771, 0.07963292300701141, 0.06064251810312271, 0.05990435555577278, 0.053216658532619476]"
blur-strong,inpainted,573,354,979,0,0.14888852834701538,"[979, 970, 649, 972, 958]","[0.14888852834701538, 0.12499836832284927, 0.114098459482193, 0.10778627544641495, 0.056304384022951126]"
blur-strong,inpainted,574,140,977,0,0.2176225632429123,"[977, 360, 460, 344, 337]","[0.2176225632429123, 0.07660631835460663, 0.05452905595302582, 0.04954398795962334, 0.04589097201824188]"
blur-strong,inpainted,575,437,977,0,0.5532386898994446,"[977, 913, 978, 976, 974]","[0.5532386898994446, 0.14699587225914001, 0.1054139956831932, 0.04924030974507332, 0.03053257055580616]"
blur-strong,inpainted,576,529,978,0,0.1650489866733551,"[978, 976, 565, 405, 845]","[0.1650489866733551, 0.05613484978675842, 0.043183982372283936, 0.042042333632707596, 0.03942933678627014]"
blur-strong,inpainted,577,66,48,0,0.19783347845077515,"[48, 298, 106, 533, 474]","[0.19783347845077515, 0.09637928754091263, 0.05299683287739754, 0.046749141067266464, 0.0316256582736969]"
blur-strong,inpainted,578,511,977,0,0.19795113801956177,"[977, 978, 460, 347, 718]","[0.19795113801956177, 0.17942622303962708, 0.11690673977136612, 0.07733049243688583, 0.07133122533559799]"
blur-strong,inpainted,579,376,289,0,0.5688042044639587,"[289, 825, 293, 663, 698]","[0.5688042044639587, 0.08643678575754166, 0.04121166095137596, 0.028210949152708054, 0.02795214019715786]"
blur-strong,inpainted,580,404,977,0,0.2784850001335144,"[977, 533, 913, 798, 677]","[0.2784850001335144, 0.06468288600444794, 0.06344494223594666, 0.050387002527713776, 0.04139024019241333]"
blur-strong,inpainted,581,207,305,0,0.042854081839323044,"[305, 298, 68, 310, 65]","[0.042854081839323044, 0.03950449079275131, 0.0368652269244194, 0.03593979403376579, 0.02823561616241932]"
blur-strong,inpainted,582,33,976,0,0.1457584947347641,"[976, 147, 972, 979, 978]","[0.1457584947347641, 0.09411091357469559, 0.07566423714160919, 0.07402095198631287, 0.07002325356006622]"
blur-strong,inpainted,583,34,852,0,0.16493993997573853,"[852, 539, 551, 978, 700]","[0.16493993997573853, 0.10648185759782791, 0.0935143232345581, 0.05805650353431702, 0.05714478716254234]"
blur-strong,inpainted,584,112,533,0,0.12137455493211746,"[533, 48, 39, 109, 646]","[0.12137455493211746, 0.09510248899459839, 0.06523115932941437, 0.057275570929050446, 0.05051209405064583]"
blur-strong,inpainted,585,792,974,0,0.1891174465417862,"[974, 980, 351, 341, 386]","[0.1891174465417862, 0.07916747033596039, 0.04058586061000824, 0.02944188192486763, 0.028675781562924385]"
blur-strong,inpainted,586,172,977,0,0.17661388218402863,"[977, 978, 143, 140, 34]","[0.17661388218402863, 0.1377972811460495, 0.06073981150984764, 0.055958911776542664, 0.04571852087974548]"
blur-strong,inpainted,587,222,977,0,0.7957736253738403,"[977, 978, 975, 646, 460]","[0.7957736253738403, 0.09569737315177917, 0.042275331914424896, 0.020386768504977226, 0.006720304023474455]"
blur-strong,inpainted,588,140,977,0,0.3185933232307434,"[977, 142, 978, 976, 140]","[0.3185933232307434, 0.09507280588150024, 0.08545801043510437, 0.048960573971271515, 0.045383937656879425]"
blur-strong,inpainted,589,218,978,0,0.5581851005554199,"[978, 977, 391, 395, 814]","[0.5581851005554199, 0.16800515353679657, 0.054940417408943176, 0.021310707554221153, 0.015791408717632294]"
blur-strong,inpainted,590,459,977,0,0.7430910468101501,"[977, 978, 975, 984, 646]","[0.7430910468101501, 0.05451275780797005, 0.04613422602415085, 0.025156840682029724, 0.014805475249886513]"
blur-strong,inpainted,591,112,977,0,0.10498053580522537,"[977, 395, 978, 65, 211]","[0.10498053580522537, 0.04495137184858322, 0.03849697858095169, 0.029663661494851112, 0.024121955037117004]"
blur-strong,inpainted,592,609,977,0,0.30827009677886963,"[977, 913, 833, 984, 978]","[0.30827009677886963, 0.1186126321554184, 0.07998774200677872, 0.057417191565036774, 0.04266810417175293]"
blur-strong,inpainted,593,247,977,0,0.7522565722465515,"[977, 978, 460, 718, 646]","[0.7522565722465515, 0.14241984486579895, 0.04058121517300606, 0.008308080025017262, 0.005586697719991207]"
blur-strong,inpainted,594,354,977,0,0.2678682208061218,"[977, 913, 318, 319, 460]","[0.2678682208061218, 0.200387105345726, 0.0379796028137207, 0.030291154980659485, 0.026592155918478966]"
blur-strong,inpainted,595,842,750,0,0.4575750529766083,"[750, 672, 84, 879, 797]","[0.4575750529766083, 0.06323107331991196, 0.05881582945585251, 0.05611908435821533, 0.053058505058288574]"
blur-strong,inpainted,596,232,139,0,0.31904086470603943,"[139, 67, 141, 138, 353]","[0.31904086470603943, 0.06635579466819763, 0.056824516505002975, 0.03281587362289429, 0.024643907323479652]"
blur-strong,inpainted,597,437,913,0,0.13848567008972168,"[913, 974, 34, 460, 978]","[0.13848567008972168, 0.108576700091362, 0.082366943359375, 0.07235930860042572, 0.03476693481206894]"
blur-strong,inpainted,598,386,133,0,0.16021469235420227,"[133, 334, 276, 101, 958]","[0.16021469235420227, 0.06586190313100815, 0.053351957350969315, 0.046731170266866684, 0.03704873472452164]"
blur-strong,inpainted,599,145,646,0,0.7362971305847168,"[646, 48, 329, 979, 397]","[0.7362971305847168, 0.07998548448085785, 0.026409665122628212, 0.020691892132163048, 0.011480672284960747]"
blur-strong,inpainted,600,193,58,0,0.3264208436012268,"[58, 975, 4, 395, 533]","[0.3264208436012268, 0.09395354986190796, 0.045678578317165375, 0.024981055408716202, 0.023829327896237373]"
blur-strong,inpainted,601,79,336,0,0.05031426250934601,"[336, 106, 815, 279, 65]","[0.05031426250934601, 0.04895791411399841, 0.047181252390146255, 0.030811449512839317, 0.027933739125728607]"
blur-strong,inpainted,602,139,58,0,0.15231205523014069,"[58, 139, 970, 5, 977]","[0.15231205523014069, 0.06948473304510117, 0.06276547908782959, 0.044706907123327255, 0.038526639342308044]"
blur-strong,inpainted,603,814,977,0,0.6288731694221497,"[977, 978, 975, 984, 460]","[0.6288731694221497, 0.19039586186408997, 0.1532798856496811, 0.004075089935213327, 0.0021383154671639204]"
blur-strong,inpainted,604,765,706,0,0.153333380818367,"[706, 646, 741, 84, 750]","[0.153333380818367, 0.0658404678106308, 0.05618659779429436, 0.051903534680604935, 0.03008936159312725]"
blur-strong,inpainted,605,677,299,0,0.6048649549484253,"[299, 568, 138, 371, 134]","[0.6048649549484253, 0.023571079596877098, 0.02010197378695011, 0.02009984664618969, 0.017024299129843712]"
blur-strong,inpainted,606,792,506,0,0.4641331434249878,"[506, 911, 341, 434, 753]","[0.4641331434249878, 0.13878417015075684, 0.09645761549472809, 0.09137772768735886, 0.08247050642967224]"
blur-strong,inpainted,607,652,611,0,0.34080973267555237,"[611, 524, 458, 858, 489]","[0.34080973267555237, 0.18355748057365417, 0.14294178783893585, 0.04096107929944992, 0.03700755164027214]"
blur-strong,inpainted,608,707,858,0,0.16176611185073853,"[858, 640, 904, 539, 646]","[0.16176611185073853, 0.07104718685150146, 0.06729383766651154, 0.049613453447818756, 0.04187540337443352]"
blur-strong,inpainted,609,863,597,0,0.6654476523399353,"[597, 615, 844, 783, 416]","[0.6654476523399353, 0.08502544462680817, 0.047929324209690094, 0.02511344477534294, 0.018961865454912186]"
blur-strong,inpainted,610,670,741,0,0.13202327489852905,"[741, 611, 449, 972, 979]","[0.13202327489852905, 0.12478713691234589, 0.04641534388065338, 0.045925211161375046, 0.03921682387590408]"
blur-strong,inpainted,611,439,756,0,0.5688170790672302,"[756, 708, 777, 682, 539]","[0.5688170790672302, 0.11157707124948502, 0.027905229479074478, 0.02195899188518524, 0.01838916912674904]"
blur-strong,inpainted,612,355,647,0,0.07302188128232956,"[647, 588, 853, 755, 599]","[0.07302188128232956, 0.06896679103374481, 0.06807767599821091, 0.046196144074201584, 0.031206851825118065]"
blur-strong,inpainted,613,319,87,0,0.23793381452560425,"[87, 49, 596, 42, 40]","[0.23793381452560425, 0.11792436242103577, 0.10073387622833252, 0.04973333328962326, 0.04537855461239815]"
blur-strong,inpainted,614,778,777,0,0.058818962424993515,"[777, 410, 587, 710, 749]","[0.058818962424993515, 0.05394214764237404, 0.028094669803977013, 0.02337779849767685, 0.022911589592695236]"
blur-strong,inpainted,615,958,857,0,0.2427077740430832,"[857, 458, 741, 410, 519]","[0.2427077740430832, 0.16034097969532013, 0.14275036752223969, 0.06560685485601425, 0.028842538595199585]"
blur-strong,inpainted,616,879,777,0,0.19480691850185394,"[777, 593, 714, 893, 565]","[0.19480691850185394, 0.09639973193407059, 0.05697780102491379, 0.054236847907304764, 0.04544971510767937]"
blur-strong,inpainted,617,70,132,0,0.13831286132335663,"[132, 677, 92, 357, 295]","[0.13831286132335663, 0.06175746023654938, 0.0519494004547596, 0.046027012169361115, 0.04251948371529579]"
blur-strong,inpainted,618,471,500,0,0.47038519382476807,"[500, 970, 972, 544, 611]","[0.47038519382476807, 0.03981030359864235, 0.039432916790246964, 0.03586734086275101, 0.028881467878818512]"
blur-strong,inpainted,619,583,39,0,0.09484666585922241,"[39, 562, 340, 48, 580]","[0.09484666585922241, 0.08566239476203918, 0.07631944864988327, 0.06875815242528915, 0.06270366162061691]"
blur-strong,inpainted,620,792,462,0,0.6506563425064087,"[462, 489, 649, 912, 428]","[0.6506563425064087, 0.06943299621343613, 0.01687106117606163, 0.01617920584976673, 0.012120559811592102]"
blur-strong,inpainted,621,583,500,0,0.6444892287254333,"[500, 706, 458, 835, 750]","[0.6444892287254333, 0.15249110758304596, 0.034494537860155106, 0.008851494640111923, 0.007237836718559265]"
blur-strong,inpainted,622,7,905,0,0.16093285381793976,"[905, 799, 894, 478, 726]","[0.16093285381793976, 0.057668641209602356, 0.04413963109254837, 0.0410950593650341, 0.03976297006011009]"
blur-strong,inpainted,623,86,519,0,0.246177077293396,"[519, 8, 116, 825, 274]","[0.246177077293396, 0.13350175321102142, 0.12281245738267899, 0.057851675897836685, 0.03992806375026703]"
blur-strong,inpainted,624,919,744,0,0.1345822811126709,"[744, 2, 727, 517, 442]","[0.1345822811126709, 0.10789822041988373, 0.07209711521863937, 0.05617280304431915, 0.05326475575566292]"
blur-strong,inpainted,625,539,539,1,0.2362959384918213,"[539, 480, 458, 492, 630]","[0.2362959384918213, 0.07157126814126968, 0.060106612741947174, 0.03633470460772514, 0.03613380342721939]"
blur-strong,inpainted,626,287,46,0,0.1905691772699356,"[46, 986, 738, 133, 998]","[0.1905691772699356, 0.0662270188331604, 0.057318590581417084, 0.03973012417554855, 0.029815036803483963]"
blur-strong,inpainted,627,471,342,0,0.1346585899591446,"[342, 341, 372, 374, 267]","[0.1346585899591446, 0.09774154424667358, 0.033613335341215134, 0.025774069130420685, 0.022773534059524536]"
blur-strong,inpainted,628,513,825,0,0.7973357439041138,"[825, 489, 741, 49, 853]","[0.7973357439041138, 0.06791587173938751, 0.03942427411675453, 0.02153679169714451, 0.018962664529681206]"
blur-strong,inpainted,629,679,310,0,0.6181698441505432,"[310, 304, 397, 308, 679]","[0.6181698441505432, 0.02207527682185173, 0.02038102224469185, 0.019841894507408142, 0.017258454114198685]"
blur-strong,inpainted,630,426,794,0,0.1926974058151245,"[794, 894, 887, 885, 474]","[0.1926974058151245, 0.14231030642986298, 0.12538401782512665, 0.07020331919193268, 0.06721192598342896]"
blur-strong,inpainted,631,583,39,0,0.3603728711605072,"[39, 48, 334, 815, 375]","[0.3603728711605072, 0.3081344664096832, 0.06492148339748383, 0.04578494653105736, 0.042312268167734146]"
blur-strong,inpainted,632,637,489,0,0.09578851610422134,"[489, 792, 580, 840, 474]","[0.09578851610422134, 0.0818687155842781, 0.05475911870598793, 0.0406576432287693, 0.039554331451654434]"
blur-strong,inpainted,633,571,846,0,0.4339330494403839,"[846, 619, 462, 727, 879]","[0.4339330494403839, 0.30976060032844543, 0.1341540366411209, 0.012080243788659573, 0.008053411729633808]"
blur-strong,inpainted,634,737,853,0,0.27215564250946045,"[853, 741, 313, 497, 663]","[0.27215564250946045, 0.11723210662603378, 0.08626603335142136, 0.06364147365093231, 0.05324629694223404]"
blur-strong,inpainted,635,463,839,0,0.11252289265394211,"[839, 815, 792, 853, 580]","[0.11252289265394211, 0.08536867797374725, 0.07314746081829071, 0.051878172904253006, 0.04704414680600166]"
blur-strong,inpainted,636,520,619,0,0.11297830194234848,"[619, 435, 831, 777, 441]","[0.11297830194234848, 0.06710316240787506, 0.06568337976932526, 0.05384891852736473, 0.05375153198838234]"
blur-strong,inpainted,637,458,646,0,0.3208957016468048,"[646, 858, 519, 493, 492]","[0.3208957016468048, 0.17015670239925385, 0.09440527111291885, 0.04447958990931511, 0.034965213388204575]"
blur-strong,inpainted,638,427,955,0,0.4861881136894226,"[955, 815, 738, 839, 775]","[0.4861881136894226, 0.20552073419094086, 0.054982081055641174, 0.0279727503657341, 0.02031063847243786]"
blur-strong,inpainted,639,651,458,0,0.37345191836357117,"[458, 794, 896, 835, 427]","[0.37345191836357117, 0.08954302966594696, 0.06352337449789047, 0.03259466588497162, 0.02895454503595829]"
blur-strong,inpainted,640,846,519,0,0.7204810976982117,"[519, 894, 695, 553, 500]","[0.7204810976982117, 0.2410401850938797, 0.007511498872190714, 0.0036686896346509457, 0.0025116975884884596]"
blur-strong,inpainted,641,896,435,0,0.7990800142288208,"[435, 876, 804, 553, 794]","[0.7990800142288208, 0.04564274102449417, 0.02160944603383541, 0.016501283273100853, 0.01527081523090601]"
blur-strong,inpainted,642,45,684,0,0.1021067425608635,"[684, 513, 910, 677, 584]","[0.1021067425608635, 0.08640509098768234, 0.05957719311118126, 0.05482973903417587, 0.0437244176864624]"
blur-strong,inpainted,643,444,703,0,0.1771421581506729,"[703, 912, 791, 334, 428]","[0.1771421581506729, 0.13582389056682587, 0.11740774661302567, 0.10321806371212006, 0.05978146195411682]"
blur-strong,inpainted,644,224,289,0,0.3161013126373291,"[289, 297, 458, 500, 298]","[0.3161013126373291, 0.06550224125385284, 0.05452729016542435, 0.05283897742629051, 0.04331457242369652]"
blur-strong,inpainted,645,738,904,0,0.36004555225372314,"[904, 858, 920, 458, 490]","[0.36004555225372314, 0.061876311898231506, 0.05159960314631462, 0.045706216245889664, 0.03575993701815605]"
blur-strong,inpainted,646,495,629,0,0.07104597240686417,"[629, 896, 478, 861, 999]","[0.07104597240686417, 0.06807104498147964, 0.055540721863508224, 0.05222766101360321, 0.051942963153123856]"
blur-strong,inpainted,647,354,912,0,0.16060282289981842,"[912, 794, 716, 693, 978]","[0.16060282289981842, 0.11717525124549866, 0.06506948918104172, 0.06026909872889519, 0.0523281991481781]"
blur-strong,inpainted,648,315,904,0,0.11417049914598465,"[904, 280, 335, 815, 371]","[0.11417049914598465, 0.07931055128574371, 0.06828747689723969, 0.022733626887202263, 0.017597710713744164]"
blur-strong,inpainted,649,728,557,0,0.22866438329219818,"[557, 462, 733, 840, 313]","[0.22866438329219818, 0.18650873005390167, 0.1446082442998886, 0.09398716688156128, 0.0393090583384037]"
blur-strong,inpainted,650,715,646,0,0.06624681502580643,"[646, 694, 408, 821, 519]","[0.06624681502580643, 0.06525483727455139, 0.06478600203990936, 0.06341005116701126, 0.05425049737095833]"
blur-strong,inpainted,651,284,708,0,0.20536254346370697,"[708, 616, 389, 395, 391]","[0.20536254346370697, 0.06511925160884857, 0.05453137680888176, 0.033761102706193924, 0.026672309264540672]"
blur-strong,inpainted,652,295,44,0,0.16517093777656555,"[44, 41, 395, 835, 52]","[0.16517093777656555, 0.13932232558727264, 0.11574970930814743, 0.03482946753501892, 0.029908690601587296]"
blur-strong,inpainted,653,471,976,0,0.21255892515182495,"[976, 460, 42, 972, 977]","[0.21255892515182495, 0.11081165820360184, 0.10122120380401611, 0.08393149822950363, 0.06682450324296951]"
blur-strong,inpainted,654,665,142,0,0.060844551771879196,"[142, 458, 141, 646, 539]","[0.060844551771879196, 0.05821115896105766, 0.050470076501369476, 0.04977855831384659, 0.04703306034207344]"
blur-strong,inpainted,655,217,84,0,0.12074436992406845,"[84, 912, 395, 18, 975]","[0.12074436992406845, 0.1116635799407959, 0.04796098545193672, 0.046873994171619415, 0.03458665311336517]"
blur-strong,inpainted,656,775,337,0,0.289913147687912,"[337, 646, 334, 58, 84]","[0.289913147687912, 0.26398754119873047, 0.044971365481615067, 0.03139191493391991, 0.027479328215122223]"
blur-strong,inpainted,657,143,646,0,0.11072556674480438,"[646, 391, 621, 539, 858]","[0.11072556674480438, 0.08197549730539322, 0.0814974382519722, 0.04711835831403732, 0.04260968416929245]"
blur-strong,inpainted,658,806,706,0,0.21542030572891235,"[706, 341, 562, 634, 235]","[0.21542030572891235, 0.1447083055973053, 0.05685398727655411, 0.04849294200539589, 0.033344097435474396]"
blur-strong,inpainted,659,171,446,0,0.17730438709259033,"[446, 700, 760, 733, 844]","[0.17730438709259033, 0.10791996121406555, 0.0639728531241417, 0.0497286356985569, 0.0433378666639328]"
blur-strong,inpainted,660,637,893,0,0.22090691328048706,"[893, 539, 798, 651, 508]","[0.22090691328048706, 0.17349669337272644, 0.11759757250547409, 0.0757400318980217, 0.05292097479104996]"
blur-strong,inpainted,661,875,984,0,0.16474901139736176,"[984, 338, 489, 269, 611]","[0.16474901139736176, 0.1238551214337349, 0.11545293033123016, 0.04249710962176323, 0.041201792657375336]"
blur-strong,inpainted,662,614,760,0,0.4229966998100281,"[760, 771, 495, 894, 799]","[0.4229966998100281, 0.15153302252292633, 0.05289488658308983, 0.048983633518218994, 0.0335782952606678]"
blur-strong,inpainted,663,185,904,0,0.2309926301240921,"[904, 565, 912, 660, 539]","[0.2309926301240921, 0.11592397838830948, 0.11266767978668213, 0.09592432528734207, 0.0919019803404808]"
blur-strong,inpainted,664,583,611,0,0.3120613396167755,"[611, 500, 972, 825, 884]","[0.3120613396167755, 0.1567108929157257, 0.11246322095394135, 0.0773966982960701, 0.07516999542713165]"
blur-strong,inpainted,665,674,856,0,0.24344095587730408,"[856, 877, 736, 764, 421]","[0.24344095587730408, 0.05949045345187187, 0.0569375716149807, 0.04396384209394455, 0.04290223494172096]"
blur-strong,inpainted,666,198,189,0,0.12218109518289566,"[189, 880, 191, 230, 733]","[0.12218109518289566, 0.11410696804523468, 0.052360694855451584, 0.04877570644021034, 0.04190988838672638]"
blur-strong,inpainted,667,571,706,0,0.21516931056976318,"[706, 904, 660, 716, 580]","[0.21516931056976318, 0.11047884076833725, 0.10119137167930603, 0.085250124335289, 0.08052260428667068]"
blur-strong,inpainted,668,870,522,0,0.3462955355644226,"[522, 208, 194, 217, 231]","[0.3462955355644226, 0.07478974759578705, 0.057056304067373276, 0.03523214906454086, 0.03471441939473152]"
blur-strong,inpainted,669,614,708,0,0.30021509528160095,"[708, 637, 707, 704, 706]","[0.30021509528160095, 0.2666916251182556, 0.09765937924385071, 0.04348989948630333, 0.0349852591753006]"
blur-strong,inpainted,670,822,510,0,0.2301606982946396,"[510, 580, 915, 718, 853]","[0.2301606982946396, 0.1908070147037506, 0.10282297432422638, 0.06257105618715286, 0.0513610877096653]"
blur-strong,inpainted,671,216,853,0,0.4942963123321533,"[853, 706, 669, 858, 279]","[0.4942963123321533, 0.06096493452787399, 0.060378629714250565, 0.059080448001623154, 0.03210558742284775]"
blur-strong,inpainted,672,209,791,0,0.07644662261009216,"[791, 537, 843, 462, 814]","[0.07644662261009216, 0.07089555263519287, 0.04972444847226143, 0.0458667054772377, 0.03413721174001694]"
blur-strong,inpainted,673,775,364,0,0.2723778188228607,"[364, 50, 975, 489, 354]","[0.2723778188228607, 0.1651821881532669, 0.10205074399709702, 0.03506837412714958, 0.02726370468735695]"
blur-strong,inpainted,674,559,905,0,0.2036072462797165,"[905, 799, 562, 765, 587]","[0.2036072462797165, 0.166139617562294, 0.10483922064304352, 0.07980715483427048, 0.05209062993526459]"
blur-strong,inpainted,675,830,539,0,0.27396440505981445,"[539, 469, 980, 155, 814]","[0.27396440505981445, 0.22861851751804352, 0.0939168706536293, 0.036528222262859344, 0.033763255923986435]"
blur-strong,inpainted,676,532,539,0,0.18033455312252045,"[539, 421, 412, 806, 904]","[0.18033455312252045, 0.07421744614839554, 0.07364802807569504, 0.03881709277629852, 0.029395561665296555]"
blur-strong,inpainted,677,233,520,0,0.298399418592453,"[520, 716, 462, 516, 363]","[0.298399418592453, 0.15303947031497955, 0.08153142780065536, 0.042695485055446625, 0.02633369155228138]"
blur-strong,inpainted,678,765,402,0,0.176436185836792,"[402, 703, 753, 421, 807]","[0.176436185836792, 0.09361192584037781, 0.08848008513450623, 0.07358167320489883, 0.06928587704896927]"
blur-strong,inpainted,679,428,896,0,0.1993301808834076,"[896, 706, 556, 741, 704]","[0.1993301808834076, 0.09708621352910995, 0.069849394261837, 0.06747546792030334, 0.025409676134586334]"
blur-strong,inpainted,680,765,421,0,0.3009833097457886,"[421, 706, 489, 754, 765]","[0.3009833097457886, 0.19311414659023285, 0.13981521129608154, 0.06822703778743744, 0.049318715929985046]"
blur-strong,inpainted,681,420,716,0,0.366334468126297,"[716, 489, 743, 462, 840]","[0.366334468126297, 0.10329469293355942, 0.08952993899583817, 0.05953409895300865, 0.057140253484249115]"
blur-strong,inpainted,682,571,705,0,0.1814080774784088,"[705, 460, 668, 873, 525]","[0.1814080774784088, 0.1712852418422699, 0.08224675804376602, 0.04263537749648094, 0.041177790611982346]"
blur-strong,inpainted,683,177,408,0,0.19522838294506073,"[408, 975, 833, 820, 847]","[0.19522838294506073, 0.10822618007659912, 0.08258404582738876, 0.047712959349155426, 0.04103241115808487]"
blur-strong,inpainted,684,846,263,0,0.09951422363519669,"[263, 361, 851, 489, 458]","[0.09951422363519669, 0.08356188237667084, 0.07463114708662033, 0.060847725719213486, 0.0417124442756176]"
blur-strong,inpainted,685,236,539,0,0.21459782123565674,"[539, 421, 559, 839, 879]","[0.21459782123565674, 0.0887647271156311, 0.08553509414196014, 0.05358114466071129, 0.045027896761894226]"
blur-strong,inpainted,686,201,458,0,0.2801067531108856,"[458, 716, 738, 708, 756]","[0.2801067531108856, 0.1999390721321106, 0.14918126165866852, 0.1441255658864975, 0.028381576761603355]"
blur-strong,inpainted,687,953,539,0,0.19473473727703094,"[539, 104, 792, 882, 462]","[0.19473473727703094, 0.06880004703998566, 0.05831282585859299, 0.046061061322689056, 0.04597204551100731]"
blur-strong,inpainted,688,637,839,0,0.32644104957580566,"[839, 863, 489, 483, 448]","[0.32644104957580566, 0.2309880554676056, 0.048331595957279205, 0.04402102530002594, 0.039931390434503555]"
blur-strong,inpainted,689,420,421,0,0.5577898621559143,"[421, 462, 765, 539, 882]","[0.5577898621559143, 0.0830119401216507, 0.045140303671360016, 0.0438130646944046, 0.028013847768306732]"
blur-strong,inpainted,690,602,538,0,0.28811225295066833,"[538, 698, 449, 562, 873]","[0.28811225295066833, 0.11546420305967331, 0.041594237089157104, 0.032832782715559006, 0.030261516571044922]"
blur-strong,inpainted,691,806,539,0,0.42353013157844543,"[539, 556, 637, 583, 571]","[0.42353013157844543, 0.05328471586108208, 0.04114273190498352, 0.03910636156797409, 0.03028850257396698]"
blur-strong,inpainted,692,608,904,0,0.17459841072559357,"[904, 385, 381, 386, 955]","[0.17459841072559357, 0.09000370651483536, 0.06510195136070251, 0.05198404937982559, 0.04791036620736122]"
blur-strong,inpainted,693,775,646,0,0.5059375166893005,"[646, 835, 705, 706, 472]","[0.5059375166893005, 0.08013961464166641, 0.06681989878416061, 0.0617532953619957, 0.023486142978072166]"
blur-strong,inpainted,694,614,904,0,0.1878376007080078,"[904, 707, 799, 811, 708]","[0.1878376007080078, 0.14764338731765747, 0.05790847912430763, 0.03324979171156883, 0.0301106758415699]"
blur-strong,inpainted,695,728,63,0,0.050725944340229034,"[63, 824, 682, 583, 465]","[0.050725944340229034, 0.05031406134366989, 0.03971589356660843, 0.039150264114141464, 0.03240488842129707]"
blur-strong,inpainted,696,836,706,0,0.22061564028263092,"[706, 708, 646, 682, 480]","[0.22061564028263092, 0.16428570449352264, 0.09192515164613724, 0.08604732900857925, 0.08353684842586517]"
blur-strong,inpainted,697,361,646,0,0.22011637687683105,"[646, 544, 539, 756, 469]","[0.22011637687683105, 0.07551470398902893, 0.058633554726839066, 0.03221090883016586, 0.030797716230154037]"
blur-strong,inpainted,698,842,904,0,0.05111612752079964,"[904, 735, 750, 284, 250]","[0.05111612752079964, 0.0466897189617157, 0.04192249849438667, 0.03095591440796852, 0.030528904870152473]"
blur-strong,inpainted,699,444,835,0,0.49666285514831543,"[835, 706, 880, 736, 703]","[0.49666285514831543, 0.18678772449493408, 0.04177013039588928, 0.031800657510757446, 0.015523193404078484]"
blur-strong,inpainted,700,364,799,0,0.4575650691986084,"[799, 792, 733, 682, 583]","[0.4575650691986084, 0.18235167860984802, 0.0627516359090805, 0.04461850970983505, 0.03446214273571968]"
blur-strong,inpainted,701,707,549,0,0.19716253876686096,"[549, 478, 921, 736, 662]","[0.19716253876686096, 0.09531943500041962, 0.09194381535053253, 0.019287234172225, 0.01876145415008068]"
blur-strong,inpainted,702,151,663,0,0.26637741923332214,"[663, 497, 562, 335, 580]","[0.26637741923332214, 0.1307974010705948, 0.12933793663978577, 0.06042000651359558, 0.044727712869644165]"
blur-strong,inpainted,703,765,716,0,0.4260218143463135,"[716, 905, 660, 811, 449]","[0.4260218143463135, 0.19054746627807617, 0.06867144256830215, 0.061342839151620865, 0.032025642693042755]"
blur-strong,inpainted,704,571,706,0,0.505591869354248,"[706, 687, 663, 698, 765]","[0.505591869354248, 0.15230286121368408, 0.06428222358226776, 0.03505271300673485, 0.020695999264717102]"
blur-strong,inpainted,705,197,706,0,0.21590249240398407,"[706, 406, 738, 716, 448]","[0.21590249240398407, 0.11758392304182053, 0.07375580817461014, 0.07040426135063171, 0.045383334159851074]"
blur-strong,inpainted,706,681,718,0,0.2002294659614563,"[718, 525, 547, 705, 727]","[0.2002294659614563, 0.11341168731451035, 0.09509987384080887, 0.09376371651887894, 0.08002516627311707]"
blur-strong,inpainted,707,382,815,0,0.5098562240600586,"[815, 89, 489, 992, 67]","[0.5098562240600586, 0.07375527918338776, 0.04031700640916824, 0.028493227437138557, 0.01924029551446438]"
blur-strong,inpainted,708,765,706,0,0.7331295609474182,"[706, 716, 453, 624, 687]","[0.7331295609474182, 0.04637150466442108, 0.03397326171398163, 0.02179054543375969, 0.018731851130723953]"
blur-strong,inpainted,709,559,912,0,0.1878713220357895,"[912, 813, 878, 416, 905]","[0.1878713220357895, 0.08026904612779617, 0.055635031312704086, 0.0431223064661026, 0.040482450276613235]"
blur-strong,inpainted,710,708,460,0,0.25628188252449036,"[460, 975, 706, 977, 978]","[0.25628188252449036, 0.11008690297603607, 0.06696832180023193, 0.06325925886631012, 0.05453759804368019]"
blur-strong,inpainted,711,202,431,0,0.14281179010868073,"[431, 766, 807, 876, 525]","[0.14281179010868073, 0.05729931592941284, 0.048056259751319885, 0.04778534919023514, 0.043709803372621536]"
blur-strong,inpainted,712,469,458,0,0.21494542062282562,"[458, 791, 489, 592, 498]","[0.21494542062282562, 0.06744292378425598, 0.04374615475535393, 0.043594181537628174, 0.03463972359895706]"
blur-strong,inpainted,713,875,69,0,0.12358503043651581,"[69, 616, 108, 911, 987]","[0.12358503043651581, 0.08288434892892838, 0.07988539338111877, 0.06267764419317245, 0.03720245137810707]"
blur-strong,inpainted,714,284,434,0,0.12189746648073196,"[434, 750, 539, 980, 806]","[0.12189746648073196, 0.09994590282440186, 0.0683293268084526, 0.05970410630106926, 0.035118039697408676]"
blur-strong,inpainted,715,199,806,0,0.2723335027694702,"[806, 641, 911, 816, 735]","[0.2723335027694702, 0.14182692766189575, 0.12684737145900726, 0.06925135850906372, 0.026830386370420456]"
blur-strong,inpainted,716,529,750,0,0.49994564056396484,"[750, 611, 767, 721, 791]","[0.49994564056396484, 0.3362438678741455, 0.01923823170363903, 0.019060960039496422, 0.010863300412893295]"
blur-strong,inpainted,717,157,427,0,0.15443924069404602,"[427, 857, 747, 562, 766]","[0.15443924069404602, 0.07012233138084412, 0.06653700768947601, 0.04575237259268761, 0.03774360567331314]"
blur-strong,inpainted,718,850,516,0,0.23173083364963531,"[516, 765, 750, 243, 204]","[0.23173083364963531, 0.10475771874189377, 0.04898805916309357, 0.046590741723775864, 0.041026290506124496]"
blur-strong,inpainted,719,529,478,0,0.24356888234615326,"[478, 831, 435, 553, 876]","[0.24356888234615326, 0.23780663311481476, 0.1085628867149353, 0.0523434579372406, 0.05200565606355667]"
blur-strong,inpainted,720,186,338,0,0.1669706553220749,"[338, 284, 296, 728, 89]","[0.1669706553220749, 0.060909759253263474, 0.05723448097705841, 0.054848771542310715, 0.0334835983812809]"
blur-strong,inpainted,721,361,5,0,0.10932167619466782,"[5, 835, 640, 69, 106]","[0.10932167619466782, 0.10427170991897583, 0.09370972216129303, 0.04336146265268326, 0.04245949909090996]"
blur-strong,inpainted,722,684,623,0,0.06566382199525833,"[623, 414, 904, 421, 694]","[0.06566382199525833, 0.05107925459742546, 0.04958208277821541, 0.04823289066553116, 0.041124146431684494]"
blur-strong,inpainted,723,846,831,0,0.9070330262184143,"[831, 750, 564, 669, 846]","[0.9070330262184143, 0.037674106657505035, 0.01637115329504013, 0.0151796480640769, 0.007768510840833187]"
blur-strong,inpainted,724,156,532,0,0.09100227057933807,"[532, 238, 380, 492, 797]","[0.09100227057933807, 0.050488658249378204, 0.03426970914006233, 0.03220336511731148, 0.02847747877240181]"
blur-strong,inpainted,725,175,419,0,0.08866636455059052,"[419, 838, 750, 831, 515]","[0.08866636455059052, 0.08462726324796677, 0.07992970943450928, 0.0755632072687149, 0.05400238186120987]"
blur-strong,inpainted,726,258,679,0,0.14685742557048798,"[679, 56, 908, 870, 701]","[0.14685742557048798, 0.14243605732917786, 0.08308577537536621, 0.06324860453605652, 0.054396823048591614]"
blur-strong,inpainted,727,254,831,0,0.8732311725616455,"[831, 417, 462, 516, 701]","[0.8732311725616455, 0.07504846155643463, 0.025455977767705917, 0.0026938188821077347, 0.0017861520173028111]"
blur-strong,inpainted,728,529,961,0,0.1662149429321289,"[961, 963, 741, 646, 611]","[0.1662149429321289, 0.09810011833906174, 0.05777483806014061, 0.05403655767440796, 0.03999511897563934]"
blur-strong,inpainted,729,267,502,0,0.46234849095344543,"[502, 774, 630, 554, 910]","[0.46234849095344543, 0.08856010437011719, 0.08117344230413437, 0.02298920601606369, 0.020187580958008766]"
blur-strong,inpainted,730,257,669,0,0.3416045606136322,"[669, 831, 750, 559, 765]","[0.3416045606136322, 0.1863643079996109, 0.090054951608181, 0.054351240396499634, 0.0334366112947464]"
blur-strong,inpainted,731,529,516,0,0.37872856855392456,"[516, 424, 999, 553, 520]","[0.37872856855392456, 0.07668660581111908, 0.052182089537382126, 0.04581804946064949, 0.03609456121921539]"
blur-strong,inpainted,732,765,516,0,0.15603508055210114,"[516, 789, 876, 729, 893]","[0.15603508055210114, 0.08094113320112228, 0.06699097901582718, 0.03585953637957573, 0.033335402607917786]"
blur-strong,inpainted,733,532,905,0,0.7280322909355164,"[905, 799, 789, 434, 478]","[0.7280322909355164, 0.13239121437072754, 0.03906406834721565, 0.010898292064666748, 0.0096529396250844]"
blur-strong,inpainted,734,227,733,0,0.220946803689003,"[733, 839, 557, 727, 835]","[0.220946803689003, 0.09649432450532913, 0.09068512171506882, 0.05823997035622597, 0.04863974079489708]"
blur-strong,inpainted,735,520,493,0,0.1455758959054947,"[493, 495, 846, 894, 453]","[0.1455758959054947, 0.1077255979180336, 0.08607517927885056, 0.08342605084180832, 0.06081211194396019]"
blur-strong,inpainted,736,999,876,0,0.588421106338501,"[876, 435, 620, 756, 539]","[0.588421106338501, 0.31716129183769226, 0.030585208907723427, 0.011429652571678162, 0.008955748751759529]"
blur-strong,inpainted,737,174,435,0,0.22749310731887817,"[435, 876, 731, 588, 753]","[0.22749310731887817, 0.12204953283071518, 0.1048816666007042, 0.03248760104179382, 0.021657006815075874]"
blur-strong,inpainted,738,841,534,0,0.7621704936027527,"[534, 760, 897, 861, 882]","[0.7621704936027527, 0.12172314524650574, 0.027019048109650612, 0.012454728595912457, 0.010869943536818027]"
blur-strong,inpainted,739,846,619,0,0.5365609526634216,"[619, 846, 905, 799, 453]","[0.5365609526634216, 0.2486332505941391, 0.02047126181423664, 0.017553722485899925, 0.017045466229319572]"
blur-strong,inpainted,740,999,999,1,0.6961765885353088,"[999, 478, 896, 700, 619]","[0.6961765885353088, 0.06949954479932785, 0.047998085618019104, 0.02838202752172947, 0.015620086342096329]"
blur-strong,inpainted,741,258,548,0,0.32685133814811707,"[548, 706, 598, 539, 651]","[0.32685133814811707, 0.126968652009964, 0.06097229942679405, 0.047822896391153336, 0.042032524943351746]"
blur-strong,inpainted,742,851,564,0,0.4362777769565582,"[564, 831, 526, 478, 799]","[0.4362777769565582, 0.24072648584842682, 0.04040044546127319, 0.02314206026494503, 0.017941391095519066]"
blur-strong,inpainted,743,423,435,0,0.34513312578201294,"[435, 876, 579, 831, 846]","[0.34513312578201294, 0.21813614666461945, 0.06142616644501686, 0.05702932924032211, 0.03152502700686455]"
blur-strong,inpainted,744,233,608,0,0.1639520525932312,"[608, 897, 799, 747, 750]","[0.1639520525932312, 0.09116607904434204, 0.08119257539510727, 0.0684267058968544, 0.06397894769906998]"
blur-strong,inpainted,745,253,608,0,0.08064384013414383,"[608, 556, 588, 882, 579]","[0.08064384013414383, 0.05131644383072853, 0.049150221049785614, 0.04158170521259308, 0.03815453127026558]"
blur-strong,inpainted,746,655,539,0,0.23528029024600983,"[539, 431, 435, 648, 601]","[0.23528029024600983, 0.17592193186283112, 0.13716188073158264, 0.0649510994553566, 0.06226689741015434]"
blur-strong,inpainted,747,422,416,0,0.2709696888923645,"[416, 896, 553, 619, 724]","[0.2709696888923645, 0.09922993928194046, 0.04553670436143875, 0.03360589221119881, 0.033357441425323486]"
blur-strong,inpainted,748,765,598,0,0.1284106969833374,"[598, 480, 789, 681, 556]","[0.1284106969833374, 0.08049742877483368, 0.07267538458108902, 0.07026354968547821, 0.043225906789302826]"
blur-strong,inpainted,749,545,904,0,0.07675011456012726,"[904, 789, 811, 905, 620]","[0.07675011456012726, 0.07487466186285019, 0.07454962283372879, 0.04640316590666771, 0.03642775118350983]"
blur-strong,inpainted,750,841,811,0,0.3664400279521942,"[811, 753, 421, 799, 834]","[0.3664400279521942, 0.07560864090919495, 0.03759254887700081, 0.0366719514131546, 0.03396446630358696]"
blur-strong,inpainted,751,655,446,0,0.5211057662963867,"[446, 794, 697, 894, 420]","[0.5211057662963867, 0.09934177249670029, 0.026599984616041183, 0.020731071010231972, 0.019431402906775475]"
blur-strong,inpainted,752,846,619,0,0.33322909474372864,"[619, 846, 725, 441, 469]","[0.33322909474372864, 0.23729045689105988, 0.06324949115514755, 0.024227643385529518, 0.018843259662389755]"
blur-strong,inpainted,753,999,851,0,0.2120382934808731,"[851, 505, 598, 896, 846]","[0.2120382934808731, 0.06445056200027466, 0.0628514438867569, 0.05193665251135826, 0.049786489456892014]"
blur-strong,inpainted,754,841,744,0,0.31237950921058655,"[744, 705, 657, 908, 557]","[0.31237950921058655, 0.11077956855297089, 0.1011098101735115, 0.049081265926361084, 0.04090695083141327]"
blur-strong,inpainted,755,655,492,0,0.8420324921607971,"[492, 526, 424, 453, 893]","[0.8420324921607971, 0.024842824786901474, 0.018320465460419655, 0.011372040957212448, 0.011048912070691586]"
blur-strong,inpainted,756,579,854,0,0.9202042818069458,"[854, 539, 741, 765, 677]","[0.9202042818069458, 0.008656530641019344, 0.007959619164466858, 0.006695272866636515, 0.006401823367923498]"
blur-strong,inpainted,757,198,706,0,0.2518596053123474,"[706, 646, 741, 192, 182]","[0.2518596053123474, 0.13494090735912323, 0.05164440721273422, 0.048188455402851105, 0.03014136105775833]"
blur-strong,inpainted,758,614,840,0,0.164984792470932,"[840, 733, 559, 789, 799]","[0.164984792470932, 0.15870216488838196, 0.06577365845441818, 0.04560272395610809, 0.04509951174259186]"
blur-strong,inpainted,759,689,706,0,0.06730188429355621,"[706, 579, 766, 624, 786]","[0.06730188429355621, 0.03958753123879433, 0.035005711019039154, 0.03342991694808006, 0.03330579400062561]"
blur-strong,inpainted,760,863,799,0,0.507631778717041,"[799, 480, 904, 905, 571]","[0.507631778717041, 0.10488329082727432, 0.07111568748950958, 0.05737108737230301, 0.04742632806301117]"
blur-strong,inpainted,761,851,492,0,0.07708727568387985,"[492, 64, 563, 831, 283]","[0.07708727568387985, 0.048328399658203125, 0.036735568195581436, 0.03525055944919586, 0.030078494921326637]"
blur-strong,inpainted,762,444,559,0,0.06413332372903824,"[559, 664, 799, 620, 677]","[0.06413332372903824, 0.0545782707631588, 0.053183406591415405, 0.049729589372873306, 0.045991234481334686]"
blur-strong,inpainted,763,230,453,0,0.10834179818630219,"[453, 857, 406, 877, 410]","[0.10834179818630219, 0.08365453034639359, 0.05675423890352249, 0.054984547197818756, 0.037498846650123596]"
blur-strong,inpainted,764,254,939,0,0.12493399530649185,"[939, 630, 882, 811, 750]","[0.12493399530649185, 0.0673169195652008, 0.06004709005355835, 0.05754067748785019, 0.05143579840660095]"
blur-strong,inpainted,765,199,516,0,0.09982148557901382,"[516, 831, 183, 431, 266]","[0.09982148557901382, 0.055980660021305084, 0.04008278623223305, 0.03649580851197243, 0.0339726060628891]"
blur-strong,inpainted,766,493,598,0,0.6099089980125427,"[598, 851, 548, 881, 708]","[0.6099089980125427, 0.07055659592151642, 0.0498051755130291, 0.02766294591128826, 0.01554071344435215]"
blur-strong,inpainted,767,882,495,0,0.26473838090896606,"[495, 707, 453, 480, 831]","[0.26473838090896606, 0.13417555391788483, 0.07825039327144623, 0.04591591656208038, 0.03398560732603073]"
blur-strong,inpainted,768,739,695,0,0.16097040474414825,"[695, 939, 492, 741, 726]","[0.16097040474414825, 0.09143397957086563, 0.08159932494163513, 0.06385349482297897, 0.060693856328725815]"
blur-strong,inpainted,769,846,799,0,0.13456574082374573,"[799, 462, 412, 578, 708]","[0.13456574082374573, 0.07496114075183868, 0.07379721850156784, 0.07272131741046906, 0.0689530000090599]"
blur-strong,inpainted,770,614,789,0,0.544739305973053,"[789, 799, 651, 648, 556]","[0.544739305973053, 0.1065882220864296, 0.0361422523856163, 0.015942899510264397, 0.015332648530602455]"
blur-strong,inpainted,771,579,846,0,0.25739312171936035,"[846, 549, 709, 421, 777]","[0.25739312171936035, 0.07007497549057007, 0.06191731616854668, 0.028015024960041046, 0.024585897102952003]"
blur-strong,inpainted,772,882,909,0,0.3056163191795349,"[909, 673, 711, 846, 719]","[0.3056163191795349, 0.15592274069786072, 0.04304013401269913, 0.033475957810878754, 0.03341159224510193]"
blur-strong,inpainted,773,778,904,0,0.3532385230064392,"[904, 794, 604, 593, 585]","[0.3532385230064392, 0.11269935220479965, 0.06927979737520218, 0.06400145590305328, 0.05716300383210182]"
blur-strong,inpainted,774,882,894,0,0.8420743346214294,"[894, 729, 493, 519, 453]","[0.8420743346214294, 0.03092152439057827, 0.030154861509799957, 0.027286458760499954, 0.01473835576325655]"
blur-strong,inpainted,775,550,687,0,0.10481531918048859,"[687, 564, 583, 495, 548]","[0.10481531918048859, 0.10252974182367325, 0.09495870769023895, 0.07904604822397232, 0.06256600469350815]"
blur-strong,inpainted,776,284,706,0,0.13871927559375763,"[706, 975, 792, 893, 536]","[0.13871927559375763, 0.11662822961807251, 0.07304125279188156, 0.04585454985499382, 0.03261270001530647]"
blur-strong,inpainted,777,851,664,0,0.19618670642375946,"[664, 974, 851, 782, 846]","[0.19618670642375946, 0.16526849567890167, 0.12172545492649078, 0.06787776201963425, 0.0516522191464901]"
blur-strong,inpainted,778,651,894,0,0.5031933784484863,"[894, 799, 519, 651, 553]","[0.5031933784484863, 0.0670304149389267, 0.057425808161497116, 0.050787925720214844, 0.04952387511730194]"
blur-strong,inpainted,779,681,526,0,0.17143429815769196,"[526, 745, 421, 553, 478]","[0.17143429815769196, 0.11540791392326355, 0.11326459050178528, 0.05890374258160591, 0.04570000618696213]"
blur-strong,inpainted,780,420,999,0,0.12124700844287872,"[999, 700, 831, 492, 876]","[0.12124700844287872, 0.11989285796880722, 0.07524220645427704, 0.07288073003292084, 0.048033371567726135]"
blur-strong,inpainted,781,532,427,0,0.7751718163490295,"[427, 469, 756, 653, 461]","[0.7751718163490295, 0.04383186623454094, 0.03753942996263504, 0.020886311307549477, 0.017683077603578568]"
blur-strong,inpainted,782,423,738,0,0.21152114868164062,"[738, 760, 840, 882, 897]","[0.21152114868164062, 0.10241027176380157, 0.09949561208486557, 0.08124980330467224, 0.06419192254543304]"
blur-strong,inpainted,783,201,548,0,0.40689313411712646,"[548, 598, 495, 553, 706]","[0.40689313411712646, 0.06141907349228859, 0.06133514270186424, 0.04422471299767494, 0.04173990339040756]"
blur-strong,inpainted,784,690,649,0,0.376810759305954,"[649, 340, 386, 385, 346]","[0.376810759305954, 0.15564197301864624, 0.07944949716329575, 0.06363432109355927, 0.053719475865364075]"
blur-strong,inpainted,785,807,421,0,0.522057831287384,"[421, 791, 716, 565, 912]","[0.522057831287384, 0.06902921199798584, 0.03928322345018387, 0.028116386383771896, 0.027617013081908226]"
blur-strong,inpainted,786,836,718,0,0.19547446072101593,"[718, 880, 660, 829, 839]","[0.19547446072101593, 0.1348121017217636, 0.08095436543226242, 0.07252924889326096, 0.06967411190271378]"
blur-strong,inpainted,787,779,660,0,0.48078930377960205,"[660, 682, 442, 668, 874]","[0.48078930377960205, 0.08018070459365845, 0.04399607330560684, 0.036950770765542984, 0.026077428832650185]"
blur-strong,inpainted,788,872,975,0,0.6340616941452026,"[975, 646, 703, 912, 706]","[0.6340616941452026, 0.04646126180887222, 0.0381566658616066, 0.028061402961611748, 0.026923587545752525]"
blur-strong,inpainted,789,516,706,0,0.25619766116142273,"[706, 421, 834, 884, 608]","[0.25619766116142273, 0.07861033082008362, 0.0672772154211998, 0.06297222524881363, 0.054159123450517654]"
blur-strong,inpainted,790,807,703,0,0.4910179078578949,"[703, 716, 646, 791, 912]","[0.4910179078578949, 0.13911190629005432, 0.09037572890520096, 0.04968056455254555, 0.045610930770635605]"
blur-strong,inpainted,791,880,460,0,0.44882622361183167,"[460, 839, 471, 536, 833]","[0.44882622361183167, 0.19013291597366333, 0.055909205228090286, 0.04416931793093681, 0.035224322229623795]"
blur-strong,inpainted,792,678,576,0,0.11965775489807129,"[576, 791, 706, 536, 498]","[0.11965775489807129, 0.0915125235915184, 0.08685045689344406, 0.054034680128097534, 0.04878787323832512]"
blur-strong,inpainted,793,603,257,0,0.1444208323955536,"[257, 716, 660, 880, 561]","[0.1444208323955536, 0.09560556709766388, 0.049743663519620895, 0.0356781892478466, 0.03536379709839821]"
blur-strong,inpainted,794,665,977,0,0.08092211186885834,"[977, 912, 806, 646, 853]","[0.08092211186885834, 0.06552603095769882, 0.061130210757255554, 0.04703908786177635, 0.03602112829685211]"
blur-strong,inpainted,795,541,706,0,0.7159504294395447,"[706, 598, 831, 538, 743]","[0.7159504294395447, 0.03625626116991043, 0.019045164808630943, 0.015598606318235397, 0.014742403291165829]"
blur-strong,inpainted,796,704,791,0,0.09899406135082245,"[791, 549, 918, 460, 718]","[0.09899406135082245, 0.07851692289113998, 0.062061432749032974, 0.037529394030570984, 0.03742893785238266]"
blur-strong,inpainted,797,770,880,0,0.12359096109867096,"[880, 703, 416, 702, 523]","[0.12359096109867096, 0.060592129826545715, 0.05038290098309517, 0.04520948603749275, 0.044562216848134995]"
blur-strong,inpainted,798,428,743,0,0.1275394856929779,"[743, 568, 462, 497, 829]","[0.1275394856929779, 0.11597717553377151, 0.08605960756540298, 0.07652183622121811, 0.04485878348350525]"
blur-strong,inpainted,799,637,406,0,0.8711154460906982,"[406, 687, 912, 483, 497]","[0.8711154460906982, 0.024595001712441444, 0.023472005501389503, 0.020273925736546516, 0.008105892688035965]"
blur-strong,inpainted,800,879,608,0,0.10146075487136841,"[608, 257, 525, 501, 682]","[0.10146075487136841, 0.0759500190615654, 0.05840548127889633, 0.036688487976789474, 0.03050406090915203]"
blur-strong,inpainted,801,869,833,0,0.14835326373577118,"[833, 829, 753, 859, 654]","[0.14835326373577118, 0.07571382820606232, 0.06581708043813705, 0.0524681955575943, 0.04680635407567024]"
blur-strong,inpainted,802,690,352,0,0.10744554549455643,"[352, 373, 274, 272, 975]","[0.10744554549455643, 0.06308528780937195, 0.04772321134805679, 0.04402098432183266, 0.03754739090800285]"
blur-strong,inpainted,803,822,756,0,0.10415681451559067,"[756, 864, 706, 675, 562]","[0.10415681451559067, 0.08780691772699356, 0.05863124877214432, 0.05665884539484978, 0.04961511865258217]"
blur-strong,inpainted,804,880,706,0,0.5031201839447021,"[706, 522, 663, 708, 406]","[0.5031201839447021, 0.13839447498321533, 0.04626218229532242, 0.043749600648880005, 0.03459858521819115]"
blur-strong,inpainted,805,612,489,0,0.7302904725074768,"[489, 539, 798, 519, 562]","[0.7302904725074768, 0.07226628810167313, 0.01912626624107361, 0.018965212628245354, 0.01396099291741848]"
blur-strong,inpainted,806,879,660,0,0.6683126091957092,"[660, 449, 556, 718, 425]","[0.6683126091957092, 0.1255207359790802, 0.025154786184430122, 0.024323979392647743, 0.023472879081964493]"
blur-strong,inpainted,807,603,706,0,0.8632819056510925,"[706, 829, 741, 539, 705]","[0.8632819056510925, 0.022579720243811607, 0.012271382845938206, 0.010918725281953812, 0.006879644468426704]"
blur-strong,inpainted,808,707,835,0,0.1530296504497528,"[835, 704, 703, 637, 556]","[0.1530296504497528, 0.1012992337346077, 0.03758025914430618, 0.03662915900349617, 0.03320375084877014]"
blur-strong,inpainted,809,751,975,0,0.0944579467177391,"[975, 410, 703, 349, 913]","[0.0944579467177391, 0.08547516167163849, 0.08058838546276093, 0.05707138776779175, 0.05543520301580429]"
blur-strong,inpainted,810,407,460,0,0.18955250084400177,"[460, 975, 646, 562, 489]","[0.18955250084400177, 0.09615456312894821, 0.0773816779255867, 0.0625295415520668, 0.05871446803212166]"
blur-strong,inpainted,811,791,706,0,0.49400389194488525,"[706, 880, 791, 839, 523]","[0.49400389194488525, 0.1282263547182083, 0.08050045371055603, 0.06582818925380707, 0.019362036138772964]"
blur-strong,inpainted,812,645,498,0,0.6917675733566284,"[498, 698, 624, 497, 645]","[0.6917675733566284, 0.100642129778862, 0.03389318659901619, 0.031081054359674454, 0.022356461733579636]"
blur-strong,inpainted,813,879,718,0,0.16105858981609344,"[718, 562, 912, 663, 540]","[0.16105858981609344, 0.07629484683275223, 0.06018549203872681, 0.0540245845913887, 0.04781896248459816]"
blur-strong,inpainted,814,612,975,0,0.3795084059238434,"[975, 50, 833, 628, 744]","[0.3795084059238434, 0.06769770383834839, 0.059586189687252045, 0.026999616995453835, 0.025504184886813164]"
blur-strong,inpainted,815,468,458,0,0.3741668462753296,"[458, 703, 706, 646, 912]","[0.3741668462753296, 0.14462843537330627, 0.1009448766708374, 0.03817057982087135, 0.030479468405246735]"
blur-strong,inpainted,816,603,718,0,0.17544834315776825,"[718, 9, 510, 354, 915]","[0.17544834315776825, 0.10644972324371338, 0.0848807692527771, 0.08294519782066345, 0.025033846497535706]"
blur-strong,inpainted,817,670,344,0,0.24960081279277802,"[344, 522, 706, 977, 646]","[0.24960081279277802, 0.05531495064496994, 0.03443797677755356, 0.0291801355779171, 0.027218494564294815]"
blur-strong,inpainted,818,468,839,0,0.09981286525726318,"[839, 718, 547, 829, 421]","[0.09981286525726318, 0.09017401933670044, 0.06469687074422836, 0.050286706537008286, 0.04885868355631828]"
blur-strong,inpainted,819,830,706,0,0.5568633079528809,"[706, 799, 877, 495, 718]","[0.5568633079528809, 0.17182353138923645, 0.04507172480225563, 0.030800212174654007, 0.020944271236658096]"
blur-strong,inpainted,820,670,839,0,0.31264743208885193,"[839, 660, 978, 977, 525]","[0.31264743208885193, 0.06797228008508682, 0.06346659362316132, 0.05318425968289375, 0.048651449382305145]"
blur-strong,inpainted,821,807,523,0,0.6981066465377808,"[523, 559, 807, 749, 872]","[0.6981066465377808, 0.029543502256274223, 0.02617371827363968, 0.016000911593437195, 0.0125206233933568]"
blur-strong,inpainted,822,602,458,0,0.17967796325683594,"[458, 489, 562, 791, 580]","[0.17967796325683594, 0.12859462201595306, 0.12034867703914642, 0.07454397529363632, 0.06808226555585861]"
blur-strong,inpainted,823,439,772,0,0.15201719105243683,"[772, 879, 755, 557, 660]","[0.15201719105243683, 0.09950941056013107, 0.07740028947591782, 0.06447286903858185, 0.023911405354738235]"
blur-strong,inpainted,824,198,559,0,0.11133880913257599,"[559, 908, 475, 435, 579]","[0.11133880913257599, 0.06552191078662872, 0.05937039479613304, 0.04155086353421211, 0.03988228738307953]"
blur-strong,inpainted,825,559,179,0,0.12621310353279114,"[179, 104, 171, 253, 703]","[0.12621310353279114, 0.04649246484041214, 0.042829353362321854, 0.03683225065469742, 0.03168565779924393]"
blur-strong,inpainted,826,919,682,0,0.12959596514701843,"[682, 657, 557, 974, 744]","[0.12959596514701843, 0.10627191513776779, 0.10328439623117447, 0.09328671544790268, 0.09242376685142517]"
blur-strong,inpainted,827,665,912,0,0.3709881603717804,"[912, 410, 779, 404, 649]","[0.3709881603717804, 0.09601493179798126, 0.038231950253248215, 0.03370523080229759, 0.03251254931092262]"
blur-strong,inpainted,828,919,646,0,0.15201438963413239,"[646, 525, 835, 814, 460]","[0.15201438963413239, 0.10465287417173386, 0.04222285747528076, 0.04118737950921059, 0.034915030002593994]"
blur-strong,inpainted,829,557,538,0,0.2887304127216339,"[538, 425, 668, 682, 483]","[0.2887304127216339, 0.22938686609268188, 0.14232607185840607, 0.05747625604271889, 0.055117879062891006]"
blur-strong,inpainted,830,864,769,0,0.2053186446428299,"[769, 729, 798, 462, 833]","[0.2053186446428299, 0.17470642924308777, 0.06113170087337494, 0.04495089873671532, 0.04132695123553276]"
blur-strong,inpainted,831,880,880,1,0.2934243679046631,"[880, 472, 975, 984, 132]","[0.2934243679046631, 0.20991943776607513, 0.04559803009033203, 0.025598745793104172, 0.02110152319073677]"
blur-strong,inpainted,832,870,660,0,0.22951087355613708,"[660, 646, 716, 703, 408]","[0.22951087355613708, 0.06576362252235413, 0.05970442667603493, 0.059476882219314575, 0.05542554333806038]"
blur-strong,inpainted,833,439,912,0,0.3768061697483063,"[912, 702, 406, 877, 646]","[0.3768061697483063, 0.228814497590065, 0.07853692770004272, 0.049413908272981644, 0.03507377952337265]"
blur-strong,inpainted,834,728,580,0,0.24852654337882996,"[580, 462, 706, 738, 978]","[0.24852654337882996, 0.1366250216960907, 0.12110114097595215, 0.04606560990214348, 0.025489436462521553]"
blur-strong,inpainted,835,920,920,1,0.2804298400878906,"[920, 812, 517, 442, 724]","[0.2804298400878906, 0.26171886920928955, 0.1537305861711502, 0.0443812794983387, 0.034939903765916824]"
blur-strong,inpainted,836,608,135,0,0.07453925907611847,"[135, 376, 334, 839, 9]","[0.07453925907611847, 0.058373697102069855, 0.04808196797966957, 0.03914922848343849, 0.03349928930401802]"
blur-strong,inpainted,837,919,682,0,0.40906718373298645,"[682, 498, 637, 743, 873]","[0.40906718373298645, 0.10960664600133896, 0.10619793832302094, 0.07761542499065399, 0.06571763008832932]"
blur-strong,inpainted,838,612,705,0,0.5290298461914062,"[705, 634, 820, 821, 703]","[0.5290298461914062, 0.15417346358299255, 0.06815462559461594, 0.0534684993326664, 0.038278013467788696]"
blur-strong,inpainted,839,919,538,0,0.2919478118419647,"[538, 580, 442, 755, 562]","[0.2919478118419647, 0.06313766539096832, 0.05767838656902313, 0.054458752274513245, 0.04504682496190071]"
blur-strong,inpainted,840,571,706,0,0.4214647710323334,"[706, 660, 556, 705, 757]","[0.4214647710323334, 0.0963776484131813, 0.06534790992736816, 0.06298498809337616, 0.051098328083753586]"
blur-strong,inpainted,841,575,603,0,0.4523816406726837,"[603, 873, 255, 690, 555]","[0.4523816406726837, 0.051320962607860565, 0.046231064945459366, 0.04515073448419571, 0.025811608880758286]"
blur-strong,inpainted,842,870,975,0,0.1642134040594101,"[975, 718, 260, 814, 562]","[0.1642134040594101, 0.0750809907913208, 0.06666439026594162, 0.04689566791057587, 0.04289526864886284]"
blur-strong,inpainted,843,919,663,0,0.23784562945365906,"[663, 498, 548, 424, 698]","[0.23784562945365906, 0.20447902381420135, 0.07422801107168198, 0.067273810505867, 0.05097590386867523]"
blur-strong,inpainted,844,879,867,0,0.1692134290933609,"[867, 510, 705, 675, 874]","[0.1692134290933609, 0.13424518704414368, 0.10406461358070374, 0.047485802322626114, 0.044856730848550797]"
blur-strong,inpainted,845,690,703,0,0.22310030460357666,"[703, 839, 716, 912, 671]","[0.22310030460357666, 0.21890494227409363, 0.1325916200876236, 0.053145989775657654, 0.03390377014875412]"
blur-strong,inpainted,846,879,458,0,0.4198478162288666,"[458, 727, 839, 492, 489]","[0.4198478162288666, 0.12226718664169312, 0.08787094801664352, 0.04962640255689621, 0.04655100777745247]"
blur-strong,inpainted,847,412,474,0,0.1807458996772766,"[474, 386, 412, 385, 718]","[0.1807458996772766, 0.05033762380480766, 0.046252261847257614, 0.04388761147856712, 0.041668541729450226]"
blur-strong,inpainted,848,412,536,0,0.09986452013254166,"[536, 603, 251, 880, 257]","[0.09986452013254166, 0.067243292927742, 0.06438877433538437, 0.056932080537080765, 0.04045109450817108]"
blur-strong,inpainted,849,751,798,0,0.14327146112918854,"[798, 769, 434, 782, 704]","[0.14327146112918854, 0.05030246078968048, 0.045395199209451675, 0.041930753737688065, 0.03927847743034363]"
blur-strong,inpainted,850,489,975,0,0.08490876108407974,"[975, 703, 269, 672, 425]","[0.08490876108407974, 0.060813356190919876, 0.05715169385075569, 0.044686634093523026, 0.035122185945510864]"
blur-strong,inpainted,851,223,522,0,0.3571430444717407,"[522, 646, 621, 805, 984]","[0.3571430444717407, 0.15717898309230804, 0.0707486942410469, 0.05287757143378258, 0.03301548212766647]"
blur-strong,inpainted,852,603,634,0,0.3330623507499695,"[634, 458, 646, 835, 519]","[0.3330623507499695, 0.26262107491493225, 0.08458641916513443, 0.03368561342358589, 0.026867389678955078]"
blur-strong,inpainted,853,862,556,0,0.20654641091823578,"[556, 489, 727, 458, 888]","[0.20654641091823578, 0.20503640174865723, 0.13121365010738373, 0.07004744559526443, 0.045294102281332016]"
blur-strong,inpainted,854,612,347,0,0.09567616134881973,"[347, 912, 646, 977, 682]","[0.09567616134881973, 0.08068312704563141, 0.0800282210111618, 0.07795163244009018, 0.06334081292152405]"
blur-strong,inpainted,855,154,814,0,0.26456645131111145,"[814, 489, 835, 714, 421]","[0.26456645131111145, 0.0828114002943039, 0.06914197653532028, 0.057097241282463074, 0.05173178389668465]"
blur-strong,inpainted,856,560,912,0,0.07596759498119354,"[912, 981, 843, 274, 128]","[0.07596759498119354, 0.06699910759925842, 0.059102047234773636, 0.051377493888139725, 0.05002041161060333]"
blur-strong,inpainted,857,852,752,0,0.3657601475715637,"[752, 646, 722, 852, 814]","[0.3657601475715637, 0.23302781581878662, 0.11293253302574158, 0.06413768231868744, 0.037850361317396164]"
blur-strong,inpainted,858,522,184,0,0.144044890999794,"[184, 462, 746, 186, 228]","[0.144044890999794, 0.06930268555879593, 0.04385910555720329, 0.03264293447136879, 0.0280228853225708]"
blur-strong,inpainted,859,430,660,0,0.18511153757572174,"[660, 553, 548, 896, 651]","[0.18511153757572174, 0.10709502547979355, 0.08918978273868561, 0.06811217963695526, 0.06411770731210709]"
blur-strong,inpainted,860,752,904,0,0.4577546715736389,"[904, 489, 727, 807, 556]","[0.4577546715736389, 0.09200247377157211, 0.07996203005313873, 0.0377013236284256, 0.024726543575525284]"
blur-strong,inpainted,861,852,975,0,0.07294010370969772,"[975, 522, 536, 429, 565]","[0.07294010370969772, 0.0488375686109066, 0.047449272125959396, 0.043891213834285736, 0.04095201939344406]"
blur-strong,inpainted,862,746,746,1,0.7676529288291931,"[746, 914, 141, 462, 814]","[0.7676529288291931, 0.014070529490709305, 0.007031787186861038, 0.006589700933545828, 0.005892954301089048]"
blur-strong,inpainted,863,702,821,0,0.245647132396698,"[821, 913, 766, 444, 878]","[0.245647132396698, 0.08575616031885147, 0.06661660969257355, 0.05977291986346245, 0.05005333200097084]"
blur-strong,inpainted,864,560,252,0,0.12634141743183136,"[252, 400, 746, 244, 912]","[0.12634141743183136, 0.08596505969762802, 0.0648130252957344, 0.06187719851732254, 0.055484380573034286]"
blur-strong,inpainted,865,746,746,1,0.8032031059265137,"[746, 462, 977, 132, 184]","[0.8032031059265137, 0.10479555279016495, 0.009697934612631798, 0.007078622467815876, 0.004406418185681105]"
blur-strong,inpainted,866,430,430,1,0.15993988513946533,"[430, 977, 132, 758, 751]","[0.15993988513946533, 0.09386487305164337, 0.08998265862464905, 0.060609932988882065, 0.054714929312467575]"
blur-strong,inpainted,867,450,516,0,0.16738276183605194,"[516, 462, 792, 431, 601]","[0.16738276183605194, 0.14526179432868958, 0.10722676664590836, 0.09571059048175812, 0.08812649548053741]"
blur-strong,inpainted,868,890,890,1,0.6536964774131775,"[890, 752, 881, 642, 401]","[0.6536964774131775, 0.0445706807076931, 0.0391661673784256, 0.019286418333649635, 0.01844467967748642]"
blur-strong,inpainted,869,746,746,1,0.5608965158462524,"[746, 573, 517, 450, 908]","[0.5608965158462524, 0.06173030287027359, 0.033436283469200134, 0.028126196935772896, 0.027054965496063232]"
blur-strong,inpainted,870,560,519,0,0.11942120641469955,"[519, 147, 977, 798, 646]","[0.11942120641469955, 0.11109858006238937, 0.09011377394199371, 0.06581544131040573, 0.05387609452009201]"
blur-strong,inpainted,871,752,646,0,0.13660742342472076,"[646, 752, 492, 908, 895]","[0.13660742342472076, 0.0670509785413742, 0.06349842250347137, 0.05718156695365906, 0.04237574711441994]"
blur-strong,inpainted,872,702,706,0,0.3748694360256195,"[706, 791, 581, 541, 603]","[0.3748694360256195, 0.1725713014602661, 0.16603951156139374, 0.05196935310959816, 0.03658059984445572]"
blur-strong,inpainted,873,160,338,0,0.09810708463191986,"[338, 194, 646, 313, 186]","[0.09810708463191986, 0.07294292002916336, 0.05678815022110939, 0.04882952943444252, 0.035275667905807495]"
blur-strong,inpainted,874,430,430,1,0.7637540102005005,"[430, 812, 386, 890, 458]","[0.7637540102005005, 0.040645670145750046, 0.03488508239388466, 0.029753971844911575, 0.014068258926272392]"
blur-strong,inpainted,875,430,726,0,0.31526100635528564,"[726, 867, 864, 569, 609]","[0.31526100635528564, 0.2865927219390869, 0.08255790919065475, 0.04434237629175186, 0.0411430299282074]"
blur-strong,inpainted,876,499,687,0,0.5094301104545593,"[687, 729, 743, 663, 406]","[0.5094301104545593, 0.06436401605606079, 0.05401834473013878, 0.052287518978118896, 0.03712701052427292]"
blur-strong,inpainted,877,418,646,0,0.14321951568126678,"[646, 103, 137, 611, 911]","[0.14321951568126678, 0.09838227927684784, 0.05851481109857559, 0.04587268456816673, 0.04086725786328316]"
blur-strong,inpainted,878,849,851,0,0.23935656249523163,"[851, 283, 721, 673, 974]","[0.23935656249523163, 0.08876440674066544, 0.04478909820318222, 0.02994197979569435, 0.02585611678659916]"
blur-strong,inpainted,879,899,688,0,0.28787681460380554,"[688, 781, 881, 727, 624]","[0.28787681460380554, 0.07360687106847763, 0.05241416394710541, 0.05149001628160477, 0.03656163066625595]"
blur-strong,inpainted,880,963,549,0,0.3551730513572693,"[549, 700, 750, 539, 478]","[0.3551730513572693, 0.0627756416797638, 0.05812351778149605, 0.039499327540397644, 0.03385166823863983]"
blur-strong,inpainted,881,956,6,0,0.07684258371591568,"[6, 111, 948, 236, 975]","[0.07684258371591568, 0.04076723754405975, 0.04023424908518791, 0.031720444560050964, 0.022090714424848557]"
blur-strong,inpainted,882,961,725,0,0.044571734964847565,"[725, 702, 876, 492, 659]","[0.044571734964847565, 0.04073873534798622, 0.036545976996421814, 0.030261842533946037, 0.0290321484208107]"
blur-strong,inpainted,883,786,538,0,0.47451385855674744,"[538, 851, 651, 782, 498]","[0.47451385855674744, 0.1089208722114563, 0.07831431925296783, 0.07079286873340607, 0.01895439811050892]"
blur-strong,inpainted,884,440,624,0,0.1696518361568451,"[624, 453, 548, 736, 495]","[0.1696518361568451, 0.09687704592943192, 0.07735374569892883, 0.07518898695707321, 0.0713132694363594]"
blur-strong,inpainted,885,846,619,0,0.5622993111610413,"[619, 846, 659, 909, 818]","[0.5622993111610413, 0.37945106625556946, 0.024441149085760117, 0.006816791836172342, 0.0040928395465016365]"
blur-strong,inpainted,886,969,809,0,0.10092136263847351,"[809, 891, 804, 961, 673]","[0.10092136263847351, 0.08556260168552399, 0.05730808898806572, 0.05276976898312569, 0.042795564979314804]"
blur-strong,inpainted,887,945,378,0,0.09129088371992111,"[378, 975, 911, 741, 332]","[0.09129088371992111, 0.07467178255319595, 0.06946978718042374, 0.06414401531219482, 0.02901388332247734]"
blur-strong,inpainted,888,752,875,0,0.2462584525346756,"[875, 674, 436, 620, 840]","[0.2462584525346756, 0.1376701444387436, 0.02447863668203354, 0.023991787806153297, 0.017796779051423073]"
blur-strong,inpainted,889,651,727,0,0.4095078110694885,"[727, 669, 794, 799, 648]","[0.4095078110694885, 0.1511063575744629, 0.1261642873287201, 0.04324396327137947, 0.03901337832212448]"
blur-strong,inpainted,890,945,947,0,0.6809633374214172,"[947, 462, 696, 911, 669]","[0.6809633374214172, 0.05421830341219902, 0.03007977083325386, 0.02364819124341011, 0.016349080950021744]"
blur-strong,inpainted,891,438,876,0,0.14958414435386658,"[876, 646, 463, 203, 427]","[0.14958414435386658, 0.14277897775173187, 0.07410908490419388, 0.030473414808511734, 0.02879945933818817]"
blur-strong,inpainted,892,441,492,0,0.15695489943027496,"[492, 930, 427, 646, 934]","[0.15695489943027496, 0.08135513216257095, 0.05571620911359787, 0.045919038355350494, 0.03986704349517822]"
blur-strong,inpainted,893,818,806,0,0.17597158253192902,"[806, 700, 549, 496, 608]","[0.17597158253192902, 0.153975248336792, 0.1105540469288826, 0.03975408524274826, 0.025097886100411415]"
blur-strong,inpainted,894,941,961,0,0.06405527144670486,"[961, 930, 494, 231, 577]","[0.06405527144670486, 0.024039244279265404, 0.02163170836865902, 0.01925032213330269, 0.0172831192612648]"
blur-strong,inpainted,895,711,519,0,0.07461849600076675,"[519, 492, 618, 642, 764]","[0.07461849600076675, 0.052983760833740234, 0.02914537861943245, 0.02801842801272869, 0.02480955608189106]"
blur-strong,inpainted,896,152,356,0,0.06552321463823318,"[356, 126, 147, 201, 114]","[0.06552321463823318, 0.06367742270231247, 0.033698029816150665, 0.029860835522413254, 0.026158880442380905]"
blur-strong,inpainted,897,996,596,0,0.0997970774769783,"[596, 542, 489, 987, 313]","[0.0997970774769783, 0.08628756552934647, 0.04142624884843826, 0.04054265096783638, 0.03349772468209267]"
blur-strong,inpainted,898,898,532,0,0.22946883738040924,"[532, 230, 259, 260, 940]","[0.22946883738040924, 0.0956183597445488, 0.07070858031511307, 0.051623303443193436, 0.04422496631741524]"
blur-strong,inpainted,899,441,669,0,0.13655267655849457,"[669, 846, 831, 851, 747]","[0.13655267655849457, 0.1258656531572342, 0.09379266947507858, 0.07432684302330017, 0.04428698867559433]"
blur-strong,inpainted,900,953,700,0,0.17900626361370087,"[700, 846, 434, 549, 619]","[0.17900626361370087, 0.12363269925117493, 0.10454504191875458, 0.0665450245141983, 0.05816938355565071]"
blur-strong,inpainted,901,505,659,0,0.20914271473884583,"[659, 549, 798, 961, 876]","[0.20914271473884583, 0.18523241579532623, 0.06452319771051407, 0.03570953756570816, 0.03171132504940033]"
blur-strong,inpainted,902,773,506,0,0.06492152065038681,"[506, 673, 818, 79, 725]","[0.06492152065038681, 0.0489690862596035, 0.04315933957695961, 0.034023694694042206, 0.03358561173081398]"
blur-strong,inpainted,903,942,786,0,0.3057444989681244,"[786, 893, 440, 796, 492]","[0.3057444989681244, 0.055000562220811844, 0.053653255105018616, 0.030756572261452675, 0.0304586049169302]"
blur-strong,inpainted,904,891,84,0,0.10521674901247025,"[84, 434, 539, 893, 111]","[0.10521674901247025, 0.08945795148611069, 0.08421169966459274, 0.04693176597356796, 0.026783829554915428]"
blur-strong,inpainted,905,968,918,0,0.16345509886741638,"[918, 406, 857, 611, 721]","[0.16345509886741638, 0.09493603557348251, 0.09041917324066162, 0.04546500742435455, 0.04372143745422363]"
blur-strong,inpainted,906,942,849,0,0.11719189584255219,"[849, 27, 29, 745, 609]","[0.11719189584255219, 0.04934219643473625, 0.04470386356115341, 0.037025269120931625, 0.03209330886602402]"
blur-strong,inpainted,907,941,107,0,0.09084680676460266,"[107, 327, 6, 65, 552]","[0.09084680676460266, 0.08792486786842346, 0.04811635985970497, 0.04123534634709358, 0.03615337237715721]"
blur-strong,inpainted,908,418,493,0,0.5617601871490479,"[493, 825, 492, 500, 881]","[0.5617601871490479, 0.04242906719446182, 0.03401579335331917, 0.025712057948112488, 0.02267000451683998]"
blur-strong,inpainted,909,928,472,0,0.4503532648086548,"[472, 608, 144, 696, 816]","[0.4503532648086548, 0.04462896287441254, 0.03776393458247185, 0.03572234511375427, 0.028205765411257744]"
blur-strong,inpainted,910,934,814,0,0.236891970038414,"[814, 977, 408, 653, 978]","[0.236891970038414, 0.09542335569858551, 0.04168732091784477, 0.04116641357541084, 0.03325670212507248]"
blur-strong,inpainted,911,968,721,0,0.6369470953941345,"[721, 794, 588, 806, 411]","[0.6369470953941345, 0.05200313776731491, 0.04941004514694214, 0.020166315138339996, 0.018334273248910904]"
blur-strong,inpainted,912,923,853,0,0.3951707184314728,"[853, 425, 462, 816, 815]","[0.3951707184314728, 0.0660715326666832, 0.05615723505616188, 0.039665814489126205, 0.03393816202878952]"
blur-strong,inpainted,913,194,365,0,0.2739068567752838,"[365, 368, 344, 374, 84]","[0.2739068567752838, 0.09742877632379532, 0.07362239062786102, 0.04037495329976082, 0.034651413559913635]"
blur-strong,inpainted,914,927,516,0,0.42037826776504517,"[516, 520, 750, 831, 209]","[0.42037826776504517, 0.11296182125806808, 0.04667779058218002, 0.041463740170001984, 0.03961760923266411]"
blur-strong,inpainted,915,686,896,0,0.13124307990074158,"[896, 532, 831, 526, 620]","[0.13124307990074158, 0.07682079076766968, 0.04834800213575363, 0.0461796335875988, 0.03802912309765816]"
blur-strong,inpainted,916,737,660,0,0.15669304132461548,"[660, 536, 975, 472, 416]","[0.15669304132461548, 0.09057314693927765, 0.08674696087837219, 0.054582420736551285, 0.05327842757105827]"
blur-strong,inpainted,917,849,853,0,0.11158223450183868,"[853, 68, 67, 66, 330]","[0.11158223450183868, 0.09700111299753189, 0.07294769585132599, 0.0713634043931961, 0.046321477741003036]"
blur-strong,inpainted,918,855,620,0,0.0698021948337555,"[620, 736, 618, 918, 673]","[0.0698021948337555, 0.04915973171591759, 0.023482931777834892, 0.023145342245697975, 0.02298823371529579]"
blur-strong,inpainted,919,611,211,0,0.09026087075471878,"[211, 154, 168, 876, 943]","[0.09026087075471878, 0.06711860746145248, 0.050813883543014526, 0.049322184175252914, 0.040402937680482864]"
blur-strong,inpainted,920,545,794,0,0.26524385809898376,"[794, 753, 905, 854, 840]","[0.26524385809898376, 0.2444741576910019, 0.0641578659415245, 0.05679742991924286, 0.029296735301613808]"
blur-strong,inpainted,921,761,669,0,0.6273133158683777,"[669, 750, 808, 721, 806]","[0.6273133158683777, 0.1529618203639984, 0.019118012860417366, 0.014989580027759075, 0.013153359293937683]"
blur-strong,inpainted,922,521,186,0,0.12257213145494461,"[186, 263, 197, 811, 185]","[0.12257213145494461, 0.04920823499560356, 0.04204834625124931, 0.04150499776005745, 0.028864646330475807]"
blur-strong,inpainted,923,626,630,0,0.059094320982694626,"[630, 58, 51, 6, 440]","[0.059094320982694626, 0.047996290028095245, 0.04319604113698006, 0.037560880184173584, 0.03337546065449715]"
blur-strong,inpainted,924,441,845,0,0.2091151475906372,"[845, 591, 726, 419, 478]","[0.2091151475906372, 0.041859935969114304, 0.041677217930555344, 0.032965656369924545, 0.027055446058511734]"
blur-strong,inpainted,925,438,622,0,0.06938227266073227,"[622, 436, 673, 420, 618]","[0.06938227266073227, 0.06720218062400818, 0.06367400288581848, 0.04757862538099289, 0.04484456405043602]"
blur-strong,inpainted,926,426,556,0,0.12372598797082901,"[556, 904, 533, 446, 620]","[0.12372598797082901, 0.10544028878211975, 0.09340877830982208, 0.03790391609072685, 0.029833577573299408]"
blur-strong,inpainted,927,710,918,0,0.15444828569889069,"[918, 700, 522, 234, 525]","[0.15444828569889069, 0.07144038379192352, 0.06182343140244484, 0.03299064561724663, 0.02985893003642559]"
blur-strong,inpainted,928,613,549,0,0.34785211086273193,"[549, 700, 961, 619, 846]","[0.34785211086273193, 0.0976647287607193, 0.048487868160009384, 0.044363658875226974, 0.025472944602370262]"
blur-strong,inpainted,929,574,789,0,0.2333691269159317,"[789, 831, 840, 731, 553]","[0.2333691269159317, 0.06637092679738998, 0.05556180700659752, 0.04122835397720337, 0.04087629169225693]"
blur-strong,inpainted,930,882,617,0,0.22703099250793457,"[617, 876, 896, 700, 601]","[0.22703099250793457, 0.07345089316368103, 0.06874962151050568, 0.06149325892329216, 0.03055695630609989]"
blur-strong,inpainted,931,647,778,0,0.13279429078102112,"[778, 708, 539, 662, 893]","[0.13279429078102112, 0.11474242061376572, 0.08047924190759659, 0.07851408421993256, 0.07534613460302353]"
blur-strong,inpainted,932,737,912,0,0.21331705152988434,"[912, 839, 975, 449, 580]","[0.21331705152988434, 0.12890201807022095, 0.08272691071033478, 0.03159371390938759, 0.027666594833135605]"
blur-strong,inpainted,933,963,313,0,0.04426781088113785,"[313, 549, 419, 446, 474]","[0.04426781088113785, 0.0325704850256443, 0.028659114614129066, 0.02657482586801052, 0.019969142973423004]"
blur-strong,inpainted,934,662,978,0,0.3891095221042633,"[978, 975, 977, 283, 462]","[0.3891095221042633, 0.10717342793941498, 0.08819949626922607, 0.06386076658964157, 0.03463533893227577]"
blur-strong,inpainted,935,891,831,0,0.230942964553833,"[831, 700, 827, 789, 493]","[0.230942964553833, 0.10071559250354767, 0.07060256600379944, 0.04338139295578003, 0.042238760739564896]"
blur-strong,inpainted,936,891,534,0,0.1388382464647293,"[534, 526, 492, 868, 516]","[0.1388382464647293, 0.1322154551744461, 0.11430808901786804, 0.045146066695451736, 0.03833066299557686]"
blur-strong,inpainted,937,710,591,0,0.35556986927986145,"[591, 549, 474, 772, 721]","[0.35556986927986145, 0.06273350864648819, 0.03794919326901436, 0.032159797847270966, 0.028241897001862526]"
blur-strong,inpainted,938,188,896,0,0.23669561743736267,"[896, 435, 782, 480, 786]","[0.23669561743736267, 0.12353135645389557, 0.06271665543317795, 0.05321333557367325, 0.04307165369391441]"
blur-strong,inpainted,939,503,405,0,0.25663623213768005,"[405, 773, 419, 618, 968]","[0.25663623213768005, 0.0688125342130661, 0.049567874521017075, 0.04755712300539017, 0.03882363438606262]"
blur-strong,inpainted,940,849,908,0,0.18550202250480652,"[908, 968, 1, 883, 579]","[0.18550202250480652, 0.1168903261423111, 0.06029635667800903, 0.04970404505729675, 0.02671639248728752]"
blur-strong,inpainted,941,968,721,0,0.22745582461357117,"[721, 462, 894, 434, 556]","[0.22745582461357117, 0.06681056320667267, 0.060303885489702225, 0.0597609207034111, 0.04014075919985771]"
blur-strong,inpainted,942,438,729,0,0.09423375874757767,"[729, 904, 435, 648, 794]","[0.09423375874757767, 0.0705714300274849, 0.04442460462450981, 0.036076806485652924, 0.028576839715242386]"
blur-strong,inpainted,943,530,660,0,0.4335130751132965,"[660, 904, 831, 798, 846]","[0.4335130751132965, 0.06450581550598145, 0.05519190430641174, 0.02137076109647751, 0.019778018817305565]"
blur-strong,inpainted,944,613,216,0,0.0927492082118988,"[216, 961, 769, 750, 549]","[0.0927492082118988, 0.06701663136482239, 0.04484902694821358, 0.043008897453546524, 0.04058940336108208]"
blur-strong,inpainted,945,786,669,0,0.19661596417427063,"[669, 831, 799, 620, 681]","[0.19661596417427063, 0.14125271141529083, 0.06261735409498215, 0.05816652998328209, 0.05577583611011505]"
blur-strong,inpainted,946,466,807,0,0.1363232284784317,"[807, 534, 694, 835, 781]","[0.1363232284784317, 0.11732133477926254, 0.05660470202565193, 0.045805756002664566, 0.04487324878573418]"
blur-strong,inpainted,947,466,466,1,0.602846622467041,"[466, 547, 705, 421, 628]","[0.602846622467041, 0.08112748712301254, 0.052861642092466354, 0.04040053114295006, 0.02059183642268181]"
blur-strong,inpainted,948,466,900,0,0.46017342805862427,"[900, 839, 580, 872, 853]","[0.46017342805862427, 0.2325659990310669, 0.03897703438997269, 0.024256985634565353, 0.020744401961565018]"
blur-strong,inpainted,949,547,705,0,0.7857658267021179,"[705, 466, 547, 829, 421]","[0.7857658267021179, 0.1423744112253189, 0.049142129719257355, 0.013410734012722969, 0.0017740862676873803]"
blur-strong,inpainted,950,547,547,1,0.5799461603164673,"[547, 565, 820, 705, 634]","[0.5799461603164673, 0.15732407569885254, 0.1282159686088562, 0.052756600081920624, 0.02529129758477211]"
blur-strong,inpainted,951,547,958,0,0.13607123494148254,"[958, 888, 646, 912, 839]","[0.13607123494148254, 0.12867850065231323, 0.07794398814439774, 0.06545402109622955, 0.04183918610215187]"
blur-strong,inpainted,952,466,466,1,0.9953866600990295,"[466, 705, 839, 627, 525]","[0.9953866600990295, 0.0031088751275092363, 0.0007274250965565443, 0.0005568066844716668, 3.1499879696639255e-05]"
blur-strong,inpainted,953,466,466,1,0.5616490840911865,"[466, 705, 547, 829, 580]","[0.5616490840911865, 0.289348840713501, 0.1458507627248764, 0.0016702538123354316, 0.00019033876014873385]"
blur-strong,inpainted,954,829,833,0,0.3918475806713104,"[833, 888, 580, 705, 829]","[0.3918475806713104, 0.12570005655288696, 0.10593974590301514, 0.10014145076274872, 0.05319177359342575]"
blur-strong,inpainted,955,547,547,1,0.7347310185432434,"[547, 705, 660, 829, 525]","[0.7347310185432434, 0.09672794491052628, 0.058450158685445786, 0.014417142607271671, 0.008609008975327015]"
blur-strong,inpainted,956,829,829,1,0.6276289820671082,"[829, 874, 510, 733, 780]","[0.6276289820671082, 0.09642164409160614, 0.08233171701431274, 0.04314085468649864, 0.028484031558036804]"
blur-strong,inpainted,957,829,829,1,0.17414124310016632,"[829, 424, 562, 743, 483]","[0.17414124310016632, 0.1736314743757248, 0.09065139293670654, 0.07615413516759872, 0.07386787235736847]"
blur-strong,inpainted,958,829,628,0,0.40212687849998474,"[628, 874, 920, 538, 536]","[0.40212687849998474, 0.18182273209095, 0.10141947865486145, 0.06982114911079407, 0.0682511106133461]"
blur-strong,inpainted,959,820,839,0,0.5326367020606995,"[839, 547, 525, 705, 820]","[0.5326367020606995, 0.10810329765081406, 0.10472974926233292, 0.05586806684732437, 0.035895295441150665]"
blur-strong,inpainted,960,820,48,0,0.28151360154151917,"[48, 39, 853, 342, 294]","[0.28151360154151917, 0.09961643069982529, 0.07718843966722488, 0.05944603309035301, 0.054528169333934784]"
blur-strong,inpainted,961,829,489,0,0.10275804996490479,"[489, 733, 829, 743, 160]","[0.10275804996490479, 0.09260628372430801, 0.09090141952037811, 0.08566348254680634, 0.05931687355041504]"
blur-strong,inpainted,962,820,990,0,0.12109003216028214,"[990, 374, 979, 328, 716]","[0.12109003216028214, 0.06818756461143494, 0.06088144704699516, 0.040850527584552765, 0.03678536042571068]"
blur-strong,inpainted,963,829,829,1,0.6553977131843567,"[829, 547, 791, 698, 580]","[0.6553977131843567, 0.06769252568483353, 0.04461326822638512, 0.027939975261688232, 0.027915630489587784]"
blur-strong,inpainted,964,829,829,1,0.6438773274421692,"[829, 498, 682, 698, 554]","[0.6438773274421692, 0.07862995564937592, 0.0501503087580204, 0.03683308884501457, 0.016550708562135696]"
blur-strong,inpainted,965,829,900,0,0.1969524770975113,"[900, 497, 547, 829, 705]","[0.1969524770975113, 0.1794617474079132, 0.06599271297454834, 0.05701490864157677, 0.051888059824705124]"
blur-strong,inpainted,966,820,365,0,0.17951899766921997,"[365, 646, 297, 367, 366]","[0.17951899766921997, 0.17558903992176056, 0.07226875424385071, 0.06146256625652313, 0.04139917343854904]"
blur-strong,inpainted,967,829,497,0,0.4000382125377655,"[497, 698, 663, 406, 483]","[0.4000382125377655, 0.32941100001335144, 0.16420197486877441, 0.024678977206349373, 0.01357340719550848]"
blur-strong,inpainted,968,102,318,0,0.46501410007476807,"[318, 316, 27, 308, 314]","[0.46501410007476807, 0.16855530440807343, 0.08840163052082062, 0.057502929121255875, 0.05598374828696251]"
blur-strong,inpainted,969,850,753,0,0.17068888247013092,"[753, 608, 534, 626, 527]","[0.17068888247013092, 0.08582194894552231, 0.07569658756256104, 0.03494899719953537, 0.03287120535969734]"
blur-strong,inpainted,970,850,620,0,0.23795077204704285,"[620, 681, 736, 980, 425]","[0.23795077204704285, 0.12067282944917679, 0.10000886023044586, 0.09666299819946289, 0.0406440831720829]"
blur-strong,inpainted,971,539,626,0,0.3426985442638397,"[626, 418, 696, 629, 446]","[0.3426985442638397, 0.0854879841208458, 0.06177837401628494, 0.03449882194399834, 0.033979255706071854]"
blur-strong,inpainted,972,374,977,0,0.46388494968414307,"[977, 835, 646, 67, 458]","[0.46388494968414307, 0.08067841082811356, 0.05573934316635132, 0.04610147699713707, 0.03226490318775177]"
blur-strong,inpainted,973,601,706,0,0.5453953742980957,"[706, 750, 532, 831, 741]","[0.5453953742980957, 0.18212217092514038, 0.05726335570216179, 0.04561076685786247, 0.038346484303474426]"
blur-strong,inpainted,974,929,897,0,0.48748189210891724,"[897, 877, 831, 721, 999]","[0.48748189210891724, 0.08274859189987183, 0.07456986606121063, 0.06253940612077713, 0.06152902916073799]"
blur-strong,inpainted,975,203,634,0,0.12289655208587646,"[634, 328, 519, 858, 259]","[0.12289655208587646, 0.09365566819906235, 0.042338740080595016, 0.04130701720714569, 0.03675464168190956]"
blur-strong,inpainted,976,532,910,0,0.19484063982963562,"[910, 587, 338, 499, 40]","[0.19484063982963562, 0.11242407560348511, 0.04625735431909561, 0.04321741312742233, 0.03481825441122055]"
blur-strong,inpainted,977,153,977,0,0.48975270986557007,"[977, 48, 978, 876, 460]","[0.48975270986557007, 0.20533126592636108, 0.04414795711636543, 0.01994846574962139, 0.017730480059981346]"
blur-strong,inpainted,978,733,623,0,0.11174049973487854,"[623, 284, 285, 283, 831]","[0.11174049973487854, 0.0908060222864151, 0.06962106376886368, 0.06876233220100403, 0.04090259224176407]"
blur-strong,inpainted,979,363,623,0,0.18614721298217773,"[623, 539, 777, 646, 435]","[0.18614721298217773, 0.16224858164787292, 0.06000347062945366, 0.049886107444763184, 0.04085315018892288]"
blur-strong,inpainted,980,674,811,0,0.09625838696956635,"[811, 522, 706, 703, 539]","[0.09625838696956635, 0.05014072358608246, 0.027837831526994705, 0.02511228621006012, 0.021973758935928345]"
blur-strong,inpainted,981,778,70,0,0.35376933217048645,"[70, 549, 318, 314, 313]","[0.35376933217048645, 0.22219455242156982, 0.08079119771718979, 0.0750206708908081, 0.054056499153375626]"
blur-strong,inpainted,982,765,831,0,0.17681695520877838,"[831, 434, 893, 553, 539]","[0.17681695520877838, 0.13016048073768616, 0.05716199800372124, 0.044853575527668, 0.042111773043870926]"
blur-strong,inpainted,983,161,462,0,0.3394014537334442,"[462, 539, 876, 840, 502]","[0.3394014537334442, 0.08422467112541199, 0.04167058318853378, 0.028640320524573326, 0.02628042735159397]"
blur-strong,inpainted,984,539,458,0,0.3022751212120056,"[458, 646, 562, 489, 492]","[0.3022751212120056, 0.03400997444987297, 0.031084001064300537, 0.02548040822148323, 0.022090615704655647]"
blur-strong,inpainted,985,999,178,0,0.12946021556854248,"[178, 750, 180, 490, 171]","[0.12946021556854248, 0.06064218282699585, 0.047185640782117844, 0.03838624432682991, 0.033733345568180084]"
blur-strong,inpainted,986,715,48,0,0.4533374011516571,"[48, 150, 428, 706, 913]","[0.4533374011516571, 0.05174370855093002, 0.04866098612546921, 0.04592476040124893, 0.03325385972857475]"
blur-strong,inpainted,987,153,882,0,0.10030083358287811,"[882, 154, 155, 490, 811]","[0.10030083358287811, 0.08326205611228943, 0.06066074222326279, 0.05482274666428566, 0.0392802432179451]"
blur-strong,inpainted,988,161,141,0,0.12593361735343933,"[141, 58, 858, 998, 46]","[0.12593361735343933, 0.0508992075920105, 0.048473063856363297, 0.04343150183558464, 0.041989125311374664]"
blur-strong,inpainted,989,543,908,0,0.2479822337627411,"[908, 549, 749, 785, 879]","[0.2479822337627411, 0.11073500663042068, 0.08984868228435516, 0.05168834328651428, 0.042389653623104095]"
blur-strong,inpainted,990,161,630,0,0.39919769763946533,"[630, 515, 544, 750, 882]","[0.39919769763946533, 0.04880031943321228, 0.03130428120493889, 0.03083573654294014, 0.028959982097148895]"
blur-strong,inpainted,991,849,608,0,0.2782237231731415,"[608, 797, 434, 824, 913]","[0.2782237231731415, 0.25594213604927063, 0.03957710415124893, 0.0283798985183239, 0.02765597403049469]"
blur-strong,inpainted,992,422,422,1,0.23137712478637695,"[422, 806, 765, 208, 753]","[0.23137712478637695, 0.12062281370162964, 0.09572045505046844, 0.08168202638626099, 0.043638426810503006]"
blur-strong,inpainted,993,157,741,0,0.10303296893835068,"[741, 500, 344, 48, 462]","[0.10303296893835068, 0.05040257051587105, 0.032874755561351776, 0.030371399596333504, 0.029474332928657532]"
blur-strong,inpainted,994,193,975,0,0.16543975472450256,"[975, 646, 337, 757, 408]","[0.16543975472450256, 0.0963464081287384, 0.054563969373703, 0.04657217487692833, 0.041451841592788696]"
blur-strong,inpainted,995,728,425,0,0.07092920690774918,"[425, 884, 741, 655, 499]","[0.07092920690774918, 0.06491968035697937, 0.04836580157279968, 0.04323407635092735, 0.039996445178985596]"
blur-strong,inpainted,996,201,640,0,0.7327736616134644,"[640, 458, 815, 591, 904]","[0.7327736616134644, 0.1943264901638031, 0.015578493475914001, 0.009034973569214344, 0.005678355693817139]"
blur-strong,inpainted,997,174,539,0,0.276754230260849,"[539, 882, 630, 620, 618]","[0.276754230260849, 0.09017884731292725, 0.05735692381858826, 0.04920110106468201, 0.03688487038016319]"
blur-strong,inpainted,998,171,102,0,0.19972606003284454,"[102, 39, 40, 85, 46]","[0.19972606003284454, 0.08642610162496567, 0.07567610591650009, 0.05979659780859947, 0.05936519056558609]"
blur-strong,inpainted,999,161,750,0,0.16094374656677246,"[750, 882, 257, 630, 706]","[0.16094374656677246, 0.09699704498052597, 0.029361482709646225, 0.028847848996520042, 0.028641650453209877]"
blur-strong,inpainted,1000,882,853,0,0.37078234553337097,"[853, 741, 750, 842, 601]","[0.37078234553337097, 0.25939491391181946, 0.030133826658129692, 0.02320856600999832, 0.02290109544992447]"
blur-strong,inpainted,1001,199,750,0,0.06683596223592758,"[750, 435, 534, 882, 797]","[0.06683596223592758, 0.053867317736148834, 0.04401827231049538, 0.03288559243083, 0.03209356218576431]"
blur-strong,inpainted,1002,226,516,0,0.3239452540874481,"[516, 539, 492, 741, 588]","[0.3239452540874481, 0.10276021808385849, 0.06021023541688919, 0.034382157027721405, 0.02503923326730728]"
blur-strong,inpainted,1003,559,905,0,0.2923775613307953,"[905, 760, 881, 753, 492]","[0.2923775613307953, 0.14536873996257782, 0.09769559651613235, 0.06704506278038025, 0.057566188275814056]"
blur-strong,inpainted,1004,532,534,0,0.5895059704780579,"[534, 750, 876, 423, 831]","[0.5895059704780579, 0.03579845279455185, 0.03319484740495682, 0.021210670471191406, 0.020049195736646652]"
blur-strong,inpainted,1005,882,840,0,0.11105264723300934,"[840, 532, 421, 741, 588]","[0.11105264723300934, 0.10422088950872421, 0.047970306128263474, 0.041335124522447586, 0.027170680463314056]"
blur-strong,inpainted,1006,174,679,0,0.29107147455215454,"[679, 955, 490, 114, 223]","[0.29107147455215454, 0.13485725224018097, 0.11361514031887054, 0.06723500043153763, 0.02639900892972946]"
blur-strong,inpainted,1007,86,357,0,0.1544458568096161,"[357, 49, 331, 114, 330]","[0.1544458568096161, 0.09559208899736404, 0.07145638763904572, 0.03892079368233681, 0.033377282321453094]"
blur-strong,inpainted,1008,178,526,0,0.44005289673805237,"[526, 412, 756, 999, 651]","[0.44005289673805237, 0.04652343690395355, 0.036575671285390854, 0.036193154752254486, 0.03204481676220894]"
blur-strong,inpainted,1009,252,425,0,0.47268903255462646,"[425, 611, 803, 580, 483]","[0.47268903255462646, 0.10767508298158646, 0.09689328819513321, 0.01405591145157814, 0.011210240423679352]"
blur-strong,inpainted,1010,156,230,0,0.08939196914434433,"[230, 223, 977, 151, 249]","[0.08939196914434433, 0.04297077655792236, 0.039175406098365784, 0.03740978613495827, 0.036771100014448166]"
blur-strong,inpainted,1011,208,893,0,0.28946220874786377,"[893, 556, 608, 815, 446]","[0.28946220874786377, 0.1801399290561676, 0.09433208405971527, 0.028237832710146904, 0.026671631261706352]"
blur-strong,inpainted,1012,543,549,0,0.1678851842880249,"[549, 831, 534, 516, 736]","[0.1678851842880249, 0.16510245203971863, 0.06632605195045471, 0.04381756857037544, 0.0358252190053463]"
blur-strong,inpainted,1013,444,782,0,0.1698618233203888,"[782, 564, 579, 857, 598]","[0.1698618233203888, 0.13176700472831726, 0.06424781680107117, 0.05919570475816727, 0.054729800671339035]"
blur-strong,inpainted,1014,823,669,0,0.4187556207180023,"[669, 794, 999, 894, 700]","[0.4187556207180023, 0.20210959017276764, 0.11422688513994217, 0.03125729784369469, 0.02166641689836979]"
blur-strong,inpainted,1015,841,706,0,0.5006597638130188,"[706, 87, 199, 341, 235]","[0.5006597638130188, 0.0572928786277771, 0.035399094223976135, 0.030412467196583748, 0.026764249429106712]"
blur-strong,inpainted,1016,581,450,0,0.23575404286384583,"[450, 39, 0, 706, 471]","[0.23575404286384583, 0.08529892563819885, 0.07998424768447876, 0.056893665343523026, 0.043228231370449066]"
blur-strong,inpainted,1017,601,406,0,0.26713940501213074,"[406, 646, 197, 985, 187]","[0.26713940501213074, 0.1857503354549408, 0.06458057463169098, 0.024483073502779007, 0.023212581872940063]"
blur-strong,inpainted,1018,857,556,0,0.1651793271303177,"[556, 857, 789, 648, 905]","[0.1651793271303177, 0.14519058167934418, 0.13823248445987701, 0.09287350624799728, 0.08458446711301804]"
blur-strong,inpainted,1019,822,876,0,0.46267834305763245,"[876, 435, 423, 669, 414]","[0.46267834305763245, 0.11916732788085938, 0.07374407351016998, 0.04702480137348175, 0.027639683336019516]"
blur-strong,inpainted,1020,543,743,0,0.24056780338287354,"[743, 561, 449, 660, 698]","[0.24056780338287354, 0.14823807775974274, 0.08217255771160126, 0.06131616234779358, 0.04050915315747261]"
blur-strong,inpainted,1021,559,663,0,0.5554048418998718,"[663, 698, 799, 708, 495]","[0.5554048418998718, 0.05738738924264908, 0.053609561175107956, 0.03623981401324272, 0.034713663160800934]"
blur-strong,inpainted,1022,863,579,0,0.3780335485935211,"[579, 466, 876, 547, 920]","[0.3780335485935211, 0.10320649296045303, 0.08414524048566818, 0.04116443544626236, 0.03685560077428818]"
blur-strong,inpainted,1023,486,344,0,0.07804866135120392,"[344, 435, 532, 971, 831]","[0.07804866135120392, 0.04999959096312523, 0.0343497171998024, 0.0321870781481266, 0.025987455621361732]"
blur-strong,inpainted,1024,450,466,0,0.39848223328590393,"[466, 736, 681, 579, 764]","[0.39848223328590393, 0.2203916758298874, 0.09373929351568222, 0.022017119452357292, 0.021410685032606125]"
blur-strong,inpainted,1025,615,877,0,0.1343747079372406,"[877, 648, 423, 743, 760]","[0.1343747079372406, 0.06178345903754234, 0.04440527409315109, 0.036677610129117966, 0.03239808231592178]"
blur-strong,inpainted,1026,579,854,0,0.9597615599632263,"[854, 619, 542, 699, 846]","[0.9597615599632263, 0.006317290011793375, 0.005776255391538143, 0.005305520724505186, 0.002298628445714712]"
blur-strong,inpainted,1027,790,538,0,0.4508579969406128,"[538, 507, 513, 884, 860]","[0.4508579969406128, 0.04867984727025032, 0.04422394558787346, 0.042044930160045624, 0.038635652512311935]"
blur-strong,inpainted,1028,160,736,0,0.28583449125289917,"[736, 440, 819, 738, 522]","[0.28583449125289917, 0.11283683031797409, 0.06632626801729202, 0.0486241914331913, 0.025497648864984512]"
blur-strong,inpainted,1029,422,422,1,0.12196087092161179,"[422, 675, 523, 753, 401]","[0.12196087092161179, 0.11328143626451492, 0.08050857484340668, 0.07448645681142807, 0.056129153817892075]"
blur-strong,inpainted,1030,882,421,0,0.4432947337627411,"[421, 657, 557, 559, 744]","[0.4432947337627411, 0.161482036113739, 0.09615553915500641, 0.049812428653240204, 0.03792140260338783]"
blur-strong,inpainted,1031,608,706,0,0.6452139019966125,"[706, 707, 799, 579, 421]","[0.6452139019966125, 0.03640884533524513, 0.03000951185822487, 0.02799307554960251, 0.023542899638414383]"
blur-strong,inpainted,1032,489,857,0,0.6940509676933289,"[857, 497, 406, 741, 800]","[0.6940509676933289, 0.0442560650408268, 0.03933277353644371, 0.031045636162161827, 0.01916326768696308]"
blur-strong,inpainted,1033,212,549,0,0.2173440158367157,"[549, 416, 488, 134, 975]","[0.2173440158367157, 0.08801648020744324, 0.08642832934856415, 0.06896162778139114, 0.0231623537838459]"
blur-strong,inpainted,1034,145,979,0,0.13271941244602203,"[979, 825, 48, 970, 391]","[0.13271941244602203, 0.10213791579008102, 0.07818685472011566, 0.06925465911626816, 0.06838497519493103]"
blur-strong,inpainted,1035,103,777,0,0.6879931688308716,"[777, 587, 798, 729, 623]","[0.6879931688308716, 0.04464149847626686, 0.044484976679086685, 0.04276838153600693, 0.034420955926179886]"
blur-strong,inpainted,1036,148,148,1,0.715377151966095,"[148, 977, 978, 975, 472]","[0.715377151966095, 0.11141152679920197, 0.08694099634885788, 0.027248643338680267, 0.004741182085126638]"
blur-strong,inpainted,1037,149,977,0,0.2893426716327667,"[977, 147, 149, 6, 913]","[0.2893426716327667, 0.08566217869520187, 0.06861743330955505, 0.0629868432879448, 0.0486719012260437]"
blur-strong,inpainted,1038,103,395,0,0.2742362916469574,"[395, 50, 103, 390, 469]","[0.2742362916469574, 0.19573436677455902, 0.11229417473077774, 0.05887201055884361, 0.0480886735022068]"
blur-strong,inpainted,1039,148,148,1,0.4091877341270447,"[148, 150, 3, 460, 84]","[0.4091877341270447, 0.1828315705060959, 0.07047521322965622, 0.03380908444523811, 0.021764785051345825]"
blur-strong,inpainted,1040,148,562,0,0.9068249464035034,"[562, 148, 150, 608, 669]","[0.9068249464035034, 0.033477526158094406, 0.005005031358450651, 0.0034035183489322662, 0.002568690339103341]"
blur-strong,inpainted,1041,148,6,0,0.17384672164916992,"[6, 148, 150, 913, 2]","[0.17384672164916992, 0.1630462259054184, 0.15165886282920837, 0.07905979454517365, 0.04893827065825462]"
blur-strong,inpainted,1042,983,6,0,0.35041940212249756,"[6, 149, 3, 4, 5]","[0.35041940212249756, 0.2374744862318039, 0.12400795519351959, 0.06171276047825813, 0.04936540871858597]"
blur-strong,inpainted,1043,842,977,0,0.11354383081197739,"[977, 693, 879, 979, 672]","[0.11354383081197739, 0.11324449628591537, 0.09241362661123276, 0.07164452970027924, 0.051713977009058]"
blur-strong,inpainted,1044,1,824,0,0.2777712345123291,"[824, 980, 658, 1, 309]","[0.2777712345123291, 0.08606601506471634, 0.047440774738788605, 0.04515974596142769, 0.04494059458374977]"
blur-strong,inpainted,1045,36,65,0,0.13604815304279327,"[65, 5, 358, 489, 390]","[0.13604815304279327, 0.075416699051857, 0.04583048075437546, 0.04464637115597725, 0.041734542697668076]"
blur-strong,inpainted,1046,155,562,0,0.4223751127719879,"[562, 472, 975, 150, 344]","[0.4223751127719879, 0.2832551598548889, 0.030474821105599403, 0.015673866495490074, 0.010506230406463146]"
blur-strong,inpainted,1047,148,148,1,0.7997854948043823,"[148, 814, 977, 460, 484]","[0.7997854948043823, 0.0782635435461998, 0.025849420577287674, 0.010682896710932255, 0.008787460625171661]"
blur-strong,inpainted,1048,148,3,0,0.29600989818573,"[3, 983, 2, 913, 149]","[0.29600989818573, 0.23171859979629517, 0.06748922169208527, 0.055857762694358826, 0.038837678730487823]"
blur-strong,inpainted,1049,822,706,0,0.1997891515493393,"[706, 736, 583, 184, 646]","[0.1997891515493393, 0.10722015053033829, 0.07254989445209503, 0.028706394135951996, 0.022130781784653664]"
blur-strong,inpainted,1050,842,462,0,0.06484591960906982,"[462, 765, 694, 513, 814]","[0.06484591960906982, 0.05020065978169441, 0.04970560595393181, 0.03198099881410599, 0.02960442751646042]"
blur-strong,inpainted,1051,150,706,0,0.07412700355052948,"[706, 472, 876, 703, 914]","[0.07412700355052948, 0.07298918813467026, 0.06680707633495331, 0.061524782329797745, 0.04794544354081154]"
blur-strong,inpainted,1052,148,148,1,0.3072112798690796,"[148, 977, 433, 150, 460]","[0.3072112798690796, 0.1198456659913063, 0.07811152189970016, 0.05948081240057945, 0.04816388711333275]"
blur-strong,inpainted,1053,420,614,0,0.18930116295814514,"[614, 376, 652, 887, 354]","[0.18930116295814514, 0.10274533182382584, 0.09603439271450043, 0.045767392963171005, 0.04281649366021156]"
blur-strong,inpainted,1054,932,204,0,0.062364835292100906,"[204, 910, 735, 961, 202]","[0.062364835292100906, 0.06236013397574425, 0.05941202864050865, 0.03851045295596123, 0.03128395974636078]"
blur-strong,inpainted,1055,862,424,0,0.598692774772644,"[424, 698, 401, 699, 624]","[0.598692774772644, 0.05110945180058479, 0.048747628927230835, 0.045897744596004486, 0.025166105479002]"
blur-strong,inpainted,1056,964,785,0,0.27940407395362854,"[785, 490, 824, 955, 610]","[0.27940407395362854, 0.22023609280586243, 0.053809694945812225, 0.04936720430850983, 0.04582247883081436]"
blur-strong,inpainted,1057,76,0,0,0.18780849874019623,"[0, 514, 33, 53, 774]","[0.18780849874019623, 0.0803675726056099, 0.05550719425082207, 0.048991747200489044, 0.04852091148495674]"
blur-strong,inpainted,1058,563,911,0,0.10233695805072784,"[911, 529, 333, 987, 953]","[0.10233695805072784, 0.06889922171831131, 0.05901012569665909, 0.055187590420246124, 0.05408405512571335]"
blur-strong,inpainted,1059,329,112,0,0.1392725557088852,"[112, 341, 150, 44, 333]","[0.1392725557088852, 0.07156144827604294, 0.05829676613211632, 0.053806230425834656, 0.03396612033247948]"
blur-strong,inpainted,1060,928,171,0,0.13132452964782715,"[171, 420, 594, 620, 813]","[0.13132452964782715, 0.12338351458311081, 0.07022923231124878, 0.04605774208903313, 0.03674761578440666]"
blur-strong,inpainted,1061,420,796,0,0.08939919620752335,"[796, 202, 850, 204, 153]","[0.08939919620752335, 0.08049815893173218, 0.057205285876989365, 0.05449318140745163, 0.04780846834182739]"
blur-strong,inpainted,1062,45,655,0,0.129301518201828,"[655, 608, 514, 430, 739]","[0.129301518201828, 0.0902179479598999, 0.06817688792943954, 0.062225960195064545, 0.05134648457169533]"
blur-strong,inpainted,1063,963,793,0,0.17869950830936432,"[793, 903, 611, 641, 255]","[0.17869950830936432, 0.09583547711372375, 0.09023980051279068, 0.05162113532423973, 0.04959758743643761]"
blur-strong,inpainted,1064,17,173,0,0.09504808485507965,"[173, 129, 349, 109, 335]","[0.09504808485507965, 0.053019680082798004, 0.04285137727856636, 0.040754158049821854, 0.02457686886191368]"
blur-strong,inpainted,1065,420,841,0,0.12480613589286804,"[841, 459, 610, 776, 501]","[0.12480613589286804, 0.05347055569291115, 0.0397835299372673, 0.033189766108989716, 0.02832561917603016]"
blur-strong,inpainted,1066,737,433,0,0.11087965220212936,"[433, 929, 890, 879, 793]","[0.11087965220212936, 0.080867700278759, 0.06497233361005783, 0.046677201986312866, 0.0454375334084034]"
blur-strong,inpainted,1067,420,490,0,0.36244726181030273,"[490, 399, 402, 678, 785]","[0.36244726181030273, 0.05056685581803322, 0.044175710529088974, 0.0335545539855957, 0.031394027173519135]"
blur-strong,inpainted,1068,513,445,0,0.6830880045890808,"[445, 639, 842, 638, 112]","[0.6830880045890808, 0.05470927059650421, 0.02449369616806507, 0.02362138032913208, 0.01669321395456791]"
blur-strong,inpainted,1069,27,29,0,0.05402188375592232,"[29, 876, 341, 37, 529]","[0.05402188375592232, 0.053962260484695435, 0.04970937594771385, 0.043916258960962296, 0.04097459837794304]"
blur-strong,inpainted,1070,420,434,0,0.6553142666816711,"[434, 955, 588, 669, 529]","[0.6553142666816711, 0.06948584318161011, 0.03271918743848801, 0.02433590032160282, 0.02290528453886509]"
blur-strong,inpainted,1071,186,669,0,0.2698924243450165,"[669, 721, 282, 285, 283]","[0.2698924243450165, 0.13303251564502716, 0.05121621489524841, 0.04477111995220184, 0.042105209082365036]"
blur-strong,inpainted,1072,305,376,0,0.41537195444107056,"[376, 130, 982, 993, 434]","[0.41537195444107056, 0.09131118655204773, 0.05176182836294174, 0.044203486293554306, 0.033776987344026566]"
blur-strong,inpainted,1073,27,313,0,0.14337307214736938,"[313, 666, 125, 32, 41]","[0.14337307214736938, 0.08108724653720856, 0.046960100531578064, 0.04136374220252037, 0.02511798031628132]"
blur-strong,inpainted,1074,681,594,0,0.9943704009056091,"[594, 501, 824, 840, 794]","[0.9943704009056091, 0.002074740594252944, 0.0004733368114102632, 0.0003382427676115185, 0.0002344767563045025]"
blur-strong,inpainted,1075,790,736,0,0.07367292791604996,"[736, 532, 876, 655, 879]","[0.07367292791604996, 0.0708107128739357, 0.06009182706475258, 0.055070098489522934, 0.05031067132949829]"
blur-strong,inpainted,1076,679,419,0,0.24432119727134705,"[419, 785, 457, 678, 245]","[0.24432119727134705, 0.18013587594032288, 0.07631848752498627, 0.07192647457122803, 0.03667421266436577]"
blur-strong,inpainted,1077,441,834,0,0.3136662542819977,"[834, 515, 399, 903, 841]","[0.3136662542819977, 0.14769072830677032, 0.08614911884069443, 0.08589817583560944, 0.02862301655113697]"
blur-strong,inpainted,1078,929,955,0,0.6844974160194397,"[955, 850, 788, 415, 634]","[0.6844974160194397, 0.08954084664583206, 0.032727938145399094, 0.026048503816127777, 0.014007747173309326]"
blur-strong,inpainted,1079,87,630,0,0.06770137697458267,"[630, 238, 241, 399, 195]","[0.06770137697458267, 0.04960574582219124, 0.03741757199168205, 0.03646446764469147, 0.034529346972703934]"
blur-strong,inpainted,1080,268,39,0,0.09279116988182068,"[39, 845, 363, 434, 338]","[0.09279116988182068, 0.08731258660554886, 0.07584048062562943, 0.060793548822402954, 0.055329304188489914]"
blur-strong,inpainted,1081,882,386,0,0.15454266965389252,"[386, 202, 797, 806, 850]","[0.15454266965389252, 0.13227687776088715, 0.0552796870470047, 0.05344163253903389, 0.03535405546426773]"
blur-strong,inpainted,1082,320,29,0,0.3088759779930115,"[29, 638, 940, 998, 929]","[0.3088759779930115, 0.05301029980182648, 0.0483897440135479, 0.03961995244026184, 0.03837432339787483]"
blur-strong,inpainted,1083,621,706,0,0.2899104356765747,"[706, 646, 835, 522, 880]","[0.2899104356765747, 0.2399543821811676, 0.18110428750514984, 0.024417877197265625, 0.016813863068819046]"
blur-strong,inpainted,1084,202,331,0,0.13531970977783203,"[331, 330, 522, 14, 86]","[0.13531970977783203, 0.10245852172374725, 0.08605685830116272, 0.07045579701662064, 0.05790889635682106]"
blur-strong,inpainted,1085,430,84,0,0.4978494644165039,"[84, 489, 48, 539, 791]","[0.4978494644165039, 0.05866410583257675, 0.04197089374065399, 0.026397589594125748, 0.024947596713900566]"
blur-strong,inpainted,1086,157,81,0,0.055367980152368546,"[81, 84, 522, 86, 992]","[0.055367980152368546, 0.05237720161676407, 0.04758778214454651, 0.04271279647946358, 0.03548421710729599]"
blur-strong,inpainted,1087,733,386,0,0.26316797733306885,"[386, 385, 955, 853, 381]","[0.26316797733306885, 0.08579953014850616, 0.027764644473791122, 0.026554130017757416, 0.020219452679157257]"
blur-strong,inpainted,1088,765,703,0,0.15878409147262573,"[703, 472, 646, 458, 159]","[0.15878409147262573, 0.10095646232366562, 0.036157432943582535, 0.034833747893571854, 0.02759847231209278]"
blur-strong,inpainted,1089,231,0,0,0.1632983386516571,"[0, 649, 329, 346, 646]","[0.1632983386516571, 0.09491267055273056, 0.07571414113044739, 0.0587180033326149, 0.04520173370838165]"
blur-strong,inpainted,1090,602,9,0,0.16466720402240753,"[9, 274, 104, 331, 293]","[0.16466720402240753, 0.07315214723348618, 0.07246625423431396, 0.07129495590925217, 0.06936455518007278]"
blur-strong,inpainted,1091,208,489,0,0.42599549889564514,"[489, 608, 313, 843, 381]","[0.42599549889564514, 0.07646293193101883, 0.04773988574743271, 0.03357551246881485, 0.024325894191861153]"
blur-strong,inpainted,1092,792,984,0,0.1512189656496048,"[984, 706, 646, 738, 387]","[0.1512189656496048, 0.08168938755989075, 0.07852815836668015, 0.06539737433195114, 0.032449036836624146]"
blur-strong,inpainted,1093,621,472,0,0.20382651686668396,"[472, 975, 706, 646, 347]","[0.20382651686668396, 0.09006400406360626, 0.033481400460004807, 0.029377998784184456, 0.02925443835556507]"
blur-strong,inpainted,1094,765,814,0,0.6038478016853333,"[814, 511, 581, 717, 436]","[0.6038478016853333, 0.12708863615989685, 0.046737074851989746, 0.03924147039651871, 0.025147249922156334]"
blur-strong,inpainted,1095,177,649,0,0.29303306341171265,"[649, 645, 251, 160, 216]","[0.29303306341171265, 0.041980113834142685, 0.037984449416399, 0.024103011935949326, 0.024025510996580124]"
blur-strong,inpainted,1096,199,48,0,0.6863162517547607,"[48, 360, 344, 40, 298]","[0.6863162517547607, 0.12851400673389435, 0.03365680202841759, 0.020824193954467773, 0.015517995692789555]"
blur-strong,inpainted,1097,645,853,0,0.21866866946220398,"[853, 517, 682, 483, 972]","[0.21866866946220398, 0.202048659324646, 0.06905978918075562, 0.0630873590707779, 0.049326200038194656]"
blur-strong,inpainted,1098,199,703,0,0.2927752137184143,"[703, 912, 410, 815, 565]","[0.2927752137184143, 0.17880237102508545, 0.16075484454631805, 0.0399073101580143, 0.015414285473525524]"
blur-strong,inpainted,1099,170,489,0,0.42198553681373596,"[489, 49, 474, 443, 50]","[0.42198553681373596, 0.08540953695774078, 0.07703793048858643, 0.06606166064739227, 0.05574547499418259]"
blur-strong,inpainted,1100,880,429,0,0.3620207607746124,"[429, 703, 912, 353, 880]","[0.3620207607746124, 0.07846365123987198, 0.06713790446519852, 0.03699482977390289, 0.0352257564663887]"
blur-strong,inpainted,1101,188,649,0,0.7752614617347717,"[649, 104, 425, 343, 706]","[0.7752614617347717, 0.0934322327375412, 0.018042894080281258, 0.010787547565996647, 0.0050286040641367435]"
blur-strong,inpainted,1102,621,511,0,0.20806936919689178,"[511, 581, 479, 656, 717]","[0.20806936919689178, 0.1085667833685875, 0.10197895020246506, 0.08675102144479752, 0.08153624832630157]"
blur-strong,inpainted,1103,170,646,0,0.07696543633937836,"[646, 768, 977, 198, 225]","[0.07696543633937836, 0.06169483810663223, 0.04708965867757797, 0.03656602278351784, 0.029788827523589134]"
blur-strong,inpainted,1104,250,646,0,0.2603991627693176,"[646, 363, 286, 274, 277]","[0.2603991627693176, 0.0373787060379982, 0.029383420944213867, 0.023731036111712456, 0.02354566380381584]"
blur-strong,inpainted,1105,354,912,0,0.9081611037254333,"[912, 706, 730, 703, 835]","[0.9081611037254333, 0.0113626504316926, 0.011286295019090176, 0.00807145331054926, 0.005620854906737804]"
blur-strong,inpainted,1106,522,346,0,0.07817338407039642,"[346, 294, 646, 274, 101]","[0.07817338407039642, 0.07125802338123322, 0.06031980365514755, 0.05958664417266846, 0.05483383312821388]"
blur-strong,inpainted,1107,267,580,0,0.06667819619178772,"[580, 110, 671, 428, 116]","[0.06667819619178772, 0.05535835400223732, 0.050831303000450134, 0.042811084538698196, 0.042130641639232635]"
blur-strong,inpainted,1108,945,955,0,0.41313281655311584,"[955, 109, 39, 293, 646]","[0.41313281655311584, 0.12539029121398926, 0.03148004785180092, 0.028070319443941116, 0.02625460736453533]"
blur-strong,inpainted,1109,340,792,0,0.09559691697359085,"[792, 525, 912, 646, 706]","[0.09559691697359085, 0.09287998080253601, 0.08201351761817932, 0.06382482498884201, 0.06137955188751221]"
blur-strong,inpainted,1110,772,483,0,0.6387269496917725,"[483, 853, 562, 671, 900]","[0.6387269496917725, 0.09315796941518784, 0.024214722216129303, 0.02235102467238903, 0.016717299818992615]"
blur-strong,inpainted,1111,137,14,0,0.13192464411258698,"[14, 955, 18, 429, 131]","[0.13192464411258698, 0.0654662624001503, 0.05615251883864403, 0.05242275074124336, 0.04780104383826256]"
blur-strong,inpainted,1112,212,646,0,0.38454878330230713,"[646, 522, 912, 231, 979]","[0.38454878330230713, 0.12735889852046967, 0.026990989223122597, 0.01549869030714035, 0.013402609154582024]"
blur-strong,inpainted,1113,727,386,0,0.07547006011009216,"[386, 248, 101, 346, 249]","[0.07547006011009216, 0.07190197706222534, 0.039369698613882065, 0.03711405768990517, 0.036267127841711044]"
blur-strong,inpainted,1114,491,48,0,0.18581591546535492,"[48, 458, 646, 522, 621]","[0.18581591546535492, 0.13989585638046265, 0.049802016466856, 0.040074389427900314, 0.03521595522761345]"
blur-strong,inpainted,1115,707,888,0,0.28522735834121704,"[888, 649, 821, 799, 839]","[0.28522735834121704, 0.059045299887657166, 0.04736809432506561, 0.04502475634217262, 0.04375901818275452]"
blur-strong,inpainted,1116,929,703,0,0.14370596408843994,"[703, 835, 48, 372, 853]","[0.14370596408843994, 0.1060926765203476, 0.10055483132600784, 0.0630350410938263, 0.05844099447131157]"
blur-strong,inpainted,1117,645,853,0,0.27620023488998413,"[853, 645, 449, 386, 915]","[0.27620023488998413, 0.24129173159599304, 0.11464466154575348, 0.027414556592702866, 0.025733118876814842]"
blur-strong,inpainted,1118,198,769,0,0.3256167471408844,"[769, 798, 984, 716, 539]","[0.3256167471408844, 0.1803225427865982, 0.1106686145067215, 0.08206236362457275, 0.06732078641653061]"
blur-strong,inpainted,1119,170,843,0,0.06428901106119156,"[843, 608, 9, 706, 489]","[0.06428901106119156, 0.06336350739002228, 0.0618155263364315, 0.05813389644026756, 0.03828135132789612]"
blur-strong,inpainted,1120,645,645,1,0.28240421414375305,"[645, 497, 580, 483, 863]","[0.28240421414375305, 0.18978536128997803, 0.11674242466688156, 0.1058724969625473, 0.05531333386898041]"
blur-strong,inpainted,1121,181,366,0,0.14799267053604126,"[366, 295, 329, 815, 110]","[0.14799267053604126, 0.09724534302949905, 0.0937727689743042, 0.06046357750892639, 0.050345584750175476]"
blur-strong,inpainted,1122,267,839,0,0.11773903667926788,"[839, 9, 912, 489, 888]","[0.11773903667926788, 0.05404553934931755, 0.05059601739048958, 0.035827651619911194, 0.035703036934137344]"
blur-strong,inpainted,1123,340,646,0,0.8617606163024902,"[646, 912, 741, 703, 825]","[0.8617606163024902, 0.027631619945168495, 0.02624913491308689, 0.006684232037514448, 0.006029429845511913]"
blur-strong,inpainted,1124,735,835,0,0.17696218192577362,"[835, 706, 40, 704, 208]","[0.17696218192577362, 0.07161015272140503, 0.07088340073823929, 0.04268120974302292, 0.036035291850566864]"
blur-strong,inpainted,1125,361,50,0,0.198490709066391,"[50, 81, 49, 979, 280]","[0.198490709066391, 0.10767696797847748, 0.08287765085697174, 0.06887277960777283, 0.06586411595344543]"
blur-strong,inpainted,1126,200,706,0,0.18722903728485107,"[706, 703, 984, 912, 646]","[0.18722903728485107, 0.059337832033634186, 0.05408588796854019, 0.05338556692004204, 0.04912041127681732]"
blur-strong,inpainted,1127,912,912,1,0.895453155040741,"[912, 777, 410, 703, 523]","[0.895453155040741, 0.015075888484716415, 0.010454920120537281, 0.00864018127322197, 0.0076747615821659565]"
blur-strong,inpainted,1128,160,984,0,0.13516946136951447,"[984, 913, 510, 404, 975]","[0.13516946136951447, 0.06905755400657654, 0.06865385174751282, 0.05455389991402626, 0.05310964211821556]"
blur-strong,inpainted,1129,188,815,0,0.0918133556842804,"[815, 984, 979, 132, 352]","[0.0918133556842804, 0.06582067906856537, 0.055877797305583954, 0.05036912113428116, 0.047127045691013336]"
blur-strong,inpainted,1130,872,621,0,0.0729227289557457,"[621, 756, 805, 609, 704]","[0.0729227289557457, 0.05388229340314865, 0.03780891001224518, 0.033997755497694016, 0.030391987413167953]"
blur-strong,inpainted,1131,338,580,0,0.17187771201133728,"[580, 70, 489, 815, 646]","[0.17187771201133728, 0.04078579321503639, 0.03836026415228844, 0.034430745989084244, 0.03230855613946915]"
blur-strong,inpainted,1132,191,328,0,0.2272346019744873,"[328, 65, 327, 329, 108]","[0.2272346019744873, 0.04891790449619293, 0.04594333469867706, 0.03882398083806038, 0.0358646996319294]"
blur-strong,inpainted,1133,226,562,0,0.06264606863260269,"[562, 904, 791, 64, 709]","[0.06264606863260269, 0.059155914932489395, 0.05141643434762955, 0.030122853815555573, 0.024648215621709824]"
blur-strong,inpainted,1134,953,130,0,0.32174205780029297,"[130, 102, 135, 843, 88]","[0.32174205780029297, 0.05345691367983818, 0.04245561361312866, 0.04134446382522583, 0.029386403039097786]"
blur-strong,inpainted,1135,544,410,0,0.1873711198568344,"[410, 231, 912, 170, 522]","[0.1873711198568344, 0.14202512800693512, 0.0362907238304615, 0.031685467809438705, 0.027185240760445595]"
blur-strong,inpainted,1136,757,853,0,0.26413601636886597,"[853, 660, 425, 863, 825]","[0.26413601636886597, 0.14401119947433472, 0.08495161682367325, 0.04815332219004631, 0.04089974984526634]"
